2026-05-13 09:26:13,498 [INFO] Activator:176 - 


2026-05-13 09:26:13,509 [INFO] Activator:177 - !SESSION log4j initialized
2026-05-13 09:26:25,410 [INFO] LogOutputStream:77 - [STDOUT_REDIRECT] 
2026-05-13 09:26:28,444 [INFO] ApplicationProperties:184 - Using Application install path: C:\ST\STM32CubeIDE_1.18.0\STM32CubeIDE\plugins\com.st.stm32cube.common.mx_6.14.0.202502271554
2026-05-13 09:26:28,507 [INFO] DbMcusXml:78 - Set database path to: C:\ST\STM32CubeIDE_1.18.0\STM32CubeIDE\plugins\com.st.stm32cube.common.mx_6.14.0.202502271554\\db\/mcu/
2026-05-13 09:26:28,508 [INFO] ApiDb:274 - Set plugin database path to: C:\ST\STM32CubeIDE_1.18.0\STM32CubeIDE\plugins\com.st.stm32cube.common.mx_6.14.0.202502271554\\db\/plugins/boardmanager/
2026-05-13 09:26:28,510 [WARN] ApiDb:259 - Overriding images path with different value:  => C:\ST\STM32CubeIDE_1.18.0\STM32CubeIDE\plugins\com.st.stm32cube.common.mx_6.14.0.202502271554\\db\/plugins/mcufinder/images/
2026-05-13 09:26:28,548 [INFO] ApiDb:250 - Set database path to: C:\Users\hp\.stmcufinder\plugins\mcufinder//mcu/
2026-05-13 09:26:28,551 [INFO] DbMcusAds:125 - Set database path to: C:\Users\hp\.stmcufinder\plugins\mcufinder//mcu/
2026-05-13 09:26:28,560 [INFO] CrossReferenceDbSqlite:203 - Set database path to: C:\Users\hp\.stmcufinder\plugins\mcufinder//mcu/cs/
2026-05-13 09:26:28,906 [INFO] RulesReader:64 - Compatibility file has been processed (301 Rules)
2026-05-13 09:26:29,154 [INFO] DbMcusXml:78 - Set database path to: C:\ST\STM32CubeIDE_1.18.0\STM32CubeIDE\plugins\com.st.stm32cube.common.mx_6.14.0.202502271554\\db\/mcu/
2026-05-13 09:26:29,154 [INFO] ApiDb:274 - Set plugin database path to: C:\ST\STM32CubeIDE_1.18.0\STM32CubeIDE\plugins\com.st.stm32cube.common.mx_6.14.0.202502271554\\db\/plugins/boardmanager/
2026-05-13 09:26:29,155 [INFO] ApiDb:261 - Set plugin images path to: C:\ST\STM32CubeIDE_1.18.0\STM32CubeIDE\plugins\com.st.stm32cube.common.mx_6.14.0.202502271554\\db\/plugins/mcufinder/images/
2026-05-13 09:26:29,155 [WARN] DbFile:41 - Overriding database path with different value: C:\Users\hp\.stmcufinder\plugins\mcufinder/ => C:\Users\hp\.stmcufinder\plugins\mcufinder
2026-05-13 09:26:29,156 [INFO] ApiDb:250 - Set database path to: C:\Users\hp\.stmcufinder\plugins\mcufinder//mcu/
2026-05-13 09:26:29,156 [WARN] DbFile:41 - Overriding database path with different value: C:\Users\hp\.stmcufinder\plugins\mcufinder/ => C:\Users\hp\.stmcufinder\plugins\mcufinder
2026-05-13 09:26:29,156 [INFO] DbMcusAds:125 - Set database path to: C:\Users\hp\.stmcufinder\plugins\mcufinder//mcu/
2026-05-13 09:26:29,156 [WARN] DbFile:41 - Overriding database path with different value: C:\Users\hp\.stmcufinder\plugins\mcufinder/ => C:\Users\hp\.stmcufinder\plugins\mcufinder
2026-05-13 09:26:29,156 [WARN] DbFile:41 - Overriding database path with different value: C:\Users\hp\.stmcufinder\plugins\mcufinder/ => C:\Users\hp\.stmcufinder\plugins\mcufinder
2026-05-13 09:26:29,157 [INFO] CrossReferenceDbSqlite:203 - Set database path to: C:\Users\hp\.stmcufinder\plugins\mcufinder//mcu/cs/
2026-05-13 09:26:29,397 [INFO] MainPanel:272 - HeapMemory: 268435456
2026-05-13 09:26:29,826 [INFO] DbMcusXml:78 - Set database path to: C:\ST\STM32CubeIDE_1.18.0\STM32CubeIDE\plugins\com.st.stm32cube.common.mx_6.14.0.202502271554\\db\/mcu/
2026-05-13 09:26:29,827 [INFO] ApiDb:274 - Set plugin database path to: C:\ST\STM32CubeIDE_1.18.0\STM32CubeIDE\plugins\com.st.stm32cube.common.mx_6.14.0.202502271554\\db\/plugins/boardmanager/
2026-05-13 09:26:29,828 [INFO] ApiDb:261 - Set plugin images path to: C:\ST\STM32CubeIDE_1.18.0\STM32CubeIDE\plugins\com.st.stm32cube.common.mx_6.14.0.202502271554\\db\/plugins/mcufinder/images/
2026-05-13 09:26:29,829 [WARN] DbFile:41 - Overriding database path with different value: C:\Users\hp\.stmcufinder\plugins\mcufinder/ => C:\Users\hp\.stmcufinder\plugins\mcufinder
2026-05-13 09:26:29,830 [INFO] ApiDb:250 - Set database path to: C:\Users\hp\.stmcufinder\plugins\mcufinder//mcu/
2026-05-13 09:26:29,831 [WARN] DbFile:41 - Overriding database path with different value: C:\Users\hp\.stmcufinder\plugins\mcufinder/ => C:\Users\hp\.stmcufinder\plugins\mcufinder
2026-05-13 09:26:29,832 [INFO] DbMcusAds:125 - Set database path to: C:\Users\hp\.stmcufinder\plugins\mcufinder//mcu/
2026-05-13 09:26:29,832 [WARN] DbFile:41 - Overriding database path with different value: C:\Users\hp\.stmcufinder\plugins\mcufinder/ => C:\Users\hp\.stmcufinder\plugins\mcufinder
2026-05-13 09:26:29,833 [WARN] DbFile:41 - Overriding database path with different value: C:\Users\hp\.stmcufinder\plugins\mcufinder/ => C:\Users\hp\.stmcufinder\plugins\mcufinder
2026-05-13 09:26:29,833 [INFO] CrossReferenceDbSqlite:203 - Set database path to: C:\Users\hp\.stmcufinder\plugins\mcufinder//mcu/cs/
2026-05-13 09:26:29,913 [INFO] ApplicationProperties:184 - Using Application install path: C:\ST\STM32CubeIDE_1.18.0\STM32CubeIDE\plugins\com.st.stm32cube.common.mx_6.14.0.202502271554
2026-05-13 09:26:29,917 [INFO] PluginManage:196 - Search for loadable plugins [exclusion list=, ]
2026-05-13 09:26:29,923 [INFO] PluginManage:310 - Check plugin analytics
2026-05-13 09:26:30,450 [INFO] AnalyticsPlugin:253 - Accepted Software Licenses: 
2026-05-13 09:26:30,451 [INFO] AnalyticsPlugin:255 - Accepted CMSIS Pack Licenses: 
2026-05-13 09:26:30,452 [INFO] AnalyticsPlugin:257 - Accepted Firmware Licenses: FW.F4.1.28.0,FW.L4.1.18.0
2026-05-13 09:26:30,462 [INFO] PluginManage:359 - Loaded plugin analytics (category:tool,tabindex:-1)
2026-05-13 09:26:30,464 [INFO] PluginManage:310 - Check plugin cadmodel
2026-05-13 09:26:30,481 [INFO] CADModel:105 - Init CAD model plugin
2026-05-13 09:26:30,482 [INFO] PluginManage:359 - Loaded plugin cadmodel (category:power,tabindex:5)
2026-05-13 09:26:30,482 [INFO] PluginManage:310 - Check plugin clock
2026-05-13 09:26:30,515 [INFO] PluginManage:359 - Loaded plugin clock (category:base,tabindex:2)
2026-05-13 09:26:30,515 [INFO] PluginManage:310 - Check plugin ddr
2026-05-13 09:26:30,524 [INFO] PluginManage:359 - Loaded plugin ddr (category:tool,tabindex:6)
2026-05-13 09:26:30,524 [INFO] PluginManage:310 - Check plugin filemanager
2026-05-13 09:26:30,877 [INFO] PluginManage:359 - Loaded plugin filemanager (category:base,tabindex:10)
2026-05-13 09:26:30,878 [INFO] PluginManage:310 - Check plugin ipmanager
2026-05-13 09:26:30,896 [INFO] PluginManage:359 - Loaded plugin ipmanager (category:base,tabindex:5)
2026-05-13 09:26:30,897 [INFO] PluginManage:310 - Check plugin lpbam
2026-05-13 09:26:30,917 [INFO] PluginManage:359 - Loaded plugin lpbam (category:base,tabindex:0)
2026-05-13 09:26:30,918 [INFO] PluginManage:310 - Check plugin memorymap
2026-05-13 09:26:30,959 [INFO] PluginManage:359 - Loaded plugin memorymap (category:base,tabindex:4)
2026-05-13 09:26:30,959 [INFO] PluginManage:310 - Check plugin pinoutandconfiguration
2026-05-13 09:26:30,984 [INFO] PluginManage:359 - Loaded plugin pinoutandconfiguration (category:base,tabindex:1)
2026-05-13 09:26:30,985 [INFO] PluginManage:310 - Check plugin pinoutconfig
2026-05-13 09:26:31,230 [WARN] SupportedApi:132 - Cannot load RTOS API schema: s4s-elt-must-match.1: The content of 'definitions' must match (annotation?, (simpleType | complexType)?, (unique | key | keyref)*)). A problem was found starting at: attribute.
2026-05-13 09:26:31,647 [INFO] PluginManage:359 - Loaded plugin pinoutconfig (category:base,tabindex:0)
2026-05-13 09:26:31,648 [INFO] PluginManage:310 - Check plugin power
2026-05-13 09:26:31,686 [INFO] PluginManage:359 - Loaded plugin power (category:power,tabindex:4)
2026-05-13 09:26:31,687 [INFO] PluginManage:310 - Check plugin projectmanager
2026-05-13 09:26:31,746 [INFO] PluginManage:359 - Loaded plugin projectmanager (category:projectmanager,tabindex:4)
2026-05-13 09:26:31,747 [INFO] PluginManage:310 - Check plugin rif
2026-05-13 09:26:31,776 [INFO] PluginManage:359 - Loaded plugin rif (category:base,tabindex:3)
2026-05-13 09:26:31,777 [INFO] PluginManage:310 - Check plugin thirdparty
2026-05-13 09:26:32,216 [WARN] IntegrityCheckThread:84 - waiting for thirdparty lock release [integrity check]
2026-05-13 09:26:32,216 [INFO] IntegrityCheckThread:86 - entering critical section [integrity check]
2026-05-13 09:26:32,216 [INFO] PluginManage:359 - Loaded plugin thirdparty (category:base,tabindex:-1)
2026-05-13 09:26:32,217 [INFO] PluginManage:310 - Check plugin tools
2026-05-13 09:26:32,218 [INFO] ThirdPartyUpdaterWithRetryManager:70 - Updater plugin not ready yet. [1/15]
2026-05-13 09:26:32,227 [INFO] PluginManage:359 - Loaded plugin tools (category:base,tabindex:7)
2026-05-13 09:26:32,229 [INFO] PluginManage:310 - Check plugin tutovideos
2026-05-13 09:26:32,899 [INFO] PluginManage:359 - Loaded plugin tutovideos (category:base,tabindex:-1)
2026-05-13 09:26:32,901 [INFO] PluginManage:310 - Check plugin updater
2026-05-13 09:26:33,011 [INFO] PluginManage:359 - Loaded plugin updater (category:base,tabindex:12)
2026-05-13 09:26:33,012 [INFO] PluginManage:310 - Check plugin userauth
2026-05-13 09:26:33,030 [INFO] UserAuth:118 - Init User Auth plugin
2026-05-13 09:26:33,034 [INFO] PluginManage:359 - Loaded plugin userauth (category:base,tabindex:14)
2026-05-13 09:26:33,036 [INFO] PluginManage:283 - PluginManage : Loaded plugins [18]
2026-05-13 09:26:33,778 [INFO] PinOutPanel:1589 - setPackage(No Configuration,No Configuration)
2026-05-13 09:26:34,016 [INFO] CADModel:165 - CPN selected for project level
2026-05-13 09:26:34,016 [INFO] CADModel:114 - Register for checkConnection events
2026-05-13 09:26:34,061 [INFO] IPUIPlugin:80 - create IPUIPlugin
2026-05-13 09:26:34,061 [INFO] PluginManager:220 - loadIPPluginJar : add adc
2026-05-13 09:26:34,068 [INFO] IPUIPlugin:80 - create IPUIPlugin
2026-05-13 09:26:34,069 [INFO] PluginManager:220 - loadIPPluginJar : add aes
2026-05-13 09:26:34,076 [INFO] IPUIPlugin:80 - create IPUIPlugin
2026-05-13 09:26:34,076 [INFO] PluginManager:220 - loadIPPluginJar : add can
2026-05-13 09:26:34,081 [INFO] IPUIPlugin:80 - create IPUIPlugin
2026-05-13 09:26:34,082 [INFO] PluginManager:220 - loadIPPluginJar : add comp
2026-05-13 09:26:34,088 [INFO] IPUIPlugin:80 - create IPUIPlugin
2026-05-13 09:26:34,088 [INFO] PluginManager:220 - loadIPPluginJar : add cryp
2026-05-13 09:26:34,101 [INFO] IPUIPlugin:80 - create IPUIPlugin
2026-05-13 09:26:34,101 [INFO] PluginManager:220 - loadIPPluginJar : add ddr_ctrl_phy
2026-05-13 09:26:34,108 [INFO] IPUIPlugin:80 - create IPUIPlugin
2026-05-13 09:26:34,108 [INFO] PluginManager:220 - loadIPPluginJar : add dfsdm
2026-05-13 09:26:34,123 [INFO] IPUIPlugin:80 - create IPUIPlugin
2026-05-13 09:26:34,124 [INFO] PluginManager:220 - loadIPPluginJar : add dma
2026-05-13 09:26:34,133 [INFO] IPUIPlugin:80 - create IPUIPlugin
2026-05-13 09:26:34,133 [INFO] PluginManager:220 - loadIPPluginJar : add dma3
2026-05-13 09:26:34,143 [INFO] IPUIPlugin:80 - create IPUIPlugin
2026-05-13 09:26:34,143 [INFO] PluginManager:220 - loadIPPluginJar : add extmemmanager
2026-05-13 09:26:34,147 [INFO] IPUIPlugin:80 - create IPUIPlugin
2026-05-13 09:26:34,148 [INFO] PluginManager:220 - loadIPPluginJar : add fatfs
2026-05-13 09:26:34,161 [INFO] IPUIPlugin:80 - create IPUIPlugin
2026-05-13 09:26:34,162 [INFO] PluginManager:220 - loadIPPluginJar : add fmc
2026-05-13 09:26:34,177 [INFO] IPUIPlugin:80 - create IPUIPlugin
2026-05-13 09:26:34,177 [INFO] PluginManager:220 - loadIPPluginJar : add freertos
2026-05-13 09:26:34,181 [INFO] IPUIPlugin:80 - create IPUIPlugin
2026-05-13 09:26:34,181 [INFO] PluginManager:220 - loadIPPluginJar : add genericplugin
2026-05-13 09:26:34,187 [INFO] IPUIPlugin:80 - create IPUIPlugin
2026-05-13 09:26:34,188 [INFO] PluginManager:220 - loadIPPluginJar : add gfxmmu
2026-05-13 09:26:34,201 [INFO] IPUIPlugin:80 - create IPUIPlugin
2026-05-13 09:26:34,201 [INFO] PluginManager:220 - loadIPPluginJar : add gic
2026-05-13 09:26:34,213 [INFO] IPUIPlugin:80 - create IPUIPlugin
2026-05-13 09:26:34,214 [INFO] PluginManager:220 - loadIPPluginJar : add gpio
2026-05-13 09:26:34,221 [INFO] IPUIPlugin:80 - create IPUIPlugin
2026-05-13 09:26:34,221 [INFO] PluginManager:220 - loadIPPluginJar : add gtzc
2026-05-13 09:26:34,227 [INFO] IPUIPlugin:80 - create IPUIPlugin
2026-05-13 09:26:34,228 [INFO] PluginManager:220 - loadIPPluginJar : add hash
2026-05-13 09:26:34,236 [INFO] IPUIPlugin:80 - create IPUIPlugin
2026-05-13 09:26:34,236 [INFO] PluginManager:220 - loadIPPluginJar : add i2c
2026-05-13 09:26:34,243 [INFO] IPUIPlugin:80 - create IPUIPlugin
2026-05-13 09:26:34,244 [INFO] PluginManager:220 - loadIPPluginJar : add i2s
2026-05-13 09:26:34,251 [INFO] IPUIPlugin:80 - create IPUIPlugin
2026-05-13 09:26:34,251 [INFO] PluginManager:220 - loadIPPluginJar : add i3c
2026-05-13 09:26:34,259 [INFO] IPUIPlugin:80 - create IPUIPlugin
2026-05-13 09:26:34,260 [INFO] PluginManager:220 - loadIPPluginJar : add ipddr
2026-05-13 09:26:34,279 [INFO] IPUIPlugin:80 - create IPUIPlugin
2026-05-13 09:26:34,280 [INFO] PluginManager:220 - loadIPPluginJar : add linkedlist
2026-05-13 09:26:34,287 [INFO] IPUIPlugin:80 - create IPUIPlugin
2026-05-13 09:26:34,287 [INFO] PluginManager:220 - loadIPPluginJar : add lorawan
2026-05-13 09:26:34,293 [INFO] IPUIPlugin:80 - create IPUIPlugin
2026-05-13 09:26:34,293 [INFO] PluginManager:220 - loadIPPluginJar : add ltdc
2026-05-13 09:26:34,305 [INFO] IPUIPlugin:80 - create IPUIPlugin
2026-05-13 09:26:34,305 [INFO] PluginManager:220 - loadIPPluginJar : add mdma
2026-05-13 09:26:34,314 [INFO] IPUIPlugin:80 - create IPUIPlugin
2026-05-13 09:26:34,315 [INFO] PluginManager:220 - loadIPPluginJar : add nvic
2026-05-13 09:26:34,322 [INFO] IPUIPlugin:80 - create IPUIPlugin
2026-05-13 09:26:34,322 [INFO] PluginManager:220 - loadIPPluginJar : add opamp
2026-05-13 09:26:34,331 [INFO] IPUIPlugin:80 - create IPUIPlugin
2026-05-13 09:26:34,331 [INFO] PluginManager:220 - loadIPPluginJar : add openamp
2026-05-13 09:26:34,341 [INFO] IPUIPlugin:80 - create IPUIPlugin
2026-05-13 09:26:34,342 [INFO] PluginManager:220 - loadIPPluginJar : add pdm2pcm
2026-05-13 09:26:34,357 [INFO] IPUIPlugin:80 - create IPUIPlugin
2026-05-13 09:26:34,363 [INFO] PluginManager:220 - loadIPPluginJar : add plateformsettings
2026-05-13 09:26:34,367 [INFO] IPUIPlugin:80 - create IPUIPlugin
2026-05-13 09:26:34,367 [INFO] PluginManager:220 - loadIPPluginJar : add quadspi
2026-05-13 09:26:34,373 [INFO] IPUIPlugin:80 - create IPUIPlugin
2026-05-13 09:26:34,375 [INFO] PluginManager:220 - loadIPPluginJar : add radio
2026-05-13 09:26:34,385 [INFO] IPUIPlugin:80 - create IPUIPlugin
2026-05-13 09:26:34,385 [INFO] PluginManager:220 - loadIPPluginJar : add resmgrutility
2026-05-13 09:26:34,394 [INFO] IPUIPlugin:80 - create IPUIPlugin
2026-05-13 09:26:34,394 [INFO] PluginManager:220 - loadIPPluginJar : add sai
2026-05-13 09:26:34,402 [INFO] IPUIPlugin:80 - create IPUIPlugin
2026-05-13 09:26:34,402 [INFO] PluginManager:220 - loadIPPluginJar : add spi
2026-05-13 09:26:34,415 [INFO] IPUIPlugin:80 - create IPUIPlugin
2026-05-13 09:26:34,416 [INFO] PluginManager:220 - loadIPPluginJar : add stm32_wpan
2026-05-13 09:26:34,421 [INFO] IPUIPlugin:80 - create IPUIPlugin
2026-05-13 09:26:34,422 [INFO] PluginManager:220 - loadIPPluginJar : add tim
2026-05-13 09:26:34,430 [INFO] IPUIPlugin:80 - create IPUIPlugin
2026-05-13 09:26:34,430 [INFO] PluginManager:220 - loadIPPluginJar : add touchsensing
2026-05-13 09:26:34,437 [INFO] IPUIPlugin:80 - create IPUIPlugin
2026-05-13 09:26:34,437 [INFO] PluginManager:220 - loadIPPluginJar : add tracer_emb
2026-05-13 09:26:34,443 [INFO] IPUIPlugin:80 - create IPUIPlugin
2026-05-13 09:26:34,444 [INFO] PluginManager:220 - loadIPPluginJar : add ts
2026-05-13 09:26:34,449 [INFO] IPUIPlugin:80 - create IPUIPlugin
2026-05-13 09:26:34,450 [INFO] PluginManager:220 - loadIPPluginJar : add tsc
2026-05-13 09:26:34,455 [INFO] IPUIPlugin:80 - create IPUIPlugin
2026-05-13 09:26:34,456 [INFO] PluginManager:220 - loadIPPluginJar : add ucpd
2026-05-13 09:26:34,463 [INFO] IPUIPlugin:80 - create IPUIPlugin
2026-05-13 09:26:34,464 [INFO] PluginManager:220 - loadIPPluginJar : add usart
2026-05-13 09:26:34,471 [INFO] IPUIPlugin:80 - create IPUIPlugin
2026-05-13 09:26:34,471 [INFO] PluginManager:220 - loadIPPluginJar : add usbx
2026-05-13 09:26:34,749 [FATAL] Updater:351 - Updater called before beeing initialized
2026-05-13 09:26:34,829 [INFO] RulesReader:64 - Compatibility file has been processed (301 Rules)
2026-05-13 09:26:34,853 [INFO] RulesReader:64 - Compatibility file has been processed (301 Rules)
2026-05-13 09:26:34,883 [INFO] CADModel:165 - CPN selected for project level
2026-05-13 09:26:34,883 [INFO] CADModel:114 - Register for checkConnection events
2026-05-13 09:26:34,884 [FATAL] Updater:351 - Updater called before beeing initialized
2026-05-13 09:26:34,884 [ERROR] CADModel:125 - Updater not yet initialized, retry later 
2026-05-13 09:26:35,220 [INFO] ThirdPartyUpdaterWithRetryManager:70 - Updater plugin not ready yet. [2/15]
2026-05-13 09:26:35,501 [FATAL] Updater:351 - Updater called before beeing initialized
2026-05-13 09:26:35,511 [INFO] CADModel:165 - CPN selected for project level
2026-05-13 09:26:35,511 [INFO] CADModel:114 - Register for checkConnection events
2026-05-13 09:26:35,512 [FATAL] Updater:351 - Updater called before beeing initialized
2026-05-13 09:26:35,512 [ERROR] CADModel:125 - Updater not yet initialized, retry later 
2026-05-13 09:26:35,524 [FATAL] Updater:351 - Updater called before beeing initialized
2026-05-13 09:26:35,956 [FATAL] Updater:351 - Updater called before beeing initialized
2026-05-13 09:26:35,971 [INFO] DbMcusAds:53 - JSON generation date=Mon Apr 27 13:44:29 IST 2026 (1777277669577)
2026-05-13 09:26:35,972 [FATAL] Updater:351 - Updater called before beeing initialized
2026-05-13 09:26:36,751 [WARN] DetailPanel:346 - Failed to get advertising image, set to default
2026-05-13 09:26:37,223 [FATAL] Updater:351 - Updater called before beeing initialized
2026-05-13 09:26:37,227 [FATAL] Updater:351 - Updater called before beeing initialized
2026-05-13 09:26:37,227 [FATAL] Updater:351 - Updater called before beeing initialized
2026-05-13 09:26:37,228 [WARN] DetailPanel:346 - Failed to get advertising image, set to default
2026-05-13 09:26:37,230 [FATAL] Updater:351 - Updater called before beeing initialized
2026-05-13 09:26:37,414 [ERROR] Updater:1198 - MainUpdater not yet initialized. External WinMGr cannot be set.
2026-05-13 09:26:37,424 [INFO] Updater:1134 - Updater Version found : 6.14.0
2026-05-13 09:26:37,500 [INFO] ApplicationProperties:184 - Using Application install path: C:\ST\STM32CubeIDE_1.18.0\STM32CubeIDE\plugins\com.st.stm32cube.common.mx_6.14.0.202502271554
2026-05-13 09:26:38,223 [FATAL] Updater:351 - Updater called before beeing initialized
2026-05-13 09:26:38,225 [ERROR] IntegrityCheckThread:130 - Cannot retrieve database content from updater: error 21
2026-05-13 09:26:38,226 [INFO] ThirdParty:978 - Integrity check success = false
2026-05-13 09:26:38,227 [INFO] IntegrityCheckThread:100 - exiting critical section [integrity check]
2026-05-13 09:26:38,227 [INFO] IntegrityCheckThread:103 - End integrity checks thread
2026-05-13 09:26:38,825 [INFO] MainUpdater:2872 - connection check result : 10
2026-05-13 09:26:38,826 [INFO] MainUpdater:289 - Updater Check For Update Now.
2026-05-13 09:26:38,828 [INFO] MicroXplorer:498 - Change Database Version : DB.6.0.140
2026-05-13 09:26:38,849 [INFO] McuFinderGlobals:63 - Set McuFinder mode to 2 (CubeIDE integrated)
2026-05-13 09:26:38,850 [INFO] UserAuth:171 - activating auth plugin
2026-05-13 09:26:38,861 [INFO] UserAuth:486 - Internet connection configuration mode: 1
2026-05-13 09:26:38,942 [INFO] JxBrowserEngine:152 - Initiate JxBrowser Engine with user profile folder
2026-05-13 09:26:39,121 [INFO] CheckServerUpdateThread:120 - End of CheckServer Thread
2026-05-13 09:26:41,465 [INFO] WebApp:169 - Instantiating new browser for Auth
2026-05-13 09:26:43,567 [INFO] WebApp:463 - Apply proxy settings
2026-05-13 09:26:43,568 [INFO] WebApp:548 - Chromium requires no authentication
2026-05-13 09:26:43,608 [INFO] WebApp:491 - Direct internet connection detected
2026-05-13 09:26:43,684 [INFO] WebApp:894 - Register for checkConnection events
2026-05-13 09:26:43,685 [INFO] WebApp:463 - Apply proxy settings
2026-05-13 09:26:43,686 [INFO] WebApp:548 - Chromium requires no authentication
2026-05-13 09:26:43,687 [INFO] WebApp:491 - Direct internet connection detected
2026-05-13 09:26:44,296 [INFO] WebApp:225 - Starting web application
2026-05-13 09:26:44,296 [INFO] WebApp:593 - Web application path used C:\ST\STM32CubeIDE_1.18.0\STM32CubeIDE\plugins\com.st.stm32cube.common.mx_6.14.0.202502271554\db\plugins\mcufinder\reactClient1\index.html
2026-05-13 09:26:44,707 [INFO] WebApp:191 - Connection restablished
2026-05-13 09:27:47,294 [INFO] McuFinderGlobals:63 - Set McuFinder mode to 2 (CubeIDE integrated)
2026-05-13 09:27:47,315 [INFO] MainUpdater:2872 - connection check result : 10
2026-05-13 09:27:47,318 [INFO] MainUpdater:2872 - connection check result : 10
2026-05-13 09:27:47,460 [INFO] MicroXplorer:468 - Change Database Path : 
2026-05-13 09:27:47,461 [INFO] MicroXplorer:498 - Change Database Version : DB.6.0.140
2026-05-13 09:27:47,486 [WARN] ThirdParty:871 - waiting for thirdparty lock release [close project]
2026-05-13 09:27:47,487 [INFO] ThirdParty:873 - entering critical section [close project]
2026-05-13 09:27:47,491 [INFO] ThirdParty:883 - exiting critical section [close project]
2026-05-13 09:27:47,499 [INFO] PinOutPanel:1589 - setPackage(No Configuration,No Configuration)
2026-05-13 09:27:47,514 [INFO] UtilMem:75 - Begin LoadConfig() Used Memory: 431160528 Bytes (522190848)
2026-05-13 09:27:47,520 [INFO] MicroXplorer:468 - Change Database Path : 
2026-05-13 09:27:47,521 [INFO] MicroXplorer:498 - Change Database Version : DB.6.0.140
2026-05-13 09:27:47,521 [INFO] OpenFileManager:354 - Change cursor
2026-05-13 09:27:47,564 [WARN] IntegrityCheckThread:84 - waiting for thirdparty lock release [integrity check]
2026-05-13 09:27:47,565 [INFO] IntegrityCheckThread:86 - entering critical section [integrity check]
2026-05-13 09:27:49,180 [WARN] PackLoader:240 - Cannot read IP mode file for STMicroelectronics.X-CUBE-AZRTOS-H7.3.5.0
2026-05-13 09:27:49,243 [WARN] PackLoader:240 - Cannot read IP mode file for STMicroelectronics.FP-ATR-ASTRA1.2.0.2
2026-05-13 09:27:49,333 [WARN] PackLoader:240 - Cannot read IP mode file for STMicroelectronics.X-CUBE-SMBUS.2.1.0
2026-05-13 09:27:49,462 [WARN] PackLoader:240 - Cannot read IP mode file for STMicroelectronics.X-CUBE-AZRTOS-F7.1.1.0
2026-05-13 09:27:49,493 [ERROR] Engine:466 - C:\Users\hp\.stm32cubemx\thirdparties\pdsc\STMicroelectronics.FP-SNS-MOTENV1.5.1.0.pdsc: PDSC version is not supported
2026-05-13 09:27:49,517 [ERROR] Engine:466 - C:\Users\hp\.stm32cubemx\thirdparties\pdsc\WES.I-CUBE-Cesium.1.4.0.pdsc: PDSC version is not supported
2026-05-13 09:27:49,567 [WARN] PackLoader:240 - Cannot read IP mode file for STMicroelectronics.X-CUBE-DISPLAY.3.0.0
2026-05-13 09:27:49,616 [WARN] PackLoader:240 - Cannot read IP mode file for STMicroelectronics.X-CUBE-GNSS1.7.1.1
2026-05-13 09:27:49,634 [ERROR] Engine:466 - C:\Users\hp\.stm32cubemx\thirdparties\pdsc\STMicroelectronics.FP-SNS-MOTENVWB1.1.5.0.pdsc: PDSC version is not supported
2026-05-13 09:27:49,660 [WARN] PackLoader:240 - Cannot read IP mode file for STMicroelectronics.X-CUBE-NFC10.1.0.0
2026-05-13 09:27:49,688 [WARN] PackLoader:240 - Cannot read IP mode file for STMicroelectronics.X-CUBE-ST60.1.1.0
2026-05-13 09:27:49,717 [WARN] PackLoader:240 - Cannot read IP mode file for emotas.I-CUBE-CANOPEN.1.3.0
2026-05-13 09:27:49,736 [WARN] PackLoader:240 - Cannot read IP mode file for STMicroelectronics.X-CUBE-GNSS1.7.1.0
2026-05-13 09:27:49,753 [ERROR] Engine:466 - C:\Users\hp\.stm32cubemx\thirdparties\pdsc\STMicroelectronics.FP-SNS-STBOX1.2.1.0.pdsc: PDSC version is not supported
2026-05-13 09:27:49,769 [WARN] PackLoader:240 - Cannot read IP mode file for STMicroelectronics.FP-SNS-SMARTAG2.1.2.0
2026-05-13 09:27:49,793 [WARN] PackLoader:240 - Cannot read IP mode file for STMicroelectronics.FP-SNS-FLIGHT1.5.1.0
2026-05-13 09:27:49,830 [INFO] LogOutputStream:77 - [STDOUT_REDIRECT] 1 : Invalid condition id : UX_CORESTACK_Condition cause : null
2026-05-13 09:27:49,833 [INFO] LogOutputStream:77 - [STDOUT_REDIRECT] 1 : Invalid condition id : UX_CORESTACK_Condition cause : null
2026-05-13 09:27:49,838 [INFO] LogOutputStream:77 - [STDOUT_REDIRECT] 1 : Invalid condition id : UX_CORESTACK_Condition cause : null
2026-05-13 09:27:49,843 [INFO] LogOutputStream:77 - [STDOUT_REDIRECT] 1 : Invalid condition id : UX_CORESTACK_Condition cause : null
2026-05-13 09:27:49,847 [INFO] LogOutputStream:77 - [STDOUT_REDIRECT] 1 : Invalid condition id : UX_CORESTACK_Condition cause : null
2026-05-13 09:27:49,856 [WARN] PackLoader:240 - Cannot read IP mode file for STMicroelectronics.X-CUBE-AZRTOS-WL.2.0.0
2026-05-13 09:27:49,922 [WARN] PackLoader:240 - Cannot read IP mode file for STMicroelectronics.X-CUBE-AZRTOS-H7RS.1.2.0
2026-05-13 09:27:49,957 [WARN] PackLoader:240 - Cannot read IP mode file for STMicroelectronics.X-CUBE-BLE2.3.3.0
2026-05-13 09:27:50,102 [WARN] PackLoader:240 - Cannot read IP mode file for Infineon.AIROC-Wi-Fi-Bluetooth-STM32.1.8.0
2026-05-13 09:27:50,139 [WARN] PackLoader:240 - Cannot read IP mode file for STMicroelectronics.X-CUBE-NFC9.1.0.0
2026-05-13 09:27:50,160 [WARN] PackLoader:240 - Cannot read IP mode file for STMicroelectronics.X-CUBE-BLE1.7.1.0
2026-05-13 09:27:50,178 [WARN] PackLoader:240 - Cannot read IP mode file for wolfSSL.I-CUBE-wolfMQTT.1.19.2
2026-05-13 09:27:50,203 [WARN] PackLoader:240 - Cannot read IP mode file for STMicroelectronics.X-CUBE-EEPRMA1.5.2.0
2026-05-13 09:27:50,223 [WARN] PackLoader:240 - Cannot read IP mode file for wolfSSL.I-CUBE-wolfSSL.5.8.4
2026-05-13 09:27:50,239 [ERROR] Engine:466 - C:\Users\hp\.stm32cubemx\thirdparties\pdsc\STMicroelectronics.FP-SNS-STAIOTCFT.1.1.0.pdsc: PDSC version is not supported
2026-05-13 09:27:50,422 [WARN] PackLoader:240 - Cannot read IP mode file for STMicroelectronics.X-CUBE-MEMS1.12.0.0
2026-05-13 09:27:50,650 [WARN] PackLoader:240 - Cannot read IP mode file for STMicroelectronics.X-CUBE-AZRTOS-G0.1.1.0
2026-05-13 09:27:50,672 [WARN] PackLoader:240 - Cannot read IP mode file for STMicroelectronics.X-CUBE-NFC4.3.0.0
2026-05-13 09:27:50,698 [WARN] PackLoader:240 - Cannot read IP mode file for EmbeddedOffice.I-CUBE-FS-RTOS.1.0.1
2026-05-13 09:27:50,710 [WARN] PackLoader:240 - Cannot read IP mode file for wolfSSL.I-CUBE-wolfTPM.3.8.0
2026-05-13 09:27:50,722 [WARN] PackLoader:240 - Cannot read IP mode file for STMicroelectronics.X-CUBE-TCPP.4.2.0
2026-05-13 09:27:50,739 [WARN] PackLoader:240 - Cannot read IP mode file for RealThread.X-CUBE-RT-Thread_Nano.4.1.1
2026-05-13 09:27:50,749 [WARN] PackLoader:240 - Cannot read IP mode file for STMicroelectronics.FP-ATR-SIGFOX1.3.2.0
2026-05-13 09:27:50,755 [ERROR] Engine:466 - C:\Users\hp\.stm32cubemx\thirdparties\pdsc\STMicroelectronics.X-CUBE-FREERTOS.1.5.0.pdsc: PDSC version is not supported
2026-05-13 09:27:50,770 [WARN] PackLoader:240 - Cannot read IP mode file for ITTIA_DB.I-CUBE-ITTIADB.8.9.0
2026-05-13 09:27:50,780 [WARN] PackLoader:240 - Cannot read IP mode file for Cesanta.I-CUBE-Mongoose.7.21.0
2026-05-13 09:27:50,815 [WARN] PackLoader:240 - Cannot read IP mode file for STMicroelectronics.X-CUBE-NFC6.3.2.0
2026-05-13 09:27:50,832 [WARN] PackLoader:240 - Cannot read IP mode file for STMicroelectronics.X-CUBE-AI.10.2.0
2026-05-13 09:27:50,926 [WARN] PackLoader:240 - Cannot read IP mode file for STMicroelectronics.X-CUBE-MEMS1.12.1.0
2026-05-13 09:27:51,215 [WARN] PackLoader:240 - Cannot read IP mode file for SEGGER.I-CUBE-embOS.1.3.1
2026-05-13 09:27:51,321 [WARN] PackLoader:240 - Cannot read IP mode file for STMicroelectronics.X-CUBE-ALGOBUILD.1.4.0
2026-05-13 09:27:51,335 [WARN] PackLoader:240 - Cannot read IP mode file for STMicroelectronics.X-CUBE-PM33A1.1.0.0
2026-05-13 09:27:51,368 [WARN] PackLoader:240 - Cannot read IP mode file for STMicroelectronics.X-CUBE-AZRTOS-F4.1.1.0
2026-05-13 09:27:51,386 [WARN] PackLoader:240 - Cannot read IP mode file for STMicroelectronics.X-CUBE-ISPU.2.1.0
2026-05-13 09:27:51,398 [ERROR] Engine:466 - C:\Users\hp\.stm32cubemx\thirdparties\pdsc\STMicroelectronics.X-CUBE-IPS.3.2.0.pdsc: PDSC version is not supported
2026-05-13 09:27:51,409 [WARN] PackLoader:240 - Cannot read IP mode file for STMicroelectronics.eDS-WB_DPC_TT-BIDIR.2.1.1
2026-05-13 09:27:51,425 [WARN] PackLoader:240 - Cannot read IP mode file for STMicroelectronics.X-CUBE-NFC12.1.0.0
2026-05-13 09:27:52,086 [WARN] PackLoader:240 - Cannot read IP mode file for STMicroelectronics.X-CUBE-AZRTOS-L5.2.0.0
2026-05-13 09:27:52,100 [WARN] PackLoader:240 - Cannot read IP mode file for STMicroelectronics.eDS-WB_DPC_VIENNA.1.2.0
2026-05-13 09:27:52,110 [WARN] PackLoader:240 - Cannot read IP mode file for STMicroelectronics.eDS-WB_DPC_3PH2L-BIDIR.1.1.1
2026-05-13 09:27:52,118 [ERROR] Engine:466 - C:\Users\hp\.stm32cubemx\thirdparties\pdsc\STMicroelectronics.X-CUBE-ST67W61.1.3.0.pdsc: PDSC version is not supported
2026-05-13 09:27:52,133 [WARN] PackLoader:240 - Cannot read IP mode file for STMicroelectronics.X-CUBE-TOUCHGFX.4.26.1
2026-05-13 09:27:52,152 [WARN] PackLoader:240 - Cannot read IP mode file for STMicroelectronics.FP-SNS-STAIOTCFT.1.0.0
2026-05-13 09:27:52,173 [WARN] PackLoader:240 - Cannot read IP mode file for STMicroelectronics.X-CUBE-DPower.1.3.0
2026-05-13 09:27:52,249 [WARN] ConditionMgr:438 - getConditionDescription Invalid condition id : LAN8742 Phy interface Condition cause : null
2026-05-13 09:27:52,253 [WARN] PackLoader:240 - Cannot read IP mode file for STMicroelectronics.X-CUBE-AZRTOS-L4.2.0.0
2026-05-13 09:27:52,258 [WARN] ConditionMgr:1044 - genDependencies : Invalid condition id : LAN8742 Phy interface Condition cause : null
2026-05-13 09:27:52,260 [WARN] ConditionMgr:1044 - genDependencies : Invalid condition id : LAN8742 Phy interface Condition cause : null
2026-05-13 09:27:52,262 [WARN] ConditionMgr:1044 - genDependencies : Invalid condition id : LAN8742 Phy interface Condition cause : null
2026-05-13 09:27:52,300 [WARN] PackLoader:240 - Cannot read IP mode file for STMicroelectronics.X-CUBE-SFXS2LP1.4.0.0
2026-05-13 09:27:52,326 [WARN] PackLoader:240 - Cannot read IP mode file for STMicroelectronics.X-CUBE-WB05N.2.1.0
2026-05-13 09:27:52,342 [ERROR] Engine:466 - C:\Users\hp\.stm32cubemx\thirdparties\pdsc\STMicroelectronics.X-CUBE-ST67W61.1.2.0.pdsc: PDSC version is not supported
2026-05-13 09:27:52,380 [WARN] PackLoader:240 - Cannot read IP mode file for STMicroelectronics.X-CUBE-BLEMGR.4.1.0
2026-05-13 09:27:52,445 [WARN] ConditionMgr:438 - getConditionDescription Invalid condition id : UX DEVICE CLASS RTOS Condition cause : null
2026-05-13 09:27:52,446 [WARN] ConditionMgr:438 - getConditionDescription Invalid condition id : UX DEVICE CLASS RTOS Condition cause : null
2026-05-13 09:27:52,452 [WARN] PackLoader:240 - Cannot read IP mode file for STMicroelectronics.X-CUBE-AZRTOS-WB.2.0.0
2026-05-13 09:27:52,454 [WARN] ConditionMgr:1044 - genDependencies : Invalid condition id : UX DEVICE CLASS RTOS Condition cause : null
2026-05-13 09:27:52,455 [WARN] ConditionMgr:1044 - genDependencies : Invalid condition id : UX DEVICE CLASS RTOS Condition cause : null
2026-05-13 09:27:52,456 [WARN] ConditionMgr:1044 - genDependencies : Invalid condition id : UX DEVICE CLASS RTOS Condition cause : null
2026-05-13 09:27:52,458 [WARN] ConditionMgr:1044 - genDependencies : Invalid condition id : UX DEVICE CLASS RTOS Condition cause : null
2026-05-13 09:27:52,459 [WARN] ConditionMgr:1044 - genDependencies : Invalid condition id : UX DEVICE CLASS RTOS Condition cause : null
2026-05-13 09:27:52,480 [WARN] ConditionMgr:438 - getConditionDescription Invalid condition id : Cortex-A Device cause : null
2026-05-13 09:27:52,520 [WARN] ConditionMgr:1044 - genDependencies : Invalid condition id : Cortex-A Device cause : null
2026-05-13 09:27:52,521 [WARN] ConditionMgr:1044 - genDependencies : Invalid condition id : Cortex-A Device cause : null
2026-05-13 09:27:52,521 [WARN] ConditionMgr:1044 - genDependencies : Invalid condition id : Cortex-A Device cause : null
2026-05-13 09:27:52,550 [WARN] PackLoader:240 - Cannot read IP mode file for STMicroelectronics.X-CUBE-STSE01.2.0.0
2026-05-13 09:27:52,590 [WARN] PackLoader:240 - Cannot read IP mode file for STMicroelectronics.X-CUBE-SUBG2.5.0.0
2026-05-13 09:27:52,642 [WARN] PackLoader:240 - Cannot read IP mode file for STMicroelectronics.X-CUBE-AZRTOS-G4.2.0.0
2026-05-13 09:27:52,663 [WARN] PackLoader:240 - Cannot read IP mode file for wolfSSL.I-CUBE-wolfSSH.1.4.20
2026-05-13 09:27:52,685 [WARN] PackLoader:240 - Cannot read IP mode file for STMicroelectronics.X-CUBE-NFC7.2.0.0
2026-05-13 09:27:52,707 [WARN] PackLoader:240 - Cannot read IP mode file for STMicroelectronics.X-CUBE-ALS.1.0.2
2026-05-13 09:27:52,737 [WARN] PackLoader:240 - Cannot read IP mode file for STMicroelectronics.X-CUBE-TOF1.3.4.3
2026-05-13 09:27:52,766 [INFO] ThirdParty:978 - Integrity check success = true
2026-05-13 09:27:52,767 [INFO] IntegrityCheckThread:100 - exiting critical section [integrity check]
2026-05-13 09:27:52,767 [INFO] IntegrityCheckThread:103 - End integrity checks thread
2026-05-13 09:27:52,840 [INFO] Mcu:2011 - Initializing MCU STM32F407V(E-G)Tx STM32F407VGTx STM32F407VGT6
2026-05-13 09:27:58,081 [INFO] Context:756 - Trying to add GPIOservice into a context  which must be forbidden
2026-05-13 09:27:59,409 [INFO] ImportTextPane:218 - (OptionalMessage_ERROR) Pin5 (VP_RIF_VS_RIF1) cannot be retrieved for this MCU
2026-05-13 09:27:59,933 [INFO] RtosManager:558 - Registered RTOS mode: class=CMSIS, group=RTOS, mode=CMSIS_V1, owner=FREERTOS
2026-05-13 09:27:59,933 [INFO] RtosManager:558 - Registered RTOS mode: class=CMSIS, group=RTOS2, mode=CMSIS_V2, owner=FREERTOS
2026-05-13 09:27:59,934 [INFO] RtosManager:558 - Registered RTOS mode: class=RTOS, group=Core, mode=CMSIS_V1, owner=FREERTOS
2026-05-13 09:27:59,934 [INFO] RtosManager:558 - Registered RTOS mode: class=RTOS, group=Core, mode=CMSIS_V2, owner=FREERTOS
2026-05-13 09:27:59,935 [WARN] ModelIntegratedComponent:184 - Missing modes for component STMicroelectronics:FreeRTOS:0.0.1:STMicroelectronics:RTOS:FreeRTOS:Core:::10.2.0:
2026-05-13 09:27:59,978 [WARN] ModelIntegratedComponent:63 - No mode defined for component null
2026-05-13 09:27:59,979 [WARN] ModelIntegratedComponent:63 - No mode defined for component null
2026-05-13 09:27:59,979 [WARN] ModelIntegratedComponent:63 - No mode defined for component null
2026-05-13 09:27:59,979 [WARN] ModelIntegratedComponent:63 - No mode defined for component null
2026-05-13 09:27:59,980 [WARN] ModelIntegratedComponent:63 - No mode defined for component null
2026-05-13 09:27:59,980 [WARN] ModelIntegratedComponent:63 - No mode defined for component null
2026-05-13 09:27:59,980 [WARN] ModelIntegratedComponent:63 - No mode defined for component null
2026-05-13 09:27:59,980 [WARN] ModelIntegratedComponent:63 - No mode defined for component null
2026-05-13 09:27:59,981 [WARN] ModelIntegratedComponent:63 - No mode defined for component null
2026-05-13 09:27:59,981 [WARN] ModelIntegratedComponent:63 - No mode defined for component null
2026-05-13 09:27:59,981 [WARN] ModelIntegratedComponent:63 - No mode defined for component null
2026-05-13 09:27:59,981 [WARN] ModelIntegratedComponent:63 - No mode defined for component null
2026-05-13 09:27:59,981 [WARN] ModelIntegratedComponent:63 - No mode defined for component null
2026-05-13 09:27:59,981 [WARN] ModelIntegratedComponent:63 - No mode defined for component null
2026-05-13 09:27:59,981 [WARN] ModelIntegratedComponent:63 - No mode defined for component null
2026-05-13 09:27:59,981 [WARN] ModelIntegratedComponent:63 - No mode defined for component null
2026-05-13 09:27:59,981 [WARN] ModelIntegratedComponent:63 - No mode defined for component null
2026-05-13 09:27:59,982 [WARN] ModelIntegratedComponent:63 - No mode defined for component null
2026-05-13 09:27:59,982 [WARN] ModelIntegratedComponent:63 - No mode defined for component null
2026-05-13 09:27:59,982 [WARN] ModelIntegratedComponent:63 - No mode defined for component null
2026-05-13 09:27:59,982 [WARN] ModelIntegratedComponent:63 - No mode defined for component null
2026-05-13 09:27:59,982 [WARN] ModelIntegratedComponent:63 - No mode defined for component null
2026-05-13 09:27:59,982 [WARN] ModelIntegratedComponent:63 - No mode defined for component null
2026-05-13 09:27:59,982 [WARN] ModelIntegratedComponent:63 - No mode defined for component null
2026-05-13 09:27:59,982 [WARN] ModelIntegratedComponent:63 - No mode defined for component null
2026-05-13 09:27:59,982 [WARN] ModelIntegratedComponent:63 - No mode defined for component null
2026-05-13 09:27:59,983 [WARN] ModelIntegratedComponent:63 - No mode defined for component null
2026-05-13 09:27:59,983 [WARN] ModelIntegratedComponent:63 - No mode defined for component null
2026-05-13 09:27:59,983 [WARN] ModelIntegratedComponent:63 - No mode defined for component null
2026-05-13 09:27:59,983 [WARN] ModelIntegratedComponent:63 - No mode defined for component null
2026-05-13 09:27:59,983 [WARN] ModelIntegratedComponent:63 - No mode defined for component null
2026-05-13 09:27:59,983 [WARN] ModelIntegratedComponent:63 - No mode defined for component null
2026-05-13 09:27:59,983 [WARN] ModelIntegratedComponent:63 - No mode defined for component null
2026-05-13 09:27:59,983 [WARN] ModelIntegratedComponent:63 - No mode defined for component null
2026-05-13 09:27:59,984 [WARN] ModelIntegratedComponent:63 - No mode defined for component null
2026-05-13 09:27:59,984 [WARN] ModelPack:524 - Component already loaded: STMicroelectronics:HAL Drivers:0.0.0:STMicroelectronics:Device:STMicro_Driver:XSPI:HAL::0.0.1:HAL_XSPI
2026-05-13 09:28:00,145 [INFO] ThirdPartyModel:298 - Start build external matchings
2026-05-13 09:28:01,070 [INFO] ThirdPartyModel:316 - End build external matchings
2026-05-13 09:28:01,144 [INFO] ImportTextPane:218 - (OptionalMessage_ERROR) IP (DMA) : Parameter (Instance) has Id (USART2_TX) currently not set
2026-05-13 09:28:01,145 [INFO] ImportTextPane:218 - (OptionalMessage_ERROR) IP (DMA) : Parameter (Channel) has Id (USART2_TX) currently not set
2026-05-13 09:28:01,146 [INFO] ImportTextPane:218 - (OptionalMessage_ERROR) IP (DMA) : Parameter (Direction) has Id (USART2_TX) currently not set
2026-05-13 09:28:01,147 [INFO] ImportTextPane:218 - (OptionalMessage_ERROR) IP (DMA) : Parameter (PeriphInc) has Id (USART2_TX) currently not set
2026-05-13 09:28:01,148 [INFO] ImportTextPane:218 - (OptionalMessage_ERROR) IP (DMA) : Parameter (MemInc) has Id (USART2_TX) currently not set
2026-05-13 09:28:01,150 [INFO] ImportTextPane:218 - (OptionalMessage_ERROR) IP (DMA) : Parameter (PeriphDataAlignment) has Id (USART2_TX) currently not set
2026-05-13 09:28:01,151 [INFO] ImportTextPane:218 - (OptionalMessage_ERROR) IP (DMA) : Parameter (MemDataAlignment) has Id (USART2_TX) currently not set
2026-05-13 09:28:01,152 [INFO] ImportTextPane:218 - (OptionalMessage_ERROR) IP (DMA) : Parameter (Mode) has Id (USART2_TX) currently not set
2026-05-13 09:28:01,152 [INFO] ImportTextPane:218 - (OptionalMessage_ERROR) IP (DMA) : Parameter (Priority) has Id (USART2_TX) currently not set
2026-05-13 09:28:01,153 [INFO] ImportTextPane:218 - (OptionalMessage_ERROR) IP (DMA) : Parameter (FIFOMode) has Id (USART2_TX) currently not set
2026-05-13 09:28:01,153 [INFO] ImportTextPane:218 - (OptionalMessage_ERROR) IP (DMA) : Parameter (Instance) has Id (USART2_RX) currently not set
2026-05-13 09:28:01,153 [INFO] ImportTextPane:218 - (OptionalMessage_ERROR) IP (DMA) : Parameter (Channel) has Id (USART2_RX) currently not set
2026-05-13 09:28:01,153 [INFO] ImportTextPane:218 - (OptionalMessage_ERROR) IP (DMA) : Parameter (Direction) has Id (USART2_RX) currently not set
2026-05-13 09:28:01,153 [INFO] ImportTextPane:218 - (OptionalMessage_ERROR) IP (DMA) : Parameter (PeriphInc) has Id (USART2_RX) currently not set
2026-05-13 09:28:01,153 [INFO] ImportTextPane:218 - (OptionalMessage_ERROR) IP (DMA) : Parameter (MemInc) has Id (USART2_RX) currently not set
2026-05-13 09:28:01,154 [INFO] ImportTextPane:218 - (OptionalMessage_ERROR) IP (DMA) : Parameter (PeriphDataAlignment) has Id (USART2_RX) currently not set
2026-05-13 09:28:01,154 [INFO] ImportTextPane:218 - (OptionalMessage_ERROR) IP (DMA) : Parameter (MemDataAlignment) has Id (USART2_RX) currently not set
2026-05-13 09:28:01,154 [INFO] ImportTextPane:218 - (OptionalMessage_ERROR) IP (DMA) : Parameter (Mode) has Id (USART2_RX) currently not set
2026-05-13 09:28:01,154 [INFO] ImportTextPane:218 - (OptionalMessage_ERROR) IP (DMA) : Parameter (Priority) has Id (USART2_RX) currently not set
2026-05-13 09:28:01,154 [INFO] ImportTextPane:218 - (OptionalMessage_ERROR) IP (DMA) : Parameter (FIFOMode) has Id (USART2_RX) currently not set
2026-05-13 09:28:01,162 [INFO] ImportTextPane:218 - (OptionalMessage_ERROR) IP (RCC) : Parameter (RTCHSEDivFreq_Value) has invalid value (4000000)
2026-05-13 09:28:02,515 [INFO] ApiDb:581 - Connected to CubeFinder SQLite database (C:\Users\hp\.stmcufinder\plugins\mcufinder\mcu\cube-finder-db.db)
2026-05-13 09:28:02,778 [INFO] ApiDb:668 - CubeFinder database Data Model version=2.1
2026-05-13 09:28:02,778 [INFO] ApiDb:669 - CubeFinder database Configuration version=3.0.42
2026-05-13 09:28:02,779 [INFO] ApiDb:670 - CubeFinder database generation date=2026-05-06 (1778060171)
2026-05-13 09:28:02,779 [INFO] ApiDb:671 - CubeFinder database FW Pack versions=[FP-ATR-ASTRA1_V2.0.0, FP-SNS-FLIGHT1_V5.1.0, FP-SNS-MOTENV1_V5.1.0, FP-SNS-MOTENVWB1_V1.5.0, FP-SNS-SMARTAG2_V1.2.0, FP-SNS-STBOX1_V2.1.0, STM32Cube_FW_C0_V1.4.0, STM32Cube_FW_F4_V1.28.3, STM32Cube_FW_F7_V1.17.4, STM32Cube_FW_G0_V1.6.3, STM32Cube_FW_G4_V1.6.2, STM32Cube_FW_H5_V1.6.0, STM32Cube_FW_H7RS_V1.3.0, STM32Cube_FW_H7_V1.13.0, STM32Cube_FW_L0_V1.12.2, STM32Cube_FW_L4_V1.18.2, STM32Cube_FW_L5_V1.6.0, STM32Cube_FW_N6_V1.3.0, STM32Cube_FW_U0_V1.3.0, STM32Cube_FW_U3_V1.3.0, STM32Cube_FW_U5_V1.8.0, STM32Cube_FW_WB0_V1.4.0, STM32Cube_FW_WBA_V1.9.0, STM32Cube_FW_WB_V1.24.0, STM32Cube_FW_WL3_V1.4.0, STM32Cube_FW_WL_V1.5.0, X-CUBE-ALGOBUILD_V1.4.0, X-CUBE-ALS_V1.0.2, X-CUBE-AZRTOS-F4_V1.1.0, X-CUBE-AZRTOS-F7_V1.1.0, X-CUBE-AZRTOS-G0_V1.1.0, X-CUBE-AZRTOS-G4_V2.0.0, X-CUBE-AZRTOS-H7RS_V1.1.0, X-CUBE-AZRTOS-H7_V3.5.0, X-CUBE-AZRTOS-L4_V2.0.0, X-CUBE-AZRTOS-L5_V2.0.0, X-CUBE-AZRTOS-WB_V2.0.0, X-CUBE-AZRTOS-WL_V2.0.0, X-CUBE-BLE1_V7.1.0, X-CUBE-BLE2_V3.3.0, X-CUBE-BLEMGR_V4.1.0, X-CUBE-EEPRMA1_V5.2.0, X-CUBE-FREERTOS_V1.5.0, X-CUBE-GNSS1_V6.0.0, X-CUBE-MEMS1_V12.0.0, X-CUBE-NFC4_V3.0.0, X-CUBE-NFC7_V2.0.0, X-CUBE-SFXS2LP1_V4.0.0, X-CUBE-ST67W61_V1.2.0, X-CUBE-SUBG2_V5.0.0, X-CUBE-TOF1_V3.4.3]
2026-05-13 09:28:03,213 [INFO] DbBoardsSqlite:226 - include board P-NUCLEO-WB55-NUCLEO as a kit item of type 'Nucleo-64'
2026-05-13 09:28:03,213 [INFO] DbBoardsSqlite:226 - include board P-NUCLEO-WB55-USBDONGLE as a kit item of type 'Nucleo USB Dongle'
2026-05-13 09:28:03,220 [INFO] DbBoardsSqlite:226 - include board STEVAL-IDP005V1 as a kit item of type 'Evaluation Board'
2026-05-13 09:28:03,221 [INFO] DbBoardsSqlite:226 - include board STEVAL-IDP005V2 as a kit item of type 'Evaluation Board'
2026-05-13 09:28:07,013 [INFO] ApiDb:240 - Found 895 in-development CPN: [B-G473E-ZEST1S, B-WB1M-WPAN1, B-WBA5M-WPAN, B-WL5M-SUBG1, NUCLEO-C031C6, NUCLEO-C051C8, NUCLEO-C071RB, NUCLEO-C092RC, NUCLEO-H503RB, NUCLEO-H533RE, NUCLEO-H563ZI, NUCLEO-H7S3L8, NUCLEO-N657X0-Q, NUCLEO-U031R8, NUCLEO-U083RC, NUCLEO-U385RG-Q, NUCLEO-U545RE-Q, NUCLEO-U5A5ZJ-Q, NUCLEO-WB05KZ, NUCLEO-WB07CC, NUCLEO-WB09KE, NUCLEO-WBA52CG, NUCLEO-WBA55CG, NUCLEO-WBA65RI, NUCLEO-WL33CC1, NUCLEO-WL33CC2, STEVAL-PROTEUS1, STEVAL-SMARTAG2, STEVAL-STWINBX1, STM320518-EVAL, STM32C0116-DK, STM32C011D6Y3TR, STM32C011D6Y6TR, STM32C011F4P3, STM32C011F4P6, STM32C011F4U3, STM32C011F4U6TR, STM32C011F6P3, STM32C011F6P6, STM32C011F6U3, STM32C011F6U6TR, STM32C011J4M3, STM32C011J4M6, STM32C011J6M3, STM32C011J6M6, STM32C0316-DK, STM32C031C4T3, STM32C031C4T6, STM32C031C4U3, STM32C031C4U6, STM32C031C6T3, STM32C031C6T6, STM32C031C6U3, STM32C031C6U6, STM32C031F4P3, STM32C031F4P6, STM32C031F6P3, STM32C031F6P6, STM32C031G4U3, STM32C031G4U6, STM32C031G6U3, STM32C031G6U6, STM32C031K4T3, STM32C031K4T6, STM32C031K4U3, STM32C031K4U6, STM32C031K6T3, STM32C031K6T6, STM32C031K6U3, STM32C031K6U6, STM32C051C6T6, STM32C051C6U6, STM32C051C8T6, STM32C051C8U6, STM32C051D8Y6TR, STM32C051F6P6, STM32C051F8P6, STM32C051G6U6, STM32C051G8U6, STM32C051K6T6, STM32C051K6U6, STM32C051K8T6, STM32C071C8T6, STM32C071C8T6N, STM32C071C8U6, STM32C071C8U6N, STM32C071CBT6, STM32C071CBT6N, STM32C071CBU6, STM32C071CBU6N, STM32C071F8P6, STM32C071F8P6N, STM32C071FBP6, STM32C071FBP6N, STM32C071FBY6TR, STM32C071G8U6, STM32C071G8U6N, STM32C071GBU6, STM32C071GBU6N, STM32C071K8T6, STM32C071K8T6N, STM32C071K8U6, STM32C071K8U6N, STM32C071KBT6, STM32C071KBT6N, STM32C071KBU6, STM32C071KBU6N, STM32C071R8T6, STM32C071R8T6N, STM32C071RBI6N, STM32C071RBT6, STM32C071RBT6N, STM32C091CBT6, STM32C091CBU6, STM32C091CCT6, STM32C091CCU6, STM32C091ECY6TR, STM32C091FBP6, STM32C091FCP6, STM32C091GBU6, STM32C091GCU6, STM32C091KBT6, STM32C091KBU6, STM32C091KCT6, STM32C091KCU6, STM32C091RBT6, STM32C091RCI6, STM32C091RCT6, STM32C092CBT6, STM32C092CBU6, STM32C092CCT6, STM32C092CCU6, STM32C092ECY6TR, STM32C092FBP6, STM32C092FCP6, STM32C092GBU6, STM32C092GCU6, STM32C092KBT6, STM32C092KBU6, STM32C092KCT6, STM32C092KCU6, STM32C092RBT6, STM32C092RCI6, STM32C092RCT6, STM32G071K8TXN, STM32G071K8UXN, STM32G081GBU6N, STM32G081KBT6N, STM32G081KBUXN, STM32G0B1CCT6N, STM32G0B1KCT6, STM32G0B1NEY6TR, STM32G0B1RCT6N, STM32G0C1CCT6, STM32G0C1CCT6N, STM32G0C1CCU6N, STM32G0C1CET6N, STM32G0C1CEU6N, STM32G0C1KCT6, STM32G0C1NEY6TR, STM32G0C1RCI6N, STM32G0C1RCT6N, STM32G0C1REI6N, STM32G0C1RET6N, STM32G0C1VCI6, STM32G0C1VEI6, STM32G411C6T3, STM32G411C6T6, STM32G411C6U3, STM32G411C6U6, STM32G411C8T3, STM32G411C8T6, STM32G411C8U3, STM32G411C8U6, STM32G411CBT3, STM32G411CBT6, STM32G411CBU3, STM32G411CBU6, STM32G411CCT3, STM32G411CCT6, STM32G411CCU3, STM32G411CCU6, STM32G411K6T3, STM32G411K6T6, STM32G411K6U3, STM32G411K6U6, STM32G411K8T3, STM32G411K8T6, STM32G411K8U3, STM32G411K8U6, STM32G411KBT3, STM32G411KBT6, STM32G411KBU3, STM32G411KBU6, STM32G411M6T3, STM32G411M6T6, STM32G411M8T3, STM32G411M8T6, STM32G411MBT3, STM32G411MBT6, STM32G411MCT3, STM32G411MCT6, STM32G411R6T3, STM32G411R6T6, STM32G411R8T3, STM32G411R8T6, STM32G411RBT3, STM32G411RBT6, STM32G411RCT3, STM32G411RCT6, STM32G414CBT3, STM32G414CBT6, STM32G414CBU3, STM32G414CBU6, STM32G414CCT3, STM32G414CCT6, STM32G414CCU3, STM32G414CCU6, STM32G414MBT3, STM32G414MBT6, STM32G414MCT3, STM32G414MCT6, STM32G414RBT3, STM32G414RBT6, STM32G414RCT3, STM32G414RCT6, STM32G414VBT3, STM32G414VBT6, STM32G414VCT3, STM32G414VCT6, STM32G431CBT3Z, STM32G431RBT3Z, STM32G471CCT6, STM32G471CCU6, STM32G471CET3, STM32G471CET6, STM32G471CEU3, STM32G471CEU6, STM32G471MCT6, STM32G471MET3, STM32G471MET6, STM32G471MEY6TR, STM32G471QCT6, STM32G471QET3, STM32G471RCT6, STM32G471RET3, STM32G471RET6, STM32G471VCH6, STM32G471VCI6, STM32G471VCT6, STM32G471VEH3, STM32G471VEH6, STM32G471VEI3, STM32G471VEI6, STM32G471VET3, STM32G471VET6, STM32G473QET3Z, STM32G473RET3Z, STM32G474CCT6, STM32G491RET3Z, STM32H503CBT6, STM32H503CBU6, STM32H503EBY6TR, STM32H503KBU6, STM32H503RBT6, STM32H523CCT6, STM32H523CCU6, STM32H523CET6, STM32H523CEU6, STM32H523HEY6TR, STM32H523RCT6, STM32H523RET6, STM32H523VCI6, STM32H523VCT6, STM32H523VEI6, STM32H523VET6, STM32H523ZCJ6, STM32H523ZCT6, STM32H523ZEJ6, STM32H523ZET6, STM32H533CET6, STM32H533CEU6, STM32H533HEY6TR, STM32H533RET6, STM32H533VEI6, STM32H533VET6, STM32H533ZEJ6, STM32H533ZET6, STM32H562AGI6, STM32H562AII6, STM32H562IGK6, STM32H562IGT6, STM32H562IIK6, STM32H562IIT6, STM32H562RGT6, STM32H562RGV6, STM32H562RIT6, STM32H562RIV6, STM32H562VGT6, STM32H562VIT6, STM32H562ZGT6, STM32H562ZIT6, STM32H563AGI6, STM32H563AII3Q, STM32H563AII6, STM32H563IGK6, STM32H563IGT6, STM32H563IIK3Q, STM32H563IIK6, STM32H563IIT3Q, STM32H563IIT6, STM32H563MIY3QTR, STM32H563RGT6, STM32H563RGV6, STM32H563RIT6, STM32H563RIV6, STM32H563VGT6, STM32H563VIT3Q, STM32H563VIT6, STM32H563ZGT6, STM32H563ZIT3Q, STM32H563ZIT6, STM32H573AII3Q, STM32H573AII6, STM32H573I-DK, STM32H573IIK3Q, STM32H573IIK6, STM32H573IIT3Q, STM32H573IIT6, STM32H573MIY3QTR, STM32H573RIT6, STM32H573RIV6, STM32H573VIT3Q, STM32H573VIT6, STM32H573ZIT3Q, STM32H573ZIT6, STM32H7R3A8I6, STM32H7R3I8K6, STM32H7R3I8T6, STM32H7R3L8H6, STM32H7R3L8H6H, STM32H7R3R8V6, STM32H7R3V8H6, STM32H7R3V8T6, STM32H7R3V8Y6TR, STM32H7R3Z8J6, STM32H7R3Z8T6, STM32H7R7A8I6, STM32H7R7I8K6, STM32H7R7I8T6, STM32H7R7L8H6, STM32H7R7L8H6H, STM32H7R7Z8J6, STM32H7S3A8I6, STM32H7S3I8K6, STM32H7S3I8T6, STM32H7S3L8H6, STM32H7S3L8H6H, STM32H7S3R8V6, STM32H7S3V8H6, STM32H7S3V8T6, STM32H7S3V8Y6TR, STM32H7S3Z8J6, STM32H7S3Z8T6, STM32H7S78-DK, STM32H7S7A8I6, STM32H7S7I8K6, STM32H7S7I8T6, STM32H7S7L8H6, STM32H7S7L8H6H, STM32H7S7Z8J6, STM32L4R5QGI6STR, STM32MP131AAE3, STM32MP131AAF3, STM32MP131AAG3, STM32MP131CAE3, STM32MP131CAF3, STM32MP131CAG3, STM32MP131DAE7, STM32MP131DAF7, STM32MP131DAG7, STM32MP131FAE7, STM32MP131FAF7, STM32MP131FAG7, STM32MP133AAE3, STM32MP133AAF3, STM32MP133AAG3, STM32MP133CAE3, STM32MP133CAF3, STM32MP133CAG3, STM32MP133DAE7, STM32MP133DAF7, STM32MP133DAG7, STM32MP133FAE7, STM32MP133FAF7, STM32MP133FAG7, STM32MP135AAE3, STM32MP135AAF3, STM32MP135AAG3, STM32MP135CAE3, STM32MP135CAF3, STM32MP135CAG3, STM32MP135DAE7, STM32MP135DAF7, STM32MP135DAG7, STM32MP135F-DK, STM32MP135FAE7, STM32MP135FAF7, STM32MP135FAF7T, STM32MP135FAF7U, STM32MP135FAG7, STM32MP231AAJ3, STM32MP231AAK3, STM32MP231AAL3, STM32MP231CAJ3, STM32MP231CAK3, STM32MP231CAL3, STM32MP231DAJ3, STM32MP231DAK3, STM32MP231DAL3, STM32MP231FAJ3, STM32MP231FAK3, STM32MP231FAL3, STM32MP233AAJ3, STM32MP233AAK3, STM32MP233AAL3, STM32MP233CAJ3, STM32MP233CAK3, STM32MP233CAL3, STM32MP233DAJ3, STM32MP233DAK3, STM32MP233DAL3, STM32MP233FAJ3, STM32MP233FAK3, STM32MP233FAL3, STM32MP235AAJ3, STM32MP235AAK3, STM32MP235AAL3, STM32MP235CAJ3, STM32MP235CAK3, STM32MP235CAL3, STM32MP235DAJ3, STM32MP235DAK3, STM32MP235DAL3, STM32MP235FAJ3, STM32MP235FAK3, STM32MP235FAL3, STM32MP251AAI3, STM32MP251AAJ3, STM32MP251AAK3, STM32MP251AAL3, STM32MP251CAI3, STM32MP251CAJ3, STM32MP251CAK3, STM32MP251CAL3, STM32MP251DAI3, STM32MP251DAJ3, STM32MP251DAK3, STM32MP251DAL3, STM32MP251FAI3, STM32MP251FAJ3, STM32MP251FAK3, STM32MP251FAL3, STM32MP253AAI3, STM32MP253AAJ3, STM32MP253AAK3, STM32MP253AAL3, STM32MP253CAI3, STM32MP253CAJ3, STM32MP253CAK3, STM32MP253CAL3, STM32MP253DAI3, STM32MP253DAJ3, STM32MP253DAK3, STM32MP253DAL3, STM32MP253FAI3, STM32MP253FAJ3, STM32MP253FAK3, STM32MP253FAL3, STM32MP255AAI3, STM32MP255AAJ3, STM32MP255AAK3, STM32MP255AAL3, STM32MP255CAI3, STM32MP255CAJ3, STM32MP255CAK3, STM32MP255CAL3, STM32MP255DAI3, STM32MP255DAJ3, STM32MP255DAK3, STM32MP255DAL3, STM32MP255FAI3, STM32MP255FAJ3, STM32MP255FAK3, STM32MP255FAL3, STM32MP257AAI3, STM32MP257AAJ3, STM32MP257AAK3, STM32MP257AAL3, STM32MP257CAI3, STM32MP257CAJ3, STM32MP257CAK3, STM32MP257CAL3, STM32MP257DAI3, STM32MP257DAJ3, STM32MP257DAK3, STM32MP257DAL3, STM32MP257F-DK, STM32MP257F-EV1, STM32MP257FAI3, STM32MP257FAJ3, STM32MP257FAK3, STM32MP257FAL3, STM32N645A0H3Q, STM32N645B0H3Q, STM32N645I0H3Q, STM32N645L0H3Q, STM32N645X0H3Q, STM32N645Z0H3Q, STM32N647A0H3Q, STM32N647B0H3Q, STM32N647I0H3Q, STM32N647L0H3Q, STM32N647X0H3Q, STM32N647Z0H3Q, STM32N655A0H3Q, STM32N655B0H3Q, STM32N655I0H3Q, STM32N655L0H3Q, STM32N655X0H3Q, STM32N655Z0H3Q, STM32N6570-DK, STM32N657A0H3Q, STM32N657B0H3Q, STM32N657I0H3Q, STM32N657L0H3Q, STM32N657X0H3Q, STM32N657Z0H3Q, STM32U031C6T6, STM32U031C6U6, STM32U031C8T6, STM32U031C8U6, STM32U031F4P6, STM32U031F6P6, STM32U031F8P6, STM32U031G6Y6TR, STM32U031G8Y6TR, STM32U031K4U6, STM32U031K6U6, STM32U031K8U6, STM32U031R6I6, STM32U031R6T6, STM32U031R8I6, STM32U031R8T6, STM32U073C8T6, STM32U073C8U6, STM32U073CBT6, STM32U073CBU6, STM32U073CCT6, STM32U073CCU6, STM32U073H8Y6TR, STM32U073HBY6TR, STM32U073HCY6TR, STM32U073K8U6, STM32U073KBU6, STM32U073KCU6, STM32U073M8I6, STM32U073M8T6, STM32U073MBI6, STM32U073MBT6, STM32U073MCI6, STM32U073MCT6, STM32U073R8I6, STM32U073R8T6, STM32U073RBI6, STM32U073RBT6, STM32U073RCI6, STM32U073RCT6, STM32U083C-DK, STM32U083CCT6, STM32U083CCU6, STM32U083HCY6TR, STM32U083KCU6, STM32U083MCI6, STM32U083MCT6, STM32U083RCI6, STM32U083RCT6, STM32U375CET6, STM32U375CET6Q, STM32U375CEU6, STM32U375CEU6Q, STM32U375CEY6QTR, STM32U375CGT6, STM32U375CGT6Q, STM32U375CGU6, STM32U375CGU6Q, STM32U375CGY6QTR, STM32U375KEU6, STM32U375KGU6, STM32U375REI6, STM32U375REI6Q, STM32U375RET6, STM32U375RET6Q, STM32U375REY6GTR, STM32U375REY6QTR, STM32U375RGI6, STM32U375RGI6Q, STM32U375RGT6, STM32U375RGT6Q, STM32U375RGY6GTR, STM32U375RGY6QTR, STM32U375VEI6, STM32U375VEI6Q, STM32U375VET6, STM32U375VET6Q, STM32U375VGI6, STM32U375VGI6Q, STM32U375VGT6, STM32U375VGT6Q, STM32U385CGT6, STM32U385CGT6Q, STM32U385CGU6, STM32U385CGU6Q, STM32U385CGY6QTR, STM32U385KGU6, STM32U385RGI6, STM32U385RGI6Q, STM32U385RGT6, STM32U385RGT6Q, STM32U385RGY6GTR, STM32U385RGY6QTR, STM32U385VGI6, STM32U385VGI6Q, STM32U385VGT6, STM32U385VGT6Q, STM32U535CBT6, STM32U535CBT6Q, STM32U535CBU6, STM32U535CBU6Q, STM32U535CCT6, STM32U535CCT6Q, STM32U535CCU6, STM32U535CCU6Q, STM32U535CET6, STM32U535CET6Q, STM32U535CEU6, STM32U535CEU6Q, STM32U535JEY6QTR, STM32U535NCY6QTR, STM32U535NEY6QTR, STM32U535RBI6, STM32U535RBI6Q, STM32U535RBT6, STM32U535RBT6Q, STM32U535RCI6, STM32U535RCI6Q, STM32U535RCT6, STM32U535RCT6Q, STM32U535REI6, STM32U535REI6Q, STM32U535RET6, STM32U535RET6Q, STM32U535VCI6, STM32U535VCI6Q, STM32U535VCT6, STM32U535VCT6Q, STM32U535VEI6, STM32U535VEI6Q, STM32U535VET6, STM32U535VET6Q, STM32U545CET6, STM32U545CET6Q, STM32U545CEU6, STM32U545CEU6Q, STM32U545JEY6QTR, STM32U545NEY6QTR, STM32U545REI6, STM32U545REI6Q, STM32U545RET6, STM32U545RET6Q, STM32U545VEI6, STM32U545VEI6Q, STM32U545VET6, STM32U545VET6Q, STM32U595AIH6, STM32U595AIH6Q, STM32U595AJH6, STM32U595AJH6Q, STM32U595QII6, STM32U595QII6Q, STM32U595QJI6, STM32U595QJI6Q, STM32U595RIT6, STM32U595RIT6Q, STM32U595RJT6, STM32U595RJT6Q, STM32U595VIT6, STM32U595VIT6Q, STM32U595VJT6, STM32U595VJT6Q, STM32U595ZIT6, STM32U595ZIT6Q, STM32U595ZIY6QTR, STM32U595ZJT6, STM32U595ZJT6Q, STM32U595ZJY6QTR, STM32U599BJY6QTR, STM32U599NIH6Q, STM32U599NJH6Q, STM32U599VIT6Q, STM32U599VJT6, STM32U599VJT6Q, STM32U599ZIT6Q, STM32U599ZIY6QTR, STM32U599ZJT6Q, STM32U599ZJY6QTR, STM32U5A5AJH6, STM32U5A5AJH6Q, STM32U5A5QII3Q , STM32U5A5QJI6, STM32U5A5QJI6Q, STM32U5A5RJT6, STM32U5A5RJT6Q, STM32U5A5VJT6, STM32U5A5VJT6Q, STM32U5A5ZJT6, STM32U5A5ZJT6Q, STM32U5A5ZJY6QTR, STM32U5A9BJY6QTR, STM32U5A9J-DK, STM32U5A9NJH6Q, STM32U5A9VJT6Q, STM32U5A9ZJT6Q, STM32U5A9ZJY6QTR, STM32U5F7VIT6, STM32U5F7VIT6Q, STM32U5F7VJT6, STM32U5F7VJT6Q, STM32U5F9BJY6QTR, STM32U5F9NJH6Q, STM32U5F9VIT6Q, STM32U5F9VJT6Q, STM32U5F9ZIJ6QTR, STM32U5F9ZIT6Q, STM32U5F9ZJJ6QTR, STM32U5F9ZJT6Q, STM32U5G7VJT6, STM32U5G7VJT6Q, STM32U5G9BJY6QTR, STM32U5G9J-DK1, STM32U5G9J-DK2, STM32U5G9NJH6Q, STM32U5G9VJT6Q, STM32U5G9ZJJ6QTR, STM32U5G9ZJT6Q, STM32WB05KZV6TR, STM32WB05KZV7TR, STM32WB05TZF6TR, STM32WB05TZF7TR, STM32WB06CCF6TR, STM32WB06CCF7TR, STM32WB06CCV6TR, STM32WB06CCV7TR, STM32WB06KCV6TR, STM32WB06KCV7TR, STM32WB07CCF6TR, STM32WB07CCF7TR, STM32WB07CCV6TR, STM32WB07CCV7TR, STM32WB07KCV6TR, STM32WB07KCV7TR, STM32WB09KEV6TR, STM32WB09KEV7TR, STM32WB09TEF6TR, STM32WB09TEF7TR, STM32WB1MMCH6, STM32WBA50KGU6, STM32WBA50KGU6TR, STM32WBA52CEU6, STM32WBA52CEU6TR, STM32WBA52CEU7, STM32WBA52CEU7TR, STM32WBA52CGU6, STM32WBA52CGU6TR, STM32WBA52CGU6U, STM32WBA52CGU7, STM32WBA52CGU7TR, STM32WBA52KEU6, STM32WBA52KEU6TR, STM32WBA52KGU6, STM32WBA52KGU6TR, STM32WBA54CEU6, STM32WBA54CEU6TR, STM32WBA54CEU7, STM32WBA54CEU7TR, STM32WBA54CGU6, STM32WBA54CGU6TR, STM32WBA54CGU7, STM32WBA54CGU7TR, STM32WBA54KEU6, STM32WBA54KEU6TR, STM32WBA54KEU7, STM32WBA54KEU7TR, STM32WBA54KGU6, STM32WBA54KGU6TR, STM32WBA54KGU7, STM32WBA54KGU7TR, STM32WBA55CEU6, STM32WBA55CEU6TR, STM32WBA55CEU7, STM32WBA55CEU7TR, STM32WBA55CGU6, STM32WBA55CGU6TR, STM32WBA55CGU6U, STM32WBA55CGU7, STM32WBA55CGU7TR, STM32WBA55G-DK1, STM32WBA55HEF6, STM32WBA55HEF7, STM32WBA55HGF6, STM32WBA55HGF7, STM32WBA55UEI6, STM32WBA55UEI6TR, STM32WBA55UEI7, STM32WBA55UEI7TR, STM32WBA55UGI6, STM32WBA55UGI6TR, STM32WBA55UGI7, STM32WBA55UGI7TR, STM32WBA5MJGH6TR, STM32WBA62CGU6, STM32WBA62CIU6, STM32WBA62MGF6, STM32WBA62MIF6, STM32WBA62PGI6, STM32WBA62PII6, STM32WBA63CGU6, STM32WBA63CGU7, STM32WBA63CIU6, STM32WBA63CIU7, STM32WBA64CGU6, STM32WBA64CGU7, STM32WBA64CIU6, STM32WBA64CIU7, STM32WBA65CGU6, STM32WBA65CGU7, STM32WBA65CIU6, STM32WBA65CIU7, STM32WBA65I-DK1, STM32WBA65MGF6, STM32WBA65MGF7, STM32WBA65MIF6, STM32WBA65MIF7, STM32WBA65PGI6, STM32WBA65PGI7, STM32WBA65PII6, STM32WBA65PII7, STM32WBA65RGV6, STM32WBA65RGV7, STM32WBA65RIV6, STM32WBA65RIV7, STM32WL30K8V6, STM32WL30KBV6, STM32WL31C8V6, STM32WL31CBV6, STM32WL31K8V6, STM32WL31KBV6, STM32WL33C8V6, STM32WL33C8V6TR, STM32WL33C8V7, STM32WL33C8V7TR, STM32WL33CBV6, STM32WL33CBV6TR, STM32WL33CBV7, STM32WL33CBV7TR, STM32WL33CCV6, STM32WL33CCV6TR, STM32WL33CCV7, STM32WL33CCV7A, STM32WL33CCV7ATR, STM32WL33CCV7TR, STM32WL33K8V6, STM32WL33K8V6TR, STM32WL33K8V7, STM32WL33K8V7TR, STM32WL33KBV6, STM32WL33KBV6TR, STM32WL33KBV7, STM32WL33KBV7TR, STM32WL33KCV6, STM32WL33KCV6TR, STM32WL33KCV7, STM32WL33KCV7TR, STM32WL5MOCH6, STM32WL5MOCH6TR]
2026-05-13 09:28:07,025 [INFO] ApiDb:668 - CubeFinder database Data Model version=2.1
2026-05-13 09:28:07,025 [INFO] ApiDb:669 - CubeFinder database Configuration version=3.0.42
2026-05-13 09:28:07,025 [INFO] ApiDb:670 - CubeFinder database generation date=2026-05-06 (1778060171)
2026-05-13 09:28:07,026 [INFO] ApiDb:671 - CubeFinder database FW Pack versions=[FP-ATR-ASTRA1_V2.0.0, FP-SNS-FLIGHT1_V5.1.0, FP-SNS-MOTENV1_V5.1.0, FP-SNS-MOTENVWB1_V1.5.0, FP-SNS-SMARTAG2_V1.2.0, FP-SNS-STBOX1_V2.1.0, STM32Cube_FW_C0_V1.4.0, STM32Cube_FW_F4_V1.28.3, STM32Cube_FW_F7_V1.17.4, STM32Cube_FW_G0_V1.6.3, STM32Cube_FW_G4_V1.6.2, STM32Cube_FW_H5_V1.6.0, STM32Cube_FW_H7RS_V1.3.0, STM32Cube_FW_H7_V1.13.0, STM32Cube_FW_L0_V1.12.2, STM32Cube_FW_L4_V1.18.2, STM32Cube_FW_L5_V1.6.0, STM32Cube_FW_N6_V1.3.0, STM32Cube_FW_U0_V1.3.0, STM32Cube_FW_U3_V1.3.0, STM32Cube_FW_U5_V1.8.0, STM32Cube_FW_WB0_V1.4.0, STM32Cube_FW_WBA_V1.9.0, STM32Cube_FW_WB_V1.24.0, STM32Cube_FW_WL3_V1.4.0, STM32Cube_FW_WL_V1.5.0, X-CUBE-ALGOBUILD_V1.4.0, X-CUBE-ALS_V1.0.2, X-CUBE-AZRTOS-F4_V1.1.0, X-CUBE-AZRTOS-F7_V1.1.0, X-CUBE-AZRTOS-G0_V1.1.0, X-CUBE-AZRTOS-G4_V2.0.0, X-CUBE-AZRTOS-H7RS_V1.1.0, X-CUBE-AZRTOS-H7_V3.5.0, X-CUBE-AZRTOS-L4_V2.0.0, X-CUBE-AZRTOS-L5_V2.0.0, X-CUBE-AZRTOS-WB_V2.0.0, X-CUBE-AZRTOS-WL_V2.0.0, X-CUBE-BLE1_V7.1.0, X-CUBE-BLE2_V3.3.0, X-CUBE-BLEMGR_V4.1.0, X-CUBE-EEPRMA1_V5.2.0, X-CUBE-FREERTOS_V1.5.0, X-CUBE-GNSS1_V6.0.0, X-CUBE-MEMS1_V12.0.0, X-CUBE-NFC4_V3.0.0, X-CUBE-NFC7_V2.0.0, X-CUBE-SFXS2LP1_V4.0.0, X-CUBE-ST67W61_V1.2.0, X-CUBE-SUBG2_V5.0.0, X-CUBE-TOF1_V3.4.3]
2026-05-13 09:28:12,546 [INFO] ApiDb:240 - Found 895 in-development CPN: [B-G473E-ZEST1S, B-WB1M-WPAN1, B-WBA5M-WPAN, B-WL5M-SUBG1, NUCLEO-C031C6, NUCLEO-C051C8, NUCLEO-C071RB, NUCLEO-C092RC, NUCLEO-H503RB, NUCLEO-H533RE, NUCLEO-H563ZI, NUCLEO-H7S3L8, NUCLEO-N657X0-Q, NUCLEO-U031R8, NUCLEO-U083RC, NUCLEO-U385RG-Q, NUCLEO-U545RE-Q, NUCLEO-U5A5ZJ-Q, NUCLEO-WB05KZ, NUCLEO-WB07CC, NUCLEO-WB09KE, NUCLEO-WBA52CG, NUCLEO-WBA55CG, NUCLEO-WBA65RI, NUCLEO-WL33CC1, NUCLEO-WL33CC2, STEVAL-PROTEUS1, STEVAL-SMARTAG2, STEVAL-STWINBX1, STM320518-EVAL, STM32C0116-DK, STM32C011D6Y3TR, STM32C011D6Y6TR, STM32C011F4P3, STM32C011F4P6, STM32C011F4U3, STM32C011F4U6TR, STM32C011F6P3, STM32C011F6P6, STM32C011F6U3, STM32C011F6U6TR, STM32C011J4M3, STM32C011J4M6, STM32C011J6M3, STM32C011J6M6, STM32C0316-DK, STM32C031C4T3, STM32C031C4T6, STM32C031C4U3, STM32C031C4U6, STM32C031C6T3, STM32C031C6T6, STM32C031C6U3, STM32C031C6U6, STM32C031F4P3, STM32C031F4P6, STM32C031F6P3, STM32C031F6P6, STM32C031G4U3, STM32C031G4U6, STM32C031G6U3, STM32C031G6U6, STM32C031K4T3, STM32C031K4T6, STM32C031K4U3, STM32C031K4U6, STM32C031K6T3, STM32C031K6T6, STM32C031K6U3, STM32C031K6U6, STM32C051C6T6, STM32C051C6U6, STM32C051C8T6, STM32C051C8U6, STM32C051D8Y6TR, STM32C051F6P6, STM32C051F8P6, STM32C051G6U6, STM32C051G8U6, STM32C051K6T6, STM32C051K6U6, STM32C051K8T6, STM32C071C8T6, STM32C071C8T6N, STM32C071C8U6, STM32C071C8U6N, STM32C071CBT6, STM32C071CBT6N, STM32C071CBU6, STM32C071CBU6N, STM32C071F8P6, STM32C071F8P6N, STM32C071FBP6, STM32C071FBP6N, STM32C071FBY6TR, STM32C071G8U6, STM32C071G8U6N, STM32C071GBU6, STM32C071GBU6N, STM32C071K8T6, STM32C071K8T6N, STM32C071K8U6, STM32C071K8U6N, STM32C071KBT6, STM32C071KBT6N, STM32C071KBU6, STM32C071KBU6N, STM32C071R8T6, STM32C071R8T6N, STM32C071RBI6N, STM32C071RBT6, STM32C071RBT6N, STM32C091CBT6, STM32C091CBU6, STM32C091CCT6, STM32C091CCU6, STM32C091ECY6TR, STM32C091FBP6, STM32C091FCP6, STM32C091GBU6, STM32C091GCU6, STM32C091KBT6, STM32C091KBU6, STM32C091KCT6, STM32C091KCU6, STM32C091RBT6, STM32C091RCI6, STM32C091RCT6, STM32C092CBT6, STM32C092CBU6, STM32C092CCT6, STM32C092CCU6, STM32C092ECY6TR, STM32C092FBP6, STM32C092FCP6, STM32C092GBU6, STM32C092GCU6, STM32C092KBT6, STM32C092KBU6, STM32C092KCT6, STM32C092KCU6, STM32C092RBT6, STM32C092RCI6, STM32C092RCT6, STM32G071K8TXN, STM32G071K8UXN, STM32G081GBU6N, STM32G081KBT6N, STM32G081KBUXN, STM32G0B1CCT6N, STM32G0B1KCT6, STM32G0B1NEY6TR, STM32G0B1RCT6N, STM32G0C1CCT6, STM32G0C1CCT6N, STM32G0C1CCU6N, STM32G0C1CET6N, STM32G0C1CEU6N, STM32G0C1KCT6, STM32G0C1NEY6TR, STM32G0C1RCI6N, STM32G0C1RCT6N, STM32G0C1REI6N, STM32G0C1RET6N, STM32G0C1VCI6, STM32G0C1VEI6, STM32G411C6T3, STM32G411C6T6, STM32G411C6U3, STM32G411C6U6, STM32G411C8T3, STM32G411C8T6, STM32G411C8U3, STM32G411C8U6, STM32G411CBT3, STM32G411CBT6, STM32G411CBU3, STM32G411CBU6, STM32G411CCT3, STM32G411CCT6, STM32G411CCU3, STM32G411CCU6, STM32G411K6T3, STM32G411K6T6, STM32G411K6U3, STM32G411K6U6, STM32G411K8T3, STM32G411K8T6, STM32G411K8U3, STM32G411K8U6, STM32G411KBT3, STM32G411KBT6, STM32G411KBU3, STM32G411KBU6, STM32G411M6T3, STM32G411M6T6, STM32G411M8T3, STM32G411M8T6, STM32G411MBT3, STM32G411MBT6, STM32G411MCT3, STM32G411MCT6, STM32G411R6T3, STM32G411R6T6, STM32G411R8T3, STM32G411R8T6, STM32G411RBT3, STM32G411RBT6, STM32G411RCT3, STM32G411RCT6, STM32G414CBT3, STM32G414CBT6, STM32G414CBU3, STM32G414CBU6, STM32G414CCT3, STM32G414CCT6, STM32G414CCU3, STM32G414CCU6, STM32G414MBT3, STM32G414MBT6, STM32G414MCT3, STM32G414MCT6, STM32G414RBT3, STM32G414RBT6, STM32G414RCT3, STM32G414RCT6, STM32G414VBT3, STM32G414VBT6, STM32G414VCT3, STM32G414VCT6, STM32G431CBT3Z, STM32G431RBT3Z, STM32G471CCT6, STM32G471CCU6, STM32G471CET3, STM32G471CET6, STM32G471CEU3, STM32G471CEU6, STM32G471MCT6, STM32G471MET3, STM32G471MET6, STM32G471MEY6TR, STM32G471QCT6, STM32G471QET3, STM32G471RCT6, STM32G471RET3, STM32G471RET6, STM32G471VCH6, STM32G471VCI6, STM32G471VCT6, STM32G471VEH3, STM32G471VEH6, STM32G471VEI3, STM32G471VEI6, STM32G471VET3, STM32G471VET6, STM32G473QET3Z, STM32G473RET3Z, STM32G474CCT6, STM32G491RET3Z, STM32H503CBT6, STM32H503CBU6, STM32H503EBY6TR, STM32H503KBU6, STM32H503RBT6, STM32H523CCT6, STM32H523CCU6, STM32H523CET6, STM32H523CEU6, STM32H523HEY6TR, STM32H523RCT6, STM32H523RET6, STM32H523VCI6, STM32H523VCT6, STM32H523VEI6, STM32H523VET6, STM32H523ZCJ6, STM32H523ZCT6, STM32H523ZEJ6, STM32H523ZET6, STM32H533CET6, STM32H533CEU6, STM32H533HEY6TR, STM32H533RET6, STM32H533VEI6, STM32H533VET6, STM32H533ZEJ6, STM32H533ZET6, STM32H562AGI6, STM32H562AII6, STM32H562IGK6, STM32H562IGT6, STM32H562IIK6, STM32H562IIT6, STM32H562RGT6, STM32H562RGV6, STM32H562RIT6, STM32H562RIV6, STM32H562VGT6, STM32H562VIT6, STM32H562ZGT6, STM32H562ZIT6, STM32H563AGI6, STM32H563AII3Q, STM32H563AII6, STM32H563IGK6, STM32H563IGT6, STM32H563IIK3Q, STM32H563IIK6, STM32H563IIT3Q, STM32H563IIT6, STM32H563MIY3QTR, STM32H563RGT6, STM32H563RGV6, STM32H563RIT6, STM32H563RIV6, STM32H563VGT6, STM32H563VIT3Q, STM32H563VIT6, STM32H563ZGT6, STM32H563ZIT3Q, STM32H563ZIT6, STM32H573AII3Q, STM32H573AII6, STM32H573I-DK, STM32H573IIK3Q, STM32H573IIK6, STM32H573IIT3Q, STM32H573IIT6, STM32H573MIY3QTR, STM32H573RIT6, STM32H573RIV6, STM32H573VIT3Q, STM32H573VIT6, STM32H573ZIT3Q, STM32H573ZIT6, STM32H7R3A8I6, STM32H7R3I8K6, STM32H7R3I8T6, STM32H7R3L8H6, STM32H7R3L8H6H, STM32H7R3R8V6, STM32H7R3V8H6, STM32H7R3V8T6, STM32H7R3V8Y6TR, STM32H7R3Z8J6, STM32H7R3Z8T6, STM32H7R7A8I6, STM32H7R7I8K6, STM32H7R7I8T6, STM32H7R7L8H6, STM32H7R7L8H6H, STM32H7R7Z8J6, STM32H7S3A8I6, STM32H7S3I8K6, STM32H7S3I8T6, STM32H7S3L8H6, STM32H7S3L8H6H, STM32H7S3R8V6, STM32H7S3V8H6, STM32H7S3V8T6, STM32H7S3V8Y6TR, STM32H7S3Z8J6, STM32H7S3Z8T6, STM32H7S78-DK, STM32H7S7A8I6, STM32H7S7I8K6, STM32H7S7I8T6, STM32H7S7L8H6, STM32H7S7L8H6H, STM32H7S7Z8J6, STM32L4R5QGI6STR, STM32MP131AAE3, STM32MP131AAF3, STM32MP131AAG3, STM32MP131CAE3, STM32MP131CAF3, STM32MP131CAG3, STM32MP131DAE7, STM32MP131DAF7, STM32MP131DAG7, STM32MP131FAE7, STM32MP131FAF7, STM32MP131FAG7, STM32MP133AAE3, STM32MP133AAF3, STM32MP133AAG3, STM32MP133CAE3, STM32MP133CAF3, STM32MP133CAG3, STM32MP133DAE7, STM32MP133DAF7, STM32MP133DAG7, STM32MP133FAE7, STM32MP133FAF7, STM32MP133FAG7, STM32MP135AAE3, STM32MP135AAF3, STM32MP135AAG3, STM32MP135CAE3, STM32MP135CAF3, STM32MP135CAG3, STM32MP135DAE7, STM32MP135DAF7, STM32MP135DAG7, STM32MP135F-DK, STM32MP135FAE7, STM32MP135FAF7, STM32MP135FAF7T, STM32MP135FAF7U, STM32MP135FAG7, STM32MP231AAJ3, STM32MP231AAK3, STM32MP231AAL3, STM32MP231CAJ3, STM32MP231CAK3, STM32MP231CAL3, STM32MP231DAJ3, STM32MP231DAK3, STM32MP231DAL3, STM32MP231FAJ3, STM32MP231FAK3, STM32MP231FAL3, STM32MP233AAJ3, STM32MP233AAK3, STM32MP233AAL3, STM32MP233CAJ3, STM32MP233CAK3, STM32MP233CAL3, STM32MP233DAJ3, STM32MP233DAK3, STM32MP233DAL3, STM32MP233FAJ3, STM32MP233FAK3, STM32MP233FAL3, STM32MP235AAJ3, STM32MP235AAK3, STM32MP235AAL3, STM32MP235CAJ3, STM32MP235CAK3, STM32MP235CAL3, STM32MP235DAJ3, STM32MP235DAK3, STM32MP235DAL3, STM32MP235FAJ3, STM32MP235FAK3, STM32MP235FAL3, STM32MP251AAI3, STM32MP251AAJ3, STM32MP251AAK3, STM32MP251AAL3, STM32MP251CAI3, STM32MP251CAJ3, STM32MP251CAK3, STM32MP251CAL3, STM32MP251DAI3, STM32MP251DAJ3, STM32MP251DAK3, STM32MP251DAL3, STM32MP251FAI3, STM32MP251FAJ3, STM32MP251FAK3, STM32MP251FAL3, STM32MP253AAI3, STM32MP253AAJ3, STM32MP253AAK3, STM32MP253AAL3, STM32MP253CAI3, STM32MP253CAJ3, STM32MP253CAK3, STM32MP253CAL3, STM32MP253DAI3, STM32MP253DAJ3, STM32MP253DAK3, STM32MP253DAL3, STM32MP253FAI3, STM32MP253FAJ3, STM32MP253FAK3, STM32MP253FAL3, STM32MP255AAI3, STM32MP255AAJ3, STM32MP255AAK3, STM32MP255AAL3, STM32MP255CAI3, STM32MP255CAJ3, STM32MP255CAK3, STM32MP255CAL3, STM32MP255DAI3, STM32MP255DAJ3, STM32MP255DAK3, STM32MP255DAL3, STM32MP255FAI3, STM32MP255FAJ3, STM32MP255FAK3, STM32MP255FAL3, STM32MP257AAI3, STM32MP257AAJ3, STM32MP257AAK3, STM32MP257AAL3, STM32MP257CAI3, STM32MP257CAJ3, STM32MP257CAK3, STM32MP257CAL3, STM32MP257DAI3, STM32MP257DAJ3, STM32MP257DAK3, STM32MP257DAL3, STM32MP257F-DK, STM32MP257F-EV1, STM32MP257FAI3, STM32MP257FAJ3, STM32MP257FAK3, STM32MP257FAL3, STM32N645A0H3Q, STM32N645B0H3Q, STM32N645I0H3Q, STM32N645L0H3Q, STM32N645X0H3Q, STM32N645Z0H3Q, STM32N647A0H3Q, STM32N647B0H3Q, STM32N647I0H3Q, STM32N647L0H3Q, STM32N647X0H3Q, STM32N647Z0H3Q, STM32N655A0H3Q, STM32N655B0H3Q, STM32N655I0H3Q, STM32N655L0H3Q, STM32N655X0H3Q, STM32N655Z0H3Q, STM32N6570-DK, STM32N657A0H3Q, STM32N657B0H3Q, STM32N657I0H3Q, STM32N657L0H3Q, STM32N657X0H3Q, STM32N657Z0H3Q, STM32U031C6T6, STM32U031C6U6, STM32U031C8T6, STM32U031C8U6, STM32U031F4P6, STM32U031F6P6, STM32U031F8P6, STM32U031G6Y6TR, STM32U031G8Y6TR, STM32U031K4U6, STM32U031K6U6, STM32U031K8U6, STM32U031R6I6, STM32U031R6T6, STM32U031R8I6, STM32U031R8T6, STM32U073C8T6, STM32U073C8U6, STM32U073CBT6, STM32U073CBU6, STM32U073CCT6, STM32U073CCU6, STM32U073H8Y6TR, STM32U073HBY6TR, STM32U073HCY6TR, STM32U073K8U6, STM32U073KBU6, STM32U073KCU6, STM32U073M8I6, STM32U073M8T6, STM32U073MBI6, STM32U073MBT6, STM32U073MCI6, STM32U073MCT6, STM32U073R8I6, STM32U073R8T6, STM32U073RBI6, STM32U073RBT6, STM32U073RCI6, STM32U073RCT6, STM32U083C-DK, STM32U083CCT6, STM32U083CCU6, STM32U083HCY6TR, STM32U083KCU6, STM32U083MCI6, STM32U083MCT6, STM32U083RCI6, STM32U083RCT6, STM32U375CET6, STM32U375CET6Q, STM32U375CEU6, STM32U375CEU6Q, STM32U375CEY6QTR, STM32U375CGT6, STM32U375CGT6Q, STM32U375CGU6, STM32U375CGU6Q, STM32U375CGY6QTR, STM32U375KEU6, STM32U375KGU6, STM32U375REI6, STM32U375REI6Q, STM32U375RET6, STM32U375RET6Q, STM32U375REY6GTR, STM32U375REY6QTR, STM32U375RGI6, STM32U375RGI6Q, STM32U375RGT6, STM32U375RGT6Q, STM32U375RGY6GTR, STM32U375RGY6QTR, STM32U375VEI6, STM32U375VEI6Q, STM32U375VET6, STM32U375VET6Q, STM32U375VGI6, STM32U375VGI6Q, STM32U375VGT6, STM32U375VGT6Q, STM32U385CGT6, STM32U385CGT6Q, STM32U385CGU6, STM32U385CGU6Q, STM32U385CGY6QTR, STM32U385KGU6, STM32U385RGI6, STM32U385RGI6Q, STM32U385RGT6, STM32U385RGT6Q, STM32U385RGY6GTR, STM32U385RGY6QTR, STM32U385VGI6, STM32U385VGI6Q, STM32U385VGT6, STM32U385VGT6Q, STM32U535CBT6, STM32U535CBT6Q, STM32U535CBU6, STM32U535CBU6Q, STM32U535CCT6, STM32U535CCT6Q, STM32U535CCU6, STM32U535CCU6Q, STM32U535CET6, STM32U535CET6Q, STM32U535CEU6, STM32U535CEU6Q, STM32U535JEY6QTR, STM32U535NCY6QTR, STM32U535NEY6QTR, STM32U535RBI6, STM32U535RBI6Q, STM32U535RBT6, STM32U535RBT6Q, STM32U535RCI6, STM32U535RCI6Q, STM32U535RCT6, STM32U535RCT6Q, STM32U535REI6, STM32U535REI6Q, STM32U535RET6, STM32U535RET6Q, STM32U535VCI6, STM32U535VCI6Q, STM32U535VCT6, STM32U535VCT6Q, STM32U535VEI6, STM32U535VEI6Q, STM32U535VET6, STM32U535VET6Q, STM32U545CET6, STM32U545CET6Q, STM32U545CEU6, STM32U545CEU6Q, STM32U545JEY6QTR, STM32U545NEY6QTR, STM32U545REI6, STM32U545REI6Q, STM32U545RET6, STM32U545RET6Q, STM32U545VEI6, STM32U545VEI6Q, STM32U545VET6, STM32U545VET6Q, STM32U595AIH6, STM32U595AIH6Q, STM32U595AJH6, STM32U595AJH6Q, STM32U595QII6, STM32U595QII6Q, STM32U595QJI6, STM32U595QJI6Q, STM32U595RIT6, STM32U595RIT6Q, STM32U595RJT6, STM32U595RJT6Q, STM32U595VIT6, STM32U595VIT6Q, STM32U595VJT6, STM32U595VJT6Q, STM32U595ZIT6, STM32U595ZIT6Q, STM32U595ZIY6QTR, STM32U595ZJT6, STM32U595ZJT6Q, STM32U595ZJY6QTR, STM32U599BJY6QTR, STM32U599NIH6Q, STM32U599NJH6Q, STM32U599VIT6Q, STM32U599VJT6, STM32U599VJT6Q, STM32U599ZIT6Q, STM32U599ZIY6QTR, STM32U599ZJT6Q, STM32U599ZJY6QTR, STM32U5A5AJH6, STM32U5A5AJH6Q, STM32U5A5QII3Q , STM32U5A5QJI6, STM32U5A5QJI6Q, STM32U5A5RJT6, STM32U5A5RJT6Q, STM32U5A5VJT6, STM32U5A5VJT6Q, STM32U5A5ZJT6, STM32U5A5ZJT6Q, STM32U5A5ZJY6QTR, STM32U5A9BJY6QTR, STM32U5A9J-DK, STM32U5A9NJH6Q, STM32U5A9VJT6Q, STM32U5A9ZJT6Q, STM32U5A9ZJY6QTR, STM32U5F7VIT6, STM32U5F7VIT6Q, STM32U5F7VJT6, STM32U5F7VJT6Q, STM32U5F9BJY6QTR, STM32U5F9NJH6Q, STM32U5F9VIT6Q, STM32U5F9VJT6Q, STM32U5F9ZIJ6QTR, STM32U5F9ZIT6Q, STM32U5F9ZJJ6QTR, STM32U5F9ZJT6Q, STM32U5G7VJT6, STM32U5G7VJT6Q, STM32U5G9BJY6QTR, STM32U5G9J-DK1, STM32U5G9J-DK2, STM32U5G9NJH6Q, STM32U5G9VJT6Q, STM32U5G9ZJJ6QTR, STM32U5G9ZJT6Q, STM32WB05KZV6TR, STM32WB05KZV7TR, STM32WB05TZF6TR, STM32WB05TZF7TR, STM32WB06CCF6TR, STM32WB06CCF7TR, STM32WB06CCV6TR, STM32WB06CCV7TR, STM32WB06KCV6TR, STM32WB06KCV7TR, STM32WB07CCF6TR, STM32WB07CCF7TR, STM32WB07CCV6TR, STM32WB07CCV7TR, STM32WB07KCV6TR, STM32WB07KCV7TR, STM32WB09KEV6TR, STM32WB09KEV7TR, STM32WB09TEF6TR, STM32WB09TEF7TR, STM32WB1MMCH6, STM32WBA50KGU6, STM32WBA50KGU6TR, STM32WBA52CEU6, STM32WBA52CEU6TR, STM32WBA52CEU7, STM32WBA52CEU7TR, STM32WBA52CGU6, STM32WBA52CGU6TR, STM32WBA52CGU6U, STM32WBA52CGU7, STM32WBA52CGU7TR, STM32WBA52KEU6, STM32WBA52KEU6TR, STM32WBA52KGU6, STM32WBA52KGU6TR, STM32WBA54CEU6, STM32WBA54CEU6TR, STM32WBA54CEU7, STM32WBA54CEU7TR, STM32WBA54CGU6, STM32WBA54CGU6TR, STM32WBA54CGU7, STM32WBA54CGU7TR, STM32WBA54KEU6, STM32WBA54KEU6TR, STM32WBA54KEU7, STM32WBA54KEU7TR, STM32WBA54KGU6, STM32WBA54KGU6TR, STM32WBA54KGU7, STM32WBA54KGU7TR, STM32WBA55CEU6, STM32WBA55CEU6TR, STM32WBA55CEU7, STM32WBA55CEU7TR, STM32WBA55CGU6, STM32WBA55CGU6TR, STM32WBA55CGU6U, STM32WBA55CGU7, STM32WBA55CGU7TR, STM32WBA55G-DK1, STM32WBA55HEF6, STM32WBA55HEF7, STM32WBA55HGF6, STM32WBA55HGF7, STM32WBA55UEI6, STM32WBA55UEI6TR, STM32WBA55UEI7, STM32WBA55UEI7TR, STM32WBA55UGI6, STM32WBA55UGI6TR, STM32WBA55UGI7, STM32WBA55UGI7TR, STM32WBA5MJGH6TR, STM32WBA62CGU6, STM32WBA62CIU6, STM32WBA62MGF6, STM32WBA62MIF6, STM32WBA62PGI6, STM32WBA62PII6, STM32WBA63CGU6, STM32WBA63CGU7, STM32WBA63CIU6, STM32WBA63CIU7, STM32WBA64CGU6, STM32WBA64CGU7, STM32WBA64CIU6, STM32WBA64CIU7, STM32WBA65CGU6, STM32WBA65CGU7, STM32WBA65CIU6, STM32WBA65CIU7, STM32WBA65I-DK1, STM32WBA65MGF6, STM32WBA65MGF7, STM32WBA65MIF6, STM32WBA65MIF7, STM32WBA65PGI6, STM32WBA65PGI7, STM32WBA65PII6, STM32WBA65PII7, STM32WBA65RGV6, STM32WBA65RGV7, STM32WBA65RIV6, STM32WBA65RIV7, STM32WL30K8V6, STM32WL30KBV6, STM32WL31C8V6, STM32WL31CBV6, STM32WL31K8V6, STM32WL31KBV6, STM32WL33C8V6, STM32WL33C8V6TR, STM32WL33C8V7, STM32WL33C8V7TR, STM32WL33CBV6, STM32WL33CBV6TR, STM32WL33CBV7, STM32WL33CBV7TR, STM32WL33CCV6, STM32WL33CCV6TR, STM32WL33CCV7, STM32WL33CCV7A, STM32WL33CCV7ATR, STM32WL33CCV7TR, STM32WL33K8V6, STM32WL33K8V6TR, STM32WL33K8V7, STM32WL33K8V7TR, STM32WL33KBV6, STM32WL33KBV6TR, STM32WL33KBV7, STM32WL33KBV7TR, STM32WL33KCV6, STM32WL33KCV6TR, STM32WL33KCV7, STM32WL33KCV7TR, STM32WL5MOCH6, STM32WL5MOCH6TR]
2026-05-13 09:28:12,570 [INFO] DbMcus:218 - Found 5082 MCUs, 4964 are supported
2026-05-13 09:28:12,610 [INFO] ApiDb:423 - Load user favorites file C:\Users\hp/.stm32cubeide/favorites.mcus.txt: 0 item(s)
2026-05-13 09:28:12,611 [INFO] ApiDb:427 - User favorites MCUs=[]
2026-05-13 09:28:12,612 [INFO] DbMcus:224 - Set 0 / 0 favorites MCUs
2026-05-13 09:28:15,521 [INFO] BoardInfo:889 - No configuration file found for board NUCLEO-H5E5ZJ
2026-05-13 09:28:15,526 [INFO] DbBoards:161 - Board is not supported: NUCLEO-H5E5ZJ
2026-05-13 09:28:15,732 [INFO] BoardInfo:889 - No configuration file found for board NUCLEO-U3C5ZI-Q
2026-05-13 09:28:15,736 [INFO] DbBoards:161 - Board is not supported: NUCLEO-U3C5ZI-Q
2026-05-13 09:28:15,790 [INFO] BoardInfo:889 - No configuration file found for board NUCLEO-WBA25CE1
2026-05-13 09:28:15,794 [INFO] DbBoards:161 - Board is not supported: NUCLEO-WBA25CE1
2026-05-13 09:28:15,825 [INFO] BoardInfo:889 - No configuration file found for board NUCLEO-WL3RKB1
2026-05-13 09:28:15,828 [INFO] DbBoards:161 - Board is not supported: NUCLEO-WL3RKB1
2026-05-13 09:28:15,832 [INFO] BoardInfo:889 - No configuration file found for board NUCLEO-WL3RKB2
2026-05-13 09:28:15,835 [INFO] DbBoards:161 - Board is not supported: NUCLEO-WL3RKB2
2026-05-13 09:28:15,859 [INFO] BoardInfo:889 - No configuration file found for board P-NUCLEO-WB55
2026-05-13 09:28:15,863 [INFO] DbBoards:161 - Kit is not supported: P-NUCLEO-WB55
2026-05-13 09:28:15,885 [INFO] BoardInfo:889 - No configuration file found for board STEVAL-BFA001V1B
2026-05-13 09:28:15,890 [INFO] DbBoards:161 - Kit is not supported: STEVAL-BFA001V1B
2026-05-13 09:28:15,894 [INFO] BoardInfo:889 - No configuration file found for board STEVAL-BFA001V2B
2026-05-13 09:28:15,899 [INFO] DbBoards:161 - Kit is not supported: STEVAL-BFA001V2B
2026-05-13 09:28:16,425 [INFO] BoardInfo:889 - No configuration file found for board STM32H5F5J-DK
2026-05-13 09:28:16,432 [INFO] DbBoards:161 - Board is not supported: STM32H5F5J-DK
2026-05-13 09:28:16,720 [INFO] BoardInfo:889 - No configuration file found for board STM32MP215F-DK
2026-05-13 09:28:16,725 [INFO] DbBoards:161 - Board is not supported: STM32MP215F-DK
2026-05-13 09:28:16,808 [INFO] DbBoards:168 - Found 218 boards, 208 are supported
2026-05-13 09:28:16,808 [INFO] DbBoards:169 - Found 218 boards, 43 of them is supported for  Bsp
2026-05-13 09:28:16,858 [INFO] ApiDb:423 - Load user favorites file C:\Users\hp/.stm32cubeide/favorites.boards.txt: 0 item(s)
2026-05-13 09:28:16,859 [INFO] ApiDb:427 - User favorites Boards=[]
2026-05-13 09:28:16,860 [INFO] DbBoards:198 - Set 0 / 0 favorites Boards
2026-05-13 09:28:17,016 [INFO] UtilMem:75 - End LoadConfig() Used Memory: 565182464 Bytes (922746880)
2026-05-13 09:28:17,654 [WARN] ThirdParty:833 - waiting for thirdparty lock release [change project]
2026-05-13 09:28:17,655 [INFO] ThirdParty:835 - entering critical section [change project]
2026-05-13 09:28:17,656 [INFO] ThirdParty:1030 - CMSIS Pack Vendor :STMicroelectronics X-CUBE-AZRTOS-H7 3.5.0
2026-05-13 09:28:17,656 [INFO] ThirdParty:1030 - CMSIS Pack Vendor :STMicroelectronics X-CUBE-PM33A1 1.0.0
2026-05-13 09:28:17,656 [INFO] ThirdParty:1030 - CMSIS Pack Vendor :STMicroelectronics USBPD 4.1
2026-05-13 09:28:17,656 [INFO] ThirdParty:1030 - CMSIS Pack Vendor :STMicroelectronics X-CUBE-NFC9 1.0.0
2026-05-13 09:28:17,656 [INFO] ThirdParty:1030 - CMSIS Pack Vendor :STMicroelectronics USB_HOST 2.0.0
2026-05-13 09:28:17,656 [INFO] ThirdParty:1030 - CMSIS Pack Vendor :STMicroelectronics X-CUBE-AZRTOS-F4 1.1.0
2026-05-13 09:28:17,656 [INFO] ThirdParty:1030 - CMSIS Pack Vendor :STMicroelectronics LIBJPEG 8.0.0
2026-05-13 09:28:17,657 [INFO] ThirdParty:1030 - CMSIS Pack Vendor :STMicroelectronics FP-ATR-ASTRA1 2.0.2
2026-05-13 09:28:17,657 [INFO] ThirdParty:1030 - CMSIS Pack Vendor :STMicroelectronics X-CUBE-BLE1 7.1.0
2026-05-13 09:28:17,657 [INFO] ThirdParty:1030 - CMSIS Pack Vendor :STMicroelectronics X-CUBE-SMBUS 2.1.0
2026-05-13 09:28:17,657 [INFO] ThirdParty:1030 - CMSIS Pack Vendor :wolfSSL I-CUBE-wolfMQTT 1.19.2
2026-05-13 09:28:17,657 [INFO] ThirdParty:1030 - CMSIS Pack Vendor :STMicroelectronics USB_DEVICE 3.0.0
2026-05-13 09:28:17,657 [INFO] ThirdParty:1030 - CMSIS Pack Vendor :STMicroelectronics X-CUBE-ISPU 2.1.0
2026-05-13 09:28:17,657 [INFO] ThirdParty:1030 - CMSIS Pack Vendor :STMicroelectronics X-CUBE-EEPRMA1 5.2.0
2026-05-13 09:28:17,657 [INFO] ThirdParty:1030 - CMSIS Pack Vendor :STMicroelectronics X-CUBE-BLEMGR 4.1.0
2026-05-13 09:28:17,658 [INFO] ThirdParty:1030 - CMSIS Pack Vendor :STMicroelectronics eDS-WB_DPC_TT-BIDIR 2.1.1
2026-05-13 09:28:17,658 [INFO] ThirdParty:1030 - CMSIS Pack Vendor :STMicroelectronics X-CUBE-AZRTOS-WB 2.0.0
2026-05-13 09:28:17,658 [INFO] ThirdParty:1030 - CMSIS Pack Vendor :wolfSSL I-CUBE-wolfSSL 5.8.4
2026-05-13 09:28:17,658 [INFO] ThirdParty:1030 - CMSIS Pack Vendor :STMicroelectronics X-CUBE-NFC12 1.0.0
2026-05-13 09:28:17,658 [INFO] ThirdParty:1030 - CMSIS Pack Vendor :STMicroelectronics X-CUBE-AZRTOS-F7 1.1.0
2026-05-13 09:28:17,658 [INFO] ThirdParty:1030 - CMSIS Pack Vendor :STMicroelectronics X-CUBE-AZRTOS-L5 2.0.0
2026-05-13 09:28:17,658 [INFO] ThirdParty:1030 - CMSIS Pack Vendor :STMicroelectronics USB_DEVICE 2.0.0
2026-05-13 09:28:17,658 [INFO] ThirdParty:1030 - CMSIS Pack Vendor :quantropi X-CUBE-qispace-sdk-base 2.1.0
2026-05-13 09:28:17,658 [INFO] ThirdParty:1030 - CMSIS Pack Vendor :STMicroelectronics X-CUBE-MEMS1 12.0.0
2026-05-13 09:28:17,658 [INFO] ThirdParty:1030 - CMSIS Pack Vendor :STMicroelectronics X-CUBE-STSE01 2.0.0
2026-05-13 09:28:17,658 [INFO] ThirdParty:1030 - CMSIS Pack Vendor :STMicroelectronics FreeRTOS 0.0.1
2026-05-13 09:28:17,659 [INFO] ThirdParty:1030 - CMSIS Pack Vendor :STMicroelectronics X-CUBE-AZRTOS-G0 1.1.0
2026-05-13 09:28:17,659 [INFO] ThirdParty:1030 - CMSIS Pack Vendor :STMicroelectronics X-CUBE-NFC4 3.0.0
2026-05-13 09:28:17,659 [INFO] ThirdParty:1030 - CMSIS Pack Vendor :STMicroelectronics X-CUBE-SUBG2 5.0.0
2026-05-13 09:28:17,659 [INFO] ThirdParty:1030 - CMSIS Pack Vendor :STMicroelectronics STM32_WPAN 1.0.0
2026-05-13 09:28:17,659 [INFO] ThirdParty:1030 - CMSIS Pack Vendor :STMicroelectronics eDS-WB_DPC_VIENNA 1.2.0
2026-05-13 09:28:17,659 [INFO] ThirdParty:1030 - CMSIS Pack Vendor :EmbeddedOffice I-CUBE-FS-RTOS 1.0.1
2026-05-13 09:28:17,659 [INFO] ThirdParty:1030 - CMSIS Pack Vendor :STMicroelectronics lwIP 2.0.3
2026-05-13 09:28:17,659 [INFO] ThirdParty:1030 - CMSIS Pack Vendor :STMicroelectronics eDS-WB_DPC_3PH2L-BIDIR 1.1.1
2026-05-13 09:28:17,659 [INFO] ThirdParty:1030 - CMSIS Pack Vendor :STMicroelectronics USB_HOST 1.0.0
2026-05-13 09:28:17,660 [INFO] ThirdParty:1030 - CMSIS Pack Vendor :STMicroelectronics X-CUBE-AZRTOS-G4 2.0.0
2026-05-13 09:28:17,660 [INFO] ThirdParty:1030 - CMSIS Pack Vendor :STMicroelectronics PDM2PCM 3.1.0
2026-05-13 09:28:17,660 [INFO] ThirdParty:1030 - CMSIS Pack Vendor :STMicroelectronics PDM2PCM 3.3.0
2026-05-13 09:28:17,660 [INFO] ThirdParty:1030 - CMSIS Pack Vendor :wolfSSL I-CUBE-wolfTPM 3.8.0
2026-05-13 09:28:17,660 [INFO] ThirdParty:1030 - CMSIS Pack Vendor :STMicroelectronics X-CUBE-DISPLAY 3.0.0
2026-05-13 09:28:17,660 [INFO] ThirdParty:1030 - CMSIS Pack Vendor :wolfSSL I-CUBE-wolfSSH 1.4.20
2026-05-13 09:28:17,660 [INFO] ThirdParty:1030 - CMSIS Pack Vendor :STMicroelectronics X-CUBE-NFC7 2.0.0
2026-05-13 09:28:17,660 [INFO] ThirdParty:1030 - CMSIS Pack Vendor :STMicroelectronics X-CUBE-GNSS1 7.1.1
2026-05-13 09:28:17,660 [INFO] ThirdParty:1030 - CMSIS Pack Vendor :STMicroelectronics X-CUBE-TCPP 4.2.0
2026-05-13 09:28:17,660 [INFO] ThirdParty:1030 - CMSIS Pack Vendor :RealThread X-CUBE-RT-Thread_Nano 4.1.1
2026-05-13 09:28:17,661 [INFO] ThirdParty:1030 - CMSIS Pack Vendor :STMicroelectronics FP-ATR-SIGFOX1 3.2.0
2026-05-13 09:28:17,661 [INFO] ThirdParty:1030 - CMSIS Pack Vendor :STMicroelectronics X-CUBE-NFC10 1.0.0
2026-05-13 09:28:17,661 [INFO] ThirdParty:1030 - CMSIS Pack Vendor :STMicroelectronics HAL Drivers 0.0.0
2026-05-13 09:28:17,661 [INFO] ThirdParty:1030 - CMSIS Pack Vendor :STMicroelectronics MBEDTLS 2.16.2
2026-05-13 09:28:17,661 [INFO] ThirdParty:1030 - CMSIS Pack Vendor :STMicroelectronics X-CUBE-ST60 1.1.0
2026-05-13 09:28:17,661 [INFO] ThirdParty:1030 - CMSIS Pack Vendor :STMicroelectronics X-CUBE-ALS 1.0.2
2026-05-13 09:28:17,661 [INFO] ThirdParty:1030 - CMSIS Pack Vendor :emotas I-CUBE-CANOPEN 1.3.0
2026-05-13 09:28:17,662 [INFO] ThirdParty:1030 - CMSIS Pack Vendor :STMicroelectronics MBEDTLS 2.14.1
2026-05-13 09:28:17,662 [INFO] ThirdParty:1030 - CMSIS Pack Vendor :STMicroelectronics X-CUBE-GNSS1 7.1.0
2026-05-13 09:28:17,662 [INFO] ThirdParty:1030 - CMSIS Pack Vendor :ITTIA_DB I-CUBE-ITTIADB 8.9.0
2026-05-13 09:28:17,663 [INFO] ThirdParty:1030 - CMSIS Pack Vendor :Cesanta I-CUBE-Mongoose 7.21.0
2026-05-13 09:28:17,663 [INFO] ThirdParty:1030 - CMSIS Pack Vendor :STMicroelectronics X-CUBE-TOUCHGFX 4.26.1
2026-05-13 09:28:17,663 [INFO] ThirdParty:1030 - CMSIS Pack Vendor :STMicroelectronics X-CUBE-NFC6 3.2.0
2026-05-13 09:28:17,663 [INFO] ThirdParty:1030 - CMSIS Pack Vendor :STMicroelectronics X-CUBE-AI 10.2.0
2026-05-13 09:28:17,664 [INFO] ThirdParty:1030 - CMSIS Pack Vendor :STMicroelectronics FP-SNS-STAIOTCFT 1.0.0
2026-05-13 09:28:17,664 [INFO] ThirdParty:1030 - CMSIS Pack Vendor :STMicroelectronics ThreadX 1.0.0
2026-05-13 09:28:17,664 [INFO] ThirdParty:1030 - CMSIS Pack Vendor :STMicroelectronics FP-SNS-SMARTAG2 1.2.0
2026-05-13 09:28:17,664 [INFO] ThirdParty:1030 - CMSIS Pack Vendor :STMicroelectronics X-CUBE-MEMS1 12.1.0
2026-05-13 09:28:17,664 [INFO] ThirdParty:1030 - CMSIS Pack Vendor :STMicroelectronics FP-SNS-FLIGHT1 5.1.0
2026-05-13 09:28:17,664 [INFO] ThirdParty:1030 - CMSIS Pack Vendor :STMicroelectronics X-CUBE-AZRTOS-WL 2.0.0
2026-05-13 09:28:17,664 [INFO] ThirdParty:1030 - CMSIS Pack Vendor :SEGGER I-CUBE-embOS 1.3.1
2026-05-13 09:28:17,664 [INFO] ThirdParty:1030 - CMSIS Pack Vendor :STMicroelectronics X-CUBE-ALGOBUILD 1.4.0
2026-05-13 09:28:17,664 [INFO] ThirdParty:1030 - CMSIS Pack Vendor :STMicroelectronics X-CUBE-DPower 1.3.0
2026-05-13 09:28:17,665 [INFO] ThirdParty:1030 - CMSIS Pack Vendor :STMicroelectronics USB_DEVICE 1.0.0
2026-05-13 09:28:17,665 [INFO] ThirdParty:1030 - CMSIS Pack Vendor :STMicroelectronics X-CUBE-AZRTOS-H7RS 1.2.0
2026-05-13 09:28:17,665 [INFO] ThirdParty:1030 - CMSIS Pack Vendor :STMicroelectronics X-CUBE-AZRTOS-L4 2.0.0
2026-05-13 09:28:17,665 [INFO] ThirdParty:1030 - CMSIS Pack Vendor :STMicroelectronics ThreadX 0.0.2
2026-05-13 09:28:17,665 [INFO] ThirdParty:1030 - CMSIS Pack Vendor :STMicroelectronics lwIP 2.1.2
2026-05-13 09:28:17,666 [INFO] ThirdParty:1030 - CMSIS Pack Vendor :STMicroelectronics X-CUBE-SFXS2LP1 4.0.0
2026-05-13 09:28:17,666 [INFO] ThirdParty:1030 - CMSIS Pack Vendor :STMicroelectronics X-CUBE-BLE2 3.3.0
2026-05-13 09:28:17,667 [INFO] ThirdParty:1030 - CMSIS Pack Vendor :Avnet-IOTCONNECT X-CUBE-iotc-st67-sdk 1.0.0
2026-05-13 09:28:17,667 [INFO] ThirdParty:1030 - CMSIS Pack Vendor :STMicroelectronics X-CUBE-TOF1 3.4.3
2026-05-13 09:28:17,667 [INFO] ThirdParty:1030 - CMSIS Pack Vendor :Infineon AIROC-Wi-Fi-Bluetooth-STM32 1.8.0
2026-05-13 09:28:17,667 [INFO] ThirdParty:1030 - CMSIS Pack Vendor :STMicroelectronics PDM2PCM 3.2.0
2026-05-13 09:28:17,667 [INFO] ThirdParty:1030 - CMSIS Pack Vendor :STMicroelectronics X-CUBE-WB05N 2.1.0
2026-05-13 09:28:17,668 [INFO] ThirdParty:841 - exiting critical section [change project]
2026-05-13 09:28:19,476 [INFO] PinOutPanel:1589 - setPackage(No Configuration,No Configuration)
2026-05-13 09:28:19,479 [INFO] PinOutPanel:1589 - setPackage(STM32F407VGTx,LQFP100)
2026-05-13 09:28:20,837 [INFO] UtilMem:75 - Before build in PCC Used Memory: 777118208 Bytes (922746880)
2026-05-13 09:28:22,859 [INFO] UtilMem:75 - After build in PCC Used Memory: 490908312 Bytes (922746880)
2026-05-13 09:28:22,951 [INFO] IPUIPlugin:80 - create IPUIPlugin
2026-05-13 09:28:22,952 [INFO] IPUIPlugin:80 - create IPUIPlugin
2026-05-13 09:28:22,952 [INFO] IPUIPlugin:80 - create IPUIPlugin
2026-05-13 09:28:22,952 [INFO] IPUIPlugin:80 - create IPUIPlugin
2026-05-13 09:28:22,952 [INFO] IPUIPlugin:80 - create IPUIPlugin
2026-05-13 09:28:22,952 [INFO] IPUIPlugin:80 - create IPUIPlugin
2026-05-13 09:28:22,953 [INFO] IPUIPlugin:80 - create IPUIPlugin
2026-05-13 09:28:22,954 [INFO] IPUIPlugin:80 - create IPUIPlugin
2026-05-13 09:28:22,954 [INFO] IPUIPlugin:80 - create IPUIPlugin
2026-05-13 09:28:22,955 [INFO] IPUIPlugin:80 - create IPUIPlugin
2026-05-13 09:28:22,955 [INFO] IPUIPlugin:80 - create IPUIPlugin
2026-05-13 09:28:22,957 [INFO] IPUIPlugin:80 - create IPUIPlugin
2026-05-13 09:28:22,958 [INFO] IPUIPlugin:80 - create IPUIPlugin
2026-05-13 09:28:22,958 [INFO] IPUIPlugin:80 - create IPUIPlugin
2026-05-13 09:28:22,959 [INFO] IPUIPlugin:80 - create IPUIPlugin
2026-05-13 09:28:22,959 [INFO] IPUIPlugin:80 - create IPUIPlugin
2026-05-13 09:28:22,960 [INFO] IPUIPlugin:80 - create IPUIPlugin
2026-05-13 09:28:22,960 [INFO] IPUIPlugin:80 - create IPUIPlugin
2026-05-13 09:28:22,961 [INFO] IPUIPlugin:80 - create IPUIPlugin
2026-05-13 09:28:22,961 [INFO] IPUIPlugin:80 - create IPUIPlugin
2026-05-13 09:28:22,962 [INFO] IPUIPlugin:80 - create IPUIPlugin
2026-05-13 09:28:22,963 [INFO] IPUIPlugin:80 - create IPUIPlugin
2026-05-13 09:28:22,963 [INFO] IPUIPlugin:80 - create IPUIPlugin
2026-05-13 09:28:22,964 [INFO] IPUIPlugin:80 - create IPUIPlugin
2026-05-13 09:28:22,964 [INFO] IPUIPlugin:80 - create IPUIPlugin
2026-05-13 09:28:22,965 [INFO] IPUIPlugin:80 - create IPUIPlugin
2026-05-13 09:28:22,965 [INFO] IPUIPlugin:80 - create IPUIPlugin
2026-05-13 09:28:22,966 [INFO] IPUIPlugin:80 - create IPUIPlugin
2026-05-13 09:28:22,966 [INFO] IPUIPlugin:80 - create IPUIPlugin
2026-05-13 09:28:22,967 [INFO] IPUIPlugin:80 - create IPUIPlugin
2026-05-13 09:28:22,967 [INFO] IPUIPlugin:80 - create IPUIPlugin
2026-05-13 09:28:22,968 [INFO] IPUIPlugin:80 - create IPUIPlugin
2026-05-13 09:28:22,969 [INFO] IPUIPlugin:80 - create IPUIPlugin
2026-05-13 09:28:22,970 [INFO] IPUIPlugin:80 - create IPUIPlugin
2026-05-13 09:28:22,970 [INFO] IPUIPlugin:80 - create IPUIPlugin
2026-05-13 09:28:22,971 [INFO] IPUIPlugin:80 - create IPUIPlugin
2026-05-13 09:28:22,972 [INFO] IPUIPlugin:80 - create IPUIPlugin
2026-05-13 09:28:22,973 [INFO] IPUIPlugin:80 - create IPUIPlugin
2026-05-13 09:28:22,974 [INFO] IPUIPlugin:80 - create IPUIPlugin
2026-05-13 09:28:22,975 [INFO] IPUIPlugin:80 - create IPUIPlugin
2026-05-13 09:28:22,976 [INFO] IPUIPlugin:80 - create IPUIPlugin
2026-05-13 09:28:22,977 [INFO] IPUIPlugin:80 - create IPUIPlugin
2026-05-13 09:28:22,978 [INFO] IPUIPlugin:80 - create IPUIPlugin
2026-05-13 09:28:22,978 [INFO] IPUIPlugin:80 - create IPUIPlugin
2026-05-13 09:28:22,979 [INFO] IPUIPlugin:80 - create IPUIPlugin
2026-05-13 09:28:22,980 [INFO] IPUIPlugin:80 - create IPUIPlugin
2026-05-13 09:28:22,981 [INFO] IPUIPlugin:80 - create IPUIPlugin
2026-05-13 09:28:22,982 [INFO] IPUIPlugin:80 - create IPUIPlugin
2026-05-13 09:28:22,983 [INFO] IPUIPlugin:80 - create IPUIPlugin
2026-05-13 09:28:22,983 [INFO] IPUIPlugin:80 - create IPUIPlugin
2026-05-13 09:28:22,984 [INFO] IPUIPlugin:80 - create IPUIPlugin
2026-05-13 09:28:22,985 [INFO] IPUIPlugin:80 - create IPUIPlugin
2026-05-13 09:28:22,986 [INFO] IPUIPlugin:80 - create IPUIPlugin
2026-05-13 09:28:22,986 [INFO] IPUIPlugin:80 - create IPUIPlugin
2026-05-13 09:28:22,987 [INFO] IPUIPlugin:80 - create IPUIPlugin
2026-05-13 09:28:22,988 [INFO] IPUIPlugin:80 - create IPUIPlugin
2026-05-13 09:28:22,990 [INFO] IPUIPlugin:80 - create IPUIPlugin
2026-05-13 09:28:22,991 [INFO] IPUIPlugin:80 - create IPUIPlugin
2026-05-13 09:28:23,238 [INFO] ApiDbMcu:508 - Load IP Config File for PDM2PCM
2026-05-13 09:28:23,960 [INFO] CADModel:165 - CPN selected for project levelSTM32F407VGT6
2026-05-13 09:28:23,961 [INFO] CADModel:114 - Register for checkConnection events
2026-05-13 09:28:24,041 [INFO] OpenFileManager:385 - Restore cursor
2026-05-13 10:21:47,911 [INFO] WebApp:194 - Connection lost
2026-05-13 10:21:59,815 [INFO] WebApp:191 - Connection restablished
2026-05-13 11:21:39,892 [INFO] WebApp:194 - Connection lost
2026-05-13 11:21:56,403 [INFO] WebApp:191 - Connection restablished
2026-05-13 12:21:41,119 [INFO] WebApp:194 - Connection lost
2026-05-13 12:21:46,193 [INFO] WebApp:191 - Connection restablished
2026-05-13 12:26:48,648 [INFO] DmaTabbedPanel:205 - Cannot restore the selected Tab for DMA
2026-05-13 12:43:44,557 [INFO] WebApp:194 - Connection lost
2026-05-13 12:43:48,595 [INFO] WebApp:191 - Connection restablished
2026-05-13 13:21:44,277 [INFO] WebApp:194 - Connection lost
2026-05-13 13:21:49,110 [INFO] WebApp:191 - Connection restablished
2026-05-13 17:39:35,997 [INFO] Activator:176 - 


2026-05-13 17:39:36,008 [INFO] Activator:177 - !SESSION log4j initialized
2026-05-13 17:39:43,970 [INFO] LogOutputStream:77 - [STDOUT_REDIRECT] 
2026-05-13 17:39:44,787 [ERROR] ConfigurationRetriever:142 - IOException on connection: sw-center.st.com
2026-05-13 17:39:44,790 [ERROR] ConfigurationRetriever:142 - IOException on connection: sw-center.st.com
2026-05-13 17:39:44,793 [ERROR] ConfigurationRetriever:142 - IOException on connection: sw-center.st.com
2026-05-13 17:39:48,957 [INFO] ApplicationProperties:184 - Using Application install path: C:\ST\STM32CubeIDE_1.18.0\STM32CubeIDE\plugins\com.st.stm32cube.common.mx_6.14.0.202502271554
2026-05-13 17:39:49,011 [INFO] DbMcusXml:78 - Set database path to: C:\ST\STM32CubeIDE_1.18.0\STM32CubeIDE\plugins\com.st.stm32cube.common.mx_6.14.0.202502271554\\db\/mcu/
2026-05-13 17:39:49,012 [INFO] ApiDb:274 - Set plugin database path to: C:\ST\STM32CubeIDE_1.18.0\STM32CubeIDE\plugins\com.st.stm32cube.common.mx_6.14.0.202502271554\\db\/plugins/boardmanager/
2026-05-13 17:39:49,012 [WARN] ApiDb:259 - Overriding images path with different value:  => C:\ST\STM32CubeIDE_1.18.0\STM32CubeIDE\plugins\com.st.stm32cube.common.mx_6.14.0.202502271554\\db\/plugins/mcufinder/images/
2026-05-13 17:39:49,024 [INFO] ApiDb:250 - Set database path to: C:\Users\hp\.stmcufinder\plugins\mcufinder//mcu/
2026-05-13 17:39:49,027 [INFO] DbMcusAds:125 - Set database path to: C:\Users\hp\.stmcufinder\plugins\mcufinder//mcu/
2026-05-13 17:39:49,035 [INFO] CrossReferenceDbSqlite:203 - Set database path to: C:\Users\hp\.stmcufinder\plugins\mcufinder//mcu/cs/
2026-05-13 17:39:49,337 [INFO] RulesReader:64 - Compatibility file has been processed (301 Rules)
2026-05-13 17:39:49,633 [INFO] DbMcusXml:78 - Set database path to: C:\ST\STM32CubeIDE_1.18.0\STM32CubeIDE\plugins\com.st.stm32cube.common.mx_6.14.0.202502271554\\db\/mcu/
2026-05-13 17:39:49,633 [INFO] ApiDb:274 - Set plugin database path to: C:\ST\STM32CubeIDE_1.18.0\STM32CubeIDE\plugins\com.st.stm32cube.common.mx_6.14.0.202502271554\\db\/plugins/boardmanager/
2026-05-13 17:39:49,633 [INFO] ApiDb:261 - Set plugin images path to: C:\ST\STM32CubeIDE_1.18.0\STM32CubeIDE\plugins\com.st.stm32cube.common.mx_6.14.0.202502271554\\db\/plugins/mcufinder/images/
2026-05-13 17:39:49,634 [WARN] DbFile:41 - Overriding database path with different value: C:\Users\hp\.stmcufinder\plugins\mcufinder/ => C:\Users\hp\.stmcufinder\plugins\mcufinder
2026-05-13 17:39:49,635 [INFO] ApiDb:250 - Set database path to: C:\Users\hp\.stmcufinder\plugins\mcufinder//mcu/
2026-05-13 17:39:49,635 [WARN] DbFile:41 - Overriding database path with different value: C:\Users\hp\.stmcufinder\plugins\mcufinder/ => C:\Users\hp\.stmcufinder\plugins\mcufinder
2026-05-13 17:39:49,635 [INFO] DbMcusAds:125 - Set database path to: C:\Users\hp\.stmcufinder\plugins\mcufinder//mcu/
2026-05-13 17:39:49,635 [WARN] DbFile:41 - Overriding database path with different value: C:\Users\hp\.stmcufinder\plugins\mcufinder/ => C:\Users\hp\.stmcufinder\plugins\mcufinder
2026-05-13 17:39:49,635 [WARN] DbFile:41 - Overriding database path with different value: C:\Users\hp\.stmcufinder\plugins\mcufinder/ => C:\Users\hp\.stmcufinder\plugins\mcufinder
2026-05-13 17:39:49,636 [INFO] CrossReferenceDbSqlite:203 - Set database path to: C:\Users\hp\.stmcufinder\plugins\mcufinder//mcu/cs/
2026-05-13 17:39:49,879 [INFO] MainPanel:272 - HeapMemory: 268435456
2026-05-13 17:39:50,259 [INFO] DbMcusXml:78 - Set database path to: C:\ST\STM32CubeIDE_1.18.0\STM32CubeIDE\plugins\com.st.stm32cube.common.mx_6.14.0.202502271554\\db\/mcu/
2026-05-13 17:39:50,259 [INFO] ApiDb:274 - Set plugin database path to: C:\ST\STM32CubeIDE_1.18.0\STM32CubeIDE\plugins\com.st.stm32cube.common.mx_6.14.0.202502271554\\db\/plugins/boardmanager/
2026-05-13 17:39:50,260 [INFO] ApiDb:261 - Set plugin images path to: C:\ST\STM32CubeIDE_1.18.0\STM32CubeIDE\plugins\com.st.stm32cube.common.mx_6.14.0.202502271554\\db\/plugins/mcufinder/images/
2026-05-13 17:39:50,261 [WARN] DbFile:41 - Overriding database path with different value: C:\Users\hp\.stmcufinder\plugins\mcufinder/ => C:\Users\hp\.stmcufinder\plugins\mcufinder
2026-05-13 17:39:50,262 [INFO] ApiDb:250 - Set database path to: C:\Users\hp\.stmcufinder\plugins\mcufinder//mcu/
2026-05-13 17:39:50,263 [WARN] DbFile:41 - Overriding database path with different value: C:\Users\hp\.stmcufinder\plugins\mcufinder/ => C:\Users\hp\.stmcufinder\plugins\mcufinder
2026-05-13 17:39:50,263 [INFO] DbMcusAds:125 - Set database path to: C:\Users\hp\.stmcufinder\plugins\mcufinder//mcu/
2026-05-13 17:39:50,263 [WARN] DbFile:41 - Overriding database path with different value: C:\Users\hp\.stmcufinder\plugins\mcufinder/ => C:\Users\hp\.stmcufinder\plugins\mcufinder
2026-05-13 17:39:50,264 [WARN] DbFile:41 - Overriding database path with different value: C:\Users\hp\.stmcufinder\plugins\mcufinder/ => C:\Users\hp\.stmcufinder\plugins\mcufinder
2026-05-13 17:39:50,264 [INFO] CrossReferenceDbSqlite:203 - Set database path to: C:\Users\hp\.stmcufinder\plugins\mcufinder//mcu/cs/
2026-05-13 17:39:50,324 [INFO] ApplicationProperties:184 - Using Application install path: C:\ST\STM32CubeIDE_1.18.0\STM32CubeIDE\plugins\com.st.stm32cube.common.mx_6.14.0.202502271554
2026-05-13 17:39:50,328 [INFO] PluginManage:196 - Search for loadable plugins [exclusion list=, ]
2026-05-13 17:39:50,332 [INFO] PluginManage:310 - Check plugin analytics
2026-05-13 17:39:50,866 [INFO] AnalyticsPlugin:253 - Accepted Software Licenses: 
2026-05-13 17:39:50,867 [INFO] AnalyticsPlugin:255 - Accepted CMSIS Pack Licenses: 
2026-05-13 17:39:50,868 [INFO] AnalyticsPlugin:257 - Accepted Firmware Licenses: FW.F4.1.28.0,FW.L4.1.18.0
2026-05-13 17:39:50,879 [INFO] PluginManage:359 - Loaded plugin analytics (category:tool,tabindex:-1)
2026-05-13 17:39:50,879 [ERROR] ConfigurationRetriever:142 - IOException on connection: sw-center.st.com
2026-05-13 17:39:50,880 [INFO] PluginManage:310 - Check plugin cadmodel
2026-05-13 17:39:50,881 [ERROR] ConfigurationRetriever:142 - IOException on connection: sw-center.st.com
2026-05-13 17:39:50,883 [ERROR] ConfigurationRetriever:142 - IOException on connection: sw-center.st.com
2026-05-13 17:39:50,910 [INFO] CADModel:105 - Init CAD model plugin
2026-05-13 17:39:50,911 [INFO] PluginManage:359 - Loaded plugin cadmodel (category:power,tabindex:5)
2026-05-13 17:39:50,912 [INFO] PluginManage:310 - Check plugin clock
2026-05-13 17:39:50,943 [INFO] PluginManage:359 - Loaded plugin clock (category:base,tabindex:2)
2026-05-13 17:39:50,943 [INFO] PluginManage:310 - Check plugin ddr
2026-05-13 17:39:50,951 [INFO] PluginManage:359 - Loaded plugin ddr (category:tool,tabindex:6)
2026-05-13 17:39:50,952 [INFO] PluginManage:310 - Check plugin filemanager
2026-05-13 17:39:51,393 [INFO] PluginManage:359 - Loaded plugin filemanager (category:base,tabindex:10)
2026-05-13 17:39:51,394 [INFO] PluginManage:310 - Check plugin ipmanager
2026-05-13 17:39:51,417 [INFO] PluginManage:359 - Loaded plugin ipmanager (category:base,tabindex:5)
2026-05-13 17:39:51,417 [INFO] PluginManage:310 - Check plugin lpbam
2026-05-13 17:39:51,474 [INFO] PluginManage:359 - Loaded plugin lpbam (category:base,tabindex:0)
2026-05-13 17:39:51,476 [INFO] PluginManage:310 - Check plugin memorymap
2026-05-13 17:39:51,528 [INFO] PluginManage:359 - Loaded plugin memorymap (category:base,tabindex:4)
2026-05-13 17:39:51,529 [INFO] PluginManage:310 - Check plugin pinoutandconfiguration
2026-05-13 17:39:51,546 [INFO] PluginManage:359 - Loaded plugin pinoutandconfiguration (category:base,tabindex:1)
2026-05-13 17:39:51,547 [INFO] PluginManage:310 - Check plugin pinoutconfig
2026-05-13 17:39:51,805 [WARN] SupportedApi:132 - Cannot load RTOS API schema: s4s-elt-must-match.1: The content of 'definitions' must match (annotation?, (simpleType | complexType)?, (unique | key | keyref)*)). A problem was found starting at: attribute.
2026-05-13 17:39:52,141 [INFO] PluginManage:359 - Loaded plugin pinoutconfig (category:base,tabindex:0)
2026-05-13 17:39:52,142 [INFO] PluginManage:310 - Check plugin power
2026-05-13 17:39:52,166 [INFO] PluginManage:359 - Loaded plugin power (category:power,tabindex:4)
2026-05-13 17:39:52,166 [INFO] PluginManage:310 - Check plugin projectmanager
2026-05-13 17:39:52,212 [INFO] PluginManage:359 - Loaded plugin projectmanager (category:projectmanager,tabindex:4)
2026-05-13 17:39:52,213 [INFO] PluginManage:310 - Check plugin rif
2026-05-13 17:39:52,233 [INFO] PluginManage:359 - Loaded plugin rif (category:base,tabindex:3)
2026-05-13 17:39:52,234 [INFO] PluginManage:310 - Check plugin thirdparty
2026-05-13 17:39:52,655 [WARN] IntegrityCheckThread:84 - waiting for thirdparty lock release [integrity check]
2026-05-13 17:39:52,656 [INFO] IntegrityCheckThread:86 - entering critical section [integrity check]
2026-05-13 17:39:52,656 [INFO] PluginManage:359 - Loaded plugin thirdparty (category:base,tabindex:-1)
2026-05-13 17:39:52,657 [INFO] PluginManage:310 - Check plugin tools
2026-05-13 17:39:52,658 [INFO] ThirdPartyUpdaterWithRetryManager:70 - Updater plugin not ready yet. [1/15]
2026-05-13 17:39:52,665 [INFO] PluginManage:359 - Loaded plugin tools (category:base,tabindex:7)
2026-05-13 17:39:52,666 [INFO] PluginManage:310 - Check plugin tutovideos
2026-05-13 17:39:53,157 [INFO] PluginManage:359 - Loaded plugin tutovideos (category:base,tabindex:-1)
2026-05-13 17:39:53,158 [INFO] PluginManage:310 - Check plugin updater
2026-05-13 17:39:53,219 [INFO] PluginManage:359 - Loaded plugin updater (category:base,tabindex:12)
2026-05-13 17:39:53,220 [INFO] PluginManage:310 - Check plugin userauth
2026-05-13 17:39:53,230 [INFO] UserAuth:118 - Init User Auth plugin
2026-05-13 17:39:53,232 [INFO] PluginManage:359 - Loaded plugin userauth (category:base,tabindex:14)
2026-05-13 17:39:53,234 [INFO] PluginManage:283 - PluginManage : Loaded plugins [18]
2026-05-13 17:39:54,060 [INFO] PinOutPanel:1589 - setPackage(No Configuration,No Configuration)
2026-05-13 17:39:54,367 [INFO] CADModel:165 - CPN selected for project level
2026-05-13 17:39:54,368 [INFO] CADModel:114 - Register for checkConnection events
2026-05-13 17:39:54,407 [INFO] IPUIPlugin:80 - create IPUIPlugin
2026-05-13 17:39:54,407 [INFO] PluginManager:220 - loadIPPluginJar : add adc
2026-05-13 17:39:54,417 [INFO] IPUIPlugin:80 - create IPUIPlugin
2026-05-13 17:39:54,417 [INFO] PluginManager:220 - loadIPPluginJar : add aes
2026-05-13 17:39:54,429 [INFO] IPUIPlugin:80 - create IPUIPlugin
2026-05-13 17:39:54,430 [INFO] PluginManager:220 - loadIPPluginJar : add can
2026-05-13 17:39:54,437 [INFO] IPUIPlugin:80 - create IPUIPlugin
2026-05-13 17:39:54,438 [INFO] PluginManager:220 - loadIPPluginJar : add comp
2026-05-13 17:39:54,448 [INFO] IPUIPlugin:80 - create IPUIPlugin
2026-05-13 17:39:54,449 [INFO] PluginManager:220 - loadIPPluginJar : add cryp
2026-05-13 17:39:54,461 [INFO] IPUIPlugin:80 - create IPUIPlugin
2026-05-13 17:39:54,462 [INFO] PluginManager:220 - loadIPPluginJar : add ddr_ctrl_phy
2026-05-13 17:39:54,473 [INFO] IPUIPlugin:80 - create IPUIPlugin
2026-05-13 17:39:54,474 [INFO] PluginManager:220 - loadIPPluginJar : add dfsdm
2026-05-13 17:39:54,490 [INFO] IPUIPlugin:80 - create IPUIPlugin
2026-05-13 17:39:54,491 [INFO] PluginManager:220 - loadIPPluginJar : add dma
2026-05-13 17:39:54,497 [INFO] IPUIPlugin:80 - create IPUIPlugin
2026-05-13 17:39:54,497 [INFO] PluginManager:220 - loadIPPluginJar : add dma3
2026-05-13 17:39:54,503 [INFO] IPUIPlugin:80 - create IPUIPlugin
2026-05-13 17:39:54,504 [INFO] PluginManager:220 - loadIPPluginJar : add extmemmanager
2026-05-13 17:39:54,508 [INFO] IPUIPlugin:80 - create IPUIPlugin
2026-05-13 17:39:54,508 [INFO] PluginManager:220 - loadIPPluginJar : add fatfs
2026-05-13 17:39:54,517 [INFO] IPUIPlugin:80 - create IPUIPlugin
2026-05-13 17:39:54,517 [INFO] PluginManager:220 - loadIPPluginJar : add fmc
2026-05-13 17:39:54,527 [INFO] IPUIPlugin:80 - create IPUIPlugin
2026-05-13 17:39:54,528 [INFO] PluginManager:220 - loadIPPluginJar : add freertos
2026-05-13 17:39:54,532 [INFO] IPUIPlugin:80 - create IPUIPlugin
2026-05-13 17:39:54,532 [INFO] PluginManager:220 - loadIPPluginJar : add genericplugin
2026-05-13 17:39:54,537 [INFO] IPUIPlugin:80 - create IPUIPlugin
2026-05-13 17:39:54,537 [INFO] PluginManager:220 - loadIPPluginJar : add gfxmmu
2026-05-13 17:39:54,546 [INFO] IPUIPlugin:80 - create IPUIPlugin
2026-05-13 17:39:54,547 [INFO] PluginManager:220 - loadIPPluginJar : add gic
2026-05-13 17:39:54,554 [INFO] IPUIPlugin:80 - create IPUIPlugin
2026-05-13 17:39:54,555 [INFO] PluginManager:220 - loadIPPluginJar : add gpio
2026-05-13 17:39:54,561 [INFO] IPUIPlugin:80 - create IPUIPlugin
2026-05-13 17:39:54,561 [INFO] PluginManager:220 - loadIPPluginJar : add gtzc
2026-05-13 17:39:54,567 [INFO] IPUIPlugin:80 - create IPUIPlugin
2026-05-13 17:39:54,567 [INFO] PluginManager:220 - loadIPPluginJar : add hash
2026-05-13 17:39:54,573 [INFO] IPUIPlugin:80 - create IPUIPlugin
2026-05-13 17:39:54,573 [INFO] PluginManager:220 - loadIPPluginJar : add i2c
2026-05-13 17:39:54,579 [INFO] IPUIPlugin:80 - create IPUIPlugin
2026-05-13 17:39:54,580 [INFO] PluginManager:220 - loadIPPluginJar : add i2s
2026-05-13 17:39:54,586 [INFO] IPUIPlugin:80 - create IPUIPlugin
2026-05-13 17:39:54,587 [INFO] PluginManager:220 - loadIPPluginJar : add i3c
2026-05-13 17:39:54,611 [INFO] IPUIPlugin:80 - create IPUIPlugin
2026-05-13 17:39:54,611 [INFO] PluginManager:220 - loadIPPluginJar : add ipddr
2026-05-13 17:39:54,629 [INFO] IPUIPlugin:80 - create IPUIPlugin
2026-05-13 17:39:54,630 [INFO] PluginManager:220 - loadIPPluginJar : add linkedlist
2026-05-13 17:39:54,636 [INFO] IPUIPlugin:80 - create IPUIPlugin
2026-05-13 17:39:54,636 [INFO] PluginManager:220 - loadIPPluginJar : add lorawan
2026-05-13 17:39:54,639 [INFO] IPUIPlugin:80 - create IPUIPlugin
2026-05-13 17:39:54,640 [INFO] PluginManager:220 - loadIPPluginJar : add ltdc
2026-05-13 17:39:54,651 [INFO] IPUIPlugin:80 - create IPUIPlugin
2026-05-13 17:39:54,651 [INFO] PluginManager:220 - loadIPPluginJar : add mdma
2026-05-13 17:39:54,659 [INFO] IPUIPlugin:80 - create IPUIPlugin
2026-05-13 17:39:54,659 [INFO] PluginManager:220 - loadIPPluginJar : add nvic
2026-05-13 17:39:54,666 [INFO] IPUIPlugin:80 - create IPUIPlugin
2026-05-13 17:39:54,666 [INFO] PluginManager:220 - loadIPPluginJar : add opamp
2026-05-13 17:39:54,673 [INFO] IPUIPlugin:80 - create IPUIPlugin
2026-05-13 17:39:54,674 [INFO] PluginManager:220 - loadIPPluginJar : add openamp
2026-05-13 17:39:54,681 [INFO] IPUIPlugin:80 - create IPUIPlugin
2026-05-13 17:39:54,681 [INFO] PluginManager:220 - loadIPPluginJar : add pdm2pcm
2026-05-13 17:39:54,693 [INFO] IPUIPlugin:80 - create IPUIPlugin
2026-05-13 17:39:54,699 [INFO] PluginManager:220 - loadIPPluginJar : add plateformsettings
2026-05-13 17:39:54,703 [INFO] IPUIPlugin:80 - create IPUIPlugin
2026-05-13 17:39:54,703 [INFO] PluginManager:220 - loadIPPluginJar : add quadspi
2026-05-13 17:39:54,707 [INFO] IPUIPlugin:80 - create IPUIPlugin
2026-05-13 17:39:54,709 [INFO] PluginManager:220 - loadIPPluginJar : add radio
2026-05-13 17:39:54,716 [INFO] IPUIPlugin:80 - create IPUIPlugin
2026-05-13 17:39:54,716 [INFO] PluginManager:220 - loadIPPluginJar : add resmgrutility
2026-05-13 17:39:54,723 [INFO] IPUIPlugin:80 - create IPUIPlugin
2026-05-13 17:39:54,723 [INFO] PluginManager:220 - loadIPPluginJar : add sai
2026-05-13 17:39:54,729 [INFO] IPUIPlugin:80 - create IPUIPlugin
2026-05-13 17:39:54,729 [INFO] PluginManager:220 - loadIPPluginJar : add spi
2026-05-13 17:39:54,742 [INFO] IPUIPlugin:80 - create IPUIPlugin
2026-05-13 17:39:54,743 [INFO] PluginManager:220 - loadIPPluginJar : add stm32_wpan
2026-05-13 17:39:54,747 [INFO] IPUIPlugin:80 - create IPUIPlugin
2026-05-13 17:39:54,748 [INFO] PluginManager:220 - loadIPPluginJar : add tim
2026-05-13 17:39:54,757 [INFO] IPUIPlugin:80 - create IPUIPlugin
2026-05-13 17:39:54,757 [INFO] PluginManager:220 - loadIPPluginJar : add touchsensing
2026-05-13 17:39:54,763 [INFO] IPUIPlugin:80 - create IPUIPlugin
2026-05-13 17:39:54,764 [INFO] PluginManager:220 - loadIPPluginJar : add tracer_emb
2026-05-13 17:39:54,769 [INFO] IPUIPlugin:80 - create IPUIPlugin
2026-05-13 17:39:54,770 [INFO] PluginManager:220 - loadIPPluginJar : add ts
2026-05-13 17:39:54,774 [INFO] IPUIPlugin:80 - create IPUIPlugin
2026-05-13 17:39:54,775 [INFO] PluginManager:220 - loadIPPluginJar : add tsc
2026-05-13 17:39:54,780 [INFO] IPUIPlugin:80 - create IPUIPlugin
2026-05-13 17:39:54,780 [INFO] PluginManager:220 - loadIPPluginJar : add ucpd
2026-05-13 17:39:54,788 [INFO] IPUIPlugin:80 - create IPUIPlugin
2026-05-13 17:39:54,789 [INFO] PluginManager:220 - loadIPPluginJar : add usart
2026-05-13 17:39:54,796 [INFO] IPUIPlugin:80 - create IPUIPlugin
2026-05-13 17:39:54,796 [INFO] PluginManager:220 - loadIPPluginJar : add usbx
2026-05-13 17:39:55,068 [FATAL] Updater:351 - Updater called before beeing initialized
2026-05-13 17:39:55,143 [INFO] RulesReader:64 - Compatibility file has been processed (301 Rules)
2026-05-13 17:39:55,173 [INFO] RulesReader:64 - Compatibility file has been processed (301 Rules)
2026-05-13 17:39:55,203 [INFO] CADModel:165 - CPN selected for project level
2026-05-13 17:39:55,204 [INFO] CADModel:114 - Register for checkConnection events
2026-05-13 17:39:55,205 [FATAL] Updater:351 - Updater called before beeing initialized
2026-05-13 17:39:55,206 [ERROR] CADModel:125 - Updater not yet initialized, retry later 
2026-05-13 17:39:55,659 [INFO] ThirdPartyUpdaterWithRetryManager:70 - Updater plugin not ready yet. [2/15]
2026-05-13 17:39:55,739 [FATAL] Updater:351 - Updater called before beeing initialized
2026-05-13 17:39:55,746 [INFO] CADModel:165 - CPN selected for project level
2026-05-13 17:39:55,747 [INFO] CADModel:114 - Register for checkConnection events
2026-05-13 17:39:55,747 [FATAL] Updater:351 - Updater called before beeing initialized
2026-05-13 17:39:55,748 [ERROR] CADModel:125 - Updater not yet initialized, retry later 
2026-05-13 17:39:55,757 [FATAL] Updater:351 - Updater called before beeing initialized
2026-05-13 17:39:56,123 [FATAL] Updater:351 - Updater called before beeing initialized
2026-05-13 17:39:56,135 [INFO] DbMcusAds:53 - JSON generation date=Mon Apr 27 13:44:29 IST 2026 (1777277669683)
2026-05-13 17:39:56,135 [FATAL] Updater:351 - Updater called before beeing initialized
2026-05-13 17:39:56,211 [WARN] DetailPanel:346 - Failed to get advertising image, set to default
2026-05-13 17:39:56,731 [FATAL] Updater:351 - Updater called before beeing initialized
2026-05-13 17:39:56,735 [FATAL] Updater:351 - Updater called before beeing initialized
2026-05-13 17:39:56,736 [FATAL] Updater:351 - Updater called before beeing initialized
2026-05-13 17:39:56,736 [WARN] DetailPanel:346 - Failed to get advertising image, set to default
2026-05-13 17:39:56,738 [FATAL] Updater:351 - Updater called before beeing initialized
2026-05-13 17:39:56,892 [ERROR] Updater:1198 - MainUpdater not yet initialized. External WinMGr cannot be set.
2026-05-13 17:39:56,898 [INFO] Updater:1134 - Updater Version found : 6.14.0
2026-05-13 17:39:56,947 [INFO] ApplicationProperties:184 - Using Application install path: C:\ST\STM32CubeIDE_1.18.0\STM32CubeIDE\plugins\com.st.stm32cube.common.mx_6.14.0.202502271554
2026-05-13 17:39:57,680 [INFO] MainUpdater:2872 - connection check result : 22
2026-05-13 17:39:57,682 [INFO] MainUpdater:289 - Updater Check For Update Now.
2026-05-13 17:39:57,683 [INFO] MicroXplorer:498 - Change Database Version : DB.6.0.140
2026-05-13 17:39:57,711 [INFO] McuFinderGlobals:63 - Set McuFinder mode to 2 (CubeIDE integrated)
2026-05-13 17:39:57,712 [INFO] UserAuth:171 - activating auth plugin
2026-05-13 17:39:57,721 [INFO] UserAuth:486 - Internet connection configuration mode: 2
2026-05-13 17:39:57,787 [INFO] UserAuth:486 - Internet connection configuration mode: 2
2026-05-13 17:39:58,098 [INFO] CheckServerUpdateThread:120 - End of CheckServer Thread
2026-05-13 17:39:59,522 [WARN] PackLoader:240 - Cannot read IP mode file for STMicroelectronics.X-CUBE-AZRTOS-H7.3.5.0
2026-05-13 17:39:59,574 [WARN] PackLoader:240 - Cannot read IP mode file for STMicroelectronics.FP-ATR-ASTRA1.2.0.2
2026-05-13 17:39:59,599 [WARN] PackLoader:240 - Cannot read IP mode file for STMicroelectronics.X-CUBE-SMBUS.2.1.0
2026-05-13 17:39:59,646 [WARN] PackLoader:240 - Cannot read IP mode file for STMicroelectronics.X-CUBE-AZRTOS-F7.1.1.0
2026-05-13 17:39:59,669 [ERROR] Engine:466 - C:\Users\hp\.stm32cubemx\thirdparties\pdsc\STMicroelectronics.FP-SNS-MOTENV1.5.1.0.pdsc: PDSC version is not supported
2026-05-13 17:39:59,682 [ERROR] Engine:466 - C:\Users\hp\.stm32cubemx\thirdparties\pdsc\WES.I-CUBE-Cesium.1.4.0.pdsc: PDSC version is not supported
2026-05-13 17:39:59,707 [WARN] PackLoader:240 - Cannot read IP mode file for STMicroelectronics.X-CUBE-DISPLAY.3.0.0
2026-05-13 17:39:59,746 [WARN] PackLoader:240 - Cannot read IP mode file for STMicroelectronics.X-CUBE-GNSS1.7.1.1
2026-05-13 17:39:59,761 [ERROR] Engine:466 - C:\Users\hp\.stm32cubemx\thirdparties\pdsc\STMicroelectronics.FP-SNS-MOTENVWB1.1.5.0.pdsc: PDSC version is not supported
2026-05-13 17:39:59,781 [WARN] PackLoader:240 - Cannot read IP mode file for STMicroelectronics.X-CUBE-NFC10.1.0.0
2026-05-13 17:39:59,802 [WARN] PackLoader:240 - Cannot read IP mode file for STMicroelectronics.X-CUBE-ST60.1.1.0
2026-05-13 17:39:59,823 [WARN] PackLoader:240 - Cannot read IP mode file for emotas.I-CUBE-CANOPEN.1.3.0
2026-05-13 17:39:59,839 [WARN] PackLoader:240 - Cannot read IP mode file for STMicroelectronics.X-CUBE-GNSS1.7.1.0
2026-05-13 17:39:59,859 [ERROR] Engine:466 - C:\Users\hp\.stm32cubemx\thirdparties\pdsc\STMicroelectronics.FP-SNS-STBOX1.2.1.0.pdsc: PDSC version is not supported
2026-05-13 17:39:59,874 [WARN] PackLoader:240 - Cannot read IP mode file for STMicroelectronics.FP-SNS-SMARTAG2.1.2.0
2026-05-13 17:39:59,890 [WARN] PackLoader:240 - Cannot read IP mode file for STMicroelectronics.FP-SNS-FLIGHT1.5.1.0
2026-05-13 17:39:59,919 [INFO] LogOutputStream:77 - [STDOUT_REDIRECT] 1 : Invalid condition id : UX_CORESTACK_Condition cause : null
2026-05-13 17:39:59,923 [INFO] LogOutputStream:77 - [STDOUT_REDIRECT] 1 : Invalid condition id : UX_CORESTACK_Condition cause : null
2026-05-13 17:39:59,926 [INFO] LogOutputStream:77 - [STDOUT_REDIRECT] 1 : Invalid condition id : UX_CORESTACK_Condition cause : null
2026-05-13 17:39:59,931 [INFO] LogOutputStream:77 - [STDOUT_REDIRECT] 1 : Invalid condition id : UX_CORESTACK_Condition cause : null
2026-05-13 17:39:59,935 [INFO] LogOutputStream:77 - [STDOUT_REDIRECT] 1 : Invalid condition id : UX_CORESTACK_Condition cause : null
2026-05-13 17:39:59,946 [WARN] PackLoader:240 - Cannot read IP mode file for STMicroelectronics.X-CUBE-AZRTOS-WL.2.0.0
2026-05-13 17:39:59,997 [WARN] PackLoader:240 - Cannot read IP mode file for STMicroelectronics.X-CUBE-AZRTOS-H7RS.1.2.0
2026-05-13 17:40:00,020 [WARN] PackLoader:240 - Cannot read IP mode file for STMicroelectronics.X-CUBE-BLE2.3.3.0
2026-05-13 17:40:00,128 [WARN] PackLoader:240 - Cannot read IP mode file for Infineon.AIROC-Wi-Fi-Bluetooth-STM32.1.8.0
2026-05-13 17:40:00,151 [WARN] PackLoader:240 - Cannot read IP mode file for STMicroelectronics.X-CUBE-NFC9.1.0.0
2026-05-13 17:40:00,170 [WARN] PackLoader:240 - Cannot read IP mode file for STMicroelectronics.X-CUBE-BLE1.7.1.0
2026-05-13 17:40:00,184 [WARN] PackLoader:240 - Cannot read IP mode file for wolfSSL.I-CUBE-wolfMQTT.1.19.2
2026-05-13 17:40:00,204 [WARN] PackLoader:240 - Cannot read IP mode file for STMicroelectronics.X-CUBE-EEPRMA1.5.2.0
2026-05-13 17:40:00,221 [WARN] PackLoader:240 - Cannot read IP mode file for wolfSSL.I-CUBE-wolfSSL.5.8.4
2026-05-13 17:40:00,231 [ERROR] Engine:466 - C:\Users\hp\.stm32cubemx\thirdparties\pdsc\STMicroelectronics.FP-SNS-STAIOTCFT.1.1.0.pdsc: PDSC version is not supported
2026-05-13 17:40:00,342 [WARN] PackLoader:240 - Cannot read IP mode file for STMicroelectronics.X-CUBE-MEMS1.12.0.0
2026-05-13 17:40:00,556 [WARN] PackLoader:240 - Cannot read IP mode file for STMicroelectronics.X-CUBE-AZRTOS-G0.1.1.0
2026-05-13 17:40:00,575 [WARN] PackLoader:240 - Cannot read IP mode file for STMicroelectronics.X-CUBE-NFC4.3.0.0
2026-05-13 17:40:00,598 [WARN] PackLoader:240 - Cannot read IP mode file for EmbeddedOffice.I-CUBE-FS-RTOS.1.0.1
2026-05-13 17:40:00,612 [WARN] PackLoader:240 - Cannot read IP mode file for wolfSSL.I-CUBE-wolfTPM.3.8.0
2026-05-13 17:40:00,627 [WARN] PackLoader:240 - Cannot read IP mode file for STMicroelectronics.X-CUBE-TCPP.4.2.0
2026-05-13 17:40:00,645 [WARN] PackLoader:240 - Cannot read IP mode file for RealThread.X-CUBE-RT-Thread_Nano.4.1.1
2026-05-13 17:40:00,660 [WARN] PackLoader:240 - Cannot read IP mode file for STMicroelectronics.FP-ATR-SIGFOX1.3.2.0
2026-05-13 17:40:00,669 [ERROR] Engine:466 - C:\Users\hp\.stm32cubemx\thirdparties\pdsc\STMicroelectronics.X-CUBE-FREERTOS.1.5.0.pdsc: PDSC version is not supported
2026-05-13 17:40:00,684 [WARN] PackLoader:240 - Cannot read IP mode file for ITTIA_DB.I-CUBE-ITTIADB.8.9.0
2026-05-13 17:40:00,699 [WARN] PackLoader:240 - Cannot read IP mode file for Cesanta.I-CUBE-Mongoose.7.21.0
2026-05-13 17:40:00,718 [WARN] PackLoader:240 - Cannot read IP mode file for STMicroelectronics.X-CUBE-NFC6.3.2.0
2026-05-13 17:40:00,737 [WARN] PackLoader:240 - Cannot read IP mode file for STMicroelectronics.X-CUBE-AI.10.2.0
2026-05-13 17:40:00,821 [WARN] PackLoader:240 - Cannot read IP mode file for STMicroelectronics.X-CUBE-MEMS1.12.1.0
2026-05-13 17:40:01,074 [WARN] PackLoader:240 - Cannot read IP mode file for SEGGER.I-CUBE-embOS.1.3.1
2026-05-13 17:40:01,215 [WARN] PackLoader:240 - Cannot read IP mode file for STMicroelectronics.X-CUBE-ALGOBUILD.1.4.0
2026-05-13 17:40:01,228 [WARN] PackLoader:240 - Cannot read IP mode file for STMicroelectronics.X-CUBE-PM33A1.1.0.0
2026-05-13 17:40:01,253 [WARN] PackLoader:240 - Cannot read IP mode file for STMicroelectronics.X-CUBE-AZRTOS-F4.1.1.0
2026-05-13 17:40:01,264 [WARN] PackLoader:240 - Cannot read IP mode file for STMicroelectronics.X-CUBE-ISPU.2.1.0
2026-05-13 17:40:01,277 [ERROR] Engine:466 - C:\Users\hp\.stm32cubemx\thirdparties\pdsc\STMicroelectronics.X-CUBE-IPS.3.2.0.pdsc: PDSC version is not supported
2026-05-13 17:40:01,286 [WARN] PackLoader:240 - Cannot read IP mode file for STMicroelectronics.eDS-WB_DPC_TT-BIDIR.2.1.1
2026-05-13 17:40:01,301 [WARN] PackLoader:240 - Cannot read IP mode file for STMicroelectronics.X-CUBE-NFC12.1.0.0
2026-05-13 17:40:01,328 [WARN] PackLoader:240 - Cannot read IP mode file for STMicroelectronics.X-CUBE-AZRTOS-L5.2.0.0
2026-05-13 17:40:01,340 [WARN] PackLoader:240 - Cannot read IP mode file for STMicroelectronics.eDS-WB_DPC_VIENNA.1.2.0
2026-05-13 17:40:01,350 [WARN] PackLoader:240 - Cannot read IP mode file for STMicroelectronics.eDS-WB_DPC_3PH2L-BIDIR.1.1.1
2026-05-13 17:40:01,356 [ERROR] Engine:466 - C:\Users\hp\.stm32cubemx\thirdparties\pdsc\STMicroelectronics.X-CUBE-ST67W61.1.3.0.pdsc: PDSC version is not supported
2026-05-13 17:40:01,368 [WARN] PackLoader:240 - Cannot read IP mode file for STMicroelectronics.X-CUBE-TOUCHGFX.4.26.1
2026-05-13 17:40:01,378 [WARN] PackLoader:240 - Cannot read IP mode file for STMicroelectronics.FP-SNS-STAIOTCFT.1.0.0
2026-05-13 17:40:01,394 [WARN] PackLoader:240 - Cannot read IP mode file for STMicroelectronics.X-CUBE-DPower.1.3.0
2026-05-13 17:40:01,431 [WARN] ConditionMgr:438 - getConditionDescription Invalid condition id : LAN8742 Phy interface Condition cause : null
2026-05-13 17:40:01,432 [WARN] PackLoader:240 - Cannot read IP mode file for STMicroelectronics.X-CUBE-AZRTOS-L4.2.0.0
2026-05-13 17:40:01,434 [WARN] ConditionMgr:1044 - genDependencies : Invalid condition id : LAN8742 Phy interface Condition cause : null
2026-05-13 17:40:01,435 [WARN] ConditionMgr:1044 - genDependencies : Invalid condition id : LAN8742 Phy interface Condition cause : null
2026-05-13 17:40:01,436 [WARN] ConditionMgr:1044 - genDependencies : Invalid condition id : LAN8742 Phy interface Condition cause : null
2026-05-13 17:40:01,461 [WARN] PackLoader:240 - Cannot read IP mode file for STMicroelectronics.X-CUBE-SFXS2LP1.4.0.0
2026-05-13 17:40:01,474 [WARN] PackLoader:240 - Cannot read IP mode file for STMicroelectronics.X-CUBE-WB05N.2.1.0
2026-05-13 17:40:01,482 [ERROR] Engine:466 - C:\Users\hp\.stm32cubemx\thirdparties\pdsc\STMicroelectronics.X-CUBE-ST67W61.1.2.0.pdsc: PDSC version is not supported
2026-05-13 17:40:01,506 [WARN] PackLoader:240 - Cannot read IP mode file for STMicroelectronics.X-CUBE-BLEMGR.4.1.0
2026-05-13 17:40:01,535 [WARN] ConditionMgr:438 - getConditionDescription Invalid condition id : UX DEVICE CLASS RTOS Condition cause : null
2026-05-13 17:40:01,536 [WARN] ConditionMgr:438 - getConditionDescription Invalid condition id : UX DEVICE CLASS RTOS Condition cause : null
2026-05-13 17:40:01,539 [WARN] PackLoader:240 - Cannot read IP mode file for STMicroelectronics.X-CUBE-AZRTOS-WB.2.0.0
2026-05-13 17:40:01,541 [WARN] ConditionMgr:1044 - genDependencies : Invalid condition id : UX DEVICE CLASS RTOS Condition cause : null
2026-05-13 17:40:01,541 [WARN] ConditionMgr:1044 - genDependencies : Invalid condition id : UX DEVICE CLASS RTOS Condition cause : null
2026-05-13 17:40:01,542 [WARN] ConditionMgr:1044 - genDependencies : Invalid condition id : UX DEVICE CLASS RTOS Condition cause : null
2026-05-13 17:40:01,543 [WARN] ConditionMgr:1044 - genDependencies : Invalid condition id : UX DEVICE CLASS RTOS Condition cause : null
2026-05-13 17:40:01,543 [WARN] ConditionMgr:1044 - genDependencies : Invalid condition id : UX DEVICE CLASS RTOS Condition cause : null
2026-05-13 17:40:01,554 [WARN] ConditionMgr:438 - getConditionDescription Invalid condition id : Cortex-A Device cause : null
2026-05-13 17:40:01,571 [WARN] ConditionMgr:1044 - genDependencies : Invalid condition id : Cortex-A Device cause : null
2026-05-13 17:40:01,571 [WARN] ConditionMgr:1044 - genDependencies : Invalid condition id : Cortex-A Device cause : null
2026-05-13 17:40:01,572 [WARN] ConditionMgr:1044 - genDependencies : Invalid condition id : Cortex-A Device cause : null
2026-05-13 17:40:01,585 [WARN] PackLoader:240 - Cannot read IP mode file for STMicroelectronics.X-CUBE-STSE01.2.0.0
2026-05-13 17:40:01,608 [WARN] PackLoader:240 - Cannot read IP mode file for STMicroelectronics.X-CUBE-SUBG2.5.0.0
2026-05-13 17:40:01,634 [WARN] PackLoader:240 - Cannot read IP mode file for STMicroelectronics.X-CUBE-AZRTOS-G4.2.0.0
2026-05-13 17:40:01,646 [WARN] PackLoader:240 - Cannot read IP mode file for wolfSSL.I-CUBE-wolfSSH.1.4.20
2026-05-13 17:40:01,657 [WARN] PackLoader:240 - Cannot read IP mode file for STMicroelectronics.X-CUBE-NFC7.2.0.0
2026-05-13 17:40:01,669 [WARN] PackLoader:240 - Cannot read IP mode file for STMicroelectronics.X-CUBE-ALS.1.0.2
2026-05-13 17:40:01,690 [WARN] PackLoader:240 - Cannot read IP mode file for STMicroelectronics.X-CUBE-TOF1.3.4.3
2026-05-13 17:40:01,707 [INFO] ThirdParty:978 - Integrity check success = true
2026-05-13 17:40:01,708 [INFO] IntegrityCheckThread:100 - exiting critical section [integrity check]
2026-05-13 17:40:01,708 [INFO] IntegrityCheckThread:103 - End integrity checks thread
2026-05-13 17:42:56,489 [ERROR] ConfigurationRetriever:142 - IOException on connection: sw-center.st.com
2026-05-13 17:42:56,492 [ERROR] ConfigurationRetriever:142 - IOException on connection: sw-center.st.com
2026-05-13 17:42:56,494 [ERROR] ConfigurationRetriever:142 - IOException on connection: sw-center.st.com
2026-05-13 17:43:18,841 [ERROR] ConfigurationRetriever:142 - IOException on connection: sw-center.st.com
2026-05-13 17:43:18,845 [ERROR] ConfigurationRetriever:142 - IOException on connection: sw-center.st.com
2026-05-13 17:43:18,847 [ERROR] ConfigurationRetriever:142 - IOException on connection: sw-center.st.com
