2026-06-04 08:53:35,339 [INFO] Activator:176 - 


2026-06-04 08:53:35,360 [INFO] Activator:177 - !SESSION log4j initialized
2026-06-04 08:53:45,946 [INFO] LogOutputStream:77 - [STDOUT_REDIRECT] 
2026-06-04 08:53:51,855 [INFO] ApplicationProperties:184 - Using Application install path: C:\ST\STM32CubeIDE_1.18.0\STM32CubeIDE\plugins\com.st.stm32cube.common.mx_6.14.0.202502271554
2026-06-04 08:53:51,896 [INFO] DbMcusXml:78 - Set database path to: C:\ST\STM32CubeIDE_1.18.0\STM32CubeIDE\plugins\com.st.stm32cube.common.mx_6.14.0.202502271554\\db\/mcu/
2026-06-04 08:53:51,897 [INFO] ApiDb:274 - Set plugin database path to: C:\ST\STM32CubeIDE_1.18.0\STM32CubeIDE\plugins\com.st.stm32cube.common.mx_6.14.0.202502271554\\db\/plugins/boardmanager/
2026-06-04 08:53:51,899 [WARN] ApiDb:259 - Overriding images path with different value:  => C:\ST\STM32CubeIDE_1.18.0\STM32CubeIDE\plugins\com.st.stm32cube.common.mx_6.14.0.202502271554\\db\/plugins/mcufinder/images/
2026-06-04 08:53:51,922 [INFO] ApiDb:250 - Set database path to: C:\Users\hp\.stmcufinder\plugins\mcufinder//mcu/
2026-06-04 08:53:51,925 [INFO] DbMcusAds:125 - Set database path to: C:\Users\hp\.stmcufinder\plugins\mcufinder//mcu/
2026-06-04 08:53:51,930 [INFO] CrossReferenceDbSqlite:203 - Set database path to: C:\Users\hp\.stmcufinder\plugins\mcufinder//mcu/cs/
2026-06-04 08:53:52,164 [INFO] RulesReader:64 - Compatibility file has been processed (301 Rules)
2026-06-04 08:53:52,366 [INFO] DbMcusXml:78 - Set database path to: C:\ST\STM32CubeIDE_1.18.0\STM32CubeIDE\plugins\com.st.stm32cube.common.mx_6.14.0.202502271554\\db\/mcu/
2026-06-04 08:53:52,367 [INFO] ApiDb:274 - Set plugin database path to: C:\ST\STM32CubeIDE_1.18.0\STM32CubeIDE\plugins\com.st.stm32cube.common.mx_6.14.0.202502271554\\db\/plugins/boardmanager/
2026-06-04 08:53:52,368 [INFO] ApiDb:261 - Set plugin images path to: C:\ST\STM32CubeIDE_1.18.0\STM32CubeIDE\plugins\com.st.stm32cube.common.mx_6.14.0.202502271554\\db\/plugins/mcufinder/images/
2026-06-04 08:53:52,368 [WARN] DbFile:41 - Overriding database path with different value: C:\Users\hp\.stmcufinder\plugins\mcufinder/ => C:\Users\hp\.stmcufinder\plugins\mcufinder
2026-06-04 08:53:52,369 [INFO] ApiDb:250 - Set database path to: C:\Users\hp\.stmcufinder\plugins\mcufinder//mcu/
2026-06-04 08:53:52,369 [WARN] DbFile:41 - Overriding database path with different value: C:\Users\hp\.stmcufinder\plugins\mcufinder/ => C:\Users\hp\.stmcufinder\plugins\mcufinder
2026-06-04 08:53:52,369 [INFO] DbMcusAds:125 - Set database path to: C:\Users\hp\.stmcufinder\plugins\mcufinder//mcu/
2026-06-04 08:53:52,369 [WARN] DbFile:41 - Overriding database path with different value: C:\Users\hp\.stmcufinder\plugins\mcufinder/ => C:\Users\hp\.stmcufinder\plugins\mcufinder
2026-06-04 08:53:52,369 [WARN] DbFile:41 - Overriding database path with different value: C:\Users\hp\.stmcufinder\plugins\mcufinder/ => C:\Users\hp\.stmcufinder\plugins\mcufinder
2026-06-04 08:53:52,369 [INFO] CrossReferenceDbSqlite:203 - Set database path to: C:\Users\hp\.stmcufinder\plugins\mcufinder//mcu/cs/
2026-06-04 08:53:52,567 [INFO] MainPanel:272 - HeapMemory: 268435456
2026-06-04 08:53:52,789 [INFO] DbMcusXml:78 - Set database path to: C:\ST\STM32CubeIDE_1.18.0\STM32CubeIDE\plugins\com.st.stm32cube.common.mx_6.14.0.202502271554\\db\/mcu/
2026-06-04 08:53:52,790 [INFO] ApiDb:274 - Set plugin database path to: C:\ST\STM32CubeIDE_1.18.0\STM32CubeIDE\plugins\com.st.stm32cube.common.mx_6.14.0.202502271554\\db\/plugins/boardmanager/
2026-06-04 08:53:52,790 [INFO] ApiDb:261 - Set plugin images path to: C:\ST\STM32CubeIDE_1.18.0\STM32CubeIDE\plugins\com.st.stm32cube.common.mx_6.14.0.202502271554\\db\/plugins/mcufinder/images/
2026-06-04 08:53:52,790 [WARN] DbFile:41 - Overriding database path with different value: C:\Users\hp\.stmcufinder\plugins\mcufinder/ => C:\Users\hp\.stmcufinder\plugins\mcufinder
2026-06-04 08:53:52,791 [INFO] ApiDb:250 - Set database path to: C:\Users\hp\.stmcufinder\plugins\mcufinder//mcu/
2026-06-04 08:53:52,791 [WARN] DbFile:41 - Overriding database path with different value: C:\Users\hp\.stmcufinder\plugins\mcufinder/ => C:\Users\hp\.stmcufinder\plugins\mcufinder
2026-06-04 08:53:52,791 [INFO] DbMcusAds:125 - Set database path to: C:\Users\hp\.stmcufinder\plugins\mcufinder//mcu/
2026-06-04 08:53:52,791 [WARN] DbFile:41 - Overriding database path with different value: C:\Users\hp\.stmcufinder\plugins\mcufinder/ => C:\Users\hp\.stmcufinder\plugins\mcufinder
2026-06-04 08:53:52,791 [WARN] DbFile:41 - Overriding database path with different value: C:\Users\hp\.stmcufinder\plugins\mcufinder/ => C:\Users\hp\.stmcufinder\plugins\mcufinder
2026-06-04 08:53:52,792 [INFO] CrossReferenceDbSqlite:203 - Set database path to: C:\Users\hp\.stmcufinder\plugins\mcufinder//mcu/cs/
2026-06-04 08:53:52,833 [INFO] ApplicationProperties:184 - Using Application install path: C:\ST\STM32CubeIDE_1.18.0\STM32CubeIDE\plugins\com.st.stm32cube.common.mx_6.14.0.202502271554
2026-06-04 08:53:52,837 [INFO] PluginManage:196 - Search for loadable plugins [exclusion list=, ]
2026-06-04 08:53:52,841 [INFO] PluginManage:310 - Check plugin analytics
2026-06-04 08:53:53,247 [INFO] AnalyticsPlugin:253 - Accepted Software Licenses: 
2026-06-04 08:53:53,248 [INFO] AnalyticsPlugin:255 - Accepted CMSIS Pack Licenses: 
2026-06-04 08:53:53,249 [INFO] AnalyticsPlugin:257 - Accepted Firmware Licenses: FW.F4.1.28.0,FW.L4.1.18.0
2026-06-04 08:53:53,255 [INFO] PluginManage:359 - Loaded plugin analytics (category:tool,tabindex:-1)
2026-06-04 08:53:53,256 [INFO] PluginManage:310 - Check plugin cadmodel
2026-06-04 08:53:53,297 [INFO] CADModel:105 - Init CAD model plugin
2026-06-04 08:53:53,297 [INFO] PluginManage:359 - Loaded plugin cadmodel (category:power,tabindex:5)
2026-06-04 08:53:53,298 [INFO] PluginManage:310 - Check plugin clock
2026-06-04 08:53:53,348 [INFO] PluginManage:359 - Loaded plugin clock (category:base,tabindex:2)
2026-06-04 08:53:53,348 [INFO] PluginManage:310 - Check plugin ddr
2026-06-04 08:53:53,355 [INFO] PluginManage:359 - Loaded plugin ddr (category:tool,tabindex:6)
2026-06-04 08:53:53,356 [INFO] PluginManage:310 - Check plugin filemanager
2026-06-04 08:53:53,825 [INFO] PluginManage:359 - Loaded plugin filemanager (category:base,tabindex:10)
2026-06-04 08:53:53,826 [INFO] PluginManage:310 - Check plugin ipmanager
2026-06-04 08:53:53,848 [INFO] PluginManage:359 - Loaded plugin ipmanager (category:base,tabindex:5)
2026-06-04 08:53:53,849 [INFO] PluginManage:310 - Check plugin lpbam
2026-06-04 08:53:53,895 [INFO] PluginManage:359 - Loaded plugin lpbam (category:base,tabindex:0)
2026-06-04 08:53:53,896 [INFO] PluginManage:310 - Check plugin memorymap
2026-06-04 08:53:53,954 [INFO] PluginManage:359 - Loaded plugin memorymap (category:base,tabindex:4)
2026-06-04 08:53:53,954 [INFO] PluginManage:310 - Check plugin pinoutandconfiguration
2026-06-04 08:53:53,994 [INFO] PluginManage:359 - Loaded plugin pinoutandconfiguration (category:base,tabindex:1)
2026-06-04 08:53:53,995 [INFO] PluginManage:310 - Check plugin pinoutconfig
2026-06-04 08:53:54,203 [WARN] SupportedApi:132 - Cannot load RTOS API schema: s4s-elt-must-match.1: The content of 'definitions' must match (annotation?, (simpleType | complexType)?, (unique | key | keyref)*)). A problem was found starting at: attribute.
2026-06-04 08:53:54,521 [INFO] PluginManage:359 - Loaded plugin pinoutconfig (category:base,tabindex:0)
2026-06-04 08:53:54,522 [INFO] PluginManage:310 - Check plugin power
2026-06-04 08:53:54,571 [INFO] PluginManage:359 - Loaded plugin power (category:power,tabindex:4)
2026-06-04 08:53:54,571 [INFO] PluginManage:310 - Check plugin projectmanager
2026-06-04 08:53:54,608 [INFO] PluginManage:359 - Loaded plugin projectmanager (category:projectmanager,tabindex:4)
2026-06-04 08:53:54,608 [INFO] PluginManage:310 - Check plugin rif
2026-06-04 08:53:54,647 [INFO] PluginManage:359 - Loaded plugin rif (category:base,tabindex:3)
2026-06-04 08:53:54,648 [INFO] PluginManage:310 - Check plugin thirdparty
2026-06-04 08:53:55,424 [INFO] PluginManage:359 - Loaded plugin thirdparty (category:base,tabindex:-1)
2026-06-04 08:53:55,424 [INFO] PluginManage:310 - Check plugin tools
2026-06-04 08:53:55,423 [WARN] IntegrityCheckThread:84 - waiting for thirdparty lock release [integrity check]
2026-06-04 08:53:55,425 [INFO] IntegrityCheckThread:86 - entering critical section [integrity check]
2026-06-04 08:53:55,426 [INFO] ThirdPartyUpdaterWithRetryManager:70 - Updater plugin not ready yet. [1/15]
2026-06-04 08:53:55,529 [INFO] PluginManage:359 - Loaded plugin tools (category:base,tabindex:7)
2026-06-04 08:53:55,530 [INFO] PluginManage:310 - Check plugin tutovideos
2026-06-04 08:53:55,917 [INFO] PluginManage:359 - Loaded plugin tutovideos (category:base,tabindex:-1)
2026-06-04 08:53:55,918 [INFO] PluginManage:310 - Check plugin updater
2026-06-04 08:53:55,964 [INFO] PluginManage:359 - Loaded plugin updater (category:base,tabindex:12)
2026-06-04 08:53:55,965 [INFO] PluginManage:310 - Check plugin userauth
2026-06-04 08:53:55,973 [INFO] UserAuth:118 - Init User Auth plugin
2026-06-04 08:53:55,976 [INFO] PluginManage:359 - Loaded plugin userauth (category:base,tabindex:14)
2026-06-04 08:53:55,977 [INFO] PluginManage:283 - PluginManage : Loaded plugins [18]
2026-06-04 08:53:56,508 [INFO] PinOutPanel:1589 - setPackage(No Configuration,No Configuration)
2026-06-04 08:53:56,739 [INFO] CADModel:165 - CPN selected for project level
2026-06-04 08:53:56,740 [INFO] CADModel:114 - Register for checkConnection events
2026-06-04 08:53:56,806 [INFO] IPUIPlugin:80 - create IPUIPlugin
2026-06-04 08:53:56,807 [INFO] PluginManager:220 - loadIPPluginJar : add adc
2026-06-04 08:53:56,918 [INFO] IPUIPlugin:80 - create IPUIPlugin
2026-06-04 08:53:56,918 [INFO] PluginManager:220 - loadIPPluginJar : add aes
2026-06-04 08:53:57,039 [INFO] IPUIPlugin:80 - create IPUIPlugin
2026-06-04 08:53:57,039 [INFO] PluginManager:220 - loadIPPluginJar : add can
2026-06-04 08:53:57,111 [INFO] IPUIPlugin:80 - create IPUIPlugin
2026-06-04 08:53:57,111 [INFO] PluginManager:220 - loadIPPluginJar : add comp
2026-06-04 08:53:57,236 [INFO] IPUIPlugin:80 - create IPUIPlugin
2026-06-04 08:53:57,236 [INFO] PluginManager:220 - loadIPPluginJar : add cryp
2026-06-04 08:53:57,278 [INFO] IPUIPlugin:80 - create IPUIPlugin
2026-06-04 08:53:57,279 [INFO] PluginManager:220 - loadIPPluginJar : add ddr_ctrl_phy
2026-06-04 08:53:57,367 [INFO] IPUIPlugin:80 - create IPUIPlugin
2026-06-04 08:53:57,367 [INFO] PluginManager:220 - loadIPPluginJar : add dfsdm
2026-06-04 08:53:57,400 [INFO] IPUIPlugin:80 - create IPUIPlugin
2026-06-04 08:53:57,401 [INFO] PluginManager:220 - loadIPPluginJar : add dma
2026-06-04 08:53:57,516 [INFO] IPUIPlugin:80 - create IPUIPlugin
2026-06-04 08:53:57,517 [INFO] PluginManager:220 - loadIPPluginJar : add dma3
2026-06-04 08:53:57,643 [INFO] IPUIPlugin:80 - create IPUIPlugin
2026-06-04 08:53:57,644 [INFO] PluginManager:220 - loadIPPluginJar : add extmemmanager
2026-06-04 08:53:57,719 [INFO] IPUIPlugin:80 - create IPUIPlugin
2026-06-04 08:53:57,720 [INFO] PluginManager:220 - loadIPPluginJar : add fatfs
2026-06-04 08:53:57,854 [INFO] IPUIPlugin:80 - create IPUIPlugin
2026-06-04 08:53:57,854 [INFO] PluginManager:220 - loadIPPluginJar : add fmc
2026-06-04 08:53:57,899 [INFO] IPUIPlugin:80 - create IPUIPlugin
2026-06-04 08:53:57,899 [INFO] PluginManager:220 - loadIPPluginJar : add freertos
2026-06-04 08:53:57,957 [INFO] IPUIPlugin:80 - create IPUIPlugin
2026-06-04 08:53:57,958 [INFO] PluginManager:220 - loadIPPluginJar : add genericplugin
2026-06-04 08:53:58,231 [INFO] IPUIPlugin:80 - create IPUIPlugin
2026-06-04 08:53:58,232 [INFO] PluginManager:220 - loadIPPluginJar : add gfxmmu
2026-06-04 08:53:58,428 [INFO] ThirdPartyUpdaterWithRetryManager:70 - Updater plugin not ready yet. [2/15]
2026-06-04 08:53:58,666 [INFO] IPUIPlugin:80 - create IPUIPlugin
2026-06-04 08:53:58,666 [INFO] PluginManager:220 - loadIPPluginJar : add gic
2026-06-04 08:53:58,708 [INFO] IPUIPlugin:80 - create IPUIPlugin
2026-06-04 08:53:58,709 [INFO] PluginManager:220 - loadIPPluginJar : add gpio
2026-06-04 08:53:58,974 [INFO] IPUIPlugin:80 - create IPUIPlugin
2026-06-04 08:53:58,975 [INFO] PluginManager:220 - loadIPPluginJar : add gtzc
2026-06-04 08:53:59,075 [INFO] IPUIPlugin:80 - create IPUIPlugin
2026-06-04 08:53:59,076 [INFO] PluginManager:220 - loadIPPluginJar : add hash
2026-06-04 08:53:59,229 [INFO] IPUIPlugin:80 - create IPUIPlugin
2026-06-04 08:53:59,229 [INFO] PluginManager:220 - loadIPPluginJar : add i2c
2026-06-04 08:53:59,347 [INFO] IPUIPlugin:80 - create IPUIPlugin
2026-06-04 08:53:59,348 [INFO] PluginManager:220 - loadIPPluginJar : add i2s
2026-06-04 08:53:59,465 [INFO] IPUIPlugin:80 - create IPUIPlugin
2026-06-04 08:53:59,466 [INFO] PluginManager:220 - loadIPPluginJar : add i3c
2026-06-04 08:53:59,762 [INFO] IPUIPlugin:80 - create IPUIPlugin
2026-06-04 08:53:59,763 [INFO] PluginManager:220 - loadIPPluginJar : add ipddr
2026-06-04 08:54:00,032 [INFO] IPUIPlugin:80 - create IPUIPlugin
2026-06-04 08:54:00,033 [INFO] PluginManager:220 - loadIPPluginJar : add linkedlist
2026-06-04 08:54:00,136 [INFO] IPUIPlugin:80 - create IPUIPlugin
2026-06-04 08:54:00,136 [INFO] PluginManager:220 - loadIPPluginJar : add lorawan
2026-06-04 08:54:00,242 [INFO] IPUIPlugin:80 - create IPUIPlugin
2026-06-04 08:54:00,243 [INFO] PluginManager:220 - loadIPPluginJar : add ltdc
2026-06-04 08:54:00,273 [INFO] IPUIPlugin:80 - create IPUIPlugin
2026-06-04 08:54:00,274 [INFO] PluginManager:220 - loadIPPluginJar : add mdma
2026-06-04 08:54:00,300 [INFO] IPUIPlugin:80 - create IPUIPlugin
2026-06-04 08:54:00,300 [INFO] PluginManager:220 - loadIPPluginJar : add nvic
2026-06-04 08:54:00,403 [INFO] IPUIPlugin:80 - create IPUIPlugin
2026-06-04 08:54:00,403 [INFO] PluginManager:220 - loadIPPluginJar : add opamp
2026-06-04 08:54:00,589 [INFO] IPUIPlugin:80 - create IPUIPlugin
2026-06-04 08:54:00,590 [INFO] PluginManager:220 - loadIPPluginJar : add openamp
2026-06-04 08:54:00,719 [INFO] IPUIPlugin:80 - create IPUIPlugin
2026-06-04 08:54:00,719 [INFO] PluginManager:220 - loadIPPluginJar : add pdm2pcm
2026-06-04 08:54:00,769 [INFO] IPUIPlugin:80 - create IPUIPlugin
2026-06-04 08:54:00,775 [INFO] PluginManager:220 - loadIPPluginJar : add plateformsettings
2026-06-04 08:54:00,834 [INFO] IPUIPlugin:80 - create IPUIPlugin
2026-06-04 08:54:00,835 [INFO] PluginManager:220 - loadIPPluginJar : add quadspi
2026-06-04 08:54:00,909 [INFO] IPUIPlugin:80 - create IPUIPlugin
2026-06-04 08:54:00,911 [INFO] PluginManager:220 - loadIPPluginJar : add radio
2026-06-04 08:54:00,939 [INFO] IPUIPlugin:80 - create IPUIPlugin
2026-06-04 08:54:00,939 [INFO] PluginManager:220 - loadIPPluginJar : add resmgrutility
2026-06-04 08:54:01,073 [INFO] IPUIPlugin:80 - create IPUIPlugin
2026-06-04 08:54:01,074 [INFO] PluginManager:220 - loadIPPluginJar : add sai
2026-06-04 08:54:01,186 [INFO] IPUIPlugin:80 - create IPUIPlugin
2026-06-04 08:54:01,187 [INFO] PluginManager:220 - loadIPPluginJar : add spi
2026-06-04 08:54:01,430 [INFO] ThirdPartyUpdaterWithRetryManager:70 - Updater plugin not ready yet. [3/15]
2026-06-04 08:54:01,440 [INFO] IPUIPlugin:80 - create IPUIPlugin
2026-06-04 08:54:01,440 [INFO] PluginManager:220 - loadIPPluginJar : add stm32_wpan
2026-06-04 08:54:01,507 [INFO] IPUIPlugin:80 - create IPUIPlugin
2026-06-04 08:54:01,508 [INFO] PluginManager:220 - loadIPPluginJar : add tim
2026-06-04 08:54:01,677 [INFO] IPUIPlugin:80 - create IPUIPlugin
2026-06-04 08:54:01,678 [INFO] PluginManager:220 - loadIPPluginJar : add touchsensing
2026-06-04 08:54:01,741 [INFO] IPUIPlugin:80 - create IPUIPlugin
2026-06-04 08:54:01,741 [INFO] PluginManager:220 - loadIPPluginJar : add tracer_emb
2026-06-04 08:54:01,808 [INFO] IPUIPlugin:80 - create IPUIPlugin
2026-06-04 08:54:01,808 [INFO] PluginManager:220 - loadIPPluginJar : add ts
2026-06-04 08:54:01,868 [INFO] IPUIPlugin:80 - create IPUIPlugin
2026-06-04 08:54:01,868 [INFO] PluginManager:220 - loadIPPluginJar : add tsc
2026-06-04 08:54:01,931 [INFO] IPUIPlugin:80 - create IPUIPlugin
2026-06-04 08:54:01,931 [INFO] PluginManager:220 - loadIPPluginJar : add ucpd
2026-06-04 08:54:02,056 [INFO] IPUIPlugin:80 - create IPUIPlugin
2026-06-04 08:54:02,056 [INFO] PluginManager:220 - loadIPPluginJar : add usart
2026-06-04 08:54:02,178 [INFO] IPUIPlugin:80 - create IPUIPlugin
2026-06-04 08:54:02,178 [INFO] PluginManager:220 - loadIPPluginJar : add usbx
2026-06-04 08:54:02,400 [FATAL] Updater:351 - Updater called before beeing initialized
2026-06-04 08:54:02,469 [INFO] RulesReader:64 - Compatibility file has been processed (301 Rules)
2026-06-04 08:54:02,491 [INFO] RulesReader:64 - Compatibility file has been processed (301 Rules)
2026-06-04 08:54:02,506 [INFO] CADModel:165 - CPN selected for project level
2026-06-04 08:54:02,507 [INFO] CADModel:114 - Register for checkConnection events
2026-06-04 08:54:02,507 [FATAL] Updater:351 - Updater called before beeing initialized
2026-06-04 08:54:02,507 [ERROR] CADModel:125 - Updater not yet initialized, retry later 
2026-06-04 08:54:02,846 [FATAL] Updater:351 - Updater called before beeing initialized
2026-06-04 08:54:02,851 [INFO] CADModel:165 - CPN selected for project level
2026-06-04 08:54:02,851 [INFO] CADModel:114 - Register for checkConnection events
2026-06-04 08:54:02,852 [FATAL] Updater:351 - Updater called before beeing initialized
2026-06-04 08:54:02,852 [ERROR] CADModel:125 - Updater not yet initialized, retry later 
2026-06-04 08:54:02,858 [FATAL] Updater:351 - Updater called before beeing initialized
2026-06-04 08:54:03,130 [FATAL] Updater:351 - Updater called before beeing initialized
2026-06-04 08:54:03,137 [INFO] DbMcusAds:53 - JSON generation date=Thu May 28 21:38:17 IST 2026 (1779984497073)
2026-06-04 08:54:03,138 [FATAL] Updater:351 - Updater called before beeing initialized
2026-06-04 08:54:03,207 [WARN] DetailPanel:346 - Failed to get advertising image, set to default
2026-06-04 08:54:03,667 [FATAL] Updater:351 - Updater called before beeing initialized
2026-06-04 08:54:03,671 [FATAL] Updater:351 - Updater called before beeing initialized
2026-06-04 08:54:03,672 [FATAL] Updater:351 - Updater called before beeing initialized
2026-06-04 08:54:03,672 [WARN] DetailPanel:346 - Failed to get advertising image, set to default
2026-06-04 08:54:03,674 [FATAL] Updater:351 - Updater called before beeing initialized
2026-06-04 08:54:03,878 [ERROR] Updater:1198 - MainUpdater not yet initialized. External WinMGr cannot be set.
2026-06-04 08:54:03,909 [INFO] Updater:1134 - Updater Version found : 6.14.0
2026-06-04 08:54:03,944 [INFO] ApplicationProperties:184 - Using Application install path: C:\ST\STM32CubeIDE_1.18.0\STM32CubeIDE\plugins\com.st.stm32cube.common.mx_6.14.0.202502271554
2026-06-04 08:54:04,431 [INFO] ThirdPartyUpdaterWithRetryManager:70 - Updater plugin not ready yet. [4/15]
2026-06-04 08:54:04,801 [INFO] MainUpdater:2872 - connection check result : 10
2026-06-04 08:54:04,803 [INFO] MainUpdater:289 - Updater Check For Update Now.
2026-06-04 08:54:04,804 [INFO] MicroXplorer:498 - Change Database Version : DB.6.0.140
2026-06-04 08:54:04,865 [INFO] McuFinderGlobals:63 - Set McuFinder mode to 2 (CubeIDE integrated)
2026-06-04 08:54:04,866 [INFO] UserAuth:171 - activating auth plugin
2026-06-04 08:54:04,875 [INFO] UserAuth:486 - Internet connection configuration mode: 1
2026-06-04 08:54:04,951 [INFO] JxBrowserEngine:152 - Initiate JxBrowser Engine with user profile folder
2026-06-04 08:54:05,215 [INFO] CheckServerUpdateThread:120 - End of CheckServer Thread
2026-06-04 08:54:08,009 [INFO] WebApp:169 - Instantiating new browser for Auth
2026-06-04 08:54:08,386 [WARN] PackLoader:240 - Cannot read IP mode file for STMicroelectronics.X-CUBE-AZRTOS-H7.3.5.0
2026-06-04 08:54:08,449 [WARN] PackLoader:240 - Cannot read IP mode file for STMicroelectronics.FP-ATR-ASTRA1.2.0.2
2026-06-04 08:54:08,503 [ERROR] Engine:466 - C:\Users\hp\.stm32cubemx\thirdparties\pdsc\STMicroelectronics.X-CUBE-SMBUS.2.1.1.pdsc: PDSC version is not supported
2026-06-04 08:54:08,557 [WARN] PackLoader:240 - Cannot read IP mode file for STMicroelectronics.X-CUBE-SMBUS.2.1.0
2026-06-04 08:54:08,659 [WARN] PackLoader:240 - Cannot read IP mode file for STMicroelectronics.X-CUBE-AZRTOS-F7.1.1.0
2026-06-04 08:54:08,711 [ERROR] Engine:466 - C:\Users\hp\.stm32cubemx\thirdparties\pdsc\STMicroelectronics.FP-SNS-MOTENV1.5.1.0.pdsc: PDSC version is not supported
2026-06-04 08:54:08,764 [ERROR] Engine:466 - C:\Users\hp\.stm32cubemx\thirdparties\pdsc\WES.I-CUBE-Cesium.1.4.0.pdsc: PDSC version is not supported
2026-06-04 08:54:08,826 [WARN] PackLoader:240 - Cannot read IP mode file for STMicroelectronics.X-CUBE-DISPLAY.3.0.0
2026-06-04 08:54:08,893 [WARN] PackLoader:240 - Cannot read IP mode file for STMicroelectronics.X-CUBE-GNSS1.7.1.1
2026-06-04 08:54:08,939 [ERROR] Engine:466 - C:\Users\hp\.stm32cubemx\thirdparties\pdsc\STMicroelectronics.FP-SNS-MOTENVWB1.1.5.0.pdsc: PDSC version is not supported
2026-06-04 08:54:08,993 [WARN] PackLoader:240 - Cannot read IP mode file for STMicroelectronics.X-CUBE-NFC10.1.0.0
2026-06-04 08:54:09,067 [WARN] PackLoader:240 - Cannot read IP mode file for STMicroelectronics.X-CUBE-ST60.1.1.0
2026-06-04 08:54:09,148 [WARN] PackLoader:240 - Cannot read IP mode file for emotas.I-CUBE-CANOPEN.1.3.0
2026-06-04 08:54:09,207 [WARN] PackLoader:240 - Cannot read IP mode file for STMicroelectronics.X-CUBE-GNSS1.7.1.0
2026-06-04 08:54:09,270 [ERROR] Engine:466 - C:\Users\hp\.stm32cubemx\thirdparties\pdsc\STMicroelectronics.FP-SNS-STBOX1.2.1.0.pdsc: PDSC version is not supported
2026-06-04 08:54:09,325 [WARN] PackLoader:240 - Cannot read IP mode file for STMicroelectronics.FP-SNS-SMARTAG2.1.2.0
2026-06-04 08:54:09,377 [WARN] PackLoader:240 - Cannot read IP mode file for STMicroelectronics.FP-SNS-FLIGHT1.5.1.0
2026-06-04 08:54:09,454 [INFO] LogOutputStream:77 - [STDOUT_REDIRECT] 1 : Invalid condition id : UX_CORESTACK_Condition cause : null
2026-06-04 08:54:09,457 [INFO] LogOutputStream:77 - [STDOUT_REDIRECT] 1 : Invalid condition id : UX_CORESTACK_Condition cause : null
2026-06-04 08:54:09,462 [INFO] LogOutputStream:77 - [STDOUT_REDIRECT] 1 : Invalid condition id : UX_CORESTACK_Condition cause : null
2026-06-04 08:54:09,475 [INFO] LogOutputStream:77 - [STDOUT_REDIRECT] 1 : Invalid condition id : UX_CORESTACK_Condition cause : null
2026-06-04 08:54:09,480 [INFO] LogOutputStream:77 - [STDOUT_REDIRECT] 1 : Invalid condition id : UX_CORESTACK_Condition cause : null
2026-06-04 08:54:09,490 [WARN] PackLoader:240 - Cannot read IP mode file for STMicroelectronics.X-CUBE-AZRTOS-WL.2.0.0
2026-06-04 08:54:09,617 [WARN] PackLoader:240 - Cannot read IP mode file for STMicroelectronics.X-CUBE-AZRTOS-H7RS.1.2.0
2026-06-04 08:54:09,679 [WARN] PackLoader:240 - Cannot read IP mode file for STMicroelectronics.X-CUBE-BLE2.3.3.0
2026-06-04 08:54:09,869 [WARN] PackLoader:240 - Cannot read IP mode file for Infineon.AIROC-Wi-Fi-Bluetooth-STM32.1.8.0
2026-06-04 08:54:09,943 [WARN] PackLoader:240 - Cannot read IP mode file for STMicroelectronics.X-CUBE-NFC9.1.0.0
2026-06-04 08:54:09,989 [WARN] PackLoader:240 - Cannot read IP mode file for STMicroelectronics.X-CUBE-BLE1.7.1.0
2026-06-04 08:54:10,028 [WARN] PackLoader:240 - Cannot read IP mode file for wolfSSL.I-CUBE-wolfMQTT.1.19.2
2026-06-04 08:54:10,075 [WARN] PackLoader:240 - Cannot read IP mode file for STMicroelectronics.X-CUBE-EEPRMA1.5.2.0
2026-06-04 08:54:10,134 [WARN] PackLoader:240 - Cannot read IP mode file for wolfSSL.I-CUBE-wolfSSL.5.8.4
2026-06-04 08:54:10,212 [ERROR] Engine:466 - C:\Users\hp\.stm32cubemx\thirdparties\pdsc\STMicroelectronics.FP-SNS-STAIOTCFT.1.1.0.pdsc: PDSC version is not supported
2026-06-04 08:54:10,435 [WARN] PackLoader:240 - Cannot read IP mode file for STMicroelectronics.X-CUBE-MEMS1.12.0.0
2026-06-04 08:54:10,713 [WARN] PackLoader:240 - Cannot read IP mode file for STMicroelectronics.X-CUBE-AZRTOS-G0.1.1.0
2026-06-04 08:54:10,782 [WARN] PackLoader:240 - Cannot read IP mode file for STMicroelectronics.X-CUBE-NFC4.3.0.0
2026-06-04 08:54:10,805 [INFO] WebApp:463 - Apply proxy settings
2026-06-04 08:54:10,806 [INFO] WebApp:548 - Chromium requires no authentication
2026-06-04 08:54:10,838 [INFO] WebApp:491 - Direct internet connection detected
2026-06-04 08:54:10,843 [WARN] PackLoader:240 - Cannot read IP mode file for EmbeddedOffice.I-CUBE-FS-RTOS.1.0.1
2026-06-04 08:54:10,883 [WARN] PackLoader:240 - Cannot read IP mode file for wolfSSL.I-CUBE-wolfTPM.3.8.0
2026-06-04 08:54:10,913 [INFO] WebApp:894 - Register for checkConnection events
2026-06-04 08:54:10,913 [INFO] WebApp:463 - Apply proxy settings
2026-06-04 08:54:10,914 [INFO] WebApp:548 - Chromium requires no authentication
2026-06-04 08:54:10,916 [INFO] WebApp:491 - Direct internet connection detected
2026-06-04 08:54:10,924 [WARN] PackLoader:240 - Cannot read IP mode file for STMicroelectronics.X-CUBE-TCPP.4.2.0
2026-06-04 08:54:10,969 [WARN] PackLoader:240 - Cannot read IP mode file for RealThread.X-CUBE-RT-Thread_Nano.4.1.1
2026-06-04 08:54:11,007 [WARN] PackLoader:240 - Cannot read IP mode file for STMicroelectronics.FP-ATR-SIGFOX1.3.2.0
2026-06-04 08:54:11,030 [ERROR] Engine:466 - C:\Users\hp\.stm32cubemx\thirdparties\pdsc\STMicroelectronics.X-CUBE-FREERTOS.1.5.0.pdsc: PDSC version is not supported
2026-06-04 08:54:11,058 [WARN] PackLoader:240 - Cannot read IP mode file for ITTIA_DB.I-CUBE-ITTIADB.8.9.0
2026-06-04 08:54:11,096 [WARN] PackLoader:240 - Cannot read IP mode file for Cesanta.I-CUBE-Mongoose.7.21.0
2026-06-04 08:54:11,122 [WARN] PackLoader:240 - Cannot read IP mode file for STMicroelectronics.X-CUBE-NFC6.3.2.0
2026-06-04 08:54:11,145 [WARN] PackLoader:240 - Cannot read IP mode file for STMicroelectronics.X-CUBE-AI.10.2.0
2026-06-04 08:54:11,273 [WARN] PackLoader:240 - Cannot read IP mode file for STMicroelectronics.X-CUBE-MEMS1.12.1.0
2026-06-04 08:54:11,458 [INFO] WebApp:191 - Connection restablished
2026-06-04 08:54:11,538 [WARN] PackLoader:240 - Cannot read IP mode file for SEGGER.I-CUBE-embOS.1.3.1
2026-06-04 08:54:11,589 [INFO] WebApp:225 - Starting web application
2026-06-04 08:54:11,590 [INFO] WebApp:593 - Web application path used C:\ST\STM32CubeIDE_1.18.0\STM32CubeIDE\plugins\com.st.stm32cube.common.mx_6.14.0.202502271554\db\plugins\mcufinder\reactClient1\index.html
2026-06-04 08:54:11,625 [WARN] PackLoader:240 - Cannot read IP mode file for STMicroelectronics.X-CUBE-ALGOBUILD.1.4.0
2026-06-04 08:54:11,661 [WARN] PackLoader:240 - Cannot read IP mode file for STMicroelectronics.X-CUBE-PM33A1.1.0.0
2026-06-04 08:54:11,731 [WARN] PackLoader:240 - Cannot read IP mode file for STMicroelectronics.X-CUBE-AZRTOS-F4.1.1.0
2026-06-04 08:54:11,787 [WARN] PackLoader:240 - Cannot read IP mode file for STMicroelectronics.X-CUBE-ISPU.2.1.0
2026-06-04 08:54:11,828 [ERROR] Engine:466 - C:\Users\hp\.stm32cubemx\thirdparties\pdsc\STMicroelectronics.X-CUBE-IPS.3.2.0.pdsc: PDSC version is not supported
2026-06-04 08:54:11,864 [WARN] PackLoader:240 - Cannot read IP mode file for STMicroelectronics.eDS-WB_DPC_TT-BIDIR.2.1.1
2026-06-04 08:54:11,901 [WARN] PackLoader:240 - Cannot read IP mode file for STMicroelectronics.X-CUBE-NFC12.1.0.0
2026-06-04 08:54:11,967 [WARN] PackLoader:240 - Cannot read IP mode file for STMicroelectronics.X-CUBE-AZRTOS-L5.2.0.0
2026-06-04 08:54:12,008 [WARN] PackLoader:240 - Cannot read IP mode file for STMicroelectronics.X-CUBE-ALGOBUILD.1.5.0
2026-06-04 08:54:12,041 [WARN] PackLoader:240 - Cannot read IP mode file for STMicroelectronics.eDS-WB_DPC_VIENNA.1.2.0
2026-06-04 08:54:12,071 [WARN] PackLoader:240 - Cannot read IP mode file for STMicroelectronics.eDS-WB_DPC_3PH2L-BIDIR.1.1.1
2026-06-04 08:54:12,212 [ERROR] Engine:466 - C:\Users\hp\.stm32cubemx\thirdparties\pdsc\STMicroelectronics.X-CUBE-ST67W61.1.3.0.pdsc: PDSC version is not supported
2026-06-04 08:54:12,249 [WARN] PackLoader:240 - Cannot read IP mode file for STMicroelectronics.X-CUBE-TOUCHGFX.4.26.1
2026-06-04 08:54:12,292 [WARN] PackLoader:240 - Cannot read IP mode file for STMicroelectronics.FP-SNS-STAIOTCFT.1.0.0
2026-06-04 08:54:12,342 [WARN] PackLoader:240 - Cannot read IP mode file for STMicroelectronics.X-CUBE-DPower.1.3.0
2026-06-04 08:54:12,418 [WARN] ConditionMgr:438 - getConditionDescription Invalid condition id : LAN8742 Phy interface Condition cause : null
2026-06-04 08:54:12,421 [WARN] PackLoader:240 - Cannot read IP mode file for STMicroelectronics.X-CUBE-AZRTOS-L4.2.0.0
2026-06-04 08:54:12,424 [WARN] ConditionMgr:1044 - genDependencies : Invalid condition id : LAN8742 Phy interface Condition cause : null
2026-06-04 08:54:12,424 [WARN] ConditionMgr:1044 - genDependencies : Invalid condition id : LAN8742 Phy interface Condition cause : null
2026-06-04 08:54:12,426 [WARN] ConditionMgr:1044 - genDependencies : Invalid condition id : LAN8742 Phy interface Condition cause : null
2026-06-04 08:54:12,495 [WARN] PackLoader:240 - Cannot read IP mode file for STMicroelectronics.X-CUBE-SFXS2LP1.4.0.0
2026-06-04 08:54:12,552 [WARN] PackLoader:240 - Cannot read IP mode file for STMicroelectronics.X-CUBE-WB05N.2.1.0
2026-06-04 08:54:12,604 [ERROR] Engine:466 - C:\Users\hp\.stm32cubemx\thirdparties\pdsc\STMicroelectronics.X-CUBE-ST67W61.1.2.0.pdsc: PDSC version is not supported
2026-06-04 08:54:12,699 [WARN] PackLoader:240 - Cannot read IP mode file for STMicroelectronics.X-CUBE-BLEMGR.4.1.0
2026-06-04 08:54:12,804 [WARN] ConditionMgr:438 - getConditionDescription Invalid condition id : UX DEVICE CLASS RTOS Condition cause : null
2026-06-04 08:54:12,805 [WARN] ConditionMgr:438 - getConditionDescription Invalid condition id : UX DEVICE CLASS RTOS Condition cause : null
2026-06-04 08:54:12,811 [WARN] PackLoader:240 - Cannot read IP mode file for STMicroelectronics.X-CUBE-AZRTOS-WB.2.0.0
2026-06-04 08:54:12,812 [WARN] ConditionMgr:1044 - genDependencies : Invalid condition id : UX DEVICE CLASS RTOS Condition cause : null
2026-06-04 08:54:12,813 [WARN] ConditionMgr:1044 - genDependencies : Invalid condition id : UX DEVICE CLASS RTOS Condition cause : null
2026-06-04 08:54:12,815 [WARN] ConditionMgr:1044 - genDependencies : Invalid condition id : UX DEVICE CLASS RTOS Condition cause : null
2026-06-04 08:54:12,817 [WARN] ConditionMgr:1044 - genDependencies : Invalid condition id : UX DEVICE CLASS RTOS Condition cause : null
2026-06-04 08:54:12,818 [WARN] ConditionMgr:1044 - genDependencies : Invalid condition id : UX DEVICE CLASS RTOS Condition cause : null
2026-06-04 08:54:12,873 [WARN] ConditionMgr:438 - getConditionDescription Invalid condition id : Cortex-A Device cause : null
2026-06-04 08:54:13,023 [WARN] ConditionMgr:1044 - genDependencies : Invalid condition id : Cortex-A Device cause : null
2026-06-04 08:54:13,025 [WARN] ConditionMgr:1044 - genDependencies : Invalid condition id : Cortex-A Device cause : null
2026-06-04 08:54:13,026 [WARN] ConditionMgr:1044 - genDependencies : Invalid condition id : Cortex-A Device cause : null
2026-06-04 08:54:13,094 [WARN] PackLoader:240 - Cannot read IP mode file for STMicroelectronics.X-CUBE-STSE01.2.0.0
2026-06-04 08:54:13,160 [WARN] PackLoader:240 - Cannot read IP mode file for STMicroelectronics.X-CUBE-SUBG2.5.0.0
2026-06-04 08:54:13,231 [WARN] PackLoader:240 - Cannot read IP mode file for STMicroelectronics.X-CUBE-AZRTOS-G4.2.0.0
2026-06-04 08:54:13,276 [WARN] PackLoader:240 - Cannot read IP mode file for wolfSSL.I-CUBE-wolfSSH.1.4.20
2026-06-04 08:54:13,314 [WARN] PackLoader:240 - Cannot read IP mode file for STMicroelectronics.X-CUBE-NFC7.2.0.0
2026-06-04 08:54:13,349 [WARN] PackLoader:240 - Cannot read IP mode file for STMicroelectronics.X-CUBE-ALS.1.0.2
2026-06-04 08:54:13,407 [WARN] PackLoader:240 - Cannot read IP mode file for STMicroelectronics.X-CUBE-TOF1.3.4.3
2026-06-04 08:54:13,427 [INFO] ThirdParty:978 - Integrity check success = true
2026-06-04 08:54:13,427 [INFO] IntegrityCheckThread:100 - exiting critical section [integrity check]
2026-06-04 08:54:13,429 [INFO] IntegrityCheckThread:103 - End integrity checks thread
2026-06-04 09:51:58,453 [INFO] WebApp:194 - Connection lost
2026-06-04 09:51:59,172 [INFO] WebApp:191 - Connection restablished
2026-06-04 10:28:58,208 [INFO] McuFinderGlobals:63 - Set McuFinder mode to 2 (CubeIDE integrated)
2026-06-04 10:28:58,352 [INFO] MainUpdater:2872 - connection check result : 10
2026-06-04 10:28:58,472 [INFO] McuFinderGlobals:76 - Set McuFinderConnectedMode to true
2026-06-04 10:28:59,591 [INFO] ServerAccessManage:473 - Download File mcusAds.json._tmp_
2026-06-04 10:28:59,732 [INFO] LoadUrlFilesThread:156 - End of LoadUrlFiles Thread
2026-06-04 10:28:59,976 [INFO] ServerAccessManage:473 - Download File cube-finder-db.zip
2026-06-04 10:29:05,568 [INFO] FileExtend:242 - Unzip File : cube-finder-db.zip
2026-06-04 10:29:05,571 [INFO] FileExtend:257 - Standard Zip Deflate
2026-06-04 10:29:08,861 [INFO] LoadUrlFilesThread:156 - End of LoadUrlFiles Thread
2026-06-04 10:29:10,450 [INFO] ServerAccessManage:473 - Download File crdb.zip
2026-06-04 10:29:11,473 [INFO] FileExtend:242 - Unzip File : crdb.zip
2026-06-04 10:29:11,476 [INFO] FileExtend:257 - Standard Zip Deflate
2026-06-04 10:29:11,661 [INFO] LoadUrlFilesThread:156 - End of LoadUrlFiles Thread
2026-06-04 10:29:11,784 [INFO] ServerAccessManage:473 - Download File tutoVideoDB.zip
2026-06-04 10:29:11,818 [INFO] FileExtend:242 - Unzip File : tutoVideoDB.zip
2026-06-04 10:29:11,819 [INFO] FileExtend:257 - Standard Zip Deflate
2026-06-04 10:29:11,964 [INFO] LoadUrlFilesThread:156 - End of LoadUrlFiles Thread
2026-06-04 10:29:12,007 [WARN] DbFile:41 - Overriding database path with different value: C:\Users\hp\.stmcufinder\plugins\mcufinder/ => C:\Users\hp\.stmcufinder\plugins\mcufinder
2026-06-04 10:29:12,270 [ERROR] ServerAccessManage:1089 - Problem, file not found on Server
2026-06-04 10:29:12,279 [ERROR] ServerAccessManage:651 - Problem, file not found on Server : api_config.json.
2026-06-04 10:29:14,803 [INFO] LoadUrlFilesThread:156 - End of LoadUrlFiles Thread
2026-06-04 10:29:16,462 [INFO] DbMcusAds:53 - JSON generation date=Thu May 28 21:38:17 IST 2026 (1779984497073)
2026-06-04 10:29:16,870 [ERROR] TargetSelectorAdapter:267 - Unable to refresh data
2026-06-04 10:29:19,936 [INFO] ApiDb:581 - Connected to CubeFinder SQLite database (C:\Users\hp\.stmcufinder\plugins\mcufinder\mcu\cube-finder-db.db)
2026-06-04 10:29:20,127 [INFO] ApiDb:668 - CubeFinder database Data Model version=2.1
2026-06-04 10:29:20,130 [INFO] ApiDb:669 - CubeFinder database Configuration version=3.0.42
2026-06-04 10:29:20,138 [INFO] ApiDb:670 - CubeFinder database generation date=2026-05-06 (1778060171)
2026-06-04 10:29:20,139 [INFO] ApiDb:671 - CubeFinder database FW Pack versions=[FP-ATR-ASTRA1_V2.0.0, FP-SNS-FLIGHT1_V5.1.0, FP-SNS-MOTENV1_V5.1.0, FP-SNS-MOTENVWB1_V1.5.0, FP-SNS-SMARTAG2_V1.2.0, FP-SNS-STBOX1_V2.1.0, STM32Cube_FW_C0_V1.4.0, STM32Cube_FW_F4_V1.28.3, STM32Cube_FW_F7_V1.17.4, STM32Cube_FW_G0_V1.6.3, STM32Cube_FW_G4_V1.6.2, STM32Cube_FW_H5_V1.6.0, STM32Cube_FW_H7RS_V1.3.0, STM32Cube_FW_H7_V1.13.0, STM32Cube_FW_L0_V1.12.2, STM32Cube_FW_L4_V1.18.2, STM32Cube_FW_L5_V1.6.0, STM32Cube_FW_N6_V1.3.0, STM32Cube_FW_U0_V1.3.0, STM32Cube_FW_U3_V1.3.0, STM32Cube_FW_U5_V1.8.0, STM32Cube_FW_WB0_V1.4.0, STM32Cube_FW_WBA_V1.9.0, STM32Cube_FW_WB_V1.24.0, STM32Cube_FW_WL3_V1.4.0, STM32Cube_FW_WL_V1.5.0, X-CUBE-ALGOBUILD_V1.4.0, X-CUBE-ALS_V1.0.2, X-CUBE-AZRTOS-F4_V1.1.0, X-CUBE-AZRTOS-F7_V1.1.0, X-CUBE-AZRTOS-G0_V1.1.0, X-CUBE-AZRTOS-G4_V2.0.0, X-CUBE-AZRTOS-H7RS_V1.1.0, X-CUBE-AZRTOS-H7_V3.5.0, X-CUBE-AZRTOS-L4_V2.0.0, X-CUBE-AZRTOS-L5_V2.0.0, X-CUBE-AZRTOS-WB_V2.0.0, X-CUBE-AZRTOS-WL_V2.0.0, X-CUBE-BLE1_V7.1.0, X-CUBE-BLE2_V3.3.0, X-CUBE-BLEMGR_V4.1.0, X-CUBE-EEPRMA1_V5.2.0, X-CUBE-FREERTOS_V1.5.0, X-CUBE-GNSS1_V6.0.0, X-CUBE-MEMS1_V12.0.0, X-CUBE-NFC4_V3.0.0, X-CUBE-NFC7_V2.0.0, X-CUBE-SFXS2LP1_V4.0.0, X-CUBE-ST67W61_V1.2.0, X-CUBE-SUBG2_V5.0.0, X-CUBE-TOF1_V3.4.3]
2026-06-04 10:29:20,419 [INFO] DbBoardsSqlite:226 - include board P-NUCLEO-WB55-NUCLEO as a kit item of type 'Nucleo-64'
2026-06-04 10:29:20,419 [INFO] DbBoardsSqlite:226 - include board P-NUCLEO-WB55-USBDONGLE as a kit item of type 'Nucleo USB Dongle'
2026-06-04 10:29:20,420 [INFO] DbBoardsSqlite:226 - include board STEVAL-IDP005V1 as a kit item of type 'Evaluation Board'
2026-06-04 10:29:20,421 [INFO] DbBoardsSqlite:226 - include board STEVAL-IDP005V2 as a kit item of type 'Evaluation Board'
2026-06-04 10:29:20,625 [INFO] ApiDb:240 - Found 895 in-development CPN: [B-G473E-ZEST1S, B-WB1M-WPAN1, B-WBA5M-WPAN, B-WL5M-SUBG1, NUCLEO-C031C6, NUCLEO-C051C8, NUCLEO-C071RB, NUCLEO-C092RC, NUCLEO-H503RB, NUCLEO-H533RE, NUCLEO-H563ZI, NUCLEO-H7S3L8, NUCLEO-N657X0-Q, NUCLEO-U031R8, NUCLEO-U083RC, NUCLEO-U385RG-Q, NUCLEO-U545RE-Q, NUCLEO-U5A5ZJ-Q, NUCLEO-WB05KZ, NUCLEO-WB07CC, NUCLEO-WB09KE, NUCLEO-WBA52CG, NUCLEO-WBA55CG, NUCLEO-WBA65RI, NUCLEO-WL33CC1, NUCLEO-WL33CC2, STEVAL-PROTEUS1, STEVAL-SMARTAG2, STEVAL-STWINBX1, STM320518-EVAL, STM32C0116-DK, STM32C011D6Y3TR, STM32C011D6Y6TR, STM32C011F4P3, STM32C011F4P6, STM32C011F4U3, STM32C011F4U6TR, STM32C011F6P3, STM32C011F6P6, STM32C011F6U3, STM32C011F6U6TR, STM32C011J4M3, STM32C011J4M6, STM32C011J6M3, STM32C011J6M6, STM32C0316-DK, STM32C031C4T3, STM32C031C4T6, STM32C031C4U3, STM32C031C4U6, STM32C031C6T3, STM32C031C6T6, STM32C031C6U3, STM32C031C6U6, STM32C031F4P3, STM32C031F4P6, STM32C031F6P3, STM32C031F6P6, STM32C031G4U3, STM32C031G4U6, STM32C031G6U3, STM32C031G6U6, STM32C031K4T3, STM32C031K4T6, STM32C031K4U3, STM32C031K4U6, STM32C031K6T3, STM32C031K6T6, STM32C031K6U3, STM32C031K6U6, STM32C051C6T6, STM32C051C6U6, STM32C051C8T6, STM32C051C8U6, STM32C051D8Y6TR, STM32C051F6P6, STM32C051F8P6, STM32C051G6U6, STM32C051G8U6, STM32C051K6T6, STM32C051K6U6, STM32C051K8T6, STM32C071C8T6, STM32C071C8T6N, STM32C071C8U6, STM32C071C8U6N, STM32C071CBT6, STM32C071CBT6N, STM32C071CBU6, STM32C071CBU6N, STM32C071F8P6, STM32C071F8P6N, STM32C071FBP6, STM32C071FBP6N, STM32C071FBY6TR, STM32C071G8U6, STM32C071G8U6N, STM32C071GBU6, STM32C071GBU6N, STM32C071K8T6, STM32C071K8T6N, STM32C071K8U6, STM32C071K8U6N, STM32C071KBT6, STM32C071KBT6N, STM32C071KBU6, STM32C071KBU6N, STM32C071R8T6, STM32C071R8T6N, STM32C071RBI6N, STM32C071RBT6, STM32C071RBT6N, STM32C091CBT6, STM32C091CBU6, STM32C091CCT6, STM32C091CCU6, STM32C091ECY6TR, STM32C091FBP6, STM32C091FCP6, STM32C091GBU6, STM32C091GCU6, STM32C091KBT6, STM32C091KBU6, STM32C091KCT6, STM32C091KCU6, STM32C091RBT6, STM32C091RCI6, STM32C091RCT6, STM32C092CBT6, STM32C092CBU6, STM32C092CCT6, STM32C092CCU6, STM32C092ECY6TR, STM32C092FBP6, STM32C092FCP6, STM32C092GBU6, STM32C092GCU6, STM32C092KBT6, STM32C092KBU6, STM32C092KCT6, STM32C092KCU6, STM32C092RBT6, STM32C092RCI6, STM32C092RCT6, STM32G071K8TXN, STM32G071K8UXN, STM32G081GBU6N, STM32G081KBT6N, STM32G081KBUXN, STM32G0B1CCT6N, STM32G0B1KCT6, STM32G0B1NEY6TR, STM32G0B1RCT6N, STM32G0C1CCT6, STM32G0C1CCT6N, STM32G0C1CCU6N, STM32G0C1CET6N, STM32G0C1CEU6N, STM32G0C1KCT6, STM32G0C1NEY6TR, STM32G0C1RCI6N, STM32G0C1RCT6N, STM32G0C1REI6N, STM32G0C1RET6N, STM32G0C1VCI6, STM32G0C1VEI6, STM32G411C6T3, STM32G411C6T6, STM32G411C6U3, STM32G411C6U6, STM32G411C8T3, STM32G411C8T6, STM32G411C8U3, STM32G411C8U6, STM32G411CBT3, STM32G411CBT6, STM32G411CBU3, STM32G411CBU6, STM32G411CCT3, STM32G411CCT6, STM32G411CCU3, STM32G411CCU6, STM32G411K6T3, STM32G411K6T6, STM32G411K6U3, STM32G411K6U6, STM32G411K8T3, STM32G411K8T6, STM32G411K8U3, STM32G411K8U6, STM32G411KBT3, STM32G411KBT6, STM32G411KBU3, STM32G411KBU6, STM32G411M6T3, STM32G411M6T6, STM32G411M8T3, STM32G411M8T6, STM32G411MBT3, STM32G411MBT6, STM32G411MCT3, STM32G411MCT6, STM32G411R6T3, STM32G411R6T6, STM32G411R8T3, STM32G411R8T6, STM32G411RBT3, STM32G411RBT6, STM32G411RCT3, STM32G411RCT6, STM32G414CBT3, STM32G414CBT6, STM32G414CBU3, STM32G414CBU6, STM32G414CCT3, STM32G414CCT6, STM32G414CCU3, STM32G414CCU6, STM32G414MBT3, STM32G414MBT6, STM32G414MCT3, STM32G414MCT6, STM32G414RBT3, STM32G414RBT6, STM32G414RCT3, STM32G414RCT6, STM32G414VBT3, STM32G414VBT6, STM32G414VCT3, STM32G414VCT6, STM32G431CBT3Z, STM32G431RBT3Z, STM32G471CCT6, STM32G471CCU6, STM32G471CET3, STM32G471CET6, STM32G471CEU3, STM32G471CEU6, STM32G471MCT6, STM32G471MET3, STM32G471MET6, STM32G471MEY6TR, STM32G471QCT6, STM32G471QET3, STM32G471RCT6, STM32G471RET3, STM32G471RET6, STM32G471VCH6, STM32G471VCI6, STM32G471VCT6, STM32G471VEH3, STM32G471VEH6, STM32G471VEI3, STM32G471VEI6, STM32G471VET3, STM32G471VET6, STM32G473QET3Z, STM32G473RET3Z, STM32G474CCT6, STM32G491RET3Z, STM32H503CBT6, STM32H503CBU6, STM32H503EBY6TR, STM32H503KBU6, STM32H503RBT6, STM32H523CCT6, STM32H523CCU6, STM32H523CET6, STM32H523CEU6, STM32H523HEY6TR, STM32H523RCT6, STM32H523RET6, STM32H523VCI6, STM32H523VCT6, STM32H523VEI6, STM32H523VET6, STM32H523ZCJ6, STM32H523ZCT6, STM32H523ZEJ6, STM32H523ZET6, STM32H533CET6, STM32H533CEU6, STM32H533HEY6TR, STM32H533RET6, STM32H533VEI6, STM32H533VET6, STM32H533ZEJ6, STM32H533ZET6, STM32H562AGI6, STM32H562AII6, STM32H562IGK6, STM32H562IGT6, STM32H562IIK6, STM32H562IIT6, STM32H562RGT6, STM32H562RGV6, STM32H562RIT6, STM32H562RIV6, STM32H562VGT6, STM32H562VIT6, STM32H562ZGT6, STM32H562ZIT6, STM32H563AGI6, STM32H563AII3Q, STM32H563AII6, STM32H563IGK6, STM32H563IGT6, STM32H563IIK3Q, STM32H563IIK6, STM32H563IIT3Q, STM32H563IIT6, STM32H563MIY3QTR, STM32H563RGT6, STM32H563RGV6, STM32H563RIT6, STM32H563RIV6, STM32H563VGT6, STM32H563VIT3Q, STM32H563VIT6, STM32H563ZGT6, STM32H563ZIT3Q, STM32H563ZIT6, STM32H573AII3Q, STM32H573AII6, STM32H573I-DK, STM32H573IIK3Q, STM32H573IIK6, STM32H573IIT3Q, STM32H573IIT6, STM32H573MIY3QTR, STM32H573RIT6, STM32H573RIV6, STM32H573VIT3Q, STM32H573VIT6, STM32H573ZIT3Q, STM32H573ZIT6, STM32H7R3A8I6, STM32H7R3I8K6, STM32H7R3I8T6, STM32H7R3L8H6, STM32H7R3L8H6H, STM32H7R3R8V6, STM32H7R3V8H6, STM32H7R3V8T6, STM32H7R3V8Y6TR, STM32H7R3Z8J6, STM32H7R3Z8T6, STM32H7R7A8I6, STM32H7R7I8K6, STM32H7R7I8T6, STM32H7R7L8H6, STM32H7R7L8H6H, STM32H7R7Z8J6, STM32H7S3A8I6, STM32H7S3I8K6, STM32H7S3I8T6, STM32H7S3L8H6, STM32H7S3L8H6H, STM32H7S3R8V6, STM32H7S3V8H6, STM32H7S3V8T6, STM32H7S3V8Y6TR, STM32H7S3Z8J6, STM32H7S3Z8T6, STM32H7S78-DK, STM32H7S7A8I6, STM32H7S7I8K6, STM32H7S7I8T6, STM32H7S7L8H6, STM32H7S7L8H6H, STM32H7S7Z8J6, STM32L4R5QGI6STR, STM32MP131AAE3, STM32MP131AAF3, STM32MP131AAG3, STM32MP131CAE3, STM32MP131CAF3, STM32MP131CAG3, STM32MP131DAE7, STM32MP131DAF7, STM32MP131DAG7, STM32MP131FAE7, STM32MP131FAF7, STM32MP131FAG7, STM32MP133AAE3, STM32MP133AAF3, STM32MP133AAG3, STM32MP133CAE3, STM32MP133CAF3, STM32MP133CAG3, STM32MP133DAE7, STM32MP133DAF7, STM32MP133DAG7, STM32MP133FAE7, STM32MP133FAF7, STM32MP133FAG7, STM32MP135AAE3, STM32MP135AAF3, STM32MP135AAG3, STM32MP135CAE3, STM32MP135CAF3, STM32MP135CAG3, STM32MP135DAE7, STM32MP135DAF7, STM32MP135DAG7, STM32MP135F-DK, STM32MP135FAE7, STM32MP135FAF7, STM32MP135FAF7T, STM32MP135FAF7U, STM32MP135FAG7, STM32MP231AAJ3, STM32MP231AAK3, STM32MP231AAL3, STM32MP231CAJ3, STM32MP231CAK3, STM32MP231CAL3, STM32MP231DAJ3, STM32MP231DAK3, STM32MP231DAL3, STM32MP231FAJ3, STM32MP231FAK3, STM32MP231FAL3, STM32MP233AAJ3, STM32MP233AAK3, STM32MP233AAL3, STM32MP233CAJ3, STM32MP233CAK3, STM32MP233CAL3, STM32MP233DAJ3, STM32MP233DAK3, STM32MP233DAL3, STM32MP233FAJ3, STM32MP233FAK3, STM32MP233FAL3, STM32MP235AAJ3, STM32MP235AAK3, STM32MP235AAL3, STM32MP235CAJ3, STM32MP235CAK3, STM32MP235CAL3, STM32MP235DAJ3, STM32MP235DAK3, STM32MP235DAL3, STM32MP235FAJ3, STM32MP235FAK3, STM32MP235FAL3, STM32MP251AAI3, STM32MP251AAJ3, STM32MP251AAK3, STM32MP251AAL3, STM32MP251CAI3, STM32MP251CAJ3, STM32MP251CAK3, STM32MP251CAL3, STM32MP251DAI3, STM32MP251DAJ3, STM32MP251DAK3, STM32MP251DAL3, STM32MP251FAI3, STM32MP251FAJ3, STM32MP251FAK3, STM32MP251FAL3, STM32MP253AAI3, STM32MP253AAJ3, STM32MP253AAK3, STM32MP253AAL3, STM32MP253CAI3, STM32MP253CAJ3, STM32MP253CAK3, STM32MP253CAL3, STM32MP253DAI3, STM32MP253DAJ3, STM32MP253DAK3, STM32MP253DAL3, STM32MP253FAI3, STM32MP253FAJ3, STM32MP253FAK3, STM32MP253FAL3, STM32MP255AAI3, STM32MP255AAJ3, STM32MP255AAK3, STM32MP255AAL3, STM32MP255CAI3, STM32MP255CAJ3, STM32MP255CAK3, STM32MP255CAL3, STM32MP255DAI3, STM32MP255DAJ3, STM32MP255DAK3, STM32MP255DAL3, STM32MP255FAI3, STM32MP255FAJ3, STM32MP255FAK3, STM32MP255FAL3, STM32MP257AAI3, STM32MP257AAJ3, STM32MP257AAK3, STM32MP257AAL3, STM32MP257CAI3, STM32MP257CAJ3, STM32MP257CAK3, STM32MP257CAL3, STM32MP257DAI3, STM32MP257DAJ3, STM32MP257DAK3, STM32MP257DAL3, STM32MP257F-DK, STM32MP257F-EV1, STM32MP257FAI3, STM32MP257FAJ3, STM32MP257FAK3, STM32MP257FAL3, STM32N645A0H3Q, STM32N645B0H3Q, STM32N645I0H3Q, STM32N645L0H3Q, STM32N645X0H3Q, STM32N645Z0H3Q, STM32N647A0H3Q, STM32N647B0H3Q, STM32N647I0H3Q, STM32N647L0H3Q, STM32N647X0H3Q, STM32N647Z0H3Q, STM32N655A0H3Q, STM32N655B0H3Q, STM32N655I0H3Q, STM32N655L0H3Q, STM32N655X0H3Q, STM32N655Z0H3Q, STM32N6570-DK, STM32N657A0H3Q, STM32N657B0H3Q, STM32N657I0H3Q, STM32N657L0H3Q, STM32N657X0H3Q, STM32N657Z0H3Q, STM32U031C6T6, STM32U031C6U6, STM32U031C8T6, STM32U031C8U6, STM32U031F4P6, STM32U031F6P6, STM32U031F8P6, STM32U031G6Y6TR, STM32U031G8Y6TR, STM32U031K4U6, STM32U031K6U6, STM32U031K8U6, STM32U031R6I6, STM32U031R6T6, STM32U031R8I6, STM32U031R8T6, STM32U073C8T6, STM32U073C8U6, STM32U073CBT6, STM32U073CBU6, STM32U073CCT6, STM32U073CCU6, STM32U073H8Y6TR, STM32U073HBY6TR, STM32U073HCY6TR, STM32U073K8U6, STM32U073KBU6, STM32U073KCU6, STM32U073M8I6, STM32U073M8T6, STM32U073MBI6, STM32U073MBT6, STM32U073MCI6, STM32U073MCT6, STM32U073R8I6, STM32U073R8T6, STM32U073RBI6, STM32U073RBT6, STM32U073RCI6, STM32U073RCT6, STM32U083C-DK, STM32U083CCT6, STM32U083CCU6, STM32U083HCY6TR, STM32U083KCU6, STM32U083MCI6, STM32U083MCT6, STM32U083RCI6, STM32U083RCT6, STM32U375CET6, STM32U375CET6Q, STM32U375CEU6, STM32U375CEU6Q, STM32U375CEY6QTR, STM32U375CGT6, STM32U375CGT6Q, STM32U375CGU6, STM32U375CGU6Q, STM32U375CGY6QTR, STM32U375KEU6, STM32U375KGU6, STM32U375REI6, STM32U375REI6Q, STM32U375RET6, STM32U375RET6Q, STM32U375REY6GTR, STM32U375REY6QTR, STM32U375RGI6, STM32U375RGI6Q, STM32U375RGT6, STM32U375RGT6Q, STM32U375RGY6GTR, STM32U375RGY6QTR, STM32U375VEI6, STM32U375VEI6Q, STM32U375VET6, STM32U375VET6Q, STM32U375VGI6, STM32U375VGI6Q, STM32U375VGT6, STM32U375VGT6Q, STM32U385CGT6, STM32U385CGT6Q, STM32U385CGU6, STM32U385CGU6Q, STM32U385CGY6QTR, STM32U385KGU6, STM32U385RGI6, STM32U385RGI6Q, STM32U385RGT6, STM32U385RGT6Q, STM32U385RGY6GTR, STM32U385RGY6QTR, STM32U385VGI6, STM32U385VGI6Q, STM32U385VGT6, STM32U385VGT6Q, STM32U535CBT6, STM32U535CBT6Q, STM32U535CBU6, STM32U535CBU6Q, STM32U535CCT6, STM32U535CCT6Q, STM32U535CCU6, STM32U535CCU6Q, STM32U535CET6, STM32U535CET6Q, STM32U535CEU6, STM32U535CEU6Q, STM32U535JEY6QTR, STM32U535NCY6QTR, STM32U535NEY6QTR, STM32U535RBI6, STM32U535RBI6Q, STM32U535RBT6, STM32U535RBT6Q, STM32U535RCI6, STM32U535RCI6Q, STM32U535RCT6, STM32U535RCT6Q, STM32U535REI6, STM32U535REI6Q, STM32U535RET6, STM32U535RET6Q, STM32U535VCI6, STM32U535VCI6Q, STM32U535VCT6, STM32U535VCT6Q, STM32U535VEI6, STM32U535VEI6Q, STM32U535VET6, STM32U535VET6Q, STM32U545CET6, STM32U545CET6Q, STM32U545CEU6, STM32U545CEU6Q, STM32U545JEY6QTR, STM32U545NEY6QTR, STM32U545REI6, STM32U545REI6Q, STM32U545RET6, STM32U545RET6Q, STM32U545VEI6, STM32U545VEI6Q, STM32U545VET6, STM32U545VET6Q, STM32U595AIH6, STM32U595AIH6Q, STM32U595AJH6, STM32U595AJH6Q, STM32U595QII6, STM32U595QII6Q, STM32U595QJI6, STM32U595QJI6Q, STM32U595RIT6, STM32U595RIT6Q, STM32U595RJT6, STM32U595RJT6Q, STM32U595VIT6, STM32U595VIT6Q, STM32U595VJT6, STM32U595VJT6Q, STM32U595ZIT6, STM32U595ZIT6Q, STM32U595ZIY6QTR, STM32U595ZJT6, STM32U595ZJT6Q, STM32U595ZJY6QTR, STM32U599BJY6QTR, STM32U599NIH6Q, STM32U599NJH6Q, STM32U599VIT6Q, STM32U599VJT6, STM32U599VJT6Q, STM32U599ZIT6Q, STM32U599ZIY6QTR, STM32U599ZJT6Q, STM32U599ZJY6QTR, STM32U5A5AJH6, STM32U5A5AJH6Q, STM32U5A5QII3Q , STM32U5A5QJI6, STM32U5A5QJI6Q, STM32U5A5RJT6, STM32U5A5RJT6Q, STM32U5A5VJT6, STM32U5A5VJT6Q, STM32U5A5ZJT6, STM32U5A5ZJT6Q, STM32U5A5ZJY6QTR, STM32U5A9BJY6QTR, STM32U5A9J-DK, STM32U5A9NJH6Q, STM32U5A9VJT6Q, STM32U5A9ZJT6Q, STM32U5A9ZJY6QTR, STM32U5F7VIT6, STM32U5F7VIT6Q, STM32U5F7VJT6, STM32U5F7VJT6Q, STM32U5F9BJY6QTR, STM32U5F9NJH6Q, STM32U5F9VIT6Q, STM32U5F9VJT6Q, STM32U5F9ZIJ6QTR, STM32U5F9ZIT6Q, STM32U5F9ZJJ6QTR, STM32U5F9ZJT6Q, STM32U5G7VJT6, STM32U5G7VJT6Q, STM32U5G9BJY6QTR, STM32U5G9J-DK1, STM32U5G9J-DK2, STM32U5G9NJH6Q, STM32U5G9VJT6Q, STM32U5G9ZJJ6QTR, STM32U5G9ZJT6Q, STM32WB05KZV6TR, STM32WB05KZV7TR, STM32WB05TZF6TR, STM32WB05TZF7TR, STM32WB06CCF6TR, STM32WB06CCF7TR, STM32WB06CCV6TR, STM32WB06CCV7TR, STM32WB06KCV6TR, STM32WB06KCV7TR, STM32WB07CCF6TR, STM32WB07CCF7TR, STM32WB07CCV6TR, STM32WB07CCV7TR, STM32WB07KCV6TR, STM32WB07KCV7TR, STM32WB09KEV6TR, STM32WB09KEV7TR, STM32WB09TEF6TR, STM32WB09TEF7TR, STM32WB1MMCH6, STM32WBA50KGU6, STM32WBA50KGU6TR, STM32WBA52CEU6, STM32WBA52CEU6TR, STM32WBA52CEU7, STM32WBA52CEU7TR, STM32WBA52CGU6, STM32WBA52CGU6TR, STM32WBA52CGU6U, STM32WBA52CGU7, STM32WBA52CGU7TR, STM32WBA52KEU6, STM32WBA52KEU6TR, STM32WBA52KGU6, STM32WBA52KGU6TR, STM32WBA54CEU6, STM32WBA54CEU6TR, STM32WBA54CEU7, STM32WBA54CEU7TR, STM32WBA54CGU6, STM32WBA54CGU6TR, STM32WBA54CGU7, STM32WBA54CGU7TR, STM32WBA54KEU6, STM32WBA54KEU6TR, STM32WBA54KEU7, STM32WBA54KEU7TR, STM32WBA54KGU6, STM32WBA54KGU6TR, STM32WBA54KGU7, STM32WBA54KGU7TR, STM32WBA55CEU6, STM32WBA55CEU6TR, STM32WBA55CEU7, STM32WBA55CEU7TR, STM32WBA55CGU6, STM32WBA55CGU6TR, STM32WBA55CGU6U, STM32WBA55CGU7, STM32WBA55CGU7TR, STM32WBA55G-DK1, STM32WBA55HEF6, STM32WBA55HEF7, STM32WBA55HGF6, STM32WBA55HGF7, STM32WBA55UEI6, STM32WBA55UEI6TR, STM32WBA55UEI7, STM32WBA55UEI7TR, STM32WBA55UGI6, STM32WBA55UGI6TR, STM32WBA55UGI7, STM32WBA55UGI7TR, STM32WBA5MJGH6TR, STM32WBA62CGU6, STM32WBA62CIU6, STM32WBA62MGF6, STM32WBA62MIF6, STM32WBA62PGI6, STM32WBA62PII6, STM32WBA63CGU6, STM32WBA63CGU7, STM32WBA63CIU6, STM32WBA63CIU7, STM32WBA64CGU6, STM32WBA64CGU7, STM32WBA64CIU6, STM32WBA64CIU7, STM32WBA65CGU6, STM32WBA65CGU7, STM32WBA65CIU6, STM32WBA65CIU7, STM32WBA65I-DK1, STM32WBA65MGF6, STM32WBA65MGF7, STM32WBA65MIF6, STM32WBA65MIF7, STM32WBA65PGI6, STM32WBA65PGI7, STM32WBA65PII6, STM32WBA65PII7, STM32WBA65RGV6, STM32WBA65RGV7, STM32WBA65RIV6, STM32WBA65RIV7, STM32WL30K8V6, STM32WL30KBV6, STM32WL31C8V6, STM32WL31CBV6, STM32WL31K8V6, STM32WL31KBV6, STM32WL33C8V6, STM32WL33C8V6TR, STM32WL33C8V7, STM32WL33C8V7TR, STM32WL33CBV6, STM32WL33CBV6TR, STM32WL33CBV7, STM32WL33CBV7TR, STM32WL33CCV6, STM32WL33CCV6TR, STM32WL33CCV7, STM32WL33CCV7A, STM32WL33CCV7ATR, STM32WL33CCV7TR, STM32WL33K8V6, STM32WL33K8V6TR, STM32WL33K8V7, STM32WL33K8V7TR, STM32WL33KBV6, STM32WL33KBV6TR, STM32WL33KBV7, STM32WL33KBV7TR, STM32WL33KCV6, STM32WL33KCV6TR, STM32WL33KCV7, STM32WL33KCV7TR, STM32WL5MOCH6, STM32WL5MOCH6TR]
2026-06-04 10:29:20,672 [INFO] ApiDb:668 - CubeFinder database Data Model version=2.1
2026-06-04 10:29:20,673 [INFO] ApiDb:669 - CubeFinder database Configuration version=3.0.42
2026-06-04 10:29:20,673 [INFO] ApiDb:670 - CubeFinder database generation date=2026-05-06 (1778060171)
2026-06-04 10:29:20,673 [INFO] ApiDb:671 - CubeFinder database FW Pack versions=[FP-ATR-ASTRA1_V2.0.0, FP-SNS-FLIGHT1_V5.1.0, FP-SNS-MOTENV1_V5.1.0, FP-SNS-MOTENVWB1_V1.5.0, FP-SNS-SMARTAG2_V1.2.0, FP-SNS-STBOX1_V2.1.0, STM32Cube_FW_C0_V1.4.0, STM32Cube_FW_F4_V1.28.3, STM32Cube_FW_F7_V1.17.4, STM32Cube_FW_G0_V1.6.3, STM32Cube_FW_G4_V1.6.2, STM32Cube_FW_H5_V1.6.0, STM32Cube_FW_H7RS_V1.3.0, STM32Cube_FW_H7_V1.13.0, STM32Cube_FW_L0_V1.12.2, STM32Cube_FW_L4_V1.18.2, STM32Cube_FW_L5_V1.6.0, STM32Cube_FW_N6_V1.3.0, STM32Cube_FW_U0_V1.3.0, STM32Cube_FW_U3_V1.3.0, STM32Cube_FW_U5_V1.8.0, STM32Cube_FW_WB0_V1.4.0, STM32Cube_FW_WBA_V1.9.0, STM32Cube_FW_WB_V1.24.0, STM32Cube_FW_WL3_V1.4.0, STM32Cube_FW_WL_V1.5.0, X-CUBE-ALGOBUILD_V1.4.0, X-CUBE-ALS_V1.0.2, X-CUBE-AZRTOS-F4_V1.1.0, X-CUBE-AZRTOS-F7_V1.1.0, X-CUBE-AZRTOS-G0_V1.1.0, X-CUBE-AZRTOS-G4_V2.0.0, X-CUBE-AZRTOS-H7RS_V1.1.0, X-CUBE-AZRTOS-H7_V3.5.0, X-CUBE-AZRTOS-L4_V2.0.0, X-CUBE-AZRTOS-L5_V2.0.0, X-CUBE-AZRTOS-WB_V2.0.0, X-CUBE-AZRTOS-WL_V2.0.0, X-CUBE-BLE1_V7.1.0, X-CUBE-BLE2_V3.3.0, X-CUBE-BLEMGR_V4.1.0, X-CUBE-EEPRMA1_V5.2.0, X-CUBE-FREERTOS_V1.5.0, X-CUBE-GNSS1_V6.0.0, X-CUBE-MEMS1_V12.0.0, X-CUBE-NFC4_V3.0.0, X-CUBE-NFC7_V2.0.0, X-CUBE-SFXS2LP1_V4.0.0, X-CUBE-ST67W61_V1.2.0, X-CUBE-SUBG2_V5.0.0, X-CUBE-TOF1_V3.4.3]
2026-06-04 10:29:27,046 [INFO] ApiDb:240 - Found 895 in-development CPN: [B-G473E-ZEST1S, B-WB1M-WPAN1, B-WBA5M-WPAN, B-WL5M-SUBG1, NUCLEO-C031C6, NUCLEO-C051C8, NUCLEO-C071RB, NUCLEO-C092RC, NUCLEO-H503RB, NUCLEO-H533RE, NUCLEO-H563ZI, NUCLEO-H7S3L8, NUCLEO-N657X0-Q, NUCLEO-U031R8, NUCLEO-U083RC, NUCLEO-U385RG-Q, NUCLEO-U545RE-Q, NUCLEO-U5A5ZJ-Q, NUCLEO-WB05KZ, NUCLEO-WB07CC, NUCLEO-WB09KE, NUCLEO-WBA52CG, NUCLEO-WBA55CG, NUCLEO-WBA65RI, NUCLEO-WL33CC1, NUCLEO-WL33CC2, STEVAL-PROTEUS1, STEVAL-SMARTAG2, STEVAL-STWINBX1, STM320518-EVAL, STM32C0116-DK, STM32C011D6Y3TR, STM32C011D6Y6TR, STM32C011F4P3, STM32C011F4P6, STM32C011F4U3, STM32C011F4U6TR, STM32C011F6P3, STM32C011F6P6, STM32C011F6U3, STM32C011F6U6TR, STM32C011J4M3, STM32C011J4M6, STM32C011J6M3, STM32C011J6M6, STM32C0316-DK, STM32C031C4T3, STM32C031C4T6, STM32C031C4U3, STM32C031C4U6, STM32C031C6T3, STM32C031C6T6, STM32C031C6U3, STM32C031C6U6, STM32C031F4P3, STM32C031F4P6, STM32C031F6P3, STM32C031F6P6, STM32C031G4U3, STM32C031G4U6, STM32C031G6U3, STM32C031G6U6, STM32C031K4T3, STM32C031K4T6, STM32C031K4U3, STM32C031K4U6, STM32C031K6T3, STM32C031K6T6, STM32C031K6U3, STM32C031K6U6, STM32C051C6T6, STM32C051C6U6, STM32C051C8T6, STM32C051C8U6, STM32C051D8Y6TR, STM32C051F6P6, STM32C051F8P6, STM32C051G6U6, STM32C051G8U6, STM32C051K6T6, STM32C051K6U6, STM32C051K8T6, STM32C071C8T6, STM32C071C8T6N, STM32C071C8U6, STM32C071C8U6N, STM32C071CBT6, STM32C071CBT6N, STM32C071CBU6, STM32C071CBU6N, STM32C071F8P6, STM32C071F8P6N, STM32C071FBP6, STM32C071FBP6N, STM32C071FBY6TR, STM32C071G8U6, STM32C071G8U6N, STM32C071GBU6, STM32C071GBU6N, STM32C071K8T6, STM32C071K8T6N, STM32C071K8U6, STM32C071K8U6N, STM32C071KBT6, STM32C071KBT6N, STM32C071KBU6, STM32C071KBU6N, STM32C071R8T6, STM32C071R8T6N, STM32C071RBI6N, STM32C071RBT6, STM32C071RBT6N, STM32C091CBT6, STM32C091CBU6, STM32C091CCT6, STM32C091CCU6, STM32C091ECY6TR, STM32C091FBP6, STM32C091FCP6, STM32C091GBU6, STM32C091GCU6, STM32C091KBT6, STM32C091KBU6, STM32C091KCT6, STM32C091KCU6, STM32C091RBT6, STM32C091RCI6, STM32C091RCT6, STM32C092CBT6, STM32C092CBU6, STM32C092CCT6, STM32C092CCU6, STM32C092ECY6TR, STM32C092FBP6, STM32C092FCP6, STM32C092GBU6, STM32C092GCU6, STM32C092KBT6, STM32C092KBU6, STM32C092KCT6, STM32C092KCU6, STM32C092RBT6, STM32C092RCI6, STM32C092RCT6, STM32G071K8TXN, STM32G071K8UXN, STM32G081GBU6N, STM32G081KBT6N, STM32G081KBUXN, STM32G0B1CCT6N, STM32G0B1KCT6, STM32G0B1NEY6TR, STM32G0B1RCT6N, STM32G0C1CCT6, STM32G0C1CCT6N, STM32G0C1CCU6N, STM32G0C1CET6N, STM32G0C1CEU6N, STM32G0C1KCT6, STM32G0C1NEY6TR, STM32G0C1RCI6N, STM32G0C1RCT6N, STM32G0C1REI6N, STM32G0C1RET6N, STM32G0C1VCI6, STM32G0C1VEI6, STM32G411C6T3, STM32G411C6T6, STM32G411C6U3, STM32G411C6U6, STM32G411C8T3, STM32G411C8T6, STM32G411C8U3, STM32G411C8U6, STM32G411CBT3, STM32G411CBT6, STM32G411CBU3, STM32G411CBU6, STM32G411CCT3, STM32G411CCT6, STM32G411CCU3, STM32G411CCU6, STM32G411K6T3, STM32G411K6T6, STM32G411K6U3, STM32G411K6U6, STM32G411K8T3, STM32G411K8T6, STM32G411K8U3, STM32G411K8U6, STM32G411KBT3, STM32G411KBT6, STM32G411KBU3, STM32G411KBU6, STM32G411M6T3, STM32G411M6T6, STM32G411M8T3, STM32G411M8T6, STM32G411MBT3, STM32G411MBT6, STM32G411MCT3, STM32G411MCT6, STM32G411R6T3, STM32G411R6T6, STM32G411R8T3, STM32G411R8T6, STM32G411RBT3, STM32G411RBT6, STM32G411RCT3, STM32G411RCT6, STM32G414CBT3, STM32G414CBT6, STM32G414CBU3, STM32G414CBU6, STM32G414CCT3, STM32G414CCT6, STM32G414CCU3, STM32G414CCU6, STM32G414MBT3, STM32G414MBT6, STM32G414MCT3, STM32G414MCT6, STM32G414RBT3, STM32G414RBT6, STM32G414RCT3, STM32G414RCT6, STM32G414VBT3, STM32G414VBT6, STM32G414VCT3, STM32G414VCT6, STM32G431CBT3Z, STM32G431RBT3Z, STM32G471CCT6, STM32G471CCU6, STM32G471CET3, STM32G471CET6, STM32G471CEU3, STM32G471CEU6, STM32G471MCT6, STM32G471MET3, STM32G471MET6, STM32G471MEY6TR, STM32G471QCT6, STM32G471QET3, STM32G471RCT6, STM32G471RET3, STM32G471RET6, STM32G471VCH6, STM32G471VCI6, STM32G471VCT6, STM32G471VEH3, STM32G471VEH6, STM32G471VEI3, STM32G471VEI6, STM32G471VET3, STM32G471VET6, STM32G473QET3Z, STM32G473RET3Z, STM32G474CCT6, STM32G491RET3Z, STM32H503CBT6, STM32H503CBU6, STM32H503EBY6TR, STM32H503KBU6, STM32H503RBT6, STM32H523CCT6, STM32H523CCU6, STM32H523CET6, STM32H523CEU6, STM32H523HEY6TR, STM32H523RCT6, STM32H523RET6, STM32H523VCI6, STM32H523VCT6, STM32H523VEI6, STM32H523VET6, STM32H523ZCJ6, STM32H523ZCT6, STM32H523ZEJ6, STM32H523ZET6, STM32H533CET6, STM32H533CEU6, STM32H533HEY6TR, STM32H533RET6, STM32H533VEI6, STM32H533VET6, STM32H533ZEJ6, STM32H533ZET6, STM32H562AGI6, STM32H562AII6, STM32H562IGK6, STM32H562IGT6, STM32H562IIK6, STM32H562IIT6, STM32H562RGT6, STM32H562RGV6, STM32H562RIT6, STM32H562RIV6, STM32H562VGT6, STM32H562VIT6, STM32H562ZGT6, STM32H562ZIT6, STM32H563AGI6, STM32H563AII3Q, STM32H563AII6, STM32H563IGK6, STM32H563IGT6, STM32H563IIK3Q, STM32H563IIK6, STM32H563IIT3Q, STM32H563IIT6, STM32H563MIY3QTR, STM32H563RGT6, STM32H563RGV6, STM32H563RIT6, STM32H563RIV6, STM32H563VGT6, STM32H563VIT3Q, STM32H563VIT6, STM32H563ZGT6, STM32H563ZIT3Q, STM32H563ZIT6, STM32H573AII3Q, STM32H573AII6, STM32H573I-DK, STM32H573IIK3Q, STM32H573IIK6, STM32H573IIT3Q, STM32H573IIT6, STM32H573MIY3QTR, STM32H573RIT6, STM32H573RIV6, STM32H573VIT3Q, STM32H573VIT6, STM32H573ZIT3Q, STM32H573ZIT6, STM32H7R3A8I6, STM32H7R3I8K6, STM32H7R3I8T6, STM32H7R3L8H6, STM32H7R3L8H6H, STM32H7R3R8V6, STM32H7R3V8H6, STM32H7R3V8T6, STM32H7R3V8Y6TR, STM32H7R3Z8J6, STM32H7R3Z8T6, STM32H7R7A8I6, STM32H7R7I8K6, STM32H7R7I8T6, STM32H7R7L8H6, STM32H7R7L8H6H, STM32H7R7Z8J6, STM32H7S3A8I6, STM32H7S3I8K6, STM32H7S3I8T6, STM32H7S3L8H6, STM32H7S3L8H6H, STM32H7S3R8V6, STM32H7S3V8H6, STM32H7S3V8T6, STM32H7S3V8Y6TR, STM32H7S3Z8J6, STM32H7S3Z8T6, STM32H7S78-DK, STM32H7S7A8I6, STM32H7S7I8K6, STM32H7S7I8T6, STM32H7S7L8H6, STM32H7S7L8H6H, STM32H7S7Z8J6, STM32L4R5QGI6STR, STM32MP131AAE3, STM32MP131AAF3, STM32MP131AAG3, STM32MP131CAE3, STM32MP131CAF3, STM32MP131CAG3, STM32MP131DAE7, STM32MP131DAF7, STM32MP131DAG7, STM32MP131FAE7, STM32MP131FAF7, STM32MP131FAG7, STM32MP133AAE3, STM32MP133AAF3, STM32MP133AAG3, STM32MP133CAE3, STM32MP133CAF3, STM32MP133CAG3, STM32MP133DAE7, STM32MP133DAF7, STM32MP133DAG7, STM32MP133FAE7, STM32MP133FAF7, STM32MP133FAG7, STM32MP135AAE3, STM32MP135AAF3, STM32MP135AAG3, STM32MP135CAE3, STM32MP135CAF3, STM32MP135CAG3, STM32MP135DAE7, STM32MP135DAF7, STM32MP135DAG7, STM32MP135F-DK, STM32MP135FAE7, STM32MP135FAF7, STM32MP135FAF7T, STM32MP135FAF7U, STM32MP135FAG7, STM32MP231AAJ3, STM32MP231AAK3, STM32MP231AAL3, STM32MP231CAJ3, STM32MP231CAK3, STM32MP231CAL3, STM32MP231DAJ3, STM32MP231DAK3, STM32MP231DAL3, STM32MP231FAJ3, STM32MP231FAK3, STM32MP231FAL3, STM32MP233AAJ3, STM32MP233AAK3, STM32MP233AAL3, STM32MP233CAJ3, STM32MP233CAK3, STM32MP233CAL3, STM32MP233DAJ3, STM32MP233DAK3, STM32MP233DAL3, STM32MP233FAJ3, STM32MP233FAK3, STM32MP233FAL3, STM32MP235AAJ3, STM32MP235AAK3, STM32MP235AAL3, STM32MP235CAJ3, STM32MP235CAK3, STM32MP235CAL3, STM32MP235DAJ3, STM32MP235DAK3, STM32MP235DAL3, STM32MP235FAJ3, STM32MP235FAK3, STM32MP235FAL3, STM32MP251AAI3, STM32MP251AAJ3, STM32MP251AAK3, STM32MP251AAL3, STM32MP251CAI3, STM32MP251CAJ3, STM32MP251CAK3, STM32MP251CAL3, STM32MP251DAI3, STM32MP251DAJ3, STM32MP251DAK3, STM32MP251DAL3, STM32MP251FAI3, STM32MP251FAJ3, STM32MP251FAK3, STM32MP251FAL3, STM32MP253AAI3, STM32MP253AAJ3, STM32MP253AAK3, STM32MP253AAL3, STM32MP253CAI3, STM32MP253CAJ3, STM32MP253CAK3, STM32MP253CAL3, STM32MP253DAI3, STM32MP253DAJ3, STM32MP253DAK3, STM32MP253DAL3, STM32MP253FAI3, STM32MP253FAJ3, STM32MP253FAK3, STM32MP253FAL3, STM32MP255AAI3, STM32MP255AAJ3, STM32MP255AAK3, STM32MP255AAL3, STM32MP255CAI3, STM32MP255CAJ3, STM32MP255CAK3, STM32MP255CAL3, STM32MP255DAI3, STM32MP255DAJ3, STM32MP255DAK3, STM32MP255DAL3, STM32MP255FAI3, STM32MP255FAJ3, STM32MP255FAK3, STM32MP255FAL3, STM32MP257AAI3, STM32MP257AAJ3, STM32MP257AAK3, STM32MP257AAL3, STM32MP257CAI3, STM32MP257CAJ3, STM32MP257CAK3, STM32MP257CAL3, STM32MP257DAI3, STM32MP257DAJ3, STM32MP257DAK3, STM32MP257DAL3, STM32MP257F-DK, STM32MP257F-EV1, STM32MP257FAI3, STM32MP257FAJ3, STM32MP257FAK3, STM32MP257FAL3, STM32N645A0H3Q, STM32N645B0H3Q, STM32N645I0H3Q, STM32N645L0H3Q, STM32N645X0H3Q, STM32N645Z0H3Q, STM32N647A0H3Q, STM32N647B0H3Q, STM32N647I0H3Q, STM32N647L0H3Q, STM32N647X0H3Q, STM32N647Z0H3Q, STM32N655A0H3Q, STM32N655B0H3Q, STM32N655I0H3Q, STM32N655L0H3Q, STM32N655X0H3Q, STM32N655Z0H3Q, STM32N6570-DK, STM32N657A0H3Q, STM32N657B0H3Q, STM32N657I0H3Q, STM32N657L0H3Q, STM32N657X0H3Q, STM32N657Z0H3Q, STM32U031C6T6, STM32U031C6U6, STM32U031C8T6, STM32U031C8U6, STM32U031F4P6, STM32U031F6P6, STM32U031F8P6, STM32U031G6Y6TR, STM32U031G8Y6TR, STM32U031K4U6, STM32U031K6U6, STM32U031K8U6, STM32U031R6I6, STM32U031R6T6, STM32U031R8I6, STM32U031R8T6, STM32U073C8T6, STM32U073C8U6, STM32U073CBT6, STM32U073CBU6, STM32U073CCT6, STM32U073CCU6, STM32U073H8Y6TR, STM32U073HBY6TR, STM32U073HCY6TR, STM32U073K8U6, STM32U073KBU6, STM32U073KCU6, STM32U073M8I6, STM32U073M8T6, STM32U073MBI6, STM32U073MBT6, STM32U073MCI6, STM32U073MCT6, STM32U073R8I6, STM32U073R8T6, STM32U073RBI6, STM32U073RBT6, STM32U073RCI6, STM32U073RCT6, STM32U083C-DK, STM32U083CCT6, STM32U083CCU6, STM32U083HCY6TR, STM32U083KCU6, STM32U083MCI6, STM32U083MCT6, STM32U083RCI6, STM32U083RCT6, STM32U375CET6, STM32U375CET6Q, STM32U375CEU6, STM32U375CEU6Q, STM32U375CEY6QTR, STM32U375CGT6, STM32U375CGT6Q, STM32U375CGU6, STM32U375CGU6Q, STM32U375CGY6QTR, STM32U375KEU6, STM32U375KGU6, STM32U375REI6, STM32U375REI6Q, STM32U375RET6, STM32U375RET6Q, STM32U375REY6GTR, STM32U375REY6QTR, STM32U375RGI6, STM32U375RGI6Q, STM32U375RGT6, STM32U375RGT6Q, STM32U375RGY6GTR, STM32U375RGY6QTR, STM32U375VEI6, STM32U375VEI6Q, STM32U375VET6, STM32U375VET6Q, STM32U375VGI6, STM32U375VGI6Q, STM32U375VGT6, STM32U375VGT6Q, STM32U385CGT6, STM32U385CGT6Q, STM32U385CGU6, STM32U385CGU6Q, STM32U385CGY6QTR, STM32U385KGU6, STM32U385RGI6, STM32U385RGI6Q, STM32U385RGT6, STM32U385RGT6Q, STM32U385RGY6GTR, STM32U385RGY6QTR, STM32U385VGI6, STM32U385VGI6Q, STM32U385VGT6, STM32U385VGT6Q, STM32U535CBT6, STM32U535CBT6Q, STM32U535CBU6, STM32U535CBU6Q, STM32U535CCT6, STM32U535CCT6Q, STM32U535CCU6, STM32U535CCU6Q, STM32U535CET6, STM32U535CET6Q, STM32U535CEU6, STM32U535CEU6Q, STM32U535JEY6QTR, STM32U535NCY6QTR, STM32U535NEY6QTR, STM32U535RBI6, STM32U535RBI6Q, STM32U535RBT6, STM32U535RBT6Q, STM32U535RCI6, STM32U535RCI6Q, STM32U535RCT6, STM32U535RCT6Q, STM32U535REI6, STM32U535REI6Q, STM32U535RET6, STM32U535RET6Q, STM32U535VCI6, STM32U535VCI6Q, STM32U535VCT6, STM32U535VCT6Q, STM32U535VEI6, STM32U535VEI6Q, STM32U535VET6, STM32U535VET6Q, STM32U545CET6, STM32U545CET6Q, STM32U545CEU6, STM32U545CEU6Q, STM32U545JEY6QTR, STM32U545NEY6QTR, STM32U545REI6, STM32U545REI6Q, STM32U545RET6, STM32U545RET6Q, STM32U545VEI6, STM32U545VEI6Q, STM32U545VET6, STM32U545VET6Q, STM32U595AIH6, STM32U595AIH6Q, STM32U595AJH6, STM32U595AJH6Q, STM32U595QII6, STM32U595QII6Q, STM32U595QJI6, STM32U595QJI6Q, STM32U595RIT6, STM32U595RIT6Q, STM32U595RJT6, STM32U595RJT6Q, STM32U595VIT6, STM32U595VIT6Q, STM32U595VJT6, STM32U595VJT6Q, STM32U595ZIT6, STM32U595ZIT6Q, STM32U595ZIY6QTR, STM32U595ZJT6, STM32U595ZJT6Q, STM32U595ZJY6QTR, STM32U599BJY6QTR, STM32U599NIH6Q, STM32U599NJH6Q, STM32U599VIT6Q, STM32U599VJT6, STM32U599VJT6Q, STM32U599ZIT6Q, STM32U599ZIY6QTR, STM32U599ZJT6Q, STM32U599ZJY6QTR, STM32U5A5AJH6, STM32U5A5AJH6Q, STM32U5A5QII3Q , STM32U5A5QJI6, STM32U5A5QJI6Q, STM32U5A5RJT6, STM32U5A5RJT6Q, STM32U5A5VJT6, STM32U5A5VJT6Q, STM32U5A5ZJT6, STM32U5A5ZJT6Q, STM32U5A5ZJY6QTR, STM32U5A9BJY6QTR, STM32U5A9J-DK, STM32U5A9NJH6Q, STM32U5A9VJT6Q, STM32U5A9ZJT6Q, STM32U5A9ZJY6QTR, STM32U5F7VIT6, STM32U5F7VIT6Q, STM32U5F7VJT6, STM32U5F7VJT6Q, STM32U5F9BJY6QTR, STM32U5F9NJH6Q, STM32U5F9VIT6Q, STM32U5F9VJT6Q, STM32U5F9ZIJ6QTR, STM32U5F9ZIT6Q, STM32U5F9ZJJ6QTR, STM32U5F9ZJT6Q, STM32U5G7VJT6, STM32U5G7VJT6Q, STM32U5G9BJY6QTR, STM32U5G9J-DK1, STM32U5G9J-DK2, STM32U5G9NJH6Q, STM32U5G9VJT6Q, STM32U5G9ZJJ6QTR, STM32U5G9ZJT6Q, STM32WB05KZV6TR, STM32WB05KZV7TR, STM32WB05TZF6TR, STM32WB05TZF7TR, STM32WB06CCF6TR, STM32WB06CCF7TR, STM32WB06CCV6TR, STM32WB06CCV7TR, STM32WB06KCV6TR, STM32WB06KCV7TR, STM32WB07CCF6TR, STM32WB07CCF7TR, STM32WB07CCV6TR, STM32WB07CCV7TR, STM32WB07KCV6TR, STM32WB07KCV7TR, STM32WB09KEV6TR, STM32WB09KEV7TR, STM32WB09TEF6TR, STM32WB09TEF7TR, STM32WB1MMCH6, STM32WBA50KGU6, STM32WBA50KGU6TR, STM32WBA52CEU6, STM32WBA52CEU6TR, STM32WBA52CEU7, STM32WBA52CEU7TR, STM32WBA52CGU6, STM32WBA52CGU6TR, STM32WBA52CGU6U, STM32WBA52CGU7, STM32WBA52CGU7TR, STM32WBA52KEU6, STM32WBA52KEU6TR, STM32WBA52KGU6, STM32WBA52KGU6TR, STM32WBA54CEU6, STM32WBA54CEU6TR, STM32WBA54CEU7, STM32WBA54CEU7TR, STM32WBA54CGU6, STM32WBA54CGU6TR, STM32WBA54CGU7, STM32WBA54CGU7TR, STM32WBA54KEU6, STM32WBA54KEU6TR, STM32WBA54KEU7, STM32WBA54KEU7TR, STM32WBA54KGU6, STM32WBA54KGU6TR, STM32WBA54KGU7, STM32WBA54KGU7TR, STM32WBA55CEU6, STM32WBA55CEU6TR, STM32WBA55CEU7, STM32WBA55CEU7TR, STM32WBA55CGU6, STM32WBA55CGU6TR, STM32WBA55CGU6U, STM32WBA55CGU7, STM32WBA55CGU7TR, STM32WBA55G-DK1, STM32WBA55HEF6, STM32WBA55HEF7, STM32WBA55HGF6, STM32WBA55HGF7, STM32WBA55UEI6, STM32WBA55UEI6TR, STM32WBA55UEI7, STM32WBA55UEI7TR, STM32WBA55UGI6, STM32WBA55UGI6TR, STM32WBA55UGI7, STM32WBA55UGI7TR, STM32WBA5MJGH6TR, STM32WBA62CGU6, STM32WBA62CIU6, STM32WBA62MGF6, STM32WBA62MIF6, STM32WBA62PGI6, STM32WBA62PII6, STM32WBA63CGU6, STM32WBA63CGU7, STM32WBA63CIU6, STM32WBA63CIU7, STM32WBA64CGU6, STM32WBA64CGU7, STM32WBA64CIU6, STM32WBA64CIU7, STM32WBA65CGU6, STM32WBA65CGU7, STM32WBA65CIU6, STM32WBA65CIU7, STM32WBA65I-DK1, STM32WBA65MGF6, STM32WBA65MGF7, STM32WBA65MIF6, STM32WBA65MIF7, STM32WBA65PGI6, STM32WBA65PGI7, STM32WBA65PII6, STM32WBA65PII7, STM32WBA65RGV6, STM32WBA65RGV7, STM32WBA65RIV6, STM32WBA65RIV7, STM32WL30K8V6, STM32WL30KBV6, STM32WL31C8V6, STM32WL31CBV6, STM32WL31K8V6, STM32WL31KBV6, STM32WL33C8V6, STM32WL33C8V6TR, STM32WL33C8V7, STM32WL33C8V7TR, STM32WL33CBV6, STM32WL33CBV6TR, STM32WL33CBV7, STM32WL33CBV7TR, STM32WL33CCV6, STM32WL33CCV6TR, STM32WL33CCV7, STM32WL33CCV7A, STM32WL33CCV7ATR, STM32WL33CCV7TR, STM32WL33K8V6, STM32WL33K8V6TR, STM32WL33K8V7, STM32WL33K8V7TR, STM32WL33KBV6, STM32WL33KBV6TR, STM32WL33KBV7, STM32WL33KBV7TR, STM32WL33KCV6, STM32WL33KCV6TR, STM32WL33KCV7, STM32WL33KCV7TR, STM32WL5MOCH6, STM32WL5MOCH6TR]
2026-06-04 10:29:27,075 [INFO] DbMcus:218 - Found 5082 MCUs, 4964 are supported
2026-06-04 10:29:27,079 [INFO] ApiDb:423 - Load user favorites file C:\Users\hp/.stm32cubeide/favorites.mcus.txt: 0 item(s)
2026-06-04 10:29:27,080 [INFO] ApiDb:427 - User favorites MCUs=[]
2026-06-04 10:29:27,081 [INFO] DbMcus:224 - Set 0 / 0 favorites MCUs
2026-06-04 10:29:30,064 [INFO] BoardInfo:889 - No configuration file found for board NUCLEO-H5E5ZJ
2026-06-04 10:29:30,068 [INFO] DbBoards:161 - Board is not supported: NUCLEO-H5E5ZJ
2026-06-04 10:29:30,362 [INFO] BoardInfo:889 - No configuration file found for board NUCLEO-U3C5ZI-Q
2026-06-04 10:29:30,366 [INFO] DbBoards:161 - Board is not supported: NUCLEO-U3C5ZI-Q
2026-06-04 10:29:30,442 [INFO] BoardInfo:889 - No configuration file found for board NUCLEO-WBA25CE1
2026-06-04 10:29:30,446 [INFO] DbBoards:161 - Board is not supported: NUCLEO-WBA25CE1
2026-06-04 10:29:30,492 [INFO] BoardInfo:889 - No configuration file found for board NUCLEO-WL3RKB1
2026-06-04 10:29:30,495 [INFO] DbBoards:161 - Board is not supported: NUCLEO-WL3RKB1
2026-06-04 10:29:30,500 [INFO] BoardInfo:889 - No configuration file found for board NUCLEO-WL3RKB2
2026-06-04 10:29:30,505 [INFO] DbBoards:161 - Board is not supported: NUCLEO-WL3RKB2
2026-06-04 10:29:30,544 [INFO] BoardInfo:889 - No configuration file found for board P-NUCLEO-WB55
2026-06-04 10:29:30,549 [INFO] DbBoards:161 - Kit is not supported: P-NUCLEO-WB55
2026-06-04 10:29:30,584 [INFO] BoardInfo:889 - No configuration file found for board STEVAL-BFA001V1B
2026-06-04 10:29:30,590 [INFO] DbBoards:161 - Kit is not supported: STEVAL-BFA001V1B
2026-06-04 10:29:30,595 [INFO] BoardInfo:889 - No configuration file found for board STEVAL-BFA001V2B
2026-06-04 10:29:30,599 [INFO] DbBoards:161 - Kit is not supported: STEVAL-BFA001V2B
2026-06-04 10:29:31,167 [INFO] BoardInfo:889 - No configuration file found for board STM32H5F5J-DK
2026-06-04 10:29:31,174 [INFO] DbBoards:161 - Board is not supported: STM32H5F5J-DK
2026-06-04 10:29:31,413 [INFO] BoardInfo:889 - No configuration file found for board STM32MP215F-DK
2026-06-04 10:29:31,416 [INFO] DbBoards:161 - Board is not supported: STM32MP215F-DK
2026-06-04 10:29:31,510 [INFO] DbBoards:168 - Found 218 boards, 208 are supported
2026-06-04 10:29:31,510 [INFO] DbBoards:169 - Found 218 boards, 43 of them is supported for  Bsp
2026-06-04 10:29:31,556 [INFO] ApiDb:423 - Load user favorites file C:\Users\hp/.stm32cubeide/favorites.boards.txt: 1 item(s)
2026-06-04 10:29:31,557 [INFO] ApiDb:427 - User favorites Boards=[STM32F407G-DISC1]
2026-06-04 10:29:31,557 [INFO] DbBoards:198 - Set 1 / 1 favorites Boards
2026-06-04 10:29:31,559 [INFO] McuFinderGlobals:76 - Set McuFinderConnectedMode to true
2026-06-04 10:29:31,625 [INFO] MultiScanPanel:200 - Auto-refresh data requested => check proxy status ongoing
2026-06-04 10:29:31,649 [INFO] FinderPluginLoader:95 - Searching for filters in installed packs
2026-06-04 10:29:36,967 [INFO] LoadUrlFilesThread:185 - End of LoadServerUrlFiles without Thread
2026-06-04 10:29:37,058 [INFO] DetailPanel:341 - Set advertising image to C:/Users/hp/STM32Cube/Repository/\en.prom-stm32wl3r-0526.jpg
2026-06-04 10:34:30,668 [INFO] MultiScanPanel:200 - Auto-refresh data requested => check proxy status ongoing
2026-06-04 10:34:31,341 [INFO] LoadUrlFilesThread:185 - End of LoadServerUrlFiles without Thread
2026-06-04 10:34:31,343 [INFO] DetailPanel:341 - Set advertising image to C:/Users/hp/STM32Cube/Repository/\en.prom-stm32wl3r-0526.jpg
2026-06-04 10:34:31,392 [INFO] DbBoards:642 - Loading board mini-images...
2026-06-04 10:34:40,873 [INFO] DbBoards:665 - Loaded 218 board mini-images
2026-06-04 10:34:49,758 [INFO] BoardResultTable:719 - Unmark Board STM32F407G-DISC1 as favorite
2026-06-04 10:34:51,099 [INFO] BoardResultTable:719 - Mark Board STM32F407G-DISC1 as favorite
2026-06-04 10:36:06,221 [INFO] MainUpdater:2872 - connection check result : 10
2026-06-04 10:36:06,223 [INFO] MainUpdater:2872 - connection check result : 10
2026-06-04 10:36:06,366 [INFO] MicroXplorer:468 - Change Database Path : 
2026-06-04 10:36:06,367 [INFO] MicroXplorer:498 - Change Database Version : DB.6.0.140
2026-06-04 10:36:06,394 [WARN] ThirdParty:871 - waiting for thirdparty lock release [close project]
2026-06-04 10:36:06,395 [INFO] ThirdParty:873 - entering critical section [close project]
2026-06-04 10:36:06,408 [INFO] ThirdParty:883 - exiting critical section [close project]
2026-06-04 10:36:06,432 [INFO] PinOutPanel:1589 - setPackage(No Configuration,No Configuration)
2026-06-04 10:36:06,470 [INFO] UtilMem:75 - Begin LoadConfig() Used Memory: 710541304 Bytes (1073741824)
2026-06-04 10:36:06,496 [INFO] OpenFileManager:354 - Change cursor
2026-06-04 10:36:06,823 [INFO] ProjectFactory:442 - No CPN specified for board STM32F407G-DISC1 => set CPN to STM32F407VGT6
2026-06-04 10:36:06,827 [INFO] Mcu:2011 - Initializing MCU STM32F407V(E-G)Tx STM32F407VGTx STM32F407VGT6
2026-06-04 10:36:14,358 [INFO] Context:756 - Trying to add GPIOservice into a context  which must be forbidden
2026-06-04 10:36:16,459 [INFO] Rule:224 - rule 117617 - U5Cobra4M][GTZC] default value MPCBB3 and MPCBB5 - Not Secured memory - MPCBB1 is applicable
2026-06-04 10:36:16,459 [INFO] Rule:224 - rule 117617 - U5Cobra4M][GTZC] default value MPCBB3 and MPCBB5 - Not Secured memory - MPCBB1 is applicable
2026-06-04 10:36:16,460 [INFO] Rule:224 - rule 117617 - U5Cobra4M][GTZC] default value MPCBB3 and MPCBB5 - Not Secured memory - MPCBB2 is applicable
2026-06-04 10:36:16,460 [INFO] Rule:224 - rule 117617 - U5Cobra4M][GTZC] default value MPCBB3 and MPCBB5 - Not Secured memory - MPCBB2 is applicable
2026-06-04 10:36:16,460 [INFO] Rule:224 - rule 117617 - U5Cobra4M][GTZC] default value MPCBB3 and MPCBB5 - Not Secured memory - MPCBB3 is applicable
2026-06-04 10:36:16,461 [INFO] Rule:224 - rule 117617 - U5Cobra4M][GTZC] default value MPCBB3 and MPCBB5 - Not Secured memory - MPCBB3 is applicable
2026-06-04 10:36:16,461 [INFO] Rule:224 - rule 117617 - U5Cobra4M][GTZC] default value MPCBB3 and MPCBB5 - Not Secured memory - MPCBB4 is applicable
2026-06-04 10:36:16,461 [INFO] Rule:224 - rule 117617 - U5Cobra4M][GTZC] default value MPCBB3 and MPCBB5 - Not Secured memory - MPCBB4 is applicable
2026-06-04 10:36:16,461 [INFO] Rule:224 - rule 117617 - U5Cobra4M][GTZC] default value MPCBB3 and MPCBB5 - Secured memory - MPCBB1 is applicable
2026-06-04 10:36:16,462 [INFO] Rule:224 - rule 117617 - U5Cobra4M][GTZC] default value MPCBB3 and MPCBB5 - Secured memory - MPCBB2 is applicable
2026-06-04 10:36:16,462 [INFO] Rule:224 - rule 117617 - U5Cobra4M][GTZC] default value MPCBB3 and MPCBB5 - Secured memory - MPCBB3 is applicable
2026-06-04 10:36:16,463 [INFO] Rule:224 - rule 117617 - U5Cobra4M][GTZC] default value MPCBB3 and MPCBB5 - Secured memory - MPCBB4 is applicable
2026-06-04 10:36:16,463 [INFO] Rule:224 - rule 117617 - U5Cobra4M][GTZC] default value MPCBB3 and MPCBB5 - Privileged memory - MPCBB1 is applicable
2026-06-04 10:36:16,464 [INFO] Rule:224 - rule 117617 - U5Cobra4M][GTZC] default value MPCBB3 and MPCBB5 - Privileged memory - MPCBB2 is applicable
2026-06-04 10:36:16,464 [INFO] Rule:224 - rule 117617 - U5Cobra4M][GTZC] default value MPCBB3 and MPCBB5 - Privileged memory - MPCBB3 is applicable
2026-06-04 10:36:16,464 [INFO] Rule:224 - rule 117617 - U5Cobra4M][GTZC] default value MPCBB3 and MPCBB5 - Privileged memory - MPCBB4 is applicable
2026-06-04 10:36:16,464 [INFO] Rule:224 - rule 117617 - U5Cobra4M][GTZC] default value MPCBB3 and MPCBB5 - Not Privileged memory - MPCBB1 is applicable
2026-06-04 10:36:16,464 [INFO] Rule:224 - rule 117617 - U5Cobra4M][GTZC] default value MPCBB3 and MPCBB5 - Not Privileged memory - MPCBB2 is applicable
2026-06-04 10:36:16,465 [INFO] Rule:224 - rule 117617 - U5Cobra4M][GTZC] default value MPCBB3 and MPCBB5 - Not Privileged memory - MPCBB3 is applicable
2026-06-04 10:36:16,465 [INFO] Rule:224 - rule 117617 - U5Cobra4M][GTZC] default value MPCBB3 and MPCBB5 - Not Privileged memory - MPCBB4 is applicable
2026-06-04 10:36:16,466 [INFO] Rule:224 - rule 117617 - U5Cobra4M][GTZC] default value MPCBB3 and MPCBB5 - Privileged memory - MPCBB1 is applicable
2026-06-04 10:36:16,466 [INFO] Rule:224 - rule 117617 - U5Cobra4M][GTZC] default value MPCBB3 and MPCBB5 - Privileged memory - MPCBB2 is applicable
2026-06-04 10:36:16,466 [INFO] Rule:224 - rule 117617 - U5Cobra4M][GTZC] default value MPCBB3 and MPCBB5 - Privileged memory - MPCBB3 is applicable
2026-06-04 10:36:16,466 [INFO] Rule:224 - rule 117617 - U5Cobra4M][GTZC] default value MPCBB3 and MPCBB5 - Privileged memory - MPCBB4 is applicable
2026-06-04 10:36:16,467 [INFO] Rule:224 - rule 117617 - U5Cobra4M][GTZC] default value MPCBB3 and MPCBB5 - Privileged memory - MPCBB1 is applicable
2026-06-04 10:36:16,467 [INFO] Rule:224 - rule 117617 - U5Cobra4M][GTZC] default value MPCBB3 and MPCBB5 - Privileged memory - MPCBB2 is applicable
2026-06-04 10:36:16,467 [INFO] Rule:224 - rule 117617 - U5Cobra4M][GTZC] default value MPCBB3 and MPCBB5 - Privileged memory - MPCBB3 is applicable
2026-06-04 10:36:16,467 [INFO] Rule:224 - rule 117617 - U5Cobra4M][GTZC] default value MPCBB3 and MPCBB5 - Privileged memory - MPCBB4 is applicable
2026-06-04 10:36:16,467 [INFO] Rule:224 - rule 117617 - U5Cobra4M][GTZC] default value MPCBB3 and MPCBB5 - Not Privileged memory - MPCBB1 is applicable
2026-06-04 10:36:16,467 [INFO] Rule:224 - rule 117617 - U5Cobra4M][GTZC] default value MPCBB3 and MPCBB5 - Not Privileged memory - MPCBB2 is applicable
2026-06-04 10:36:16,468 [INFO] Rule:224 - rule 117617 - U5Cobra4M][GTZC] default value MPCBB3 and MPCBB5 - Not Privileged memory - MPCBB3 is applicable
2026-06-04 10:36:16,468 [INFO] Rule:224 - rule 117617 - U5Cobra4M][GTZC] default value MPCBB3 and MPCBB5 - Not Privileged memory - MPCBB4 is applicable
2026-06-04 10:36:16,468 [INFO] Rule:224 - rule 117617 - U5Cobra4M][GTZC] default value MPCBB3 and MPCBB5 - Privileged memory - MPCBB1 is applicable
2026-06-04 10:36:16,468 [INFO] Rule:224 - rule 117617 - U5Cobra4M][GTZC] default value MPCBB3 and MPCBB5 - Privileged memory - MPCBB2 is applicable
2026-06-04 10:36:16,469 [INFO] Rule:224 - rule 117617 - U5Cobra4M][GTZC] default value MPCBB3 and MPCBB5 - Privileged memory - MPCBB3 is applicable
2026-06-04 10:36:16,469 [INFO] Rule:224 - rule 117617 - U5Cobra4M][GTZC] default value MPCBB3 and MPCBB5 - Privileged memory - MPCBB4 is applicable
2026-06-04 10:36:16,470 [INFO] Rule:224 - rule Rename SubGHz_Phy SUBGHZ_APPLICATION SUBGHZ_PINGPONG to SUBGHZ_ADV_APPLICATION is applicable
2026-06-04 10:36:16,471 [INFO] Rule:224 - rule Rename Enabled to IBEACON is applicable
2026-06-04 10:36:16,471 [INFO] Rule:224 - rule GTZC_S instance for project manager is applicable
2026-06-04 10:36:16,471 [INFO] Rule:224 - rule GTZC_S instance for context M33S is applicable
2026-06-04 10:36:16,471 [INFO] Rule:224 - rule GTZC_S instance value for IP GTZC is applicable
2026-06-04 10:36:16,471 [INFO] Rule:224 - rule GTZC_S instance for mcu.IP is applicable
2026-06-04 10:36:16,472 [INFO] Rule:224 - rule GTZC_S instance for VP is applicable
2026-06-04 10:36:16,472 [INFO] Rule:224 - rule GTZC_S instance for signal is applicable
2026-06-04 10:36:16,472 [INFO] Rule:224 - rule GTZC_S instance for mcu.Pin is applicable
2026-06-04 10:36:16,472 [INFO] Rule:224 - rule GTZC_S instance for VP is applicable
2026-06-04 10:36:16,472 [INFO] Rule:224 - rule GTZC_S instance for signal is applicable
2026-06-04 10:36:16,472 [INFO] Rule:224 - rule GTZC_S instance for mcu is applicable
2026-06-04 10:36:16,473 [INFO] Rule:224 - rule GTZC_S instance for mcu.Pin is applicable
2026-06-04 10:36:16,473 [INFO] Rule:224 - rule GTZC_S instance value for IP GTZC is applicable
2026-06-04 10:36:16,473 [INFO] Rule:224 - rule GTZC_S instance for project manager is applicable
2026-06-04 10:36:16,473 [INFO] Rule:224 - rule GTZC_S instance for context M33S is applicable
2026-06-04 10:36:16,473 [INFO] Rule:224 - rule GTZC_S instance for VP is applicable
2026-06-04 10:36:16,473 [INFO] Rule:224 - rule GTZC_S instance for signal is applicable
2026-06-04 10:36:16,473 [INFO] Rule:224 - rule SPDIFRX instance for mcu is applicable
2026-06-04 10:36:16,473 [INFO] Rule:224 - rule Rename Tracer Mode is applicable
2026-06-04 10:36:16,474 [INFO] Rule:224 - rule SPDIFRX instance value for IP SPDIFRX is applicable
2026-06-04 10:36:16,474 [INFO] Rule:224 - rule SPDIFRX instance for signal is applicable
2026-06-04 10:36:16,474 [INFO] Rule:224 - rule SPDIFRX instance for project manager is applicable
2026-06-04 10:36:16,474 [INFO] Rule:224 - rule SPDIFRX instance for project manager is applicable
2026-06-04 10:36:16,474 [INFO] Rule:224 - rule ADC Scan  fix with FW F7 is applicable
2026-06-04 10:36:16,474 [INFO] Rule:224 - rule ADC Scan  fix with FW F7 is applicable
2026-06-04 10:36:16,474 [INFO] Rule:224 - rule WakeUp0 Mode is applicable
2026-06-04 10:36:16,475 [INFO] Rule:224 - rule WakeUp0 SIGNAL is applicable
2026-06-04 10:36:16,475 [INFO] Rule:224 - rule WakeUp1 Mode is applicable
2026-06-04 10:36:16,475 [INFO] Rule:224 - rule WakeUp1 SIGNAL is applicable
2026-06-04 10:36:16,475 [INFO] Rule:224 - rule WakeUp2 Mode is applicable
2026-06-04 10:36:16,475 [INFO] Rule:224 - rule WakeUp2 SIGNAL is applicable
2026-06-04 10:36:16,475 [INFO] Rule:224 - rule WakeUp4 Mode is applicable
2026-06-04 10:36:16,476 [INFO] Rule:224 - rule WakeUp4 SIGNAL is applicable
2026-06-04 10:36:16,476 [INFO] Rule:224 - rule WakeUp5 Mode is applicable
2026-06-04 10:36:16,476 [INFO] Rule:224 - rule WakeUp5 SIGNAL is applicable
2026-06-04 10:36:16,476 [INFO] Rule:224 - rule Add RTC Activate Clock Source is applicable
2026-06-04 10:36:16,476 [INFO] Rule:224 - rule Add RTC Activate Calendar 1 is applicable
2026-06-04 10:36:16,476 [INFO] Rule:224 - rule Add RTC Activate Calendar 2 is applicable
2026-06-04 10:36:16,476 [INFO] Rule:224 - rule Add RTC Activate Calendar 3 is applicable
2026-06-04 10:36:16,477 [INFO] Rule:224 - rule UART/USART TX Mode is applicable
2026-06-04 10:36:16,477 [INFO] Rule:224 - rule UART/USART RX Mode is applicable
2026-06-04 10:36:16,477 [INFO] Rule:224 - rule UART/USART RX TX Mode is applicable
2026-06-04 10:36:16,477 [INFO] Rule:224 - rule UART/USART PARITY NONE is applicable
2026-06-04 10:36:16,477 [INFO] Rule:224 - rule UART/USART PARITY EVEN is applicable
2026-06-04 10:36:16,477 [INFO] Rule:224 - rule UART/USART PARITY ODD is applicable
2026-06-04 10:36:16,478 [INFO] Rule:224 - rule USART StopBits 1 is applicable
2026-06-04 10:36:16,478 [INFO] Rule:224 - rule USART StopBits 2 is applicable
2026-06-04 10:36:16,478 [INFO] Rule:224 - rule USART StopBits 1.5 is applicable
2026-06-04 10:36:16,478 [INFO] Rule:224 - rule USART StopBits 0.5 is applicable
2026-06-04 10:36:16,478 [INFO] Rule:224 - rule UART/USART WORD LENGTH 7 is applicable
2026-06-04 10:36:16,478 [INFO] Rule:224 - rule UART/USART WORD LENGTH 8 is applicable
2026-06-04 10:36:16,478 [INFO] Rule:224 - rule UART/USART WORD LENGTH 9 is applicable
2026-06-04 10:36:16,479 [INFO] Rule:224 - rule Rename FMC NAND NCE signal is applicable
2026-06-04 10:36:16,479 [INFO] Rule:224 - rule Rename FMC NAND INT signal is applicable
2026-06-04 10:36:16,479 [INFO] Rule:224 - rule Change Default Value for LSE Drive Capability for WB family is applicable
2026-06-04 10:36:16,479 [INFO] Rule:224 - rule Change Default Value for ADC Clock Prescaler G0 family is applicable
2026-06-04 10:36:16,480 [INFO] Rule:224 - rule Change Default Value for ADC ExternalTrigConv L4 family is applicable
2026-06-04 10:36:16,480 [INFO] Rule:224 - rule Change Default Value for ADC ExternalTrigInjecConv L4 family is applicable
2026-06-04 10:36:16,481 [INFO] Rule:224 - rule Change Default Value for ADC ExternalTrigConv F3 family is applicable
2026-06-04 10:36:16,482 [INFO] Rule:224 - rule Change Default Value for ADC ExternalTrigInjecConv F3 family is applicable
2026-06-04 10:36:16,482 [INFO] Rule:224 - rule Change Default Value for ADC ExternalTrigConv Goldfish serie is applicable
2026-06-04 10:36:16,482 [INFO] Rule:224 - rule Change Default Value for ADC ExternalTrigInjecConv Goldfish serie is applicable
2026-06-04 10:36:16,482 [INFO] Rule:224 - rule Change Default Value for ADC ExternalTrigConv L0 family is applicable
2026-06-04 10:36:16,483 [INFO] Rule:224 - rule Change Default Value for ADC ExternalTrigConv F0 family is applicable
2026-06-04 10:36:16,483 [INFO] Rule:224 - rule Change Default Value for ADC ExternalTrigConvn L1 family is applicable
2026-06-04 10:36:16,483 [INFO] Rule:224 - rule Change Default Value for ADC ExternalTrigInjecConv L1 family is applicable
2026-06-04 10:36:16,483 [INFO] Rule:224 - rule Change Default Value for ADC ExternalTrigConv F1 family is applicable
2026-06-04 10:36:16,483 [INFO] Rule:224 - rule Change Default Value for ADC ExternalTrigInjecConv F1 family is applicable
2026-06-04 10:36:16,484 [INFO] Rule:224 - rule Change Default Value for ADC ExternalTrigConv F7 family is applicable
2026-06-04 10:36:16,484 [INFO] Rule:224 - rule Change Default Value for ADC ExternalTrigInjecConv F7 family is applicable
2026-06-04 10:36:16,485 [INFO] Rule:224 - rule Change Default Value for ADC ExternalTrigConv F4 and F2 family is applicable
2026-06-04 10:36:16,485 [INFO] Rule:224 - rule Change Default Value for ADC ExternalTrigInjecConv F4 and F2 family is applicable
2026-06-04 10:36:16,486 [INFO] Rule:224 - rule ADC SamplingTime fix with FW L0  is applicable
2026-06-04 10:36:16,486 [INFO] Rule:224 - rule ADC SamplingTime fix with FW L0  is applicable
2026-06-04 10:36:16,487 [INFO] Rule:224 - rule ADC SamplingTime fix with FW L0 is applicable
2026-06-04 10:36:16,488 [INFO] Rule:224 - rule ADC SamplingTime fix with FW L0 is applicable
2026-06-04 10:36:16,488 [INFO] Rule:224 - rule ADC SamplingTime fix with FW L0  is applicable
2026-06-04 10:36:16,488 [INFO] Rule:224 - rule ADC SamplingTime fix with FW L0 is applicable
2026-06-04 10:36:16,488 [INFO] Rule:224 - rule Rename USB_OE Signal is applicable
2026-06-04 10:36:16,489 [INFO] Rule:224 - rule Rename Activate_OE Mode is applicable
2026-06-04 10:36:16,489 [INFO] Rule:224 - rule Rename DIE462/DIE415 pin PC14/OSC32_IN -> PC14-OSC32_IN (PC14) is applicable
2026-06-04 10:36:16,489 [INFO] Rule:224 - rule Rename DIE462/DIE415 pin PC15/OSC32_OUT -> PC15-OSC32_OUT (PC15) is applicable
2026-06-04 10:36:16,489 [INFO] Rule:224 - rule Rename DIE462/DIE415 pin PH0/OSC_IN -> PH0-OSC_IN (PH0) is applicable
2026-06-04 10:36:16,489 [INFO] Rule:224 - rule Rename DIE462/DIE415 pin PH1/OSC_OUT -> PH1-OSC_OUT (PH1) is applicable
2026-06-04 10:36:16,490 [INFO] Rule:224 - rule Rename DIE462 pin PA13 -> PA13 (JTMS/SWDIO) is applicable
2026-06-04 10:36:16,490 [INFO] Rule:224 - rule Rename DIE415 pin PA13 -> PA13 (JTMS/SWDIO) is applicable
2026-06-04 10:36:16,490 [INFO] Rule:224 - rule Rename DIE462 pin PA14 -> PA14 (JTCK/SWCLK) is applicable
2026-06-04 10:36:16,490 [INFO] Rule:224 - rule Rename DIE415 pin PA14 -> PA14 (JTCK/SWCLK) is applicable
2026-06-04 10:36:16,490 [INFO] Rule:224 - rule Rename DIE462/DIE415 pin PA15 -> PA15 (JTDI) is applicable
2026-06-04 10:36:16,490 [INFO] Rule:224 - rule Rename DIE462 pin PB3 -> PB3 (JTD0/TRACESWO) is applicable
2026-06-04 10:36:16,490 [INFO] Rule:224 - rule Rename DIE415 pin PB3 -> PB3 (JTD0-TRACESWO) is applicable
2026-06-04 10:36:16,491 [INFO] Rule:224 - rule Rename DIE462/DIE415 pin PB4 -> PB4 (NJTRST) is applicable
2026-06-04 10:36:16,491 [INFO] Rule:224 - rule Rename DIE462 pin PH3/BOOT0 -> PH3-BOOT0 (BOOT0) is applicable
2026-06-04 10:36:16,491 [INFO] Rule:224 - rule Rename CRYP DataEncryptionTypesList to Algorithm is applicable
2026-06-04 10:36:16,491 [INFO] Rule:224 - rule Rename AES DataEncryptionTypesList to Algorithm is applicable
2026-06-04 10:36:16,491 [INFO] Rule:224 - rule Rename TDESECB to CRYP_TDES_ECB is applicable
2026-06-04 10:36:16,491 [INFO] Rule:224 - rule Rename TDESCBC to CRYP_TDES_CBC is applicable
2026-06-04 10:36:16,491 [INFO] Rule:224 - rule Rename DESECB to CRYP_DES_ECB is applicable
2026-06-04 10:36:16,491 [INFO] Rule:224 - rule Rename DESCBC to CRYP_DES_CBC is applicable
2026-06-04 10:36:16,492 [INFO] Rule:224 - rule Rename AESECB to CRYP_AES_ECB is applicable
2026-06-04 10:36:16,492 [INFO] Rule:224 - rule Rename AESCBC to CRYP_AES_CBC is applicable
2026-06-04 10:36:16,492 [INFO] Rule:224 - rule Rename AESCTR to CRYP_AES_CTR is applicable
2026-06-04 10:36:16,492 [INFO] Rule:224 - rule Rename AESGCM to CRYP_AES_GCM is applicable
2026-06-04 10:36:16,492 [INFO] Rule:224 - rule Rename AESCCM to CRYP_AES_CCM is applicable
2026-06-04 10:36:16,492 [INFO] Rule:224 - rule Rename CAN TimeSeg1 to BS1 is applicable
2026-06-04 10:36:16,492 [INFO] Rule:224 - rule Rename CAN TimeSeg2 to BS2 is applicable
2026-06-04 10:36:16,493 [INFO] Rule:224 - rule Rename CAN SyncJumpWidth to SJW is applicable
2026-06-04 10:36:16,493 [INFO] Rule:224 - rule TimeTriggeredMode to TTCM is applicable
2026-06-04 10:36:16,493 [INFO] Rule:224 - rule Rename CAN AutoBusOff to ABOM is applicable
2026-06-04 10:36:16,493 [INFO] Rule:224 - rule Rename CAN AutoWakeUp to AWUM is applicable
2026-06-04 10:36:16,493 [INFO] Rule:224 - rule Rename CAN AutoRetransmission to NART is applicable
2026-06-04 10:36:16,493 [INFO] Rule:224 - rule Rename CAN ReceiveFifoLocked to RFLM is applicable
2026-06-04 10:36:16,493 [INFO] Rule:224 - rule Rename CAN TransmitFifoPriority to TXFP is applicable
2026-06-04 10:36:16,493 [INFO] Rule:224 - rule Rename HRTIMER HRTIM_OUTPUTFAULTLEVEL_HIGH in HRTIMER HRTIM_OUTPUTFAULTLEVEL_HIGHZ is applicable
2026-06-04 10:36:16,494 [INFO] Rule:224 - rule Rename TIMER TIM_CLEARINPUTSOURCE_OCREFCLR in  TIMER TIM_CLEARINPUTSOURCE_NONE for F7 family is applicable
2026-06-04 10:36:16,494 [INFO] Rule:224 - rule FDCAN_R1 - Rename FDCAN mode Master into Classic is applicable
2026-06-04 10:36:16,494 [INFO] Rule:224 - rule FDCAN_R2 - Rename FDCAN mode Slave into Classic is applicable
2026-06-04 10:36:16,494 [INFO] Rule:224 - rule FDCAN1_R3 - if PA10.Mode=FullDuplex, add Pin PA12 is applicable
2026-06-04 10:36:16,494 [INFO] Rule:224 - rule FDCAN1_R3 - if PA9.Mode=FullDuplex, add Pin PA11 is applicable
2026-06-04 10:36:16,494 [INFO] Rule:224 - rule FDCAN1_R3 - Alternatepin_1 - if PE1.Mode=FullDuplex, add Pin PB9 is applicable
2026-06-04 10:36:16,494 [INFO] Rule:224 - rule FDCAN1_R3 - Alternatepin_1 - if PE0.Mode=FullDuplex, add Pin PB8 is applicable
2026-06-04 10:36:16,494 [INFO] Rule:224 - rule FDCAN1_R3 - Alternatepin_2 - if PD5.Mode=FullDuplex, add Pin PD1 is applicable
2026-06-04 10:36:16,494 [INFO] Rule:224 - rule FDCAN1_R3 - Alternatepin_2 - if PD4.Mode=FullDuplex, add Pin PD0 is applicable
2026-06-04 10:36:16,495 [INFO] Rule:224 - rule FDCAN1_R4 - Rename Mode FullDuplex into Enable FDCAN_TXFD for pin PA10 is applicable
2026-06-04 10:36:16,495 [INFO] Rule:224 - rule FDCAN1_R4 - Rename Mode FullDuplex into Enable FDCAN_TXFD for pin PA9 is applicable
2026-06-04 10:36:16,495 [INFO] Rule:224 - rule FDCAN1_R4 - Alternatepin_1 - Rename Mode FullDuplex into Enable FDCAN_TXFD for pin PE1 is applicable
2026-06-04 10:36:16,495 [INFO] Rule:224 - rule FDCAN1_R4 - Alternatepin_1 - Rename Mode FullDuplex into Enable FDCAN_TXFD for pin PE0 is applicable
2026-06-04 10:36:16,495 [INFO] Rule:224 - rule FDCAN1_R4 - Alternatepin_2 - Rename Mode FullDuplex into Enable FDCAN_TXFD for pin PD5 is applicable
2026-06-04 10:36:16,495 [INFO] Rule:224 - rule FDCAN1_R4 - Alternatepin_2 - Rename Mode FullDuplex into Enable FDCAN_TXFD for pin PD4 is applicable
2026-06-04 10:36:16,495 [INFO] Rule:224 - rule FDCAN2_R3 - if PD10.Mode=FullDuplex, add Pin PB13 is applicable
2026-06-04 10:36:16,495 [INFO] Rule:224 - rule FDCAN2_R3 - if PD9.Mode=FullDuplex, add Pin PB12 is applicable
2026-06-04 10:36:16,496 [INFO] Rule:224 - rule FDCAN2_R3 - Alternatepin_1 - if PB7.Mode=FullDuplex, add Pin PB6 is applicable
2026-06-04 10:36:16,496 [INFO] Rule:224 - rule FDCAN2_R3 - Alternatepin_1 - if PD9.Mode=FullDuplex, add Pin PB12 is applicable
2026-06-04 10:36:16,499 [INFO] Rule:224 - rule FDCAN2_R4 - Rename Mode FullDuplex into Enable FDCAN_TXFD for pin PD10 is applicable
2026-06-04 10:36:16,499 [INFO] Rule:224 - rule FDCAN2_R4 - Rename Mode FullDuplex into Enable FDCAN_TXFD for pin PD9 is applicable
2026-06-04 10:36:16,499 [INFO] Rule:224 - rule FDCAN2_R4 - Alternatepin_1 - Rename Mode FullDuplex into Enable FDCAN_TXFD for pin PB7 is applicable
2026-06-04 10:36:16,499 [INFO] Rule:224 - rule FDCAN2_R4 - Alternatepin_1 - Rename Mode FullDuplex into Enable FDCAN_TXFD for pin PD6 is applicable
2026-06-04 10:36:16,500 [INFO] Rule:224 - rule USART TxPinLevelInvertParam Mode is applicable
2026-06-04 10:36:16,500 [INFO] Rule:224 - rule USART RxPinLevelInvertParam Mode is applicable
2026-06-04 10:36:16,500 [INFO] Rule:224 - rule USART DataInvertParam Mode is applicable
2026-06-04 10:36:16,500 [INFO] Rule:224 - rule USART SwapParam Mode is applicable
2026-06-04 10:36:16,500 [INFO] Rule:224 - rule USART OverrunDisableParam Mode is applicable
2026-06-04 10:36:16,500 [INFO] Rule:224 - rule USART DMADisableonRxErrorParam Mode is applicable
2026-06-04 10:36:16,500 [INFO] Rule:224 - rule USART MSBFirstParam Mode is applicable
2026-06-04 10:36:16,501 [INFO] Rule:224 - rule Update MwName for USB_DEVICE is applicable
2026-06-04 10:36:16,501 [INFO] Rule:224 - rule Change PWR_Regulator_Voltage_Scale Default Value for RCC  H7 family is applicable
2026-06-04 10:36:16,501 [INFO] Rule:224 - rule UART/USART IPParameter rename Prescaler parameter to ClockPrescaler is applicable
2026-06-04 10:36:16,501 [INFO] Rule:224 - rule UART/USART Prescaler rename Prescaler parameter to ClockPrescaler is applicable
2026-06-04 10:36:16,501 [INFO] Rule:224 - rule TIM1CLockSelection is applicable
2026-06-04 10:36:16,501 [INFO] Rule:224 - rule TIM15CLockSelection is applicable
2026-06-04 10:36:16,503 [INFO] Rule:224 - rule align RCC SDMMC3CLockSelection default value on MP1 is applicable
2026-06-04 10:36:16,503 [INFO] Rule:224 - rule align RCC SDMMC12CLockSelection default value on MP1 is applicable
2026-06-04 10:36:16,504 [INFO] Rule:224 - rule align RCC QSPICLockSelection default value on MP1 is applicable
2026-06-04 10:36:16,505 [INFO] Rule:224 - rule align RCC QSPICLockSelection default value on MP1 is applicable
2026-06-04 10:36:16,505 [INFO] Rule:224 - rule align RCC SPI6CLockSelection default value on MP1 is applicable
2026-06-04 10:36:16,506 [INFO] Rule:224 - rule align RCC LPTIM23CLockSelection default value on MP1 is applicable
2026-06-04 10:36:16,506 [INFO] Rule:224 - rule align RCC LPTIM1CLockSelection default value on MP1 is applicable
2026-06-04 10:36:16,507 [INFO] Rule:224 - rule align RCC USART1CLockSelection default value on MP1 is applicable
2026-06-04 10:36:16,507 [INFO] Rule:224 - rule align RCC USART24CLockSelection default value on MP1 is applicable
2026-06-04 10:36:16,507 [INFO] Rule:224 - rule align RCC USART6CLockSelection default value on MP1 is applicable
2026-06-04 10:36:16,507 [INFO] Rule:224 - rule align RCC UART78CLockSelection default value on MP1 is applicable
2026-06-04 10:36:16,507 [INFO] Rule:224 - rule align RCC USART35CLockSelection default value on MP1 is applicable
2026-06-04 10:36:16,507 [INFO] Rule:224 - rule align RCC SPI45CLockSelection default value on MP1 is applicable
2026-06-04 10:36:16,508 [INFO] Rule:224 - rule align RCC I2C46CLockSelection BCLK value on MP1 is applicable
2026-06-04 10:36:16,508 [INFO] Rule:224 - rule align RCC SPI45CLockSelection default value on MP1 is applicable
2026-06-04 10:36:16,508 [INFO] Rule:224 - rule align RCC I2C12CLockSelection default value on MP1 is applicable
2026-06-04 10:36:16,508 [INFO] Rule:224 - rule align RCC I2C35CLockSelection default value on MP1 is applicable
2026-06-04 10:36:16,508 [INFO] Rule:224 - rule align RCC LPTIM45CLockSelection default value on MP1 is applicable
2026-06-04 10:36:16,508 [INFO] Rule:224 - rule Rename DCMI PIXCK signal is applicable
2026-06-04 10:36:16,509 [INFO] Rule:224 - rule Change Default Value for I2C46CLockSelection MP1 family is applicable
2026-06-04 10:36:16,509 [INFO] Rule:224 - rule Change Default Value for UART for G4, G0 and WB families is applicable
2026-06-04 10:36:16,509 [INFO] Rule:224 - rule Change Default Value for USART for G4, G0 and WB families is applicable
2026-06-04 10:36:16,509 [INFO] Rule:224 - rule Change Default Value for USART for G4 family is applicable
2026-06-04 10:36:16,509 [INFO] Rule:224 - rule Change USART1CLockSelection refparam name for MP1 is applicable
2026-06-04 10:36:16,509 [INFO] Rule:224 - rule Change USART2CLockSelection refparam name for MP1 is applicable
2026-06-04 10:36:16,509 [INFO] Rule:224 - rule Change USART3CLockSelection refparam name for MP1 is applicable
2026-06-04 10:36:16,509 [INFO] Rule:224 - rule Change UART4CLockSelection refparam name for MP1 is applicable
2026-06-04 10:36:16,510 [INFO] Rule:224 - rule Change UART5CLockSelection refparam name for MP1 is applicable
2026-06-04 10:36:16,510 [INFO] Rule:224 - rule Change LPUART1CLockSelection refparam name for MP1 is applicable
2026-06-04 10:36:16,510 [INFO] Rule:224 - rule Change LPTIM1CLockSelection refparam name for MP1 is applicable
2026-06-04 10:36:16,510 [INFO] Rule:224 - rule Change LPTIM2CLockSelection refparam name for MP1 is applicable
2026-06-04 10:36:16,510 [INFO] Rule:224 - rule Change RCC_MCO1Source refparam name for MP1 is applicable
2026-06-04 10:36:16,510 [INFO] Rule:224 - rule Change LSCOSource1 refparam name for MP1 is applicable
2026-06-04 10:36:16,511 [INFO] Rule:224 - rule Change SMPSCLockSelection refparam name for MP1 is applicable
2026-06-04 10:36:16,511 [INFO] Rule:224 - rule Change LPTIM3CLockSelection refparam name for MP1 is applicable
2026-06-04 10:36:16,511 [INFO] Rule:224 - rule Change MPCBB* Default Template Mode to Parameters is applicable
2026-06-04 10:36:16,511 [INFO] Rule:224 - rule Change MPCWM* or MPCBB* Secure Mode to Parameters is applicable
2026-06-04 10:36:16,511 [INFO] Rule:224 - rule Change MPCWM* or MPCBB* No Secure Mode to Parameters is applicable
2026-06-04 10:36:16,511 [INFO] Rule:224 - rule Change TZSC IP Secure Mode to Parameters is applicable
2026-06-04 10:36:16,511 [INFO] Rule:224 - rule Change TZSC IP No Secure Mode to Parameters is applicable
2026-06-04 10:36:16,512 [INFO] Rule:224 - rule Change TZSC IP Privilege Mode to Parameters is applicable
2026-06-04 10:36:16,512 [INFO] Rule:224 - rule Change TZSC IP No Privilege Mode to Parameters is applicable
2026-06-04 10:36:16,512 [INFO] Rule:224 - rule Change TZIC IT Secure Mode to Parameters is applicable
2026-06-04 10:36:16,512 [INFO] Rule:224 - rule Change TZIC IT No Secure Mode to Parameters is applicable
2026-06-04 10:36:16,512 [INFO] Rule:224 - rule Add MPCBB1_NonSecureArea_Start_Address value with referenced to MPCBB1_NonSecureArea_Start value is applicable
2026-06-04 10:36:16,512 [INFO] Rule:224 - rule Add MPCBB2_NonSecureArea_Start_Address value with referenced to MPCBB2_NonSecureArea_Start value is applicable
2026-06-04 10:36:16,513 [INFO] Rule:224 - rule Add MPCWM1_NonSecureArea*_Start_Address value with referenced to MPCWM1_NonSecureArea*_Start value is applicable
2026-06-04 10:36:16,513 [INFO] Rule:224 - rule Add MPCWM2_NonSecureArea*_Start_Address value with referenced to MPCWM2_NonSecureArea*_Start value is applicable
2026-06-04 10:36:16,515 [INFO] Rule:224 - rule Add MPCWM3_NonSecureArea_Start_Address value with referenced to MPCWM3_NonSecureArea_Start value is applicable
2026-06-04 10:36:16,515 [INFO] Rule:224 - rule Change Default Value for PLL1UserDefinedConfig is applicable
2026-06-04 10:36:16,515 [INFO] Rule:224 - rule Change GPIO_PuPd Default Value for USART in async mode is applicable
2026-06-04 10:36:16,516 [INFO] Rule:224 - rule Change SMPSDivider Default Value is applicable
2026-06-04 10:36:16,516 [INFO] Rule:224 - rule OPAMP is applicable
2026-06-04 10:36:16,516 [INFO] Rule:224 - rule LPUART IPParameter rename Prescaler parameter to ClockPrescaler for STM32H7 is applicable
2026-06-04 10:36:16,516 [INFO] Rule:224 - rule LPUART IPParameter rename Prescaler parameter to ClockPrescaler for STM32H7 is applicable
2026-06-04 10:36:16,516 [INFO] Rule:224 - rule LPUART IPParameter rename Prescaler parameter to ClockPrescaler for STM32WB is applicable
2026-06-04 10:36:16,516 [INFO] Rule:224 - rule LPUART IPParameter rename Prescaler parameter to ClockPrescaler for STM32WB is applicable
2026-06-04 10:36:16,517 [INFO] Rule:224 - rule LPUART IPParameter rename Prescaler parameter to ClockPrescaler for STM32G4 is applicable
2026-06-04 10:36:16,517 [INFO] Rule:224 - rule LPUART IPParameter rename Prescaler parameter to ClockPrescaler for STM32G4 is applicable
2026-06-04 10:36:16,517 [INFO] Rule:224 - rule LPUART IPParameter rename Prescaler parameter to ClockPrescaler for STM32L5 is applicable
2026-06-04 10:36:16,517 [INFO] Rule:224 - rule LPUART IPParameter rename Prescaler parameter to ClockPrescaler for STM32L5 is applicable
2026-06-04 10:36:16,517 [INFO] Rule:224 - rule LPUART IPParameter rename Prescaler parameter to ClockPrescaler for STM32G4 is applicable
2026-06-04 10:36:16,517 [INFO] Rule:224 - rule LPUART IPParameter rename Prescaler parameter to ClockPrescaler for STM32G4 is applicable
2026-06-04 10:36:16,517 [INFO] Rule:224 - rule USB device lib V2.5.3 for L0 rename USBD_SUPPORT_USER_STRING parameter to USBD_SUPPORT_USER_STRING_DESC4 is applicable
2026-06-04 10:36:16,518 [INFO] Rule:224 - rule I2SCLockSelection clock entry align is applicable
2026-06-04 10:36:16,518 [INFO] Rule:224 - rule Assign TIMx context if used as SYS timebase is applicable
2026-06-04 10:36:16,518 [INFO] Rule:224 - rule Change GPIO_Pu Default Value for I2C is applicable
2026-06-04 10:36:16,518 [INFO] Rule:224 - rule Change GPIO_Pu Default Value for SMBus is applicable
2026-06-04 10:36:16,518 [INFO] Rule:224 - rule change FDCAN default value is applicable
2026-06-04 10:36:16,518 [INFO] Rule:224 - rule Change mode sai is applicable
2026-06-04 10:36:16,518 [INFO] Rule:224 - rule **Change sai mode is applicable
2026-06-04 10:36:16,519 [INFO] Rule:224 - rule Rename STM32WPAN CFG_BLE_IRK to CFG_BLE_IR is applicable
2026-06-04 10:36:16,519 [INFO] Rule:224 - rule Rename STM32WPAN CFG_BLE_ERK to CFG_BLE_ER is applicable
2026-06-04 10:36:16,519 [INFO] Rule:224 - rule Rename STM32WPAN CFG_BLE_IRK_HEX to CFG_BLE_IR_HEX is applicable
2026-06-04 10:36:16,519 [INFO] Rule:224 - rule Rename STM32WPAN CFG_BLE_ERK_HEX to CFG_BLE_ER_HEX is applicable
2026-06-04 10:36:16,519 [INFO] Rule:224 - rule Adapt Old IOC before rework replace old CORTEX_M33/CORTEX_M55 attributes by the new one. is applicable
2026-06-04 10:36:16,519 [INFO] Rule:224 - rule Rename parametre of RCC RCC_APBDBG_DIV2 to RCC_TIMPRES_DIV2 is applicable
2026-06-04 10:36:16,520 [INFO] Rule:224 - rule Rename DIE493 pin PA10 [PA12] -> PA10 is applicable
2026-06-04 10:36:16,520 [INFO] Rule:224 - rule Rename DIE493 pin PA9 [PA11] -> PA9 is applicable
2026-06-04 10:36:16,722 [INFO] DbConfProperties:307 - Apply Compatibility (50/266 Rules)
2026-06-04 10:36:16,839 [INFO] ImportTextPane:218 - (OptionalMessage_ERROR) Unable to find key (Mcu.ThirdPartyNb) in loaded IOC file
2026-06-04 10:36:16,858 [INFO] ImportTextPane:218 - (OptionalMessage_ERROR) Pin35 (VP_RIF_VS_RIF1) cannot be retrieved for this MCU
2026-06-04 10:36:17,261 [INFO] RtosManager:558 - Registered RTOS mode: class=CMSIS, group=RTOS, mode=CMSIS_V1, owner=FREERTOS
2026-06-04 10:36:17,262 [INFO] RtosManager:558 - Registered RTOS mode: class=CMSIS, group=RTOS2, mode=CMSIS_V2, owner=FREERTOS
2026-06-04 10:36:17,263 [INFO] RtosManager:558 - Registered RTOS mode: class=RTOS, group=Core, mode=CMSIS_V1, owner=FREERTOS
2026-06-04 10:36:17,264 [INFO] RtosManager:558 - Registered RTOS mode: class=RTOS, group=Core, mode=CMSIS_V2, owner=FREERTOS
2026-06-04 10:36:17,265 [WARN] ModelIntegratedComponent:184 - Missing modes for component STMicroelectronics:FreeRTOS:0.0.1:STMicroelectronics:RTOS:FreeRTOS:Core:::10.2.0:
2026-06-04 10:36:17,332 [WARN] ModelIntegratedComponent:63 - No mode defined for component null
2026-06-04 10:36:17,333 [WARN] ModelIntegratedComponent:63 - No mode defined for component null
2026-06-04 10:36:17,334 [WARN] ModelIntegratedComponent:63 - No mode defined for component null
2026-06-04 10:36:17,334 [WARN] ModelIntegratedComponent:63 - No mode defined for component null
2026-06-04 10:36:17,335 [WARN] ModelIntegratedComponent:63 - No mode defined for component null
2026-06-04 10:36:17,335 [WARN] ModelIntegratedComponent:63 - No mode defined for component null
2026-06-04 10:36:17,335 [WARN] ModelIntegratedComponent:63 - No mode defined for component null
2026-06-04 10:36:17,335 [WARN] ModelIntegratedComponent:63 - No mode defined for component null
2026-06-04 10:36:17,335 [WARN] ModelIntegratedComponent:63 - No mode defined for component null
2026-06-04 10:36:17,335 [WARN] ModelIntegratedComponent:63 - No mode defined for component null
2026-06-04 10:36:17,336 [WARN] ModelIntegratedComponent:63 - No mode defined for component null
2026-06-04 10:36:17,336 [WARN] ModelIntegratedComponent:63 - No mode defined for component null
2026-06-04 10:36:17,336 [WARN] ModelIntegratedComponent:63 - No mode defined for component null
2026-06-04 10:36:17,336 [WARN] ModelIntegratedComponent:63 - No mode defined for component null
2026-06-04 10:36:17,336 [WARN] ModelIntegratedComponent:63 - No mode defined for component null
2026-06-04 10:36:17,336 [WARN] ModelIntegratedComponent:63 - No mode defined for component null
2026-06-04 10:36:17,336 [WARN] ModelIntegratedComponent:63 - No mode defined for component null
2026-06-04 10:36:17,336 [WARN] ModelIntegratedComponent:63 - No mode defined for component null
2026-06-04 10:36:17,336 [WARN] ModelIntegratedComponent:63 - No mode defined for component null
2026-06-04 10:36:17,336 [WARN] ModelIntegratedComponent:63 - No mode defined for component null
2026-06-04 10:36:17,336 [WARN] ModelIntegratedComponent:63 - No mode defined for component null
2026-06-04 10:36:17,337 [WARN] ModelIntegratedComponent:63 - No mode defined for component null
2026-06-04 10:36:17,337 [WARN] ModelIntegratedComponent:63 - No mode defined for component null
2026-06-04 10:36:17,337 [WARN] ModelIntegratedComponent:63 - No mode defined for component null
2026-06-04 10:36:17,337 [WARN] ModelIntegratedComponent:63 - No mode defined for component null
2026-06-04 10:36:17,337 [WARN] ModelIntegratedComponent:63 - No mode defined for component null
2026-06-04 10:36:17,337 [WARN] ModelIntegratedComponent:63 - No mode defined for component null
2026-06-04 10:36:17,337 [WARN] ModelIntegratedComponent:63 - No mode defined for component null
2026-06-04 10:36:17,337 [WARN] ModelIntegratedComponent:63 - No mode defined for component null
2026-06-04 10:36:17,337 [WARN] ModelIntegratedComponent:63 - No mode defined for component null
2026-06-04 10:36:17,337 [WARN] ModelIntegratedComponent:63 - No mode defined for component null
2026-06-04 10:36:17,337 [WARN] ModelIntegratedComponent:63 - No mode defined for component null
2026-06-04 10:36:17,337 [WARN] ModelIntegratedComponent:63 - No mode defined for component null
2026-06-04 10:36:17,338 [WARN] ModelIntegratedComponent:63 - No mode defined for component null
2026-06-04 10:36:17,338 [WARN] ModelIntegratedComponent:63 - No mode defined for component null
2026-06-04 10:36:17,338 [WARN] ModelPack:524 - Component already loaded: STMicroelectronics:HAL Drivers:0.0.0:STMicroelectronics:Device:STMicro_Driver:XSPI:HAL::0.0.1:HAL_XSPI
2026-06-04 10:36:17,574 [INFO] ThirdPartyModel:298 - Start build external matchings
2026-06-04 10:36:18,801 [INFO] ThirdPartyModel:316 - End build external matchings
2026-06-04 10:36:18,853 [INFO] ImportTextPane:218 - (OptionalMessage_ERROR) IP (RCC) : Parameter (RTCHSEDivFreq_Value) has invalid value (4000000)
2026-06-04 10:36:20,001 [INFO] UtilMem:75 - End LoadConfig() Used Memory: 662701336 Bytes (1073741824)
2026-06-04 10:36:20,554 [WARN] ThirdParty:833 - waiting for thirdparty lock release [change project]
2026-06-04 10:36:20,555 [INFO] ThirdParty:835 - entering critical section [change project]
2026-06-04 10:36:20,555 [INFO] ThirdParty:1030 - CMSIS Pack Vendor :STMicroelectronics X-CUBE-AZRTOS-H7 3.5.0
2026-06-04 10:36:20,556 [INFO] ThirdParty:1030 - CMSIS Pack Vendor :STMicroelectronics X-CUBE-PM33A1 1.0.0
2026-06-04 10:36:20,556 [INFO] ThirdParty:1030 - CMSIS Pack Vendor :STMicroelectronics USBPD 4.1
2026-06-04 10:36:20,556 [INFO] ThirdParty:1030 - CMSIS Pack Vendor :STMicroelectronics X-CUBE-NFC9 1.0.0
2026-06-04 10:36:20,556 [INFO] ThirdParty:1030 - CMSIS Pack Vendor :STMicroelectronics USB_HOST 2.0.0
2026-06-04 10:36:20,556 [INFO] ThirdParty:1030 - CMSIS Pack Vendor :STMicroelectronics X-CUBE-AZRTOS-F4 1.1.0
2026-06-04 10:36:20,556 [INFO] ThirdParty:1030 - CMSIS Pack Vendor :STMicroelectronics LIBJPEG 8.0.0
2026-06-04 10:36:20,556 [INFO] ThirdParty:1030 - CMSIS Pack Vendor :STMicroelectronics FP-ATR-ASTRA1 2.0.2
2026-06-04 10:36:20,556 [INFO] ThirdParty:1030 - CMSIS Pack Vendor :STMicroelectronics X-CUBE-BLE1 7.1.0
2026-06-04 10:36:20,556 [INFO] ThirdParty:1030 - CMSIS Pack Vendor :STMicroelectronics X-CUBE-SMBUS 2.1.0
2026-06-04 10:36:20,556 [INFO] ThirdParty:1030 - CMSIS Pack Vendor :wolfSSL I-CUBE-wolfMQTT 1.19.2
2026-06-04 10:36:20,556 [INFO] ThirdParty:1030 - CMSIS Pack Vendor :STMicroelectronics USB_DEVICE 3.0.0
2026-06-04 10:36:20,556 [INFO] ThirdParty:1030 - CMSIS Pack Vendor :STMicroelectronics X-CUBE-ISPU 2.1.0
2026-06-04 10:36:20,557 [INFO] ThirdParty:1030 - CMSIS Pack Vendor :STMicroelectronics X-CUBE-EEPRMA1 5.2.0
2026-06-04 10:36:20,557 [INFO] ThirdParty:1030 - CMSIS Pack Vendor :STMicroelectronics X-CUBE-BLEMGR 4.1.0
2026-06-04 10:36:20,557 [INFO] ThirdParty:1030 - CMSIS Pack Vendor :STMicroelectronics eDS-WB_DPC_TT-BIDIR 2.1.1
2026-06-04 10:36:20,557 [INFO] ThirdParty:1030 - CMSIS Pack Vendor :STMicroelectronics X-CUBE-AZRTOS-WB 2.0.0
2026-06-04 10:36:20,557 [INFO] ThirdParty:1030 - CMSIS Pack Vendor :wolfSSL I-CUBE-wolfSSL 5.8.4
2026-06-04 10:36:20,557 [INFO] ThirdParty:1030 - CMSIS Pack Vendor :STMicroelectronics X-CUBE-NFC12 1.0.0
2026-06-04 10:36:20,557 [INFO] ThirdParty:1030 - CMSIS Pack Vendor :STMicroelectronics X-CUBE-AZRTOS-F7 1.1.0
2026-06-04 10:36:20,557 [INFO] ThirdParty:1030 - CMSIS Pack Vendor :STMicroelectronics X-CUBE-AZRTOS-L5 2.0.0
2026-06-04 10:36:20,558 [INFO] ThirdParty:1030 - CMSIS Pack Vendor :STMicroelectronics USB_DEVICE 2.0.0
2026-06-04 10:36:20,558 [INFO] ThirdParty:1030 - CMSIS Pack Vendor :quantropi X-CUBE-qispace-sdk-base 2.1.0
2026-06-04 10:36:20,558 [INFO] ThirdParty:1030 - CMSIS Pack Vendor :STMicroelectronics X-CUBE-MEMS1 12.0.0
2026-06-04 10:36:20,558 [INFO] ThirdParty:1030 - CMSIS Pack Vendor :STMicroelectronics X-CUBE-STSE01 2.0.0
2026-06-04 10:36:20,558 [INFO] ThirdParty:1030 - CMSIS Pack Vendor :STMicroelectronics X-CUBE-ALGOBUILD 1.5.0
2026-06-04 10:36:20,558 [INFO] ThirdParty:1030 - CMSIS Pack Vendor :STMicroelectronics FreeRTOS 0.0.1
2026-06-04 10:36:20,558 [INFO] ThirdParty:1030 - CMSIS Pack Vendor :STMicroelectronics X-CUBE-AZRTOS-G0 1.1.0
2026-06-04 10:36:20,558 [INFO] ThirdParty:1030 - CMSIS Pack Vendor :STMicroelectronics X-CUBE-NFC4 3.0.0
2026-06-04 10:36:20,558 [INFO] ThirdParty:1030 - CMSIS Pack Vendor :STMicroelectronics X-CUBE-SUBG2 5.0.0
2026-06-04 10:36:20,558 [INFO] ThirdParty:1030 - CMSIS Pack Vendor :STMicroelectronics STM32_WPAN 1.0.0
2026-06-04 10:36:20,558 [INFO] ThirdParty:1030 - CMSIS Pack Vendor :STMicroelectronics eDS-WB_DPC_VIENNA 1.2.0
2026-06-04 10:36:20,558 [INFO] ThirdParty:1030 - CMSIS Pack Vendor :EmbeddedOffice I-CUBE-FS-RTOS 1.0.1
2026-06-04 10:36:20,560 [INFO] ThirdParty:1030 - CMSIS Pack Vendor :STMicroelectronics lwIP 2.0.3
2026-06-04 10:36:20,561 [INFO] ThirdParty:1030 - CMSIS Pack Vendor :STMicroelectronics eDS-WB_DPC_3PH2L-BIDIR 1.1.1
2026-06-04 10:36:20,561 [INFO] ThirdParty:1030 - CMSIS Pack Vendor :STMicroelectronics USB_HOST 1.0.0
2026-06-04 10:36:20,562 [INFO] ThirdParty:1030 - CMSIS Pack Vendor :STMicroelectronics X-CUBE-AZRTOS-G4 2.0.0
2026-06-04 10:36:20,563 [INFO] ThirdParty:1030 - CMSIS Pack Vendor :STMicroelectronics PDM2PCM 3.1.0
2026-06-04 10:36:20,563 [INFO] ThirdParty:1030 - CMSIS Pack Vendor :STMicroelectronics PDM2PCM 3.3.0
2026-06-04 10:36:20,564 [INFO] ThirdParty:1030 - CMSIS Pack Vendor :wolfSSL I-CUBE-wolfTPM 3.8.0
2026-06-04 10:36:20,564 [INFO] ThirdParty:1030 - CMSIS Pack Vendor :STMicroelectronics X-CUBE-DISPLAY 3.0.0
2026-06-04 10:36:20,564 [INFO] ThirdParty:1030 - CMSIS Pack Vendor :wolfSSL I-CUBE-wolfSSH 1.4.20
2026-06-04 10:36:20,564 [INFO] ThirdParty:1030 - CMSIS Pack Vendor :STMicroelectronics X-CUBE-NFC7 2.0.0
2026-06-04 10:36:20,564 [INFO] ThirdParty:1030 - CMSIS Pack Vendor :STMicroelectronics X-CUBE-GNSS1 7.1.1
2026-06-04 10:36:20,564 [INFO] ThirdParty:1030 - CMSIS Pack Vendor :STMicroelectronics X-CUBE-TCPP 4.2.0
2026-06-04 10:36:20,565 [INFO] ThirdParty:1030 - CMSIS Pack Vendor :RealThread X-CUBE-RT-Thread_Nano 4.1.1
2026-06-04 10:36:20,565 [INFO] ThirdParty:1030 - CMSIS Pack Vendor :STMicroelectronics FP-ATR-SIGFOX1 3.2.0
2026-06-04 10:36:20,565 [INFO] ThirdParty:1030 - CMSIS Pack Vendor :STMicroelectronics X-CUBE-NFC10 1.0.0
2026-06-04 10:36:20,565 [INFO] ThirdParty:1030 - CMSIS Pack Vendor :STMicroelectronics HAL Drivers 0.0.0
2026-06-04 10:36:20,565 [INFO] ThirdParty:1030 - CMSIS Pack Vendor :STMicroelectronics MBEDTLS 2.16.2
2026-06-04 10:36:20,565 [INFO] ThirdParty:1030 - CMSIS Pack Vendor :STMicroelectronics X-CUBE-ST60 1.1.0
2026-06-04 10:36:20,566 [INFO] ThirdParty:1030 - CMSIS Pack Vendor :STMicroelectronics X-CUBE-ALS 1.0.2
2026-06-04 10:36:20,566 [INFO] ThirdParty:1030 - CMSIS Pack Vendor :emotas I-CUBE-CANOPEN 1.3.0
2026-06-04 10:36:20,566 [INFO] ThirdParty:1030 - CMSIS Pack Vendor :STMicroelectronics MBEDTLS 2.14.1
2026-06-04 10:36:20,566 [INFO] ThirdParty:1030 - CMSIS Pack Vendor :STMicroelectronics X-CUBE-GNSS1 7.1.0
2026-06-04 10:36:20,566 [INFO] ThirdParty:1030 - CMSIS Pack Vendor :ITTIA_DB I-CUBE-ITTIADB 8.9.0
2026-06-04 10:36:20,566 [INFO] ThirdParty:1030 - CMSIS Pack Vendor :Cesanta I-CUBE-Mongoose 7.21.0
2026-06-04 10:36:20,567 [INFO] ThirdParty:1030 - CMSIS Pack Vendor :STMicroelectronics X-CUBE-TOUCHGFX 4.26.1
2026-06-04 10:36:20,567 [INFO] ThirdParty:1030 - CMSIS Pack Vendor :STMicroelectronics X-CUBE-NFC6 3.2.0
2026-06-04 10:36:20,567 [INFO] ThirdParty:1030 - CMSIS Pack Vendor :STMicroelectronics X-CUBE-AI 10.2.0
2026-06-04 10:36:20,567 [INFO] ThirdParty:1030 - CMSIS Pack Vendor :STMicroelectronics FP-SNS-STAIOTCFT 1.0.0
2026-06-04 10:36:20,567 [INFO] ThirdParty:1030 - CMSIS Pack Vendor :STMicroelectronics ThreadX 1.0.0
2026-06-04 10:36:20,567 [INFO] ThirdParty:1030 - CMSIS Pack Vendor :STMicroelectronics FP-SNS-SMARTAG2 1.2.0
2026-06-04 10:36:20,567 [INFO] ThirdParty:1030 - CMSIS Pack Vendor :STMicroelectronics X-CUBE-MEMS1 12.1.0
2026-06-04 10:36:20,568 [INFO] ThirdParty:1030 - CMSIS Pack Vendor :STMicroelectronics FP-SNS-FLIGHT1 5.1.0
2026-06-04 10:36:20,568 [INFO] ThirdParty:1030 - CMSIS Pack Vendor :STMicroelectronics X-CUBE-AZRTOS-WL 2.0.0
2026-06-04 10:36:20,568 [INFO] ThirdParty:1030 - CMSIS Pack Vendor :SEGGER I-CUBE-embOS 1.3.1
2026-06-04 10:36:20,568 [INFO] ThirdParty:1030 - CMSIS Pack Vendor :STMicroelectronics X-CUBE-ALGOBUILD 1.4.0
2026-06-04 10:36:20,568 [INFO] ThirdParty:1030 - CMSIS Pack Vendor :STMicroelectronics X-CUBE-DPower 1.3.0
2026-06-04 10:36:20,568 [INFO] ThirdParty:1030 - CMSIS Pack Vendor :STMicroelectronics USB_DEVICE 1.0.0
2026-06-04 10:36:20,568 [INFO] ThirdParty:1030 - CMSIS Pack Vendor :STMicroelectronics X-CUBE-AZRTOS-H7RS 1.2.0
2026-06-04 10:36:20,569 [INFO] ThirdParty:1030 - CMSIS Pack Vendor :STMicroelectronics X-CUBE-AZRTOS-L4 2.0.0
2026-06-04 10:36:20,569 [INFO] ThirdParty:1030 - CMSIS Pack Vendor :STMicroelectronics ThreadX 0.0.2
2026-06-04 10:36:20,569 [INFO] ThirdParty:1030 - CMSIS Pack Vendor :STMicroelectronics lwIP 2.1.2
2026-06-04 10:36:20,569 [INFO] ThirdParty:1030 - CMSIS Pack Vendor :STMicroelectronics X-CUBE-SFXS2LP1 4.0.0
2026-06-04 10:36:20,569 [INFO] ThirdParty:1030 - CMSIS Pack Vendor :STMicroelectronics X-CUBE-BLE2 3.3.0
2026-06-04 10:36:20,569 [INFO] ThirdParty:1030 - CMSIS Pack Vendor :Avnet-IOTCONNECT X-CUBE-iotc-st67-sdk 1.0.0
2026-06-04 10:36:20,570 [INFO] ThirdParty:1030 - CMSIS Pack Vendor :STMicroelectronics X-CUBE-TOF1 3.4.3
2026-06-04 10:36:20,570 [INFO] ThirdParty:1030 - CMSIS Pack Vendor :Infineon AIROC-Wi-Fi-Bluetooth-STM32 1.8.0
2026-06-04 10:36:20,570 [INFO] ThirdParty:1030 - CMSIS Pack Vendor :STMicroelectronics PDM2PCM 3.2.0
2026-06-04 10:36:20,570 [INFO] ThirdParty:1030 - CMSIS Pack Vendor :STMicroelectronics X-CUBE-WB05N 2.1.0
2026-06-04 10:36:20,571 [INFO] ThirdParty:841 - exiting critical section [change project]
2026-06-04 10:36:22,144 [INFO] PinOutPanel:1589 - setPackage(No Configuration,No Configuration)
2026-06-04 10:36:22,149 [INFO] PinOutPanel:1589 - setPackage(STM32F407VGTx,LQFP100)
2026-06-04 10:36:23,756 [INFO] UtilMem:75 - Before build in PCC Used Memory: 890796376 Bytes (1073741824)
2026-06-04 10:36:26,460 [INFO] UtilMem:75 - After build in PCC Used Memory: 969163672 Bytes (1073741824)
2026-06-04 10:36:27,103 [INFO] ApiDbMcu:508 - Load IP Config File for USB_HOST
2026-06-04 10:36:27,113 [WARN] BspModel:444 - BSP dependency skipped because of component: name='IOExpander', api='Unknown'
2026-06-04 10:36:27,199 [INFO] IPUIPlugin:80 - create IPUIPlugin
2026-06-04 10:36:27,200 [INFO] IPUIPlugin:80 - create IPUIPlugin
2026-06-04 10:36:27,200 [INFO] IPUIPlugin:80 - create IPUIPlugin
2026-06-04 10:36:27,200 [INFO] IPUIPlugin:80 - create IPUIPlugin
2026-06-04 10:36:27,201 [INFO] IPUIPlugin:80 - create IPUIPlugin
2026-06-04 10:36:27,202 [INFO] IPUIPlugin:80 - create IPUIPlugin
2026-06-04 10:36:27,203 [INFO] IPUIPlugin:80 - create IPUIPlugin
2026-06-04 10:36:27,203 [INFO] IPUIPlugin:80 - create IPUIPlugin
2026-06-04 10:36:27,206 [INFO] IPUIPlugin:80 - create IPUIPlugin
2026-06-04 10:36:27,207 [INFO] IPUIPlugin:80 - create IPUIPlugin
2026-06-04 10:36:27,208 [INFO] IPUIPlugin:80 - create IPUIPlugin
2026-06-04 10:36:27,208 [INFO] IPUIPlugin:80 - create IPUIPlugin
2026-06-04 10:36:27,209 [INFO] IPUIPlugin:80 - create IPUIPlugin
2026-06-04 10:36:27,210 [INFO] IPUIPlugin:80 - create IPUIPlugin
2026-06-04 10:36:27,211 [INFO] IPUIPlugin:80 - create IPUIPlugin
2026-06-04 10:36:27,211 [INFO] IPUIPlugin:80 - create IPUIPlugin
2026-06-04 10:36:27,212 [INFO] IPUIPlugin:80 - create IPUIPlugin
2026-06-04 10:36:27,212 [INFO] IPUIPlugin:80 - create IPUIPlugin
2026-06-04 10:36:27,212 [INFO] IPUIPlugin:80 - create IPUIPlugin
2026-06-04 10:36:27,213 [INFO] IPUIPlugin:80 - create IPUIPlugin
2026-06-04 10:36:27,214 [INFO] IPUIPlugin:80 - create IPUIPlugin
2026-06-04 10:36:27,214 [INFO] IPUIPlugin:80 - create IPUIPlugin
2026-06-04 10:36:27,215 [INFO] IPUIPlugin:80 - create IPUIPlugin
2026-06-04 10:36:27,215 [INFO] IPUIPlugin:80 - create IPUIPlugin
2026-06-04 10:36:27,216 [INFO] IPUIPlugin:80 - create IPUIPlugin
2026-06-04 10:36:27,217 [INFO] IPUIPlugin:80 - create IPUIPlugin
2026-06-04 10:36:27,217 [INFO] IPUIPlugin:80 - create IPUIPlugin
2026-06-04 10:36:27,217 [INFO] IPUIPlugin:80 - create IPUIPlugin
2026-06-04 10:36:27,218 [INFO] IPUIPlugin:80 - create IPUIPlugin
2026-06-04 10:36:27,218 [INFO] IPUIPlugin:80 - create IPUIPlugin
2026-06-04 10:36:27,219 [INFO] IPUIPlugin:80 - create IPUIPlugin
2026-06-04 10:36:27,219 [INFO] IPUIPlugin:80 - create IPUIPlugin
2026-06-04 10:36:27,219 [INFO] IPUIPlugin:80 - create IPUIPlugin
2026-06-04 10:36:27,220 [INFO] IPUIPlugin:80 - create IPUIPlugin
2026-06-04 10:36:27,222 [INFO] IPUIPlugin:80 - create IPUIPlugin
2026-06-04 10:36:27,223 [INFO] IPUIPlugin:80 - create IPUIPlugin
2026-06-04 10:36:27,223 [INFO] IPUIPlugin:80 - create IPUIPlugin
2026-06-04 10:36:27,224 [INFO] IPUIPlugin:80 - create IPUIPlugin
2026-06-04 10:36:27,224 [INFO] IPUIPlugin:80 - create IPUIPlugin
2026-06-04 10:36:27,225 [INFO] IPUIPlugin:80 - create IPUIPlugin
2026-06-04 10:36:27,226 [INFO] IPUIPlugin:80 - create IPUIPlugin
2026-06-04 10:36:27,227 [INFO] IPUIPlugin:80 - create IPUIPlugin
2026-06-04 10:36:27,227 [INFO] IPUIPlugin:80 - create IPUIPlugin
2026-06-04 10:36:27,228 [INFO] IPUIPlugin:80 - create IPUIPlugin
2026-06-04 10:36:27,228 [INFO] IPUIPlugin:80 - create IPUIPlugin
2026-06-04 10:36:27,229 [INFO] IPUIPlugin:80 - create IPUIPlugin
2026-06-04 10:36:27,229 [INFO] IPUIPlugin:80 - create IPUIPlugin
2026-06-04 10:36:27,230 [INFO] IPUIPlugin:80 - create IPUIPlugin
2026-06-04 10:36:27,231 [INFO] IPUIPlugin:80 - create IPUIPlugin
2026-06-04 10:36:27,232 [INFO] IPUIPlugin:80 - create IPUIPlugin
2026-06-04 10:36:27,232 [INFO] IPUIPlugin:80 - create IPUIPlugin
2026-06-04 10:36:27,233 [INFO] IPUIPlugin:80 - create IPUIPlugin
2026-06-04 10:36:27,233 [INFO] IPUIPlugin:80 - create IPUIPlugin
2026-06-04 10:36:27,271 [INFO] IPUIPlugin:80 - create IPUIPlugin
2026-06-04 10:36:27,273 [INFO] IPUIPlugin:80 - create IPUIPlugin
2026-06-04 10:36:27,274 [INFO] IPUIPlugin:80 - create IPUIPlugin
2026-06-04 10:36:27,275 [INFO] IPUIPlugin:80 - create IPUIPlugin
2026-06-04 10:36:27,276 [INFO] IPUIPlugin:80 - create IPUIPlugin
2026-06-04 10:36:27,330 [INFO] ApiDbMcu:508 - Load IP Config File for PDM2PCM
2026-06-04 10:36:27,351 [WARN] IP:2250 - I2C_Coeff_DF not found: check if there is a RefParameter without a condition.
2026-06-04 10:36:27,351 [WARN] IP:2250 - Analog_Filter not found: check if there is a RefParameter without a condition.
2026-06-04 10:36:27,375 [INFO] I2sManager:658 - 9.6E7
2026-06-04 10:36:27,375 [INFO] I2sManager:195 - I2S Clock Value : 9.6E7
2026-06-04 10:36:27,380 [INFO] I2sManager:553 - AudioClock : 93750Divider : 2Odd : 0
2026-06-04 10:36:28,079 [INFO] CADModel:165 - CPN selected for project levelSTM32F407VGT6
2026-06-04 10:36:28,079 [INFO] CADModel:114 - Register for checkConnection events
2026-06-04 10:36:28,161 [INFO] OpenFileManager:385 - Restore cursor
2026-06-04 10:36:28,673 [WARN] IP:2250 - I2C_Coeff_DF not found: check if there is a RefParameter without a condition.
2026-06-04 10:36:28,674 [WARN] IP:2250 - Analog_Filter not found: check if there is a RefParameter without a condition.
2026-06-04 10:36:28,675 [WARN] IP:2250 - I2C_Coeff_DF not found: check if there is a RefParameter without a condition.
2026-06-04 10:36:28,675 [WARN] IP:2250 - Analog_Filter not found: check if there is a RefParameter without a condition.
2026-06-04 10:36:32,302 [INFO] UtilMem:75 - End SaveConfig() Used Memory: 786903912 Bytes (1073741824)
2026-06-04 10:36:32,686 [INFO] UtilMem:75 - End SaveConfig() Used Memory: 808887992 Bytes (1073741824)
2026-06-04 10:36:34,153 [INFO] BlockDiagram:2775 - set Specific Code input for plugin: SPI
2026-06-04 10:36:34,154 [INFO] BlockDiagram:2775 - set Specific Code input for plugin: I2S
2026-06-04 10:36:34,155 [INFO] BlockDiagram:2775 - set Specific Code input for plugin: SYS
2026-06-04 10:36:34,155 [INFO] BlockDiagram:2775 - set Specific Code input for plugin: RCC
2026-06-04 10:36:34,155 [INFO] BlockDiagram:2775 - set Specific Code input for plugin: I2C
2026-06-04 10:36:34,155 [INFO] BlockDiagram:2775 - set Specific Code input for plugin: USB_OTG_FS
2026-06-04 10:36:34,155 [INFO] BlockDiagram:2775 - set Specific Code input for plugin: NVIC
2026-06-04 10:36:34,155 [INFO] BlockDiagram:2775 - set Specific Code input for plugin: USB_HOST
2026-06-04 10:36:34,158 [INFO] BlockDiagram:2775 - set Specific Code input for plugin: GPIO
2026-06-04 10:36:34,164 [INFO] CodeGenerator:882 - code generatio: config db path: C:\ST\STM32CubeIDE_1.18.0\STM32CubeIDE\plugins\com.st.stm32cube.common.mx_6.14.0.202502271554\\db\
2026-06-04 10:36:34,198 [WARN] IP:2250 - I2C_Coeff_DF not found: check if there is a RefParameter without a condition.
2026-06-04 10:36:34,199 [WARN] IP:2250 - Analog_Filter not found: check if there is a RefParameter without a condition.
2026-06-04 10:36:35,038 [INFO] CodeEngine:263 - oldGeneratedFile, C:\Users\hp\STM32CubeIDE\workspace_1.18.0\SMART_DISTANCE_DATA_LOGGER_PROJECT\MXTmpFiles\license.tmp_save
2026-06-04 10:36:35,916 [INFO] CodeEngine:287 - Generated code: C:\Users\hp\STM32CubeIDE\workspace_1.18.0\SMART_DISTANCE_DATA_LOGGER_PROJECT\MXTmpFiles\license.tmp
2026-06-04 10:36:36,318 [INFO] CodeEngine:263 - oldGeneratedFile, C:\Users\hp\STM32CubeIDE\workspace_1.18.0\SMART_DISTANCE_DATA_LOGGER_PROJECT\MXTmpFiles\gpio.tmp_save
2026-06-04 10:36:37,102 [INFO] CodeEngine:287 - Generated code: C:\Users\hp\STM32CubeIDE\workspace_1.18.0\SMART_DISTANCE_DATA_LOGGER_PROJECT\MXTmpFiles\gpio.tmp
2026-06-04 10:36:37,415 [WARN] IPConfigManager:3174 - Warning: the RefConfig PWREx_EnableUSBVoltageDetector is not available in your config.xml file
2026-06-04 10:36:37,486 [INFO] CodeEngine:263 - oldGeneratedFile, C:\Users\hp\STM32CubeIDE\workspace_1.18.0\SMART_DISTANCE_DATA_LOGGER_PROJECT\MXTmpFiles\usb_otg_fs_vars.tmp_save
2026-06-04 10:36:37,714 [INFO] CodeEngine:287 - Generated code: C:\Users\hp\STM32CubeIDE\workspace_1.18.0\SMART_DISTANCE_DATA_LOGGER_PROJECT\MXTmpFiles\usb_otg_fs_vars.tmp
2026-06-04 10:36:37,748 [INFO] CodeEngine:263 - oldGeneratedFile, C:\Users\hp\STM32CubeIDE\workspace_1.18.0\SMART_DISTANCE_DATA_LOGGER_PROJECT\MXTmpFiles\usb_otg_fs_inc.tmp_save
2026-06-04 10:36:37,951 [INFO] CodeEngine:287 - Generated code: C:\Users\hp\STM32CubeIDE\workspace_1.18.0\SMART_DISTANCE_DATA_LOGGER_PROJECT\MXTmpFiles\usb_otg_fs_inc.tmp
2026-06-04 10:36:38,032 [INFO] CodeEngine:263 - oldGeneratedFile, C:\Users\hp\STM32CubeIDE\workspace_1.18.0\SMART_DISTANCE_DATA_LOGGER_PROJECT\MXTmpFiles\usb_otg_fs_HalInit.tmp_save
2026-06-04 10:36:38,407 [INFO] CodeEngine:287 - Generated code: C:\Users\hp\STM32CubeIDE\workspace_1.18.0\SMART_DISTANCE_DATA_LOGGER_PROJECT\MXTmpFiles\usb_otg_fs_HalInit.tmp
2026-06-04 10:36:38,476 [INFO] CodeEngine:263 - oldGeneratedFile, C:\Users\hp\STM32CubeIDE\workspace_1.18.0\SMART_DISTANCE_DATA_LOGGER_PROJECT\MXTmpFiles\usb_otg_fs_Msp.tmp_save
2026-06-04 10:36:38,859 [INFO] CodeEngine:287 - Generated code: C:\Users\hp\STM32CubeIDE\workspace_1.18.0\SMART_DISTANCE_DATA_LOGGER_PROJECT\MXTmpFiles\usb_otg_fs_Msp.tmp
2026-06-04 10:36:39,830 [INFO] CodeEngine:263 - oldGeneratedFile, C:\Users\hp\STM32CubeIDE\workspace_1.18.0\SMART_DISTANCE_DATA_LOGGER_PROJECT\USB_HOST\App\usb_host.c_save
2026-06-04 10:36:40,102 [INFO] CodeEngine:287 - Generated code: C:\Users\hp\STM32CubeIDE\workspace_1.18.0\SMART_DISTANCE_DATA_LOGGER_PROJECT\USB_HOST\App\usb_host.c
2026-06-04 10:36:40,133 [INFO] CodeEngine:263 - oldGeneratedFile, C:\Users\hp\STM32CubeIDE\workspace_1.18.0\SMART_DISTANCE_DATA_LOGGER_PROJECT\USB_HOST\App\usb_host.h_save
2026-06-04 10:36:40,322 [INFO] CodeEngine:287 - Generated code: C:\Users\hp\STM32CubeIDE\workspace_1.18.0\SMART_DISTANCE_DATA_LOGGER_PROJECT\USB_HOST\App\usb_host.h
2026-06-04 10:36:40,370 [INFO] CodeEngine:263 - oldGeneratedFile, C:\Users\hp\STM32CubeIDE\workspace_1.18.0\SMART_DISTANCE_DATA_LOGGER_PROJECT\USB_HOST\Target\usbh_conf.h_save
2026-06-04 10:36:40,696 [INFO] CodeEngine:287 - Generated code: C:\Users\hp\STM32CubeIDE\workspace_1.18.0\SMART_DISTANCE_DATA_LOGGER_PROJECT\USB_HOST\Target\usbh_conf.h
2026-06-04 10:36:40,741 [INFO] CodeEngine:263 - oldGeneratedFile, C:\Users\hp\STM32CubeIDE\workspace_1.18.0\SMART_DISTANCE_DATA_LOGGER_PROJECT\USB_HOST\Target\usbh_conf.c_save
2026-06-04 10:36:40,998 [INFO] CodeEngine:287 - Generated code: C:\Users\hp\STM32CubeIDE\workspace_1.18.0\SMART_DISTANCE_DATA_LOGGER_PROJECT\USB_HOST\Target\usbh_conf.c
2026-06-04 10:36:41,053 [INFO] CodeEngine:263 - oldGeneratedFile, C:\Users\hp\STM32CubeIDE\workspace_1.18.0\SMART_DISTANCE_DATA_LOGGER_PROJECT\USB_HOST\Target\usbh_platform.c_save
2026-06-04 10:36:41,277 [INFO] CodeEngine:287 - Generated code: C:\Users\hp\STM32CubeIDE\workspace_1.18.0\SMART_DISTANCE_DATA_LOGGER_PROJECT\USB_HOST\Target\usbh_platform.c
2026-06-04 10:36:41,315 [INFO] CodeEngine:263 - oldGeneratedFile, C:\Users\hp\STM32CubeIDE\workspace_1.18.0\SMART_DISTANCE_DATA_LOGGER_PROJECT\USB_HOST\Target\usbh_platform.h_save
2026-06-04 10:36:41,653 [INFO] CodeEngine:287 - Generated code: C:\Users\hp\STM32CubeIDE\workspace_1.18.0\SMART_DISTANCE_DATA_LOGGER_PROJECT\USB_HOST\Target\usbh_platform.h
2026-06-04 10:36:41,743 [INFO] CodeEngine:263 - oldGeneratedFile, C:\Users\hp\STM32CubeIDE\workspace_1.18.0\SMART_DISTANCE_DATA_LOGGER_PROJECT\Core\Src\stm32f4xx_it.c_save
2026-06-04 10:36:42,181 [INFO] CodeEngine:287 - Generated code: C:\Users\hp\STM32CubeIDE\workspace_1.18.0\SMART_DISTANCE_DATA_LOGGER_PROJECT\Core\Src\stm32f4xx_it.c
2026-06-04 10:36:42,228 [INFO] CodeEngine:263 - oldGeneratedFile, C:\Users\hp\STM32CubeIDE\workspace_1.18.0\SMART_DISTANCE_DATA_LOGGER_PROJECT\Core\Inc\stm32f4xx_it.h_save
2026-06-04 10:36:42,535 [INFO] CodeEngine:287 - Generated code: C:\Users\hp\STM32CubeIDE\workspace_1.18.0\SMART_DISTANCE_DATA_LOGGER_PROJECT\Core\Inc\stm32f4xx_it.h
2026-06-04 10:36:42,669 [INFO] CodeEngine:263 - oldGeneratedFile, C:\Users\hp\STM32CubeIDE\workspace_1.18.0\SMART_DISTANCE_DATA_LOGGER_PROJECT\Core\Src\stm32f4xx_hal_msp.c_save
2026-06-04 10:36:43,209 [INFO] CodeEngine:287 - Generated code: C:\Users\hp\STM32CubeIDE\workspace_1.18.0\SMART_DISTANCE_DATA_LOGGER_PROJECT\Core\Src\stm32f4xx_hal_msp.c
2026-06-04 10:36:43,269 [INFO] CodeEngine:263 - oldGeneratedFile, C:\Users\hp\STM32CubeIDE\workspace_1.18.0\SMART_DISTANCE_DATA_LOGGER_PROJECT\MXTmpFiles\system.tmp_save
2026-06-04 10:36:43,445 [INFO] CodeEngine:287 - Generated code: C:\Users\hp\STM32CubeIDE\workspace_1.18.0\SMART_DISTANCE_DATA_LOGGER_PROJECT\MXTmpFiles\system.tmp
2026-06-04 10:36:43,511 [INFO] CodeEngine:319 - oldGeneratedFile, C:\Users\hp\STM32CubeIDE\workspace_1.18.0\SMART_DISTANCE_DATA_LOGGER_PROJECT\Core\Inc\stm32f4xx_hal_conf.h_save
2026-06-04 10:36:43,771 [INFO] CodeEngine:343 - Generated code: C:\Users\hp\STM32CubeIDE\workspace_1.18.0\SMART_DISTANCE_DATA_LOGGER_PROJECT\Core\Inc\stm32f4xx_hal_conf.h
2026-06-04 10:36:43,908 [INFO] ApiDbMcu:508 - Load IP Config File for I2C1
2026-06-04 10:36:43,916 [INFO] ApiDbMcu:508 - Load IP Config File for I2S3
2026-06-04 10:36:43,924 [INFO] ApiDbMcu:508 - Load IP Config File for SPI1
2026-06-04 10:36:43,935 [INFO] ApiDbMcu:508 - Load IP Config File for RCC
2026-06-04 10:36:44,038 [INFO] CodeEngine:263 - oldGeneratedFile, C:\Users\hp\STM32CubeIDE\workspace_1.18.0\SMART_DISTANCE_DATA_LOGGER_PROJECT\Core\Inc\main.h_save
2026-06-04 10:36:44,375 [INFO] CodeEngine:287 - Generated code: C:\Users\hp\STM32CubeIDE\workspace_1.18.0\SMART_DISTANCE_DATA_LOGGER_PROJECT\Core\Inc\main.h
2026-06-04 10:36:44,421 [INFO] CodeEngine:263 - oldGeneratedFile, C:\Users\hp\STM32CubeIDE\workspace_1.18.0\SMART_DISTANCE_DATA_LOGGER_PROJECT\Core\Src\main.c_save
2026-06-04 10:36:44,852 [INFO] CodeEngine:287 - Generated code: C:\Users\hp\STM32CubeIDE\workspace_1.18.0\SMART_DISTANCE_DATA_LOGGER_PROJECT\Core\Src\main.c
2026-06-04 10:36:46,455 [INFO] ProjectBuilder:3324 - Time for Copy HAL[1] : 929mS.
2026-06-04 10:36:46,486 [INFO] ProjectBuilder:4912 - Project Generator version: 4.6.0-B36
2026-06-04 10:36:46,697 [INFO] ConfigFileManager:1590 - The Die is : DIE413
2026-06-04 10:36:46,728 [INFO] ApiDbMcu:508 - Load IP Config File for FATFS
2026-06-04 10:36:46,766 [INFO] ApiDbMcu:508 - Load IP Config File for FREERTOS
2026-06-04 10:36:46,793 [INFO] ApiDbMcu:508 - Load IP Config File for LIBJPEG
2026-06-04 10:36:46,825 [INFO] ApiDbMcu:508 - Load IP Config File for LWIP
2026-06-04 10:36:46,866 [INFO] ApiDbMcu:508 - Load IP Config File for MBEDTLS
2026-06-04 10:36:46,906 [INFO] ApiDbMcu:508 - Load IP Config File for USB_DEVICE
2026-06-04 10:36:49,439 [INFO] LogOutputStream:77 - [STDOUT_REDIRECT] 
2026-06-04 10:37:05,030 [INFO] ProjectBuilder:5191 - Time for Generating toolchain IDE Files: 18545mS.
2026-06-04 10:37:05,034 [INFO] ProjectBuilder:3181 - Time for Copy CMSIS : 2mS.
2026-06-04 10:37:05,064 [INFO] ProjectBuilder:3181 - Time for Copy CMSIS : 0mS.
2026-06-04 10:37:09,307 [INFO] McuFinderGlobals:76 - Set McuFinderConnectedMode to true
2026-06-04 10:37:09,322 [INFO] ApiDb:448 - Save user favorites file C:\Users\hp/.stm32cubeide/favorites.mcus.txt: 0 item(s)
2026-06-04 10:37:09,403 [INFO] ApiDb:452 - User favorites MCUs=[]
2026-06-04 10:37:09,413 [INFO] ApiDb:448 - Save user favorites file C:\Users\hp/.stm32cubeide/favorites.boards.txt: 1 item(s)
2026-06-04 10:37:09,415 [INFO] ApiDb:452 - User favorites Boards=[STM32F407G-DISC1]
2026-06-04 10:37:52,990 [INFO] NvicIntPanel:101 - NVIC parent = com.st.microxplorer.plugins.ip.nvic.MultiNvicIntPanel[,0,0,0x0,invalid,layout=javax.swing.BoxLayout,alignmentX=0.0,alignmentY=0.0,border=,flags=9,maximumSize=,minimumSize=,preferredSize=]
2026-06-04 10:38:07,139 [INFO] NvicIntPanel:101 - NVIC parent = com.st.microxplorer.plugins.ip.nvic.MultiNvicIntPanel[,0,0,0x0,invalid,layout=javax.swing.BoxLayout,alignmentX=0.0,alignmentY=0.0,border=,flags=9,maximumSize=,minimumSize=,preferredSize=]
2026-06-04 10:43:12,610 [INFO] RtosManager:967 - Current active RTOS is FREERTOS [Cortex-M4NS]
2026-06-04 10:43:15,739 [ERROR] RtosPanel:558 - Can not restore the selected Tab for FREERTOS(A reason can be that the tab is no more available.)
2026-06-04 10:43:16,124 [ERROR] RtosPanel:558 - Can not restore the selected Tab for FREERTOS(A reason can be that the tab is no more available.)
2026-06-04 10:43:37,403 [ERROR] RtosPanel:558 - Can not restore the selected Tab for FREERTOS(A reason can be that the tab is no more available.)
2026-06-04 10:43:37,664 [ERROR] RtosPanel:558 - Can not restore the selected Tab for FREERTOS(A reason can be that the tab is no more available.)
2026-06-04 10:43:38,221 [ERROR] RtosPanel:558 - Can not restore the selected Tab for FREERTOS(A reason can be that the tab is no more available.)
2026-06-04 10:52:01,233 [INFO] WebApp:194 - Connection lost
2026-06-04 10:52:01,804 [INFO] WebApp:191 - Connection restablished
2026-06-04 10:52:26,776 [INFO] UtilMem:75 - End SaveConfig() Used Memory: 762175576 Bytes (1073741824)
2026-06-04 10:52:29,303 [INFO] UtilMem:75 - End SaveConfig() Used Memory: 662630600 Bytes (1073741824)
2026-06-04 10:52:36,327 [INFO] UtilMem:75 - End SaveConfig() Used Memory: 862382280 Bytes (1073741824)
2026-06-04 10:52:37,114 [INFO] ProjectBuilder:2382 - IP not ready for code generation: NVIC
2026-06-04 10:52:39,296 [INFO] BlockDiagram:2775 - set Specific Code input for plugin: SPI
2026-06-04 10:52:39,297 [INFO] BlockDiagram:2775 - set Specific Code input for plugin: FREERTOS
2026-06-04 10:52:39,297 [INFO] BlockDiagram:2775 - set Specific Code input for plugin: TIM1_8
2026-06-04 10:52:39,298 [INFO] BlockDiagram:2775 - set Specific Code input for plugin: SYS
2026-06-04 10:52:39,298 [INFO] BlockDiagram:2775 - set Specific Code input for plugin: RCC
2026-06-04 10:52:39,299 [INFO] BlockDiagram:2775 - set Specific Code input for plugin: NVIC
2026-06-04 10:52:39,299 [INFO] BlockDiagram:2775 - set Specific Code input for plugin: USART
2026-06-04 10:52:39,302 [INFO] BlockDiagram:2775 - set Specific Code input for plugin: GPIO
2026-06-04 10:52:39,306 [INFO] CodeGenerator:882 - code generatio: config db path: C:\ST\STM32CubeIDE_1.18.0\STM32CubeIDE\plugins\com.st.stm32cube.common.mx_6.14.0.202502271554\\db\
2026-06-04 10:52:39,586 [INFO] CodeEngine:263 - oldGeneratedFile, C:\Users\hp\STM32CubeIDE\workspace_1.18.0\SMART_DISTANCE_DATA_LOGGER_PROJECT\MXTmpFiles\license.tmp_save
2026-06-04 10:52:40,255 [INFO] CodeEngine:287 - Generated code: C:\Users\hp\STM32CubeIDE\workspace_1.18.0\SMART_DISTANCE_DATA_LOGGER_PROJECT\MXTmpFiles\license.tmp
2026-06-04 10:52:40,345 [INFO] CodeEngine:263 - oldGeneratedFile, C:\Users\hp\STM32CubeIDE\workspace_1.18.0\SMART_DISTANCE_DATA_LOGGER_PROJECT\MXTmpFiles\gpio.tmp_save
2026-06-04 10:52:40,673 [INFO] CodeEngine:287 - Generated code: C:\Users\hp\STM32CubeIDE\workspace_1.18.0\SMART_DISTANCE_DATA_LOGGER_PROJECT\MXTmpFiles\gpio.tmp
2026-06-04 10:52:41,452 [INFO] Middleware:1452 - No code input for Bsp Dependency
2026-06-04 10:52:41,500 [INFO] CodeEngine:263 - oldGeneratedFile, C:\Users\hp\STM32CubeIDE\workspace_1.18.0\SMART_DISTANCE_DATA_LOGGER_PROJECT\MXTmpFiles\rtos_inc.tmp_save
2026-06-04 10:52:41,782 [INFO] CodeEngine:287 - Generated code: C:\Users\hp\STM32CubeIDE\workspace_1.18.0\SMART_DISTANCE_DATA_LOGGER_PROJECT\MXTmpFiles\rtos_inc.tmp
2026-06-04 10:52:41,817 [INFO] CodeEngine:263 - oldGeneratedFile, C:\Users\hp\STM32CubeIDE\workspace_1.18.0\SMART_DISTANCE_DATA_LOGGER_PROJECT\MXTmpFiles\rtos_kernelInit.tmp_save
2026-06-04 10:52:42,070 [INFO] CodeEngine:287 - Generated code: C:\Users\hp\STM32CubeIDE\workspace_1.18.0\SMART_DISTANCE_DATA_LOGGER_PROJECT\MXTmpFiles\rtos_kernelInit.tmp
2026-06-04 10:52:42,102 [INFO] CodeEngine:263 - oldGeneratedFile, C:\Users\hp\STM32CubeIDE\workspace_1.18.0\SMART_DISTANCE_DATA_LOGGER_PROJECT\MXTmpFiles\rtos_kernelStart.tmp_save
2026-06-04 10:52:42,299 [INFO] CodeEngine:287 - Generated code: C:\Users\hp\STM32CubeIDE\workspace_1.18.0\SMART_DISTANCE_DATA_LOGGER_PROJECT\MXTmpFiles\rtos_kernelStart.tmp
2026-06-04 10:52:42,329 [INFO] CodeEngine:263 - oldGeneratedFile, C:\Users\hp\STM32CubeIDE\workspace_1.18.0\SMART_DISTANCE_DATA_LOGGER_PROJECT\MXTmpFiles\rtos_typedefs.tmp_save
2026-06-04 10:52:42,500 [INFO] CodeEngine:287 - Generated code: C:\Users\hp\STM32CubeIDE\workspace_1.18.0\SMART_DISTANCE_DATA_LOGGER_PROJECT\MXTmpFiles\rtos_typedefs.tmp
2026-06-04 10:52:42,563 [INFO] CodeEngine:263 - oldGeneratedFile, C:\Users\hp\STM32CubeIDE\workspace_1.18.0\SMART_DISTANCE_DATA_LOGGER_PROJECT\MXTmpFiles\rtos_vars.tmp_save
2026-06-04 10:52:42,800 [INFO] CodeEngine:287 - Generated code: C:\Users\hp\STM32CubeIDE\workspace_1.18.0\SMART_DISTANCE_DATA_LOGGER_PROJECT\MXTmpFiles\rtos_vars.tmp
2026-06-04 10:52:42,835 [INFO] CodeEngine:263 - oldGeneratedFile, C:\Users\hp\STM32CubeIDE\workspace_1.18.0\SMART_DISTANCE_DATA_LOGGER_PROJECT\MXTmpFiles\rtos_pfp.tmp_save
2026-06-04 10:52:43,033 [INFO] CodeEngine:287 - Generated code: C:\Users\hp\STM32CubeIDE\workspace_1.18.0\SMART_DISTANCE_DATA_LOGGER_PROJECT\MXTmpFiles\rtos_pfp.tmp
2026-06-04 10:52:43,071 [INFO] CodeEngine:263 - oldGeneratedFile, C:\Users\hp\STM32CubeIDE\workspace_1.18.0\SMART_DISTANCE_DATA_LOGGER_PROJECT\MXTmpFiles\rtos_obj_creat.tmp_save
2026-06-04 10:52:43,256 [INFO] CodeEngine:287 - Generated code: C:\Users\hp\STM32CubeIDE\workspace_1.18.0\SMART_DISTANCE_DATA_LOGGER_PROJECT\MXTmpFiles\rtos_obj_creat.tmp
2026-06-04 10:52:43,296 [INFO] CodeEngine:263 - oldGeneratedFile, C:\Users\hp\STM32CubeIDE\workspace_1.18.0\SMART_DISTANCE_DATA_LOGGER_PROJECT\MXTmpFiles\rtos_default_thread.tmp_save
2026-06-04 10:52:43,509 [INFO] CodeEngine:287 - Generated code: C:\Users\hp\STM32CubeIDE\workspace_1.18.0\SMART_DISTANCE_DATA_LOGGER_PROJECT\MXTmpFiles\rtos_default_thread.tmp
2026-06-04 10:52:43,548 [INFO] CodeEngine:263 - oldGeneratedFile, C:\Users\hp\STM32CubeIDE\workspace_1.18.0\SMART_DISTANCE_DATA_LOGGER_PROJECT\MXTmpFiles\rtos_threads.tmp_save
2026-06-04 10:52:43,688 [INFO] CodeEngine:287 - Generated code: C:\Users\hp\STM32CubeIDE\workspace_1.18.0\SMART_DISTANCE_DATA_LOGGER_PROJECT\MXTmpFiles\rtos_threads.tmp
2026-06-04 10:52:43,744 [INFO] Middleware:1452 - No code input for Bsp Dependency
2026-06-04 10:52:43,773 [INFO] CodeEngine:263 - oldGeneratedFile, C:\Users\hp\STM32CubeIDE\workspace_1.18.0\SMART_DISTANCE_DATA_LOGGER_PROJECT\MXTmpFiles\rtos_inc.tmp_save
2026-06-04 10:52:43,967 [INFO] CodeEngine:287 - Generated code: C:\Users\hp\STM32CubeIDE\workspace_1.18.0\SMART_DISTANCE_DATA_LOGGER_PROJECT\MXTmpFiles\rtos_inc.tmp
2026-06-04 10:52:43,985 [INFO] CodeEngine:263 - oldGeneratedFile, C:\Users\hp\STM32CubeIDE\workspace_1.18.0\SMART_DISTANCE_DATA_LOGGER_PROJECT\MXTmpFiles\rtos_kernelInit.tmp_save
2026-06-04 10:52:44,125 [INFO] CodeEngine:287 - Generated code: C:\Users\hp\STM32CubeIDE\workspace_1.18.0\SMART_DISTANCE_DATA_LOGGER_PROJECT\MXTmpFiles\rtos_kernelInit.tmp
2026-06-04 10:52:44,139 [INFO] CodeEngine:263 - oldGeneratedFile, C:\Users\hp\STM32CubeIDE\workspace_1.18.0\SMART_DISTANCE_DATA_LOGGER_PROJECT\MXTmpFiles\rtos_kernelStart.tmp_save
2026-06-04 10:52:44,251 [INFO] CodeEngine:287 - Generated code: C:\Users\hp\STM32CubeIDE\workspace_1.18.0\SMART_DISTANCE_DATA_LOGGER_PROJECT\MXTmpFiles\rtos_kernelStart.tmp
2026-06-04 10:52:44,268 [INFO] CodeEngine:263 - oldGeneratedFile, C:\Users\hp\STM32CubeIDE\workspace_1.18.0\SMART_DISTANCE_DATA_LOGGER_PROJECT\MXTmpFiles\rtos_typedefs.tmp_save
2026-06-04 10:52:44,388 [INFO] CodeEngine:287 - Generated code: C:\Users\hp\STM32CubeIDE\workspace_1.18.0\SMART_DISTANCE_DATA_LOGGER_PROJECT\MXTmpFiles\rtos_typedefs.tmp
2026-06-04 10:52:44,435 [INFO] CodeEngine:263 - oldGeneratedFile, C:\Users\hp\STM32CubeIDE\workspace_1.18.0\SMART_DISTANCE_DATA_LOGGER_PROJECT\MXTmpFiles\rtos_vars.tmp_save
2026-06-04 10:52:44,572 [INFO] CodeEngine:287 - Generated code: C:\Users\hp\STM32CubeIDE\workspace_1.18.0\SMART_DISTANCE_DATA_LOGGER_PROJECT\MXTmpFiles\rtos_vars.tmp
2026-06-04 10:52:44,584 [INFO] CodeEngine:263 - oldGeneratedFile, C:\Users\hp\STM32CubeIDE\workspace_1.18.0\SMART_DISTANCE_DATA_LOGGER_PROJECT\MXTmpFiles\rtos_pfp.tmp_save
2026-06-04 10:52:44,703 [INFO] CodeEngine:287 - Generated code: C:\Users\hp\STM32CubeIDE\workspace_1.18.0\SMART_DISTANCE_DATA_LOGGER_PROJECT\MXTmpFiles\rtos_pfp.tmp
2026-06-04 10:52:44,735 [INFO] CodeEngine:263 - oldGeneratedFile, C:\Users\hp\STM32CubeIDE\workspace_1.18.0\SMART_DISTANCE_DATA_LOGGER_PROJECT\MXTmpFiles\rtos_obj_creat.tmp_save
2026-06-04 10:52:44,862 [INFO] CodeEngine:287 - Generated code: C:\Users\hp\STM32CubeIDE\workspace_1.18.0\SMART_DISTANCE_DATA_LOGGER_PROJECT\MXTmpFiles\rtos_obj_creat.tmp
2026-06-04 10:52:44,879 [INFO] CodeEngine:263 - oldGeneratedFile, C:\Users\hp\STM32CubeIDE\workspace_1.18.0\SMART_DISTANCE_DATA_LOGGER_PROJECT\MXTmpFiles\rtos_default_thread.tmp_save
2026-06-04 10:52:44,998 [INFO] CodeEngine:287 - Generated code: C:\Users\hp\STM32CubeIDE\workspace_1.18.0\SMART_DISTANCE_DATA_LOGGER_PROJECT\MXTmpFiles\rtos_default_thread.tmp
2026-06-04 10:52:45,013 [INFO] CodeEngine:263 - oldGeneratedFile, C:\Users\hp\STM32CubeIDE\workspace_1.18.0\SMART_DISTANCE_DATA_LOGGER_PROJECT\MXTmpFiles\rtos_threads.tmp_save
2026-06-04 10:52:45,113 [INFO] CodeEngine:287 - Generated code: C:\Users\hp\STM32CubeIDE\workspace_1.18.0\SMART_DISTANCE_DATA_LOGGER_PROJECT\MXTmpFiles\rtos_threads.tmp
2026-06-04 10:52:45,151 [INFO] CodeEngine:263 - oldGeneratedFile, C:\Users\hp\STM32CubeIDE\workspace_1.18.0\SMART_DISTANCE_DATA_LOGGER_PROJECT\Core\Inc\FreeRTOSConfig.h_save
2026-06-04 10:52:45,400 [INFO] CodeEngine:287 - Generated code: C:\Users\hp\STM32CubeIDE\workspace_1.18.0\SMART_DISTANCE_DATA_LOGGER_PROJECT\Core\Inc\FreeRTOSConfig.h
2026-06-04 10:52:45,437 [INFO] CodeEngine:263 - oldGeneratedFile, C:\Users\hp\STM32CubeIDE\workspace_1.18.0\SMART_DISTANCE_DATA_LOGGER_PROJECT\Core\Src\freertos.c_save
2026-06-04 10:52:45,655 [INFO] CodeEngine:287 - Generated code: C:\Users\hp\STM32CubeIDE\workspace_1.18.0\SMART_DISTANCE_DATA_LOGGER_PROJECT\Core\Src\freertos.c
2026-06-04 10:52:45,705 [INFO] CodeEngine:263 - oldGeneratedFile, C:\Users\hp\STM32CubeIDE\workspace_1.18.0\SMART_DISTANCE_DATA_LOGGER_PROJECT\Core\Src\stm32f4xx_it.c_save
2026-06-04 10:52:46,281 [INFO] CodeEngine:287 - Generated code: C:\Users\hp\STM32CubeIDE\workspace_1.18.0\SMART_DISTANCE_DATA_LOGGER_PROJECT\Core\Src\stm32f4xx_it.c
2026-06-04 10:52:46,303 [INFO] CodeEngine:263 - oldGeneratedFile, C:\Users\hp\STM32CubeIDE\workspace_1.18.0\SMART_DISTANCE_DATA_LOGGER_PROJECT\Core\Inc\stm32f4xx_it.h_save
2026-06-04 10:52:46,474 [INFO] CodeEngine:287 - Generated code: C:\Users\hp\STM32CubeIDE\workspace_1.18.0\SMART_DISTANCE_DATA_LOGGER_PROJECT\Core\Inc\stm32f4xx_it.h
2026-06-04 10:52:46,530 [INFO] CodeEngine:263 - oldGeneratedFile, C:\Users\hp\STM32CubeIDE\workspace_1.18.0\SMART_DISTANCE_DATA_LOGGER_PROJECT\Core\Src\stm32f4xx_hal_msp.c_save
2026-06-04 10:52:46,825 [INFO] CodeEngine:287 - Generated code: C:\Users\hp\STM32CubeIDE\workspace_1.18.0\SMART_DISTANCE_DATA_LOGGER_PROJECT\Core\Src\stm32f4xx_hal_msp.c
2026-06-04 10:52:46,843 [INFO] CodeEngine:263 - oldGeneratedFile, C:\Users\hp\STM32CubeIDE\workspace_1.18.0\SMART_DISTANCE_DATA_LOGGER_PROJECT\MXTmpFiles\system.tmp_save
2026-06-04 10:52:46,968 [INFO] CodeEngine:287 - Generated code: C:\Users\hp\STM32CubeIDE\workspace_1.18.0\SMART_DISTANCE_DATA_LOGGER_PROJECT\MXTmpFiles\system.tmp
2026-06-04 10:52:47,017 [INFO] CodeEngine:319 - oldGeneratedFile, C:\Users\hp\STM32CubeIDE\workspace_1.18.0\SMART_DISTANCE_DATA_LOGGER_PROJECT\Core\Inc\stm32f4xx_hal_conf.h_save
2026-06-04 10:52:47,202 [INFO] CodeEngine:343 - Generated code: C:\Users\hp\STM32CubeIDE\workspace_1.18.0\SMART_DISTANCE_DATA_LOGGER_PROJECT\Core\Inc\stm32f4xx_hal_conf.h
2026-06-04 10:52:47,306 [INFO] ApiDbMcu:508 - Load IP Config File for TIM2
2026-06-04 10:52:47,314 [INFO] ApiDbMcu:508 - Load IP Config File for USART2
2026-06-04 10:52:47,320 [WARN] IPConfigManager:3747 - IP not found : TIM
2026-06-04 10:52:47,321 [WARN] CodeGenerator:4198 - IP not found : null
2026-06-04 10:52:47,377 [INFO] CodeEngine:263 - oldGeneratedFile, C:\Users\hp\STM32CubeIDE\workspace_1.18.0\SMART_DISTANCE_DATA_LOGGER_PROJECT\Core\Inc\main.h_save
2026-06-04 10:52:47,652 [INFO] CodeEngine:287 - Generated code: C:\Users\hp\STM32CubeIDE\workspace_1.18.0\SMART_DISTANCE_DATA_LOGGER_PROJECT\Core\Inc\main.h
2026-06-04 10:52:47,695 [INFO] CodeEngine:263 - oldGeneratedFile, C:\Users\hp\STM32CubeIDE\workspace_1.18.0\SMART_DISTANCE_DATA_LOGGER_PROJECT\Core\Src\main.c_save
2026-06-04 10:52:48,008 [INFO] CodeEngine:287 - Generated code: C:\Users\hp\STM32CubeIDE\workspace_1.18.0\SMART_DISTANCE_DATA_LOGGER_PROJECT\Core\Src\main.c
2026-06-04 10:52:49,091 [INFO] ProjectBuilder:3324 - Time for Copy HAL[1] : 698mS.
2026-06-04 10:52:49,102 [INFO] ProjectBuilder:4912 - Project Generator version: 4.6.0-B36
2026-06-04 10:52:49,253 [INFO] ConfigFileManager:1590 - The Die is : DIE413
2026-06-04 10:52:53,628 [INFO] ProjectBuilder:5191 - Time for Generating toolchain IDE Files: 4526mS.
2026-06-04 10:52:53,630 [INFO] ProjectBuilder:3181 - Time for Copy CMSIS : 1mS.
2026-06-04 10:52:53,663 [INFO] ProjectBuilder:3181 - Time for Copy CMSIS : 0mS.
2026-06-04 11:37:12,425 [INFO] Gpio:277 - dependency for GPIO [RCC, SPI1, USART2]
2026-06-04 11:38:13,254 [INFO] Gpio:277 - dependency for GPIO [RCC, SPI1, USART2]
2026-06-04 11:38:39,378 [INFO] Gpio:277 - dependency for GPIO [RCC, SPI1, USART2]
2026-06-04 11:39:01,718 [INFO] Gpio:277 - dependency for GPIO [RCC, SPI1, USART2]
2026-06-04 11:39:02,210 [INFO] Gpio:277 - dependency for GPIO [RCC, SPI1, USART2]
2026-06-04 11:39:19,429 [INFO] Gpio:277 - dependency for GPIO [RCC, SPI1, USART2]
2026-06-04 11:40:23,338 [ERROR] RtosPanel:558 - Can not restore the selected Tab for FREERTOS(A reason can be that the tab is no more available.)
2026-06-04 11:40:41,253 [INFO] TasksAndQueuesTab:757 - Dynamic
2026-06-04 11:40:41,260 [WARN] TasksAndQueuesTab:763 - 128 128
2026-06-04 11:40:41,262 [WARN] TasksAndQueuesTab:775 - max value is: 3840.0
2026-06-04 11:41:13,368 [INFO] EditThreadDialog:704 - RAM SIZE (in KB): 128
2026-06-04 11:41:13,368 [INFO] EditThreadDialog:706 - RAM SIZE (in words): 32768
2026-06-04 11:48:27,323 [INFO] TasksAndQueuesTab:757 - Dynamic
2026-06-04 11:48:27,324 [WARN] TasksAndQueuesTab:763 - 128 128
2026-06-04 11:48:27,324 [WARN] TasksAndQueuesTab:775 - max value is: 3840.0
2026-06-04 11:48:27,325 [INFO] TasksAndQueuesTab:757 - Dynamic
2026-06-04 11:48:27,325 [WARN] TasksAndQueuesTab:763 - 128 128
2026-06-04 11:48:27,326 [WARN] TasksAndQueuesTab:775 - max value is: 3840.0
2026-06-04 11:52:07,374 [INFO] WebApp:194 - Connection lost
2026-06-04 11:52:08,258 [INFO] WebApp:191 - Connection restablished
2026-06-04 11:53:23,822 [ERROR] RtosPanel:558 - Can not restore the selected Tab for FREERTOS(A reason can be that the tab is no more available.)
2026-06-04 11:53:24,248 [ERROR] RtosPanel:558 - Can not restore the selected Tab for FREERTOS(A reason can be that the tab is no more available.)
2026-06-04 11:55:33,214 [ERROR] RtosPanel:558 - Can not restore the selected Tab for FREERTOS(A reason can be that the tab is no more available.)
2026-06-04 11:55:33,603 [ERROR] RtosPanel:558 - Can not restore the selected Tab for FREERTOS(A reason can be that the tab is no more available.)
2026-06-04 12:01:36,498 [INFO] TasksAndQueuesTab:757 - Dynamic
2026-06-04 12:01:36,500 [WARN] TasksAndQueuesTab:763 - 128 128
2026-06-04 12:01:36,500 [WARN] TasksAndQueuesTab:775 - max value is: 3840.0
2026-06-04 12:01:36,500 [INFO] TasksAndQueuesTab:757 - Dynamic
2026-06-04 12:01:36,501 [WARN] TasksAndQueuesTab:763 - 128 128
2026-06-04 12:01:36,501 [WARN] TasksAndQueuesTab:775 - max value is: 3840.0
2026-06-04 12:02:39,340 [INFO] TasksAndQueuesTab:757 - Dynamic
2026-06-04 12:02:39,341 [WARN] TasksAndQueuesTab:763 - 128 128
2026-06-04 12:02:39,342 [WARN] TasksAndQueuesTab:775 - max value is: 3840.0
2026-06-04 12:02:39,343 [INFO] TasksAndQueuesTab:757 - Dynamic
2026-06-04 12:02:39,344 [WARN] TasksAndQueuesTab:763 - 128 128
2026-06-04 12:02:39,344 [WARN] TasksAndQueuesTab:775 - max value is: 3840.0
2026-06-04 12:03:19,362 [INFO] TasksAndQueuesTab:757 - Dynamic
2026-06-04 12:03:19,365 [WARN] TasksAndQueuesTab:763 - 128 128
2026-06-04 12:03:19,366 [WARN] TasksAndQueuesTab:775 - max value is: 3840.0
2026-06-04 12:03:19,367 [INFO] TasksAndQueuesTab:757 - Dynamic
2026-06-04 12:03:19,368 [WARN] TasksAndQueuesTab:763 - 128 128
2026-06-04 12:03:19,368 [WARN] TasksAndQueuesTab:775 - max value is: 3840.0
2026-06-04 12:03:34,322 [INFO] EditThreadDialog:704 - RAM SIZE (in KB): 128
2026-06-04 12:03:34,323 [INFO] EditThreadDialog:706 - RAM SIZE (in words): 32768
2026-06-04 12:03:51,458 [INFO] EditThreadDialog:704 - RAM SIZE (in KB): 128
2026-06-04 12:03:51,458 [INFO] EditThreadDialog:706 - RAM SIZE (in words): 32768
2026-06-04 12:04:02,744 [INFO] EditThreadDialog:704 - RAM SIZE (in KB): 128
2026-06-04 12:04:02,744 [INFO] EditThreadDialog:706 - RAM SIZE (in words): 32768
2026-06-04 12:04:21,526 [INFO] EditThreadDialog:704 - RAM SIZE (in KB): 128
2026-06-04 12:04:21,526 [INFO] EditThreadDialog:706 - RAM SIZE (in words): 32768
2026-06-04 12:04:53,622 [INFO] EditThreadDialog:704 - RAM SIZE (in KB): 128
2026-06-04 12:04:53,623 [INFO] EditThreadDialog:706 - RAM SIZE (in words): 32768
2026-06-04 12:05:23,935 [INFO] TasksAndQueuesTab:757 - Dynamic
2026-06-04 12:05:23,937 [WARN] TasksAndQueuesTab:763 - 128 128
2026-06-04 12:05:23,937 [WARN] TasksAndQueuesTab:775 - max value is: 3840.0
2026-06-04 12:05:33,625 [INFO] EditThreadDialog:704 - RAM SIZE (in KB): 128
2026-06-04 12:05:33,626 [INFO] EditThreadDialog:706 - RAM SIZE (in words): 32768
2026-06-04 12:05:41,545 [INFO] EditThreadDialog:704 - RAM SIZE (in KB): 128
2026-06-04 12:05:41,545 [INFO] EditThreadDialog:706 - RAM SIZE (in words): 32768
2026-06-04 12:06:36,642 [INFO] TasksAndQueuesTab:757 - Dynamic
2026-06-04 12:06:36,643 [WARN] TasksAndQueuesTab:763 - 256 128
2026-06-04 12:06:36,643 [WARN] TasksAndQueuesTab:775 - max value is: 3840.0
2026-06-04 12:06:48,082 [INFO] EditThreadDialog:704 - RAM SIZE (in KB): 128
2026-06-04 12:06:48,083 [INFO] EditThreadDialog:706 - RAM SIZE (in words): 32768
2026-06-04 12:07:35,639 [INFO] TasksAndQueuesTab:757 - Dynamic
2026-06-04 12:07:35,640 [WARN] TasksAndQueuesTab:763 - 256 128
2026-06-04 12:07:35,641 [WARN] TasksAndQueuesTab:775 - max value is: 3840.0
2026-06-04 12:07:35,641 [INFO] TasksAndQueuesTab:757 - Dynamic
2026-06-04 12:07:35,642 [WARN] TasksAndQueuesTab:763 - 256 128
2026-06-04 12:07:35,643 [WARN] TasksAndQueuesTab:775 - max value is: 3840.0
2026-06-04 12:07:53,514 [INFO] EditThreadDialog:704 - RAM SIZE (in KB): 128
2026-06-04 12:07:53,515 [INFO] EditThreadDialog:706 - RAM SIZE (in words): 32768
2026-06-04 12:08:53,489 [INFO] TasksAndQueuesTab:757 - Dynamic
2026-06-04 12:08:53,490 [WARN] TasksAndQueuesTab:763 - 256 128
2026-06-04 12:08:53,492 [WARN] TasksAndQueuesTab:775 - max value is: 3840.0
2026-06-04 12:08:53,493 [INFO] TasksAndQueuesTab:757 - Dynamic
2026-06-04 12:08:53,494 [WARN] TasksAndQueuesTab:763 - 256 128
2026-06-04 12:08:53,495 [WARN] TasksAndQueuesTab:775 - max value is: 3840.0
2026-06-04 12:08:53,495 [INFO] TasksAndQueuesTab:757 - Dynamic
2026-06-04 12:08:53,496 [WARN] TasksAndQueuesTab:763 - 128 128
2026-06-04 12:08:53,500 [WARN] TasksAndQueuesTab:775 - max value is: 3840.0
2026-06-04 12:08:55,663 [INFO] EditThreadDialog:704 - RAM SIZE (in KB): 128
2026-06-04 12:08:55,663 [INFO] EditThreadDialog:706 - RAM SIZE (in words): 32768
2026-06-04 12:09:24,251 [INFO] TasksAndQueuesTab:757 - Dynamic
2026-06-04 12:09:24,251 [WARN] TasksAndQueuesTab:763 - 256 128
2026-06-04 12:09:24,252 [WARN] TasksAndQueuesTab:775 - max value is: 3840.0
2026-06-04 12:09:24,253 [INFO] TasksAndQueuesTab:757 - Dynamic
2026-06-04 12:09:24,254 [WARN] TasksAndQueuesTab:763 - 256 128
2026-06-04 12:09:24,256 [WARN] TasksAndQueuesTab:775 - max value is: 3840.0
2026-06-04 12:09:24,257 [INFO] TasksAndQueuesTab:757 - Dynamic
2026-06-04 12:09:24,258 [WARN] TasksAndQueuesTab:763 - 128 128
2026-06-04 12:09:24,259 [WARN] TasksAndQueuesTab:775 - max value is: 3840.0
2026-06-04 12:09:24,259 [INFO] TasksAndQueuesTab:757 - Dynamic
2026-06-04 12:09:24,260 [WARN] TasksAndQueuesTab:763 - 256 128
2026-06-04 12:09:24,262 [WARN] TasksAndQueuesTab:775 - max value is: 3840.0
2026-06-04 12:10:40,426 [INFO] UtilMem:75 - End SaveConfig() Used Memory: 694987744 Bytes (1073741824)
2026-06-04 12:10:42,855 [INFO] UtilMem:75 - End SaveConfig() Used Memory: 744793056 Bytes (1073741824)
2026-06-04 12:10:45,263 [INFO] UtilMem:75 - End SaveConfig() Used Memory: 917285856 Bytes (1073741824)
2026-06-04 12:10:46,395 [INFO] ProjectBuilder:2382 - IP not ready for code generation: NVIC
2026-06-04 12:10:49,431 [INFO] BlockDiagram:2775 - set Specific Code input for plugin: SPI
2026-06-04 12:10:49,432 [INFO] BlockDiagram:2775 - set Specific Code input for plugin: FREERTOS
2026-06-04 12:10:49,433 [INFO] BlockDiagram:2775 - set Specific Code input for plugin: TIM1_8
2026-06-04 12:10:49,434 [INFO] BlockDiagram:2775 - set Specific Code input for plugin: SYS
2026-06-04 12:10:49,434 [INFO] BlockDiagram:2775 - set Specific Code input for plugin: RCC
2026-06-04 12:10:49,435 [INFO] BlockDiagram:2775 - set Specific Code input for plugin: NVIC
2026-06-04 12:10:49,435 [INFO] BlockDiagram:2775 - set Specific Code input for plugin: USART
2026-06-04 12:10:49,436 [INFO] BlockDiagram:2775 - set Specific Code input for plugin: GPIO
2026-06-04 12:10:49,446 [INFO] CodeGenerator:882 - code generatio: config db path: C:\ST\STM32CubeIDE_1.18.0\STM32CubeIDE\plugins\com.st.stm32cube.common.mx_6.14.0.202502271554\\db\
2026-06-04 12:10:49,753 [INFO] CodeEngine:263 - oldGeneratedFile, C:\Users\hp\STM32CubeIDE\workspace_1.18.0\SMART_DISTANCE_DATA_LOGGER_PROJECT\MXTmpFiles\license.tmp_save
2026-06-04 12:10:50,688 [INFO] CodeEngine:287 - Generated code: C:\Users\hp\STM32CubeIDE\workspace_1.18.0\SMART_DISTANCE_DATA_LOGGER_PROJECT\MXTmpFiles\license.tmp
2026-06-04 12:10:50,881 [INFO] CodeEngine:263 - oldGeneratedFile, C:\Users\hp\STM32CubeIDE\workspace_1.18.0\SMART_DISTANCE_DATA_LOGGER_PROJECT\MXTmpFiles\gpio.tmp_save
2026-06-04 12:10:51,429 [INFO] CodeEngine:287 - Generated code: C:\Users\hp\STM32CubeIDE\workspace_1.18.0\SMART_DISTANCE_DATA_LOGGER_PROJECT\MXTmpFiles\gpio.tmp
2026-06-04 12:10:52,079 [INFO] Middleware:1452 - No code input for Bsp Dependency
2026-06-04 12:10:52,109 [INFO] CodeEngine:263 - oldGeneratedFile, C:\Users\hp\STM32CubeIDE\workspace_1.18.0\SMART_DISTANCE_DATA_LOGGER_PROJECT\MXTmpFiles\rtos_inc.tmp_save
2026-06-04 12:10:52,334 [INFO] CodeEngine:287 - Generated code: C:\Users\hp\STM32CubeIDE\workspace_1.18.0\SMART_DISTANCE_DATA_LOGGER_PROJECT\MXTmpFiles\rtos_inc.tmp
2026-06-04 12:10:52,350 [INFO] CodeEngine:263 - oldGeneratedFile, C:\Users\hp\STM32CubeIDE\workspace_1.18.0\SMART_DISTANCE_DATA_LOGGER_PROJECT\MXTmpFiles\rtos_kernelInit.tmp_save
2026-06-04 12:10:52,540 [INFO] CodeEngine:287 - Generated code: C:\Users\hp\STM32CubeIDE\workspace_1.18.0\SMART_DISTANCE_DATA_LOGGER_PROJECT\MXTmpFiles\rtos_kernelInit.tmp
2026-06-04 12:10:52,552 [INFO] CodeEngine:263 - oldGeneratedFile, C:\Users\hp\STM32CubeIDE\workspace_1.18.0\SMART_DISTANCE_DATA_LOGGER_PROJECT\MXTmpFiles\rtos_kernelStart.tmp_save
2026-06-04 12:10:52,718 [INFO] CodeEngine:287 - Generated code: C:\Users\hp\STM32CubeIDE\workspace_1.18.0\SMART_DISTANCE_DATA_LOGGER_PROJECT\MXTmpFiles\rtos_kernelStart.tmp
2026-06-04 12:10:52,734 [INFO] CodeEngine:263 - oldGeneratedFile, C:\Users\hp\STM32CubeIDE\workspace_1.18.0\SMART_DISTANCE_DATA_LOGGER_PROJECT\MXTmpFiles\rtos_typedefs.tmp_save
2026-06-04 12:10:52,894 [INFO] CodeEngine:287 - Generated code: C:\Users\hp\STM32CubeIDE\workspace_1.18.0\SMART_DISTANCE_DATA_LOGGER_PROJECT\MXTmpFiles\rtos_typedefs.tmp
2026-06-04 12:10:52,909 [INFO] CodeEngine:263 - oldGeneratedFile, C:\Users\hp\STM32CubeIDE\workspace_1.18.0\SMART_DISTANCE_DATA_LOGGER_PROJECT\MXTmpFiles\rtos_vars.tmp_save
2026-06-04 12:10:53,221 [INFO] CodeEngine:287 - Generated code: C:\Users\hp\STM32CubeIDE\workspace_1.18.0\SMART_DISTANCE_DATA_LOGGER_PROJECT\MXTmpFiles\rtos_vars.tmp
2026-06-04 12:10:53,236 [INFO] CodeEngine:263 - oldGeneratedFile, C:\Users\hp\STM32CubeIDE\workspace_1.18.0\SMART_DISTANCE_DATA_LOGGER_PROJECT\MXTmpFiles\rtos_pfp.tmp_save
2026-06-04 12:10:53,450 [INFO] CodeEngine:287 - Generated code: C:\Users\hp\STM32CubeIDE\workspace_1.18.0\SMART_DISTANCE_DATA_LOGGER_PROJECT\MXTmpFiles\rtos_pfp.tmp
2026-06-04 12:10:53,462 [INFO] CodeEngine:263 - oldGeneratedFile, C:\Users\hp\STM32CubeIDE\workspace_1.18.0\SMART_DISTANCE_DATA_LOGGER_PROJECT\MXTmpFiles\rtos_obj_creat.tmp_save
2026-06-04 12:10:53,668 [INFO] CodeEngine:287 - Generated code: C:\Users\hp\STM32CubeIDE\workspace_1.18.0\SMART_DISTANCE_DATA_LOGGER_PROJECT\MXTmpFiles\rtos_obj_creat.tmp
2026-06-04 12:10:53,683 [INFO] CodeEngine:263 - oldGeneratedFile, C:\Users\hp\STM32CubeIDE\workspace_1.18.0\SMART_DISTANCE_DATA_LOGGER_PROJECT\MXTmpFiles\rtos_default_thread.tmp_save
2026-06-04 12:10:53,869 [INFO] CodeEngine:287 - Generated code: C:\Users\hp\STM32CubeIDE\workspace_1.18.0\SMART_DISTANCE_DATA_LOGGER_PROJECT\MXTmpFiles\rtos_default_thread.tmp
2026-06-04 12:10:53,883 [INFO] CodeEngine:263 - oldGeneratedFile, C:\Users\hp\STM32CubeIDE\workspace_1.18.0\SMART_DISTANCE_DATA_LOGGER_PROJECT\MXTmpFiles\rtos_threads.tmp_save
2026-06-04 12:10:54,091 [INFO] CodeEngine:287 - Generated code: C:\Users\hp\STM32CubeIDE\workspace_1.18.0\SMART_DISTANCE_DATA_LOGGER_PROJECT\MXTmpFiles\rtos_threads.tmp
2026-06-04 12:10:54,140 [INFO] Middleware:1452 - No code input for Bsp Dependency
2026-06-04 12:10:54,169 [INFO] CodeEngine:263 - oldGeneratedFile, C:\Users\hp\STM32CubeIDE\workspace_1.18.0\SMART_DISTANCE_DATA_LOGGER_PROJECT\MXTmpFiles\rtos_inc.tmp_save
2026-06-04 12:10:54,335 [INFO] CodeEngine:287 - Generated code: C:\Users\hp\STM32CubeIDE\workspace_1.18.0\SMART_DISTANCE_DATA_LOGGER_PROJECT\MXTmpFiles\rtos_inc.tmp
2026-06-04 12:10:54,353 [INFO] CodeEngine:263 - oldGeneratedFile, C:\Users\hp\STM32CubeIDE\workspace_1.18.0\SMART_DISTANCE_DATA_LOGGER_PROJECT\MXTmpFiles\rtos_kernelInit.tmp_save
2026-06-04 12:10:54,503 [INFO] CodeEngine:287 - Generated code: C:\Users\hp\STM32CubeIDE\workspace_1.18.0\SMART_DISTANCE_DATA_LOGGER_PROJECT\MXTmpFiles\rtos_kernelInit.tmp
2026-06-04 12:10:54,521 [INFO] CodeEngine:263 - oldGeneratedFile, C:\Users\hp\STM32CubeIDE\workspace_1.18.0\SMART_DISTANCE_DATA_LOGGER_PROJECT\MXTmpFiles\rtos_kernelStart.tmp_save
2026-06-04 12:10:54,671 [INFO] CodeEngine:287 - Generated code: C:\Users\hp\STM32CubeIDE\workspace_1.18.0\SMART_DISTANCE_DATA_LOGGER_PROJECT\MXTmpFiles\rtos_kernelStart.tmp
2026-06-04 12:10:54,689 [INFO] CodeEngine:263 - oldGeneratedFile, C:\Users\hp\STM32CubeIDE\workspace_1.18.0\SMART_DISTANCE_DATA_LOGGER_PROJECT\MXTmpFiles\rtos_typedefs.tmp_save
2026-06-04 12:10:54,829 [INFO] CodeEngine:287 - Generated code: C:\Users\hp\STM32CubeIDE\workspace_1.18.0\SMART_DISTANCE_DATA_LOGGER_PROJECT\MXTmpFiles\rtos_typedefs.tmp
2026-06-04 12:10:54,872 [INFO] CodeEngine:263 - oldGeneratedFile, C:\Users\hp\STM32CubeIDE\workspace_1.18.0\SMART_DISTANCE_DATA_LOGGER_PROJECT\MXTmpFiles\rtos_vars.tmp_save
2026-06-04 12:10:55,042 [INFO] CodeEngine:287 - Generated code: C:\Users\hp\STM32CubeIDE\workspace_1.18.0\SMART_DISTANCE_DATA_LOGGER_PROJECT\MXTmpFiles\rtos_vars.tmp
2026-06-04 12:10:55,060 [INFO] CodeEngine:263 - oldGeneratedFile, C:\Users\hp\STM32CubeIDE\workspace_1.18.0\SMART_DISTANCE_DATA_LOGGER_PROJECT\MXTmpFiles\rtos_pfp.tmp_save
2026-06-04 12:10:55,199 [INFO] CodeEngine:287 - Generated code: C:\Users\hp\STM32CubeIDE\workspace_1.18.0\SMART_DISTANCE_DATA_LOGGER_PROJECT\MXTmpFiles\rtos_pfp.tmp
2026-06-04 12:10:55,239 [INFO] CodeEngine:263 - oldGeneratedFile, C:\Users\hp\STM32CubeIDE\workspace_1.18.0\SMART_DISTANCE_DATA_LOGGER_PROJECT\MXTmpFiles\rtos_obj_creat.tmp_save
2026-06-04 12:10:55,395 [INFO] CodeEngine:287 - Generated code: C:\Users\hp\STM32CubeIDE\workspace_1.18.0\SMART_DISTANCE_DATA_LOGGER_PROJECT\MXTmpFiles\rtos_obj_creat.tmp
2026-06-04 12:10:55,412 [INFO] CodeEngine:263 - oldGeneratedFile, C:\Users\hp\STM32CubeIDE\workspace_1.18.0\SMART_DISTANCE_DATA_LOGGER_PROJECT\MXTmpFiles\rtos_default_thread.tmp_save
2026-06-04 12:10:55,585 [INFO] CodeEngine:287 - Generated code: C:\Users\hp\STM32CubeIDE\workspace_1.18.0\SMART_DISTANCE_DATA_LOGGER_PROJECT\MXTmpFiles\rtos_default_thread.tmp
2026-06-04 12:10:55,602 [INFO] CodeEngine:263 - oldGeneratedFile, C:\Users\hp\STM32CubeIDE\workspace_1.18.0\SMART_DISTANCE_DATA_LOGGER_PROJECT\MXTmpFiles\rtos_threads.tmp_save
2026-06-04 12:10:55,726 [INFO] CodeEngine:287 - Generated code: C:\Users\hp\STM32CubeIDE\workspace_1.18.0\SMART_DISTANCE_DATA_LOGGER_PROJECT\MXTmpFiles\rtos_threads.tmp
2026-06-04 12:10:55,798 [INFO] CodeEngine:263 - oldGeneratedFile, C:\Users\hp\STM32CubeIDE\workspace_1.18.0\SMART_DISTANCE_DATA_LOGGER_PROJECT\Core\Inc\FreeRTOSConfig.h_save
2026-06-04 12:10:55,986 [INFO] CodeEngine:287 - Generated code: C:\Users\hp\STM32CubeIDE\workspace_1.18.0\SMART_DISTANCE_DATA_LOGGER_PROJECT\Core\Inc\FreeRTOSConfig.h
2026-06-04 12:10:56,033 [INFO] CodeEngine:263 - oldGeneratedFile, C:\Users\hp\STM32CubeIDE\workspace_1.18.0\SMART_DISTANCE_DATA_LOGGER_PROJECT\Core\Src\freertos.c_save
2026-06-04 12:10:56,182 [INFO] CodeEngine:287 - Generated code: C:\Users\hp\STM32CubeIDE\workspace_1.18.0\SMART_DISTANCE_DATA_LOGGER_PROJECT\Core\Src\freertos.c
2026-06-04 12:10:56,266 [INFO] CodeEngine:263 - oldGeneratedFile, C:\Users\hp\STM32CubeIDE\workspace_1.18.0\SMART_DISTANCE_DATA_LOGGER_PROJECT\Core\Src\stm32f4xx_it.c_save
2026-06-04 12:10:56,670 [INFO] CodeEngine:287 - Generated code: C:\Users\hp\STM32CubeIDE\workspace_1.18.0\SMART_DISTANCE_DATA_LOGGER_PROJECT\Core\Src\stm32f4xx_it.c
2026-06-04 12:10:56,690 [INFO] CodeEngine:263 - oldGeneratedFile, C:\Users\hp\STM32CubeIDE\workspace_1.18.0\SMART_DISTANCE_DATA_LOGGER_PROJECT\Core\Inc\stm32f4xx_it.h_save
2026-06-04 12:10:56,830 [INFO] CodeEngine:287 - Generated code: C:\Users\hp\STM32CubeIDE\workspace_1.18.0\SMART_DISTANCE_DATA_LOGGER_PROJECT\Core\Inc\stm32f4xx_it.h
2026-06-04 12:10:56,899 [INFO] CodeEngine:263 - oldGeneratedFile, C:\Users\hp\STM32CubeIDE\workspace_1.18.0\SMART_DISTANCE_DATA_LOGGER_PROJECT\Core\Src\stm32f4xx_hal_msp.c_save
2026-06-04 12:10:57,200 [INFO] CodeEngine:287 - Generated code: C:\Users\hp\STM32CubeIDE\workspace_1.18.0\SMART_DISTANCE_DATA_LOGGER_PROJECT\Core\Src\stm32f4xx_hal_msp.c
2026-06-04 12:10:57,214 [INFO] CodeEngine:263 - oldGeneratedFile, C:\Users\hp\STM32CubeIDE\workspace_1.18.0\SMART_DISTANCE_DATA_LOGGER_PROJECT\MXTmpFiles\system.tmp_save
2026-06-04 12:10:57,353 [INFO] CodeEngine:287 - Generated code: C:\Users\hp\STM32CubeIDE\workspace_1.18.0\SMART_DISTANCE_DATA_LOGGER_PROJECT\MXTmpFiles\system.tmp
2026-06-04 12:10:57,400 [INFO] CodeEngine:319 - oldGeneratedFile, C:\Users\hp\STM32CubeIDE\workspace_1.18.0\SMART_DISTANCE_DATA_LOGGER_PROJECT\Core\Inc\stm32f4xx_hal_conf.h_save
2026-06-04 12:10:57,571 [INFO] CodeEngine:343 - Generated code: C:\Users\hp\STM32CubeIDE\workspace_1.18.0\SMART_DISTANCE_DATA_LOGGER_PROJECT\Core\Inc\stm32f4xx_hal_conf.h
2026-06-04 12:10:57,666 [INFO] ApiDbMcu:508 - Load IP Config File for TIM3
2026-06-04 12:10:57,669 [WARN] IPConfigManager:3747 - IP not found : TIM
2026-06-04 12:10:57,671 [WARN] CodeGenerator:4198 - IP not found : null
2026-06-04 12:10:57,732 [INFO] CodeEngine:263 - oldGeneratedFile, C:\Users\hp\STM32CubeIDE\workspace_1.18.0\SMART_DISTANCE_DATA_LOGGER_PROJECT\Core\Inc\main.h_save
2026-06-04 12:10:57,969 [INFO] CodeEngine:287 - Generated code: C:\Users\hp\STM32CubeIDE\workspace_1.18.0\SMART_DISTANCE_DATA_LOGGER_PROJECT\Core\Inc\main.h
2026-06-04 12:10:58,009 [INFO] CodeEngine:263 - oldGeneratedFile, C:\Users\hp\STM32CubeIDE\workspace_1.18.0\SMART_DISTANCE_DATA_LOGGER_PROJECT\Core\Src\main.c_save
2026-06-04 12:10:58,517 [INFO] CodeEngine:287 - Generated code: C:\Users\hp\STM32CubeIDE\workspace_1.18.0\SMART_DISTANCE_DATA_LOGGER_PROJECT\Core\Src\main.c
2026-06-04 12:11:00,131 [INFO] ProjectBuilder:3324 - Time for Copy HAL[1] : 1056mS.
2026-06-04 12:11:00,144 [INFO] ProjectBuilder:4912 - Project Generator version: 4.6.0-B36
2026-06-04 12:11:00,295 [INFO] ConfigFileManager:1590 - The Die is : DIE413
2026-06-04 12:11:03,201 [INFO] ProjectBuilder:5191 - Time for Generating toolchain IDE Files: 3054mS.
2026-06-04 12:11:03,205 [INFO] ProjectBuilder:3181 - Time for Copy CMSIS : 1mS.
2026-06-04 12:11:03,228 [INFO] ProjectBuilder:3181 - Time for Copy CMSIS : 0mS.
2026-06-04 12:52:11,862 [INFO] WebApp:194 - Connection lost
2026-06-04 12:52:13,188 [INFO] WebApp:191 - Connection restablished
2026-06-04 13:38:00,521 [INFO] WebApp:194 - Connection lost
2026-06-04 13:38:00,789 [INFO] WebApp:191 - Connection restablished
2026-06-04 14:38:05,913 [INFO] WebApp:194 - Connection lost
2026-06-04 14:38:07,052 [INFO] WebApp:191 - Connection restablished
2026-06-04 15:38:07,138 [INFO] WebApp:194 - Connection lost
2026-06-04 15:38:07,846 [INFO] WebApp:191 - Connection restablished
2026-06-04 16:38:12,986 [INFO] WebApp:194 - Connection lost
2026-06-04 16:38:14,452 [INFO] WebApp:191 - Connection restablished
2026-06-04 17:38:15,474 [INFO] WebApp:194 - Connection lost
2026-06-04 17:38:16,179 [INFO] WebApp:191 - Connection restablished
2026-06-04 20:30:30,190 [INFO] WebApp:194 - Connection lost
2026-06-04 20:34:40,018 [INFO] WebApp:191 - Connection restablished
2026-06-04 21:03:06,735 [ERROR] LogOutputStream:75 - [STDERR_REDIRECT] 
