2026-06-02 09:34:33,396 [INFO] Activator:176 - 


2026-06-02 09:34:33,417 [INFO] Activator:177 - !SESSION log4j initialized
2026-06-02 09:34:44,015 [INFO] LogOutputStream:77 - [STDOUT_REDIRECT] 
2026-06-02 09:34:50,701 [INFO] ApplicationProperties:184 - Using Application install path: C:\ST\STM32CubeIDE_1.18.0\STM32CubeIDE\plugins\com.st.stm32cube.common.mx_6.14.0.202502271554
2026-06-02 09:34:50,746 [INFO] DbMcusXml:78 - Set database path to: C:\ST\STM32CubeIDE_1.18.0\STM32CubeIDE\plugins\com.st.stm32cube.common.mx_6.14.0.202502271554\\db\/mcu/
2026-06-02 09:34:50,748 [INFO] ApiDb:274 - Set plugin database path to: C:\ST\STM32CubeIDE_1.18.0\STM32CubeIDE\plugins\com.st.stm32cube.common.mx_6.14.0.202502271554\\db\/plugins/boardmanager/
2026-06-02 09:34:50,748 [WARN] ApiDb:259 - Overriding images path with different value:  => C:\ST\STM32CubeIDE_1.18.0\STM32CubeIDE\plugins\com.st.stm32cube.common.mx_6.14.0.202502271554\\db\/plugins/mcufinder/images/
2026-06-02 09:34:50,774 [INFO] ApiDb:250 - Set database path to: C:\Users\hp\.stmcufinder\plugins\mcufinder//mcu/
2026-06-02 09:34:50,776 [INFO] DbMcusAds:125 - Set database path to: C:\Users\hp\.stmcufinder\plugins\mcufinder//mcu/
2026-06-02 09:34:50,785 [INFO] CrossReferenceDbSqlite:203 - Set database path to: C:\Users\hp\.stmcufinder\plugins\mcufinder//mcu/cs/
2026-06-02 09:34:51,081 [INFO] RulesReader:64 - Compatibility file has been processed (301 Rules)
2026-06-02 09:34:51,335 [INFO] DbMcusXml:78 - Set database path to: C:\ST\STM32CubeIDE_1.18.0\STM32CubeIDE\plugins\com.st.stm32cube.common.mx_6.14.0.202502271554\\db\/mcu/
2026-06-02 09:34:51,336 [INFO] ApiDb:274 - Set plugin database path to: C:\ST\STM32CubeIDE_1.18.0\STM32CubeIDE\plugins\com.st.stm32cube.common.mx_6.14.0.202502271554\\db\/plugins/boardmanager/
2026-06-02 09:34:51,336 [INFO] ApiDb:261 - Set plugin images path to: C:\ST\STM32CubeIDE_1.18.0\STM32CubeIDE\plugins\com.st.stm32cube.common.mx_6.14.0.202502271554\\db\/plugins/mcufinder/images/
2026-06-02 09:34:51,337 [WARN] DbFile:41 - Overriding database path with different value: C:\Users\hp\.stmcufinder\plugins\mcufinder/ => C:\Users\hp\.stmcufinder\plugins\mcufinder
2026-06-02 09:34:51,338 [INFO] ApiDb:250 - Set database path to: C:\Users\hp\.stmcufinder\plugins\mcufinder//mcu/
2026-06-02 09:34:51,339 [WARN] DbFile:41 - Overriding database path with different value: C:\Users\hp\.stmcufinder\plugins\mcufinder/ => C:\Users\hp\.stmcufinder\plugins\mcufinder
2026-06-02 09:34:51,339 [INFO] DbMcusAds:125 - Set database path to: C:\Users\hp\.stmcufinder\plugins\mcufinder//mcu/
2026-06-02 09:34:51,339 [WARN] DbFile:41 - Overriding database path with different value: C:\Users\hp\.stmcufinder\plugins\mcufinder/ => C:\Users\hp\.stmcufinder\plugins\mcufinder
2026-06-02 09:34:51,340 [WARN] DbFile:41 - Overriding database path with different value: C:\Users\hp\.stmcufinder\plugins\mcufinder/ => C:\Users\hp\.stmcufinder\plugins\mcufinder
2026-06-02 09:34:51,340 [INFO] CrossReferenceDbSqlite:203 - Set database path to: C:\Users\hp\.stmcufinder\plugins\mcufinder//mcu/cs/
2026-06-02 09:34:51,791 [INFO] MainPanel:272 - HeapMemory: 268435456
2026-06-02 09:34:52,139 [INFO] DbMcusXml:78 - Set database path to: C:\ST\STM32CubeIDE_1.18.0\STM32CubeIDE\plugins\com.st.stm32cube.common.mx_6.14.0.202502271554\\db\/mcu/
2026-06-02 09:34:52,140 [INFO] ApiDb:274 - Set plugin database path to: C:\ST\STM32CubeIDE_1.18.0\STM32CubeIDE\plugins\com.st.stm32cube.common.mx_6.14.0.202502271554\\db\/plugins/boardmanager/
2026-06-02 09:34:52,141 [INFO] ApiDb:261 - Set plugin images path to: C:\ST\STM32CubeIDE_1.18.0\STM32CubeIDE\plugins\com.st.stm32cube.common.mx_6.14.0.202502271554\\db\/plugins/mcufinder/images/
2026-06-02 09:34:52,141 [WARN] DbFile:41 - Overriding database path with different value: C:\Users\hp\.stmcufinder\plugins\mcufinder/ => C:\Users\hp\.stmcufinder\plugins\mcufinder
2026-06-02 09:34:52,143 [INFO] ApiDb:250 - Set database path to: C:\Users\hp\.stmcufinder\plugins\mcufinder//mcu/
2026-06-02 09:34:52,144 [WARN] DbFile:41 - Overriding database path with different value: C:\Users\hp\.stmcufinder\plugins\mcufinder/ => C:\Users\hp\.stmcufinder\plugins\mcufinder
2026-06-02 09:34:52,146 [INFO] DbMcusAds:125 - Set database path to: C:\Users\hp\.stmcufinder\plugins\mcufinder//mcu/
2026-06-02 09:34:52,147 [WARN] DbFile:41 - Overriding database path with different value: C:\Users\hp\.stmcufinder\plugins\mcufinder/ => C:\Users\hp\.stmcufinder\plugins\mcufinder
2026-06-02 09:34:52,147 [WARN] DbFile:41 - Overriding database path with different value: C:\Users\hp\.stmcufinder\plugins\mcufinder/ => C:\Users\hp\.stmcufinder\plugins\mcufinder
2026-06-02 09:34:52,149 [INFO] CrossReferenceDbSqlite:203 - Set database path to: C:\Users\hp\.stmcufinder\plugins\mcufinder//mcu/cs/
2026-06-02 09:34:52,229 [INFO] ApplicationProperties:184 - Using Application install path: C:\ST\STM32CubeIDE_1.18.0\STM32CubeIDE\plugins\com.st.stm32cube.common.mx_6.14.0.202502271554
2026-06-02 09:34:52,233 [INFO] PluginManage:196 - Search for loadable plugins [exclusion list=, ]
2026-06-02 09:34:52,239 [INFO] PluginManage:310 - Check plugin analytics
2026-06-02 09:34:52,746 [INFO] AnalyticsPlugin:253 - Accepted Software Licenses: 
2026-06-02 09:34:52,748 [INFO] AnalyticsPlugin:255 - Accepted CMSIS Pack Licenses: 
2026-06-02 09:34:52,748 [INFO] AnalyticsPlugin:257 - Accepted Firmware Licenses: FW.F4.1.28.0,FW.L4.1.18.0
2026-06-02 09:34:52,761 [INFO] PluginManage:359 - Loaded plugin analytics (category:tool,tabindex:-1)
2026-06-02 09:34:52,763 [INFO] PluginManage:310 - Check plugin cadmodel
2026-06-02 09:34:52,836 [INFO] CADModel:105 - Init CAD model plugin
2026-06-02 09:34:52,837 [INFO] PluginManage:359 - Loaded plugin cadmodel (category:power,tabindex:5)
2026-06-02 09:34:52,837 [INFO] PluginManage:310 - Check plugin clock
2026-06-02 09:34:52,904 [INFO] PluginManage:359 - Loaded plugin clock (category:base,tabindex:2)
2026-06-02 09:34:52,904 [INFO] PluginManage:310 - Check plugin ddr
2026-06-02 09:34:52,913 [INFO] PluginManage:359 - Loaded plugin ddr (category:tool,tabindex:6)
2026-06-02 09:34:52,914 [INFO] PluginManage:310 - Check plugin filemanager
2026-06-02 09:34:53,465 [INFO] PluginManage:359 - Loaded plugin filemanager (category:base,tabindex:10)
2026-06-02 09:34:53,466 [INFO] PluginManage:310 - Check plugin ipmanager
2026-06-02 09:34:53,490 [INFO] PluginManage:359 - Loaded plugin ipmanager (category:base,tabindex:5)
2026-06-02 09:34:53,490 [INFO] PluginManage:310 - Check plugin lpbam
2026-06-02 09:34:53,531 [INFO] PluginManage:359 - Loaded plugin lpbam (category:base,tabindex:0)
2026-06-02 09:34:53,532 [INFO] PluginManage:310 - Check plugin memorymap
2026-06-02 09:34:53,593 [INFO] PluginManage:359 - Loaded plugin memorymap (category:base,tabindex:4)
2026-06-02 09:34:53,594 [INFO] PluginManage:310 - Check plugin pinoutandconfiguration
2026-06-02 09:34:53,640 [INFO] PluginManage:359 - Loaded plugin pinoutandconfiguration (category:base,tabindex:1)
2026-06-02 09:34:53,640 [INFO] PluginManage:310 - Check plugin pinoutconfig
2026-06-02 09:34:53,836 [WARN] SupportedApi:132 - Cannot load RTOS API schema: s4s-elt-must-match.1: The content of 'definitions' must match (annotation?, (simpleType | complexType)?, (unique | key | keyref)*)). A problem was found starting at: attribute.
2026-06-02 09:34:54,163 [INFO] PluginManage:359 - Loaded plugin pinoutconfig (category:base,tabindex:0)
2026-06-02 09:34:54,163 [INFO] PluginManage:310 - Check plugin power
2026-06-02 09:34:54,211 [INFO] PluginManage:359 - Loaded plugin power (category:power,tabindex:4)
2026-06-02 09:34:54,211 [INFO] PluginManage:310 - Check plugin projectmanager
2026-06-02 09:34:54,250 [INFO] PluginManage:359 - Loaded plugin projectmanager (category:projectmanager,tabindex:4)
2026-06-02 09:34:54,250 [INFO] PluginManage:310 - Check plugin rif
2026-06-02 09:34:54,284 [INFO] PluginManage:359 - Loaded plugin rif (category:base,tabindex:3)
2026-06-02 09:34:54,285 [INFO] PluginManage:310 - Check plugin thirdparty
2026-06-02 09:34:55,325 [INFO] PluginManage:359 - Loaded plugin thirdparty (category:base,tabindex:-1)
2026-06-02 09:34:55,325 [WARN] IntegrityCheckThread:84 - waiting for thirdparty lock release [integrity check]
2026-06-02 09:34:55,327 [INFO] IntegrityCheckThread:86 - entering critical section [integrity check]
2026-06-02 09:34:55,326 [INFO] PluginManage:310 - Check plugin tools
2026-06-02 09:34:55,329 [INFO] ThirdPartyUpdaterWithRetryManager:70 - Updater plugin not ready yet. [1/15]
2026-06-02 09:34:55,475 [INFO] PluginManage:359 - Loaded plugin tools (category:base,tabindex:7)
2026-06-02 09:34:55,476 [INFO] PluginManage:310 - Check plugin tutovideos
2026-06-02 09:34:55,809 [INFO] PluginManage:359 - Loaded plugin tutovideos (category:base,tabindex:-1)
2026-06-02 09:34:55,809 [INFO] PluginManage:310 - Check plugin updater
2026-06-02 09:34:55,865 [INFO] PluginManage:359 - Loaded plugin updater (category:base,tabindex:12)
2026-06-02 09:34:55,865 [INFO] PluginManage:310 - Check plugin userauth
2026-06-02 09:34:55,893 [INFO] UserAuth:118 - Init User Auth plugin
2026-06-02 09:34:55,893 [INFO] PluginManage:359 - Loaded plugin userauth (category:base,tabindex:14)
2026-06-02 09:34:55,901 [INFO] PluginManage:283 - PluginManage : Loaded plugins [18]
2026-06-02 09:34:56,426 [INFO] PinOutPanel:1589 - setPackage(No Configuration,No Configuration)
2026-06-02 09:34:56,607 [INFO] CADModel:165 - CPN selected for project level
2026-06-02 09:34:56,607 [INFO] CADModel:114 - Register for checkConnection events
2026-06-02 09:34:56,653 [INFO] IPUIPlugin:80 - create IPUIPlugin
2026-06-02 09:34:56,653 [INFO] PluginManager:220 - loadIPPluginJar : add adc
2026-06-02 09:34:56,764 [INFO] IPUIPlugin:80 - create IPUIPlugin
2026-06-02 09:34:56,764 [INFO] PluginManager:220 - loadIPPluginJar : add aes
2026-06-02 09:34:56,875 [INFO] IPUIPlugin:80 - create IPUIPlugin
2026-06-02 09:34:56,875 [INFO] PluginManager:220 - loadIPPluginJar : add can
2026-06-02 09:34:56,936 [INFO] IPUIPlugin:80 - create IPUIPlugin
2026-06-02 09:34:56,936 [INFO] PluginManager:220 - loadIPPluginJar : add comp
2026-06-02 09:34:57,035 [INFO] IPUIPlugin:80 - create IPUIPlugin
2026-06-02 09:34:57,035 [INFO] PluginManager:220 - loadIPPluginJar : add cryp
2026-06-02 09:34:57,062 [INFO] IPUIPlugin:80 - create IPUIPlugin
2026-06-02 09:34:57,063 [INFO] PluginManager:220 - loadIPPluginJar : add ddr_ctrl_phy
2026-06-02 09:34:57,124 [INFO] IPUIPlugin:80 - create IPUIPlugin
2026-06-02 09:34:57,124 [INFO] PluginManager:220 - loadIPPluginJar : add dfsdm
2026-06-02 09:34:57,139 [INFO] IPUIPlugin:80 - create IPUIPlugin
2026-06-02 09:34:57,139 [INFO] PluginManager:220 - loadIPPluginJar : add dma
2026-06-02 09:34:57,219 [INFO] IPUIPlugin:80 - create IPUIPlugin
2026-06-02 09:34:57,219 [INFO] PluginManager:220 - loadIPPluginJar : add dma3
2026-06-02 09:34:57,315 [INFO] IPUIPlugin:80 - create IPUIPlugin
2026-06-02 09:34:57,315 [INFO] PluginManager:220 - loadIPPluginJar : add extmemmanager
2026-06-02 09:34:57,362 [INFO] IPUIPlugin:80 - create IPUIPlugin
2026-06-02 09:34:57,362 [INFO] PluginManager:220 - loadIPPluginJar : add fatfs
2026-06-02 09:34:57,453 [INFO] IPUIPlugin:80 - create IPUIPlugin
2026-06-02 09:34:57,454 [INFO] PluginManager:220 - loadIPPluginJar : add fmc
2026-06-02 09:34:57,475 [INFO] IPUIPlugin:80 - create IPUIPlugin
2026-06-02 09:34:57,475 [INFO] PluginManager:220 - loadIPPluginJar : add freertos
2026-06-02 09:34:57,512 [INFO] IPUIPlugin:80 - create IPUIPlugin
2026-06-02 09:34:57,512 [INFO] PluginManager:220 - loadIPPluginJar : add genericplugin
2026-06-02 09:34:57,692 [INFO] IPUIPlugin:80 - create IPUIPlugin
2026-06-02 09:34:57,692 [INFO] PluginManager:220 - loadIPPluginJar : add gfxmmu
2026-06-02 09:34:57,981 [INFO] IPUIPlugin:80 - create IPUIPlugin
2026-06-02 09:34:57,982 [INFO] PluginManager:220 - loadIPPluginJar : add gic
2026-06-02 09:34:58,011 [INFO] IPUIPlugin:80 - create IPUIPlugin
2026-06-02 09:34:58,011 [INFO] PluginManager:220 - loadIPPluginJar : add gpio
2026-06-02 09:34:58,271 [INFO] IPUIPlugin:80 - create IPUIPlugin
2026-06-02 09:34:58,271 [INFO] PluginManager:220 - loadIPPluginJar : add gtzc
2026-06-02 09:34:58,334 [INFO] ThirdPartyUpdaterWithRetryManager:70 - Updater plugin not ready yet. [2/15]
2026-06-02 09:34:58,362 [INFO] IPUIPlugin:80 - create IPUIPlugin
2026-06-02 09:34:58,364 [INFO] PluginManager:220 - loadIPPluginJar : add hash
2026-06-02 09:34:58,517 [INFO] IPUIPlugin:80 - create IPUIPlugin
2026-06-02 09:34:58,518 [INFO] PluginManager:220 - loadIPPluginJar : add i2c
2026-06-02 09:34:58,649 [INFO] IPUIPlugin:80 - create IPUIPlugin
2026-06-02 09:34:58,649 [INFO] PluginManager:220 - loadIPPluginJar : add i2s
2026-06-02 09:34:58,749 [INFO] IPUIPlugin:80 - create IPUIPlugin
2026-06-02 09:34:58,749 [INFO] PluginManager:220 - loadIPPluginJar : add i3c
2026-06-02 09:34:59,053 [INFO] IPUIPlugin:80 - create IPUIPlugin
2026-06-02 09:34:59,053 [INFO] PluginManager:220 - loadIPPluginJar : add ipddr
2026-06-02 09:34:59,306 [INFO] IPUIPlugin:80 - create IPUIPlugin
2026-06-02 09:34:59,306 [INFO] PluginManager:220 - loadIPPluginJar : add linkedlist
2026-06-02 09:34:59,406 [INFO] IPUIPlugin:80 - create IPUIPlugin
2026-06-02 09:34:59,406 [INFO] PluginManager:220 - loadIPPluginJar : add lorawan
2026-06-02 09:34:59,502 [INFO] IPUIPlugin:80 - create IPUIPlugin
2026-06-02 09:34:59,502 [INFO] PluginManager:220 - loadIPPluginJar : add ltdc
2026-06-02 09:34:59,540 [INFO] IPUIPlugin:80 - create IPUIPlugin
2026-06-02 09:34:59,541 [INFO] PluginManager:220 - loadIPPluginJar : add mdma
2026-06-02 09:34:59,569 [INFO] IPUIPlugin:80 - create IPUIPlugin
2026-06-02 09:34:59,569 [INFO] PluginManager:220 - loadIPPluginJar : add nvic
2026-06-02 09:34:59,664 [INFO] IPUIPlugin:80 - create IPUIPlugin
2026-06-02 09:34:59,664 [INFO] PluginManager:220 - loadIPPluginJar : add opamp
2026-06-02 09:34:59,831 [INFO] IPUIPlugin:80 - create IPUIPlugin
2026-06-02 09:34:59,831 [INFO] PluginManager:220 - loadIPPluginJar : add openamp
2026-06-02 09:34:59,950 [INFO] IPUIPlugin:80 - create IPUIPlugin
2026-06-02 09:34:59,950 [INFO] PluginManager:220 - loadIPPluginJar : add pdm2pcm
2026-06-02 09:34:59,980 [INFO] IPUIPlugin:80 - create IPUIPlugin
2026-06-02 09:34:59,980 [INFO] PluginManager:220 - loadIPPluginJar : add plateformsettings
2026-06-02 09:35:00,060 [INFO] IPUIPlugin:80 - create IPUIPlugin
2026-06-02 09:35:00,060 [INFO] PluginManager:220 - loadIPPluginJar : add quadspi
2026-06-02 09:35:00,134 [INFO] IPUIPlugin:80 - create IPUIPlugin
2026-06-02 09:35:00,134 [INFO] PluginManager:220 - loadIPPluginJar : add radio
2026-06-02 09:35:00,150 [INFO] IPUIPlugin:80 - create IPUIPlugin
2026-06-02 09:35:00,150 [INFO] PluginManager:220 - loadIPPluginJar : add resmgrutility
2026-06-02 09:35:00,293 [INFO] IPUIPlugin:80 - create IPUIPlugin
2026-06-02 09:35:00,293 [INFO] PluginManager:220 - loadIPPluginJar : add sai
2026-06-02 09:35:00,404 [INFO] IPUIPlugin:80 - create IPUIPlugin
2026-06-02 09:35:00,404 [INFO] PluginManager:220 - loadIPPluginJar : add spi
2026-06-02 09:35:00,634 [INFO] IPUIPlugin:80 - create IPUIPlugin
2026-06-02 09:35:00,634 [INFO] PluginManager:220 - loadIPPluginJar : add stm32_wpan
2026-06-02 09:35:00,697 [INFO] IPUIPlugin:80 - create IPUIPlugin
2026-06-02 09:35:00,697 [INFO] PluginManager:220 - loadIPPluginJar : add tim
2026-06-02 09:35:00,866 [INFO] IPUIPlugin:80 - create IPUIPlugin
2026-06-02 09:35:00,866 [INFO] PluginManager:220 - loadIPPluginJar : add touchsensing
2026-06-02 09:35:00,931 [INFO] IPUIPlugin:80 - create IPUIPlugin
2026-06-02 09:35:00,931 [INFO] PluginManager:220 - loadIPPluginJar : add tracer_emb
2026-06-02 09:35:01,008 [INFO] IPUIPlugin:80 - create IPUIPlugin
2026-06-02 09:35:01,008 [INFO] PluginManager:220 - loadIPPluginJar : add ts
2026-06-02 09:35:01,071 [INFO] IPUIPlugin:80 - create IPUIPlugin
2026-06-02 09:35:01,071 [INFO] PluginManager:220 - loadIPPluginJar : add tsc
2026-06-02 09:35:01,131 [INFO] IPUIPlugin:80 - create IPUIPlugin
2026-06-02 09:35:01,131 [INFO] PluginManager:220 - loadIPPluginJar : add ucpd
2026-06-02 09:35:01,254 [INFO] IPUIPlugin:80 - create IPUIPlugin
2026-06-02 09:35:01,254 [INFO] PluginManager:220 - loadIPPluginJar : add usart
2026-06-02 09:35:01,342 [INFO] ThirdPartyUpdaterWithRetryManager:70 - Updater plugin not ready yet. [3/15]
2026-06-02 09:35:01,374 [INFO] IPUIPlugin:80 - create IPUIPlugin
2026-06-02 09:35:01,374 [INFO] PluginManager:220 - loadIPPluginJar : add usbx
2026-06-02 09:35:01,637 [FATAL] Updater:351 - Updater called before beeing initialized
2026-06-02 09:35:01,709 [INFO] RulesReader:64 - Compatibility file has been processed (301 Rules)
2026-06-02 09:35:01,731 [INFO] RulesReader:64 - Compatibility file has been processed (301 Rules)
2026-06-02 09:35:01,754 [INFO] CADModel:165 - CPN selected for project level
2026-06-02 09:35:01,754 [INFO] CADModel:114 - Register for checkConnection events
2026-06-02 09:35:01,756 [FATAL] Updater:351 - Updater called before beeing initialized
2026-06-02 09:35:01,756 [ERROR] CADModel:125 - Updater not yet initialized, retry later 
2026-06-02 09:35:02,160 [FATAL] Updater:351 - Updater called before beeing initialized
2026-06-02 09:35:02,160 [INFO] CADModel:165 - CPN selected for project level
2026-06-02 09:35:02,160 [INFO] CADModel:114 - Register for checkConnection events
2026-06-02 09:35:02,176 [FATAL] Updater:351 - Updater called before beeing initialized
2026-06-02 09:35:02,176 [ERROR] CADModel:125 - Updater not yet initialized, retry later 
2026-06-02 09:35:02,185 [FATAL] Updater:351 - Updater called before beeing initialized
2026-06-02 09:35:02,469 [FATAL] Updater:351 - Updater called before beeing initialized
2026-06-02 09:35:02,501 [INFO] DbMcusAds:53 - JSON generation date=Thu May 28 21:38:17 IST 2026 (1779984497073)
2026-06-02 09:35:02,501 [FATAL] Updater:351 - Updater called before beeing initialized
2026-06-02 09:35:02,593 [WARN] DetailPanel:346 - Failed to get advertising image, set to default
2026-06-02 09:35:03,161 [FATAL] Updater:351 - Updater called before beeing initialized
2026-06-02 09:35:03,161 [FATAL] Updater:351 - Updater called before beeing initialized
2026-06-02 09:35:03,161 [FATAL] Updater:351 - Updater called before beeing initialized
2026-06-02 09:35:03,161 [WARN] DetailPanel:346 - Failed to get advertising image, set to default
2026-06-02 09:35:03,167 [FATAL] Updater:351 - Updater called before beeing initialized
2026-06-02 09:35:03,337 [ERROR] Updater:1198 - MainUpdater not yet initialized. External WinMGr cannot be set.
2026-06-02 09:35:03,363 [INFO] Updater:1134 - Updater Version found : 6.14.0
2026-06-02 09:35:03,396 [INFO] ApplicationProperties:184 - Using Application install path: C:\ST\STM32CubeIDE_1.18.0\STM32CubeIDE\plugins\com.st.stm32cube.common.mx_6.14.0.202502271554
2026-06-02 09:35:04,351 [INFO] ThirdPartyUpdaterWithRetryManager:70 - Updater plugin not ready yet. [4/15]
2026-06-02 09:35:04,412 [INFO] MainUpdater:2872 - connection check result : 10
2026-06-02 09:35:04,413 [INFO] MainUpdater:3566 - Updater definition file requires update
2026-06-02 09:35:04,419 [INFO] MainUpdater:289 - Updater Check For Update Now.
2026-06-02 09:35:04,421 [INFO] MicroXplorer:498 - Change Database Version : DB.6.0.140
2026-06-02 09:35:04,502 [INFO] McuFinderGlobals:63 - Set McuFinder mode to 2 (CubeIDE integrated)
2026-06-02 09:35:04,503 [INFO] UserAuth:171 - activating auth plugin
2026-06-02 09:35:04,512 [INFO] UserAuth:486 - Internet connection configuration mode: 1
2026-06-02 09:35:04,599 [INFO] JxBrowserEngine:152 - Initiate JxBrowser Engine with user profile folder
2026-06-02 09:35:04,626 [INFO] ServerAccessManage:473 - Download File updaters.zip
2026-06-02 09:35:04,899 [INFO] FileExtend:242 - Unzip File : updaters.zip
2026-06-02 09:35:04,899 [INFO] FileExtend:257 - Standard Zip Deflate
2026-06-02 09:35:07,369 [WARN] MainUpdater:1193 - Updater busy. Cannot search thirdparties
2026-06-02 09:35:07,370 [INFO] ThirdPartyUpdaterWithRetryManager:96 - Updater plugin is busy. [1/15]
2026-06-02 09:35:09,985 [INFO] ServerAccessManage:473 - Download File PacksControlFlags.xml
2026-06-02 09:35:10,385 [WARN] MainUpdater:1193 - Updater busy. Cannot search thirdparties
2026-06-02 09:35:10,385 [INFO] ThirdPartyUpdaterWithRetryManager:96 - Updater plugin is busy. [2/15]
2026-06-02 09:35:10,415 [INFO] ServerAccessManage:473 - Download File cubemx.pidx
2026-06-02 09:35:10,919 [INFO] WebApp:169 - Instantiating new browser for Auth
2026-06-02 09:35:13,392 [WARN] MainUpdater:1193 - Updater busy. Cannot search thirdparties
2026-06-02 09:35:13,392 [INFO] ThirdPartyUpdaterWithRetryManager:96 - Updater plugin is busy. [3/15]
2026-06-02 09:35:13,751 [INFO] WebApp:463 - Apply proxy settings
2026-06-02 09:35:13,753 [INFO] WebApp:548 - Chromium requires no authentication
2026-06-02 09:35:13,787 [INFO] WebApp:491 - Direct internet connection detected
2026-06-02 09:35:13,853 [INFO] WebApp:894 - Register for checkConnection events
2026-06-02 09:35:13,854 [INFO] WebApp:463 - Apply proxy settings
2026-06-02 09:35:13,854 [INFO] WebApp:548 - Chromium requires no authentication
2026-06-02 09:35:13,856 [INFO] WebApp:491 - Direct internet connection detected
2026-06-02 09:35:13,857 [INFO] ServerAccessManage:473 - Download File STMicroelectronics.X-CUBE-SMBUS.pdsc
2026-06-02 09:35:14,121 [INFO] WebApp:191 - Connection restablished
2026-06-02 09:35:14,226 [ERROR] ServerAccessManage:1089 - Problem, file not found on Server
2026-06-02 09:35:14,782 [INFO] WebApp:225 - Starting web application
2026-06-02 09:35:14,782 [INFO] WebApp:593 - Web application path used C:\ST\STM32CubeIDE_1.18.0\STM32CubeIDE\plugins\com.st.stm32cube.common.mx_6.14.0.202502271554\db\plugins\mcufinder\reactClient1\index.html
2026-06-02 09:35:16,404 [WARN] MainUpdater:1193 - Updater busy. Cannot search thirdparties
2026-06-02 09:35:16,406 [INFO] ThirdPartyUpdaterWithRetryManager:96 - Updater plugin is busy. [4/15]
2026-06-02 09:35:17,309 [WARN] PopulateThirdPartyThread:106 - Error when creating pack: C:/Users/hp/.stm32cubemx/thirdparties/pdsc/STMicroelectronics.X-CUBE-SMBUS.pdsc
2026-06-02 09:35:17,309 [INFO] PopulateThirdPartyThread:66 - Ending populate Thread
2026-06-02 09:35:17,309 [INFO] LoadServerUpdatesThread:375 - End of LoadServerUpdate Thread
2026-06-02 09:35:17,602 [INFO] CheckServerUpdateThread:120 - End of CheckServer Thread
2026-06-02 09:35:20,052 [WARN] PackLoader:240 - Cannot read IP mode file for STMicroelectronics.X-CUBE-AZRTOS-H7.3.5.0
2026-06-02 09:35:20,084 [WARN] PackLoader:240 - Cannot read IP mode file for STMicroelectronics.FP-ATR-ASTRA1.2.0.2
2026-06-02 09:35:20,095 [ERROR] Engine:466 - C:\Users\hp\.stm32cubemx\thirdparties\pdsc\STMicroelectronics.X-CUBE-SMBUS.2.1.1.pdsc: PDSC version is not supported
2026-06-02 09:35:20,122 [WARN] PackLoader:240 - Cannot read IP mode file for STMicroelectronics.X-CUBE-SMBUS.2.1.0
2026-06-02 09:35:20,202 [WARN] PackLoader:240 - Cannot read IP mode file for STMicroelectronics.X-CUBE-AZRTOS-F7.1.1.0
2026-06-02 09:35:20,253 [ERROR] Engine:466 - C:\Users\hp\.stm32cubemx\thirdparties\pdsc\STMicroelectronics.FP-SNS-MOTENV1.5.1.0.pdsc: PDSC version is not supported
2026-06-02 09:35:20,274 [ERROR] Engine:466 - C:\Users\hp\.stm32cubemx\thirdparties\pdsc\WES.I-CUBE-Cesium.1.4.0.pdsc: PDSC version is not supported
2026-06-02 09:35:20,320 [WARN] PackLoader:240 - Cannot read IP mode file for STMicroelectronics.X-CUBE-DISPLAY.3.0.0
2026-06-02 09:35:20,366 [WARN] PackLoader:240 - Cannot read IP mode file for STMicroelectronics.X-CUBE-GNSS1.7.1.1
2026-06-02 09:35:20,376 [ERROR] Engine:466 - C:\Users\hp\.stm32cubemx\thirdparties\pdsc\STMicroelectronics.FP-SNS-MOTENVWB1.1.5.0.pdsc: PDSC version is not supported
2026-06-02 09:35:20,410 [WARN] PackLoader:240 - Cannot read IP mode file for STMicroelectronics.X-CUBE-NFC10.1.0.0
2026-06-02 09:35:20,439 [WARN] PackLoader:240 - Cannot read IP mode file for STMicroelectronics.X-CUBE-ST60.1.1.0
2026-06-02 09:35:20,480 [WARN] PackLoader:240 - Cannot read IP mode file for emotas.I-CUBE-CANOPEN.1.3.0
2026-06-02 09:35:20,514 [WARN] PackLoader:240 - Cannot read IP mode file for STMicroelectronics.X-CUBE-GNSS1.7.1.0
2026-06-02 09:35:20,550 [ERROR] Engine:466 - C:\Users\hp\.stm32cubemx\thirdparties\pdsc\STMicroelectronics.FP-SNS-STBOX1.2.1.0.pdsc: PDSC version is not supported
2026-06-02 09:35:20,582 [WARN] PackLoader:240 - Cannot read IP mode file for STMicroelectronics.FP-SNS-SMARTAG2.1.2.0
2026-06-02 09:35:20,595 [WARN] PackLoader:240 - Cannot read IP mode file for STMicroelectronics.FP-SNS-FLIGHT1.5.1.0
2026-06-02 09:35:20,631 [INFO] LogOutputStream:77 - [STDOUT_REDIRECT] 1 : Invalid condition id : UX_CORESTACK_Condition cause : null
2026-06-02 09:35:20,631 [INFO] LogOutputStream:77 - [STDOUT_REDIRECT] 1 : Invalid condition id : UX_CORESTACK_Condition cause : null
2026-06-02 09:35:20,631 [INFO] LogOutputStream:77 - [STDOUT_REDIRECT] 1 : Invalid condition id : UX_CORESTACK_Condition cause : null
2026-06-02 09:35:20,640 [INFO] LogOutputStream:77 - [STDOUT_REDIRECT] 1 : Invalid condition id : UX_CORESTACK_Condition cause : null
2026-06-02 09:35:20,642 [INFO] LogOutputStream:77 - [STDOUT_REDIRECT] 1 : Invalid condition id : UX_CORESTACK_Condition cause : null
2026-06-02 09:35:20,651 [WARN] PackLoader:240 - Cannot read IP mode file for STMicroelectronics.X-CUBE-AZRTOS-WL.2.0.0
2026-06-02 09:35:20,708 [WARN] PackLoader:240 - Cannot read IP mode file for STMicroelectronics.X-CUBE-AZRTOS-H7RS.1.2.0
2026-06-02 09:35:20,750 [WARN] PackLoader:240 - Cannot read IP mode file for STMicroelectronics.X-CUBE-BLE2.3.3.0
2026-06-02 09:35:20,852 [WARN] PackLoader:240 - Cannot read IP mode file for Infineon.AIROC-Wi-Fi-Bluetooth-STM32.1.8.0
2026-06-02 09:35:20,897 [WARN] PackLoader:240 - Cannot read IP mode file for STMicroelectronics.X-CUBE-NFC9.1.0.0
2026-06-02 09:35:20,928 [WARN] PackLoader:240 - Cannot read IP mode file for STMicroelectronics.X-CUBE-BLE1.7.1.0
2026-06-02 09:35:20,940 [WARN] PackLoader:240 - Cannot read IP mode file for wolfSSL.I-CUBE-wolfMQTT.1.19.2
2026-06-02 09:35:20,977 [WARN] PackLoader:240 - Cannot read IP mode file for STMicroelectronics.X-CUBE-EEPRMA1.5.2.0
2026-06-02 09:35:21,004 [WARN] PackLoader:240 - Cannot read IP mode file for wolfSSL.I-CUBE-wolfSSL.5.8.4
2026-06-02 09:35:21,031 [ERROR] Engine:466 - C:\Users\hp\.stm32cubemx\thirdparties\pdsc\STMicroelectronics.FP-SNS-STAIOTCFT.1.1.0.pdsc: PDSC version is not supported
2026-06-02 09:35:21,129 [WARN] PackLoader:240 - Cannot read IP mode file for STMicroelectronics.X-CUBE-MEMS1.12.0.0
2026-06-02 09:35:21,299 [WARN] PackLoader:240 - Cannot read IP mode file for STMicroelectronics.X-CUBE-AZRTOS-G0.1.1.0
2026-06-02 09:35:21,347 [WARN] PackLoader:240 - Cannot read IP mode file for STMicroelectronics.X-CUBE-NFC4.3.0.0
2026-06-02 09:35:21,385 [WARN] PackLoader:240 - Cannot read IP mode file for EmbeddedOffice.I-CUBE-FS-RTOS.1.0.1
2026-06-02 09:35:21,394 [WARN] PackLoader:240 - Cannot read IP mode file for wolfSSL.I-CUBE-wolfTPM.3.8.0
2026-06-02 09:35:21,410 [WARN] PackLoader:240 - Cannot read IP mode file for STMicroelectronics.X-CUBE-TCPP.4.2.0
2026-06-02 09:35:21,458 [WARN] PackLoader:240 - Cannot read IP mode file for RealThread.X-CUBE-RT-Thread_Nano.4.1.1
2026-06-02 09:35:21,468 [WARN] PackLoader:240 - Cannot read IP mode file for STMicroelectronics.FP-ATR-SIGFOX1.3.2.0
2026-06-02 09:35:21,492 [ERROR] Engine:466 - C:\Users\hp\.stm32cubemx\thirdparties\pdsc\STMicroelectronics.X-CUBE-FREERTOS.1.5.0.pdsc: PDSC version is not supported
2026-06-02 09:35:21,517 [WARN] PackLoader:240 - Cannot read IP mode file for ITTIA_DB.I-CUBE-ITTIADB.8.9.0
2026-06-02 09:35:21,533 [WARN] PackLoader:240 - Cannot read IP mode file for Cesanta.I-CUBE-Mongoose.7.21.0
2026-06-02 09:35:21,559 [WARN] PackLoader:240 - Cannot read IP mode file for STMicroelectronics.X-CUBE-NFC6.3.2.0
2026-06-02 09:35:21,585 [WARN] PackLoader:240 - Cannot read IP mode file for STMicroelectronics.X-CUBE-AI.10.2.0
2026-06-02 09:35:21,681 [WARN] PackLoader:240 - Cannot read IP mode file for STMicroelectronics.X-CUBE-MEMS1.12.1.0
2026-06-02 09:35:21,932 [WARN] PackLoader:240 - Cannot read IP mode file for SEGGER.I-CUBE-embOS.1.3.1
2026-06-02 09:35:22,031 [WARN] PackLoader:240 - Cannot read IP mode file for STMicroelectronics.X-CUBE-ALGOBUILD.1.4.0
2026-06-02 09:35:22,075 [WARN] PackLoader:240 - Cannot read IP mode file for STMicroelectronics.X-CUBE-PM33A1.1.0.0
2026-06-02 09:35:22,426 [WARN] PackLoader:240 - Cannot read IP mode file for STMicroelectronics.X-CUBE-AZRTOS-F4.1.1.0
2026-06-02 09:35:22,479 [WARN] PackLoader:240 - Cannot read IP mode file for STMicroelectronics.X-CUBE-ISPU.2.1.0
2026-06-02 09:35:22,552 [ERROR] Engine:466 - C:\Users\hp\.stm32cubemx\thirdparties\pdsc\STMicroelectronics.X-CUBE-IPS.3.2.0.pdsc: PDSC version is not supported
2026-06-02 09:35:22,554 [WARN] PackLoader:240 - Cannot read IP mode file for STMicroelectronics.eDS-WB_DPC_TT-BIDIR.2.1.1
2026-06-02 09:35:22,610 [WARN] PackLoader:240 - Cannot read IP mode file for STMicroelectronics.X-CUBE-NFC12.1.0.0
2026-06-02 09:35:22,691 [WARN] PackLoader:240 - Cannot read IP mode file for STMicroelectronics.X-CUBE-AZRTOS-L5.2.0.0
2026-06-02 09:35:22,719 [WARN] PackLoader:240 - Cannot read IP mode file for STMicroelectronics.X-CUBE-ALGOBUILD.1.5.0
2026-06-02 09:35:22,740 [WARN] PackLoader:240 - Cannot read IP mode file for STMicroelectronics.eDS-WB_DPC_VIENNA.1.2.0
2026-06-02 09:35:22,751 [WARN] PackLoader:240 - Cannot read IP mode file for STMicroelectronics.eDS-WB_DPC_3PH2L-BIDIR.1.1.1
2026-06-02 09:35:22,778 [ERROR] Engine:466 - C:\Users\hp\.stm32cubemx\thirdparties\pdsc\STMicroelectronics.X-CUBE-ST67W61.1.3.0.pdsc: PDSC version is not supported
2026-06-02 09:35:22,814 [WARN] PackLoader:240 - Cannot read IP mode file for STMicroelectronics.X-CUBE-TOUCHGFX.4.26.1
2026-06-02 09:35:22,847 [WARN] PackLoader:240 - Cannot read IP mode file for STMicroelectronics.FP-SNS-STAIOTCFT.1.0.0
2026-06-02 09:35:22,879 [WARN] PackLoader:240 - Cannot read IP mode file for STMicroelectronics.X-CUBE-DPower.1.3.0
2026-06-02 09:35:22,934 [WARN] ConditionMgr:438 - getConditionDescription Invalid condition id : LAN8742 Phy interface Condition cause : null
2026-06-02 09:35:22,934 [WARN] PackLoader:240 - Cannot read IP mode file for STMicroelectronics.X-CUBE-AZRTOS-L4.2.0.0
2026-06-02 09:35:22,951 [WARN] ConditionMgr:1044 - genDependencies : Invalid condition id : LAN8742 Phy interface Condition cause : null
2026-06-02 09:35:22,951 [WARN] ConditionMgr:1044 - genDependencies : Invalid condition id : LAN8742 Phy interface Condition cause : null
2026-06-02 09:35:22,951 [WARN] ConditionMgr:1044 - genDependencies : Invalid condition id : LAN8742 Phy interface Condition cause : null
2026-06-02 09:35:23,003 [WARN] PackLoader:240 - Cannot read IP mode file for STMicroelectronics.X-CUBE-SFXS2LP1.4.0.0
2026-06-02 09:35:23,041 [WARN] PackLoader:240 - Cannot read IP mode file for STMicroelectronics.X-CUBE-WB05N.2.1.0
2026-06-02 09:35:23,077 [ERROR] Engine:466 - C:\Users\hp\.stm32cubemx\thirdparties\pdsc\STMicroelectronics.X-CUBE-ST67W61.1.2.0.pdsc: PDSC version is not supported
2026-06-02 09:35:23,125 [WARN] PackLoader:240 - Cannot read IP mode file for STMicroelectronics.X-CUBE-BLEMGR.4.1.0
2026-06-02 09:35:23,177 [WARN] ConditionMgr:438 - getConditionDescription Invalid condition id : UX DEVICE CLASS RTOS Condition cause : null
2026-06-02 09:35:23,177 [WARN] ConditionMgr:438 - getConditionDescription Invalid condition id : UX DEVICE CLASS RTOS Condition cause : null
2026-06-02 09:35:23,179 [WARN] PackLoader:240 - Cannot read IP mode file for STMicroelectronics.X-CUBE-AZRTOS-WB.2.0.0
2026-06-02 09:35:23,183 [WARN] ConditionMgr:1044 - genDependencies : Invalid condition id : UX DEVICE CLASS RTOS Condition cause : null
2026-06-02 09:35:23,183 [WARN] ConditionMgr:1044 - genDependencies : Invalid condition id : UX DEVICE CLASS RTOS Condition cause : null
2026-06-02 09:35:23,183 [WARN] ConditionMgr:1044 - genDependencies : Invalid condition id : UX DEVICE CLASS RTOS Condition cause : null
2026-06-02 09:35:23,184 [WARN] ConditionMgr:1044 - genDependencies : Invalid condition id : UX DEVICE CLASS RTOS Condition cause : null
2026-06-02 09:35:23,184 [WARN] ConditionMgr:1044 - genDependencies : Invalid condition id : UX DEVICE CLASS RTOS Condition cause : null
2026-06-02 09:35:23,195 [WARN] ConditionMgr:438 - getConditionDescription Invalid condition id : Cortex-A Device cause : null
2026-06-02 09:35:23,240 [WARN] ConditionMgr:1044 - genDependencies : Invalid condition id : Cortex-A Device cause : null
2026-06-02 09:35:23,240 [WARN] ConditionMgr:1044 - genDependencies : Invalid condition id : Cortex-A Device cause : null
2026-06-02 09:35:23,240 [WARN] ConditionMgr:1044 - genDependencies : Invalid condition id : Cortex-A Device cause : null
2026-06-02 09:35:23,295 [WARN] PackLoader:240 - Cannot read IP mode file for STMicroelectronics.X-CUBE-STSE01.2.0.0
2026-06-02 09:35:23,354 [WARN] PackLoader:240 - Cannot read IP mode file for STMicroelectronics.X-CUBE-SUBG2.5.0.0
2026-06-02 09:35:23,450 [WARN] PackLoader:240 - Cannot read IP mode file for STMicroelectronics.X-CUBE-AZRTOS-G4.2.0.0
2026-06-02 09:35:23,467 [WARN] PackLoader:240 - Cannot read IP mode file for wolfSSL.I-CUBE-wolfSSH.1.4.20
2026-06-02 09:35:23,502 [WARN] PackLoader:240 - Cannot read IP mode file for STMicroelectronics.X-CUBE-NFC7.2.0.0
2026-06-02 09:35:23,533 [WARN] PackLoader:240 - Cannot read IP mode file for STMicroelectronics.X-CUBE-ALS.1.0.2
2026-06-02 09:35:23,592 [WARN] PackLoader:240 - Cannot read IP mode file for STMicroelectronics.X-CUBE-TOF1.3.4.3
2026-06-02 09:35:23,609 [INFO] ThirdParty:978 - Integrity check success = true
2026-06-02 09:35:23,609 [INFO] IntegrityCheckThread:100 - exiting critical section [integrity check]
2026-06-02 09:35:23,609 [INFO] IntegrityCheckThread:103 - End integrity checks thread
2026-06-02 09:43:35,660 [INFO] McuFinderGlobals:63 - Set McuFinder mode to 2 (CubeIDE integrated)
2026-06-02 09:43:35,683 [INFO] MainUpdater:2872 - connection check result : 10
2026-06-02 09:43:35,694 [INFO] McuFinderGlobals:76 - Set McuFinderConnectedMode to true
2026-06-02 09:43:36,057 [INFO] ServerAccessManage:473 - Download File mcusAds.json._tmp_
2026-06-02 09:43:36,172 [INFO] LoadUrlFilesThread:156 - End of LoadUrlFiles Thread
2026-06-02 09:43:36,465 [INFO] ServerAccessManage:473 - Download File cube-finder-db.zip
2026-06-02 09:43:41,062 [INFO] FileExtend:242 - Unzip File : cube-finder-db.zip
2026-06-02 09:43:41,063 [INFO] FileExtend:257 - Standard Zip Deflate
2026-06-02 09:43:43,427 [INFO] LoadUrlFilesThread:156 - End of LoadUrlFiles Thread
2026-06-02 09:43:44,547 [INFO] ServerAccessManage:473 - Download File crdb.zip
2026-06-02 09:43:45,459 [INFO] FileExtend:242 - Unzip File : crdb.zip
2026-06-02 09:43:45,460 [INFO] FileExtend:257 - Standard Zip Deflate
2026-06-02 09:43:45,628 [INFO] LoadUrlFilesThread:156 - End of LoadUrlFiles Thread
2026-06-02 09:43:45,672 [INFO] ServerAccessManage:473 - Download File tutoVideoDB.zip
2026-06-02 09:43:45,715 [INFO] FileExtend:242 - Unzip File : tutoVideoDB.zip
2026-06-02 09:43:45,716 [INFO] FileExtend:257 - Standard Zip Deflate
2026-06-02 09:43:45,845 [INFO] LoadUrlFilesThread:156 - End of LoadUrlFiles Thread
2026-06-02 09:43:45,851 [WARN] DbFile:41 - Overriding database path with different value: C:\Users\hp\.stmcufinder\plugins\mcufinder/ => C:\Users\hp\.stmcufinder\plugins\mcufinder
2026-06-02 09:43:46,143 [ERROR] ServerAccessManage:1089 - Problem, file not found on Server
2026-06-02 09:43:46,147 [ERROR] ServerAccessManage:651 - Problem, file not found on Server : api_config.json.
2026-06-02 09:43:54,434 [INFO] LoadUrlFilesThread:156 - End of LoadUrlFiles Thread
2026-06-02 09:43:56,014 [INFO] DbMcusAds:53 - JSON generation date=Thu May 28 21:38:17 IST 2026 (1779984497073)
2026-06-02 09:43:56,085 [ERROR] TargetSelectorAdapter:267 - Unable to refresh data
2026-06-02 09:43:57,212 [INFO] ApiDb:581 - Connected to CubeFinder SQLite database (C:\Users\hp\.stmcufinder\plugins\mcufinder\mcu\cube-finder-db.db)
2026-06-02 09:43:57,406 [INFO] ApiDb:668 - CubeFinder database Data Model version=2.1
2026-06-02 09:43:57,406 [INFO] ApiDb:669 - CubeFinder database Configuration version=3.0.42
2026-06-02 09:43:57,409 [INFO] ApiDb:670 - CubeFinder database generation date=2026-05-06 (1778060171)
2026-06-02 09:43:57,411 [INFO] ApiDb:671 - CubeFinder database FW Pack versions=[FP-ATR-ASTRA1_V2.0.0, FP-SNS-FLIGHT1_V5.1.0, FP-SNS-MOTENV1_V5.1.0, FP-SNS-MOTENVWB1_V1.5.0, FP-SNS-SMARTAG2_V1.2.0, FP-SNS-STBOX1_V2.1.0, STM32Cube_FW_C0_V1.4.0, STM32Cube_FW_F4_V1.28.3, STM32Cube_FW_F7_V1.17.4, STM32Cube_FW_G0_V1.6.3, STM32Cube_FW_G4_V1.6.2, STM32Cube_FW_H5_V1.6.0, STM32Cube_FW_H7RS_V1.3.0, STM32Cube_FW_H7_V1.13.0, STM32Cube_FW_L0_V1.12.2, STM32Cube_FW_L4_V1.18.2, STM32Cube_FW_L5_V1.6.0, STM32Cube_FW_N6_V1.3.0, STM32Cube_FW_U0_V1.3.0, STM32Cube_FW_U3_V1.3.0, STM32Cube_FW_U5_V1.8.0, STM32Cube_FW_WB0_V1.4.0, STM32Cube_FW_WBA_V1.9.0, STM32Cube_FW_WB_V1.24.0, STM32Cube_FW_WL3_V1.4.0, STM32Cube_FW_WL_V1.5.0, X-CUBE-ALGOBUILD_V1.4.0, X-CUBE-ALS_V1.0.2, X-CUBE-AZRTOS-F4_V1.1.0, X-CUBE-AZRTOS-F7_V1.1.0, X-CUBE-AZRTOS-G0_V1.1.0, X-CUBE-AZRTOS-G4_V2.0.0, X-CUBE-AZRTOS-H7RS_V1.1.0, X-CUBE-AZRTOS-H7_V3.5.0, X-CUBE-AZRTOS-L4_V2.0.0, X-CUBE-AZRTOS-L5_V2.0.0, X-CUBE-AZRTOS-WB_V2.0.0, X-CUBE-AZRTOS-WL_V2.0.0, X-CUBE-BLE1_V7.1.0, X-CUBE-BLE2_V3.3.0, X-CUBE-BLEMGR_V4.1.0, X-CUBE-EEPRMA1_V5.2.0, X-CUBE-FREERTOS_V1.5.0, X-CUBE-GNSS1_V6.0.0, X-CUBE-MEMS1_V12.0.0, X-CUBE-NFC4_V3.0.0, X-CUBE-NFC7_V2.0.0, X-CUBE-SFXS2LP1_V4.0.0, X-CUBE-ST67W61_V1.2.0, X-CUBE-SUBG2_V5.0.0, X-CUBE-TOF1_V3.4.3]
2026-06-02 09:43:57,547 [INFO] DbBoardsSqlite:226 - include board P-NUCLEO-WB55-NUCLEO as a kit item of type 'Nucleo-64'
2026-06-02 09:43:57,547 [INFO] DbBoardsSqlite:226 - include board P-NUCLEO-WB55-USBDONGLE as a kit item of type 'Nucleo USB Dongle'
2026-06-02 09:43:57,547 [INFO] DbBoardsSqlite:226 - include board STEVAL-IDP005V1 as a kit item of type 'Evaluation Board'
2026-06-02 09:43:57,547 [INFO] DbBoardsSqlite:226 - include board STEVAL-IDP005V2 as a kit item of type 'Evaluation Board'
2026-06-02 09:43:57,723 [INFO] ApiDb:240 - Found 895 in-development CPN: [B-G473E-ZEST1S, B-WB1M-WPAN1, B-WBA5M-WPAN, B-WL5M-SUBG1, NUCLEO-C031C6, NUCLEO-C051C8, NUCLEO-C071RB, NUCLEO-C092RC, NUCLEO-H503RB, NUCLEO-H533RE, NUCLEO-H563ZI, NUCLEO-H7S3L8, NUCLEO-N657X0-Q, NUCLEO-U031R8, NUCLEO-U083RC, NUCLEO-U385RG-Q, NUCLEO-U545RE-Q, NUCLEO-U5A5ZJ-Q, NUCLEO-WB05KZ, NUCLEO-WB07CC, NUCLEO-WB09KE, NUCLEO-WBA52CG, NUCLEO-WBA55CG, NUCLEO-WBA65RI, NUCLEO-WL33CC1, NUCLEO-WL33CC2, STEVAL-PROTEUS1, STEVAL-SMARTAG2, STEVAL-STWINBX1, STM320518-EVAL, STM32C0116-DK, STM32C011D6Y3TR, STM32C011D6Y6TR, STM32C011F4P3, STM32C011F4P6, STM32C011F4U3, STM32C011F4U6TR, STM32C011F6P3, STM32C011F6P6, STM32C011F6U3, STM32C011F6U6TR, STM32C011J4M3, STM32C011J4M6, STM32C011J6M3, STM32C011J6M6, STM32C0316-DK, STM32C031C4T3, STM32C031C4T6, STM32C031C4U3, STM32C031C4U6, STM32C031C6T3, STM32C031C6T6, STM32C031C6U3, STM32C031C6U6, STM32C031F4P3, STM32C031F4P6, STM32C031F6P3, STM32C031F6P6, STM32C031G4U3, STM32C031G4U6, STM32C031G6U3, STM32C031G6U6, STM32C031K4T3, STM32C031K4T6, STM32C031K4U3, STM32C031K4U6, STM32C031K6T3, STM32C031K6T6, STM32C031K6U3, STM32C031K6U6, STM32C051C6T6, STM32C051C6U6, STM32C051C8T6, STM32C051C8U6, STM32C051D8Y6TR, STM32C051F6P6, STM32C051F8P6, STM32C051G6U6, STM32C051G8U6, STM32C051K6T6, STM32C051K6U6, STM32C051K8T6, STM32C071C8T6, STM32C071C8T6N, STM32C071C8U6, STM32C071C8U6N, STM32C071CBT6, STM32C071CBT6N, STM32C071CBU6, STM32C071CBU6N, STM32C071F8P6, STM32C071F8P6N, STM32C071FBP6, STM32C071FBP6N, STM32C071FBY6TR, STM32C071G8U6, STM32C071G8U6N, STM32C071GBU6, STM32C071GBU6N, STM32C071K8T6, STM32C071K8T6N, STM32C071K8U6, STM32C071K8U6N, STM32C071KBT6, STM32C071KBT6N, STM32C071KBU6, STM32C071KBU6N, STM32C071R8T6, STM32C071R8T6N, STM32C071RBI6N, STM32C071RBT6, STM32C071RBT6N, STM32C091CBT6, STM32C091CBU6, STM32C091CCT6, STM32C091CCU6, STM32C091ECY6TR, STM32C091FBP6, STM32C091FCP6, STM32C091GBU6, STM32C091GCU6, STM32C091KBT6, STM32C091KBU6, STM32C091KCT6, STM32C091KCU6, STM32C091RBT6, STM32C091RCI6, STM32C091RCT6, STM32C092CBT6, STM32C092CBU6, STM32C092CCT6, STM32C092CCU6, STM32C092ECY6TR, STM32C092FBP6, STM32C092FCP6, STM32C092GBU6, STM32C092GCU6, STM32C092KBT6, STM32C092KBU6, STM32C092KCT6, STM32C092KCU6, STM32C092RBT6, STM32C092RCI6, STM32C092RCT6, STM32G071K8TXN, STM32G071K8UXN, STM32G081GBU6N, STM32G081KBT6N, STM32G081KBUXN, STM32G0B1CCT6N, STM32G0B1KCT6, STM32G0B1NEY6TR, STM32G0B1RCT6N, STM32G0C1CCT6, STM32G0C1CCT6N, STM32G0C1CCU6N, STM32G0C1CET6N, STM32G0C1CEU6N, STM32G0C1KCT6, STM32G0C1NEY6TR, STM32G0C1RCI6N, STM32G0C1RCT6N, STM32G0C1REI6N, STM32G0C1RET6N, STM32G0C1VCI6, STM32G0C1VEI6, STM32G411C6T3, STM32G411C6T6, STM32G411C6U3, STM32G411C6U6, STM32G411C8T3, STM32G411C8T6, STM32G411C8U3, STM32G411C8U6, STM32G411CBT3, STM32G411CBT6, STM32G411CBU3, STM32G411CBU6, STM32G411CCT3, STM32G411CCT6, STM32G411CCU3, STM32G411CCU6, STM32G411K6T3, STM32G411K6T6, STM32G411K6U3, STM32G411K6U6, STM32G411K8T3, STM32G411K8T6, STM32G411K8U3, STM32G411K8U6, STM32G411KBT3, STM32G411KBT6, STM32G411KBU3, STM32G411KBU6, STM32G411M6T3, STM32G411M6T6, STM32G411M8T3, STM32G411M8T6, STM32G411MBT3, STM32G411MBT6, STM32G411MCT3, STM32G411MCT6, STM32G411R6T3, STM32G411R6T6, STM32G411R8T3, STM32G411R8T6, STM32G411RBT3, STM32G411RBT6, STM32G411RCT3, STM32G411RCT6, STM32G414CBT3, STM32G414CBT6, STM32G414CBU3, STM32G414CBU6, STM32G414CCT3, STM32G414CCT6, STM32G414CCU3, STM32G414CCU6, STM32G414MBT3, STM32G414MBT6, STM32G414MCT3, STM32G414MCT6, STM32G414RBT3, STM32G414RBT6, STM32G414RCT3, STM32G414RCT6, STM32G414VBT3, STM32G414VBT6, STM32G414VCT3, STM32G414VCT6, STM32G431CBT3Z, STM32G431RBT3Z, STM32G471CCT6, STM32G471CCU6, STM32G471CET3, STM32G471CET6, STM32G471CEU3, STM32G471CEU6, STM32G471MCT6, STM32G471MET3, STM32G471MET6, STM32G471MEY6TR, STM32G471QCT6, STM32G471QET3, STM32G471RCT6, STM32G471RET3, STM32G471RET6, STM32G471VCH6, STM32G471VCI6, STM32G471VCT6, STM32G471VEH3, STM32G471VEH6, STM32G471VEI3, STM32G471VEI6, STM32G471VET3, STM32G471VET6, STM32G473QET3Z, STM32G473RET3Z, STM32G474CCT6, STM32G491RET3Z, STM32H503CBT6, STM32H503CBU6, STM32H503EBY6TR, STM32H503KBU6, STM32H503RBT6, STM32H523CCT6, STM32H523CCU6, STM32H523CET6, STM32H523CEU6, STM32H523HEY6TR, STM32H523RCT6, STM32H523RET6, STM32H523VCI6, STM32H523VCT6, STM32H523VEI6, STM32H523VET6, STM32H523ZCJ6, STM32H523ZCT6, STM32H523ZEJ6, STM32H523ZET6, STM32H533CET6, STM32H533CEU6, STM32H533HEY6TR, STM32H533RET6, STM32H533VEI6, STM32H533VET6, STM32H533ZEJ6, STM32H533ZET6, STM32H562AGI6, STM32H562AII6, STM32H562IGK6, STM32H562IGT6, STM32H562IIK6, STM32H562IIT6, STM32H562RGT6, STM32H562RGV6, STM32H562RIT6, STM32H562RIV6, STM32H562VGT6, STM32H562VIT6, STM32H562ZGT6, STM32H562ZIT6, STM32H563AGI6, STM32H563AII3Q, STM32H563AII6, STM32H563IGK6, STM32H563IGT6, STM32H563IIK3Q, STM32H563IIK6, STM32H563IIT3Q, STM32H563IIT6, STM32H563MIY3QTR, STM32H563RGT6, STM32H563RGV6, STM32H563RIT6, STM32H563RIV6, STM32H563VGT6, STM32H563VIT3Q, STM32H563VIT6, STM32H563ZGT6, STM32H563ZIT3Q, STM32H563ZIT6, STM32H573AII3Q, STM32H573AII6, STM32H573I-DK, STM32H573IIK3Q, STM32H573IIK6, STM32H573IIT3Q, STM32H573IIT6, STM32H573MIY3QTR, STM32H573RIT6, STM32H573RIV6, STM32H573VIT3Q, STM32H573VIT6, STM32H573ZIT3Q, STM32H573ZIT6, STM32H7R3A8I6, STM32H7R3I8K6, STM32H7R3I8T6, STM32H7R3L8H6, STM32H7R3L8H6H, STM32H7R3R8V6, STM32H7R3V8H6, STM32H7R3V8T6, STM32H7R3V8Y6TR, STM32H7R3Z8J6, STM32H7R3Z8T6, STM32H7R7A8I6, STM32H7R7I8K6, STM32H7R7I8T6, STM32H7R7L8H6, STM32H7R7L8H6H, STM32H7R7Z8J6, STM32H7S3A8I6, STM32H7S3I8K6, STM32H7S3I8T6, STM32H7S3L8H6, STM32H7S3L8H6H, STM32H7S3R8V6, STM32H7S3V8H6, STM32H7S3V8T6, STM32H7S3V8Y6TR, STM32H7S3Z8J6, STM32H7S3Z8T6, STM32H7S78-DK, STM32H7S7A8I6, STM32H7S7I8K6, STM32H7S7I8T6, STM32H7S7L8H6, STM32H7S7L8H6H, STM32H7S7Z8J6, STM32L4R5QGI6STR, STM32MP131AAE3, STM32MP131AAF3, STM32MP131AAG3, STM32MP131CAE3, STM32MP131CAF3, STM32MP131CAG3, STM32MP131DAE7, STM32MP131DAF7, STM32MP131DAG7, STM32MP131FAE7, STM32MP131FAF7, STM32MP131FAG7, STM32MP133AAE3, STM32MP133AAF3, STM32MP133AAG3, STM32MP133CAE3, STM32MP133CAF3, STM32MP133CAG3, STM32MP133DAE7, STM32MP133DAF7, STM32MP133DAG7, STM32MP133FAE7, STM32MP133FAF7, STM32MP133FAG7, STM32MP135AAE3, STM32MP135AAF3, STM32MP135AAG3, STM32MP135CAE3, STM32MP135CAF3, STM32MP135CAG3, STM32MP135DAE7, STM32MP135DAF7, STM32MP135DAG7, STM32MP135F-DK, STM32MP135FAE7, STM32MP135FAF7, STM32MP135FAF7T, STM32MP135FAF7U, STM32MP135FAG7, STM32MP231AAJ3, STM32MP231AAK3, STM32MP231AAL3, STM32MP231CAJ3, STM32MP231CAK3, STM32MP231CAL3, STM32MP231DAJ3, STM32MP231DAK3, STM32MP231DAL3, STM32MP231FAJ3, STM32MP231FAK3, STM32MP231FAL3, STM32MP233AAJ3, STM32MP233AAK3, STM32MP233AAL3, STM32MP233CAJ3, STM32MP233CAK3, STM32MP233CAL3, STM32MP233DAJ3, STM32MP233DAK3, STM32MP233DAL3, STM32MP233FAJ3, STM32MP233FAK3, STM32MP233FAL3, STM32MP235AAJ3, STM32MP235AAK3, STM32MP235AAL3, STM32MP235CAJ3, STM32MP235CAK3, STM32MP235CAL3, STM32MP235DAJ3, STM32MP235DAK3, STM32MP235DAL3, STM32MP235FAJ3, STM32MP235FAK3, STM32MP235FAL3, STM32MP251AAI3, STM32MP251AAJ3, STM32MP251AAK3, STM32MP251AAL3, STM32MP251CAI3, STM32MP251CAJ3, STM32MP251CAK3, STM32MP251CAL3, STM32MP251DAI3, STM32MP251DAJ3, STM32MP251DAK3, STM32MP251DAL3, STM32MP251FAI3, STM32MP251FAJ3, STM32MP251FAK3, STM32MP251FAL3, STM32MP253AAI3, STM32MP253AAJ3, STM32MP253AAK3, STM32MP253AAL3, STM32MP253CAI3, STM32MP253CAJ3, STM32MP253CAK3, STM32MP253CAL3, STM32MP253DAI3, STM32MP253DAJ3, STM32MP253DAK3, STM32MP253DAL3, STM32MP253FAI3, STM32MP253FAJ3, STM32MP253FAK3, STM32MP253FAL3, STM32MP255AAI3, STM32MP255AAJ3, STM32MP255AAK3, STM32MP255AAL3, STM32MP255CAI3, STM32MP255CAJ3, STM32MP255CAK3, STM32MP255CAL3, STM32MP255DAI3, STM32MP255DAJ3, STM32MP255DAK3, STM32MP255DAL3, STM32MP255FAI3, STM32MP255FAJ3, STM32MP255FAK3, STM32MP255FAL3, STM32MP257AAI3, STM32MP257AAJ3, STM32MP257AAK3, STM32MP257AAL3, STM32MP257CAI3, STM32MP257CAJ3, STM32MP257CAK3, STM32MP257CAL3, STM32MP257DAI3, STM32MP257DAJ3, STM32MP257DAK3, STM32MP257DAL3, STM32MP257F-DK, STM32MP257F-EV1, STM32MP257FAI3, STM32MP257FAJ3, STM32MP257FAK3, STM32MP257FAL3, STM32N645A0H3Q, STM32N645B0H3Q, STM32N645I0H3Q, STM32N645L0H3Q, STM32N645X0H3Q, STM32N645Z0H3Q, STM32N647A0H3Q, STM32N647B0H3Q, STM32N647I0H3Q, STM32N647L0H3Q, STM32N647X0H3Q, STM32N647Z0H3Q, STM32N655A0H3Q, STM32N655B0H3Q, STM32N655I0H3Q, STM32N655L0H3Q, STM32N655X0H3Q, STM32N655Z0H3Q, STM32N6570-DK, STM32N657A0H3Q, STM32N657B0H3Q, STM32N657I0H3Q, STM32N657L0H3Q, STM32N657X0H3Q, STM32N657Z0H3Q, STM32U031C6T6, STM32U031C6U6, STM32U031C8T6, STM32U031C8U6, STM32U031F4P6, STM32U031F6P6, STM32U031F8P6, STM32U031G6Y6TR, STM32U031G8Y6TR, STM32U031K4U6, STM32U031K6U6, STM32U031K8U6, STM32U031R6I6, STM32U031R6T6, STM32U031R8I6, STM32U031R8T6, STM32U073C8T6, STM32U073C8U6, STM32U073CBT6, STM32U073CBU6, STM32U073CCT6, STM32U073CCU6, STM32U073H8Y6TR, STM32U073HBY6TR, STM32U073HCY6TR, STM32U073K8U6, STM32U073KBU6, STM32U073KCU6, STM32U073M8I6, STM32U073M8T6, STM32U073MBI6, STM32U073MBT6, STM32U073MCI6, STM32U073MCT6, STM32U073R8I6, STM32U073R8T6, STM32U073RBI6, STM32U073RBT6, STM32U073RCI6, STM32U073RCT6, STM32U083C-DK, STM32U083CCT6, STM32U083CCU6, STM32U083HCY6TR, STM32U083KCU6, STM32U083MCI6, STM32U083MCT6, STM32U083RCI6, STM32U083RCT6, STM32U375CET6, STM32U375CET6Q, STM32U375CEU6, STM32U375CEU6Q, STM32U375CEY6QTR, STM32U375CGT6, STM32U375CGT6Q, STM32U375CGU6, STM32U375CGU6Q, STM32U375CGY6QTR, STM32U375KEU6, STM32U375KGU6, STM32U375REI6, STM32U375REI6Q, STM32U375RET6, STM32U375RET6Q, STM32U375REY6GTR, STM32U375REY6QTR, STM32U375RGI6, STM32U375RGI6Q, STM32U375RGT6, STM32U375RGT6Q, STM32U375RGY6GTR, STM32U375RGY6QTR, STM32U375VEI6, STM32U375VEI6Q, STM32U375VET6, STM32U375VET6Q, STM32U375VGI6, STM32U375VGI6Q, STM32U375VGT6, STM32U375VGT6Q, STM32U385CGT6, STM32U385CGT6Q, STM32U385CGU6, STM32U385CGU6Q, STM32U385CGY6QTR, STM32U385KGU6, STM32U385RGI6, STM32U385RGI6Q, STM32U385RGT6, STM32U385RGT6Q, STM32U385RGY6GTR, STM32U385RGY6QTR, STM32U385VGI6, STM32U385VGI6Q, STM32U385VGT6, STM32U385VGT6Q, STM32U535CBT6, STM32U535CBT6Q, STM32U535CBU6, STM32U535CBU6Q, STM32U535CCT6, STM32U535CCT6Q, STM32U535CCU6, STM32U535CCU6Q, STM32U535CET6, STM32U535CET6Q, STM32U535CEU6, STM32U535CEU6Q, STM32U535JEY6QTR, STM32U535NCY6QTR, STM32U535NEY6QTR, STM32U535RBI6, STM32U535RBI6Q, STM32U535RBT6, STM32U535RBT6Q, STM32U535RCI6, STM32U535RCI6Q, STM32U535RCT6, STM32U535RCT6Q, STM32U535REI6, STM32U535REI6Q, STM32U535RET6, STM32U535RET6Q, STM32U535VCI6, STM32U535VCI6Q, STM32U535VCT6, STM32U535VCT6Q, STM32U535VEI6, STM32U535VEI6Q, STM32U535VET6, STM32U535VET6Q, STM32U545CET6, STM32U545CET6Q, STM32U545CEU6, STM32U545CEU6Q, STM32U545JEY6QTR, STM32U545NEY6QTR, STM32U545REI6, STM32U545REI6Q, STM32U545RET6, STM32U545RET6Q, STM32U545VEI6, STM32U545VEI6Q, STM32U545VET6, STM32U545VET6Q, STM32U595AIH6, STM32U595AIH6Q, STM32U595AJH6, STM32U595AJH6Q, STM32U595QII6, STM32U595QII6Q, STM32U595QJI6, STM32U595QJI6Q, STM32U595RIT6, STM32U595RIT6Q, STM32U595RJT6, STM32U595RJT6Q, STM32U595VIT6, STM32U595VIT6Q, STM32U595VJT6, STM32U595VJT6Q, STM32U595ZIT6, STM32U595ZIT6Q, STM32U595ZIY6QTR, STM32U595ZJT6, STM32U595ZJT6Q, STM32U595ZJY6QTR, STM32U599BJY6QTR, STM32U599NIH6Q, STM32U599NJH6Q, STM32U599VIT6Q, STM32U599VJT6, STM32U599VJT6Q, STM32U599ZIT6Q, STM32U599ZIY6QTR, STM32U599ZJT6Q, STM32U599ZJY6QTR, STM32U5A5AJH6, STM32U5A5AJH6Q, STM32U5A5QII3Q , STM32U5A5QJI6, STM32U5A5QJI6Q, STM32U5A5RJT6, STM32U5A5RJT6Q, STM32U5A5VJT6, STM32U5A5VJT6Q, STM32U5A5ZJT6, STM32U5A5ZJT6Q, STM32U5A5ZJY6QTR, STM32U5A9BJY6QTR, STM32U5A9J-DK, STM32U5A9NJH6Q, STM32U5A9VJT6Q, STM32U5A9ZJT6Q, STM32U5A9ZJY6QTR, STM32U5F7VIT6, STM32U5F7VIT6Q, STM32U5F7VJT6, STM32U5F7VJT6Q, STM32U5F9BJY6QTR, STM32U5F9NJH6Q, STM32U5F9VIT6Q, STM32U5F9VJT6Q, STM32U5F9ZIJ6QTR, STM32U5F9ZIT6Q, STM32U5F9ZJJ6QTR, STM32U5F9ZJT6Q, STM32U5G7VJT6, STM32U5G7VJT6Q, STM32U5G9BJY6QTR, STM32U5G9J-DK1, STM32U5G9J-DK2, STM32U5G9NJH6Q, STM32U5G9VJT6Q, STM32U5G9ZJJ6QTR, STM32U5G9ZJT6Q, STM32WB05KZV6TR, STM32WB05KZV7TR, STM32WB05TZF6TR, STM32WB05TZF7TR, STM32WB06CCF6TR, STM32WB06CCF7TR, STM32WB06CCV6TR, STM32WB06CCV7TR, STM32WB06KCV6TR, STM32WB06KCV7TR, STM32WB07CCF6TR, STM32WB07CCF7TR, STM32WB07CCV6TR, STM32WB07CCV7TR, STM32WB07KCV6TR, STM32WB07KCV7TR, STM32WB09KEV6TR, STM32WB09KEV7TR, STM32WB09TEF6TR, STM32WB09TEF7TR, STM32WB1MMCH6, STM32WBA50KGU6, STM32WBA50KGU6TR, STM32WBA52CEU6, STM32WBA52CEU6TR, STM32WBA52CEU7, STM32WBA52CEU7TR, STM32WBA52CGU6, STM32WBA52CGU6TR, STM32WBA52CGU6U, STM32WBA52CGU7, STM32WBA52CGU7TR, STM32WBA52KEU6, STM32WBA52KEU6TR, STM32WBA52KGU6, STM32WBA52KGU6TR, STM32WBA54CEU6, STM32WBA54CEU6TR, STM32WBA54CEU7, STM32WBA54CEU7TR, STM32WBA54CGU6, STM32WBA54CGU6TR, STM32WBA54CGU7, STM32WBA54CGU7TR, STM32WBA54KEU6, STM32WBA54KEU6TR, STM32WBA54KEU7, STM32WBA54KEU7TR, STM32WBA54KGU6, STM32WBA54KGU6TR, STM32WBA54KGU7, STM32WBA54KGU7TR, STM32WBA55CEU6, STM32WBA55CEU6TR, STM32WBA55CEU7, STM32WBA55CEU7TR, STM32WBA55CGU6, STM32WBA55CGU6TR, STM32WBA55CGU6U, STM32WBA55CGU7, STM32WBA55CGU7TR, STM32WBA55G-DK1, STM32WBA55HEF6, STM32WBA55HEF7, STM32WBA55HGF6, STM32WBA55HGF7, STM32WBA55UEI6, STM32WBA55UEI6TR, STM32WBA55UEI7, STM32WBA55UEI7TR, STM32WBA55UGI6, STM32WBA55UGI6TR, STM32WBA55UGI7, STM32WBA55UGI7TR, STM32WBA5MJGH6TR, STM32WBA62CGU6, STM32WBA62CIU6, STM32WBA62MGF6, STM32WBA62MIF6, STM32WBA62PGI6, STM32WBA62PII6, STM32WBA63CGU6, STM32WBA63CGU7, STM32WBA63CIU6, STM32WBA63CIU7, STM32WBA64CGU6, STM32WBA64CGU7, STM32WBA64CIU6, STM32WBA64CIU7, STM32WBA65CGU6, STM32WBA65CGU7, STM32WBA65CIU6, STM32WBA65CIU7, STM32WBA65I-DK1, STM32WBA65MGF6, STM32WBA65MGF7, STM32WBA65MIF6, STM32WBA65MIF7, STM32WBA65PGI6, STM32WBA65PGI7, STM32WBA65PII6, STM32WBA65PII7, STM32WBA65RGV6, STM32WBA65RGV7, STM32WBA65RIV6, STM32WBA65RIV7, STM32WL30K8V6, STM32WL30KBV6, STM32WL31C8V6, STM32WL31CBV6, STM32WL31K8V6, STM32WL31KBV6, STM32WL33C8V6, STM32WL33C8V6TR, STM32WL33C8V7, STM32WL33C8V7TR, STM32WL33CBV6, STM32WL33CBV6TR, STM32WL33CBV7, STM32WL33CBV7TR, STM32WL33CCV6, STM32WL33CCV6TR, STM32WL33CCV7, STM32WL33CCV7A, STM32WL33CCV7ATR, STM32WL33CCV7TR, STM32WL33K8V6, STM32WL33K8V6TR, STM32WL33K8V7, STM32WL33K8V7TR, STM32WL33KBV6, STM32WL33KBV6TR, STM32WL33KBV7, STM32WL33KBV7TR, STM32WL33KCV6, STM32WL33KCV6TR, STM32WL33KCV7, STM32WL33KCV7TR, STM32WL5MOCH6, STM32WL5MOCH6TR]
2026-06-02 09:43:57,739 [INFO] ApiDb:668 - CubeFinder database Data Model version=2.1
2026-06-02 09:43:57,739 [INFO] ApiDb:669 - CubeFinder database Configuration version=3.0.42
2026-06-02 09:43:57,739 [INFO] ApiDb:670 - CubeFinder database generation date=2026-05-06 (1778060171)
2026-06-02 09:43:57,739 [INFO] ApiDb:671 - CubeFinder database FW Pack versions=[FP-ATR-ASTRA1_V2.0.0, FP-SNS-FLIGHT1_V5.1.0, FP-SNS-MOTENV1_V5.1.0, FP-SNS-MOTENVWB1_V1.5.0, FP-SNS-SMARTAG2_V1.2.0, FP-SNS-STBOX1_V2.1.0, STM32Cube_FW_C0_V1.4.0, STM32Cube_FW_F4_V1.28.3, STM32Cube_FW_F7_V1.17.4, STM32Cube_FW_G0_V1.6.3, STM32Cube_FW_G4_V1.6.2, STM32Cube_FW_H5_V1.6.0, STM32Cube_FW_H7RS_V1.3.0, STM32Cube_FW_H7_V1.13.0, STM32Cube_FW_L0_V1.12.2, STM32Cube_FW_L4_V1.18.2, STM32Cube_FW_L5_V1.6.0, STM32Cube_FW_N6_V1.3.0, STM32Cube_FW_U0_V1.3.0, STM32Cube_FW_U3_V1.3.0, STM32Cube_FW_U5_V1.8.0, STM32Cube_FW_WB0_V1.4.0, STM32Cube_FW_WBA_V1.9.0, STM32Cube_FW_WB_V1.24.0, STM32Cube_FW_WL3_V1.4.0, STM32Cube_FW_WL_V1.5.0, X-CUBE-ALGOBUILD_V1.4.0, X-CUBE-ALS_V1.0.2, X-CUBE-AZRTOS-F4_V1.1.0, X-CUBE-AZRTOS-F7_V1.1.0, X-CUBE-AZRTOS-G0_V1.1.0, X-CUBE-AZRTOS-G4_V2.0.0, X-CUBE-AZRTOS-H7RS_V1.1.0, X-CUBE-AZRTOS-H7_V3.5.0, X-CUBE-AZRTOS-L4_V2.0.0, X-CUBE-AZRTOS-L5_V2.0.0, X-CUBE-AZRTOS-WB_V2.0.0, X-CUBE-AZRTOS-WL_V2.0.0, X-CUBE-BLE1_V7.1.0, X-CUBE-BLE2_V3.3.0, X-CUBE-BLEMGR_V4.1.0, X-CUBE-EEPRMA1_V5.2.0, X-CUBE-FREERTOS_V1.5.0, X-CUBE-GNSS1_V6.0.0, X-CUBE-MEMS1_V12.0.0, X-CUBE-NFC4_V3.0.0, X-CUBE-NFC7_V2.0.0, X-CUBE-SFXS2LP1_V4.0.0, X-CUBE-ST67W61_V1.2.0, X-CUBE-SUBG2_V5.0.0, X-CUBE-TOF1_V3.4.3]
2026-06-02 09:44:02,331 [INFO] ApiDb:240 - Found 895 in-development CPN: [B-G473E-ZEST1S, B-WB1M-WPAN1, B-WBA5M-WPAN, B-WL5M-SUBG1, NUCLEO-C031C6, NUCLEO-C051C8, NUCLEO-C071RB, NUCLEO-C092RC, NUCLEO-H503RB, NUCLEO-H533RE, NUCLEO-H563ZI, NUCLEO-H7S3L8, NUCLEO-N657X0-Q, NUCLEO-U031R8, NUCLEO-U083RC, NUCLEO-U385RG-Q, NUCLEO-U545RE-Q, NUCLEO-U5A5ZJ-Q, NUCLEO-WB05KZ, NUCLEO-WB07CC, NUCLEO-WB09KE, NUCLEO-WBA52CG, NUCLEO-WBA55CG, NUCLEO-WBA65RI, NUCLEO-WL33CC1, NUCLEO-WL33CC2, STEVAL-PROTEUS1, STEVAL-SMARTAG2, STEVAL-STWINBX1, STM320518-EVAL, STM32C0116-DK, STM32C011D6Y3TR, STM32C011D6Y6TR, STM32C011F4P3, STM32C011F4P6, STM32C011F4U3, STM32C011F4U6TR, STM32C011F6P3, STM32C011F6P6, STM32C011F6U3, STM32C011F6U6TR, STM32C011J4M3, STM32C011J4M6, STM32C011J6M3, STM32C011J6M6, STM32C0316-DK, STM32C031C4T3, STM32C031C4T6, STM32C031C4U3, STM32C031C4U6, STM32C031C6T3, STM32C031C6T6, STM32C031C6U3, STM32C031C6U6, STM32C031F4P3, STM32C031F4P6, STM32C031F6P3, STM32C031F6P6, STM32C031G4U3, STM32C031G4U6, STM32C031G6U3, STM32C031G6U6, STM32C031K4T3, STM32C031K4T6, STM32C031K4U3, STM32C031K4U6, STM32C031K6T3, STM32C031K6T6, STM32C031K6U3, STM32C031K6U6, STM32C051C6T6, STM32C051C6U6, STM32C051C8T6, STM32C051C8U6, STM32C051D8Y6TR, STM32C051F6P6, STM32C051F8P6, STM32C051G6U6, STM32C051G8U6, STM32C051K6T6, STM32C051K6U6, STM32C051K8T6, STM32C071C8T6, STM32C071C8T6N, STM32C071C8U6, STM32C071C8U6N, STM32C071CBT6, STM32C071CBT6N, STM32C071CBU6, STM32C071CBU6N, STM32C071F8P6, STM32C071F8P6N, STM32C071FBP6, STM32C071FBP6N, STM32C071FBY6TR, STM32C071G8U6, STM32C071G8U6N, STM32C071GBU6, STM32C071GBU6N, STM32C071K8T6, STM32C071K8T6N, STM32C071K8U6, STM32C071K8U6N, STM32C071KBT6, STM32C071KBT6N, STM32C071KBU6, STM32C071KBU6N, STM32C071R8T6, STM32C071R8T6N, STM32C071RBI6N, STM32C071RBT6, STM32C071RBT6N, STM32C091CBT6, STM32C091CBU6, STM32C091CCT6, STM32C091CCU6, STM32C091ECY6TR, STM32C091FBP6, STM32C091FCP6, STM32C091GBU6, STM32C091GCU6, STM32C091KBT6, STM32C091KBU6, STM32C091KCT6, STM32C091KCU6, STM32C091RBT6, STM32C091RCI6, STM32C091RCT6, STM32C092CBT6, STM32C092CBU6, STM32C092CCT6, STM32C092CCU6, STM32C092ECY6TR, STM32C092FBP6, STM32C092FCP6, STM32C092GBU6, STM32C092GCU6, STM32C092KBT6, STM32C092KBU6, STM32C092KCT6, STM32C092KCU6, STM32C092RBT6, STM32C092RCI6, STM32C092RCT6, STM32G071K8TXN, STM32G071K8UXN, STM32G081GBU6N, STM32G081KBT6N, STM32G081KBUXN, STM32G0B1CCT6N, STM32G0B1KCT6, STM32G0B1NEY6TR, STM32G0B1RCT6N, STM32G0C1CCT6, STM32G0C1CCT6N, STM32G0C1CCU6N, STM32G0C1CET6N, STM32G0C1CEU6N, STM32G0C1KCT6, STM32G0C1NEY6TR, STM32G0C1RCI6N, STM32G0C1RCT6N, STM32G0C1REI6N, STM32G0C1RET6N, STM32G0C1VCI6, STM32G0C1VEI6, STM32G411C6T3, STM32G411C6T6, STM32G411C6U3, STM32G411C6U6, STM32G411C8T3, STM32G411C8T6, STM32G411C8U3, STM32G411C8U6, STM32G411CBT3, STM32G411CBT6, STM32G411CBU3, STM32G411CBU6, STM32G411CCT3, STM32G411CCT6, STM32G411CCU3, STM32G411CCU6, STM32G411K6T3, STM32G411K6T6, STM32G411K6U3, STM32G411K6U6, STM32G411K8T3, STM32G411K8T6, STM32G411K8U3, STM32G411K8U6, STM32G411KBT3, STM32G411KBT6, STM32G411KBU3, STM32G411KBU6, STM32G411M6T3, STM32G411M6T6, STM32G411M8T3, STM32G411M8T6, STM32G411MBT3, STM32G411MBT6, STM32G411MCT3, STM32G411MCT6, STM32G411R6T3, STM32G411R6T6, STM32G411R8T3, STM32G411R8T6, STM32G411RBT3, STM32G411RBT6, STM32G411RCT3, STM32G411RCT6, STM32G414CBT3, STM32G414CBT6, STM32G414CBU3, STM32G414CBU6, STM32G414CCT3, STM32G414CCT6, STM32G414CCU3, STM32G414CCU6, STM32G414MBT3, STM32G414MBT6, STM32G414MCT3, STM32G414MCT6, STM32G414RBT3, STM32G414RBT6, STM32G414RCT3, STM32G414RCT6, STM32G414VBT3, STM32G414VBT6, STM32G414VCT3, STM32G414VCT6, STM32G431CBT3Z, STM32G431RBT3Z, STM32G471CCT6, STM32G471CCU6, STM32G471CET3, STM32G471CET6, STM32G471CEU3, STM32G471CEU6, STM32G471MCT6, STM32G471MET3, STM32G471MET6, STM32G471MEY6TR, STM32G471QCT6, STM32G471QET3, STM32G471RCT6, STM32G471RET3, STM32G471RET6, STM32G471VCH6, STM32G471VCI6, STM32G471VCT6, STM32G471VEH3, STM32G471VEH6, STM32G471VEI3, STM32G471VEI6, STM32G471VET3, STM32G471VET6, STM32G473QET3Z, STM32G473RET3Z, STM32G474CCT6, STM32G491RET3Z, STM32H503CBT6, STM32H503CBU6, STM32H503EBY6TR, STM32H503KBU6, STM32H503RBT6, STM32H523CCT6, STM32H523CCU6, STM32H523CET6, STM32H523CEU6, STM32H523HEY6TR, STM32H523RCT6, STM32H523RET6, STM32H523VCI6, STM32H523VCT6, STM32H523VEI6, STM32H523VET6, STM32H523ZCJ6, STM32H523ZCT6, STM32H523ZEJ6, STM32H523ZET6, STM32H533CET6, STM32H533CEU6, STM32H533HEY6TR, STM32H533RET6, STM32H533VEI6, STM32H533VET6, STM32H533ZEJ6, STM32H533ZET6, STM32H562AGI6, STM32H562AII6, STM32H562IGK6, STM32H562IGT6, STM32H562IIK6, STM32H562IIT6, STM32H562RGT6, STM32H562RGV6, STM32H562RIT6, STM32H562RIV6, STM32H562VGT6, STM32H562VIT6, STM32H562ZGT6, STM32H562ZIT6, STM32H563AGI6, STM32H563AII3Q, STM32H563AII6, STM32H563IGK6, STM32H563IGT6, STM32H563IIK3Q, STM32H563IIK6, STM32H563IIT3Q, STM32H563IIT6, STM32H563MIY3QTR, STM32H563RGT6, STM32H563RGV6, STM32H563RIT6, STM32H563RIV6, STM32H563VGT6, STM32H563VIT3Q, STM32H563VIT6, STM32H563ZGT6, STM32H563ZIT3Q, STM32H563ZIT6, STM32H573AII3Q, STM32H573AII6, STM32H573I-DK, STM32H573IIK3Q, STM32H573IIK6, STM32H573IIT3Q, STM32H573IIT6, STM32H573MIY3QTR, STM32H573RIT6, STM32H573RIV6, STM32H573VIT3Q, STM32H573VIT6, STM32H573ZIT3Q, STM32H573ZIT6, STM32H7R3A8I6, STM32H7R3I8K6, STM32H7R3I8T6, STM32H7R3L8H6, STM32H7R3L8H6H, STM32H7R3R8V6, STM32H7R3V8H6, STM32H7R3V8T6, STM32H7R3V8Y6TR, STM32H7R3Z8J6, STM32H7R3Z8T6, STM32H7R7A8I6, STM32H7R7I8K6, STM32H7R7I8T6, STM32H7R7L8H6, STM32H7R7L8H6H, STM32H7R7Z8J6, STM32H7S3A8I6, STM32H7S3I8K6, STM32H7S3I8T6, STM32H7S3L8H6, STM32H7S3L8H6H, STM32H7S3R8V6, STM32H7S3V8H6, STM32H7S3V8T6, STM32H7S3V8Y6TR, STM32H7S3Z8J6, STM32H7S3Z8T6, STM32H7S78-DK, STM32H7S7A8I6, STM32H7S7I8K6, STM32H7S7I8T6, STM32H7S7L8H6, STM32H7S7L8H6H, STM32H7S7Z8J6, STM32L4R5QGI6STR, STM32MP131AAE3, STM32MP131AAF3, STM32MP131AAG3, STM32MP131CAE3, STM32MP131CAF3, STM32MP131CAG3, STM32MP131DAE7, STM32MP131DAF7, STM32MP131DAG7, STM32MP131FAE7, STM32MP131FAF7, STM32MP131FAG7, STM32MP133AAE3, STM32MP133AAF3, STM32MP133AAG3, STM32MP133CAE3, STM32MP133CAF3, STM32MP133CAG3, STM32MP133DAE7, STM32MP133DAF7, STM32MP133DAG7, STM32MP133FAE7, STM32MP133FAF7, STM32MP133FAG7, STM32MP135AAE3, STM32MP135AAF3, STM32MP135AAG3, STM32MP135CAE3, STM32MP135CAF3, STM32MP135CAG3, STM32MP135DAE7, STM32MP135DAF7, STM32MP135DAG7, STM32MP135F-DK, STM32MP135FAE7, STM32MP135FAF7, STM32MP135FAF7T, STM32MP135FAF7U, STM32MP135FAG7, STM32MP231AAJ3, STM32MP231AAK3, STM32MP231AAL3, STM32MP231CAJ3, STM32MP231CAK3, STM32MP231CAL3, STM32MP231DAJ3, STM32MP231DAK3, STM32MP231DAL3, STM32MP231FAJ3, STM32MP231FAK3, STM32MP231FAL3, STM32MP233AAJ3, STM32MP233AAK3, STM32MP233AAL3, STM32MP233CAJ3, STM32MP233CAK3, STM32MP233CAL3, STM32MP233DAJ3, STM32MP233DAK3, STM32MP233DAL3, STM32MP233FAJ3, STM32MP233FAK3, STM32MP233FAL3, STM32MP235AAJ3, STM32MP235AAK3, STM32MP235AAL3, STM32MP235CAJ3, STM32MP235CAK3, STM32MP235CAL3, STM32MP235DAJ3, STM32MP235DAK3, STM32MP235DAL3, STM32MP235FAJ3, STM32MP235FAK3, STM32MP235FAL3, STM32MP251AAI3, STM32MP251AAJ3, STM32MP251AAK3, STM32MP251AAL3, STM32MP251CAI3, STM32MP251CAJ3, STM32MP251CAK3, STM32MP251CAL3, STM32MP251DAI3, STM32MP251DAJ3, STM32MP251DAK3, STM32MP251DAL3, STM32MP251FAI3, STM32MP251FAJ3, STM32MP251FAK3, STM32MP251FAL3, STM32MP253AAI3, STM32MP253AAJ3, STM32MP253AAK3, STM32MP253AAL3, STM32MP253CAI3, STM32MP253CAJ3, STM32MP253CAK3, STM32MP253CAL3, STM32MP253DAI3, STM32MP253DAJ3, STM32MP253DAK3, STM32MP253DAL3, STM32MP253FAI3, STM32MP253FAJ3, STM32MP253FAK3, STM32MP253FAL3, STM32MP255AAI3, STM32MP255AAJ3, STM32MP255AAK3, STM32MP255AAL3, STM32MP255CAI3, STM32MP255CAJ3, STM32MP255CAK3, STM32MP255CAL3, STM32MP255DAI3, STM32MP255DAJ3, STM32MP255DAK3, STM32MP255DAL3, STM32MP255FAI3, STM32MP255FAJ3, STM32MP255FAK3, STM32MP255FAL3, STM32MP257AAI3, STM32MP257AAJ3, STM32MP257AAK3, STM32MP257AAL3, STM32MP257CAI3, STM32MP257CAJ3, STM32MP257CAK3, STM32MP257CAL3, STM32MP257DAI3, STM32MP257DAJ3, STM32MP257DAK3, STM32MP257DAL3, STM32MP257F-DK, STM32MP257F-EV1, STM32MP257FAI3, STM32MP257FAJ3, STM32MP257FAK3, STM32MP257FAL3, STM32N645A0H3Q, STM32N645B0H3Q, STM32N645I0H3Q, STM32N645L0H3Q, STM32N645X0H3Q, STM32N645Z0H3Q, STM32N647A0H3Q, STM32N647B0H3Q, STM32N647I0H3Q, STM32N647L0H3Q, STM32N647X0H3Q, STM32N647Z0H3Q, STM32N655A0H3Q, STM32N655B0H3Q, STM32N655I0H3Q, STM32N655L0H3Q, STM32N655X0H3Q, STM32N655Z0H3Q, STM32N6570-DK, STM32N657A0H3Q, STM32N657B0H3Q, STM32N657I0H3Q, STM32N657L0H3Q, STM32N657X0H3Q, STM32N657Z0H3Q, STM32U031C6T6, STM32U031C6U6, STM32U031C8T6, STM32U031C8U6, STM32U031F4P6, STM32U031F6P6, STM32U031F8P6, STM32U031G6Y6TR, STM32U031G8Y6TR, STM32U031K4U6, STM32U031K6U6, STM32U031K8U6, STM32U031R6I6, STM32U031R6T6, STM32U031R8I6, STM32U031R8T6, STM32U073C8T6, STM32U073C8U6, STM32U073CBT6, STM32U073CBU6, STM32U073CCT6, STM32U073CCU6, STM32U073H8Y6TR, STM32U073HBY6TR, STM32U073HCY6TR, STM32U073K8U6, STM32U073KBU6, STM32U073KCU6, STM32U073M8I6, STM32U073M8T6, STM32U073MBI6, STM32U073MBT6, STM32U073MCI6, STM32U073MCT6, STM32U073R8I6, STM32U073R8T6, STM32U073RBI6, STM32U073RBT6, STM32U073RCI6, STM32U073RCT6, STM32U083C-DK, STM32U083CCT6, STM32U083CCU6, STM32U083HCY6TR, STM32U083KCU6, STM32U083MCI6, STM32U083MCT6, STM32U083RCI6, STM32U083RCT6, STM32U375CET6, STM32U375CET6Q, STM32U375CEU6, STM32U375CEU6Q, STM32U375CEY6QTR, STM32U375CGT6, STM32U375CGT6Q, STM32U375CGU6, STM32U375CGU6Q, STM32U375CGY6QTR, STM32U375KEU6, STM32U375KGU6, STM32U375REI6, STM32U375REI6Q, STM32U375RET6, STM32U375RET6Q, STM32U375REY6GTR, STM32U375REY6QTR, STM32U375RGI6, STM32U375RGI6Q, STM32U375RGT6, STM32U375RGT6Q, STM32U375RGY6GTR, STM32U375RGY6QTR, STM32U375VEI6, STM32U375VEI6Q, STM32U375VET6, STM32U375VET6Q, STM32U375VGI6, STM32U375VGI6Q, STM32U375VGT6, STM32U375VGT6Q, STM32U385CGT6, STM32U385CGT6Q, STM32U385CGU6, STM32U385CGU6Q, STM32U385CGY6QTR, STM32U385KGU6, STM32U385RGI6, STM32U385RGI6Q, STM32U385RGT6, STM32U385RGT6Q, STM32U385RGY6GTR, STM32U385RGY6QTR, STM32U385VGI6, STM32U385VGI6Q, STM32U385VGT6, STM32U385VGT6Q, STM32U535CBT6, STM32U535CBT6Q, STM32U535CBU6, STM32U535CBU6Q, STM32U535CCT6, STM32U535CCT6Q, STM32U535CCU6, STM32U535CCU6Q, STM32U535CET6, STM32U535CET6Q, STM32U535CEU6, STM32U535CEU6Q, STM32U535JEY6QTR, STM32U535NCY6QTR, STM32U535NEY6QTR, STM32U535RBI6, STM32U535RBI6Q, STM32U535RBT6, STM32U535RBT6Q, STM32U535RCI6, STM32U535RCI6Q, STM32U535RCT6, STM32U535RCT6Q, STM32U535REI6, STM32U535REI6Q, STM32U535RET6, STM32U535RET6Q, STM32U535VCI6, STM32U535VCI6Q, STM32U535VCT6, STM32U535VCT6Q, STM32U535VEI6, STM32U535VEI6Q, STM32U535VET6, STM32U535VET6Q, STM32U545CET6, STM32U545CET6Q, STM32U545CEU6, STM32U545CEU6Q, STM32U545JEY6QTR, STM32U545NEY6QTR, STM32U545REI6, STM32U545REI6Q, STM32U545RET6, STM32U545RET6Q, STM32U545VEI6, STM32U545VEI6Q, STM32U545VET6, STM32U545VET6Q, STM32U595AIH6, STM32U595AIH6Q, STM32U595AJH6, STM32U595AJH6Q, STM32U595QII6, STM32U595QII6Q, STM32U595QJI6, STM32U595QJI6Q, STM32U595RIT6, STM32U595RIT6Q, STM32U595RJT6, STM32U595RJT6Q, STM32U595VIT6, STM32U595VIT6Q, STM32U595VJT6, STM32U595VJT6Q, STM32U595ZIT6, STM32U595ZIT6Q, STM32U595ZIY6QTR, STM32U595ZJT6, STM32U595ZJT6Q, STM32U595ZJY6QTR, STM32U599BJY6QTR, STM32U599NIH6Q, STM32U599NJH6Q, STM32U599VIT6Q, STM32U599VJT6, STM32U599VJT6Q, STM32U599ZIT6Q, STM32U599ZIY6QTR, STM32U599ZJT6Q, STM32U599ZJY6QTR, STM32U5A5AJH6, STM32U5A5AJH6Q, STM32U5A5QII3Q , STM32U5A5QJI6, STM32U5A5QJI6Q, STM32U5A5RJT6, STM32U5A5RJT6Q, STM32U5A5VJT6, STM32U5A5VJT6Q, STM32U5A5ZJT6, STM32U5A5ZJT6Q, STM32U5A5ZJY6QTR, STM32U5A9BJY6QTR, STM32U5A9J-DK, STM32U5A9NJH6Q, STM32U5A9VJT6Q, STM32U5A9ZJT6Q, STM32U5A9ZJY6QTR, STM32U5F7VIT6, STM32U5F7VIT6Q, STM32U5F7VJT6, STM32U5F7VJT6Q, STM32U5F9BJY6QTR, STM32U5F9NJH6Q, STM32U5F9VIT6Q, STM32U5F9VJT6Q, STM32U5F9ZIJ6QTR, STM32U5F9ZIT6Q, STM32U5F9ZJJ6QTR, STM32U5F9ZJT6Q, STM32U5G7VJT6, STM32U5G7VJT6Q, STM32U5G9BJY6QTR, STM32U5G9J-DK1, STM32U5G9J-DK2, STM32U5G9NJH6Q, STM32U5G9VJT6Q, STM32U5G9ZJJ6QTR, STM32U5G9ZJT6Q, STM32WB05KZV6TR, STM32WB05KZV7TR, STM32WB05TZF6TR, STM32WB05TZF7TR, STM32WB06CCF6TR, STM32WB06CCF7TR, STM32WB06CCV6TR, STM32WB06CCV7TR, STM32WB06KCV6TR, STM32WB06KCV7TR, STM32WB07CCF6TR, STM32WB07CCF7TR, STM32WB07CCV6TR, STM32WB07CCV7TR, STM32WB07KCV6TR, STM32WB07KCV7TR, STM32WB09KEV6TR, STM32WB09KEV7TR, STM32WB09TEF6TR, STM32WB09TEF7TR, STM32WB1MMCH6, STM32WBA50KGU6, STM32WBA50KGU6TR, STM32WBA52CEU6, STM32WBA52CEU6TR, STM32WBA52CEU7, STM32WBA52CEU7TR, STM32WBA52CGU6, STM32WBA52CGU6TR, STM32WBA52CGU6U, STM32WBA52CGU7, STM32WBA52CGU7TR, STM32WBA52KEU6, STM32WBA52KEU6TR, STM32WBA52KGU6, STM32WBA52KGU6TR, STM32WBA54CEU6, STM32WBA54CEU6TR, STM32WBA54CEU7, STM32WBA54CEU7TR, STM32WBA54CGU6, STM32WBA54CGU6TR, STM32WBA54CGU7, STM32WBA54CGU7TR, STM32WBA54KEU6, STM32WBA54KEU6TR, STM32WBA54KEU7, STM32WBA54KEU7TR, STM32WBA54KGU6, STM32WBA54KGU6TR, STM32WBA54KGU7, STM32WBA54KGU7TR, STM32WBA55CEU6, STM32WBA55CEU6TR, STM32WBA55CEU7, STM32WBA55CEU7TR, STM32WBA55CGU6, STM32WBA55CGU6TR, STM32WBA55CGU6U, STM32WBA55CGU7, STM32WBA55CGU7TR, STM32WBA55G-DK1, STM32WBA55HEF6, STM32WBA55HEF7, STM32WBA55HGF6, STM32WBA55HGF7, STM32WBA55UEI6, STM32WBA55UEI6TR, STM32WBA55UEI7, STM32WBA55UEI7TR, STM32WBA55UGI6, STM32WBA55UGI6TR, STM32WBA55UGI7, STM32WBA55UGI7TR, STM32WBA5MJGH6TR, STM32WBA62CGU6, STM32WBA62CIU6, STM32WBA62MGF6, STM32WBA62MIF6, STM32WBA62PGI6, STM32WBA62PII6, STM32WBA63CGU6, STM32WBA63CGU7, STM32WBA63CIU6, STM32WBA63CIU7, STM32WBA64CGU6, STM32WBA64CGU7, STM32WBA64CIU6, STM32WBA64CIU7, STM32WBA65CGU6, STM32WBA65CGU7, STM32WBA65CIU6, STM32WBA65CIU7, STM32WBA65I-DK1, STM32WBA65MGF6, STM32WBA65MGF7, STM32WBA65MIF6, STM32WBA65MIF7, STM32WBA65PGI6, STM32WBA65PGI7, STM32WBA65PII6, STM32WBA65PII7, STM32WBA65RGV6, STM32WBA65RGV7, STM32WBA65RIV6, STM32WBA65RIV7, STM32WL30K8V6, STM32WL30KBV6, STM32WL31C8V6, STM32WL31CBV6, STM32WL31K8V6, STM32WL31KBV6, STM32WL33C8V6, STM32WL33C8V6TR, STM32WL33C8V7, STM32WL33C8V7TR, STM32WL33CBV6, STM32WL33CBV6TR, STM32WL33CBV7, STM32WL33CBV7TR, STM32WL33CCV6, STM32WL33CCV6TR, STM32WL33CCV7, STM32WL33CCV7A, STM32WL33CCV7ATR, STM32WL33CCV7TR, STM32WL33K8V6, STM32WL33K8V6TR, STM32WL33K8V7, STM32WL33K8V7TR, STM32WL33KBV6, STM32WL33KBV6TR, STM32WL33KBV7, STM32WL33KBV7TR, STM32WL33KCV6, STM32WL33KCV6TR, STM32WL33KCV7, STM32WL33KCV7TR, STM32WL5MOCH6, STM32WL5MOCH6TR]
2026-06-02 09:44:02,351 [INFO] DbMcus:218 - Found 5082 MCUs, 4964 are supported
2026-06-02 09:44:02,353 [INFO] ApiDb:423 - Load user favorites file C:\Users\hp/.stm32cubeide/favorites.mcus.txt: 0 item(s)
2026-06-02 09:44:02,354 [INFO] ApiDb:427 - User favorites MCUs=[]
2026-06-02 09:44:02,354 [INFO] DbMcus:224 - Set 0 / 0 favorites MCUs
2026-06-02 09:44:04,554 [INFO] BoardInfo:889 - No configuration file found for board NUCLEO-H5E5ZJ
2026-06-02 09:44:04,558 [INFO] DbBoards:161 - Board is not supported: NUCLEO-H5E5ZJ
2026-06-02 09:44:04,683 [INFO] BoardInfo:889 - No configuration file found for board NUCLEO-U3C5ZI-Q
2026-06-02 09:44:04,687 [INFO] DbBoards:161 - Board is not supported: NUCLEO-U3C5ZI-Q
2026-06-02 09:44:04,718 [INFO] BoardInfo:889 - No configuration file found for board NUCLEO-WBA25CE1
2026-06-02 09:44:04,720 [INFO] DbBoards:161 - Board is not supported: NUCLEO-WBA25CE1
2026-06-02 09:44:04,748 [INFO] BoardInfo:889 - No configuration file found for board NUCLEO-WL3RKB1
2026-06-02 09:44:04,757 [INFO] DbBoards:161 - Board is not supported: NUCLEO-WL3RKB1
2026-06-02 09:44:04,757 [INFO] BoardInfo:889 - No configuration file found for board NUCLEO-WL3RKB2
2026-06-02 09:44:04,764 [INFO] DbBoards:161 - Board is not supported: NUCLEO-WL3RKB2
2026-06-02 09:44:04,794 [INFO] BoardInfo:889 - No configuration file found for board P-NUCLEO-WB55
2026-06-02 09:44:04,804 [INFO] DbBoards:161 - Kit is not supported: P-NUCLEO-WB55
2026-06-02 09:44:04,832 [INFO] BoardInfo:889 - No configuration file found for board STEVAL-BFA001V1B
2026-06-02 09:44:04,838 [INFO] DbBoards:161 - Kit is not supported: STEVAL-BFA001V1B
2026-06-02 09:44:04,841 [INFO] BoardInfo:889 - No configuration file found for board STEVAL-BFA001V2B
2026-06-02 09:44:04,847 [INFO] DbBoards:161 - Kit is not supported: STEVAL-BFA001V2B
2026-06-02 09:44:05,292 [INFO] BoardInfo:889 - No configuration file found for board STM32H5F5J-DK
2026-06-02 09:44:05,300 [INFO] DbBoards:161 - Board is not supported: STM32H5F5J-DK
2026-06-02 09:44:05,532 [INFO] BoardInfo:889 - No configuration file found for board STM32MP215F-DK
2026-06-02 09:44:05,538 [INFO] DbBoards:161 - Board is not supported: STM32MP215F-DK
2026-06-02 09:44:05,618 [INFO] DbBoards:168 - Found 218 boards, 208 are supported
2026-06-02 09:44:05,618 [INFO] DbBoards:169 - Found 218 boards, 43 of them is supported for  Bsp
2026-06-02 09:44:05,618 [INFO] ApiDb:423 - Load user favorites file C:\Users\hp/.stm32cubeide/favorites.boards.txt: 1 item(s)
2026-06-02 09:44:05,618 [INFO] ApiDb:427 - User favorites Boards=[STM32F407G-DISC1]
2026-06-02 09:44:05,618 [INFO] DbBoards:198 - Set 1 / 1 favorites Boards
2026-06-02 09:44:05,618 [INFO] McuFinderGlobals:76 - Set McuFinderConnectedMode to true
2026-06-02 09:44:05,634 [INFO] MultiScanPanel:200 - Auto-refresh data requested => check proxy status ongoing
2026-06-02 09:44:05,634 [INFO] FinderPluginLoader:95 - Searching for filters in installed packs
2026-06-02 09:44:08,559 [INFO] LoadUrlFilesThread:185 - End of LoadServerUrlFiles without Thread
2026-06-02 09:44:08,637 [INFO] DetailPanel:341 - Set advertising image to C:/Users/hp/STM32Cube/Repository/\en.prom-stm32wl3r-0526.jpg
2026-06-02 09:44:27,210 [INFO] MultiScanPanel:200 - Auto-refresh data requested => check proxy status ongoing
2026-06-02 09:44:27,445 [INFO] LoadUrlFilesThread:185 - End of LoadServerUrlFiles without Thread
2026-06-02 09:44:27,445 [INFO] DetailPanel:341 - Set advertising image to C:/Users/hp/STM32Cube/Repository/\en.prom-stm32wl3r-0526.jpg
2026-06-02 09:44:27,466 [INFO] DbBoards:642 - Loading board mini-images...
2026-06-02 09:44:31,313 [INFO] DbBoards:665 - Loaded 218 board mini-images
2026-06-02 09:45:11,066 [INFO] MainUpdater:2872 - connection check result : 10
2026-06-02 09:45:11,066 [INFO] MainUpdater:2872 - connection check result : 10
2026-06-02 09:45:11,094 [INFO] MicroXplorer:468 - Change Database Path : 
2026-06-02 09:45:11,094 [INFO] MicroXplorer:498 - Change Database Version : DB.6.0.140
2026-06-02 09:45:11,108 [WARN] ThirdParty:871 - waiting for thirdparty lock release [close project]
2026-06-02 09:45:11,109 [INFO] ThirdParty:873 - entering critical section [close project]
2026-06-02 09:45:11,113 [INFO] ThirdParty:883 - exiting critical section [close project]
2026-06-02 09:45:11,120 [INFO] PinOutPanel:1589 - setPackage(No Configuration,No Configuration)
2026-06-02 09:45:11,135 [INFO] UtilMem:75 - Begin LoadConfig() Used Memory: 828422768 Bytes (1073741824)
2026-06-02 09:45:11,146 [INFO] OpenFileManager:354 - Change cursor
2026-06-02 09:45:11,265 [INFO] ProjectFactory:442 - No CPN specified for board STM32F407G-DISC1 => set CPN to STM32F407VGT6
2026-06-02 09:45:11,266 [INFO] Mcu:2011 - Initializing MCU STM32F407V(E-G)Tx STM32F407VGTx STM32F407VGT6
2026-06-02 09:45:15,316 [INFO] Context:756 - Trying to add GPIOservice into a context  which must be forbidden
2026-06-02 09:45:16,164 [INFO] Rule:224 - rule 117617 - U5Cobra4M][GTZC] default value MPCBB3 and MPCBB5 - Not Secured memory - MPCBB1 is applicable
2026-06-02 09:45:16,164 [INFO] Rule:224 - rule 117617 - U5Cobra4M][GTZC] default value MPCBB3 and MPCBB5 - Not Secured memory - MPCBB1 is applicable
2026-06-02 09:45:16,165 [INFO] Rule:224 - rule 117617 - U5Cobra4M][GTZC] default value MPCBB3 and MPCBB5 - Not Secured memory - MPCBB2 is applicable
2026-06-02 09:45:16,165 [INFO] Rule:224 - rule 117617 - U5Cobra4M][GTZC] default value MPCBB3 and MPCBB5 - Not Secured memory - MPCBB2 is applicable
2026-06-02 09:45:16,165 [INFO] Rule:224 - rule 117617 - U5Cobra4M][GTZC] default value MPCBB3 and MPCBB5 - Not Secured memory - MPCBB3 is applicable
2026-06-02 09:45:16,165 [INFO] Rule:224 - rule 117617 - U5Cobra4M][GTZC] default value MPCBB3 and MPCBB5 - Not Secured memory - MPCBB3 is applicable
2026-06-02 09:45:16,165 [INFO] Rule:224 - rule 117617 - U5Cobra4M][GTZC] default value MPCBB3 and MPCBB5 - Not Secured memory - MPCBB4 is applicable
2026-06-02 09:45:16,165 [INFO] Rule:224 - rule 117617 - U5Cobra4M][GTZC] default value MPCBB3 and MPCBB5 - Not Secured memory - MPCBB4 is applicable
2026-06-02 09:45:16,165 [INFO] Rule:224 - rule 117617 - U5Cobra4M][GTZC] default value MPCBB3 and MPCBB5 - Secured memory - MPCBB1 is applicable
2026-06-02 09:45:16,166 [INFO] Rule:224 - rule 117617 - U5Cobra4M][GTZC] default value MPCBB3 and MPCBB5 - Secured memory - MPCBB2 is applicable
2026-06-02 09:45:16,166 [INFO] Rule:224 - rule 117617 - U5Cobra4M][GTZC] default value MPCBB3 and MPCBB5 - Secured memory - MPCBB3 is applicable
2026-06-02 09:45:16,166 [INFO] Rule:224 - rule 117617 - U5Cobra4M][GTZC] default value MPCBB3 and MPCBB5 - Secured memory - MPCBB4 is applicable
2026-06-02 09:45:16,166 [INFO] Rule:224 - rule 117617 - U5Cobra4M][GTZC] default value MPCBB3 and MPCBB5 - Privileged memory - MPCBB1 is applicable
2026-06-02 09:45:16,166 [INFO] Rule:224 - rule 117617 - U5Cobra4M][GTZC] default value MPCBB3 and MPCBB5 - Privileged memory - MPCBB2 is applicable
2026-06-02 09:45:16,166 [INFO] Rule:224 - rule 117617 - U5Cobra4M][GTZC] default value MPCBB3 and MPCBB5 - Privileged memory - MPCBB3 is applicable
2026-06-02 09:45:16,166 [INFO] Rule:224 - rule 117617 - U5Cobra4M][GTZC] default value MPCBB3 and MPCBB5 - Privileged memory - MPCBB4 is applicable
2026-06-02 09:45:16,166 [INFO] Rule:224 - rule 117617 - U5Cobra4M][GTZC] default value MPCBB3 and MPCBB5 - Not Privileged memory - MPCBB1 is applicable
2026-06-02 09:45:16,166 [INFO] Rule:224 - rule 117617 - U5Cobra4M][GTZC] default value MPCBB3 and MPCBB5 - Not Privileged memory - MPCBB2 is applicable
2026-06-02 09:45:16,166 [INFO] Rule:224 - rule 117617 - U5Cobra4M][GTZC] default value MPCBB3 and MPCBB5 - Not Privileged memory - MPCBB3 is applicable
2026-06-02 09:45:16,167 [INFO] Rule:224 - rule 117617 - U5Cobra4M][GTZC] default value MPCBB3 and MPCBB5 - Not Privileged memory - MPCBB4 is applicable
2026-06-02 09:45:16,167 [INFO] Rule:224 - rule 117617 - U5Cobra4M][GTZC] default value MPCBB3 and MPCBB5 - Privileged memory - MPCBB1 is applicable
2026-06-02 09:45:16,167 [INFO] Rule:224 - rule 117617 - U5Cobra4M][GTZC] default value MPCBB3 and MPCBB5 - Privileged memory - MPCBB2 is applicable
2026-06-02 09:45:16,167 [INFO] Rule:224 - rule 117617 - U5Cobra4M][GTZC] default value MPCBB3 and MPCBB5 - Privileged memory - MPCBB3 is applicable
2026-06-02 09:45:16,167 [INFO] Rule:224 - rule 117617 - U5Cobra4M][GTZC] default value MPCBB3 and MPCBB5 - Privileged memory - MPCBB4 is applicable
2026-06-02 09:45:16,168 [INFO] Rule:224 - rule 117617 - U5Cobra4M][GTZC] default value MPCBB3 and MPCBB5 - Privileged memory - MPCBB1 is applicable
2026-06-02 09:45:16,168 [INFO] Rule:224 - rule 117617 - U5Cobra4M][GTZC] default value MPCBB3 and MPCBB5 - Privileged memory - MPCBB2 is applicable
2026-06-02 09:45:16,168 [INFO] Rule:224 - rule 117617 - U5Cobra4M][GTZC] default value MPCBB3 and MPCBB5 - Privileged memory - MPCBB3 is applicable
2026-06-02 09:45:16,168 [INFO] Rule:224 - rule 117617 - U5Cobra4M][GTZC] default value MPCBB3 and MPCBB5 - Privileged memory - MPCBB4 is applicable
2026-06-02 09:45:16,168 [INFO] Rule:224 - rule 117617 - U5Cobra4M][GTZC] default value MPCBB3 and MPCBB5 - Not Privileged memory - MPCBB1 is applicable
2026-06-02 09:45:16,168 [INFO] Rule:224 - rule 117617 - U5Cobra4M][GTZC] default value MPCBB3 and MPCBB5 - Not Privileged memory - MPCBB2 is applicable
2026-06-02 09:45:16,168 [INFO] Rule:224 - rule 117617 - U5Cobra4M][GTZC] default value MPCBB3 and MPCBB5 - Not Privileged memory - MPCBB3 is applicable
2026-06-02 09:45:16,168 [INFO] Rule:224 - rule 117617 - U5Cobra4M][GTZC] default value MPCBB3 and MPCBB5 - Not Privileged memory - MPCBB4 is applicable
2026-06-02 09:45:16,168 [INFO] Rule:224 - rule 117617 - U5Cobra4M][GTZC] default value MPCBB3 and MPCBB5 - Privileged memory - MPCBB1 is applicable
2026-06-02 09:45:16,168 [INFO] Rule:224 - rule 117617 - U5Cobra4M][GTZC] default value MPCBB3 and MPCBB5 - Privileged memory - MPCBB2 is applicable
2026-06-02 09:45:16,168 [INFO] Rule:224 - rule 117617 - U5Cobra4M][GTZC] default value MPCBB3 and MPCBB5 - Privileged memory - MPCBB3 is applicable
2026-06-02 09:45:16,168 [INFO] Rule:224 - rule 117617 - U5Cobra4M][GTZC] default value MPCBB3 and MPCBB5 - Privileged memory - MPCBB4 is applicable
2026-06-02 09:45:16,168 [INFO] Rule:224 - rule Rename SubGHz_Phy SUBGHZ_APPLICATION SUBGHZ_PINGPONG to SUBGHZ_ADV_APPLICATION is applicable
2026-06-02 09:45:16,168 [INFO] Rule:224 - rule Rename Enabled to IBEACON is applicable
2026-06-02 09:45:16,169 [INFO] Rule:224 - rule GTZC_S instance for project manager is applicable
2026-06-02 09:45:16,169 [INFO] Rule:224 - rule GTZC_S instance for context M33S is applicable
2026-06-02 09:45:16,169 [INFO] Rule:224 - rule GTZC_S instance value for IP GTZC is applicable
2026-06-02 09:45:16,169 [INFO] Rule:224 - rule GTZC_S instance for mcu.IP is applicable
2026-06-02 09:45:16,169 [INFO] Rule:224 - rule GTZC_S instance for VP is applicable
2026-06-02 09:45:16,169 [INFO] Rule:224 - rule GTZC_S instance for signal is applicable
2026-06-02 09:45:16,169 [INFO] Rule:224 - rule GTZC_S instance for mcu.Pin is applicable
2026-06-02 09:45:16,169 [INFO] Rule:224 - rule GTZC_S instance for VP is applicable
2026-06-02 09:45:16,169 [INFO] Rule:224 - rule GTZC_S instance for signal is applicable
2026-06-02 09:45:16,169 [INFO] Rule:224 - rule GTZC_S instance for mcu is applicable
2026-06-02 09:45:16,169 [INFO] Rule:224 - rule GTZC_S instance for mcu.Pin is applicable
2026-06-02 09:45:16,169 [INFO] Rule:224 - rule GTZC_S instance value for IP GTZC is applicable
2026-06-02 09:45:16,169 [INFO] Rule:224 - rule GTZC_S instance for project manager is applicable
2026-06-02 09:45:16,169 [INFO] Rule:224 - rule GTZC_S instance for context M33S is applicable
2026-06-02 09:45:16,170 [INFO] Rule:224 - rule GTZC_S instance for VP is applicable
2026-06-02 09:45:16,170 [INFO] Rule:224 - rule GTZC_S instance for signal is applicable
2026-06-02 09:45:16,170 [INFO] Rule:224 - rule SPDIFRX instance for mcu is applicable
2026-06-02 09:45:16,170 [INFO] Rule:224 - rule Rename Tracer Mode is applicable
2026-06-02 09:45:16,171 [INFO] Rule:224 - rule SPDIFRX instance value for IP SPDIFRX is applicable
2026-06-02 09:45:16,171 [INFO] Rule:224 - rule SPDIFRX instance for signal is applicable
2026-06-02 09:45:16,172 [INFO] Rule:224 - rule SPDIFRX instance for project manager is applicable
2026-06-02 09:45:16,172 [INFO] Rule:224 - rule SPDIFRX instance for project manager is applicable
2026-06-02 09:45:16,172 [INFO] Rule:224 - rule ADC Scan  fix with FW F7 is applicable
2026-06-02 09:45:16,173 [INFO] Rule:224 - rule ADC Scan  fix with FW F7 is applicable
2026-06-02 09:45:16,173 [INFO] Rule:224 - rule WakeUp0 Mode is applicable
2026-06-02 09:45:16,173 [INFO] Rule:224 - rule WakeUp0 SIGNAL is applicable
2026-06-02 09:45:16,173 [INFO] Rule:224 - rule WakeUp1 Mode is applicable
2026-06-02 09:45:16,173 [INFO] Rule:224 - rule WakeUp1 SIGNAL is applicable
2026-06-02 09:45:16,173 [INFO] Rule:224 - rule WakeUp2 Mode is applicable
2026-06-02 09:45:16,173 [INFO] Rule:224 - rule WakeUp2 SIGNAL is applicable
2026-06-02 09:45:16,173 [INFO] Rule:224 - rule WakeUp4 Mode is applicable
2026-06-02 09:45:16,174 [INFO] Rule:224 - rule WakeUp4 SIGNAL is applicable
2026-06-02 09:45:16,174 [INFO] Rule:224 - rule WakeUp5 Mode is applicable
2026-06-02 09:45:16,174 [INFO] Rule:224 - rule WakeUp5 SIGNAL is applicable
2026-06-02 09:45:16,174 [INFO] Rule:224 - rule UART/USART WORD LENGTH 7 is applicable
2026-06-02 09:45:16,174 [INFO] Rule:224 - rule UART/USART WORD LENGTH 8 is applicable
2026-06-02 09:45:16,174 [INFO] Rule:224 - rule UART/USART WORD LENGTH 9 is applicable
2026-06-02 09:45:16,174 [INFO] Rule:224 - rule Change Default Value for LSE Drive Capability for WB family is applicable
2026-06-02 09:45:16,174 [INFO] Rule:224 - rule Change Default Value for ADC Clock Prescaler G0 family is applicable
2026-06-02 09:45:16,174 [INFO] Rule:224 - rule ADC SamplingTime fix with FW L0  is applicable
2026-06-02 09:45:16,174 [INFO] Rule:224 - rule ADC SamplingTime fix with FW L0  is applicable
2026-06-02 09:45:16,174 [INFO] Rule:224 - rule ADC SamplingTime fix with FW L0 is applicable
2026-06-02 09:45:16,175 [INFO] Rule:224 - rule ADC SamplingTime fix with FW L0 is applicable
2026-06-02 09:45:16,175 [INFO] Rule:224 - rule ADC SamplingTime fix with FW L0  is applicable
2026-06-02 09:45:16,175 [INFO] Rule:224 - rule ADC SamplingTime fix with FW L0 is applicable
2026-06-02 09:45:16,175 [INFO] Rule:224 - rule Rename USB_OE Signal is applicable
2026-06-02 09:45:16,175 [INFO] Rule:224 - rule Rename Activate_OE Mode is applicable
2026-06-02 09:45:16,175 [INFO] Rule:224 - rule Rename DIE462/DIE415 pin PC14/OSC32_IN -> PC14-OSC32_IN (PC14) is applicable
2026-06-02 09:45:16,175 [INFO] Rule:224 - rule Rename DIE462/DIE415 pin PC15/OSC32_OUT -> PC15-OSC32_OUT (PC15) is applicable
2026-06-02 09:45:16,175 [INFO] Rule:224 - rule Rename DIE462/DIE415 pin PH0/OSC_IN -> PH0-OSC_IN (PH0) is applicable
2026-06-02 09:45:16,175 [INFO] Rule:224 - rule Rename DIE462/DIE415 pin PH1/OSC_OUT -> PH1-OSC_OUT (PH1) is applicable
2026-06-02 09:45:16,176 [INFO] Rule:224 - rule Rename DIE462 pin PA13 -> PA13 (JTMS/SWDIO) is applicable
2026-06-02 09:45:16,176 [INFO] Rule:224 - rule Rename DIE415 pin PA13 -> PA13 (JTMS/SWDIO) is applicable
2026-06-02 09:45:16,176 [INFO] Rule:224 - rule Rename DIE462 pin PA14 -> PA14 (JTCK/SWCLK) is applicable
2026-06-02 09:45:16,176 [INFO] Rule:224 - rule Rename DIE415 pin PA14 -> PA14 (JTCK/SWCLK) is applicable
2026-06-02 09:45:16,176 [INFO] Rule:224 - rule Rename DIE462/DIE415 pin PA15 -> PA15 (JTDI) is applicable
2026-06-02 09:45:16,176 [INFO] Rule:224 - rule Rename DIE462 pin PB3 -> PB3 (JTD0/TRACESWO) is applicable
2026-06-02 09:45:16,176 [INFO] Rule:224 - rule Rename DIE415 pin PB3 -> PB3 (JTD0-TRACESWO) is applicable
2026-06-02 09:45:16,177 [INFO] Rule:224 - rule Rename DIE462/DIE415 pin PB4 -> PB4 (NJTRST) is applicable
2026-06-02 09:45:16,177 [INFO] Rule:224 - rule Rename DIE462 pin PH3/BOOT0 -> PH3-BOOT0 (BOOT0) is applicable
2026-06-02 09:45:16,177 [INFO] Rule:224 - rule Rename CRYP DataEncryptionTypesList to Algorithm is applicable
2026-06-02 09:45:16,177 [INFO] Rule:224 - rule Rename AES DataEncryptionTypesList to Algorithm is applicable
2026-06-02 09:45:16,177 [INFO] Rule:224 - rule Rename TDESECB to CRYP_TDES_ECB is applicable
2026-06-02 09:45:16,178 [INFO] Rule:224 - rule Rename TDESCBC to CRYP_TDES_CBC is applicable
2026-06-02 09:45:16,178 [INFO] Rule:224 - rule Rename DESECB to CRYP_DES_ECB is applicable
2026-06-02 09:45:16,178 [INFO] Rule:224 - rule Rename DESCBC to CRYP_DES_CBC is applicable
2026-06-02 09:45:16,178 [INFO] Rule:224 - rule Rename AESECB to CRYP_AES_ECB is applicable
2026-06-02 09:45:16,178 [INFO] Rule:224 - rule Rename AESCBC to CRYP_AES_CBC is applicable
2026-06-02 09:45:16,178 [INFO] Rule:224 - rule Rename AESCTR to CRYP_AES_CTR is applicable
2026-06-02 09:45:16,178 [INFO] Rule:224 - rule Rename AESGCM to CRYP_AES_GCM is applicable
2026-06-02 09:45:16,178 [INFO] Rule:224 - rule Rename AESCCM to CRYP_AES_CCM is applicable
2026-06-02 09:45:16,178 [INFO] Rule:224 - rule Rename CAN TimeSeg1 to BS1 is applicable
2026-06-02 09:45:16,178 [INFO] Rule:224 - rule Rename CAN TimeSeg2 to BS2 is applicable
2026-06-02 09:45:16,179 [INFO] Rule:224 - rule Rename CAN SyncJumpWidth to SJW is applicable
2026-06-02 09:45:16,179 [INFO] Rule:224 - rule TimeTriggeredMode to TTCM is applicable
2026-06-02 09:45:16,179 [INFO] Rule:224 - rule Rename CAN AutoBusOff to ABOM is applicable
2026-06-02 09:45:16,179 [INFO] Rule:224 - rule Rename CAN AutoWakeUp to AWUM is applicable
2026-06-02 09:45:16,179 [INFO] Rule:224 - rule Rename CAN AutoRetransmission to NART is applicable
2026-06-02 09:45:16,179 [INFO] Rule:224 - rule Rename CAN ReceiveFifoLocked to RFLM is applicable
2026-06-02 09:45:16,179 [INFO] Rule:224 - rule Rename CAN TransmitFifoPriority to TXFP is applicable
2026-06-02 09:45:16,179 [INFO] Rule:224 - rule Rename HRTIMER HRTIM_OUTPUTFAULTLEVEL_HIGH in HRTIMER HRTIM_OUTPUTFAULTLEVEL_HIGHZ is applicable
2026-06-02 09:45:16,179 [INFO] Rule:224 - rule Rename TIMER TIM_CLEARINPUTSOURCE_OCREFCLR in  TIMER TIM_CLEARINPUTSOURCE_NONE for F7 family is applicable
2026-06-02 09:45:16,179 [INFO] Rule:224 - rule FDCAN_R1 - Rename FDCAN mode Master into Classic is applicable
2026-06-02 09:45:16,179 [INFO] Rule:224 - rule FDCAN_R2 - Rename FDCAN mode Slave into Classic is applicable
2026-06-02 09:45:16,180 [INFO] Rule:224 - rule FDCAN1_R3 - if PA10.Mode=FullDuplex, add Pin PA12 is applicable
2026-06-02 09:45:16,180 [INFO] Rule:224 - rule FDCAN1_R3 - if PA9.Mode=FullDuplex, add Pin PA11 is applicable
2026-06-02 09:45:16,180 [INFO] Rule:224 - rule FDCAN1_R3 - Alternatepin_1 - if PE1.Mode=FullDuplex, add Pin PB9 is applicable
2026-06-02 09:45:16,180 [INFO] Rule:224 - rule FDCAN1_R3 - Alternatepin_1 - if PE0.Mode=FullDuplex, add Pin PB8 is applicable
2026-06-02 09:45:16,180 [INFO] Rule:224 - rule FDCAN1_R3 - Alternatepin_2 - if PD5.Mode=FullDuplex, add Pin PD1 is applicable
2026-06-02 09:45:16,180 [INFO] Rule:224 - rule FDCAN1_R3 - Alternatepin_2 - if PD4.Mode=FullDuplex, add Pin PD0 is applicable
2026-06-02 09:45:16,180 [INFO] Rule:224 - rule FDCAN1_R4 - Rename Mode FullDuplex into Enable FDCAN_TXFD for pin PA10 is applicable
2026-06-02 09:45:16,180 [INFO] Rule:224 - rule FDCAN1_R4 - Rename Mode FullDuplex into Enable FDCAN_TXFD for pin PA9 is applicable
2026-06-02 09:45:16,180 [INFO] Rule:224 - rule FDCAN1_R4 - Alternatepin_1 - Rename Mode FullDuplex into Enable FDCAN_TXFD for pin PE1 is applicable
2026-06-02 09:45:16,180 [INFO] Rule:224 - rule FDCAN1_R4 - Alternatepin_1 - Rename Mode FullDuplex into Enable FDCAN_TXFD for pin PE0 is applicable
2026-06-02 09:45:16,180 [INFO] Rule:224 - rule FDCAN1_R4 - Alternatepin_2 - Rename Mode FullDuplex into Enable FDCAN_TXFD for pin PD5 is applicable
2026-06-02 09:45:16,180 [INFO] Rule:224 - rule FDCAN1_R4 - Alternatepin_2 - Rename Mode FullDuplex into Enable FDCAN_TXFD for pin PD4 is applicable
2026-06-02 09:45:16,181 [INFO] Rule:224 - rule FDCAN2_R3 - if PD10.Mode=FullDuplex, add Pin PB13 is applicable
2026-06-02 09:45:16,181 [INFO] Rule:224 - rule FDCAN2_R3 - if PD9.Mode=FullDuplex, add Pin PB12 is applicable
2026-06-02 09:45:16,181 [INFO] Rule:224 - rule FDCAN2_R3 - Alternatepin_1 - if PB7.Mode=FullDuplex, add Pin PB6 is applicable
2026-06-02 09:45:16,181 [INFO] Rule:224 - rule FDCAN2_R3 - Alternatepin_1 - if PD9.Mode=FullDuplex, add Pin PB12 is applicable
2026-06-02 09:45:16,181 [INFO] Rule:224 - rule FDCAN2_R4 - Rename Mode FullDuplex into Enable FDCAN_TXFD for pin PD10 is applicable
2026-06-02 09:45:16,181 [INFO] Rule:224 - rule FDCAN2_R4 - Rename Mode FullDuplex into Enable FDCAN_TXFD for pin PD9 is applicable
2026-06-02 09:45:16,181 [INFO] Rule:224 - rule FDCAN2_R4 - Alternatepin_1 - Rename Mode FullDuplex into Enable FDCAN_TXFD for pin PB7 is applicable
2026-06-02 09:45:16,181 [INFO] Rule:224 - rule FDCAN2_R4 - Alternatepin_1 - Rename Mode FullDuplex into Enable FDCAN_TXFD for pin PD6 is applicable
2026-06-02 09:45:16,181 [INFO] Rule:224 - rule USART TxPinLevelInvertParam Mode is applicable
2026-06-02 09:45:16,181 [INFO] Rule:224 - rule USART RxPinLevelInvertParam Mode is applicable
2026-06-02 09:45:16,181 [INFO] Rule:224 - rule USART DataInvertParam Mode is applicable
2026-06-02 09:45:16,181 [INFO] Rule:224 - rule USART SwapParam Mode is applicable
2026-06-02 09:45:16,181 [INFO] Rule:224 - rule USART OverrunDisableParam Mode is applicable
2026-06-02 09:45:16,182 [INFO] Rule:224 - rule USART DMADisableonRxErrorParam Mode is applicable
2026-06-02 09:45:16,182 [INFO] Rule:224 - rule USART MSBFirstParam Mode is applicable
2026-06-02 09:45:16,182 [INFO] Rule:224 - rule Update MwName for USB_DEVICE is applicable
2026-06-02 09:45:16,182 [INFO] Rule:224 - rule Change PWR_Regulator_Voltage_Scale Default Value for RCC  H7 family is applicable
2026-06-02 09:45:16,182 [INFO] Rule:224 - rule UART/USART IPParameter rename Prescaler parameter to ClockPrescaler is applicable
2026-06-02 09:45:16,182 [INFO] Rule:224 - rule UART/USART Prescaler rename Prescaler parameter to ClockPrescaler is applicable
2026-06-02 09:45:16,182 [INFO] Rule:224 - rule TIM1CLockSelection is applicable
2026-06-02 09:45:16,182 [INFO] Rule:224 - rule TIM15CLockSelection is applicable
2026-06-02 09:45:16,182 [INFO] Rule:224 - rule align RCC SDMMC3CLockSelection default value on MP1 is applicable
2026-06-02 09:45:16,183 [INFO] Rule:224 - rule align RCC SDMMC12CLockSelection default value on MP1 is applicable
2026-06-02 09:45:16,183 [INFO] Rule:224 - rule align RCC QSPICLockSelection default value on MP1 is applicable
2026-06-02 09:45:16,183 [INFO] Rule:224 - rule align RCC QSPICLockSelection default value on MP1 is applicable
2026-06-02 09:45:16,183 [INFO] Rule:224 - rule align RCC SPI6CLockSelection default value on MP1 is applicable
2026-06-02 09:45:16,183 [INFO] Rule:224 - rule align RCC LPTIM23CLockSelection default value on MP1 is applicable
2026-06-02 09:45:16,183 [INFO] Rule:224 - rule align RCC LPTIM1CLockSelection default value on MP1 is applicable
2026-06-02 09:45:16,183 [INFO] Rule:224 - rule align RCC USART1CLockSelection default value on MP1 is applicable
2026-06-02 09:45:16,183 [INFO] Rule:224 - rule align RCC USART24CLockSelection default value on MP1 is applicable
2026-06-02 09:45:16,183 [INFO] Rule:224 - rule align RCC USART6CLockSelection default value on MP1 is applicable
2026-06-02 09:45:16,184 [INFO] Rule:224 - rule align RCC UART78CLockSelection default value on MP1 is applicable
2026-06-02 09:45:16,184 [INFO] Rule:224 - rule align RCC USART35CLockSelection default value on MP1 is applicable
2026-06-02 09:45:16,184 [INFO] Rule:224 - rule align RCC SPI45CLockSelection default value on MP1 is applicable
2026-06-02 09:45:16,184 [INFO] Rule:224 - rule align RCC I2C46CLockSelection BCLK value on MP1 is applicable
2026-06-02 09:45:16,184 [INFO] Rule:224 - rule align RCC SPI45CLockSelection default value on MP1 is applicable
2026-06-02 09:45:16,184 [INFO] Rule:224 - rule align RCC I2C12CLockSelection default value on MP1 is applicable
2026-06-02 09:45:16,184 [INFO] Rule:224 - rule align RCC I2C35CLockSelection default value on MP1 is applicable
2026-06-02 09:45:16,184 [INFO] Rule:224 - rule align RCC LPTIM45CLockSelection default value on MP1 is applicable
2026-06-02 09:45:16,185 [INFO] Rule:224 - rule Rename DCMI PIXCK signal is applicable
2026-06-02 09:45:16,185 [INFO] Rule:224 - rule Change Default Value for I2C46CLockSelection MP1 family is applicable
2026-06-02 09:45:16,185 [INFO] Rule:224 - rule Change Default Value for UART for G4, G0 and WB families is applicable
2026-06-02 09:45:16,185 [INFO] Rule:224 - rule Change Default Value for USART for G4, G0 and WB families is applicable
2026-06-02 09:45:16,185 [INFO] Rule:224 - rule Change Default Value for USART for G4 family is applicable
2026-06-02 09:45:16,185 [INFO] Rule:224 - rule Change USART1CLockSelection refparam name for MP1 is applicable
2026-06-02 09:45:16,185 [INFO] Rule:224 - rule Change USART2CLockSelection refparam name for MP1 is applicable
2026-06-02 09:45:16,185 [INFO] Rule:224 - rule Change USART3CLockSelection refparam name for MP1 is applicable
2026-06-02 09:45:16,185 [INFO] Rule:224 - rule Change UART4CLockSelection refparam name for MP1 is applicable
2026-06-02 09:45:16,186 [INFO] Rule:224 - rule Change UART5CLockSelection refparam name for MP1 is applicable
2026-06-02 09:45:16,186 [INFO] Rule:224 - rule Change LPUART1CLockSelection refparam name for MP1 is applicable
2026-06-02 09:45:16,186 [INFO] Rule:224 - rule Change LPTIM1CLockSelection refparam name for MP1 is applicable
2026-06-02 09:45:16,186 [INFO] Rule:224 - rule Change LPTIM2CLockSelection refparam name for MP1 is applicable
2026-06-02 09:45:16,186 [INFO] Rule:224 - rule Change RCC_MCO1Source refparam name for MP1 is applicable
2026-06-02 09:45:16,186 [INFO] Rule:224 - rule Change LSCOSource1 refparam name for MP1 is applicable
2026-06-02 09:45:16,186 [INFO] Rule:224 - rule Change SMPSCLockSelection refparam name for MP1 is applicable
2026-06-02 09:45:16,186 [INFO] Rule:224 - rule Change LPTIM3CLockSelection refparam name for MP1 is applicable
2026-06-02 09:45:16,187 [INFO] Rule:224 - rule Change MPCBB* Default Template Mode to Parameters is applicable
2026-06-02 09:45:16,187 [INFO] Rule:224 - rule Change MPCWM* or MPCBB* Secure Mode to Parameters is applicable
2026-06-02 09:45:16,188 [INFO] Rule:224 - rule Change MPCWM* or MPCBB* No Secure Mode to Parameters is applicable
2026-06-02 09:45:16,188 [INFO] Rule:224 - rule Change TZSC IP Secure Mode to Parameters is applicable
2026-06-02 09:45:16,188 [INFO] Rule:224 - rule Change TZSC IP No Secure Mode to Parameters is applicable
2026-06-02 09:45:16,189 [INFO] Rule:224 - rule Change TZSC IP Privilege Mode to Parameters is applicable
2026-06-02 09:45:16,189 [INFO] Rule:224 - rule Change TZSC IP No Privilege Mode to Parameters is applicable
2026-06-02 09:45:16,189 [INFO] Rule:224 - rule Change TZIC IT Secure Mode to Parameters is applicable
2026-06-02 09:45:16,190 [INFO] Rule:224 - rule Change TZIC IT No Secure Mode to Parameters is applicable
2026-06-02 09:45:16,190 [INFO] Rule:224 - rule Add MPCBB1_NonSecureArea_Start_Address value with referenced to MPCBB1_NonSecureArea_Start value is applicable
2026-06-02 09:45:16,190 [INFO] Rule:224 - rule Add MPCBB2_NonSecureArea_Start_Address value with referenced to MPCBB2_NonSecureArea_Start value is applicable
2026-06-02 09:45:16,190 [INFO] Rule:224 - rule Add MPCWM1_NonSecureArea*_Start_Address value with referenced to MPCWM1_NonSecureArea*_Start value is applicable
2026-06-02 09:45:16,190 [INFO] Rule:224 - rule Add MPCWM2_NonSecureArea*_Start_Address value with referenced to MPCWM2_NonSecureArea*_Start value is applicable
2026-06-02 09:45:16,190 [INFO] Rule:224 - rule Add MPCWM3_NonSecureArea_Start_Address value with referenced to MPCWM3_NonSecureArea_Start value is applicable
2026-06-02 09:45:16,190 [INFO] Rule:224 - rule Change Default Value for PLL1UserDefinedConfig is applicable
2026-06-02 09:45:16,190 [INFO] Rule:224 - rule Change GPIO_PuPd Default Value for USART in async mode is applicable
2026-06-02 09:45:16,190 [INFO] Rule:224 - rule Change SMPSDivider Default Value is applicable
2026-06-02 09:45:16,190 [INFO] Rule:224 - rule OPAMP is applicable
2026-06-02 09:45:16,190 [INFO] Rule:224 - rule LPUART IPParameter rename Prescaler parameter to ClockPrescaler for STM32H7 is applicable
2026-06-02 09:45:16,190 [INFO] Rule:224 - rule LPUART IPParameter rename Prescaler parameter to ClockPrescaler for STM32H7 is applicable
2026-06-02 09:45:16,190 [INFO] Rule:224 - rule LPUART IPParameter rename Prescaler parameter to ClockPrescaler for STM32WB is applicable
2026-06-02 09:45:16,190 [INFO] Rule:224 - rule LPUART IPParameter rename Prescaler parameter to ClockPrescaler for STM32WB is applicable
2026-06-02 09:45:16,191 [INFO] Rule:224 - rule LPUART IPParameter rename Prescaler parameter to ClockPrescaler for STM32G4 is applicable
2026-06-02 09:45:16,191 [INFO] Rule:224 - rule LPUART IPParameter rename Prescaler parameter to ClockPrescaler for STM32G4 is applicable
2026-06-02 09:45:16,191 [INFO] Rule:224 - rule LPUART IPParameter rename Prescaler parameter to ClockPrescaler for STM32L5 is applicable
2026-06-02 09:45:16,191 [INFO] Rule:224 - rule LPUART IPParameter rename Prescaler parameter to ClockPrescaler for STM32L5 is applicable
2026-06-02 09:45:16,191 [INFO] Rule:224 - rule LPUART IPParameter rename Prescaler parameter to ClockPrescaler for STM32G4 is applicable
2026-06-02 09:45:16,191 [INFO] Rule:224 - rule LPUART IPParameter rename Prescaler parameter to ClockPrescaler for STM32G4 is applicable
2026-06-02 09:45:16,191 [INFO] Rule:224 - rule USB device lib V2.5.3 for L0 rename USBD_SUPPORT_USER_STRING parameter to USBD_SUPPORT_USER_STRING_DESC4 is applicable
2026-06-02 09:45:16,191 [INFO] Rule:224 - rule I2SCLockSelection clock entry align is applicable
2026-06-02 09:45:16,191 [INFO] Rule:224 - rule Assign TIMx context if used as SYS timebase is applicable
2026-06-02 09:45:16,191 [INFO] Rule:224 - rule Change GPIO_Pu Default Value for I2C is applicable
2026-06-02 09:45:16,191 [INFO] Rule:224 - rule Change GPIO_Pu Default Value for SMBus is applicable
2026-06-02 09:45:16,191 [INFO] Rule:224 - rule change FDCAN default value is applicable
2026-06-02 09:45:16,192 [INFO] Rule:224 - rule Change mode sai is applicable
2026-06-02 09:45:16,192 [INFO] Rule:224 - rule **Change sai mode is applicable
2026-06-02 09:45:16,192 [INFO] Rule:224 - rule Rename STM32WPAN CFG_BLE_IRK to CFG_BLE_IR is applicable
2026-06-02 09:45:16,192 [INFO] Rule:224 - rule Rename STM32WPAN CFG_BLE_ERK to CFG_BLE_ER is applicable
2026-06-02 09:45:16,192 [INFO] Rule:224 - rule Rename STM32WPAN CFG_BLE_IRK_HEX to CFG_BLE_IR_HEX is applicable
2026-06-02 09:45:16,192 [INFO] Rule:224 - rule Rename STM32WPAN CFG_BLE_ERK_HEX to CFG_BLE_ER_HEX is applicable
2026-06-02 09:45:16,192 [INFO] Rule:224 - rule Adapt Old IOC before rework replace old CORTEX_M33/CORTEX_M55 attributes by the new one. is applicable
2026-06-02 09:45:16,192 [INFO] Rule:224 - rule Rename parametre of RCC RCC_APBDBG_DIV2 to RCC_TIMPRES_DIV2 is applicable
2026-06-02 09:45:16,192 [INFO] Rule:224 - rule Rename DIE493 pin PA10 [PA12] -> PA10 is applicable
2026-06-02 09:45:16,192 [INFO] Rule:224 - rule Rename DIE493 pin PA9 [PA11] -> PA9 is applicable
2026-06-02 09:45:16,224 [INFO] DbConfProperties:307 - Apply Compatibility (34/234 Rules)
2026-06-02 09:45:16,262 [INFO] ImportTextPane:218 - (OptionalMessage_ERROR) Unable to find key (Mcu.ThirdPartyNb) in loaded IOC file
2026-06-02 09:45:16,274 [INFO] ImportTextPane:218 - (OptionalMessage_ERROR) Pin34 (VP_RIF_VS_RIF1) cannot be retrieved for this MCU
2026-06-02 09:45:16,615 [INFO] RtosManager:558 - Registered RTOS mode: class=CMSIS, group=RTOS, mode=CMSIS_V1, owner=FREERTOS
2026-06-02 09:45:16,615 [INFO] RtosManager:558 - Registered RTOS mode: class=CMSIS, group=RTOS2, mode=CMSIS_V2, owner=FREERTOS
2026-06-02 09:45:16,615 [INFO] RtosManager:558 - Registered RTOS mode: class=RTOS, group=Core, mode=CMSIS_V1, owner=FREERTOS
2026-06-02 09:45:16,615 [INFO] RtosManager:558 - Registered RTOS mode: class=RTOS, group=Core, mode=CMSIS_V2, owner=FREERTOS
2026-06-02 09:45:16,615 [WARN] ModelIntegratedComponent:184 - Missing modes for component STMicroelectronics:FreeRTOS:0.0.1:STMicroelectronics:RTOS:FreeRTOS:Core:::10.2.0:
2026-06-02 09:45:16,651 [WARN] ModelIntegratedComponent:63 - No mode defined for component null
2026-06-02 09:45:16,652 [WARN] ModelIntegratedComponent:63 - No mode defined for component null
2026-06-02 09:45:16,652 [WARN] ModelIntegratedComponent:63 - No mode defined for component null
2026-06-02 09:45:16,652 [WARN] ModelIntegratedComponent:63 - No mode defined for component null
2026-06-02 09:45:16,652 [WARN] ModelIntegratedComponent:63 - No mode defined for component null
2026-06-02 09:45:16,652 [WARN] ModelIntegratedComponent:63 - No mode defined for component null
2026-06-02 09:45:16,652 [WARN] ModelIntegratedComponent:63 - No mode defined for component null
2026-06-02 09:45:16,652 [WARN] ModelIntegratedComponent:63 - No mode defined for component null
2026-06-02 09:45:16,652 [WARN] ModelIntegratedComponent:63 - No mode defined for component null
2026-06-02 09:45:16,652 [WARN] ModelIntegratedComponent:63 - No mode defined for component null
2026-06-02 09:45:16,652 [WARN] ModelIntegratedComponent:63 - No mode defined for component null
2026-06-02 09:45:16,653 [WARN] ModelIntegratedComponent:63 - No mode defined for component null
2026-06-02 09:45:16,653 [WARN] ModelIntegratedComponent:63 - No mode defined for component null
2026-06-02 09:45:16,653 [WARN] ModelIntegratedComponent:63 - No mode defined for component null
2026-06-02 09:45:16,653 [WARN] ModelIntegratedComponent:63 - No mode defined for component null
2026-06-02 09:45:16,653 [WARN] ModelIntegratedComponent:63 - No mode defined for component null
2026-06-02 09:45:16,653 [WARN] ModelIntegratedComponent:63 - No mode defined for component null
2026-06-02 09:45:16,653 [WARN] ModelIntegratedComponent:63 - No mode defined for component null
2026-06-02 09:45:16,653 [WARN] ModelIntegratedComponent:63 - No mode defined for component null
2026-06-02 09:45:16,653 [WARN] ModelIntegratedComponent:63 - No mode defined for component null
2026-06-02 09:45:16,653 [WARN] ModelIntegratedComponent:63 - No mode defined for component null
2026-06-02 09:45:16,654 [WARN] ModelIntegratedComponent:63 - No mode defined for component null
2026-06-02 09:45:16,654 [WARN] ModelIntegratedComponent:63 - No mode defined for component null
2026-06-02 09:45:16,654 [WARN] ModelIntegratedComponent:63 - No mode defined for component null
2026-06-02 09:45:16,654 [WARN] ModelIntegratedComponent:63 - No mode defined for component null
2026-06-02 09:45:16,654 [WARN] ModelIntegratedComponent:63 - No mode defined for component null
2026-06-02 09:45:16,655 [WARN] ModelIntegratedComponent:63 - No mode defined for component null
2026-06-02 09:45:16,655 [WARN] ModelIntegratedComponent:63 - No mode defined for component null
2026-06-02 09:45:16,656 [WARN] ModelIntegratedComponent:63 - No mode defined for component null
2026-06-02 09:45:16,656 [WARN] ModelIntegratedComponent:63 - No mode defined for component null
2026-06-02 09:45:16,656 [WARN] ModelIntegratedComponent:63 - No mode defined for component null
2026-06-02 09:45:16,656 [WARN] ModelIntegratedComponent:63 - No mode defined for component null
2026-06-02 09:45:16,656 [WARN] ModelIntegratedComponent:63 - No mode defined for component null
2026-06-02 09:45:16,656 [WARN] ModelIntegratedComponent:63 - No mode defined for component null
2026-06-02 09:45:16,656 [WARN] ModelIntegratedComponent:63 - No mode defined for component null
2026-06-02 09:45:16,657 [WARN] ModelPack:524 - Component already loaded: STMicroelectronics:HAL Drivers:0.0.0:STMicroelectronics:Device:STMicro_Driver:XSPI:HAL::0.0.1:HAL_XSPI
2026-06-02 09:45:16,787 [INFO] ThirdPartyModel:298 - Start build external matchings
2026-06-02 09:45:17,830 [INFO] ThirdPartyModel:316 - End build external matchings
2026-06-02 09:45:18,494 [INFO] UtilMem:75 - End LoadConfig() Used Memory: 942190984 Bytes (1073741824)
2026-06-02 09:45:18,778 [WARN] ThirdParty:833 - waiting for thirdparty lock release [change project]
2026-06-02 09:45:18,778 [INFO] ThirdParty:835 - entering critical section [change project]
2026-06-02 09:45:18,779 [INFO] ThirdParty:1030 - CMSIS Pack Vendor :STMicroelectronics X-CUBE-AZRTOS-H7 3.5.0
2026-06-02 09:45:18,779 [INFO] ThirdParty:1030 - CMSIS Pack Vendor :STMicroelectronics X-CUBE-PM33A1 1.0.0
2026-06-02 09:45:18,779 [INFO] ThirdParty:1030 - CMSIS Pack Vendor :STMicroelectronics USBPD 4.1
2026-06-02 09:45:18,779 [INFO] ThirdParty:1030 - CMSIS Pack Vendor :STMicroelectronics X-CUBE-NFC9 1.0.0
2026-06-02 09:45:18,779 [INFO] ThirdParty:1030 - CMSIS Pack Vendor :STMicroelectronics USB_HOST 2.0.0
2026-06-02 09:45:18,779 [INFO] ThirdParty:1030 - CMSIS Pack Vendor :STMicroelectronics X-CUBE-AZRTOS-F4 1.1.0
2026-06-02 09:45:18,779 [INFO] ThirdParty:1030 - CMSIS Pack Vendor :STMicroelectronics LIBJPEG 8.0.0
2026-06-02 09:45:18,779 [INFO] ThirdParty:1030 - CMSIS Pack Vendor :STMicroelectronics FP-ATR-ASTRA1 2.0.2
2026-06-02 09:45:18,779 [INFO] ThirdParty:1030 - CMSIS Pack Vendor :STMicroelectronics X-CUBE-BLE1 7.1.0
2026-06-02 09:45:18,779 [INFO] ThirdParty:1030 - CMSIS Pack Vendor :STMicroelectronics X-CUBE-SMBUS 2.1.0
2026-06-02 09:45:18,779 [INFO] ThirdParty:1030 - CMSIS Pack Vendor :wolfSSL I-CUBE-wolfMQTT 1.19.2
2026-06-02 09:45:18,780 [INFO] ThirdParty:1030 - CMSIS Pack Vendor :STMicroelectronics USB_DEVICE 3.0.0
2026-06-02 09:45:18,780 [INFO] ThirdParty:1030 - CMSIS Pack Vendor :STMicroelectronics X-CUBE-ISPU 2.1.0
2026-06-02 09:45:18,780 [INFO] ThirdParty:1030 - CMSIS Pack Vendor :STMicroelectronics X-CUBE-EEPRMA1 5.2.0
2026-06-02 09:45:18,780 [INFO] ThirdParty:1030 - CMSIS Pack Vendor :STMicroelectronics X-CUBE-BLEMGR 4.1.0
2026-06-02 09:45:18,780 [INFO] ThirdParty:1030 - CMSIS Pack Vendor :STMicroelectronics eDS-WB_DPC_TT-BIDIR 2.1.1
2026-06-02 09:45:18,780 [INFO] ThirdParty:1030 - CMSIS Pack Vendor :STMicroelectronics X-CUBE-AZRTOS-WB 2.0.0
2026-06-02 09:45:18,780 [INFO] ThirdParty:1030 - CMSIS Pack Vendor :wolfSSL I-CUBE-wolfSSL 5.8.4
2026-06-02 09:45:18,780 [INFO] ThirdParty:1030 - CMSIS Pack Vendor :STMicroelectronics X-CUBE-NFC12 1.0.0
2026-06-02 09:45:18,780 [INFO] ThirdParty:1030 - CMSIS Pack Vendor :STMicroelectronics X-CUBE-AZRTOS-F7 1.1.0
2026-06-02 09:45:18,780 [INFO] ThirdParty:1030 - CMSIS Pack Vendor :STMicroelectronics X-CUBE-AZRTOS-L5 2.0.0
2026-06-02 09:45:18,780 [INFO] ThirdParty:1030 - CMSIS Pack Vendor :STMicroelectronics USB_DEVICE 2.0.0
2026-06-02 09:45:18,780 [INFO] ThirdParty:1030 - CMSIS Pack Vendor :quantropi X-CUBE-qispace-sdk-base 2.1.0
2026-06-02 09:45:18,780 [INFO] ThirdParty:1030 - CMSIS Pack Vendor :STMicroelectronics X-CUBE-MEMS1 12.0.0
2026-06-02 09:45:18,780 [INFO] ThirdParty:1030 - CMSIS Pack Vendor :STMicroelectronics X-CUBE-STSE01 2.0.0
2026-06-02 09:45:18,781 [INFO] ThirdParty:1030 - CMSIS Pack Vendor :STMicroelectronics X-CUBE-ALGOBUILD 1.5.0
2026-06-02 09:45:18,781 [INFO] ThirdParty:1030 - CMSIS Pack Vendor :STMicroelectronics FreeRTOS 0.0.1
2026-06-02 09:45:18,781 [INFO] ThirdParty:1030 - CMSIS Pack Vendor :STMicroelectronics X-CUBE-AZRTOS-G0 1.1.0
2026-06-02 09:45:18,781 [INFO] ThirdParty:1030 - CMSIS Pack Vendor :STMicroelectronics X-CUBE-NFC4 3.0.0
2026-06-02 09:45:18,781 [INFO] ThirdParty:1030 - CMSIS Pack Vendor :STMicroelectronics X-CUBE-SUBG2 5.0.0
2026-06-02 09:45:18,781 [INFO] ThirdParty:1030 - CMSIS Pack Vendor :STMicroelectronics STM32_WPAN 1.0.0
2026-06-02 09:45:18,781 [INFO] ThirdParty:1030 - CMSIS Pack Vendor :STMicroelectronics eDS-WB_DPC_VIENNA 1.2.0
2026-06-02 09:45:18,781 [INFO] ThirdParty:1030 - CMSIS Pack Vendor :EmbeddedOffice I-CUBE-FS-RTOS 1.0.1
2026-06-02 09:45:18,781 [INFO] ThirdParty:1030 - CMSIS Pack Vendor :STMicroelectronics lwIP 2.0.3
2026-06-02 09:45:18,781 [INFO] ThirdParty:1030 - CMSIS Pack Vendor :STMicroelectronics eDS-WB_DPC_3PH2L-BIDIR 1.1.1
2026-06-02 09:45:18,781 [INFO] ThirdParty:1030 - CMSIS Pack Vendor :STMicroelectronics USB_HOST 1.0.0
2026-06-02 09:45:18,781 [INFO] ThirdParty:1030 - CMSIS Pack Vendor :STMicroelectronics X-CUBE-AZRTOS-G4 2.0.0
2026-06-02 09:45:18,781 [INFO] ThirdParty:1030 - CMSIS Pack Vendor :STMicroelectronics PDM2PCM 3.1.0
2026-06-02 09:45:18,781 [INFO] ThirdParty:1030 - CMSIS Pack Vendor :STMicroelectronics PDM2PCM 3.3.0
2026-06-02 09:45:18,781 [INFO] ThirdParty:1030 - CMSIS Pack Vendor :wolfSSL I-CUBE-wolfTPM 3.8.0
2026-06-02 09:45:18,781 [INFO] ThirdParty:1030 - CMSIS Pack Vendor :STMicroelectronics X-CUBE-DISPLAY 3.0.0
2026-06-02 09:45:18,781 [INFO] ThirdParty:1030 - CMSIS Pack Vendor :wolfSSL I-CUBE-wolfSSH 1.4.20
2026-06-02 09:45:18,781 [INFO] ThirdParty:1030 - CMSIS Pack Vendor :STMicroelectronics X-CUBE-NFC7 2.0.0
2026-06-02 09:45:18,782 [INFO] ThirdParty:1030 - CMSIS Pack Vendor :STMicroelectronics X-CUBE-GNSS1 7.1.1
2026-06-02 09:45:18,782 [INFO] ThirdParty:1030 - CMSIS Pack Vendor :STMicroelectronics X-CUBE-TCPP 4.2.0
2026-06-02 09:45:18,782 [INFO] ThirdParty:1030 - CMSIS Pack Vendor :RealThread X-CUBE-RT-Thread_Nano 4.1.1
2026-06-02 09:45:18,782 [INFO] ThirdParty:1030 - CMSIS Pack Vendor :STMicroelectronics FP-ATR-SIGFOX1 3.2.0
2026-06-02 09:45:18,782 [INFO] ThirdParty:1030 - CMSIS Pack Vendor :STMicroelectronics X-CUBE-NFC10 1.0.0
2026-06-02 09:45:18,782 [INFO] ThirdParty:1030 - CMSIS Pack Vendor :STMicroelectronics HAL Drivers 0.0.0
2026-06-02 09:45:18,782 [INFO] ThirdParty:1030 - CMSIS Pack Vendor :STMicroelectronics MBEDTLS 2.16.2
2026-06-02 09:45:18,782 [INFO] ThirdParty:1030 - CMSIS Pack Vendor :STMicroelectronics X-CUBE-ST60 1.1.0
2026-06-02 09:45:18,782 [INFO] ThirdParty:1030 - CMSIS Pack Vendor :STMicroelectronics X-CUBE-ALS 1.0.2
2026-06-02 09:45:18,782 [INFO] ThirdParty:1030 - CMSIS Pack Vendor :emotas I-CUBE-CANOPEN 1.3.0
2026-06-02 09:45:18,782 [INFO] ThirdParty:1030 - CMSIS Pack Vendor :STMicroelectronics MBEDTLS 2.14.1
2026-06-02 09:45:18,783 [INFO] ThirdParty:1030 - CMSIS Pack Vendor :STMicroelectronics X-CUBE-GNSS1 7.1.0
2026-06-02 09:45:18,783 [INFO] ThirdParty:1030 - CMSIS Pack Vendor :ITTIA_DB I-CUBE-ITTIADB 8.9.0
2026-06-02 09:45:18,783 [INFO] ThirdParty:1030 - CMSIS Pack Vendor :Cesanta I-CUBE-Mongoose 7.21.0
2026-06-02 09:45:18,783 [INFO] ThirdParty:1030 - CMSIS Pack Vendor :STMicroelectronics X-CUBE-TOUCHGFX 4.26.1
2026-06-02 09:45:18,783 [INFO] ThirdParty:1030 - CMSIS Pack Vendor :STMicroelectronics X-CUBE-NFC6 3.2.0
2026-06-02 09:45:18,783 [INFO] ThirdParty:1030 - CMSIS Pack Vendor :STMicroelectronics X-CUBE-AI 10.2.0
2026-06-02 09:45:18,783 [INFO] ThirdParty:1030 - CMSIS Pack Vendor :STMicroelectronics FP-SNS-STAIOTCFT 1.0.0
2026-06-02 09:45:18,783 [INFO] ThirdParty:1030 - CMSIS Pack Vendor :STMicroelectronics ThreadX 1.0.0
2026-06-02 09:45:18,783 [INFO] ThirdParty:1030 - CMSIS Pack Vendor :STMicroelectronics FP-SNS-SMARTAG2 1.2.0
2026-06-02 09:45:18,783 [INFO] ThirdParty:1030 - CMSIS Pack Vendor :STMicroelectronics X-CUBE-MEMS1 12.1.0
2026-06-02 09:45:18,783 [INFO] ThirdParty:1030 - CMSIS Pack Vendor :STMicroelectronics FP-SNS-FLIGHT1 5.1.0
2026-06-02 09:45:18,783 [INFO] ThirdParty:1030 - CMSIS Pack Vendor :STMicroelectronics X-CUBE-AZRTOS-WL 2.0.0
2026-06-02 09:45:18,784 [INFO] ThirdParty:1030 - CMSIS Pack Vendor :SEGGER I-CUBE-embOS 1.3.1
2026-06-02 09:45:18,784 [INFO] ThirdParty:1030 - CMSIS Pack Vendor :STMicroelectronics X-CUBE-ALGOBUILD 1.4.0
2026-06-02 09:45:18,784 [INFO] ThirdParty:1030 - CMSIS Pack Vendor :STMicroelectronics X-CUBE-DPower 1.3.0
2026-06-02 09:45:18,784 [INFO] ThirdParty:1030 - CMSIS Pack Vendor :STMicroelectronics USB_DEVICE 1.0.0
2026-06-02 09:45:18,784 [INFO] ThirdParty:1030 - CMSIS Pack Vendor :STMicroelectronics X-CUBE-AZRTOS-H7RS 1.2.0
2026-06-02 09:45:18,784 [INFO] ThirdParty:1030 - CMSIS Pack Vendor :STMicroelectronics X-CUBE-AZRTOS-L4 2.0.0
2026-06-02 09:45:18,784 [INFO] ThirdParty:1030 - CMSIS Pack Vendor :STMicroelectronics ThreadX 0.0.2
2026-06-02 09:45:18,784 [INFO] ThirdParty:1030 - CMSIS Pack Vendor :STMicroelectronics lwIP 2.1.2
2026-06-02 09:45:18,784 [INFO] ThirdParty:1030 - CMSIS Pack Vendor :STMicroelectronics X-CUBE-SFXS2LP1 4.0.0
2026-06-02 09:45:18,785 [INFO] ThirdParty:1030 - CMSIS Pack Vendor :STMicroelectronics X-CUBE-BLE2 3.3.0
2026-06-02 09:45:18,785 [INFO] ThirdParty:1030 - CMSIS Pack Vendor :Avnet-IOTCONNECT X-CUBE-iotc-st67-sdk 1.0.0
2026-06-02 09:45:18,785 [INFO] ThirdParty:1030 - CMSIS Pack Vendor :STMicroelectronics X-CUBE-TOF1 3.4.3
2026-06-02 09:45:18,785 [INFO] ThirdParty:1030 - CMSIS Pack Vendor :Infineon AIROC-Wi-Fi-Bluetooth-STM32 1.8.0
2026-06-02 09:45:18,785 [INFO] ThirdParty:1030 - CMSIS Pack Vendor :STMicroelectronics PDM2PCM 3.2.0
2026-06-02 09:45:18,785 [INFO] ThirdParty:1030 - CMSIS Pack Vendor :STMicroelectronics X-CUBE-WB05N 2.1.0
2026-06-02 09:45:18,786 [INFO] ThirdParty:841 - exiting critical section [change project]
2026-06-02 09:45:19,874 [INFO] PinOutPanel:1589 - setPackage(No Configuration,No Configuration)
2026-06-02 09:45:19,877 [INFO] PinOutPanel:1589 - setPackage(STM32F407VGTx,LQFP100)
2026-06-02 09:45:20,894 [INFO] UtilMem:75 - Before build in PCC Used Memory: 767967704 Bytes (1073741824)
2026-06-02 09:45:22,849 [INFO] UtilMem:75 - After build in PCC Used Memory: 840921160 Bytes (1073741824)
2026-06-02 09:45:22,963 [INFO] IPUIPlugin:80 - create IPUIPlugin
2026-06-02 09:45:22,964 [INFO] IPUIPlugin:80 - create IPUIPlugin
2026-06-02 09:45:22,964 [INFO] IPUIPlugin:80 - create IPUIPlugin
2026-06-02 09:45:22,965 [INFO] IPUIPlugin:80 - create IPUIPlugin
2026-06-02 09:45:22,965 [INFO] IPUIPlugin:80 - create IPUIPlugin
2026-06-02 09:45:22,967 [INFO] IPUIPlugin:80 - create IPUIPlugin
2026-06-02 09:45:22,968 [INFO] IPUIPlugin:80 - create IPUIPlugin
2026-06-02 09:45:22,968 [INFO] IPUIPlugin:80 - create IPUIPlugin
2026-06-02 09:45:22,970 [INFO] IPUIPlugin:80 - create IPUIPlugin
2026-06-02 09:45:22,970 [INFO] IPUIPlugin:80 - create IPUIPlugin
2026-06-02 09:45:22,970 [INFO] IPUIPlugin:80 - create IPUIPlugin
2026-06-02 09:45:22,971 [INFO] IPUIPlugin:80 - create IPUIPlugin
2026-06-02 09:45:22,972 [INFO] IPUIPlugin:80 - create IPUIPlugin
2026-06-02 09:45:22,972 [INFO] IPUIPlugin:80 - create IPUIPlugin
2026-06-02 09:45:22,973 [INFO] IPUIPlugin:80 - create IPUIPlugin
2026-06-02 09:45:22,973 [INFO] IPUIPlugin:80 - create IPUIPlugin
2026-06-02 09:45:22,974 [INFO] IPUIPlugin:80 - create IPUIPlugin
2026-06-02 09:45:22,974 [INFO] IPUIPlugin:80 - create IPUIPlugin
2026-06-02 09:45:22,975 [INFO] IPUIPlugin:80 - create IPUIPlugin
2026-06-02 09:45:22,975 [INFO] IPUIPlugin:80 - create IPUIPlugin
2026-06-02 09:45:22,976 [INFO] IPUIPlugin:80 - create IPUIPlugin
2026-06-02 09:45:22,977 [INFO] IPUIPlugin:80 - create IPUIPlugin
2026-06-02 09:45:22,978 [INFO] IPUIPlugin:80 - create IPUIPlugin
2026-06-02 09:45:22,978 [INFO] IPUIPlugin:80 - create IPUIPlugin
2026-06-02 09:45:22,979 [INFO] IPUIPlugin:80 - create IPUIPlugin
2026-06-02 09:45:22,980 [INFO] IPUIPlugin:80 - create IPUIPlugin
2026-06-02 09:45:22,981 [INFO] IPUIPlugin:80 - create IPUIPlugin
2026-06-02 09:45:22,981 [INFO] IPUIPlugin:80 - create IPUIPlugin
2026-06-02 09:45:22,982 [INFO] IPUIPlugin:80 - create IPUIPlugin
2026-06-02 09:45:22,983 [INFO] IPUIPlugin:80 - create IPUIPlugin
2026-06-02 09:45:22,984 [INFO] IPUIPlugin:80 - create IPUIPlugin
2026-06-02 09:45:22,984 [INFO] IPUIPlugin:80 - create IPUIPlugin
2026-06-02 09:45:22,985 [INFO] IPUIPlugin:80 - create IPUIPlugin
2026-06-02 09:45:22,986 [INFO] IPUIPlugin:80 - create IPUIPlugin
2026-06-02 09:45:22,986 [INFO] IPUIPlugin:80 - create IPUIPlugin
2026-06-02 09:45:22,986 [INFO] IPUIPlugin:80 - create IPUIPlugin
2026-06-02 09:45:22,987 [INFO] IPUIPlugin:80 - create IPUIPlugin
2026-06-02 09:45:22,988 [INFO] IPUIPlugin:80 - create IPUIPlugin
2026-06-02 09:45:22,988 [INFO] IPUIPlugin:80 - create IPUIPlugin
2026-06-02 09:45:22,989 [INFO] IPUIPlugin:80 - create IPUIPlugin
2026-06-02 09:45:22,990 [INFO] IPUIPlugin:80 - create IPUIPlugin
2026-06-02 09:45:22,990 [INFO] IPUIPlugin:80 - create IPUIPlugin
2026-06-02 09:45:22,991 [INFO] IPUIPlugin:80 - create IPUIPlugin
2026-06-02 09:45:22,992 [INFO] IPUIPlugin:80 - create IPUIPlugin
2026-06-02 09:45:22,992 [INFO] IPUIPlugin:80 - create IPUIPlugin
2026-06-02 09:45:22,993 [INFO] IPUIPlugin:80 - create IPUIPlugin
2026-06-02 09:45:22,993 [INFO] IPUIPlugin:80 - create IPUIPlugin
2026-06-02 09:45:22,995 [INFO] IPUIPlugin:80 - create IPUIPlugin
2026-06-02 09:45:22,995 [INFO] IPUIPlugin:80 - create IPUIPlugin
2026-06-02 09:45:22,996 [INFO] IPUIPlugin:80 - create IPUIPlugin
2026-06-02 09:45:22,997 [INFO] IPUIPlugin:80 - create IPUIPlugin
2026-06-02 09:45:22,998 [INFO] IPUIPlugin:80 - create IPUIPlugin
2026-06-02 09:45:23,000 [INFO] IPUIPlugin:80 - create IPUIPlugin
2026-06-02 09:45:23,000 [INFO] IPUIPlugin:80 - create IPUIPlugin
2026-06-02 09:45:23,001 [INFO] IPUIPlugin:80 - create IPUIPlugin
2026-06-02 09:45:23,003 [INFO] IPUIPlugin:80 - create IPUIPlugin
2026-06-02 09:45:23,004 [INFO] IPUIPlugin:80 - create IPUIPlugin
2026-06-02 09:45:23,005 [INFO] IPUIPlugin:80 - create IPUIPlugin
2026-06-02 09:45:23,175 [INFO] ApiDbMcu:508 - Load IP Config File for PDM2PCM
2026-06-02 09:45:23,658 [INFO] CADModel:165 - CPN selected for project levelSTM32F407VGT6
2026-06-02 09:45:23,658 [INFO] CADModel:114 - Register for checkConnection events
2026-06-02 09:45:23,734 [INFO] OpenFileManager:385 - Restore cursor
2026-06-02 09:45:26,272 [INFO] UtilMem:75 - End SaveConfig() Used Memory: 972660736 Bytes (1073741824)
2026-06-02 09:45:26,552 [INFO] UtilMem:75 - End SaveConfig() Used Memory: 994700208 Bytes (1073741824)
2026-06-02 09:45:27,773 [INFO] BlockDiagram:2775 - set Specific Code input for plugin: SYS
2026-06-02 09:45:27,773 [INFO] BlockDiagram:2775 - set Specific Code input for plugin: RCC
2026-06-02 09:45:27,774 [INFO] BlockDiagram:2775 - set Specific Code input for plugin: NVIC
2026-06-02 09:45:27,775 [INFO] BlockDiagram:2775 - set Specific Code input for plugin: GPIO
2026-06-02 09:45:27,780 [INFO] CodeGenerator:882 - code generatio: config db path: C:\ST\STM32CubeIDE_1.18.0\STM32CubeIDE\plugins\com.st.stm32cube.common.mx_6.14.0.202502271554\\db\
2026-06-02 09:45:28,203 [INFO] CodeEngine:263 - oldGeneratedFile, C:\Users\hp\STM32CubeIDE\workspace_1.18.0\35_UART_DMA_BareMetal\MXTmpFiles\license.tmp_save
2026-06-02 09:45:29,180 [INFO] CodeEngine:287 - Generated code: C:\Users\hp\STM32CubeIDE\workspace_1.18.0\35_UART_DMA_BareMetal\MXTmpFiles\license.tmp
2026-06-02 09:45:29,418 [INFO] CodeEngine:263 - oldGeneratedFile, C:\Users\hp\STM32CubeIDE\workspace_1.18.0\35_UART_DMA_BareMetal\MXTmpFiles\gpio.tmp_save
2026-06-02 09:45:29,850 [INFO] CodeEngine:287 - Generated code: C:\Users\hp\STM32CubeIDE\workspace_1.18.0\35_UART_DMA_BareMetal\MXTmpFiles\gpio.tmp
2026-06-02 09:45:30,013 [INFO] CodeEngine:263 - oldGeneratedFile, C:\Users\hp\STM32CubeIDE\workspace_1.18.0\35_UART_DMA_BareMetal\Core\Src\stm32f4xx_it.c_save
2026-06-02 09:45:30,384 [INFO] CodeEngine:287 - Generated code: C:\Users\hp\STM32CubeIDE\workspace_1.18.0\35_UART_DMA_BareMetal\Core\Src\stm32f4xx_it.c
2026-06-02 09:45:30,397 [INFO] CodeEngine:263 - oldGeneratedFile, C:\Users\hp\STM32CubeIDE\workspace_1.18.0\35_UART_DMA_BareMetal\Core\Inc\stm32f4xx_it.h_save
2026-06-02 09:45:30,637 [INFO] CodeEngine:287 - Generated code: C:\Users\hp\STM32CubeIDE\workspace_1.18.0\35_UART_DMA_BareMetal\Core\Inc\stm32f4xx_it.h
2026-06-02 09:45:30,672 [INFO] CodeEngine:263 - oldGeneratedFile, C:\Users\hp\STM32CubeIDE\workspace_1.18.0\35_UART_DMA_BareMetal\Core\Src\stm32f4xx_hal_msp.c_save
2026-06-02 09:45:30,972 [INFO] CodeEngine:287 - Generated code: C:\Users\hp\STM32CubeIDE\workspace_1.18.0\35_UART_DMA_BareMetal\Core\Src\stm32f4xx_hal_msp.c
2026-06-02 09:45:30,983 [INFO] CodeEngine:263 - oldGeneratedFile, C:\Users\hp\STM32CubeIDE\workspace_1.18.0\35_UART_DMA_BareMetal\MXTmpFiles\system.tmp_save
2026-06-02 09:45:31,202 [INFO] CodeEngine:287 - Generated code: C:\Users\hp\STM32CubeIDE\workspace_1.18.0\35_UART_DMA_BareMetal\MXTmpFiles\system.tmp
2026-06-02 09:45:31,235 [INFO] CodeEngine:319 - oldGeneratedFile, C:\Users\hp\STM32CubeIDE\workspace_1.18.0\35_UART_DMA_BareMetal\Core\Inc\stm32f4xx_hal_conf.h_save
2026-06-02 09:45:31,480 [INFO] CodeEngine:343 - Generated code: C:\Users\hp\STM32CubeIDE\workspace_1.18.0\35_UART_DMA_BareMetal\Core\Inc\stm32f4xx_hal_conf.h
2026-06-02 09:45:31,573 [INFO] ApiDbMcu:508 - Load IP Config File for RCC
2026-06-02 09:45:31,597 [INFO] CodeEngine:263 - oldGeneratedFile, C:\Users\hp\STM32CubeIDE\workspace_1.18.0\35_UART_DMA_BareMetal\Core\Inc\main.h_save
2026-06-02 09:45:31,855 [INFO] CodeEngine:287 - Generated code: C:\Users\hp\STM32CubeIDE\workspace_1.18.0\35_UART_DMA_BareMetal\Core\Inc\main.h
2026-06-02 09:45:31,868 [INFO] CodeEngine:263 - oldGeneratedFile, C:\Users\hp\STM32CubeIDE\workspace_1.18.0\35_UART_DMA_BareMetal\Core\Src\main.c_save
2026-06-02 09:45:32,186 [INFO] CodeEngine:287 - Generated code: C:\Users\hp\STM32CubeIDE\workspace_1.18.0\35_UART_DMA_BareMetal\Core\Src\main.c
2026-06-02 09:45:33,105 [INFO] ProjectBuilder:3324 - Time for Copy HAL[1] : 383mS.
2026-06-02 09:45:33,120 [INFO] ProjectBuilder:4912 - Project Generator version: 4.6.0-B36
2026-06-02 09:45:33,391 [INFO] ConfigFileManager:1590 - The Die is : DIE413
2026-06-02 09:45:33,422 [INFO] ApiDbMcu:508 - Load IP Config File for FATFS
2026-06-02 09:45:33,440 [INFO] ApiDbMcu:508 - Load IP Config File for FREERTOS
2026-06-02 09:45:33,448 [INFO] ApiDbMcu:508 - Load IP Config File for LIBJPEG
2026-06-02 09:45:33,462 [INFO] ApiDbMcu:508 - Load IP Config File for LWIP
2026-06-02 09:45:33,482 [INFO] ApiDbMcu:508 - Load IP Config File for MBEDTLS
2026-06-02 09:45:33,501 [INFO] ApiDbMcu:508 - Load IP Config File for USB_DEVICE
2026-06-02 09:45:33,511 [INFO] ApiDbMcu:508 - Load IP Config File for USB_HOST
2026-06-02 09:45:34,210 [INFO] LogOutputStream:77 - [STDOUT_REDIRECT] 
2026-06-02 09:45:41,291 [INFO] ProjectBuilder:5191 - Time for Generating toolchain IDE Files: 8170mS.
2026-06-02 09:45:41,294 [INFO] ProjectBuilder:3181 - Time for Copy CMSIS : 1mS.
2026-06-02 09:45:41,300 [INFO] ProjectBuilder:3181 - Time for Copy CMSIS : 0mS.
2026-06-02 09:45:43,630 [INFO] McuFinderGlobals:76 - Set McuFinderConnectedMode to true
2026-06-02 09:45:43,637 [INFO] ApiDb:448 - Save user favorites file C:\Users\hp/.stm32cubeide/favorites.mcus.txt: 0 item(s)
2026-06-02 09:45:43,638 [INFO] ApiDb:452 - User favorites MCUs=[]
2026-06-02 09:45:43,640 [INFO] ApiDb:448 - Save user favorites file C:\Users\hp/.stm32cubeide/favorites.boards.txt: 1 item(s)
2026-06-02 09:45:43,640 [INFO] ApiDb:452 - User favorites Boards=[STM32F407G-DISC1]
2026-06-02 09:46:05,233 [INFO] MainUpdater:2872 - connection check result : 10
2026-06-02 09:46:05,234 [INFO] McuFinderGlobals:76 - Set McuFinderConnectedMode to true
2026-06-02 09:46:05,617 [INFO] ServerAccessManage:473 - Download File mcusAds.json._tmp_
2026-06-02 09:46:06,178 [INFO] LoadUrlFilesThread:156 - End of LoadUrlFiles Thread
2026-06-02 09:46:06,474 [INFO] ServerAccessManage:473 - Download File cube-finder-db.zip
2026-06-02 09:46:11,752 [INFO] FileExtend:242 - Unzip File : cube-finder-db.zip
2026-06-02 09:46:11,754 [INFO] FileExtend:257 - Standard Zip Deflate
2026-06-02 09:46:13,408 [INFO] LoadUrlFilesThread:156 - End of LoadUrlFiles Thread
2026-06-02 09:46:14,202 [INFO] ServerAccessManage:473 - Download File crdb.zip
2026-06-02 09:46:15,067 [INFO] FileExtend:242 - Unzip File : crdb.zip
2026-06-02 09:46:15,068 [INFO] FileExtend:257 - Standard Zip Deflate
2026-06-02 09:46:15,265 [INFO] LoadUrlFilesThread:156 - End of LoadUrlFiles Thread
2026-06-02 09:46:15,392 [INFO] ServerAccessManage:473 - Download File tutoVideoDB.zip
2026-06-02 09:46:15,418 [INFO] FileExtend:242 - Unzip File : tutoVideoDB.zip
2026-06-02 09:46:15,418 [INFO] FileExtend:257 - Standard Zip Deflate
2026-06-02 09:46:15,595 [INFO] LoadUrlFilesThread:156 - End of LoadUrlFiles Thread
2026-06-02 09:46:15,599 [WARN] DbFile:41 - Overriding database path with different value: C:\Users\hp\.stmcufinder\plugins\mcufinder/ => C:\Users\hp\.stmcufinder\plugins\mcufinder
2026-06-02 09:46:16,172 [ERROR] ServerAccessManage:1089 - Problem, file not found on Server
2026-06-02 09:46:16,173 [ERROR] ServerAccessManage:651 - Problem, file not found on Server : api_config.json.
2026-06-02 09:46:18,183 [INFO] LoadUrlFilesThread:156 - End of LoadUrlFiles Thread
2026-06-02 09:46:19,684 [INFO] DbMcusAds:53 - JSON generation date=Thu May 28 21:38:17 IST 2026 (1779984497073)
2026-06-02 09:46:19,692 [INFO] ApiDb:448 - Save user favorites file C:\Users\hp/.stm32cubeide/favorites.mcus.txt: 0 item(s)
2026-06-02 09:46:19,693 [INFO] ApiDb:452 - User favorites MCUs=[]
2026-06-02 09:46:19,703 [INFO] ApiDb:581 - Connected to CubeFinder SQLite database (C:\Users\hp\.stmcufinder\plugins\mcufinder\mcu\cube-finder-db.db)
2026-06-02 09:46:19,858 [INFO] ApiDb:668 - CubeFinder database Data Model version=2.1
2026-06-02 09:46:19,858 [INFO] ApiDb:669 - CubeFinder database Configuration version=3.0.42
2026-06-02 09:46:19,858 [INFO] ApiDb:670 - CubeFinder database generation date=2026-05-06 (1778060171)
2026-06-02 09:46:19,858 [INFO] ApiDb:671 - CubeFinder database FW Pack versions=[FP-ATR-ASTRA1_V2.0.0, FP-SNS-FLIGHT1_V5.1.0, FP-SNS-MOTENV1_V5.1.0, FP-SNS-MOTENVWB1_V1.5.0, FP-SNS-SMARTAG2_V1.2.0, FP-SNS-STBOX1_V2.1.0, STM32Cube_FW_C0_V1.4.0, STM32Cube_FW_F4_V1.28.3, STM32Cube_FW_F7_V1.17.4, STM32Cube_FW_G0_V1.6.3, STM32Cube_FW_G4_V1.6.2, STM32Cube_FW_H5_V1.6.0, STM32Cube_FW_H7RS_V1.3.0, STM32Cube_FW_H7_V1.13.0, STM32Cube_FW_L0_V1.12.2, STM32Cube_FW_L4_V1.18.2, STM32Cube_FW_L5_V1.6.0, STM32Cube_FW_N6_V1.3.0, STM32Cube_FW_U0_V1.3.0, STM32Cube_FW_U3_V1.3.0, STM32Cube_FW_U5_V1.8.0, STM32Cube_FW_WB0_V1.4.0, STM32Cube_FW_WBA_V1.9.0, STM32Cube_FW_WB_V1.24.0, STM32Cube_FW_WL3_V1.4.0, STM32Cube_FW_WL_V1.5.0, X-CUBE-ALGOBUILD_V1.4.0, X-CUBE-ALS_V1.0.2, X-CUBE-AZRTOS-F4_V1.1.0, X-CUBE-AZRTOS-F7_V1.1.0, X-CUBE-AZRTOS-G0_V1.1.0, X-CUBE-AZRTOS-G4_V2.0.0, X-CUBE-AZRTOS-H7RS_V1.1.0, X-CUBE-AZRTOS-H7_V3.5.0, X-CUBE-AZRTOS-L4_V2.0.0, X-CUBE-AZRTOS-L5_V2.0.0, X-CUBE-AZRTOS-WB_V2.0.0, X-CUBE-AZRTOS-WL_V2.0.0, X-CUBE-BLE1_V7.1.0, X-CUBE-BLE2_V3.3.0, X-CUBE-BLEMGR_V4.1.0, X-CUBE-EEPRMA1_V5.2.0, X-CUBE-FREERTOS_V1.5.0, X-CUBE-GNSS1_V6.0.0, X-CUBE-MEMS1_V12.0.0, X-CUBE-NFC4_V3.0.0, X-CUBE-NFC7_V2.0.0, X-CUBE-SFXS2LP1_V4.0.0, X-CUBE-ST67W61_V1.2.0, X-CUBE-SUBG2_V5.0.0, X-CUBE-TOF1_V3.4.3]
2026-06-02 09:46:23,700 [INFO] ApiDb:240 - Found 895 in-development CPN: [B-G473E-ZEST1S, B-WB1M-WPAN1, B-WBA5M-WPAN, B-WL5M-SUBG1, NUCLEO-C031C6, NUCLEO-C051C8, NUCLEO-C071RB, NUCLEO-C092RC, NUCLEO-H503RB, NUCLEO-H533RE, NUCLEO-H563ZI, NUCLEO-H7S3L8, NUCLEO-N657X0-Q, NUCLEO-U031R8, NUCLEO-U083RC, NUCLEO-U385RG-Q, NUCLEO-U545RE-Q, NUCLEO-U5A5ZJ-Q, NUCLEO-WB05KZ, NUCLEO-WB07CC, NUCLEO-WB09KE, NUCLEO-WBA52CG, NUCLEO-WBA55CG, NUCLEO-WBA65RI, NUCLEO-WL33CC1, NUCLEO-WL33CC2, STEVAL-PROTEUS1, STEVAL-SMARTAG2, STEVAL-STWINBX1, STM320518-EVAL, STM32C0116-DK, STM32C011D6Y3TR, STM32C011D6Y6TR, STM32C011F4P3, STM32C011F4P6, STM32C011F4U3, STM32C011F4U6TR, STM32C011F6P3, STM32C011F6P6, STM32C011F6U3, STM32C011F6U6TR, STM32C011J4M3, STM32C011J4M6, STM32C011J6M3, STM32C011J6M6, STM32C0316-DK, STM32C031C4T3, STM32C031C4T6, STM32C031C4U3, STM32C031C4U6, STM32C031C6T3, STM32C031C6T6, STM32C031C6U3, STM32C031C6U6, STM32C031F4P3, STM32C031F4P6, STM32C031F6P3, STM32C031F6P6, STM32C031G4U3, STM32C031G4U6, STM32C031G6U3, STM32C031G6U6, STM32C031K4T3, STM32C031K4T6, STM32C031K4U3, STM32C031K4U6, STM32C031K6T3, STM32C031K6T6, STM32C031K6U3, STM32C031K6U6, STM32C051C6T6, STM32C051C6U6, STM32C051C8T6, STM32C051C8U6, STM32C051D8Y6TR, STM32C051F6P6, STM32C051F8P6, STM32C051G6U6, STM32C051G8U6, STM32C051K6T6, STM32C051K6U6, STM32C051K8T6, STM32C071C8T6, STM32C071C8T6N, STM32C071C8U6, STM32C071C8U6N, STM32C071CBT6, STM32C071CBT6N, STM32C071CBU6, STM32C071CBU6N, STM32C071F8P6, STM32C071F8P6N, STM32C071FBP6, STM32C071FBP6N, STM32C071FBY6TR, STM32C071G8U6, STM32C071G8U6N, STM32C071GBU6, STM32C071GBU6N, STM32C071K8T6, STM32C071K8T6N, STM32C071K8U6, STM32C071K8U6N, STM32C071KBT6, STM32C071KBT6N, STM32C071KBU6, STM32C071KBU6N, STM32C071R8T6, STM32C071R8T6N, STM32C071RBI6N, STM32C071RBT6, STM32C071RBT6N, STM32C091CBT6, STM32C091CBU6, STM32C091CCT6, STM32C091CCU6, STM32C091ECY6TR, STM32C091FBP6, STM32C091FCP6, STM32C091GBU6, STM32C091GCU6, STM32C091KBT6, STM32C091KBU6, STM32C091KCT6, STM32C091KCU6, STM32C091RBT6, STM32C091RCI6, STM32C091RCT6, STM32C092CBT6, STM32C092CBU6, STM32C092CCT6, STM32C092CCU6, STM32C092ECY6TR, STM32C092FBP6, STM32C092FCP6, STM32C092GBU6, STM32C092GCU6, STM32C092KBT6, STM32C092KBU6, STM32C092KCT6, STM32C092KCU6, STM32C092RBT6, STM32C092RCI6, STM32C092RCT6, STM32G071K8TXN, STM32G071K8UXN, STM32G081GBU6N, STM32G081KBT6N, STM32G081KBUXN, STM32G0B1CCT6N, STM32G0B1KCT6, STM32G0B1NEY6TR, STM32G0B1RCT6N, STM32G0C1CCT6, STM32G0C1CCT6N, STM32G0C1CCU6N, STM32G0C1CET6N, STM32G0C1CEU6N, STM32G0C1KCT6, STM32G0C1NEY6TR, STM32G0C1RCI6N, STM32G0C1RCT6N, STM32G0C1REI6N, STM32G0C1RET6N, STM32G0C1VCI6, STM32G0C1VEI6, STM32G411C6T3, STM32G411C6T6, STM32G411C6U3, STM32G411C6U6, STM32G411C8T3, STM32G411C8T6, STM32G411C8U3, STM32G411C8U6, STM32G411CBT3, STM32G411CBT6, STM32G411CBU3, STM32G411CBU6, STM32G411CCT3, STM32G411CCT6, STM32G411CCU3, STM32G411CCU6, STM32G411K6T3, STM32G411K6T6, STM32G411K6U3, STM32G411K6U6, STM32G411K8T3, STM32G411K8T6, STM32G411K8U3, STM32G411K8U6, STM32G411KBT3, STM32G411KBT6, STM32G411KBU3, STM32G411KBU6, STM32G411M6T3, STM32G411M6T6, STM32G411M8T3, STM32G411M8T6, STM32G411MBT3, STM32G411MBT6, STM32G411MCT3, STM32G411MCT6, STM32G411R6T3, STM32G411R6T6, STM32G411R8T3, STM32G411R8T6, STM32G411RBT3, STM32G411RBT6, STM32G411RCT3, STM32G411RCT6, STM32G414CBT3, STM32G414CBT6, STM32G414CBU3, STM32G414CBU6, STM32G414CCT3, STM32G414CCT6, STM32G414CCU3, STM32G414CCU6, STM32G414MBT3, STM32G414MBT6, STM32G414MCT3, STM32G414MCT6, STM32G414RBT3, STM32G414RBT6, STM32G414RCT3, STM32G414RCT6, STM32G414VBT3, STM32G414VBT6, STM32G414VCT3, STM32G414VCT6, STM32G431CBT3Z, STM32G431RBT3Z, STM32G471CCT6, STM32G471CCU6, STM32G471CET3, STM32G471CET6, STM32G471CEU3, STM32G471CEU6, STM32G471MCT6, STM32G471MET3, STM32G471MET6, STM32G471MEY6TR, STM32G471QCT6, STM32G471QET3, STM32G471RCT6, STM32G471RET3, STM32G471RET6, STM32G471VCH6, STM32G471VCI6, STM32G471VCT6, STM32G471VEH3, STM32G471VEH6, STM32G471VEI3, STM32G471VEI6, STM32G471VET3, STM32G471VET6, STM32G473QET3Z, STM32G473RET3Z, STM32G474CCT6, STM32G491RET3Z, STM32H503CBT6, STM32H503CBU6, STM32H503EBY6TR, STM32H503KBU6, STM32H503RBT6, STM32H523CCT6, STM32H523CCU6, STM32H523CET6, STM32H523CEU6, STM32H523HEY6TR, STM32H523RCT6, STM32H523RET6, STM32H523VCI6, STM32H523VCT6, STM32H523VEI6, STM32H523VET6, STM32H523ZCJ6, STM32H523ZCT6, STM32H523ZEJ6, STM32H523ZET6, STM32H533CET6, STM32H533CEU6, STM32H533HEY6TR, STM32H533RET6, STM32H533VEI6, STM32H533VET6, STM32H533ZEJ6, STM32H533ZET6, STM32H562AGI6, STM32H562AII6, STM32H562IGK6, STM32H562IGT6, STM32H562IIK6, STM32H562IIT6, STM32H562RGT6, STM32H562RGV6, STM32H562RIT6, STM32H562RIV6, STM32H562VGT6, STM32H562VIT6, STM32H562ZGT6, STM32H562ZIT6, STM32H563AGI6, STM32H563AII3Q, STM32H563AII6, STM32H563IGK6, STM32H563IGT6, STM32H563IIK3Q, STM32H563IIK6, STM32H563IIT3Q, STM32H563IIT6, STM32H563MIY3QTR, STM32H563RGT6, STM32H563RGV6, STM32H563RIT6, STM32H563RIV6, STM32H563VGT6, STM32H563VIT3Q, STM32H563VIT6, STM32H563ZGT6, STM32H563ZIT3Q, STM32H563ZIT6, STM32H573AII3Q, STM32H573AII6, STM32H573I-DK, STM32H573IIK3Q, STM32H573IIK6, STM32H573IIT3Q, STM32H573IIT6, STM32H573MIY3QTR, STM32H573RIT6, STM32H573RIV6, STM32H573VIT3Q, STM32H573VIT6, STM32H573ZIT3Q, STM32H573ZIT6, STM32H7R3A8I6, STM32H7R3I8K6, STM32H7R3I8T6, STM32H7R3L8H6, STM32H7R3L8H6H, STM32H7R3R8V6, STM32H7R3V8H6, STM32H7R3V8T6, STM32H7R3V8Y6TR, STM32H7R3Z8J6, STM32H7R3Z8T6, STM32H7R7A8I6, STM32H7R7I8K6, STM32H7R7I8T6, STM32H7R7L8H6, STM32H7R7L8H6H, STM32H7R7Z8J6, STM32H7S3A8I6, STM32H7S3I8K6, STM32H7S3I8T6, STM32H7S3L8H6, STM32H7S3L8H6H, STM32H7S3R8V6, STM32H7S3V8H6, STM32H7S3V8T6, STM32H7S3V8Y6TR, STM32H7S3Z8J6, STM32H7S3Z8T6, STM32H7S78-DK, STM32H7S7A8I6, STM32H7S7I8K6, STM32H7S7I8T6, STM32H7S7L8H6, STM32H7S7L8H6H, STM32H7S7Z8J6, STM32L4R5QGI6STR, STM32MP131AAE3, STM32MP131AAF3, STM32MP131AAG3, STM32MP131CAE3, STM32MP131CAF3, STM32MP131CAG3, STM32MP131DAE7, STM32MP131DAF7, STM32MP131DAG7, STM32MP131FAE7, STM32MP131FAF7, STM32MP131FAG7, STM32MP133AAE3, STM32MP133AAF3, STM32MP133AAG3, STM32MP133CAE3, STM32MP133CAF3, STM32MP133CAG3, STM32MP133DAE7, STM32MP133DAF7, STM32MP133DAG7, STM32MP133FAE7, STM32MP133FAF7, STM32MP133FAG7, STM32MP135AAE3, STM32MP135AAF3, STM32MP135AAG3, STM32MP135CAE3, STM32MP135CAF3, STM32MP135CAG3, STM32MP135DAE7, STM32MP135DAF7, STM32MP135DAG7, STM32MP135F-DK, STM32MP135FAE7, STM32MP135FAF7, STM32MP135FAF7T, STM32MP135FAF7U, STM32MP135FAG7, STM32MP231AAJ3, STM32MP231AAK3, STM32MP231AAL3, STM32MP231CAJ3, STM32MP231CAK3, STM32MP231CAL3, STM32MP231DAJ3, STM32MP231DAK3, STM32MP231DAL3, STM32MP231FAJ3, STM32MP231FAK3, STM32MP231FAL3, STM32MP233AAJ3, STM32MP233AAK3, STM32MP233AAL3, STM32MP233CAJ3, STM32MP233CAK3, STM32MP233CAL3, STM32MP233DAJ3, STM32MP233DAK3, STM32MP233DAL3, STM32MP233FAJ3, STM32MP233FAK3, STM32MP233FAL3, STM32MP235AAJ3, STM32MP235AAK3, STM32MP235AAL3, STM32MP235CAJ3, STM32MP235CAK3, STM32MP235CAL3, STM32MP235DAJ3, STM32MP235DAK3, STM32MP235DAL3, STM32MP235FAJ3, STM32MP235FAK3, STM32MP235FAL3, STM32MP251AAI3, STM32MP251AAJ3, STM32MP251AAK3, STM32MP251AAL3, STM32MP251CAI3, STM32MP251CAJ3, STM32MP251CAK3, STM32MP251CAL3, STM32MP251DAI3, STM32MP251DAJ3, STM32MP251DAK3, STM32MP251DAL3, STM32MP251FAI3, STM32MP251FAJ3, STM32MP251FAK3, STM32MP251FAL3, STM32MP253AAI3, STM32MP253AAJ3, STM32MP253AAK3, STM32MP253AAL3, STM32MP253CAI3, STM32MP253CAJ3, STM32MP253CAK3, STM32MP253CAL3, STM32MP253DAI3, STM32MP253DAJ3, STM32MP253DAK3, STM32MP253DAL3, STM32MP253FAI3, STM32MP253FAJ3, STM32MP253FAK3, STM32MP253FAL3, STM32MP255AAI3, STM32MP255AAJ3, STM32MP255AAK3, STM32MP255AAL3, STM32MP255CAI3, STM32MP255CAJ3, STM32MP255CAK3, STM32MP255CAL3, STM32MP255DAI3, STM32MP255DAJ3, STM32MP255DAK3, STM32MP255DAL3, STM32MP255FAI3, STM32MP255FAJ3, STM32MP255FAK3, STM32MP255FAL3, STM32MP257AAI3, STM32MP257AAJ3, STM32MP257AAK3, STM32MP257AAL3, STM32MP257CAI3, STM32MP257CAJ3, STM32MP257CAK3, STM32MP257CAL3, STM32MP257DAI3, STM32MP257DAJ3, STM32MP257DAK3, STM32MP257DAL3, STM32MP257F-DK, STM32MP257F-EV1, STM32MP257FAI3, STM32MP257FAJ3, STM32MP257FAK3, STM32MP257FAL3, STM32N645A0H3Q, STM32N645B0H3Q, STM32N645I0H3Q, STM32N645L0H3Q, STM32N645X0H3Q, STM32N645Z0H3Q, STM32N647A0H3Q, STM32N647B0H3Q, STM32N647I0H3Q, STM32N647L0H3Q, STM32N647X0H3Q, STM32N647Z0H3Q, STM32N655A0H3Q, STM32N655B0H3Q, STM32N655I0H3Q, STM32N655L0H3Q, STM32N655X0H3Q, STM32N655Z0H3Q, STM32N6570-DK, STM32N657A0H3Q, STM32N657B0H3Q, STM32N657I0H3Q, STM32N657L0H3Q, STM32N657X0H3Q, STM32N657Z0H3Q, STM32U031C6T6, STM32U031C6U6, STM32U031C8T6, STM32U031C8U6, STM32U031F4P6, STM32U031F6P6, STM32U031F8P6, STM32U031G6Y6TR, STM32U031G8Y6TR, STM32U031K4U6, STM32U031K6U6, STM32U031K8U6, STM32U031R6I6, STM32U031R6T6, STM32U031R8I6, STM32U031R8T6, STM32U073C8T6, STM32U073C8U6, STM32U073CBT6, STM32U073CBU6, STM32U073CCT6, STM32U073CCU6, STM32U073H8Y6TR, STM32U073HBY6TR, STM32U073HCY6TR, STM32U073K8U6, STM32U073KBU6, STM32U073KCU6, STM32U073M8I6, STM32U073M8T6, STM32U073MBI6, STM32U073MBT6, STM32U073MCI6, STM32U073MCT6, STM32U073R8I6, STM32U073R8T6, STM32U073RBI6, STM32U073RBT6, STM32U073RCI6, STM32U073RCT6, STM32U083C-DK, STM32U083CCT6, STM32U083CCU6, STM32U083HCY6TR, STM32U083KCU6, STM32U083MCI6, STM32U083MCT6, STM32U083RCI6, STM32U083RCT6, STM32U375CET6, STM32U375CET6Q, STM32U375CEU6, STM32U375CEU6Q, STM32U375CEY6QTR, STM32U375CGT6, STM32U375CGT6Q, STM32U375CGU6, STM32U375CGU6Q, STM32U375CGY6QTR, STM32U375KEU6, STM32U375KGU6, STM32U375REI6, STM32U375REI6Q, STM32U375RET6, STM32U375RET6Q, STM32U375REY6GTR, STM32U375REY6QTR, STM32U375RGI6, STM32U375RGI6Q, STM32U375RGT6, STM32U375RGT6Q, STM32U375RGY6GTR, STM32U375RGY6QTR, STM32U375VEI6, STM32U375VEI6Q, STM32U375VET6, STM32U375VET6Q, STM32U375VGI6, STM32U375VGI6Q, STM32U375VGT6, STM32U375VGT6Q, STM32U385CGT6, STM32U385CGT6Q, STM32U385CGU6, STM32U385CGU6Q, STM32U385CGY6QTR, STM32U385KGU6, STM32U385RGI6, STM32U385RGI6Q, STM32U385RGT6, STM32U385RGT6Q, STM32U385RGY6GTR, STM32U385RGY6QTR, STM32U385VGI6, STM32U385VGI6Q, STM32U385VGT6, STM32U385VGT6Q, STM32U535CBT6, STM32U535CBT6Q, STM32U535CBU6, STM32U535CBU6Q, STM32U535CCT6, STM32U535CCT6Q, STM32U535CCU6, STM32U535CCU6Q, STM32U535CET6, STM32U535CET6Q, STM32U535CEU6, STM32U535CEU6Q, STM32U535JEY6QTR, STM32U535NCY6QTR, STM32U535NEY6QTR, STM32U535RBI6, STM32U535RBI6Q, STM32U535RBT6, STM32U535RBT6Q, STM32U535RCI6, STM32U535RCI6Q, STM32U535RCT6, STM32U535RCT6Q, STM32U535REI6, STM32U535REI6Q, STM32U535RET6, STM32U535RET6Q, STM32U535VCI6, STM32U535VCI6Q, STM32U535VCT6, STM32U535VCT6Q, STM32U535VEI6, STM32U535VEI6Q, STM32U535VET6, STM32U535VET6Q, STM32U545CET6, STM32U545CET6Q, STM32U545CEU6, STM32U545CEU6Q, STM32U545JEY6QTR, STM32U545NEY6QTR, STM32U545REI6, STM32U545REI6Q, STM32U545RET6, STM32U545RET6Q, STM32U545VEI6, STM32U545VEI6Q, STM32U545VET6, STM32U545VET6Q, STM32U595AIH6, STM32U595AIH6Q, STM32U595AJH6, STM32U595AJH6Q, STM32U595QII6, STM32U595QII6Q, STM32U595QJI6, STM32U595QJI6Q, STM32U595RIT6, STM32U595RIT6Q, STM32U595RJT6, STM32U595RJT6Q, STM32U595VIT6, STM32U595VIT6Q, STM32U595VJT6, STM32U595VJT6Q, STM32U595ZIT6, STM32U595ZIT6Q, STM32U595ZIY6QTR, STM32U595ZJT6, STM32U595ZJT6Q, STM32U595ZJY6QTR, STM32U599BJY6QTR, STM32U599NIH6Q, STM32U599NJH6Q, STM32U599VIT6Q, STM32U599VJT6, STM32U599VJT6Q, STM32U599ZIT6Q, STM32U599ZIY6QTR, STM32U599ZJT6Q, STM32U599ZJY6QTR, STM32U5A5AJH6, STM32U5A5AJH6Q, STM32U5A5QII3Q , STM32U5A5QJI6, STM32U5A5QJI6Q, STM32U5A5RJT6, STM32U5A5RJT6Q, STM32U5A5VJT6, STM32U5A5VJT6Q, STM32U5A5ZJT6, STM32U5A5ZJT6Q, STM32U5A5ZJY6QTR, STM32U5A9BJY6QTR, STM32U5A9J-DK, STM32U5A9NJH6Q, STM32U5A9VJT6Q, STM32U5A9ZJT6Q, STM32U5A9ZJY6QTR, STM32U5F7VIT6, STM32U5F7VIT6Q, STM32U5F7VJT6, STM32U5F7VJT6Q, STM32U5F9BJY6QTR, STM32U5F9NJH6Q, STM32U5F9VIT6Q, STM32U5F9VJT6Q, STM32U5F9ZIJ6QTR, STM32U5F9ZIT6Q, STM32U5F9ZJJ6QTR, STM32U5F9ZJT6Q, STM32U5G7VJT6, STM32U5G7VJT6Q, STM32U5G9BJY6QTR, STM32U5G9J-DK1, STM32U5G9J-DK2, STM32U5G9NJH6Q, STM32U5G9VJT6Q, STM32U5G9ZJJ6QTR, STM32U5G9ZJT6Q, STM32WB05KZV6TR, STM32WB05KZV7TR, STM32WB05TZF6TR, STM32WB05TZF7TR, STM32WB06CCF6TR, STM32WB06CCF7TR, STM32WB06CCV6TR, STM32WB06CCV7TR, STM32WB06KCV6TR, STM32WB06KCV7TR, STM32WB07CCF6TR, STM32WB07CCF7TR, STM32WB07CCV6TR, STM32WB07CCV7TR, STM32WB07KCV6TR, STM32WB07KCV7TR, STM32WB09KEV6TR, STM32WB09KEV7TR, STM32WB09TEF6TR, STM32WB09TEF7TR, STM32WB1MMCH6, STM32WBA50KGU6, STM32WBA50KGU6TR, STM32WBA52CEU6, STM32WBA52CEU6TR, STM32WBA52CEU7, STM32WBA52CEU7TR, STM32WBA52CGU6, STM32WBA52CGU6TR, STM32WBA52CGU6U, STM32WBA52CGU7, STM32WBA52CGU7TR, STM32WBA52KEU6, STM32WBA52KEU6TR, STM32WBA52KGU6, STM32WBA52KGU6TR, STM32WBA54CEU6, STM32WBA54CEU6TR, STM32WBA54CEU7, STM32WBA54CEU7TR, STM32WBA54CGU6, STM32WBA54CGU6TR, STM32WBA54CGU7, STM32WBA54CGU7TR, STM32WBA54KEU6, STM32WBA54KEU6TR, STM32WBA54KEU7, STM32WBA54KEU7TR, STM32WBA54KGU6, STM32WBA54KGU6TR, STM32WBA54KGU7, STM32WBA54KGU7TR, STM32WBA55CEU6, STM32WBA55CEU6TR, STM32WBA55CEU7, STM32WBA55CEU7TR, STM32WBA55CGU6, STM32WBA55CGU6TR, STM32WBA55CGU6U, STM32WBA55CGU7, STM32WBA55CGU7TR, STM32WBA55G-DK1, STM32WBA55HEF6, STM32WBA55HEF7, STM32WBA55HGF6, STM32WBA55HGF7, STM32WBA55UEI6, STM32WBA55UEI6TR, STM32WBA55UEI7, STM32WBA55UEI7TR, STM32WBA55UGI6, STM32WBA55UGI6TR, STM32WBA55UGI7, STM32WBA55UGI7TR, STM32WBA5MJGH6TR, STM32WBA62CGU6, STM32WBA62CIU6, STM32WBA62MGF6, STM32WBA62MIF6, STM32WBA62PGI6, STM32WBA62PII6, STM32WBA63CGU6, STM32WBA63CGU7, STM32WBA63CIU6, STM32WBA63CIU7, STM32WBA64CGU6, STM32WBA64CGU7, STM32WBA64CIU6, STM32WBA64CIU7, STM32WBA65CGU6, STM32WBA65CGU7, STM32WBA65CIU6, STM32WBA65CIU7, STM32WBA65I-DK1, STM32WBA65MGF6, STM32WBA65MGF7, STM32WBA65MIF6, STM32WBA65MIF7, STM32WBA65PGI6, STM32WBA65PGI7, STM32WBA65PII6, STM32WBA65PII7, STM32WBA65RGV6, STM32WBA65RGV7, STM32WBA65RIV6, STM32WBA65RIV7, STM32WL30K8V6, STM32WL30KBV6, STM32WL31C8V6, STM32WL31CBV6, STM32WL31K8V6, STM32WL31KBV6, STM32WL33C8V6, STM32WL33C8V6TR, STM32WL33C8V7, STM32WL33C8V7TR, STM32WL33CBV6, STM32WL33CBV6TR, STM32WL33CBV7, STM32WL33CBV7TR, STM32WL33CCV6, STM32WL33CCV6TR, STM32WL33CCV7, STM32WL33CCV7A, STM32WL33CCV7ATR, STM32WL33CCV7TR, STM32WL33K8V6, STM32WL33K8V6TR, STM32WL33K8V7, STM32WL33K8V7TR, STM32WL33KBV6, STM32WL33KBV6TR, STM32WL33KBV7, STM32WL33KBV7TR, STM32WL33KCV6, STM32WL33KCV6TR, STM32WL33KCV7, STM32WL33KCV7TR, STM32WL5MOCH6, STM32WL5MOCH6TR]
2026-06-02 09:46:23,707 [INFO] DbMcus:218 - Found 5082 MCUs, 4964 are supported
2026-06-02 09:46:23,707 [INFO] ApiDb:423 - Load user favorites file C:\Users\hp/.stm32cubeide/favorites.mcus.txt: 0 item(s)
2026-06-02 09:46:23,708 [INFO] ApiDb:427 - User favorites MCUs=[]
2026-06-02 09:46:23,708 [INFO] DbMcus:224 - Set 0 / 0 favorites MCUs
2026-06-02 09:46:24,817 [INFO] ApiDb:448 - Save user favorites file C:\Users\hp/.stm32cubeide/favorites.boards.txt: 1 item(s)
2026-06-02 09:46:24,817 [INFO] ApiDb:452 - User favorites Boards=[STM32F407G-DISC1]
2026-06-02 09:46:24,819 [INFO] ApiDb:581 - Connected to CubeFinder SQLite database (C:\Users\hp\.stmcufinder\plugins\mcufinder\mcu\cube-finder-db.db)
2026-06-02 09:46:24,924 [INFO] ApiDb:668 - CubeFinder database Data Model version=2.1
2026-06-02 09:46:24,925 [INFO] ApiDb:669 - CubeFinder database Configuration version=3.0.42
2026-06-02 09:46:24,925 [INFO] ApiDb:670 - CubeFinder database generation date=2026-05-06 (1778060171)
2026-06-02 09:46:24,925 [INFO] ApiDb:671 - CubeFinder database FW Pack versions=[FP-ATR-ASTRA1_V2.0.0, FP-SNS-FLIGHT1_V5.1.0, FP-SNS-MOTENV1_V5.1.0, FP-SNS-MOTENVWB1_V1.5.0, FP-SNS-SMARTAG2_V1.2.0, FP-SNS-STBOX1_V2.1.0, STM32Cube_FW_C0_V1.4.0, STM32Cube_FW_F4_V1.28.3, STM32Cube_FW_F7_V1.17.4, STM32Cube_FW_G0_V1.6.3, STM32Cube_FW_G4_V1.6.2, STM32Cube_FW_H5_V1.6.0, STM32Cube_FW_H7RS_V1.3.0, STM32Cube_FW_H7_V1.13.0, STM32Cube_FW_L0_V1.12.2, STM32Cube_FW_L4_V1.18.2, STM32Cube_FW_L5_V1.6.0, STM32Cube_FW_N6_V1.3.0, STM32Cube_FW_U0_V1.3.0, STM32Cube_FW_U3_V1.3.0, STM32Cube_FW_U5_V1.8.0, STM32Cube_FW_WB0_V1.4.0, STM32Cube_FW_WBA_V1.9.0, STM32Cube_FW_WB_V1.24.0, STM32Cube_FW_WL3_V1.4.0, STM32Cube_FW_WL_V1.5.0, X-CUBE-ALGOBUILD_V1.4.0, X-CUBE-ALS_V1.0.2, X-CUBE-AZRTOS-F4_V1.1.0, X-CUBE-AZRTOS-F7_V1.1.0, X-CUBE-AZRTOS-G0_V1.1.0, X-CUBE-AZRTOS-G4_V2.0.0, X-CUBE-AZRTOS-H7RS_V1.1.0, X-CUBE-AZRTOS-H7_V3.5.0, X-CUBE-AZRTOS-L4_V2.0.0, X-CUBE-AZRTOS-L5_V2.0.0, X-CUBE-AZRTOS-WB_V2.0.0, X-CUBE-AZRTOS-WL_V2.0.0, X-CUBE-BLE1_V7.1.0, X-CUBE-BLE2_V3.3.0, X-CUBE-BLEMGR_V4.1.0, X-CUBE-EEPRMA1_V5.2.0, X-CUBE-FREERTOS_V1.5.0, X-CUBE-GNSS1_V6.0.0, X-CUBE-MEMS1_V12.0.0, X-CUBE-NFC4_V3.0.0, X-CUBE-NFC7_V2.0.0, X-CUBE-SFXS2LP1_V4.0.0, X-CUBE-ST67W61_V1.2.0, X-CUBE-SUBG2_V5.0.0, X-CUBE-TOF1_V3.4.3]
2026-06-02 09:46:25,011 [INFO] DbBoardsSqlite:226 - include board P-NUCLEO-WB55-NUCLEO as a kit item of type 'Nucleo-64'
2026-06-02 09:46:25,011 [INFO] DbBoardsSqlite:226 - include board P-NUCLEO-WB55-USBDONGLE as a kit item of type 'Nucleo USB Dongle'
2026-06-02 09:46:25,012 [INFO] DbBoardsSqlite:226 - include board STEVAL-IDP005V1 as a kit item of type 'Evaluation Board'
2026-06-02 09:46:25,013 [INFO] DbBoardsSqlite:226 - include board STEVAL-IDP005V2 as a kit item of type 'Evaluation Board'
2026-06-02 09:46:25,160 [INFO] ApiDb:240 - Found 895 in-development CPN: [B-G473E-ZEST1S, B-WB1M-WPAN1, B-WBA5M-WPAN, B-WL5M-SUBG1, NUCLEO-C031C6, NUCLEO-C051C8, NUCLEO-C071RB, NUCLEO-C092RC, NUCLEO-H503RB, NUCLEO-H533RE, NUCLEO-H563ZI, NUCLEO-H7S3L8, NUCLEO-N657X0-Q, NUCLEO-U031R8, NUCLEO-U083RC, NUCLEO-U385RG-Q, NUCLEO-U545RE-Q, NUCLEO-U5A5ZJ-Q, NUCLEO-WB05KZ, NUCLEO-WB07CC, NUCLEO-WB09KE, NUCLEO-WBA52CG, NUCLEO-WBA55CG, NUCLEO-WBA65RI, NUCLEO-WL33CC1, NUCLEO-WL33CC2, STEVAL-PROTEUS1, STEVAL-SMARTAG2, STEVAL-STWINBX1, STM320518-EVAL, STM32C0116-DK, STM32C011D6Y3TR, STM32C011D6Y6TR, STM32C011F4P3, STM32C011F4P6, STM32C011F4U3, STM32C011F4U6TR, STM32C011F6P3, STM32C011F6P6, STM32C011F6U3, STM32C011F6U6TR, STM32C011J4M3, STM32C011J4M6, STM32C011J6M3, STM32C011J6M6, STM32C0316-DK, STM32C031C4T3, STM32C031C4T6, STM32C031C4U3, STM32C031C4U6, STM32C031C6T3, STM32C031C6T6, STM32C031C6U3, STM32C031C6U6, STM32C031F4P3, STM32C031F4P6, STM32C031F6P3, STM32C031F6P6, STM32C031G4U3, STM32C031G4U6, STM32C031G6U3, STM32C031G6U6, STM32C031K4T3, STM32C031K4T6, STM32C031K4U3, STM32C031K4U6, STM32C031K6T3, STM32C031K6T6, STM32C031K6U3, STM32C031K6U6, STM32C051C6T6, STM32C051C6U6, STM32C051C8T6, STM32C051C8U6, STM32C051D8Y6TR, STM32C051F6P6, STM32C051F8P6, STM32C051G6U6, STM32C051G8U6, STM32C051K6T6, STM32C051K6U6, STM32C051K8T6, STM32C071C8T6, STM32C071C8T6N, STM32C071C8U6, STM32C071C8U6N, STM32C071CBT6, STM32C071CBT6N, STM32C071CBU6, STM32C071CBU6N, STM32C071F8P6, STM32C071F8P6N, STM32C071FBP6, STM32C071FBP6N, STM32C071FBY6TR, STM32C071G8U6, STM32C071G8U6N, STM32C071GBU6, STM32C071GBU6N, STM32C071K8T6, STM32C071K8T6N, STM32C071K8U6, STM32C071K8U6N, STM32C071KBT6, STM32C071KBT6N, STM32C071KBU6, STM32C071KBU6N, STM32C071R8T6, STM32C071R8T6N, STM32C071RBI6N, STM32C071RBT6, STM32C071RBT6N, STM32C091CBT6, STM32C091CBU6, STM32C091CCT6, STM32C091CCU6, STM32C091ECY6TR, STM32C091FBP6, STM32C091FCP6, STM32C091GBU6, STM32C091GCU6, STM32C091KBT6, STM32C091KBU6, STM32C091KCT6, STM32C091KCU6, STM32C091RBT6, STM32C091RCI6, STM32C091RCT6, STM32C092CBT6, STM32C092CBU6, STM32C092CCT6, STM32C092CCU6, STM32C092ECY6TR, STM32C092FBP6, STM32C092FCP6, STM32C092GBU6, STM32C092GCU6, STM32C092KBT6, STM32C092KBU6, STM32C092KCT6, STM32C092KCU6, STM32C092RBT6, STM32C092RCI6, STM32C092RCT6, STM32G071K8TXN, STM32G071K8UXN, STM32G081GBU6N, STM32G081KBT6N, STM32G081KBUXN, STM32G0B1CCT6N, STM32G0B1KCT6, STM32G0B1NEY6TR, STM32G0B1RCT6N, STM32G0C1CCT6, STM32G0C1CCT6N, STM32G0C1CCU6N, STM32G0C1CET6N, STM32G0C1CEU6N, STM32G0C1KCT6, STM32G0C1NEY6TR, STM32G0C1RCI6N, STM32G0C1RCT6N, STM32G0C1REI6N, STM32G0C1RET6N, STM32G0C1VCI6, STM32G0C1VEI6, STM32G411C6T3, STM32G411C6T6, STM32G411C6U3, STM32G411C6U6, STM32G411C8T3, STM32G411C8T6, STM32G411C8U3, STM32G411C8U6, STM32G411CBT3, STM32G411CBT6, STM32G411CBU3, STM32G411CBU6, STM32G411CCT3, STM32G411CCT6, STM32G411CCU3, STM32G411CCU6, STM32G411K6T3, STM32G411K6T6, STM32G411K6U3, STM32G411K6U6, STM32G411K8T3, STM32G411K8T6, STM32G411K8U3, STM32G411K8U6, STM32G411KBT3, STM32G411KBT6, STM32G411KBU3, STM32G411KBU6, STM32G411M6T3, STM32G411M6T6, STM32G411M8T3, STM32G411M8T6, STM32G411MBT3, STM32G411MBT6, STM32G411MCT3, STM32G411MCT6, STM32G411R6T3, STM32G411R6T6, STM32G411R8T3, STM32G411R8T6, STM32G411RBT3, STM32G411RBT6, STM32G411RCT3, STM32G411RCT6, STM32G414CBT3, STM32G414CBT6, STM32G414CBU3, STM32G414CBU6, STM32G414CCT3, STM32G414CCT6, STM32G414CCU3, STM32G414CCU6, STM32G414MBT3, STM32G414MBT6, STM32G414MCT3, STM32G414MCT6, STM32G414RBT3, STM32G414RBT6, STM32G414RCT3, STM32G414RCT6, STM32G414VBT3, STM32G414VBT6, STM32G414VCT3, STM32G414VCT6, STM32G431CBT3Z, STM32G431RBT3Z, STM32G471CCT6, STM32G471CCU6, STM32G471CET3, STM32G471CET6, STM32G471CEU3, STM32G471CEU6, STM32G471MCT6, STM32G471MET3, STM32G471MET6, STM32G471MEY6TR, STM32G471QCT6, STM32G471QET3, STM32G471RCT6, STM32G471RET3, STM32G471RET6, STM32G471VCH6, STM32G471VCI6, STM32G471VCT6, STM32G471VEH3, STM32G471VEH6, STM32G471VEI3, STM32G471VEI6, STM32G471VET3, STM32G471VET6, STM32G473QET3Z, STM32G473RET3Z, STM32G474CCT6, STM32G491RET3Z, STM32H503CBT6, STM32H503CBU6, STM32H503EBY6TR, STM32H503KBU6, STM32H503RBT6, STM32H523CCT6, STM32H523CCU6, STM32H523CET6, STM32H523CEU6, STM32H523HEY6TR, STM32H523RCT6, STM32H523RET6, STM32H523VCI6, STM32H523VCT6, STM32H523VEI6, STM32H523VET6, STM32H523ZCJ6, STM32H523ZCT6, STM32H523ZEJ6, STM32H523ZET6, STM32H533CET6, STM32H533CEU6, STM32H533HEY6TR, STM32H533RET6, STM32H533VEI6, STM32H533VET6, STM32H533ZEJ6, STM32H533ZET6, STM32H562AGI6, STM32H562AII6, STM32H562IGK6, STM32H562IGT6, STM32H562IIK6, STM32H562IIT6, STM32H562RGT6, STM32H562RGV6, STM32H562RIT6, STM32H562RIV6, STM32H562VGT6, STM32H562VIT6, STM32H562ZGT6, STM32H562ZIT6, STM32H563AGI6, STM32H563AII3Q, STM32H563AII6, STM32H563IGK6, STM32H563IGT6, STM32H563IIK3Q, STM32H563IIK6, STM32H563IIT3Q, STM32H563IIT6, STM32H563MIY3QTR, STM32H563RGT6, STM32H563RGV6, STM32H563RIT6, STM32H563RIV6, STM32H563VGT6, STM32H563VIT3Q, STM32H563VIT6, STM32H563ZGT6, STM32H563ZIT3Q, STM32H563ZIT6, STM32H573AII3Q, STM32H573AII6, STM32H573I-DK, STM32H573IIK3Q, STM32H573IIK6, STM32H573IIT3Q, STM32H573IIT6, STM32H573MIY3QTR, STM32H573RIT6, STM32H573RIV6, STM32H573VIT3Q, STM32H573VIT6, STM32H573ZIT3Q, STM32H573ZIT6, STM32H7R3A8I6, STM32H7R3I8K6, STM32H7R3I8T6, STM32H7R3L8H6, STM32H7R3L8H6H, STM32H7R3R8V6, STM32H7R3V8H6, STM32H7R3V8T6, STM32H7R3V8Y6TR, STM32H7R3Z8J6, STM32H7R3Z8T6, STM32H7R7A8I6, STM32H7R7I8K6, STM32H7R7I8T6, STM32H7R7L8H6, STM32H7R7L8H6H, STM32H7R7Z8J6, STM32H7S3A8I6, STM32H7S3I8K6, STM32H7S3I8T6, STM32H7S3L8H6, STM32H7S3L8H6H, STM32H7S3R8V6, STM32H7S3V8H6, STM32H7S3V8T6, STM32H7S3V8Y6TR, STM32H7S3Z8J6, STM32H7S3Z8T6, STM32H7S78-DK, STM32H7S7A8I6, STM32H7S7I8K6, STM32H7S7I8T6, STM32H7S7L8H6, STM32H7S7L8H6H, STM32H7S7Z8J6, STM32L4R5QGI6STR, STM32MP131AAE3, STM32MP131AAF3, STM32MP131AAG3, STM32MP131CAE3, STM32MP131CAF3, STM32MP131CAG3, STM32MP131DAE7, STM32MP131DAF7, STM32MP131DAG7, STM32MP131FAE7, STM32MP131FAF7, STM32MP131FAG7, STM32MP133AAE3, STM32MP133AAF3, STM32MP133AAG3, STM32MP133CAE3, STM32MP133CAF3, STM32MP133CAG3, STM32MP133DAE7, STM32MP133DAF7, STM32MP133DAG7, STM32MP133FAE7, STM32MP133FAF7, STM32MP133FAG7, STM32MP135AAE3, STM32MP135AAF3, STM32MP135AAG3, STM32MP135CAE3, STM32MP135CAF3, STM32MP135CAG3, STM32MP135DAE7, STM32MP135DAF7, STM32MP135DAG7, STM32MP135F-DK, STM32MP135FAE7, STM32MP135FAF7, STM32MP135FAF7T, STM32MP135FAF7U, STM32MP135FAG7, STM32MP231AAJ3, STM32MP231AAK3, STM32MP231AAL3, STM32MP231CAJ3, STM32MP231CAK3, STM32MP231CAL3, STM32MP231DAJ3, STM32MP231DAK3, STM32MP231DAL3, STM32MP231FAJ3, STM32MP231FAK3, STM32MP231FAL3, STM32MP233AAJ3, STM32MP233AAK3, STM32MP233AAL3, STM32MP233CAJ3, STM32MP233CAK3, STM32MP233CAL3, STM32MP233DAJ3, STM32MP233DAK3, STM32MP233DAL3, STM32MP233FAJ3, STM32MP233FAK3, STM32MP233FAL3, STM32MP235AAJ3, STM32MP235AAK3, STM32MP235AAL3, STM32MP235CAJ3, STM32MP235CAK3, STM32MP235CAL3, STM32MP235DAJ3, STM32MP235DAK3, STM32MP235DAL3, STM32MP235FAJ3, STM32MP235FAK3, STM32MP235FAL3, STM32MP251AAI3, STM32MP251AAJ3, STM32MP251AAK3, STM32MP251AAL3, STM32MP251CAI3, STM32MP251CAJ3, STM32MP251CAK3, STM32MP251CAL3, STM32MP251DAI3, STM32MP251DAJ3, STM32MP251DAK3, STM32MP251DAL3, STM32MP251FAI3, STM32MP251FAJ3, STM32MP251FAK3, STM32MP251FAL3, STM32MP253AAI3, STM32MP253AAJ3, STM32MP253AAK3, STM32MP253AAL3, STM32MP253CAI3, STM32MP253CAJ3, STM32MP253CAK3, STM32MP253CAL3, STM32MP253DAI3, STM32MP253DAJ3, STM32MP253DAK3, STM32MP253DAL3, STM32MP253FAI3, STM32MP253FAJ3, STM32MP253FAK3, STM32MP253FAL3, STM32MP255AAI3, STM32MP255AAJ3, STM32MP255AAK3, STM32MP255AAL3, STM32MP255CAI3, STM32MP255CAJ3, STM32MP255CAK3, STM32MP255CAL3, STM32MP255DAI3, STM32MP255DAJ3, STM32MP255DAK3, STM32MP255DAL3, STM32MP255FAI3, STM32MP255FAJ3, STM32MP255FAK3, STM32MP255FAL3, STM32MP257AAI3, STM32MP257AAJ3, STM32MP257AAK3, STM32MP257AAL3, STM32MP257CAI3, STM32MP257CAJ3, STM32MP257CAK3, STM32MP257CAL3, STM32MP257DAI3, STM32MP257DAJ3, STM32MP257DAK3, STM32MP257DAL3, STM32MP257F-DK, STM32MP257F-EV1, STM32MP257FAI3, STM32MP257FAJ3, STM32MP257FAK3, STM32MP257FAL3, STM32N645A0H3Q, STM32N645B0H3Q, STM32N645I0H3Q, STM32N645L0H3Q, STM32N645X0H3Q, STM32N645Z0H3Q, STM32N647A0H3Q, STM32N647B0H3Q, STM32N647I0H3Q, STM32N647L0H3Q, STM32N647X0H3Q, STM32N647Z0H3Q, STM32N655A0H3Q, STM32N655B0H3Q, STM32N655I0H3Q, STM32N655L0H3Q, STM32N655X0H3Q, STM32N655Z0H3Q, STM32N6570-DK, STM32N657A0H3Q, STM32N657B0H3Q, STM32N657I0H3Q, STM32N657L0H3Q, STM32N657X0H3Q, STM32N657Z0H3Q, STM32U031C6T6, STM32U031C6U6, STM32U031C8T6, STM32U031C8U6, STM32U031F4P6, STM32U031F6P6, STM32U031F8P6, STM32U031G6Y6TR, STM32U031G8Y6TR, STM32U031K4U6, STM32U031K6U6, STM32U031K8U6, STM32U031R6I6, STM32U031R6T6, STM32U031R8I6, STM32U031R8T6, STM32U073C8T6, STM32U073C8U6, STM32U073CBT6, STM32U073CBU6, STM32U073CCT6, STM32U073CCU6, STM32U073H8Y6TR, STM32U073HBY6TR, STM32U073HCY6TR, STM32U073K8U6, STM32U073KBU6, STM32U073KCU6, STM32U073M8I6, STM32U073M8T6, STM32U073MBI6, STM32U073MBT6, STM32U073MCI6, STM32U073MCT6, STM32U073R8I6, STM32U073R8T6, STM32U073RBI6, STM32U073RBT6, STM32U073RCI6, STM32U073RCT6, STM32U083C-DK, STM32U083CCT6, STM32U083CCU6, STM32U083HCY6TR, STM32U083KCU6, STM32U083MCI6, STM32U083MCT6, STM32U083RCI6, STM32U083RCT6, STM32U375CET6, STM32U375CET6Q, STM32U375CEU6, STM32U375CEU6Q, STM32U375CEY6QTR, STM32U375CGT6, STM32U375CGT6Q, STM32U375CGU6, STM32U375CGU6Q, STM32U375CGY6QTR, STM32U375KEU6, STM32U375KGU6, STM32U375REI6, STM32U375REI6Q, STM32U375RET6, STM32U375RET6Q, STM32U375REY6GTR, STM32U375REY6QTR, STM32U375RGI6, STM32U375RGI6Q, STM32U375RGT6, STM32U375RGT6Q, STM32U375RGY6GTR, STM32U375RGY6QTR, STM32U375VEI6, STM32U375VEI6Q, STM32U375VET6, STM32U375VET6Q, STM32U375VGI6, STM32U375VGI6Q, STM32U375VGT6, STM32U375VGT6Q, STM32U385CGT6, STM32U385CGT6Q, STM32U385CGU6, STM32U385CGU6Q, STM32U385CGY6QTR, STM32U385KGU6, STM32U385RGI6, STM32U385RGI6Q, STM32U385RGT6, STM32U385RGT6Q, STM32U385RGY6GTR, STM32U385RGY6QTR, STM32U385VGI6, STM32U385VGI6Q, STM32U385VGT6, STM32U385VGT6Q, STM32U535CBT6, STM32U535CBT6Q, STM32U535CBU6, STM32U535CBU6Q, STM32U535CCT6, STM32U535CCT6Q, STM32U535CCU6, STM32U535CCU6Q, STM32U535CET6, STM32U535CET6Q, STM32U535CEU6, STM32U535CEU6Q, STM32U535JEY6QTR, STM32U535NCY6QTR, STM32U535NEY6QTR, STM32U535RBI6, STM32U535RBI6Q, STM32U535RBT6, STM32U535RBT6Q, STM32U535RCI6, STM32U535RCI6Q, STM32U535RCT6, STM32U535RCT6Q, STM32U535REI6, STM32U535REI6Q, STM32U535RET6, STM32U535RET6Q, STM32U535VCI6, STM32U535VCI6Q, STM32U535VCT6, STM32U535VCT6Q, STM32U535VEI6, STM32U535VEI6Q, STM32U535VET6, STM32U535VET6Q, STM32U545CET6, STM32U545CET6Q, STM32U545CEU6, STM32U545CEU6Q, STM32U545JEY6QTR, STM32U545NEY6QTR, STM32U545REI6, STM32U545REI6Q, STM32U545RET6, STM32U545RET6Q, STM32U545VEI6, STM32U545VEI6Q, STM32U545VET6, STM32U545VET6Q, STM32U595AIH6, STM32U595AIH6Q, STM32U595AJH6, STM32U595AJH6Q, STM32U595QII6, STM32U595QII6Q, STM32U595QJI6, STM32U595QJI6Q, STM32U595RIT6, STM32U595RIT6Q, STM32U595RJT6, STM32U595RJT6Q, STM32U595VIT6, STM32U595VIT6Q, STM32U595VJT6, STM32U595VJT6Q, STM32U595ZIT6, STM32U595ZIT6Q, STM32U595ZIY6QTR, STM32U595ZJT6, STM32U595ZJT6Q, STM32U595ZJY6QTR, STM32U599BJY6QTR, STM32U599NIH6Q, STM32U599NJH6Q, STM32U599VIT6Q, STM32U599VJT6, STM32U599VJT6Q, STM32U599ZIT6Q, STM32U599ZIY6QTR, STM32U599ZJT6Q, STM32U599ZJY6QTR, STM32U5A5AJH6, STM32U5A5AJH6Q, STM32U5A5QII3Q , STM32U5A5QJI6, STM32U5A5QJI6Q, STM32U5A5RJT6, STM32U5A5RJT6Q, STM32U5A5VJT6, STM32U5A5VJT6Q, STM32U5A5ZJT6, STM32U5A5ZJT6Q, STM32U5A5ZJY6QTR, STM32U5A9BJY6QTR, STM32U5A9J-DK, STM32U5A9NJH6Q, STM32U5A9VJT6Q, STM32U5A9ZJT6Q, STM32U5A9ZJY6QTR, STM32U5F7VIT6, STM32U5F7VIT6Q, STM32U5F7VJT6, STM32U5F7VJT6Q, STM32U5F9BJY6QTR, STM32U5F9NJH6Q, STM32U5F9VIT6Q, STM32U5F9VJT6Q, STM32U5F9ZIJ6QTR, STM32U5F9ZIT6Q, STM32U5F9ZJJ6QTR, STM32U5F9ZJT6Q, STM32U5G7VJT6, STM32U5G7VJT6Q, STM32U5G9BJY6QTR, STM32U5G9J-DK1, STM32U5G9J-DK2, STM32U5G9NJH6Q, STM32U5G9VJT6Q, STM32U5G9ZJJ6QTR, STM32U5G9ZJT6Q, STM32WB05KZV6TR, STM32WB05KZV7TR, STM32WB05TZF6TR, STM32WB05TZF7TR, STM32WB06CCF6TR, STM32WB06CCF7TR, STM32WB06CCV6TR, STM32WB06CCV7TR, STM32WB06KCV6TR, STM32WB06KCV7TR, STM32WB07CCF6TR, STM32WB07CCF7TR, STM32WB07CCV6TR, STM32WB07CCV7TR, STM32WB07KCV6TR, STM32WB07KCV7TR, STM32WB09KEV6TR, STM32WB09KEV7TR, STM32WB09TEF6TR, STM32WB09TEF7TR, STM32WB1MMCH6, STM32WBA50KGU6, STM32WBA50KGU6TR, STM32WBA52CEU6, STM32WBA52CEU6TR, STM32WBA52CEU7, STM32WBA52CEU7TR, STM32WBA52CGU6, STM32WBA52CGU6TR, STM32WBA52CGU6U, STM32WBA52CGU7, STM32WBA52CGU7TR, STM32WBA52KEU6, STM32WBA52KEU6TR, STM32WBA52KGU6, STM32WBA52KGU6TR, STM32WBA54CEU6, STM32WBA54CEU6TR, STM32WBA54CEU7, STM32WBA54CEU7TR, STM32WBA54CGU6, STM32WBA54CGU6TR, STM32WBA54CGU7, STM32WBA54CGU7TR, STM32WBA54KEU6, STM32WBA54KEU6TR, STM32WBA54KEU7, STM32WBA54KEU7TR, STM32WBA54KGU6, STM32WBA54KGU6TR, STM32WBA54KGU7, STM32WBA54KGU7TR, STM32WBA55CEU6, STM32WBA55CEU6TR, STM32WBA55CEU7, STM32WBA55CEU7TR, STM32WBA55CGU6, STM32WBA55CGU6TR, STM32WBA55CGU6U, STM32WBA55CGU7, STM32WBA55CGU7TR, STM32WBA55G-DK1, STM32WBA55HEF6, STM32WBA55HEF7, STM32WBA55HGF6, STM32WBA55HGF7, STM32WBA55UEI6, STM32WBA55UEI6TR, STM32WBA55UEI7, STM32WBA55UEI7TR, STM32WBA55UGI6, STM32WBA55UGI6TR, STM32WBA55UGI7, STM32WBA55UGI7TR, STM32WBA5MJGH6TR, STM32WBA62CGU6, STM32WBA62CIU6, STM32WBA62MGF6, STM32WBA62MIF6, STM32WBA62PGI6, STM32WBA62PII6, STM32WBA63CGU6, STM32WBA63CGU7, STM32WBA63CIU6, STM32WBA63CIU7, STM32WBA64CGU6, STM32WBA64CGU7, STM32WBA64CIU6, STM32WBA64CIU7, STM32WBA65CGU6, STM32WBA65CGU7, STM32WBA65CIU6, STM32WBA65CIU7, STM32WBA65I-DK1, STM32WBA65MGF6, STM32WBA65MGF7, STM32WBA65MIF6, STM32WBA65MIF7, STM32WBA65PGI6, STM32WBA65PGI7, STM32WBA65PII6, STM32WBA65PII7, STM32WBA65RGV6, STM32WBA65RGV7, STM32WBA65RIV6, STM32WBA65RIV7, STM32WL30K8V6, STM32WL30KBV6, STM32WL31C8V6, STM32WL31CBV6, STM32WL31K8V6, STM32WL31KBV6, STM32WL33C8V6, STM32WL33C8V6TR, STM32WL33C8V7, STM32WL33C8V7TR, STM32WL33CBV6, STM32WL33CBV6TR, STM32WL33CBV7, STM32WL33CBV7TR, STM32WL33CCV6, STM32WL33CCV6TR, STM32WL33CCV7, STM32WL33CCV7A, STM32WL33CCV7ATR, STM32WL33CCV7TR, STM32WL33K8V6, STM32WL33K8V6TR, STM32WL33K8V7, STM32WL33K8V7TR, STM32WL33KBV6, STM32WL33KBV6TR, STM32WL33KBV7, STM32WL33KBV7TR, STM32WL33KCV6, STM32WL33KCV6TR, STM32WL33KCV7, STM32WL33KCV7TR, STM32WL5MOCH6, STM32WL5MOCH6TR]
2026-06-02 09:46:25,444 [INFO] BoardInfo:889 - No configuration file found for board NUCLEO-H5E5ZJ
2026-06-02 09:46:25,446 [INFO] DbBoards:161 - Board is not supported: NUCLEO-H5E5ZJ
2026-06-02 09:46:25,588 [INFO] BoardInfo:889 - No configuration file found for board NUCLEO-U3C5ZI-Q
2026-06-02 09:46:25,592 [INFO] DbBoards:161 - Board is not supported: NUCLEO-U3C5ZI-Q
2026-06-02 09:46:25,635 [INFO] BoardInfo:889 - No configuration file found for board NUCLEO-WBA25CE1
2026-06-02 09:46:25,637 [INFO] DbBoards:161 - Board is not supported: NUCLEO-WBA25CE1
2026-06-02 09:46:25,661 [INFO] BoardInfo:889 - No configuration file found for board NUCLEO-WL3RKB1
2026-06-02 09:46:25,663 [INFO] DbBoards:161 - Board is not supported: NUCLEO-WL3RKB1
2026-06-02 09:46:25,665 [INFO] BoardInfo:889 - No configuration file found for board NUCLEO-WL3RKB2
2026-06-02 09:46:25,668 [INFO] DbBoards:161 - Board is not supported: NUCLEO-WL3RKB2
2026-06-02 09:46:25,689 [INFO] BoardInfo:889 - No configuration file found for board P-NUCLEO-WB55
2026-06-02 09:46:25,692 [INFO] DbBoards:161 - Kit is not supported: P-NUCLEO-WB55
2026-06-02 09:46:25,708 [INFO] BoardInfo:889 - No configuration file found for board STEVAL-BFA001V1B
2026-06-02 09:46:25,711 [INFO] DbBoards:161 - Kit is not supported: STEVAL-BFA001V1B
2026-06-02 09:46:25,713 [INFO] BoardInfo:889 - No configuration file found for board STEVAL-BFA001V2B
2026-06-02 09:46:25,717 [INFO] DbBoards:161 - Kit is not supported: STEVAL-BFA001V2B
2026-06-02 09:46:26,004 [INFO] BoardInfo:889 - No configuration file found for board STM32H5F5J-DK
2026-06-02 09:46:26,006 [INFO] DbBoards:161 - Board is not supported: STM32H5F5J-DK
2026-06-02 09:46:26,185 [INFO] BoardInfo:889 - No configuration file found for board STM32MP215F-DK
2026-06-02 09:46:26,188 [INFO] DbBoards:161 - Board is not supported: STM32MP215F-DK
2026-06-02 09:46:26,252 [INFO] DbBoards:168 - Found 218 boards, 208 are supported
2026-06-02 09:46:26,253 [INFO] DbBoards:169 - Found 218 boards, 43 of them is supported for  Bsp
2026-06-02 09:46:26,262 [INFO] ApiDb:423 - Load user favorites file C:\Users\hp/.stm32cubeide/favorites.boards.txt: 1 item(s)
2026-06-02 09:46:26,262 [INFO] ApiDb:427 - User favorites Boards=[STM32F407G-DISC1]
2026-06-02 09:46:26,262 [INFO] DbBoards:198 - Set 1 / 1 favorites Boards
2026-06-02 09:46:26,304 [ERROR] TargetSelectorAdapter:267 - Unable to refresh data
2026-06-02 09:46:26,418 [INFO] McuFinderGlobals:76 - Set McuFinderConnectedMode to true
2026-06-02 09:46:26,420 [INFO] MultiScanPanel:200 - Auto-refresh data requested => check proxy status ongoing
2026-06-02 09:46:26,421 [INFO] FinderPluginLoader:95 - Searching for filters in installed packs
2026-06-02 09:46:30,646 [INFO] LoadUrlFilesThread:185 - End of LoadServerUrlFiles without Thread
2026-06-02 09:46:30,647 [INFO] DetailPanel:341 - Set advertising image to C:/Users/hp/STM32Cube/Repository/\en.prom-stm32wl3r-0526.jpg
2026-06-02 09:46:38,361 [INFO] MultiScanPanel:200 - Auto-refresh data requested => check proxy status ongoing
2026-06-02 09:46:38,497 [INFO] LoadUrlFilesThread:185 - End of LoadServerUrlFiles without Thread
2026-06-02 09:46:38,498 [INFO] DetailPanel:341 - Set advertising image to C:/Users/hp/STM32Cube/Repository/\en.prom-stm32wl3r-0526.jpg
2026-06-02 09:46:38,509 [INFO] DbBoards:642 - Loading board mini-images...
2026-06-02 09:46:41,482 [INFO] DbBoards:665 - Loaded 218 board mini-images
2026-06-02 09:49:53,504 [INFO] McuFinderGlobals:76 - Set McuFinderConnectedMode to true
2026-06-02 09:49:53,509 [INFO] ApiDb:448 - Save user favorites file C:\Users\hp/.stm32cubeide/favorites.mcus.txt: 0 item(s)
2026-06-02 09:49:53,510 [INFO] ApiDb:452 - User favorites MCUs=[]
2026-06-02 09:49:53,512 [INFO] ApiDb:448 - Save user favorites file C:\Users\hp/.stm32cubeide/favorites.boards.txt: 1 item(s)
2026-06-02 09:49:53,513 [INFO] ApiDb:452 - User favorites Boards=[STM32F407G-DISC1]
2026-06-02 10:30:58,075 [INFO] WebApp:194 - Connection lost
2026-06-02 10:30:58,748 [INFO] WebApp:191 - Connection restablished
2026-06-02 10:43:26,577 [INFO] WebApp:194 - Connection lost
2026-06-02 10:43:26,929 [INFO] WebApp:191 - Connection restablished
2026-06-02 10:47:30,140 [INFO] WebApp:194 - Connection lost
2026-06-02 10:47:30,559 [INFO] WebApp:191 - Connection restablished
2026-06-02 11:47:35,316 [INFO] WebApp:194 - Connection lost
2026-06-02 11:47:35,784 [INFO] WebApp:191 - Connection restablished
2026-06-02 11:50:08,887 [INFO] MainUpdater:2872 - connection check result : 10
2026-06-02 11:50:08,889 [INFO] McuFinderGlobals:76 - Set McuFinderConnectedMode to true
2026-06-02 11:50:09,281 [INFO] ServerAccessManage:473 - Download File mcusAds.json._tmp_
2026-06-02 11:50:09,446 [INFO] LoadUrlFilesThread:156 - End of LoadUrlFiles Thread
2026-06-02 11:50:09,683 [INFO] ServerAccessManage:473 - Download File cube-finder-db.zip
2026-06-02 11:50:14,431 [INFO] FileExtend:242 - Unzip File : cube-finder-db.zip
2026-06-02 11:50:14,432 [INFO] FileExtend:257 - Standard Zip Deflate
2026-06-02 11:50:16,427 [INFO] LoadUrlFilesThread:156 - End of LoadUrlFiles Thread
2026-06-02 11:50:17,418 [INFO] ServerAccessManage:473 - Download File crdb.zip
2026-06-02 11:50:18,344 [INFO] FileExtend:242 - Unzip File : crdb.zip
2026-06-02 11:50:18,345 [INFO] FileExtend:257 - Standard Zip Deflate
2026-06-02 11:50:18,533 [INFO] LoadUrlFilesThread:156 - End of LoadUrlFiles Thread
2026-06-02 11:50:18,665 [INFO] ServerAccessManage:473 - Download File tutoVideoDB.zip
2026-06-02 11:50:18,684 [INFO] FileExtend:242 - Unzip File : tutoVideoDB.zip
2026-06-02 11:50:18,685 [INFO] FileExtend:257 - Standard Zip Deflate
2026-06-02 11:50:18,851 [INFO] LoadUrlFilesThread:156 - End of LoadUrlFiles Thread
2026-06-02 11:50:18,855 [WARN] DbFile:41 - Overriding database path with different value: C:\Users\hp\.stmcufinder\plugins\mcufinder/ => C:\Users\hp\.stmcufinder\plugins\mcufinder
2026-06-02 11:50:19,444 [ERROR] ServerAccessManage:1089 - Problem, file not found on Server
2026-06-02 11:50:19,448 [ERROR] ServerAccessManage:651 - Problem, file not found on Server : api_config.json.
2026-06-02 11:51:07,232 [INFO] LoadUrlFilesThread:156 - End of LoadUrlFiles Thread
2026-06-02 11:51:08,865 [INFO] DbMcusAds:53 - JSON generation date=Thu May 28 21:38:17 IST 2026 (1779984497073)
2026-06-02 11:51:08,889 [INFO] ApiDb:448 - Save user favorites file C:\Users\hp/.stm32cubeide/favorites.mcus.txt: 0 item(s)
2026-06-02 11:51:08,889 [INFO] ApiDb:452 - User favorites MCUs=[]
2026-06-02 11:51:08,926 [INFO] ApiDb:581 - Connected to CubeFinder SQLite database (C:\Users\hp\.stmcufinder\plugins\mcufinder\mcu\cube-finder-db.db)
2026-06-02 11:51:09,089 [INFO] ApiDb:668 - CubeFinder database Data Model version=2.1
2026-06-02 11:51:09,089 [INFO] ApiDb:669 - CubeFinder database Configuration version=3.0.42
2026-06-02 11:51:09,089 [INFO] ApiDb:670 - CubeFinder database generation date=2026-05-06 (1778060171)
2026-06-02 11:51:09,089 [INFO] ApiDb:671 - CubeFinder database FW Pack versions=[FP-ATR-ASTRA1_V2.0.0, FP-SNS-FLIGHT1_V5.1.0, FP-SNS-MOTENV1_V5.1.0, FP-SNS-MOTENVWB1_V1.5.0, FP-SNS-SMARTAG2_V1.2.0, FP-SNS-STBOX1_V2.1.0, STM32Cube_FW_C0_V1.4.0, STM32Cube_FW_F4_V1.28.3, STM32Cube_FW_F7_V1.17.4, STM32Cube_FW_G0_V1.6.3, STM32Cube_FW_G4_V1.6.2, STM32Cube_FW_H5_V1.6.0, STM32Cube_FW_H7RS_V1.3.0, STM32Cube_FW_H7_V1.13.0, STM32Cube_FW_L0_V1.12.2, STM32Cube_FW_L4_V1.18.2, STM32Cube_FW_L5_V1.6.0, STM32Cube_FW_N6_V1.3.0, STM32Cube_FW_U0_V1.3.0, STM32Cube_FW_U3_V1.3.0, STM32Cube_FW_U5_V1.8.0, STM32Cube_FW_WB0_V1.4.0, STM32Cube_FW_WBA_V1.9.0, STM32Cube_FW_WB_V1.24.0, STM32Cube_FW_WL3_V1.4.0, STM32Cube_FW_WL_V1.5.0, X-CUBE-ALGOBUILD_V1.4.0, X-CUBE-ALS_V1.0.2, X-CUBE-AZRTOS-F4_V1.1.0, X-CUBE-AZRTOS-F7_V1.1.0, X-CUBE-AZRTOS-G0_V1.1.0, X-CUBE-AZRTOS-G4_V2.0.0, X-CUBE-AZRTOS-H7RS_V1.1.0, X-CUBE-AZRTOS-H7_V3.5.0, X-CUBE-AZRTOS-L4_V2.0.0, X-CUBE-AZRTOS-L5_V2.0.0, X-CUBE-AZRTOS-WB_V2.0.0, X-CUBE-AZRTOS-WL_V2.0.0, X-CUBE-BLE1_V7.1.0, X-CUBE-BLE2_V3.3.0, X-CUBE-BLEMGR_V4.1.0, X-CUBE-EEPRMA1_V5.2.0, X-CUBE-FREERTOS_V1.5.0, X-CUBE-GNSS1_V6.0.0, X-CUBE-MEMS1_V12.0.0, X-CUBE-NFC4_V3.0.0, X-CUBE-NFC7_V2.0.0, X-CUBE-SFXS2LP1_V4.0.0, X-CUBE-ST67W61_V1.2.0, X-CUBE-SUBG2_V5.0.0, X-CUBE-TOF1_V3.4.3]
2026-06-02 11:51:13,645 [INFO] ApiDb:240 - Found 895 in-development CPN: [B-G473E-ZEST1S, B-WB1M-WPAN1, B-WBA5M-WPAN, B-WL5M-SUBG1, NUCLEO-C031C6, NUCLEO-C051C8, NUCLEO-C071RB, NUCLEO-C092RC, NUCLEO-H503RB, NUCLEO-H533RE, NUCLEO-H563ZI, NUCLEO-H7S3L8, NUCLEO-N657X0-Q, NUCLEO-U031R8, NUCLEO-U083RC, NUCLEO-U385RG-Q, NUCLEO-U545RE-Q, NUCLEO-U5A5ZJ-Q, NUCLEO-WB05KZ, NUCLEO-WB07CC, NUCLEO-WB09KE, NUCLEO-WBA52CG, NUCLEO-WBA55CG, NUCLEO-WBA65RI, NUCLEO-WL33CC1, NUCLEO-WL33CC2, STEVAL-PROTEUS1, STEVAL-SMARTAG2, STEVAL-STWINBX1, STM320518-EVAL, STM32C0116-DK, STM32C011D6Y3TR, STM32C011D6Y6TR, STM32C011F4P3, STM32C011F4P6, STM32C011F4U3, STM32C011F4U6TR, STM32C011F6P3, STM32C011F6P6, STM32C011F6U3, STM32C011F6U6TR, STM32C011J4M3, STM32C011J4M6, STM32C011J6M3, STM32C011J6M6, STM32C0316-DK, STM32C031C4T3, STM32C031C4T6, STM32C031C4U3, STM32C031C4U6, STM32C031C6T3, STM32C031C6T6, STM32C031C6U3, STM32C031C6U6, STM32C031F4P3, STM32C031F4P6, STM32C031F6P3, STM32C031F6P6, STM32C031G4U3, STM32C031G4U6, STM32C031G6U3, STM32C031G6U6, STM32C031K4T3, STM32C031K4T6, STM32C031K4U3, STM32C031K4U6, STM32C031K6T3, STM32C031K6T6, STM32C031K6U3, STM32C031K6U6, STM32C051C6T6, STM32C051C6U6, STM32C051C8T6, STM32C051C8U6, STM32C051D8Y6TR, STM32C051F6P6, STM32C051F8P6, STM32C051G6U6, STM32C051G8U6, STM32C051K6T6, STM32C051K6U6, STM32C051K8T6, STM32C071C8T6, STM32C071C8T6N, STM32C071C8U6, STM32C071C8U6N, STM32C071CBT6, STM32C071CBT6N, STM32C071CBU6, STM32C071CBU6N, STM32C071F8P6, STM32C071F8P6N, STM32C071FBP6, STM32C071FBP6N, STM32C071FBY6TR, STM32C071G8U6, STM32C071G8U6N, STM32C071GBU6, STM32C071GBU6N, STM32C071K8T6, STM32C071K8T6N, STM32C071K8U6, STM32C071K8U6N, STM32C071KBT6, STM32C071KBT6N, STM32C071KBU6, STM32C071KBU6N, STM32C071R8T6, STM32C071R8T6N, STM32C071RBI6N, STM32C071RBT6, STM32C071RBT6N, STM32C091CBT6, STM32C091CBU6, STM32C091CCT6, STM32C091CCU6, STM32C091ECY6TR, STM32C091FBP6, STM32C091FCP6, STM32C091GBU6, STM32C091GCU6, STM32C091KBT6, STM32C091KBU6, STM32C091KCT6, STM32C091KCU6, STM32C091RBT6, STM32C091RCI6, STM32C091RCT6, STM32C092CBT6, STM32C092CBU6, STM32C092CCT6, STM32C092CCU6, STM32C092ECY6TR, STM32C092FBP6, STM32C092FCP6, STM32C092GBU6, STM32C092GCU6, STM32C092KBT6, STM32C092KBU6, STM32C092KCT6, STM32C092KCU6, STM32C092RBT6, STM32C092RCI6, STM32C092RCT6, STM32G071K8TXN, STM32G071K8UXN, STM32G081GBU6N, STM32G081KBT6N, STM32G081KBUXN, STM32G0B1CCT6N, STM32G0B1KCT6, STM32G0B1NEY6TR, STM32G0B1RCT6N, STM32G0C1CCT6, STM32G0C1CCT6N, STM32G0C1CCU6N, STM32G0C1CET6N, STM32G0C1CEU6N, STM32G0C1KCT6, STM32G0C1NEY6TR, STM32G0C1RCI6N, STM32G0C1RCT6N, STM32G0C1REI6N, STM32G0C1RET6N, STM32G0C1VCI6, STM32G0C1VEI6, STM32G411C6T3, STM32G411C6T6, STM32G411C6U3, STM32G411C6U6, STM32G411C8T3, STM32G411C8T6, STM32G411C8U3, STM32G411C8U6, STM32G411CBT3, STM32G411CBT6, STM32G411CBU3, STM32G411CBU6, STM32G411CCT3, STM32G411CCT6, STM32G411CCU3, STM32G411CCU6, STM32G411K6T3, STM32G411K6T6, STM32G411K6U3, STM32G411K6U6, STM32G411K8T3, STM32G411K8T6, STM32G411K8U3, STM32G411K8U6, STM32G411KBT3, STM32G411KBT6, STM32G411KBU3, STM32G411KBU6, STM32G411M6T3, STM32G411M6T6, STM32G411M8T3, STM32G411M8T6, STM32G411MBT3, STM32G411MBT6, STM32G411MCT3, STM32G411MCT6, STM32G411R6T3, STM32G411R6T6, STM32G411R8T3, STM32G411R8T6, STM32G411RBT3, STM32G411RBT6, STM32G411RCT3, STM32G411RCT6, STM32G414CBT3, STM32G414CBT6, STM32G414CBU3, STM32G414CBU6, STM32G414CCT3, STM32G414CCT6, STM32G414CCU3, STM32G414CCU6, STM32G414MBT3, STM32G414MBT6, STM32G414MCT3, STM32G414MCT6, STM32G414RBT3, STM32G414RBT6, STM32G414RCT3, STM32G414RCT6, STM32G414VBT3, STM32G414VBT6, STM32G414VCT3, STM32G414VCT6, STM32G431CBT3Z, STM32G431RBT3Z, STM32G471CCT6, STM32G471CCU6, STM32G471CET3, STM32G471CET6, STM32G471CEU3, STM32G471CEU6, STM32G471MCT6, STM32G471MET3, STM32G471MET6, STM32G471MEY6TR, STM32G471QCT6, STM32G471QET3, STM32G471RCT6, STM32G471RET3, STM32G471RET6, STM32G471VCH6, STM32G471VCI6, STM32G471VCT6, STM32G471VEH3, STM32G471VEH6, STM32G471VEI3, STM32G471VEI6, STM32G471VET3, STM32G471VET6, STM32G473QET3Z, STM32G473RET3Z, STM32G474CCT6, STM32G491RET3Z, STM32H503CBT6, STM32H503CBU6, STM32H503EBY6TR, STM32H503KBU6, STM32H503RBT6, STM32H523CCT6, STM32H523CCU6, STM32H523CET6, STM32H523CEU6, STM32H523HEY6TR, STM32H523RCT6, STM32H523RET6, STM32H523VCI6, STM32H523VCT6, STM32H523VEI6, STM32H523VET6, STM32H523ZCJ6, STM32H523ZCT6, STM32H523ZEJ6, STM32H523ZET6, STM32H533CET6, STM32H533CEU6, STM32H533HEY6TR, STM32H533RET6, STM32H533VEI6, STM32H533VET6, STM32H533ZEJ6, STM32H533ZET6, STM32H562AGI6, STM32H562AII6, STM32H562IGK6, STM32H562IGT6, STM32H562IIK6, STM32H562IIT6, STM32H562RGT6, STM32H562RGV6, STM32H562RIT6, STM32H562RIV6, STM32H562VGT6, STM32H562VIT6, STM32H562ZGT6, STM32H562ZIT6, STM32H563AGI6, STM32H563AII3Q, STM32H563AII6, STM32H563IGK6, STM32H563IGT6, STM32H563IIK3Q, STM32H563IIK6, STM32H563IIT3Q, STM32H563IIT6, STM32H563MIY3QTR, STM32H563RGT6, STM32H563RGV6, STM32H563RIT6, STM32H563RIV6, STM32H563VGT6, STM32H563VIT3Q, STM32H563VIT6, STM32H563ZGT6, STM32H563ZIT3Q, STM32H563ZIT6, STM32H573AII3Q, STM32H573AII6, STM32H573I-DK, STM32H573IIK3Q, STM32H573IIK6, STM32H573IIT3Q, STM32H573IIT6, STM32H573MIY3QTR, STM32H573RIT6, STM32H573RIV6, STM32H573VIT3Q, STM32H573VIT6, STM32H573ZIT3Q, STM32H573ZIT6, STM32H7R3A8I6, STM32H7R3I8K6, STM32H7R3I8T6, STM32H7R3L8H6, STM32H7R3L8H6H, STM32H7R3R8V6, STM32H7R3V8H6, STM32H7R3V8T6, STM32H7R3V8Y6TR, STM32H7R3Z8J6, STM32H7R3Z8T6, STM32H7R7A8I6, STM32H7R7I8K6, STM32H7R7I8T6, STM32H7R7L8H6, STM32H7R7L8H6H, STM32H7R7Z8J6, STM32H7S3A8I6, STM32H7S3I8K6, STM32H7S3I8T6, STM32H7S3L8H6, STM32H7S3L8H6H, STM32H7S3R8V6, STM32H7S3V8H6, STM32H7S3V8T6, STM32H7S3V8Y6TR, STM32H7S3Z8J6, STM32H7S3Z8T6, STM32H7S78-DK, STM32H7S7A8I6, STM32H7S7I8K6, STM32H7S7I8T6, STM32H7S7L8H6, STM32H7S7L8H6H, STM32H7S7Z8J6, STM32L4R5QGI6STR, STM32MP131AAE3, STM32MP131AAF3, STM32MP131AAG3, STM32MP131CAE3, STM32MP131CAF3, STM32MP131CAG3, STM32MP131DAE7, STM32MP131DAF7, STM32MP131DAG7, STM32MP131FAE7, STM32MP131FAF7, STM32MP131FAG7, STM32MP133AAE3, STM32MP133AAF3, STM32MP133AAG3, STM32MP133CAE3, STM32MP133CAF3, STM32MP133CAG3, STM32MP133DAE7, STM32MP133DAF7, STM32MP133DAG7, STM32MP133FAE7, STM32MP133FAF7, STM32MP133FAG7, STM32MP135AAE3, STM32MP135AAF3, STM32MP135AAG3, STM32MP135CAE3, STM32MP135CAF3, STM32MP135CAG3, STM32MP135DAE7, STM32MP135DAF7, STM32MP135DAG7, STM32MP135F-DK, STM32MP135FAE7, STM32MP135FAF7, STM32MP135FAF7T, STM32MP135FAF7U, STM32MP135FAG7, STM32MP231AAJ3, STM32MP231AAK3, STM32MP231AAL3, STM32MP231CAJ3, STM32MP231CAK3, STM32MP231CAL3, STM32MP231DAJ3, STM32MP231DAK3, STM32MP231DAL3, STM32MP231FAJ3, STM32MP231FAK3, STM32MP231FAL3, STM32MP233AAJ3, STM32MP233AAK3, STM32MP233AAL3, STM32MP233CAJ3, STM32MP233CAK3, STM32MP233CAL3, STM32MP233DAJ3, STM32MP233DAK3, STM32MP233DAL3, STM32MP233FAJ3, STM32MP233FAK3, STM32MP233FAL3, STM32MP235AAJ3, STM32MP235AAK3, STM32MP235AAL3, STM32MP235CAJ3, STM32MP235CAK3, STM32MP235CAL3, STM32MP235DAJ3, STM32MP235DAK3, STM32MP235DAL3, STM32MP235FAJ3, STM32MP235FAK3, STM32MP235FAL3, STM32MP251AAI3, STM32MP251AAJ3, STM32MP251AAK3, STM32MP251AAL3, STM32MP251CAI3, STM32MP251CAJ3, STM32MP251CAK3, STM32MP251CAL3, STM32MP251DAI3, STM32MP251DAJ3, STM32MP251DAK3, STM32MP251DAL3, STM32MP251FAI3, STM32MP251FAJ3, STM32MP251FAK3, STM32MP251FAL3, STM32MP253AAI3, STM32MP253AAJ3, STM32MP253AAK3, STM32MP253AAL3, STM32MP253CAI3, STM32MP253CAJ3, STM32MP253CAK3, STM32MP253CAL3, STM32MP253DAI3, STM32MP253DAJ3, STM32MP253DAK3, STM32MP253DAL3, STM32MP253FAI3, STM32MP253FAJ3, STM32MP253FAK3, STM32MP253FAL3, STM32MP255AAI3, STM32MP255AAJ3, STM32MP255AAK3, STM32MP255AAL3, STM32MP255CAI3, STM32MP255CAJ3, STM32MP255CAK3, STM32MP255CAL3, STM32MP255DAI3, STM32MP255DAJ3, STM32MP255DAK3, STM32MP255DAL3, STM32MP255FAI3, STM32MP255FAJ3, STM32MP255FAK3, STM32MP255FAL3, STM32MP257AAI3, STM32MP257AAJ3, STM32MP257AAK3, STM32MP257AAL3, STM32MP257CAI3, STM32MP257CAJ3, STM32MP257CAK3, STM32MP257CAL3, STM32MP257DAI3, STM32MP257DAJ3, STM32MP257DAK3, STM32MP257DAL3, STM32MP257F-DK, STM32MP257F-EV1, STM32MP257FAI3, STM32MP257FAJ3, STM32MP257FAK3, STM32MP257FAL3, STM32N645A0H3Q, STM32N645B0H3Q, STM32N645I0H3Q, STM32N645L0H3Q, STM32N645X0H3Q, STM32N645Z0H3Q, STM32N647A0H3Q, STM32N647B0H3Q, STM32N647I0H3Q, STM32N647L0H3Q, STM32N647X0H3Q, STM32N647Z0H3Q, STM32N655A0H3Q, STM32N655B0H3Q, STM32N655I0H3Q, STM32N655L0H3Q, STM32N655X0H3Q, STM32N655Z0H3Q, STM32N6570-DK, STM32N657A0H3Q, STM32N657B0H3Q, STM32N657I0H3Q, STM32N657L0H3Q, STM32N657X0H3Q, STM32N657Z0H3Q, STM32U031C6T6, STM32U031C6U6, STM32U031C8T6, STM32U031C8U6, STM32U031F4P6, STM32U031F6P6, STM32U031F8P6, STM32U031G6Y6TR, STM32U031G8Y6TR, STM32U031K4U6, STM32U031K6U6, STM32U031K8U6, STM32U031R6I6, STM32U031R6T6, STM32U031R8I6, STM32U031R8T6, STM32U073C8T6, STM32U073C8U6, STM32U073CBT6, STM32U073CBU6, STM32U073CCT6, STM32U073CCU6, STM32U073H8Y6TR, STM32U073HBY6TR, STM32U073HCY6TR, STM32U073K8U6, STM32U073KBU6, STM32U073KCU6, STM32U073M8I6, STM32U073M8T6, STM32U073MBI6, STM32U073MBT6, STM32U073MCI6, STM32U073MCT6, STM32U073R8I6, STM32U073R8T6, STM32U073RBI6, STM32U073RBT6, STM32U073RCI6, STM32U073RCT6, STM32U083C-DK, STM32U083CCT6, STM32U083CCU6, STM32U083HCY6TR, STM32U083KCU6, STM32U083MCI6, STM32U083MCT6, STM32U083RCI6, STM32U083RCT6, STM32U375CET6, STM32U375CET6Q, STM32U375CEU6, STM32U375CEU6Q, STM32U375CEY6QTR, STM32U375CGT6, STM32U375CGT6Q, STM32U375CGU6, STM32U375CGU6Q, STM32U375CGY6QTR, STM32U375KEU6, STM32U375KGU6, STM32U375REI6, STM32U375REI6Q, STM32U375RET6, STM32U375RET6Q, STM32U375REY6GTR, STM32U375REY6QTR, STM32U375RGI6, STM32U375RGI6Q, STM32U375RGT6, STM32U375RGT6Q, STM32U375RGY6GTR, STM32U375RGY6QTR, STM32U375VEI6, STM32U375VEI6Q, STM32U375VET6, STM32U375VET6Q, STM32U375VGI6, STM32U375VGI6Q, STM32U375VGT6, STM32U375VGT6Q, STM32U385CGT6, STM32U385CGT6Q, STM32U385CGU6, STM32U385CGU6Q, STM32U385CGY6QTR, STM32U385KGU6, STM32U385RGI6, STM32U385RGI6Q, STM32U385RGT6, STM32U385RGT6Q, STM32U385RGY6GTR, STM32U385RGY6QTR, STM32U385VGI6, STM32U385VGI6Q, STM32U385VGT6, STM32U385VGT6Q, STM32U535CBT6, STM32U535CBT6Q, STM32U535CBU6, STM32U535CBU6Q, STM32U535CCT6, STM32U535CCT6Q, STM32U535CCU6, STM32U535CCU6Q, STM32U535CET6, STM32U535CET6Q, STM32U535CEU6, STM32U535CEU6Q, STM32U535JEY6QTR, STM32U535NCY6QTR, STM32U535NEY6QTR, STM32U535RBI6, STM32U535RBI6Q, STM32U535RBT6, STM32U535RBT6Q, STM32U535RCI6, STM32U535RCI6Q, STM32U535RCT6, STM32U535RCT6Q, STM32U535REI6, STM32U535REI6Q, STM32U535RET6, STM32U535RET6Q, STM32U535VCI6, STM32U535VCI6Q, STM32U535VCT6, STM32U535VCT6Q, STM32U535VEI6, STM32U535VEI6Q, STM32U535VET6, STM32U535VET6Q, STM32U545CET6, STM32U545CET6Q, STM32U545CEU6, STM32U545CEU6Q, STM32U545JEY6QTR, STM32U545NEY6QTR, STM32U545REI6, STM32U545REI6Q, STM32U545RET6, STM32U545RET6Q, STM32U545VEI6, STM32U545VEI6Q, STM32U545VET6, STM32U545VET6Q, STM32U595AIH6, STM32U595AIH6Q, STM32U595AJH6, STM32U595AJH6Q, STM32U595QII6, STM32U595QII6Q, STM32U595QJI6, STM32U595QJI6Q, STM32U595RIT6, STM32U595RIT6Q, STM32U595RJT6, STM32U595RJT6Q, STM32U595VIT6, STM32U595VIT6Q, STM32U595VJT6, STM32U595VJT6Q, STM32U595ZIT6, STM32U595ZIT6Q, STM32U595ZIY6QTR, STM32U595ZJT6, STM32U595ZJT6Q, STM32U595ZJY6QTR, STM32U599BJY6QTR, STM32U599NIH6Q, STM32U599NJH6Q, STM32U599VIT6Q, STM32U599VJT6, STM32U599VJT6Q, STM32U599ZIT6Q, STM32U599ZIY6QTR, STM32U599ZJT6Q, STM32U599ZJY6QTR, STM32U5A5AJH6, STM32U5A5AJH6Q, STM32U5A5QII3Q , STM32U5A5QJI6, STM32U5A5QJI6Q, STM32U5A5RJT6, STM32U5A5RJT6Q, STM32U5A5VJT6, STM32U5A5VJT6Q, STM32U5A5ZJT6, STM32U5A5ZJT6Q, STM32U5A5ZJY6QTR, STM32U5A9BJY6QTR, STM32U5A9J-DK, STM32U5A9NJH6Q, STM32U5A9VJT6Q, STM32U5A9ZJT6Q, STM32U5A9ZJY6QTR, STM32U5F7VIT6, STM32U5F7VIT6Q, STM32U5F7VJT6, STM32U5F7VJT6Q, STM32U5F9BJY6QTR, STM32U5F9NJH6Q, STM32U5F9VIT6Q, STM32U5F9VJT6Q, STM32U5F9ZIJ6QTR, STM32U5F9ZIT6Q, STM32U5F9ZJJ6QTR, STM32U5F9ZJT6Q, STM32U5G7VJT6, STM32U5G7VJT6Q, STM32U5G9BJY6QTR, STM32U5G9J-DK1, STM32U5G9J-DK2, STM32U5G9NJH6Q, STM32U5G9VJT6Q, STM32U5G9ZJJ6QTR, STM32U5G9ZJT6Q, STM32WB05KZV6TR, STM32WB05KZV7TR, STM32WB05TZF6TR, STM32WB05TZF7TR, STM32WB06CCF6TR, STM32WB06CCF7TR, STM32WB06CCV6TR, STM32WB06CCV7TR, STM32WB06KCV6TR, STM32WB06KCV7TR, STM32WB07CCF6TR, STM32WB07CCF7TR, STM32WB07CCV6TR, STM32WB07CCV7TR, STM32WB07KCV6TR, STM32WB07KCV7TR, STM32WB09KEV6TR, STM32WB09KEV7TR, STM32WB09TEF6TR, STM32WB09TEF7TR, STM32WB1MMCH6, STM32WBA50KGU6, STM32WBA50KGU6TR, STM32WBA52CEU6, STM32WBA52CEU6TR, STM32WBA52CEU7, STM32WBA52CEU7TR, STM32WBA52CGU6, STM32WBA52CGU6TR, STM32WBA52CGU6U, STM32WBA52CGU7, STM32WBA52CGU7TR, STM32WBA52KEU6, STM32WBA52KEU6TR, STM32WBA52KGU6, STM32WBA52KGU6TR, STM32WBA54CEU6, STM32WBA54CEU6TR, STM32WBA54CEU7, STM32WBA54CEU7TR, STM32WBA54CGU6, STM32WBA54CGU6TR, STM32WBA54CGU7, STM32WBA54CGU7TR, STM32WBA54KEU6, STM32WBA54KEU6TR, STM32WBA54KEU7, STM32WBA54KEU7TR, STM32WBA54KGU6, STM32WBA54KGU6TR, STM32WBA54KGU7, STM32WBA54KGU7TR, STM32WBA55CEU6, STM32WBA55CEU6TR, STM32WBA55CEU7, STM32WBA55CEU7TR, STM32WBA55CGU6, STM32WBA55CGU6TR, STM32WBA55CGU6U, STM32WBA55CGU7, STM32WBA55CGU7TR, STM32WBA55G-DK1, STM32WBA55HEF6, STM32WBA55HEF7, STM32WBA55HGF6, STM32WBA55HGF7, STM32WBA55UEI6, STM32WBA55UEI6TR, STM32WBA55UEI7, STM32WBA55UEI7TR, STM32WBA55UGI6, STM32WBA55UGI6TR, STM32WBA55UGI7, STM32WBA55UGI7TR, STM32WBA5MJGH6TR, STM32WBA62CGU6, STM32WBA62CIU6, STM32WBA62MGF6, STM32WBA62MIF6, STM32WBA62PGI6, STM32WBA62PII6, STM32WBA63CGU6, STM32WBA63CGU7, STM32WBA63CIU6, STM32WBA63CIU7, STM32WBA64CGU6, STM32WBA64CGU7, STM32WBA64CIU6, STM32WBA64CIU7, STM32WBA65CGU6, STM32WBA65CGU7, STM32WBA65CIU6, STM32WBA65CIU7, STM32WBA65I-DK1, STM32WBA65MGF6, STM32WBA65MGF7, STM32WBA65MIF6, STM32WBA65MIF7, STM32WBA65PGI6, STM32WBA65PGI7, STM32WBA65PII6, STM32WBA65PII7, STM32WBA65RGV6, STM32WBA65RGV7, STM32WBA65RIV6, STM32WBA65RIV7, STM32WL30K8V6, STM32WL30KBV6, STM32WL31C8V6, STM32WL31CBV6, STM32WL31K8V6, STM32WL31KBV6, STM32WL33C8V6, STM32WL33C8V6TR, STM32WL33C8V7, STM32WL33C8V7TR, STM32WL33CBV6, STM32WL33CBV6TR, STM32WL33CBV7, STM32WL33CBV7TR, STM32WL33CCV6, STM32WL33CCV6TR, STM32WL33CCV7, STM32WL33CCV7A, STM32WL33CCV7ATR, STM32WL33CCV7TR, STM32WL33K8V6, STM32WL33K8V6TR, STM32WL33K8V7, STM32WL33K8V7TR, STM32WL33KBV6, STM32WL33KBV6TR, STM32WL33KBV7, STM32WL33KBV7TR, STM32WL33KCV6, STM32WL33KCV6TR, STM32WL33KCV7, STM32WL33KCV7TR, STM32WL5MOCH6, STM32WL5MOCH6TR]
2026-06-02 11:51:13,655 [INFO] DbMcus:218 - Found 5082 MCUs, 4964 are supported
2026-06-02 11:51:13,655 [INFO] ApiDb:423 - Load user favorites file C:\Users\hp/.stm32cubeide/favorites.mcus.txt: 0 item(s)
2026-06-02 11:51:13,655 [INFO] ApiDb:427 - User favorites MCUs=[]
2026-06-02 11:51:13,655 [INFO] DbMcus:224 - Set 0 / 0 favorites MCUs
2026-06-02 11:51:15,246 [INFO] ApiDb:448 - Save user favorites file C:\Users\hp/.stm32cubeide/favorites.boards.txt: 1 item(s)
2026-06-02 11:51:15,246 [INFO] ApiDb:452 - User favorites Boards=[STM32F407G-DISC1]
2026-06-02 11:51:15,251 [INFO] ApiDb:581 - Connected to CubeFinder SQLite database (C:\Users\hp\.stmcufinder\plugins\mcufinder\mcu\cube-finder-db.db)
2026-06-02 11:51:15,377 [INFO] ApiDb:668 - CubeFinder database Data Model version=2.1
2026-06-02 11:51:15,377 [INFO] ApiDb:669 - CubeFinder database Configuration version=3.0.42
2026-06-02 11:51:15,377 [INFO] ApiDb:670 - CubeFinder database generation date=2026-05-06 (1778060171)
2026-06-02 11:51:15,377 [INFO] ApiDb:671 - CubeFinder database FW Pack versions=[FP-ATR-ASTRA1_V2.0.0, FP-SNS-FLIGHT1_V5.1.0, FP-SNS-MOTENV1_V5.1.0, FP-SNS-MOTENVWB1_V1.5.0, FP-SNS-SMARTAG2_V1.2.0, FP-SNS-STBOX1_V2.1.0, STM32Cube_FW_C0_V1.4.0, STM32Cube_FW_F4_V1.28.3, STM32Cube_FW_F7_V1.17.4, STM32Cube_FW_G0_V1.6.3, STM32Cube_FW_G4_V1.6.2, STM32Cube_FW_H5_V1.6.0, STM32Cube_FW_H7RS_V1.3.0, STM32Cube_FW_H7_V1.13.0, STM32Cube_FW_L0_V1.12.2, STM32Cube_FW_L4_V1.18.2, STM32Cube_FW_L5_V1.6.0, STM32Cube_FW_N6_V1.3.0, STM32Cube_FW_U0_V1.3.0, STM32Cube_FW_U3_V1.3.0, STM32Cube_FW_U5_V1.8.0, STM32Cube_FW_WB0_V1.4.0, STM32Cube_FW_WBA_V1.9.0, STM32Cube_FW_WB_V1.24.0, STM32Cube_FW_WL3_V1.4.0, STM32Cube_FW_WL_V1.5.0, X-CUBE-ALGOBUILD_V1.4.0, X-CUBE-ALS_V1.0.2, X-CUBE-AZRTOS-F4_V1.1.0, X-CUBE-AZRTOS-F7_V1.1.0, X-CUBE-AZRTOS-G0_V1.1.0, X-CUBE-AZRTOS-G4_V2.0.0, X-CUBE-AZRTOS-H7RS_V1.1.0, X-CUBE-AZRTOS-H7_V3.5.0, X-CUBE-AZRTOS-L4_V2.0.0, X-CUBE-AZRTOS-L5_V2.0.0, X-CUBE-AZRTOS-WB_V2.0.0, X-CUBE-AZRTOS-WL_V2.0.0, X-CUBE-BLE1_V7.1.0, X-CUBE-BLE2_V3.3.0, X-CUBE-BLEMGR_V4.1.0, X-CUBE-EEPRMA1_V5.2.0, X-CUBE-FREERTOS_V1.5.0, X-CUBE-GNSS1_V6.0.0, X-CUBE-MEMS1_V12.0.0, X-CUBE-NFC4_V3.0.0, X-CUBE-NFC7_V2.0.0, X-CUBE-SFXS2LP1_V4.0.0, X-CUBE-ST67W61_V1.2.0, X-CUBE-SUBG2_V5.0.0, X-CUBE-TOF1_V3.4.3]
2026-06-02 11:51:15,477 [INFO] DbBoardsSqlite:226 - include board P-NUCLEO-WB55-NUCLEO as a kit item of type 'Nucleo-64'
2026-06-02 11:51:15,477 [INFO] DbBoardsSqlite:226 - include board P-NUCLEO-WB55-USBDONGLE as a kit item of type 'Nucleo USB Dongle'
2026-06-02 11:51:15,477 [INFO] DbBoardsSqlite:226 - include board STEVAL-IDP005V1 as a kit item of type 'Evaluation Board'
2026-06-02 11:51:15,477 [INFO] DbBoardsSqlite:226 - include board STEVAL-IDP005V2 as a kit item of type 'Evaluation Board'
2026-06-02 11:51:15,604 [INFO] ApiDb:240 - Found 895 in-development CPN: [B-G473E-ZEST1S, B-WB1M-WPAN1, B-WBA5M-WPAN, B-WL5M-SUBG1, NUCLEO-C031C6, NUCLEO-C051C8, NUCLEO-C071RB, NUCLEO-C092RC, NUCLEO-H503RB, NUCLEO-H533RE, NUCLEO-H563ZI, NUCLEO-H7S3L8, NUCLEO-N657X0-Q, NUCLEO-U031R8, NUCLEO-U083RC, NUCLEO-U385RG-Q, NUCLEO-U545RE-Q, NUCLEO-U5A5ZJ-Q, NUCLEO-WB05KZ, NUCLEO-WB07CC, NUCLEO-WB09KE, NUCLEO-WBA52CG, NUCLEO-WBA55CG, NUCLEO-WBA65RI, NUCLEO-WL33CC1, NUCLEO-WL33CC2, STEVAL-PROTEUS1, STEVAL-SMARTAG2, STEVAL-STWINBX1, STM320518-EVAL, STM32C0116-DK, STM32C011D6Y3TR, STM32C011D6Y6TR, STM32C011F4P3, STM32C011F4P6, STM32C011F4U3, STM32C011F4U6TR, STM32C011F6P3, STM32C011F6P6, STM32C011F6U3, STM32C011F6U6TR, STM32C011J4M3, STM32C011J4M6, STM32C011J6M3, STM32C011J6M6, STM32C0316-DK, STM32C031C4T3, STM32C031C4T6, STM32C031C4U3, STM32C031C4U6, STM32C031C6T3, STM32C031C6T6, STM32C031C6U3, STM32C031C6U6, STM32C031F4P3, STM32C031F4P6, STM32C031F6P3, STM32C031F6P6, STM32C031G4U3, STM32C031G4U6, STM32C031G6U3, STM32C031G6U6, STM32C031K4T3, STM32C031K4T6, STM32C031K4U3, STM32C031K4U6, STM32C031K6T3, STM32C031K6T6, STM32C031K6U3, STM32C031K6U6, STM32C051C6T6, STM32C051C6U6, STM32C051C8T6, STM32C051C8U6, STM32C051D8Y6TR, STM32C051F6P6, STM32C051F8P6, STM32C051G6U6, STM32C051G8U6, STM32C051K6T6, STM32C051K6U6, STM32C051K8T6, STM32C071C8T6, STM32C071C8T6N, STM32C071C8U6, STM32C071C8U6N, STM32C071CBT6, STM32C071CBT6N, STM32C071CBU6, STM32C071CBU6N, STM32C071F8P6, STM32C071F8P6N, STM32C071FBP6, STM32C071FBP6N, STM32C071FBY6TR, STM32C071G8U6, STM32C071G8U6N, STM32C071GBU6, STM32C071GBU6N, STM32C071K8T6, STM32C071K8T6N, STM32C071K8U6, STM32C071K8U6N, STM32C071KBT6, STM32C071KBT6N, STM32C071KBU6, STM32C071KBU6N, STM32C071R8T6, STM32C071R8T6N, STM32C071RBI6N, STM32C071RBT6, STM32C071RBT6N, STM32C091CBT6, STM32C091CBU6, STM32C091CCT6, STM32C091CCU6, STM32C091ECY6TR, STM32C091FBP6, STM32C091FCP6, STM32C091GBU6, STM32C091GCU6, STM32C091KBT6, STM32C091KBU6, STM32C091KCT6, STM32C091KCU6, STM32C091RBT6, STM32C091RCI6, STM32C091RCT6, STM32C092CBT6, STM32C092CBU6, STM32C092CCT6, STM32C092CCU6, STM32C092ECY6TR, STM32C092FBP6, STM32C092FCP6, STM32C092GBU6, STM32C092GCU6, STM32C092KBT6, STM32C092KBU6, STM32C092KCT6, STM32C092KCU6, STM32C092RBT6, STM32C092RCI6, STM32C092RCT6, STM32G071K8TXN, STM32G071K8UXN, STM32G081GBU6N, STM32G081KBT6N, STM32G081KBUXN, STM32G0B1CCT6N, STM32G0B1KCT6, STM32G0B1NEY6TR, STM32G0B1RCT6N, STM32G0C1CCT6, STM32G0C1CCT6N, STM32G0C1CCU6N, STM32G0C1CET6N, STM32G0C1CEU6N, STM32G0C1KCT6, STM32G0C1NEY6TR, STM32G0C1RCI6N, STM32G0C1RCT6N, STM32G0C1REI6N, STM32G0C1RET6N, STM32G0C1VCI6, STM32G0C1VEI6, STM32G411C6T3, STM32G411C6T6, STM32G411C6U3, STM32G411C6U6, STM32G411C8T3, STM32G411C8T6, STM32G411C8U3, STM32G411C8U6, STM32G411CBT3, STM32G411CBT6, STM32G411CBU3, STM32G411CBU6, STM32G411CCT3, STM32G411CCT6, STM32G411CCU3, STM32G411CCU6, STM32G411K6T3, STM32G411K6T6, STM32G411K6U3, STM32G411K6U6, STM32G411K8T3, STM32G411K8T6, STM32G411K8U3, STM32G411K8U6, STM32G411KBT3, STM32G411KBT6, STM32G411KBU3, STM32G411KBU6, STM32G411M6T3, STM32G411M6T6, STM32G411M8T3, STM32G411M8T6, STM32G411MBT3, STM32G411MBT6, STM32G411MCT3, STM32G411MCT6, STM32G411R6T3, STM32G411R6T6, STM32G411R8T3, STM32G411R8T6, STM32G411RBT3, STM32G411RBT6, STM32G411RCT3, STM32G411RCT6, STM32G414CBT3, STM32G414CBT6, STM32G414CBU3, STM32G414CBU6, STM32G414CCT3, STM32G414CCT6, STM32G414CCU3, STM32G414CCU6, STM32G414MBT3, STM32G414MBT6, STM32G414MCT3, STM32G414MCT6, STM32G414RBT3, STM32G414RBT6, STM32G414RCT3, STM32G414RCT6, STM32G414VBT3, STM32G414VBT6, STM32G414VCT3, STM32G414VCT6, STM32G431CBT3Z, STM32G431RBT3Z, STM32G471CCT6, STM32G471CCU6, STM32G471CET3, STM32G471CET6, STM32G471CEU3, STM32G471CEU6, STM32G471MCT6, STM32G471MET3, STM32G471MET6, STM32G471MEY6TR, STM32G471QCT6, STM32G471QET3, STM32G471RCT6, STM32G471RET3, STM32G471RET6, STM32G471VCH6, STM32G471VCI6, STM32G471VCT6, STM32G471VEH3, STM32G471VEH6, STM32G471VEI3, STM32G471VEI6, STM32G471VET3, STM32G471VET6, STM32G473QET3Z, STM32G473RET3Z, STM32G474CCT6, STM32G491RET3Z, STM32H503CBT6, STM32H503CBU6, STM32H503EBY6TR, STM32H503KBU6, STM32H503RBT6, STM32H523CCT6, STM32H523CCU6, STM32H523CET6, STM32H523CEU6, STM32H523HEY6TR, STM32H523RCT6, STM32H523RET6, STM32H523VCI6, STM32H523VCT6, STM32H523VEI6, STM32H523VET6, STM32H523ZCJ6, STM32H523ZCT6, STM32H523ZEJ6, STM32H523ZET6, STM32H533CET6, STM32H533CEU6, STM32H533HEY6TR, STM32H533RET6, STM32H533VEI6, STM32H533VET6, STM32H533ZEJ6, STM32H533ZET6, STM32H562AGI6, STM32H562AII6, STM32H562IGK6, STM32H562IGT6, STM32H562IIK6, STM32H562IIT6, STM32H562RGT6, STM32H562RGV6, STM32H562RIT6, STM32H562RIV6, STM32H562VGT6, STM32H562VIT6, STM32H562ZGT6, STM32H562ZIT6, STM32H563AGI6, STM32H563AII3Q, STM32H563AII6, STM32H563IGK6, STM32H563IGT6, STM32H563IIK3Q, STM32H563IIK6, STM32H563IIT3Q, STM32H563IIT6, STM32H563MIY3QTR, STM32H563RGT6, STM32H563RGV6, STM32H563RIT6, STM32H563RIV6, STM32H563VGT6, STM32H563VIT3Q, STM32H563VIT6, STM32H563ZGT6, STM32H563ZIT3Q, STM32H563ZIT6, STM32H573AII3Q, STM32H573AII6, STM32H573I-DK, STM32H573IIK3Q, STM32H573IIK6, STM32H573IIT3Q, STM32H573IIT6, STM32H573MIY3QTR, STM32H573RIT6, STM32H573RIV6, STM32H573VIT3Q, STM32H573VIT6, STM32H573ZIT3Q, STM32H573ZIT6, STM32H7R3A8I6, STM32H7R3I8K6, STM32H7R3I8T6, STM32H7R3L8H6, STM32H7R3L8H6H, STM32H7R3R8V6, STM32H7R3V8H6, STM32H7R3V8T6, STM32H7R3V8Y6TR, STM32H7R3Z8J6, STM32H7R3Z8T6, STM32H7R7A8I6, STM32H7R7I8K6, STM32H7R7I8T6, STM32H7R7L8H6, STM32H7R7L8H6H, STM32H7R7Z8J6, STM32H7S3A8I6, STM32H7S3I8K6, STM32H7S3I8T6, STM32H7S3L8H6, STM32H7S3L8H6H, STM32H7S3R8V6, STM32H7S3V8H6, STM32H7S3V8T6, STM32H7S3V8Y6TR, STM32H7S3Z8J6, STM32H7S3Z8T6, STM32H7S78-DK, STM32H7S7A8I6, STM32H7S7I8K6, STM32H7S7I8T6, STM32H7S7L8H6, STM32H7S7L8H6H, STM32H7S7Z8J6, STM32L4R5QGI6STR, STM32MP131AAE3, STM32MP131AAF3, STM32MP131AAG3, STM32MP131CAE3, STM32MP131CAF3, STM32MP131CAG3, STM32MP131DAE7, STM32MP131DAF7, STM32MP131DAG7, STM32MP131FAE7, STM32MP131FAF7, STM32MP131FAG7, STM32MP133AAE3, STM32MP133AAF3, STM32MP133AAG3, STM32MP133CAE3, STM32MP133CAF3, STM32MP133CAG3, STM32MP133DAE7, STM32MP133DAF7, STM32MP133DAG7, STM32MP133FAE7, STM32MP133FAF7, STM32MP133FAG7, STM32MP135AAE3, STM32MP135AAF3, STM32MP135AAG3, STM32MP135CAE3, STM32MP135CAF3, STM32MP135CAG3, STM32MP135DAE7, STM32MP135DAF7, STM32MP135DAG7, STM32MP135F-DK, STM32MP135FAE7, STM32MP135FAF7, STM32MP135FAF7T, STM32MP135FAF7U, STM32MP135FAG7, STM32MP231AAJ3, STM32MP231AAK3, STM32MP231AAL3, STM32MP231CAJ3, STM32MP231CAK3, STM32MP231CAL3, STM32MP231DAJ3, STM32MP231DAK3, STM32MP231DAL3, STM32MP231FAJ3, STM32MP231FAK3, STM32MP231FAL3, STM32MP233AAJ3, STM32MP233AAK3, STM32MP233AAL3, STM32MP233CAJ3, STM32MP233CAK3, STM32MP233CAL3, STM32MP233DAJ3, STM32MP233DAK3, STM32MP233DAL3, STM32MP233FAJ3, STM32MP233FAK3, STM32MP233FAL3, STM32MP235AAJ3, STM32MP235AAK3, STM32MP235AAL3, STM32MP235CAJ3, STM32MP235CAK3, STM32MP235CAL3, STM32MP235DAJ3, STM32MP235DAK3, STM32MP235DAL3, STM32MP235FAJ3, STM32MP235FAK3, STM32MP235FAL3, STM32MP251AAI3, STM32MP251AAJ3, STM32MP251AAK3, STM32MP251AAL3, STM32MP251CAI3, STM32MP251CAJ3, STM32MP251CAK3, STM32MP251CAL3, STM32MP251DAI3, STM32MP251DAJ3, STM32MP251DAK3, STM32MP251DAL3, STM32MP251FAI3, STM32MP251FAJ3, STM32MP251FAK3, STM32MP251FAL3, STM32MP253AAI3, STM32MP253AAJ3, STM32MP253AAK3, STM32MP253AAL3, STM32MP253CAI3, STM32MP253CAJ3, STM32MP253CAK3, STM32MP253CAL3, STM32MP253DAI3, STM32MP253DAJ3, STM32MP253DAK3, STM32MP253DAL3, STM32MP253FAI3, STM32MP253FAJ3, STM32MP253FAK3, STM32MP253FAL3, STM32MP255AAI3, STM32MP255AAJ3, STM32MP255AAK3, STM32MP255AAL3, STM32MP255CAI3, STM32MP255CAJ3, STM32MP255CAK3, STM32MP255CAL3, STM32MP255DAI3, STM32MP255DAJ3, STM32MP255DAK3, STM32MP255DAL3, STM32MP255FAI3, STM32MP255FAJ3, STM32MP255FAK3, STM32MP255FAL3, STM32MP257AAI3, STM32MP257AAJ3, STM32MP257AAK3, STM32MP257AAL3, STM32MP257CAI3, STM32MP257CAJ3, STM32MP257CAK3, STM32MP257CAL3, STM32MP257DAI3, STM32MP257DAJ3, STM32MP257DAK3, STM32MP257DAL3, STM32MP257F-DK, STM32MP257F-EV1, STM32MP257FAI3, STM32MP257FAJ3, STM32MP257FAK3, STM32MP257FAL3, STM32N645A0H3Q, STM32N645B0H3Q, STM32N645I0H3Q, STM32N645L0H3Q, STM32N645X0H3Q, STM32N645Z0H3Q, STM32N647A0H3Q, STM32N647B0H3Q, STM32N647I0H3Q, STM32N647L0H3Q, STM32N647X0H3Q, STM32N647Z0H3Q, STM32N655A0H3Q, STM32N655B0H3Q, STM32N655I0H3Q, STM32N655L0H3Q, STM32N655X0H3Q, STM32N655Z0H3Q, STM32N6570-DK, STM32N657A0H3Q, STM32N657B0H3Q, STM32N657I0H3Q, STM32N657L0H3Q, STM32N657X0H3Q, STM32N657Z0H3Q, STM32U031C6T6, STM32U031C6U6, STM32U031C8T6, STM32U031C8U6, STM32U031F4P6, STM32U031F6P6, STM32U031F8P6, STM32U031G6Y6TR, STM32U031G8Y6TR, STM32U031K4U6, STM32U031K6U6, STM32U031K8U6, STM32U031R6I6, STM32U031R6T6, STM32U031R8I6, STM32U031R8T6, STM32U073C8T6, STM32U073C8U6, STM32U073CBT6, STM32U073CBU6, STM32U073CCT6, STM32U073CCU6, STM32U073H8Y6TR, STM32U073HBY6TR, STM32U073HCY6TR, STM32U073K8U6, STM32U073KBU6, STM32U073KCU6, STM32U073M8I6, STM32U073M8T6, STM32U073MBI6, STM32U073MBT6, STM32U073MCI6, STM32U073MCT6, STM32U073R8I6, STM32U073R8T6, STM32U073RBI6, STM32U073RBT6, STM32U073RCI6, STM32U073RCT6, STM32U083C-DK, STM32U083CCT6, STM32U083CCU6, STM32U083HCY6TR, STM32U083KCU6, STM32U083MCI6, STM32U083MCT6, STM32U083RCI6, STM32U083RCT6, STM32U375CET6, STM32U375CET6Q, STM32U375CEU6, STM32U375CEU6Q, STM32U375CEY6QTR, STM32U375CGT6, STM32U375CGT6Q, STM32U375CGU6, STM32U375CGU6Q, STM32U375CGY6QTR, STM32U375KEU6, STM32U375KGU6, STM32U375REI6, STM32U375REI6Q, STM32U375RET6, STM32U375RET6Q, STM32U375REY6GTR, STM32U375REY6QTR, STM32U375RGI6, STM32U375RGI6Q, STM32U375RGT6, STM32U375RGT6Q, STM32U375RGY6GTR, STM32U375RGY6QTR, STM32U375VEI6, STM32U375VEI6Q, STM32U375VET6, STM32U375VET6Q, STM32U375VGI6, STM32U375VGI6Q, STM32U375VGT6, STM32U375VGT6Q, STM32U385CGT6, STM32U385CGT6Q, STM32U385CGU6, STM32U385CGU6Q, STM32U385CGY6QTR, STM32U385KGU6, STM32U385RGI6, STM32U385RGI6Q, STM32U385RGT6, STM32U385RGT6Q, STM32U385RGY6GTR, STM32U385RGY6QTR, STM32U385VGI6, STM32U385VGI6Q, STM32U385VGT6, STM32U385VGT6Q, STM32U535CBT6, STM32U535CBT6Q, STM32U535CBU6, STM32U535CBU6Q, STM32U535CCT6, STM32U535CCT6Q, STM32U535CCU6, STM32U535CCU6Q, STM32U535CET6, STM32U535CET6Q, STM32U535CEU6, STM32U535CEU6Q, STM32U535JEY6QTR, STM32U535NCY6QTR, STM32U535NEY6QTR, STM32U535RBI6, STM32U535RBI6Q, STM32U535RBT6, STM32U535RBT6Q, STM32U535RCI6, STM32U535RCI6Q, STM32U535RCT6, STM32U535RCT6Q, STM32U535REI6, STM32U535REI6Q, STM32U535RET6, STM32U535RET6Q, STM32U535VCI6, STM32U535VCI6Q, STM32U535VCT6, STM32U535VCT6Q, STM32U535VEI6, STM32U535VEI6Q, STM32U535VET6, STM32U535VET6Q, STM32U545CET6, STM32U545CET6Q, STM32U545CEU6, STM32U545CEU6Q, STM32U545JEY6QTR, STM32U545NEY6QTR, STM32U545REI6, STM32U545REI6Q, STM32U545RET6, STM32U545RET6Q, STM32U545VEI6, STM32U545VEI6Q, STM32U545VET6, STM32U545VET6Q, STM32U595AIH6, STM32U595AIH6Q, STM32U595AJH6, STM32U595AJH6Q, STM32U595QII6, STM32U595QII6Q, STM32U595QJI6, STM32U595QJI6Q, STM32U595RIT6, STM32U595RIT6Q, STM32U595RJT6, STM32U595RJT6Q, STM32U595VIT6, STM32U595VIT6Q, STM32U595VJT6, STM32U595VJT6Q, STM32U595ZIT6, STM32U595ZIT6Q, STM32U595ZIY6QTR, STM32U595ZJT6, STM32U595ZJT6Q, STM32U595ZJY6QTR, STM32U599BJY6QTR, STM32U599NIH6Q, STM32U599NJH6Q, STM32U599VIT6Q, STM32U599VJT6, STM32U599VJT6Q, STM32U599ZIT6Q, STM32U599ZIY6QTR, STM32U599ZJT6Q, STM32U599ZJY6QTR, STM32U5A5AJH6, STM32U5A5AJH6Q, STM32U5A5QII3Q , STM32U5A5QJI6, STM32U5A5QJI6Q, STM32U5A5RJT6, STM32U5A5RJT6Q, STM32U5A5VJT6, STM32U5A5VJT6Q, STM32U5A5ZJT6, STM32U5A5ZJT6Q, STM32U5A5ZJY6QTR, STM32U5A9BJY6QTR, STM32U5A9J-DK, STM32U5A9NJH6Q, STM32U5A9VJT6Q, STM32U5A9ZJT6Q, STM32U5A9ZJY6QTR, STM32U5F7VIT6, STM32U5F7VIT6Q, STM32U5F7VJT6, STM32U5F7VJT6Q, STM32U5F9BJY6QTR, STM32U5F9NJH6Q, STM32U5F9VIT6Q, STM32U5F9VJT6Q, STM32U5F9ZIJ6QTR, STM32U5F9ZIT6Q, STM32U5F9ZJJ6QTR, STM32U5F9ZJT6Q, STM32U5G7VJT6, STM32U5G7VJT6Q, STM32U5G9BJY6QTR, STM32U5G9J-DK1, STM32U5G9J-DK2, STM32U5G9NJH6Q, STM32U5G9VJT6Q, STM32U5G9ZJJ6QTR, STM32U5G9ZJT6Q, STM32WB05KZV6TR, STM32WB05KZV7TR, STM32WB05TZF6TR, STM32WB05TZF7TR, STM32WB06CCF6TR, STM32WB06CCF7TR, STM32WB06CCV6TR, STM32WB06CCV7TR, STM32WB06KCV6TR, STM32WB06KCV7TR, STM32WB07CCF6TR, STM32WB07CCF7TR, STM32WB07CCV6TR, STM32WB07CCV7TR, STM32WB07KCV6TR, STM32WB07KCV7TR, STM32WB09KEV6TR, STM32WB09KEV7TR, STM32WB09TEF6TR, STM32WB09TEF7TR, STM32WB1MMCH6, STM32WBA50KGU6, STM32WBA50KGU6TR, STM32WBA52CEU6, STM32WBA52CEU6TR, STM32WBA52CEU7, STM32WBA52CEU7TR, STM32WBA52CGU6, STM32WBA52CGU6TR, STM32WBA52CGU6U, STM32WBA52CGU7, STM32WBA52CGU7TR, STM32WBA52KEU6, STM32WBA52KEU6TR, STM32WBA52KGU6, STM32WBA52KGU6TR, STM32WBA54CEU6, STM32WBA54CEU6TR, STM32WBA54CEU7, STM32WBA54CEU7TR, STM32WBA54CGU6, STM32WBA54CGU6TR, STM32WBA54CGU7, STM32WBA54CGU7TR, STM32WBA54KEU6, STM32WBA54KEU6TR, STM32WBA54KEU7, STM32WBA54KEU7TR, STM32WBA54KGU6, STM32WBA54KGU6TR, STM32WBA54KGU7, STM32WBA54KGU7TR, STM32WBA55CEU6, STM32WBA55CEU6TR, STM32WBA55CEU7, STM32WBA55CEU7TR, STM32WBA55CGU6, STM32WBA55CGU6TR, STM32WBA55CGU6U, STM32WBA55CGU7, STM32WBA55CGU7TR, STM32WBA55G-DK1, STM32WBA55HEF6, STM32WBA55HEF7, STM32WBA55HGF6, STM32WBA55HGF7, STM32WBA55UEI6, STM32WBA55UEI6TR, STM32WBA55UEI7, STM32WBA55UEI7TR, STM32WBA55UGI6, STM32WBA55UGI6TR, STM32WBA55UGI7, STM32WBA55UGI7TR, STM32WBA5MJGH6TR, STM32WBA62CGU6, STM32WBA62CIU6, STM32WBA62MGF6, STM32WBA62MIF6, STM32WBA62PGI6, STM32WBA62PII6, STM32WBA63CGU6, STM32WBA63CGU7, STM32WBA63CIU6, STM32WBA63CIU7, STM32WBA64CGU6, STM32WBA64CGU7, STM32WBA64CIU6, STM32WBA64CIU7, STM32WBA65CGU6, STM32WBA65CGU7, STM32WBA65CIU6, STM32WBA65CIU7, STM32WBA65I-DK1, STM32WBA65MGF6, STM32WBA65MGF7, STM32WBA65MIF6, STM32WBA65MIF7, STM32WBA65PGI6, STM32WBA65PGI7, STM32WBA65PII6, STM32WBA65PII7, STM32WBA65RGV6, STM32WBA65RGV7, STM32WBA65RIV6, STM32WBA65RIV7, STM32WL30K8V6, STM32WL30KBV6, STM32WL31C8V6, STM32WL31CBV6, STM32WL31K8V6, STM32WL31KBV6, STM32WL33C8V6, STM32WL33C8V6TR, STM32WL33C8V7, STM32WL33C8V7TR, STM32WL33CBV6, STM32WL33CBV6TR, STM32WL33CBV7, STM32WL33CBV7TR, STM32WL33CCV6, STM32WL33CCV6TR, STM32WL33CCV7, STM32WL33CCV7A, STM32WL33CCV7ATR, STM32WL33CCV7TR, STM32WL33K8V6, STM32WL33K8V6TR, STM32WL33K8V7, STM32WL33K8V7TR, STM32WL33KBV6, STM32WL33KBV6TR, STM32WL33KBV7, STM32WL33KBV7TR, STM32WL33KCV6, STM32WL33KCV6TR, STM32WL33KCV7, STM32WL33KCV7TR, STM32WL5MOCH6, STM32WL5MOCH6TR]
2026-06-02 11:51:15,911 [INFO] BoardInfo:889 - No configuration file found for board NUCLEO-H5E5ZJ
2026-06-02 11:51:15,913 [INFO] DbBoards:161 - Board is not supported: NUCLEO-H5E5ZJ
2026-06-02 11:51:16,116 [INFO] BoardInfo:889 - No configuration file found for board NUCLEO-U3C5ZI-Q
2026-06-02 11:51:16,119 [INFO] DbBoards:161 - Board is not supported: NUCLEO-U3C5ZI-Q
2026-06-02 11:51:16,159 [INFO] BoardInfo:889 - No configuration file found for board NUCLEO-WBA25CE1
2026-06-02 11:51:16,162 [INFO] DbBoards:161 - Board is not supported: NUCLEO-WBA25CE1
2026-06-02 11:51:16,187 [INFO] BoardInfo:889 - No configuration file found for board NUCLEO-WL3RKB1
2026-06-02 11:51:16,189 [INFO] DbBoards:161 - Board is not supported: NUCLEO-WL3RKB1
2026-06-02 11:51:16,191 [INFO] BoardInfo:889 - No configuration file found for board NUCLEO-WL3RKB2
2026-06-02 11:51:16,193 [INFO] DbBoards:161 - Board is not supported: NUCLEO-WL3RKB2
2026-06-02 11:51:16,217 [INFO] BoardInfo:889 - No configuration file found for board P-NUCLEO-WB55
2026-06-02 11:51:16,219 [INFO] DbBoards:161 - Kit is not supported: P-NUCLEO-WB55
2026-06-02 11:51:16,237 [INFO] BoardInfo:889 - No configuration file found for board STEVAL-BFA001V1B
2026-06-02 11:51:16,240 [INFO] DbBoards:161 - Kit is not supported: STEVAL-BFA001V1B
2026-06-02 11:51:16,241 [INFO] BoardInfo:889 - No configuration file found for board STEVAL-BFA001V2B
2026-06-02 11:51:16,245 [INFO] DbBoards:161 - Kit is not supported: STEVAL-BFA001V2B
2026-06-02 11:51:16,529 [INFO] BoardInfo:889 - No configuration file found for board STM32H5F5J-DK
2026-06-02 11:51:16,533 [INFO] DbBoards:161 - Board is not supported: STM32H5F5J-DK
2026-06-02 11:51:16,688 [INFO] BoardInfo:889 - No configuration file found for board STM32MP215F-DK
2026-06-02 11:51:16,691 [INFO] DbBoards:161 - Board is not supported: STM32MP215F-DK
2026-06-02 11:51:16,746 [INFO] DbBoards:168 - Found 218 boards, 208 are supported
2026-06-02 11:51:16,747 [INFO] DbBoards:169 - Found 218 boards, 43 of them is supported for  Bsp
2026-06-02 11:51:16,754 [INFO] ApiDb:423 - Load user favorites file C:\Users\hp/.stm32cubeide/favorites.boards.txt: 1 item(s)
2026-06-02 11:51:16,754 [INFO] ApiDb:427 - User favorites Boards=[STM32F407G-DISC1]
2026-06-02 11:51:16,754 [INFO] DbBoards:198 - Set 1 / 1 favorites Boards
2026-06-02 11:51:16,827 [ERROR] TargetSelectorAdapter:267 - Unable to refresh data
2026-06-02 11:51:16,915 [INFO] McuFinderGlobals:76 - Set McuFinderConnectedMode to true
2026-06-02 11:51:16,922 [INFO] MultiScanPanel:200 - Auto-refresh data requested => check proxy status ongoing
2026-06-02 11:51:16,924 [INFO] FinderPluginLoader:95 - Searching for filters in installed packs
2026-06-02 11:51:20,705 [INFO] LoadUrlFilesThread:185 - End of LoadServerUrlFiles without Thread
2026-06-02 11:51:20,706 [INFO] DetailPanel:341 - Set advertising image to C:/Users/hp/STM32Cube/Repository/\en.prom-stm32wl3r-0526.jpg
2026-06-02 11:51:26,892 [INFO] MultiScanPanel:200 - Auto-refresh data requested => check proxy status ongoing
2026-06-02 11:51:27,069 [INFO] LoadUrlFilesThread:185 - End of LoadServerUrlFiles without Thread
2026-06-02 11:51:27,070 [INFO] DetailPanel:341 - Set advertising image to C:/Users/hp/STM32Cube/Repository/\en.prom-stm32wl3r-0526.jpg
2026-06-02 11:51:27,083 [INFO] DbBoards:642 - Loading board mini-images...
2026-06-02 11:51:30,709 [INFO] DbBoards:665 - Loaded 218 board mini-images
2026-06-02 11:51:50,813 [INFO] McuFinderGlobals:76 - Set McuFinderConnectedMode to true
2026-06-02 11:51:50,819 [INFO] ApiDb:448 - Save user favorites file C:\Users\hp/.stm32cubeide/favorites.mcus.txt: 0 item(s)
2026-06-02 11:51:50,819 [INFO] ApiDb:452 - User favorites MCUs=[]
2026-06-02 11:51:50,822 [INFO] ApiDb:448 - Save user favorites file C:\Users\hp/.stm32cubeide/favorites.boards.txt: 1 item(s)
2026-06-02 11:51:50,823 [INFO] ApiDb:452 - User favorites Boards=[STM32F407G-DISC1]
2026-06-02 12:47:38,942 [INFO] WebApp:194 - Connection lost
2026-06-02 12:47:39,434 [INFO] WebApp:191 - Connection restablished
2026-06-02 13:47:56,701 [INFO] WebApp:194 - Connection lost
2026-06-02 13:48:04,437 [INFO] WebApp:191 - Connection restablished
2026-06-02 14:24:38,645 [INFO] MainUpdater:2872 - connection check result : 10
2026-06-02 14:24:38,648 [INFO] McuFinderGlobals:76 - Set McuFinderConnectedMode to true
2026-06-02 14:24:39,269 [INFO] ServerAccessManage:473 - Download File mcusAds.json._tmp_
2026-06-02 14:24:39,704 [INFO] LoadUrlFilesThread:156 - End of LoadUrlFiles Thread
2026-06-02 14:24:39,911 [INFO] ServerAccessManage:473 - Download File cube-finder-db.zip
2026-06-02 14:24:43,551 [INFO] FileExtend:242 - Unzip File : cube-finder-db.zip
2026-06-02 14:24:43,552 [INFO] FileExtend:257 - Standard Zip Deflate
2026-06-02 14:24:45,179 [INFO] LoadUrlFilesThread:156 - End of LoadUrlFiles Thread
2026-06-02 14:24:46,115 [INFO] ServerAccessManage:473 - Download File crdb.zip
2026-06-02 14:24:47,043 [INFO] FileExtend:242 - Unzip File : crdb.zip
2026-06-02 14:24:47,043 [INFO] FileExtend:257 - Standard Zip Deflate
2026-06-02 14:24:47,225 [INFO] LoadUrlFilesThread:156 - End of LoadUrlFiles Thread
2026-06-02 14:24:47,356 [INFO] ServerAccessManage:473 - Download File tutoVideoDB.zip
2026-06-02 14:24:47,372 [INFO] FileExtend:242 - Unzip File : tutoVideoDB.zip
2026-06-02 14:24:47,373 [INFO] FileExtend:257 - Standard Zip Deflate
2026-06-02 14:24:47,530 [INFO] LoadUrlFilesThread:156 - End of LoadUrlFiles Thread
2026-06-02 14:24:47,532 [WARN] DbFile:41 - Overriding database path with different value: C:\Users\hp\.stmcufinder\plugins\mcufinder/ => C:\Users\hp\.stmcufinder\plugins\mcufinder
2026-06-02 14:24:48,110 [ERROR] ServerAccessManage:1089 - Problem, file not found on Server
2026-06-02 14:24:48,111 [ERROR] ServerAccessManage:651 - Problem, file not found on Server : api_config.json.
2026-06-02 14:24:49,960 [INFO] LoadUrlFilesThread:156 - End of LoadUrlFiles Thread
2026-06-02 14:24:51,417 [INFO] DbMcusAds:53 - JSON generation date=Thu May 28 21:38:17 IST 2026 (1779984497073)
2026-06-02 14:24:51,425 [INFO] ApiDb:448 - Save user favorites file C:\Users\hp/.stm32cubeide/favorites.mcus.txt: 0 item(s)
2026-06-02 14:24:51,426 [INFO] ApiDb:452 - User favorites MCUs=[]
2026-06-02 14:24:51,453 [INFO] ApiDb:581 - Connected to CubeFinder SQLite database (C:\Users\hp\.stmcufinder\plugins\mcufinder\mcu\cube-finder-db.db)
2026-06-02 14:24:51,569 [INFO] ApiDb:668 - CubeFinder database Data Model version=2.1
2026-06-02 14:24:51,569 [INFO] ApiDb:669 - CubeFinder database Configuration version=3.0.42
2026-06-02 14:24:51,569 [INFO] ApiDb:670 - CubeFinder database generation date=2026-05-06 (1778060171)
2026-06-02 14:24:51,569 [INFO] ApiDb:671 - CubeFinder database FW Pack versions=[FP-ATR-ASTRA1_V2.0.0, FP-SNS-FLIGHT1_V5.1.0, FP-SNS-MOTENV1_V5.1.0, FP-SNS-MOTENVWB1_V1.5.0, FP-SNS-SMARTAG2_V1.2.0, FP-SNS-STBOX1_V2.1.0, STM32Cube_FW_C0_V1.4.0, STM32Cube_FW_F4_V1.28.3, STM32Cube_FW_F7_V1.17.4, STM32Cube_FW_G0_V1.6.3, STM32Cube_FW_G4_V1.6.2, STM32Cube_FW_H5_V1.6.0, STM32Cube_FW_H7RS_V1.3.0, STM32Cube_FW_H7_V1.13.0, STM32Cube_FW_L0_V1.12.2, STM32Cube_FW_L4_V1.18.2, STM32Cube_FW_L5_V1.6.0, STM32Cube_FW_N6_V1.3.0, STM32Cube_FW_U0_V1.3.0, STM32Cube_FW_U3_V1.3.0, STM32Cube_FW_U5_V1.8.0, STM32Cube_FW_WB0_V1.4.0, STM32Cube_FW_WBA_V1.9.0, STM32Cube_FW_WB_V1.24.0, STM32Cube_FW_WL3_V1.4.0, STM32Cube_FW_WL_V1.5.0, X-CUBE-ALGOBUILD_V1.4.0, X-CUBE-ALS_V1.0.2, X-CUBE-AZRTOS-F4_V1.1.0, X-CUBE-AZRTOS-F7_V1.1.0, X-CUBE-AZRTOS-G0_V1.1.0, X-CUBE-AZRTOS-G4_V2.0.0, X-CUBE-AZRTOS-H7RS_V1.1.0, X-CUBE-AZRTOS-H7_V3.5.0, X-CUBE-AZRTOS-L4_V2.0.0, X-CUBE-AZRTOS-L5_V2.0.0, X-CUBE-AZRTOS-WB_V2.0.0, X-CUBE-AZRTOS-WL_V2.0.0, X-CUBE-BLE1_V7.1.0, X-CUBE-BLE2_V3.3.0, X-CUBE-BLEMGR_V4.1.0, X-CUBE-EEPRMA1_V5.2.0, X-CUBE-FREERTOS_V1.5.0, X-CUBE-GNSS1_V6.0.0, X-CUBE-MEMS1_V12.0.0, X-CUBE-NFC4_V3.0.0, X-CUBE-NFC7_V2.0.0, X-CUBE-SFXS2LP1_V4.0.0, X-CUBE-ST67W61_V1.2.0, X-CUBE-SUBG2_V5.0.0, X-CUBE-TOF1_V3.4.3]
2026-06-02 14:24:54,770 [INFO] ApiDb:240 - Found 895 in-development CPN: [B-G473E-ZEST1S, B-WB1M-WPAN1, B-WBA5M-WPAN, B-WL5M-SUBG1, NUCLEO-C031C6, NUCLEO-C051C8, NUCLEO-C071RB, NUCLEO-C092RC, NUCLEO-H503RB, NUCLEO-H533RE, NUCLEO-H563ZI, NUCLEO-H7S3L8, NUCLEO-N657X0-Q, NUCLEO-U031R8, NUCLEO-U083RC, NUCLEO-U385RG-Q, NUCLEO-U545RE-Q, NUCLEO-U5A5ZJ-Q, NUCLEO-WB05KZ, NUCLEO-WB07CC, NUCLEO-WB09KE, NUCLEO-WBA52CG, NUCLEO-WBA55CG, NUCLEO-WBA65RI, NUCLEO-WL33CC1, NUCLEO-WL33CC2, STEVAL-PROTEUS1, STEVAL-SMARTAG2, STEVAL-STWINBX1, STM320518-EVAL, STM32C0116-DK, STM32C011D6Y3TR, STM32C011D6Y6TR, STM32C011F4P3, STM32C011F4P6, STM32C011F4U3, STM32C011F4U6TR, STM32C011F6P3, STM32C011F6P6, STM32C011F6U3, STM32C011F6U6TR, STM32C011J4M3, STM32C011J4M6, STM32C011J6M3, STM32C011J6M6, STM32C0316-DK, STM32C031C4T3, STM32C031C4T6, STM32C031C4U3, STM32C031C4U6, STM32C031C6T3, STM32C031C6T6, STM32C031C6U3, STM32C031C6U6, STM32C031F4P3, STM32C031F4P6, STM32C031F6P3, STM32C031F6P6, STM32C031G4U3, STM32C031G4U6, STM32C031G6U3, STM32C031G6U6, STM32C031K4T3, STM32C031K4T6, STM32C031K4U3, STM32C031K4U6, STM32C031K6T3, STM32C031K6T6, STM32C031K6U3, STM32C031K6U6, STM32C051C6T6, STM32C051C6U6, STM32C051C8T6, STM32C051C8U6, STM32C051D8Y6TR, STM32C051F6P6, STM32C051F8P6, STM32C051G6U6, STM32C051G8U6, STM32C051K6T6, STM32C051K6U6, STM32C051K8T6, STM32C071C8T6, STM32C071C8T6N, STM32C071C8U6, STM32C071C8U6N, STM32C071CBT6, STM32C071CBT6N, STM32C071CBU6, STM32C071CBU6N, STM32C071F8P6, STM32C071F8P6N, STM32C071FBP6, STM32C071FBP6N, STM32C071FBY6TR, STM32C071G8U6, STM32C071G8U6N, STM32C071GBU6, STM32C071GBU6N, STM32C071K8T6, STM32C071K8T6N, STM32C071K8U6, STM32C071K8U6N, STM32C071KBT6, STM32C071KBT6N, STM32C071KBU6, STM32C071KBU6N, STM32C071R8T6, STM32C071R8T6N, STM32C071RBI6N, STM32C071RBT6, STM32C071RBT6N, STM32C091CBT6, STM32C091CBU6, STM32C091CCT6, STM32C091CCU6, STM32C091ECY6TR, STM32C091FBP6, STM32C091FCP6, STM32C091GBU6, STM32C091GCU6, STM32C091KBT6, STM32C091KBU6, STM32C091KCT6, STM32C091KCU6, STM32C091RBT6, STM32C091RCI6, STM32C091RCT6, STM32C092CBT6, STM32C092CBU6, STM32C092CCT6, STM32C092CCU6, STM32C092ECY6TR, STM32C092FBP6, STM32C092FCP6, STM32C092GBU6, STM32C092GCU6, STM32C092KBT6, STM32C092KBU6, STM32C092KCT6, STM32C092KCU6, STM32C092RBT6, STM32C092RCI6, STM32C092RCT6, STM32G071K8TXN, STM32G071K8UXN, STM32G081GBU6N, STM32G081KBT6N, STM32G081KBUXN, STM32G0B1CCT6N, STM32G0B1KCT6, STM32G0B1NEY6TR, STM32G0B1RCT6N, STM32G0C1CCT6, STM32G0C1CCT6N, STM32G0C1CCU6N, STM32G0C1CET6N, STM32G0C1CEU6N, STM32G0C1KCT6, STM32G0C1NEY6TR, STM32G0C1RCI6N, STM32G0C1RCT6N, STM32G0C1REI6N, STM32G0C1RET6N, STM32G0C1VCI6, STM32G0C1VEI6, STM32G411C6T3, STM32G411C6T6, STM32G411C6U3, STM32G411C6U6, STM32G411C8T3, STM32G411C8T6, STM32G411C8U3, STM32G411C8U6, STM32G411CBT3, STM32G411CBT6, STM32G411CBU3, STM32G411CBU6, STM32G411CCT3, STM32G411CCT6, STM32G411CCU3, STM32G411CCU6, STM32G411K6T3, STM32G411K6T6, STM32G411K6U3, STM32G411K6U6, STM32G411K8T3, STM32G411K8T6, STM32G411K8U3, STM32G411K8U6, STM32G411KBT3, STM32G411KBT6, STM32G411KBU3, STM32G411KBU6, STM32G411M6T3, STM32G411M6T6, STM32G411M8T3, STM32G411M8T6, STM32G411MBT3, STM32G411MBT6, STM32G411MCT3, STM32G411MCT6, STM32G411R6T3, STM32G411R6T6, STM32G411R8T3, STM32G411R8T6, STM32G411RBT3, STM32G411RBT6, STM32G411RCT3, STM32G411RCT6, STM32G414CBT3, STM32G414CBT6, STM32G414CBU3, STM32G414CBU6, STM32G414CCT3, STM32G414CCT6, STM32G414CCU3, STM32G414CCU6, STM32G414MBT3, STM32G414MBT6, STM32G414MCT3, STM32G414MCT6, STM32G414RBT3, STM32G414RBT6, STM32G414RCT3, STM32G414RCT6, STM32G414VBT3, STM32G414VBT6, STM32G414VCT3, STM32G414VCT6, STM32G431CBT3Z, STM32G431RBT3Z, STM32G471CCT6, STM32G471CCU6, STM32G471CET3, STM32G471CET6, STM32G471CEU3, STM32G471CEU6, STM32G471MCT6, STM32G471MET3, STM32G471MET6, STM32G471MEY6TR, STM32G471QCT6, STM32G471QET3, STM32G471RCT6, STM32G471RET3, STM32G471RET6, STM32G471VCH6, STM32G471VCI6, STM32G471VCT6, STM32G471VEH3, STM32G471VEH6, STM32G471VEI3, STM32G471VEI6, STM32G471VET3, STM32G471VET6, STM32G473QET3Z, STM32G473RET3Z, STM32G474CCT6, STM32G491RET3Z, STM32H503CBT6, STM32H503CBU6, STM32H503EBY6TR, STM32H503KBU6, STM32H503RBT6, STM32H523CCT6, STM32H523CCU6, STM32H523CET6, STM32H523CEU6, STM32H523HEY6TR, STM32H523RCT6, STM32H523RET6, STM32H523VCI6, STM32H523VCT6, STM32H523VEI6, STM32H523VET6, STM32H523ZCJ6, STM32H523ZCT6, STM32H523ZEJ6, STM32H523ZET6, STM32H533CET6, STM32H533CEU6, STM32H533HEY6TR, STM32H533RET6, STM32H533VEI6, STM32H533VET6, STM32H533ZEJ6, STM32H533ZET6, STM32H562AGI6, STM32H562AII6, STM32H562IGK6, STM32H562IGT6, STM32H562IIK6, STM32H562IIT6, STM32H562RGT6, STM32H562RGV6, STM32H562RIT6, STM32H562RIV6, STM32H562VGT6, STM32H562VIT6, STM32H562ZGT6, STM32H562ZIT6, STM32H563AGI6, STM32H563AII3Q, STM32H563AII6, STM32H563IGK6, STM32H563IGT6, STM32H563IIK3Q, STM32H563IIK6, STM32H563IIT3Q, STM32H563IIT6, STM32H563MIY3QTR, STM32H563RGT6, STM32H563RGV6, STM32H563RIT6, STM32H563RIV6, STM32H563VGT6, STM32H563VIT3Q, STM32H563VIT6, STM32H563ZGT6, STM32H563ZIT3Q, STM32H563ZIT6, STM32H573AII3Q, STM32H573AII6, STM32H573I-DK, STM32H573IIK3Q, STM32H573IIK6, STM32H573IIT3Q, STM32H573IIT6, STM32H573MIY3QTR, STM32H573RIT6, STM32H573RIV6, STM32H573VIT3Q, STM32H573VIT6, STM32H573ZIT3Q, STM32H573ZIT6, STM32H7R3A8I6, STM32H7R3I8K6, STM32H7R3I8T6, STM32H7R3L8H6, STM32H7R3L8H6H, STM32H7R3R8V6, STM32H7R3V8H6, STM32H7R3V8T6, STM32H7R3V8Y6TR, STM32H7R3Z8J6, STM32H7R3Z8T6, STM32H7R7A8I6, STM32H7R7I8K6, STM32H7R7I8T6, STM32H7R7L8H6, STM32H7R7L8H6H, STM32H7R7Z8J6, STM32H7S3A8I6, STM32H7S3I8K6, STM32H7S3I8T6, STM32H7S3L8H6, STM32H7S3L8H6H, STM32H7S3R8V6, STM32H7S3V8H6, STM32H7S3V8T6, STM32H7S3V8Y6TR, STM32H7S3Z8J6, STM32H7S3Z8T6, STM32H7S78-DK, STM32H7S7A8I6, STM32H7S7I8K6, STM32H7S7I8T6, STM32H7S7L8H6, STM32H7S7L8H6H, STM32H7S7Z8J6, STM32L4R5QGI6STR, STM32MP131AAE3, STM32MP131AAF3, STM32MP131AAG3, STM32MP131CAE3, STM32MP131CAF3, STM32MP131CAG3, STM32MP131DAE7, STM32MP131DAF7, STM32MP131DAG7, STM32MP131FAE7, STM32MP131FAF7, STM32MP131FAG7, STM32MP133AAE3, STM32MP133AAF3, STM32MP133AAG3, STM32MP133CAE3, STM32MP133CAF3, STM32MP133CAG3, STM32MP133DAE7, STM32MP133DAF7, STM32MP133DAG7, STM32MP133FAE7, STM32MP133FAF7, STM32MP133FAG7, STM32MP135AAE3, STM32MP135AAF3, STM32MP135AAG3, STM32MP135CAE3, STM32MP135CAF3, STM32MP135CAG3, STM32MP135DAE7, STM32MP135DAF7, STM32MP135DAG7, STM32MP135F-DK, STM32MP135FAE7, STM32MP135FAF7, STM32MP135FAF7T, STM32MP135FAF7U, STM32MP135FAG7, STM32MP231AAJ3, STM32MP231AAK3, STM32MP231AAL3, STM32MP231CAJ3, STM32MP231CAK3, STM32MP231CAL3, STM32MP231DAJ3, STM32MP231DAK3, STM32MP231DAL3, STM32MP231FAJ3, STM32MP231FAK3, STM32MP231FAL3, STM32MP233AAJ3, STM32MP233AAK3, STM32MP233AAL3, STM32MP233CAJ3, STM32MP233CAK3, STM32MP233CAL3, STM32MP233DAJ3, STM32MP233DAK3, STM32MP233DAL3, STM32MP233FAJ3, STM32MP233FAK3, STM32MP233FAL3, STM32MP235AAJ3, STM32MP235AAK3, STM32MP235AAL3, STM32MP235CAJ3, STM32MP235CAK3, STM32MP235CAL3, STM32MP235DAJ3, STM32MP235DAK3, STM32MP235DAL3, STM32MP235FAJ3, STM32MP235FAK3, STM32MP235FAL3, STM32MP251AAI3, STM32MP251AAJ3, STM32MP251AAK3, STM32MP251AAL3, STM32MP251CAI3, STM32MP251CAJ3, STM32MP251CAK3, STM32MP251CAL3, STM32MP251DAI3, STM32MP251DAJ3, STM32MP251DAK3, STM32MP251DAL3, STM32MP251FAI3, STM32MP251FAJ3, STM32MP251FAK3, STM32MP251FAL3, STM32MP253AAI3, STM32MP253AAJ3, STM32MP253AAK3, STM32MP253AAL3, STM32MP253CAI3, STM32MP253CAJ3, STM32MP253CAK3, STM32MP253CAL3, STM32MP253DAI3, STM32MP253DAJ3, STM32MP253DAK3, STM32MP253DAL3, STM32MP253FAI3, STM32MP253FAJ3, STM32MP253FAK3, STM32MP253FAL3, STM32MP255AAI3, STM32MP255AAJ3, STM32MP255AAK3, STM32MP255AAL3, STM32MP255CAI3, STM32MP255CAJ3, STM32MP255CAK3, STM32MP255CAL3, STM32MP255DAI3, STM32MP255DAJ3, STM32MP255DAK3, STM32MP255DAL3, STM32MP255FAI3, STM32MP255FAJ3, STM32MP255FAK3, STM32MP255FAL3, STM32MP257AAI3, STM32MP257AAJ3, STM32MP257AAK3, STM32MP257AAL3, STM32MP257CAI3, STM32MP257CAJ3, STM32MP257CAK3, STM32MP257CAL3, STM32MP257DAI3, STM32MP257DAJ3, STM32MP257DAK3, STM32MP257DAL3, STM32MP257F-DK, STM32MP257F-EV1, STM32MP257FAI3, STM32MP257FAJ3, STM32MP257FAK3, STM32MP257FAL3, STM32N645A0H3Q, STM32N645B0H3Q, STM32N645I0H3Q, STM32N645L0H3Q, STM32N645X0H3Q, STM32N645Z0H3Q, STM32N647A0H3Q, STM32N647B0H3Q, STM32N647I0H3Q, STM32N647L0H3Q, STM32N647X0H3Q, STM32N647Z0H3Q, STM32N655A0H3Q, STM32N655B0H3Q, STM32N655I0H3Q, STM32N655L0H3Q, STM32N655X0H3Q, STM32N655Z0H3Q, STM32N6570-DK, STM32N657A0H3Q, STM32N657B0H3Q, STM32N657I0H3Q, STM32N657L0H3Q, STM32N657X0H3Q, STM32N657Z0H3Q, STM32U031C6T6, STM32U031C6U6, STM32U031C8T6, STM32U031C8U6, STM32U031F4P6, STM32U031F6P6, STM32U031F8P6, STM32U031G6Y6TR, STM32U031G8Y6TR, STM32U031K4U6, STM32U031K6U6, STM32U031K8U6, STM32U031R6I6, STM32U031R6T6, STM32U031R8I6, STM32U031R8T6, STM32U073C8T6, STM32U073C8U6, STM32U073CBT6, STM32U073CBU6, STM32U073CCT6, STM32U073CCU6, STM32U073H8Y6TR, STM32U073HBY6TR, STM32U073HCY6TR, STM32U073K8U6, STM32U073KBU6, STM32U073KCU6, STM32U073M8I6, STM32U073M8T6, STM32U073MBI6, STM32U073MBT6, STM32U073MCI6, STM32U073MCT6, STM32U073R8I6, STM32U073R8T6, STM32U073RBI6, STM32U073RBT6, STM32U073RCI6, STM32U073RCT6, STM32U083C-DK, STM32U083CCT6, STM32U083CCU6, STM32U083HCY6TR, STM32U083KCU6, STM32U083MCI6, STM32U083MCT6, STM32U083RCI6, STM32U083RCT6, STM32U375CET6, STM32U375CET6Q, STM32U375CEU6, STM32U375CEU6Q, STM32U375CEY6QTR, STM32U375CGT6, STM32U375CGT6Q, STM32U375CGU6, STM32U375CGU6Q, STM32U375CGY6QTR, STM32U375KEU6, STM32U375KGU6, STM32U375REI6, STM32U375REI6Q, STM32U375RET6, STM32U375RET6Q, STM32U375REY6GTR, STM32U375REY6QTR, STM32U375RGI6, STM32U375RGI6Q, STM32U375RGT6, STM32U375RGT6Q, STM32U375RGY6GTR, STM32U375RGY6QTR, STM32U375VEI6, STM32U375VEI6Q, STM32U375VET6, STM32U375VET6Q, STM32U375VGI6, STM32U375VGI6Q, STM32U375VGT6, STM32U375VGT6Q, STM32U385CGT6, STM32U385CGT6Q, STM32U385CGU6, STM32U385CGU6Q, STM32U385CGY6QTR, STM32U385KGU6, STM32U385RGI6, STM32U385RGI6Q, STM32U385RGT6, STM32U385RGT6Q, STM32U385RGY6GTR, STM32U385RGY6QTR, STM32U385VGI6, STM32U385VGI6Q, STM32U385VGT6, STM32U385VGT6Q, STM32U535CBT6, STM32U535CBT6Q, STM32U535CBU6, STM32U535CBU6Q, STM32U535CCT6, STM32U535CCT6Q, STM32U535CCU6, STM32U535CCU6Q, STM32U535CET6, STM32U535CET6Q, STM32U535CEU6, STM32U535CEU6Q, STM32U535JEY6QTR, STM32U535NCY6QTR, STM32U535NEY6QTR, STM32U535RBI6, STM32U535RBI6Q, STM32U535RBT6, STM32U535RBT6Q, STM32U535RCI6, STM32U535RCI6Q, STM32U535RCT6, STM32U535RCT6Q, STM32U535REI6, STM32U535REI6Q, STM32U535RET6, STM32U535RET6Q, STM32U535VCI6, STM32U535VCI6Q, STM32U535VCT6, STM32U535VCT6Q, STM32U535VEI6, STM32U535VEI6Q, STM32U535VET6, STM32U535VET6Q, STM32U545CET6, STM32U545CET6Q, STM32U545CEU6, STM32U545CEU6Q, STM32U545JEY6QTR, STM32U545NEY6QTR, STM32U545REI6, STM32U545REI6Q, STM32U545RET6, STM32U545RET6Q, STM32U545VEI6, STM32U545VEI6Q, STM32U545VET6, STM32U545VET6Q, STM32U595AIH6, STM32U595AIH6Q, STM32U595AJH6, STM32U595AJH6Q, STM32U595QII6, STM32U595QII6Q, STM32U595QJI6, STM32U595QJI6Q, STM32U595RIT6, STM32U595RIT6Q, STM32U595RJT6, STM32U595RJT6Q, STM32U595VIT6, STM32U595VIT6Q, STM32U595VJT6, STM32U595VJT6Q, STM32U595ZIT6, STM32U595ZIT6Q, STM32U595ZIY6QTR, STM32U595ZJT6, STM32U595ZJT6Q, STM32U595ZJY6QTR, STM32U599BJY6QTR, STM32U599NIH6Q, STM32U599NJH6Q, STM32U599VIT6Q, STM32U599VJT6, STM32U599VJT6Q, STM32U599ZIT6Q, STM32U599ZIY6QTR, STM32U599ZJT6Q, STM32U599ZJY6QTR, STM32U5A5AJH6, STM32U5A5AJH6Q, STM32U5A5QII3Q , STM32U5A5QJI6, STM32U5A5QJI6Q, STM32U5A5RJT6, STM32U5A5RJT6Q, STM32U5A5VJT6, STM32U5A5VJT6Q, STM32U5A5ZJT6, STM32U5A5ZJT6Q, STM32U5A5ZJY6QTR, STM32U5A9BJY6QTR, STM32U5A9J-DK, STM32U5A9NJH6Q, STM32U5A9VJT6Q, STM32U5A9ZJT6Q, STM32U5A9ZJY6QTR, STM32U5F7VIT6, STM32U5F7VIT6Q, STM32U5F7VJT6, STM32U5F7VJT6Q, STM32U5F9BJY6QTR, STM32U5F9NJH6Q, STM32U5F9VIT6Q, STM32U5F9VJT6Q, STM32U5F9ZIJ6QTR, STM32U5F9ZIT6Q, STM32U5F9ZJJ6QTR, STM32U5F9ZJT6Q, STM32U5G7VJT6, STM32U5G7VJT6Q, STM32U5G9BJY6QTR, STM32U5G9J-DK1, STM32U5G9J-DK2, STM32U5G9NJH6Q, STM32U5G9VJT6Q, STM32U5G9ZJJ6QTR, STM32U5G9ZJT6Q, STM32WB05KZV6TR, STM32WB05KZV7TR, STM32WB05TZF6TR, STM32WB05TZF7TR, STM32WB06CCF6TR, STM32WB06CCF7TR, STM32WB06CCV6TR, STM32WB06CCV7TR, STM32WB06KCV6TR, STM32WB06KCV7TR, STM32WB07CCF6TR, STM32WB07CCF7TR, STM32WB07CCV6TR, STM32WB07CCV7TR, STM32WB07KCV6TR, STM32WB07KCV7TR, STM32WB09KEV6TR, STM32WB09KEV7TR, STM32WB09TEF6TR, STM32WB09TEF7TR, STM32WB1MMCH6, STM32WBA50KGU6, STM32WBA50KGU6TR, STM32WBA52CEU6, STM32WBA52CEU6TR, STM32WBA52CEU7, STM32WBA52CEU7TR, STM32WBA52CGU6, STM32WBA52CGU6TR, STM32WBA52CGU6U, STM32WBA52CGU7, STM32WBA52CGU7TR, STM32WBA52KEU6, STM32WBA52KEU6TR, STM32WBA52KGU6, STM32WBA52KGU6TR, STM32WBA54CEU6, STM32WBA54CEU6TR, STM32WBA54CEU7, STM32WBA54CEU7TR, STM32WBA54CGU6, STM32WBA54CGU6TR, STM32WBA54CGU7, STM32WBA54CGU7TR, STM32WBA54KEU6, STM32WBA54KEU6TR, STM32WBA54KEU7, STM32WBA54KEU7TR, STM32WBA54KGU6, STM32WBA54KGU6TR, STM32WBA54KGU7, STM32WBA54KGU7TR, STM32WBA55CEU6, STM32WBA55CEU6TR, STM32WBA55CEU7, STM32WBA55CEU7TR, STM32WBA55CGU6, STM32WBA55CGU6TR, STM32WBA55CGU6U, STM32WBA55CGU7, STM32WBA55CGU7TR, STM32WBA55G-DK1, STM32WBA55HEF6, STM32WBA55HEF7, STM32WBA55HGF6, STM32WBA55HGF7, STM32WBA55UEI6, STM32WBA55UEI6TR, STM32WBA55UEI7, STM32WBA55UEI7TR, STM32WBA55UGI6, STM32WBA55UGI6TR, STM32WBA55UGI7, STM32WBA55UGI7TR, STM32WBA5MJGH6TR, STM32WBA62CGU6, STM32WBA62CIU6, STM32WBA62MGF6, STM32WBA62MIF6, STM32WBA62PGI6, STM32WBA62PII6, STM32WBA63CGU6, STM32WBA63CGU7, STM32WBA63CIU6, STM32WBA63CIU7, STM32WBA64CGU6, STM32WBA64CGU7, STM32WBA64CIU6, STM32WBA64CIU7, STM32WBA65CGU6, STM32WBA65CGU7, STM32WBA65CIU6, STM32WBA65CIU7, STM32WBA65I-DK1, STM32WBA65MGF6, STM32WBA65MGF7, STM32WBA65MIF6, STM32WBA65MIF7, STM32WBA65PGI6, STM32WBA65PGI7, STM32WBA65PII6, STM32WBA65PII7, STM32WBA65RGV6, STM32WBA65RGV7, STM32WBA65RIV6, STM32WBA65RIV7, STM32WL30K8V6, STM32WL30KBV6, STM32WL31C8V6, STM32WL31CBV6, STM32WL31K8V6, STM32WL31KBV6, STM32WL33C8V6, STM32WL33C8V6TR, STM32WL33C8V7, STM32WL33C8V7TR, STM32WL33CBV6, STM32WL33CBV6TR, STM32WL33CBV7, STM32WL33CBV7TR, STM32WL33CCV6, STM32WL33CCV6TR, STM32WL33CCV7, STM32WL33CCV7A, STM32WL33CCV7ATR, STM32WL33CCV7TR, STM32WL33K8V6, STM32WL33K8V6TR, STM32WL33K8V7, STM32WL33K8V7TR, STM32WL33KBV6, STM32WL33KBV6TR, STM32WL33KBV7, STM32WL33KBV7TR, STM32WL33KCV6, STM32WL33KCV6TR, STM32WL33KCV7, STM32WL33KCV7TR, STM32WL5MOCH6, STM32WL5MOCH6TR]
2026-06-02 14:24:54,779 [INFO] DbMcus:218 - Found 5082 MCUs, 4964 are supported
2026-06-02 14:24:54,780 [INFO] ApiDb:423 - Load user favorites file C:\Users\hp/.stm32cubeide/favorites.mcus.txt: 0 item(s)
2026-06-02 14:24:54,781 [INFO] ApiDb:427 - User favorites MCUs=[]
2026-06-02 14:24:54,781 [INFO] DbMcus:224 - Set 0 / 0 favorites MCUs
2026-06-02 14:24:55,651 [INFO] ApiDb:448 - Save user favorites file C:\Users\hp/.stm32cubeide/favorites.boards.txt: 1 item(s)
2026-06-02 14:24:55,652 [INFO] ApiDb:452 - User favorites Boards=[STM32F407G-DISC1]
2026-06-02 14:24:55,654 [INFO] ApiDb:581 - Connected to CubeFinder SQLite database (C:\Users\hp\.stmcufinder\plugins\mcufinder\mcu\cube-finder-db.db)
2026-06-02 14:24:55,750 [INFO] ApiDb:668 - CubeFinder database Data Model version=2.1
2026-06-02 14:24:55,750 [INFO] ApiDb:669 - CubeFinder database Configuration version=3.0.42
2026-06-02 14:24:55,751 [INFO] ApiDb:670 - CubeFinder database generation date=2026-05-06 (1778060171)
2026-06-02 14:24:55,751 [INFO] ApiDb:671 - CubeFinder database FW Pack versions=[FP-ATR-ASTRA1_V2.0.0, FP-SNS-FLIGHT1_V5.1.0, FP-SNS-MOTENV1_V5.1.0, FP-SNS-MOTENVWB1_V1.5.0, FP-SNS-SMARTAG2_V1.2.0, FP-SNS-STBOX1_V2.1.0, STM32Cube_FW_C0_V1.4.0, STM32Cube_FW_F4_V1.28.3, STM32Cube_FW_F7_V1.17.4, STM32Cube_FW_G0_V1.6.3, STM32Cube_FW_G4_V1.6.2, STM32Cube_FW_H5_V1.6.0, STM32Cube_FW_H7RS_V1.3.0, STM32Cube_FW_H7_V1.13.0, STM32Cube_FW_L0_V1.12.2, STM32Cube_FW_L4_V1.18.2, STM32Cube_FW_L5_V1.6.0, STM32Cube_FW_N6_V1.3.0, STM32Cube_FW_U0_V1.3.0, STM32Cube_FW_U3_V1.3.0, STM32Cube_FW_U5_V1.8.0, STM32Cube_FW_WB0_V1.4.0, STM32Cube_FW_WBA_V1.9.0, STM32Cube_FW_WB_V1.24.0, STM32Cube_FW_WL3_V1.4.0, STM32Cube_FW_WL_V1.5.0, X-CUBE-ALGOBUILD_V1.4.0, X-CUBE-ALS_V1.0.2, X-CUBE-AZRTOS-F4_V1.1.0, X-CUBE-AZRTOS-F7_V1.1.0, X-CUBE-AZRTOS-G0_V1.1.0, X-CUBE-AZRTOS-G4_V2.0.0, X-CUBE-AZRTOS-H7RS_V1.1.0, X-CUBE-AZRTOS-H7_V3.5.0, X-CUBE-AZRTOS-L4_V2.0.0, X-CUBE-AZRTOS-L5_V2.0.0, X-CUBE-AZRTOS-WB_V2.0.0, X-CUBE-AZRTOS-WL_V2.0.0, X-CUBE-BLE1_V7.1.0, X-CUBE-BLE2_V3.3.0, X-CUBE-BLEMGR_V4.1.0, X-CUBE-EEPRMA1_V5.2.0, X-CUBE-FREERTOS_V1.5.0, X-CUBE-GNSS1_V6.0.0, X-CUBE-MEMS1_V12.0.0, X-CUBE-NFC4_V3.0.0, X-CUBE-NFC7_V2.0.0, X-CUBE-SFXS2LP1_V4.0.0, X-CUBE-ST67W61_V1.2.0, X-CUBE-SUBG2_V5.0.0, X-CUBE-TOF1_V3.4.3]
2026-06-02 14:24:55,818 [INFO] DbBoardsSqlite:226 - include board P-NUCLEO-WB55-NUCLEO as a kit item of type 'Nucleo-64'
2026-06-02 14:24:55,819 [INFO] DbBoardsSqlite:226 - include board P-NUCLEO-WB55-USBDONGLE as a kit item of type 'Nucleo USB Dongle'
2026-06-02 14:24:55,819 [INFO] DbBoardsSqlite:226 - include board STEVAL-IDP005V1 as a kit item of type 'Evaluation Board'
2026-06-02 14:24:55,819 [INFO] DbBoardsSqlite:226 - include board STEVAL-IDP005V2 as a kit item of type 'Evaluation Board'
2026-06-02 14:24:55,921 [INFO] ApiDb:240 - Found 895 in-development CPN: [B-G473E-ZEST1S, B-WB1M-WPAN1, B-WBA5M-WPAN, B-WL5M-SUBG1, NUCLEO-C031C6, NUCLEO-C051C8, NUCLEO-C071RB, NUCLEO-C092RC, NUCLEO-H503RB, NUCLEO-H533RE, NUCLEO-H563ZI, NUCLEO-H7S3L8, NUCLEO-N657X0-Q, NUCLEO-U031R8, NUCLEO-U083RC, NUCLEO-U385RG-Q, NUCLEO-U545RE-Q, NUCLEO-U5A5ZJ-Q, NUCLEO-WB05KZ, NUCLEO-WB07CC, NUCLEO-WB09KE, NUCLEO-WBA52CG, NUCLEO-WBA55CG, NUCLEO-WBA65RI, NUCLEO-WL33CC1, NUCLEO-WL33CC2, STEVAL-PROTEUS1, STEVAL-SMARTAG2, STEVAL-STWINBX1, STM320518-EVAL, STM32C0116-DK, STM32C011D6Y3TR, STM32C011D6Y6TR, STM32C011F4P3, STM32C011F4P6, STM32C011F4U3, STM32C011F4U6TR, STM32C011F6P3, STM32C011F6P6, STM32C011F6U3, STM32C011F6U6TR, STM32C011J4M3, STM32C011J4M6, STM32C011J6M3, STM32C011J6M6, STM32C0316-DK, STM32C031C4T3, STM32C031C4T6, STM32C031C4U3, STM32C031C4U6, STM32C031C6T3, STM32C031C6T6, STM32C031C6U3, STM32C031C6U6, STM32C031F4P3, STM32C031F4P6, STM32C031F6P3, STM32C031F6P6, STM32C031G4U3, STM32C031G4U6, STM32C031G6U3, STM32C031G6U6, STM32C031K4T3, STM32C031K4T6, STM32C031K4U3, STM32C031K4U6, STM32C031K6T3, STM32C031K6T6, STM32C031K6U3, STM32C031K6U6, STM32C051C6T6, STM32C051C6U6, STM32C051C8T6, STM32C051C8U6, STM32C051D8Y6TR, STM32C051F6P6, STM32C051F8P6, STM32C051G6U6, STM32C051G8U6, STM32C051K6T6, STM32C051K6U6, STM32C051K8T6, STM32C071C8T6, STM32C071C8T6N, STM32C071C8U6, STM32C071C8U6N, STM32C071CBT6, STM32C071CBT6N, STM32C071CBU6, STM32C071CBU6N, STM32C071F8P6, STM32C071F8P6N, STM32C071FBP6, STM32C071FBP6N, STM32C071FBY6TR, STM32C071G8U6, STM32C071G8U6N, STM32C071GBU6, STM32C071GBU6N, STM32C071K8T6, STM32C071K8T6N, STM32C071K8U6, STM32C071K8U6N, STM32C071KBT6, STM32C071KBT6N, STM32C071KBU6, STM32C071KBU6N, STM32C071R8T6, STM32C071R8T6N, STM32C071RBI6N, STM32C071RBT6, STM32C071RBT6N, STM32C091CBT6, STM32C091CBU6, STM32C091CCT6, STM32C091CCU6, STM32C091ECY6TR, STM32C091FBP6, STM32C091FCP6, STM32C091GBU6, STM32C091GCU6, STM32C091KBT6, STM32C091KBU6, STM32C091KCT6, STM32C091KCU6, STM32C091RBT6, STM32C091RCI6, STM32C091RCT6, STM32C092CBT6, STM32C092CBU6, STM32C092CCT6, STM32C092CCU6, STM32C092ECY6TR, STM32C092FBP6, STM32C092FCP6, STM32C092GBU6, STM32C092GCU6, STM32C092KBT6, STM32C092KBU6, STM32C092KCT6, STM32C092KCU6, STM32C092RBT6, STM32C092RCI6, STM32C092RCT6, STM32G071K8TXN, STM32G071K8UXN, STM32G081GBU6N, STM32G081KBT6N, STM32G081KBUXN, STM32G0B1CCT6N, STM32G0B1KCT6, STM32G0B1NEY6TR, STM32G0B1RCT6N, STM32G0C1CCT6, STM32G0C1CCT6N, STM32G0C1CCU6N, STM32G0C1CET6N, STM32G0C1CEU6N, STM32G0C1KCT6, STM32G0C1NEY6TR, STM32G0C1RCI6N, STM32G0C1RCT6N, STM32G0C1REI6N, STM32G0C1RET6N, STM32G0C1VCI6, STM32G0C1VEI6, STM32G411C6T3, STM32G411C6T6, STM32G411C6U3, STM32G411C6U6, STM32G411C8T3, STM32G411C8T6, STM32G411C8U3, STM32G411C8U6, STM32G411CBT3, STM32G411CBT6, STM32G411CBU3, STM32G411CBU6, STM32G411CCT3, STM32G411CCT6, STM32G411CCU3, STM32G411CCU6, STM32G411K6T3, STM32G411K6T6, STM32G411K6U3, STM32G411K6U6, STM32G411K8T3, STM32G411K8T6, STM32G411K8U3, STM32G411K8U6, STM32G411KBT3, STM32G411KBT6, STM32G411KBU3, STM32G411KBU6, STM32G411M6T3, STM32G411M6T6, STM32G411M8T3, STM32G411M8T6, STM32G411MBT3, STM32G411MBT6, STM32G411MCT3, STM32G411MCT6, STM32G411R6T3, STM32G411R6T6, STM32G411R8T3, STM32G411R8T6, STM32G411RBT3, STM32G411RBT6, STM32G411RCT3, STM32G411RCT6, STM32G414CBT3, STM32G414CBT6, STM32G414CBU3, STM32G414CBU6, STM32G414CCT3, STM32G414CCT6, STM32G414CCU3, STM32G414CCU6, STM32G414MBT3, STM32G414MBT6, STM32G414MCT3, STM32G414MCT6, STM32G414RBT3, STM32G414RBT6, STM32G414RCT3, STM32G414RCT6, STM32G414VBT3, STM32G414VBT6, STM32G414VCT3, STM32G414VCT6, STM32G431CBT3Z, STM32G431RBT3Z, STM32G471CCT6, STM32G471CCU6, STM32G471CET3, STM32G471CET6, STM32G471CEU3, STM32G471CEU6, STM32G471MCT6, STM32G471MET3, STM32G471MET6, STM32G471MEY6TR, STM32G471QCT6, STM32G471QET3, STM32G471RCT6, STM32G471RET3, STM32G471RET6, STM32G471VCH6, STM32G471VCI6, STM32G471VCT6, STM32G471VEH3, STM32G471VEH6, STM32G471VEI3, STM32G471VEI6, STM32G471VET3, STM32G471VET6, STM32G473QET3Z, STM32G473RET3Z, STM32G474CCT6, STM32G491RET3Z, STM32H503CBT6, STM32H503CBU6, STM32H503EBY6TR, STM32H503KBU6, STM32H503RBT6, STM32H523CCT6, STM32H523CCU6, STM32H523CET6, STM32H523CEU6, STM32H523HEY6TR, STM32H523RCT6, STM32H523RET6, STM32H523VCI6, STM32H523VCT6, STM32H523VEI6, STM32H523VET6, STM32H523ZCJ6, STM32H523ZCT6, STM32H523ZEJ6, STM32H523ZET6, STM32H533CET6, STM32H533CEU6, STM32H533HEY6TR, STM32H533RET6, STM32H533VEI6, STM32H533VET6, STM32H533ZEJ6, STM32H533ZET6, STM32H562AGI6, STM32H562AII6, STM32H562IGK6, STM32H562IGT6, STM32H562IIK6, STM32H562IIT6, STM32H562RGT6, STM32H562RGV6, STM32H562RIT6, STM32H562RIV6, STM32H562VGT6, STM32H562VIT6, STM32H562ZGT6, STM32H562ZIT6, STM32H563AGI6, STM32H563AII3Q, STM32H563AII6, STM32H563IGK6, STM32H563IGT6, STM32H563IIK3Q, STM32H563IIK6, STM32H563IIT3Q, STM32H563IIT6, STM32H563MIY3QTR, STM32H563RGT6, STM32H563RGV6, STM32H563RIT6, STM32H563RIV6, STM32H563VGT6, STM32H563VIT3Q, STM32H563VIT6, STM32H563ZGT6, STM32H563ZIT3Q, STM32H563ZIT6, STM32H573AII3Q, STM32H573AII6, STM32H573I-DK, STM32H573IIK3Q, STM32H573IIK6, STM32H573IIT3Q, STM32H573IIT6, STM32H573MIY3QTR, STM32H573RIT6, STM32H573RIV6, STM32H573VIT3Q, STM32H573VIT6, STM32H573ZIT3Q, STM32H573ZIT6, STM32H7R3A8I6, STM32H7R3I8K6, STM32H7R3I8T6, STM32H7R3L8H6, STM32H7R3L8H6H, STM32H7R3R8V6, STM32H7R3V8H6, STM32H7R3V8T6, STM32H7R3V8Y6TR, STM32H7R3Z8J6, STM32H7R3Z8T6, STM32H7R7A8I6, STM32H7R7I8K6, STM32H7R7I8T6, STM32H7R7L8H6, STM32H7R7L8H6H, STM32H7R7Z8J6, STM32H7S3A8I6, STM32H7S3I8K6, STM32H7S3I8T6, STM32H7S3L8H6, STM32H7S3L8H6H, STM32H7S3R8V6, STM32H7S3V8H6, STM32H7S3V8T6, STM32H7S3V8Y6TR, STM32H7S3Z8J6, STM32H7S3Z8T6, STM32H7S78-DK, STM32H7S7A8I6, STM32H7S7I8K6, STM32H7S7I8T6, STM32H7S7L8H6, STM32H7S7L8H6H, STM32H7S7Z8J6, STM32L4R5QGI6STR, STM32MP131AAE3, STM32MP131AAF3, STM32MP131AAG3, STM32MP131CAE3, STM32MP131CAF3, STM32MP131CAG3, STM32MP131DAE7, STM32MP131DAF7, STM32MP131DAG7, STM32MP131FAE7, STM32MP131FAF7, STM32MP131FAG7, STM32MP133AAE3, STM32MP133AAF3, STM32MP133AAG3, STM32MP133CAE3, STM32MP133CAF3, STM32MP133CAG3, STM32MP133DAE7, STM32MP133DAF7, STM32MP133DAG7, STM32MP133FAE7, STM32MP133FAF7, STM32MP133FAG7, STM32MP135AAE3, STM32MP135AAF3, STM32MP135AAG3, STM32MP135CAE3, STM32MP135CAF3, STM32MP135CAG3, STM32MP135DAE7, STM32MP135DAF7, STM32MP135DAG7, STM32MP135F-DK, STM32MP135FAE7, STM32MP135FAF7, STM32MP135FAF7T, STM32MP135FAF7U, STM32MP135FAG7, STM32MP231AAJ3, STM32MP231AAK3, STM32MP231AAL3, STM32MP231CAJ3, STM32MP231CAK3, STM32MP231CAL3, STM32MP231DAJ3, STM32MP231DAK3, STM32MP231DAL3, STM32MP231FAJ3, STM32MP231FAK3, STM32MP231FAL3, STM32MP233AAJ3, STM32MP233AAK3, STM32MP233AAL3, STM32MP233CAJ3, STM32MP233CAK3, STM32MP233CAL3, STM32MP233DAJ3, STM32MP233DAK3, STM32MP233DAL3, STM32MP233FAJ3, STM32MP233FAK3, STM32MP233FAL3, STM32MP235AAJ3, STM32MP235AAK3, STM32MP235AAL3, STM32MP235CAJ3, STM32MP235CAK3, STM32MP235CAL3, STM32MP235DAJ3, STM32MP235DAK3, STM32MP235DAL3, STM32MP235FAJ3, STM32MP235FAK3, STM32MP235FAL3, STM32MP251AAI3, STM32MP251AAJ3, STM32MP251AAK3, STM32MP251AAL3, STM32MP251CAI3, STM32MP251CAJ3, STM32MP251CAK3, STM32MP251CAL3, STM32MP251DAI3, STM32MP251DAJ3, STM32MP251DAK3, STM32MP251DAL3, STM32MP251FAI3, STM32MP251FAJ3, STM32MP251FAK3, STM32MP251FAL3, STM32MP253AAI3, STM32MP253AAJ3, STM32MP253AAK3, STM32MP253AAL3, STM32MP253CAI3, STM32MP253CAJ3, STM32MP253CAK3, STM32MP253CAL3, STM32MP253DAI3, STM32MP253DAJ3, STM32MP253DAK3, STM32MP253DAL3, STM32MP253FAI3, STM32MP253FAJ3, STM32MP253FAK3, STM32MP253FAL3, STM32MP255AAI3, STM32MP255AAJ3, STM32MP255AAK3, STM32MP255AAL3, STM32MP255CAI3, STM32MP255CAJ3, STM32MP255CAK3, STM32MP255CAL3, STM32MP255DAI3, STM32MP255DAJ3, STM32MP255DAK3, STM32MP255DAL3, STM32MP255FAI3, STM32MP255FAJ3, STM32MP255FAK3, STM32MP255FAL3, STM32MP257AAI3, STM32MP257AAJ3, STM32MP257AAK3, STM32MP257AAL3, STM32MP257CAI3, STM32MP257CAJ3, STM32MP257CAK3, STM32MP257CAL3, STM32MP257DAI3, STM32MP257DAJ3, STM32MP257DAK3, STM32MP257DAL3, STM32MP257F-DK, STM32MP257F-EV1, STM32MP257FAI3, STM32MP257FAJ3, STM32MP257FAK3, STM32MP257FAL3, STM32N645A0H3Q, STM32N645B0H3Q, STM32N645I0H3Q, STM32N645L0H3Q, STM32N645X0H3Q, STM32N645Z0H3Q, STM32N647A0H3Q, STM32N647B0H3Q, STM32N647I0H3Q, STM32N647L0H3Q, STM32N647X0H3Q, STM32N647Z0H3Q, STM32N655A0H3Q, STM32N655B0H3Q, STM32N655I0H3Q, STM32N655L0H3Q, STM32N655X0H3Q, STM32N655Z0H3Q, STM32N6570-DK, STM32N657A0H3Q, STM32N657B0H3Q, STM32N657I0H3Q, STM32N657L0H3Q, STM32N657X0H3Q, STM32N657Z0H3Q, STM32U031C6T6, STM32U031C6U6, STM32U031C8T6, STM32U031C8U6, STM32U031F4P6, STM32U031F6P6, STM32U031F8P6, STM32U031G6Y6TR, STM32U031G8Y6TR, STM32U031K4U6, STM32U031K6U6, STM32U031K8U6, STM32U031R6I6, STM32U031R6T6, STM32U031R8I6, STM32U031R8T6, STM32U073C8T6, STM32U073C8U6, STM32U073CBT6, STM32U073CBU6, STM32U073CCT6, STM32U073CCU6, STM32U073H8Y6TR, STM32U073HBY6TR, STM32U073HCY6TR, STM32U073K8U6, STM32U073KBU6, STM32U073KCU6, STM32U073M8I6, STM32U073M8T6, STM32U073MBI6, STM32U073MBT6, STM32U073MCI6, STM32U073MCT6, STM32U073R8I6, STM32U073R8T6, STM32U073RBI6, STM32U073RBT6, STM32U073RCI6, STM32U073RCT6, STM32U083C-DK, STM32U083CCT6, STM32U083CCU6, STM32U083HCY6TR, STM32U083KCU6, STM32U083MCI6, STM32U083MCT6, STM32U083RCI6, STM32U083RCT6, STM32U375CET6, STM32U375CET6Q, STM32U375CEU6, STM32U375CEU6Q, STM32U375CEY6QTR, STM32U375CGT6, STM32U375CGT6Q, STM32U375CGU6, STM32U375CGU6Q, STM32U375CGY6QTR, STM32U375KEU6, STM32U375KGU6, STM32U375REI6, STM32U375REI6Q, STM32U375RET6, STM32U375RET6Q, STM32U375REY6GTR, STM32U375REY6QTR, STM32U375RGI6, STM32U375RGI6Q, STM32U375RGT6, STM32U375RGT6Q, STM32U375RGY6GTR, STM32U375RGY6QTR, STM32U375VEI6, STM32U375VEI6Q, STM32U375VET6, STM32U375VET6Q, STM32U375VGI6, STM32U375VGI6Q, STM32U375VGT6, STM32U375VGT6Q, STM32U385CGT6, STM32U385CGT6Q, STM32U385CGU6, STM32U385CGU6Q, STM32U385CGY6QTR, STM32U385KGU6, STM32U385RGI6, STM32U385RGI6Q, STM32U385RGT6, STM32U385RGT6Q, STM32U385RGY6GTR, STM32U385RGY6QTR, STM32U385VGI6, STM32U385VGI6Q, STM32U385VGT6, STM32U385VGT6Q, STM32U535CBT6, STM32U535CBT6Q, STM32U535CBU6, STM32U535CBU6Q, STM32U535CCT6, STM32U535CCT6Q, STM32U535CCU6, STM32U535CCU6Q, STM32U535CET6, STM32U535CET6Q, STM32U535CEU6, STM32U535CEU6Q, STM32U535JEY6QTR, STM32U535NCY6QTR, STM32U535NEY6QTR, STM32U535RBI6, STM32U535RBI6Q, STM32U535RBT6, STM32U535RBT6Q, STM32U535RCI6, STM32U535RCI6Q, STM32U535RCT6, STM32U535RCT6Q, STM32U535REI6, STM32U535REI6Q, STM32U535RET6, STM32U535RET6Q, STM32U535VCI6, STM32U535VCI6Q, STM32U535VCT6, STM32U535VCT6Q, STM32U535VEI6, STM32U535VEI6Q, STM32U535VET6, STM32U535VET6Q, STM32U545CET6, STM32U545CET6Q, STM32U545CEU6, STM32U545CEU6Q, STM32U545JEY6QTR, STM32U545NEY6QTR, STM32U545REI6, STM32U545REI6Q, STM32U545RET6, STM32U545RET6Q, STM32U545VEI6, STM32U545VEI6Q, STM32U545VET6, STM32U545VET6Q, STM32U595AIH6, STM32U595AIH6Q, STM32U595AJH6, STM32U595AJH6Q, STM32U595QII6, STM32U595QII6Q, STM32U595QJI6, STM32U595QJI6Q, STM32U595RIT6, STM32U595RIT6Q, STM32U595RJT6, STM32U595RJT6Q, STM32U595VIT6, STM32U595VIT6Q, STM32U595VJT6, STM32U595VJT6Q, STM32U595ZIT6, STM32U595ZIT6Q, STM32U595ZIY6QTR, STM32U595ZJT6, STM32U595ZJT6Q, STM32U595ZJY6QTR, STM32U599BJY6QTR, STM32U599NIH6Q, STM32U599NJH6Q, STM32U599VIT6Q, STM32U599VJT6, STM32U599VJT6Q, STM32U599ZIT6Q, STM32U599ZIY6QTR, STM32U599ZJT6Q, STM32U599ZJY6QTR, STM32U5A5AJH6, STM32U5A5AJH6Q, STM32U5A5QII3Q , STM32U5A5QJI6, STM32U5A5QJI6Q, STM32U5A5RJT6, STM32U5A5RJT6Q, STM32U5A5VJT6, STM32U5A5VJT6Q, STM32U5A5ZJT6, STM32U5A5ZJT6Q, STM32U5A5ZJY6QTR, STM32U5A9BJY6QTR, STM32U5A9J-DK, STM32U5A9NJH6Q, STM32U5A9VJT6Q, STM32U5A9ZJT6Q, STM32U5A9ZJY6QTR, STM32U5F7VIT6, STM32U5F7VIT6Q, STM32U5F7VJT6, STM32U5F7VJT6Q, STM32U5F9BJY6QTR, STM32U5F9NJH6Q, STM32U5F9VIT6Q, STM32U5F9VJT6Q, STM32U5F9ZIJ6QTR, STM32U5F9ZIT6Q, STM32U5F9ZJJ6QTR, STM32U5F9ZJT6Q, STM32U5G7VJT6, STM32U5G7VJT6Q, STM32U5G9BJY6QTR, STM32U5G9J-DK1, STM32U5G9J-DK2, STM32U5G9NJH6Q, STM32U5G9VJT6Q, STM32U5G9ZJJ6QTR, STM32U5G9ZJT6Q, STM32WB05KZV6TR, STM32WB05KZV7TR, STM32WB05TZF6TR, STM32WB05TZF7TR, STM32WB06CCF6TR, STM32WB06CCF7TR, STM32WB06CCV6TR, STM32WB06CCV7TR, STM32WB06KCV6TR, STM32WB06KCV7TR, STM32WB07CCF6TR, STM32WB07CCF7TR, STM32WB07CCV6TR, STM32WB07CCV7TR, STM32WB07KCV6TR, STM32WB07KCV7TR, STM32WB09KEV6TR, STM32WB09KEV7TR, STM32WB09TEF6TR, STM32WB09TEF7TR, STM32WB1MMCH6, STM32WBA50KGU6, STM32WBA50KGU6TR, STM32WBA52CEU6, STM32WBA52CEU6TR, STM32WBA52CEU7, STM32WBA52CEU7TR, STM32WBA52CGU6, STM32WBA52CGU6TR, STM32WBA52CGU6U, STM32WBA52CGU7, STM32WBA52CGU7TR, STM32WBA52KEU6, STM32WBA52KEU6TR, STM32WBA52KGU6, STM32WBA52KGU6TR, STM32WBA54CEU6, STM32WBA54CEU6TR, STM32WBA54CEU7, STM32WBA54CEU7TR, STM32WBA54CGU6, STM32WBA54CGU6TR, STM32WBA54CGU7, STM32WBA54CGU7TR, STM32WBA54KEU6, STM32WBA54KEU6TR, STM32WBA54KEU7, STM32WBA54KEU7TR, STM32WBA54KGU6, STM32WBA54KGU6TR, STM32WBA54KGU7, STM32WBA54KGU7TR, STM32WBA55CEU6, STM32WBA55CEU6TR, STM32WBA55CEU7, STM32WBA55CEU7TR, STM32WBA55CGU6, STM32WBA55CGU6TR, STM32WBA55CGU6U, STM32WBA55CGU7, STM32WBA55CGU7TR, STM32WBA55G-DK1, STM32WBA55HEF6, STM32WBA55HEF7, STM32WBA55HGF6, STM32WBA55HGF7, STM32WBA55UEI6, STM32WBA55UEI6TR, STM32WBA55UEI7, STM32WBA55UEI7TR, STM32WBA55UGI6, STM32WBA55UGI6TR, STM32WBA55UGI7, STM32WBA55UGI7TR, STM32WBA5MJGH6TR, STM32WBA62CGU6, STM32WBA62CIU6, STM32WBA62MGF6, STM32WBA62MIF6, STM32WBA62PGI6, STM32WBA62PII6, STM32WBA63CGU6, STM32WBA63CGU7, STM32WBA63CIU6, STM32WBA63CIU7, STM32WBA64CGU6, STM32WBA64CGU7, STM32WBA64CIU6, STM32WBA64CIU7, STM32WBA65CGU6, STM32WBA65CGU7, STM32WBA65CIU6, STM32WBA65CIU7, STM32WBA65I-DK1, STM32WBA65MGF6, STM32WBA65MGF7, STM32WBA65MIF6, STM32WBA65MIF7, STM32WBA65PGI6, STM32WBA65PGI7, STM32WBA65PII6, STM32WBA65PII7, STM32WBA65RGV6, STM32WBA65RGV7, STM32WBA65RIV6, STM32WBA65RIV7, STM32WL30K8V6, STM32WL30KBV6, STM32WL31C8V6, STM32WL31CBV6, STM32WL31K8V6, STM32WL31KBV6, STM32WL33C8V6, STM32WL33C8V6TR, STM32WL33C8V7, STM32WL33C8V7TR, STM32WL33CBV6, STM32WL33CBV6TR, STM32WL33CBV7, STM32WL33CBV7TR, STM32WL33CCV6, STM32WL33CCV6TR, STM32WL33CCV7, STM32WL33CCV7A, STM32WL33CCV7ATR, STM32WL33CCV7TR, STM32WL33K8V6, STM32WL33K8V6TR, STM32WL33K8V7, STM32WL33K8V7TR, STM32WL33KBV6, STM32WL33KBV6TR, STM32WL33KBV7, STM32WL33KBV7TR, STM32WL33KCV6, STM32WL33KCV6TR, STM32WL33KCV7, STM32WL33KCV7TR, STM32WL5MOCH6, STM32WL5MOCH6TR]
2026-06-02 14:24:56,130 [INFO] BoardInfo:889 - No configuration file found for board NUCLEO-H5E5ZJ
2026-06-02 14:24:56,133 [INFO] DbBoards:161 - Board is not supported: NUCLEO-H5E5ZJ
2026-06-02 14:24:56,240 [INFO] BoardInfo:889 - No configuration file found for board NUCLEO-U3C5ZI-Q
2026-06-02 14:24:56,243 [INFO] DbBoards:161 - Board is not supported: NUCLEO-U3C5ZI-Q
2026-06-02 14:24:56,270 [INFO] BoardInfo:889 - No configuration file found for board NUCLEO-WBA25CE1
2026-06-02 14:24:56,272 [INFO] DbBoards:161 - Board is not supported: NUCLEO-WBA25CE1
2026-06-02 14:24:56,290 [INFO] BoardInfo:889 - No configuration file found for board NUCLEO-WL3RKB1
2026-06-02 14:24:56,293 [INFO] DbBoards:161 - Board is not supported: NUCLEO-WL3RKB1
2026-06-02 14:24:56,295 [INFO] BoardInfo:889 - No configuration file found for board NUCLEO-WL3RKB2
2026-06-02 14:24:56,298 [INFO] DbBoards:161 - Board is not supported: NUCLEO-WL3RKB2
2026-06-02 14:24:56,313 [INFO] BoardInfo:889 - No configuration file found for board P-NUCLEO-WB55
2026-06-02 14:24:56,315 [INFO] DbBoards:161 - Kit is not supported: P-NUCLEO-WB55
2026-06-02 14:24:56,327 [INFO] BoardInfo:889 - No configuration file found for board STEVAL-BFA001V1B
2026-06-02 14:24:56,329 [INFO] DbBoards:161 - Kit is not supported: STEVAL-BFA001V1B
2026-06-02 14:24:56,330 [INFO] BoardInfo:889 - No configuration file found for board STEVAL-BFA001V2B
2026-06-02 14:24:56,332 [INFO] DbBoards:161 - Kit is not supported: STEVAL-BFA001V2B
2026-06-02 14:24:56,572 [INFO] BoardInfo:889 - No configuration file found for board STM32H5F5J-DK
2026-06-02 14:24:56,574 [INFO] DbBoards:161 - Board is not supported: STM32H5F5J-DK
2026-06-02 14:24:56,683 [INFO] BoardInfo:889 - No configuration file found for board STM32MP215F-DK
2026-06-02 14:24:56,686 [INFO] DbBoards:161 - Board is not supported: STM32MP215F-DK
2026-06-02 14:24:56,724 [INFO] DbBoards:168 - Found 218 boards, 208 are supported
2026-06-02 14:24:56,725 [INFO] DbBoards:169 - Found 218 boards, 43 of them is supported for  Bsp
2026-06-02 14:24:56,730 [INFO] ApiDb:423 - Load user favorites file C:\Users\hp/.stm32cubeide/favorites.boards.txt: 1 item(s)
2026-06-02 14:24:56,731 [INFO] ApiDb:427 - User favorites Boards=[STM32F407G-DISC1]
2026-06-02 14:24:56,731 [INFO] DbBoards:198 - Set 1 / 1 favorites Boards
2026-06-02 14:24:56,777 [ERROR] TargetSelectorAdapter:267 - Unable to refresh data
2026-06-02 14:24:56,868 [INFO] McuFinderGlobals:76 - Set McuFinderConnectedMode to true
2026-06-02 14:24:56,872 [INFO] MultiScanPanel:200 - Auto-refresh data requested => check proxy status ongoing
2026-06-02 14:24:56,873 [INFO] FinderPluginLoader:95 - Searching for filters in installed packs
2026-06-02 14:25:00,635 [INFO] LoadUrlFilesThread:185 - End of LoadServerUrlFiles without Thread
2026-06-02 14:25:00,637 [INFO] DetailPanel:341 - Set advertising image to C:/Users/hp/STM32Cube/Repository/\en.prom-stm32wl3r-0526.jpg
2026-06-02 14:25:08,719 [INFO] MultiScanPanel:200 - Auto-refresh data requested => check proxy status ongoing
2026-06-02 14:25:08,837 [INFO] LoadUrlFilesThread:185 - End of LoadServerUrlFiles without Thread
2026-06-02 14:25:08,837 [INFO] DetailPanel:341 - Set advertising image to C:/Users/hp/STM32Cube/Repository/\en.prom-stm32wl3r-0526.jpg
2026-06-02 14:25:08,851 [INFO] DbBoards:642 - Loading board mini-images...
2026-06-02 14:25:12,333 [INFO] DbBoards:665 - Loaded 218 board mini-images
2026-06-02 14:25:37,619 [INFO] MainUpdater:2872 - connection check result : 10
2026-06-02 14:25:37,619 [INFO] MainUpdater:2872 - connection check result : 10
2026-06-02 14:25:37,644 [ERROR] IocParser:57 - IOException caught: C:\Users\hp\STM32CubeIDE\workspace_1.18.0\35_UART_DMA_BareMetal\35_UART_DMA_BareMetal.ioc (The system cannot find the file specified)
2026-06-02 14:25:37,645 [ERROR] PeripheralListParser:95 - Something went wrong with ioc file reading: C:\Users\hp\STM32CubeIDE\workspace_1.18.0\35_UART_DMA_BareMetal\35_UART_DMA_BareMetal.ioc (The system cannot find the file specified)
2026-06-02 14:25:37,646 [ERROR] RegexParser:59 - Issue caught when parsing regex: C:\Users\hp\STM32CubeIDE\workspace_1.18.0\35_UART_DMA_BareMetal\35_UART_DMA_BareMetal.ioc (The system cannot find the file specified)
2026-06-02 14:25:38,094 [INFO] MicroXplorer:468 - Change Database Path : 
2026-06-02 14:25:38,094 [INFO] MicroXplorer:498 - Change Database Version : DB.6.0.140
2026-06-02 14:25:38,301 [ERROR] ProjectManagerView:394 - 
java.lang.NullPointerException: Cannot invoke "javax.swing.JTextField.getText()" because the return value of "java.util.List.get(int)" is null
	at com.st.microxplorer.plugins.projectmanager.gui.ProjectChoiceTab$9.caretUpdate(ProjectChoiceTab.java:2678) ~[filemanager.jar:?]
	at javax.swing.text.JTextComponent.fireCaretUpdate(JTextComponent.java:408) ~[?:?]
	at javax.swing.text.JTextComponent$MutableCaretEvent.fire(JTextComponent.java:4484) ~[?:?]
	at javax.swing.text.JTextComponent$MutableCaretEvent.stateChanged(JTextComponent.java:4506) ~[?:?]
	at javax.swing.text.DefaultCaret.fireStateChanged(DefaultCaret.java:857) ~[?:?]
	at javax.swing.text.DefaultCaret.changeCaretPosition(DefaultCaret.java:1343) ~[?:?]
	at javax.swing.text.DefaultCaret.handleSetDot(DefaultCaret.java:1242) ~[?:?]
	at javax.swing.text.DefaultCaret.setDot(DefaultCaret.java:1223) ~[?:?]
	at javax.swing.text.DefaultCaret$Handler.insertUpdate(DefaultCaret.java:1819) ~[?:?]
	at javax.swing.text.AbstractDocument.fireInsertUpdate(AbstractDocument.java:227) ~[?:?]
	at javax.swing.text.AbstractDocument.handleInsertString(AbstractDocument.java:781) ~[?:?]
	at javax.swing.text.AbstractDocument.insertString(AbstractDocument.java:740) ~[?:?]
	at javax.swing.text.PlainDocument.insertString(PlainDocument.java:131) ~[?:?]
	at javax.swing.text.AbstractDocument.replace(AbstractDocument.java:699) ~[?:?]
	at javax.swing.text.JTextComponent.setText(JTextComponent.java:1725) ~[?:?]
	at com.st.microxplorer.plugins.projectmanager.gui.ProjectChoiceTab.createHeapStackFields(ProjectChoiceTab.java:979) ~[filemanager.jar:?]
	at com.st.microxplorer.plugins.projectmanager.gui.ProjectChoiceTab.buildLinkSettingsPanel(ProjectChoiceTab.java:3766) ~[filemanager.jar:?]
	at com.st.microxplorer.plugins.projectmanager.gui.ProjectChoiceTab.defineWindowsFields(ProjectChoiceTab.java:1962) ~[filemanager.jar:?]
	at com.st.microxplorer.plugins.projectmanager.gui.ProjectChoiceTab.updateSettings(ProjectChoiceTab.java:555) ~[filemanager.jar:?]
	at com.st.microxplorer.plugins.projectmanager.gui.ProjectSettingsPanel.UpdateDialog(ProjectSettingsPanel.java:245) ~[filemanager.jar:?]
	at com.st.microxplorer.plugins.projectmanager.ProjectManagerView.propertyChange(ProjectManagerView.java:391) ~[filemanager.jar:?]
	at java.beans.PropertyChangeSupport.fire(PropertyChangeSupport.java:343) ~[?:?]
	at java.beans.PropertyChangeSupport.firePropertyChange(PropertyChangeSupport.java:335) ~[?:?]
	at java.beans.PropertyChangeSupport.firePropertyChange(PropertyChangeSupport.java:268) ~[?:?]
	at com.st.microxplorer.util.MXPropertyChangeSupport.firePropertyChange(MXPropertyChangeSupport.java:54) ~[STM32CubeMX.jar:?]
	at com.st.microxplorer.mxsystem.MxSystem.closeConfig(MxSystem.java:899) ~[STM32CubeMX.jar:?]
	at com.st.microxplorer.maingui.MainPanel.closeConfig(MainPanel.java:789) ~[STM32CubeMX.jar:?]
	at com.st.microxplorer.plugins.filemanager.engine.OpenFileManager.loadConfigurationFile(OpenFileManager.java:287) ~[filemanager.jar:?]
	at com.st.microxplorer.plugins.filemanager.engine.MainFileManager.userLoadConfig(MainFileManager.java:341) ~[filemanager.jar:?]
	at com.st.microxplorer.plugins.filemanager.FileManagerView.getSpecificTask(FileManagerView.java:250) ~[filemanager.jar:?]
	at com.st.stm32cube.common.mx.editor.CubeMxEditor.getMxTabbedPaneInstance(CubeMxEditor.java:1191) ~[com.st.stm32cube.common.mx_6.14.0.202502271554/:?]
	at com.st.stm32cube.common.mx.editor.CubeMxEditor$12$1.createSwingComponent(CubeMxEditor.java:1068) ~[com.st.stm32cube.common.mx_6.14.0.202502271554/:?]
	at com.st.stm32cube.common.mx.oss.core.awtswtbridge.EmbeddedSwingComposite.doComponentCreation(EmbeddedSwingComposite.java:492) ~[com.st.stm32cube.common.mx.oss_6.14.0.202502271554/:?]
	at com.st.stm32cube.common.mx.oss.core.awtswtbridge.EmbeddedSwingComposite$4.run(EmbeddedSwingComposite.java:291) ~[com.st.stm32cube.common.mx.oss_6.14.0.202502271554/:?]
	at com.st.stm32cube.common.mx.oss.core.awtswtbridge.AwtEnvironment$2.run(AwtEnvironment.java:166) ~[com.st.stm32cube.common.mx.oss_6.14.0.202502271554/:?]
	at java.awt.event.InvocationEvent.dispatch(InvocationEvent.java:318) ~[?:?]
	at java.awt.EventQueue.dispatchEventImpl(EventQueue.java:773) ~[?:?]
	at java.awt.EventQueue$4.run(EventQueue.java:720) ~[?:?]
	at java.awt.EventQueue$4.run(EventQueue.java:714) ~[?:?]
	at java.security.AccessController.doPrivileged(AccessController.java:400) ~[?:?]
	at java.security.ProtectionDomain$JavaSecurityAccessImpl.doIntersectionPrivilege(ProtectionDomain.java:87) ~[?:?]
	at java.awt.EventQueue.dispatchEvent(EventQueue.java:742) ~[?:?]
	at java.awt.EventDispatchThread.pumpOneEventForFilters(EventDispatchThread.java:203) ~[?:?]
	at java.awt.EventDispatchThread.pumpEventsForFilter(EventDispatchThread.java:124) ~[?:?]
	at java.awt.EventDispatchThread.pumpEventsForHierarchy(EventDispatchThread.java:113) ~[?:?]
	at java.awt.EventDispatchThread.pumpEvents(EventDispatchThread.java:109) ~[?:?]
	at java.awt.EventDispatchThread.pumpEvents(EventDispatchThread.java:101) ~[?:?]
	at java.awt.EventDispatchThread.run(EventDispatchThread.java:90) ~[?:?]
2026-06-02 14:25:38,328 [WARN] ThirdParty:871 - waiting for thirdparty lock release [close project]
2026-06-02 14:25:38,328 [INFO] ThirdParty:873 - entering critical section [close project]
2026-06-02 14:25:38,329 [INFO] ThirdParty:883 - exiting critical section [close project]
2026-06-02 14:25:38,332 [INFO] PinOutPanel:1589 - setPackage(No Configuration,No Configuration)
2026-06-02 14:25:38,371 [WARN] IpParametersView:155 - Warning: This peripheral hasn't parameters
2026-06-02 14:25:38,421 [WARN] MainPanel:289 - <html><b><center>Warning: This peripheral has no parameters to be configured<br></b></html>
2026-06-02 14:25:38,447 [INFO] UtilMem:75 - Begin LoadConfig() Used Memory: 933421400 Bytes (1073741824)
2026-06-02 14:25:38,450 [INFO] OpenFileManager:354 - Change cursor
2026-06-02 14:25:38,544 [INFO] RulesReader:64 - Compatibility file has been processed (301 Rules)
2026-06-02 14:25:38,583 [INFO] ProjectFactory:442 - No CPN specified for board STM32F407G-DISC1 => set CPN to STM32F407VGT6
2026-06-02 14:25:38,583 [INFO] Mcu:2011 - Initializing MCU STM32F407V(E-G)Tx STM32F407VGTx STM32F407VGT6
2026-06-02 14:25:42,309 [INFO] Context:756 - Trying to add GPIOservice into a context  which must be forbidden
2026-06-02 14:25:43,414 [INFO] Rule:224 - rule 117617 - U5Cobra4M][GTZC] default value MPCBB3 and MPCBB5 - Not Secured memory - MPCBB1 is applicable
2026-06-02 14:25:43,414 [INFO] Rule:224 - rule 117617 - U5Cobra4M][GTZC] default value MPCBB3 and MPCBB5 - Not Secured memory - MPCBB1 is applicable
2026-06-02 14:25:43,415 [INFO] Rule:224 - rule 117617 - U5Cobra4M][GTZC] default value MPCBB3 and MPCBB5 - Not Secured memory - MPCBB2 is applicable
2026-06-02 14:25:43,415 [INFO] Rule:224 - rule 117617 - U5Cobra4M][GTZC] default value MPCBB3 and MPCBB5 - Not Secured memory - MPCBB2 is applicable
2026-06-02 14:25:43,415 [INFO] Rule:224 - rule 117617 - U5Cobra4M][GTZC] default value MPCBB3 and MPCBB5 - Not Secured memory - MPCBB3 is applicable
2026-06-02 14:25:43,415 [INFO] Rule:224 - rule 117617 - U5Cobra4M][GTZC] default value MPCBB3 and MPCBB5 - Not Secured memory - MPCBB3 is applicable
2026-06-02 14:25:43,416 [INFO] Rule:224 - rule 117617 - U5Cobra4M][GTZC] default value MPCBB3 and MPCBB5 - Not Secured memory - MPCBB4 is applicable
2026-06-02 14:25:43,416 [INFO] Rule:224 - rule 117617 - U5Cobra4M][GTZC] default value MPCBB3 and MPCBB5 - Not Secured memory - MPCBB4 is applicable
2026-06-02 14:25:43,416 [INFO] Rule:224 - rule 117617 - U5Cobra4M][GTZC] default value MPCBB3 and MPCBB5 - Secured memory - MPCBB1 is applicable
2026-06-02 14:25:43,417 [INFO] Rule:224 - rule 117617 - U5Cobra4M][GTZC] default value MPCBB3 and MPCBB5 - Secured memory - MPCBB2 is applicable
2026-06-02 14:25:43,417 [INFO] Rule:224 - rule 117617 - U5Cobra4M][GTZC] default value MPCBB3 and MPCBB5 - Secured memory - MPCBB3 is applicable
2026-06-02 14:25:43,417 [INFO] Rule:224 - rule 117617 - U5Cobra4M][GTZC] default value MPCBB3 and MPCBB5 - Secured memory - MPCBB4 is applicable
2026-06-02 14:25:43,418 [INFO] Rule:224 - rule 117617 - U5Cobra4M][GTZC] default value MPCBB3 and MPCBB5 - Privileged memory - MPCBB1 is applicable
2026-06-02 14:25:43,418 [INFO] Rule:224 - rule 117617 - U5Cobra4M][GTZC] default value MPCBB3 and MPCBB5 - Privileged memory - MPCBB2 is applicable
2026-06-02 14:25:43,418 [INFO] Rule:224 - rule 117617 - U5Cobra4M][GTZC] default value MPCBB3 and MPCBB5 - Privileged memory - MPCBB3 is applicable
2026-06-02 14:25:43,419 [INFO] Rule:224 - rule 117617 - U5Cobra4M][GTZC] default value MPCBB3 and MPCBB5 - Privileged memory - MPCBB4 is applicable
2026-06-02 14:25:43,419 [INFO] Rule:224 - rule 117617 - U5Cobra4M][GTZC] default value MPCBB3 and MPCBB5 - Not Privileged memory - MPCBB1 is applicable
2026-06-02 14:25:43,419 [INFO] Rule:224 - rule 117617 - U5Cobra4M][GTZC] default value MPCBB3 and MPCBB5 - Not Privileged memory - MPCBB2 is applicable
2026-06-02 14:25:43,419 [INFO] Rule:224 - rule 117617 - U5Cobra4M][GTZC] default value MPCBB3 and MPCBB5 - Not Privileged memory - MPCBB3 is applicable
2026-06-02 14:25:43,419 [INFO] Rule:224 - rule 117617 - U5Cobra4M][GTZC] default value MPCBB3 and MPCBB5 - Not Privileged memory - MPCBB4 is applicable
2026-06-02 14:25:43,419 [INFO] Rule:224 - rule 117617 - U5Cobra4M][GTZC] default value MPCBB3 and MPCBB5 - Privileged memory - MPCBB1 is applicable
2026-06-02 14:25:43,419 [INFO] Rule:224 - rule 117617 - U5Cobra4M][GTZC] default value MPCBB3 and MPCBB5 - Privileged memory - MPCBB2 is applicable
2026-06-02 14:25:43,419 [INFO] Rule:224 - rule 117617 - U5Cobra4M][GTZC] default value MPCBB3 and MPCBB5 - Privileged memory - MPCBB3 is applicable
2026-06-02 14:25:43,420 [INFO] Rule:224 - rule 117617 - U5Cobra4M][GTZC] default value MPCBB3 and MPCBB5 - Privileged memory - MPCBB4 is applicable
2026-06-02 14:25:43,420 [INFO] Rule:224 - rule 117617 - U5Cobra4M][GTZC] default value MPCBB3 and MPCBB5 - Privileged memory - MPCBB1 is applicable
2026-06-02 14:25:43,420 [INFO] Rule:224 - rule 117617 - U5Cobra4M][GTZC] default value MPCBB3 and MPCBB5 - Privileged memory - MPCBB2 is applicable
2026-06-02 14:25:43,420 [INFO] Rule:224 - rule 117617 - U5Cobra4M][GTZC] default value MPCBB3 and MPCBB5 - Privileged memory - MPCBB3 is applicable
2026-06-02 14:25:43,420 [INFO] Rule:224 - rule 117617 - U5Cobra4M][GTZC] default value MPCBB3 and MPCBB5 - Privileged memory - MPCBB4 is applicable
2026-06-02 14:25:43,420 [INFO] Rule:224 - rule 117617 - U5Cobra4M][GTZC] default value MPCBB3 and MPCBB5 - Not Privileged memory - MPCBB1 is applicable
2026-06-02 14:25:43,420 [INFO] Rule:224 - rule 117617 - U5Cobra4M][GTZC] default value MPCBB3 and MPCBB5 - Not Privileged memory - MPCBB2 is applicable
2026-06-02 14:25:43,420 [INFO] Rule:224 - rule 117617 - U5Cobra4M][GTZC] default value MPCBB3 and MPCBB5 - Not Privileged memory - MPCBB3 is applicable
2026-06-02 14:25:43,420 [INFO] Rule:224 - rule 117617 - U5Cobra4M][GTZC] default value MPCBB3 and MPCBB5 - Not Privileged memory - MPCBB4 is applicable
2026-06-02 14:25:43,420 [INFO] Rule:224 - rule 117617 - U5Cobra4M][GTZC] default value MPCBB3 and MPCBB5 - Privileged memory - MPCBB1 is applicable
2026-06-02 14:25:43,420 [INFO] Rule:224 - rule 117617 - U5Cobra4M][GTZC] default value MPCBB3 and MPCBB5 - Privileged memory - MPCBB2 is applicable
2026-06-02 14:25:43,420 [INFO] Rule:224 - rule 117617 - U5Cobra4M][GTZC] default value MPCBB3 and MPCBB5 - Privileged memory - MPCBB3 is applicable
2026-06-02 14:25:43,421 [INFO] Rule:224 - rule 117617 - U5Cobra4M][GTZC] default value MPCBB3 and MPCBB5 - Privileged memory - MPCBB4 is applicable
2026-06-02 14:25:43,421 [INFO] Rule:224 - rule Rename SubGHz_Phy SUBGHZ_APPLICATION SUBGHZ_PINGPONG to SUBGHZ_ADV_APPLICATION is applicable
2026-06-02 14:25:43,421 [INFO] Rule:224 - rule Rename Enabled to IBEACON is applicable
2026-06-02 14:25:43,421 [INFO] Rule:224 - rule GTZC_S instance for project manager is applicable
2026-06-02 14:25:43,421 [INFO] Rule:224 - rule GTZC_S instance for context M33S is applicable
2026-06-02 14:25:43,421 [INFO] Rule:224 - rule GTZC_S instance value for IP GTZC is applicable
2026-06-02 14:25:43,421 [INFO] Rule:224 - rule GTZC_S instance for mcu.IP is applicable
2026-06-02 14:25:43,421 [INFO] Rule:224 - rule GTZC_S instance for VP is applicable
2026-06-02 14:25:43,421 [INFO] Rule:224 - rule GTZC_S instance for signal is applicable
2026-06-02 14:25:43,421 [INFO] Rule:224 - rule GTZC_S instance for mcu.Pin is applicable
2026-06-02 14:25:43,421 [INFO] Rule:224 - rule GTZC_S instance for VP is applicable
2026-06-02 14:25:43,421 [INFO] Rule:224 - rule GTZC_S instance for signal is applicable
2026-06-02 14:25:43,421 [INFO] Rule:224 - rule GTZC_S instance for mcu is applicable
2026-06-02 14:25:43,422 [INFO] Rule:224 - rule GTZC_S instance for mcu.Pin is applicable
2026-06-02 14:25:43,422 [INFO] Rule:224 - rule GTZC_S instance value for IP GTZC is applicable
2026-06-02 14:25:43,422 [INFO] Rule:224 - rule GTZC_S instance for project manager is applicable
2026-06-02 14:25:43,422 [INFO] Rule:224 - rule GTZC_S instance for context M33S is applicable
2026-06-02 14:25:43,422 [INFO] Rule:224 - rule GTZC_S instance for VP is applicable
2026-06-02 14:25:43,422 [INFO] Rule:224 - rule GTZC_S instance for signal is applicable
2026-06-02 14:25:43,422 [INFO] Rule:224 - rule SPDIFRX instance for mcu is applicable
2026-06-02 14:25:43,422 [INFO] Rule:224 - rule Rename Tracer Mode is applicable
2026-06-02 14:25:43,422 [INFO] Rule:224 - rule SPDIFRX instance value for IP SPDIFRX is applicable
2026-06-02 14:25:43,422 [INFO] Rule:224 - rule SPDIFRX instance for signal is applicable
2026-06-02 14:25:43,422 [INFO] Rule:224 - rule SPDIFRX instance for project manager is applicable
2026-06-02 14:25:43,423 [INFO] Rule:224 - rule SPDIFRX instance for project manager is applicable
2026-06-02 14:25:43,423 [INFO] Rule:224 - rule ADC Scan  fix with FW F7 is applicable
2026-06-02 14:25:43,423 [INFO] Rule:224 - rule ADC Scan  fix with FW F7 is applicable
2026-06-02 14:25:43,423 [INFO] Rule:224 - rule WakeUp0 Mode is applicable
2026-06-02 14:25:43,423 [INFO] Rule:224 - rule WakeUp0 SIGNAL is applicable
2026-06-02 14:25:43,423 [INFO] Rule:224 - rule WakeUp1 Mode is applicable
2026-06-02 14:25:43,423 [INFO] Rule:224 - rule WakeUp1 SIGNAL is applicable
2026-06-02 14:25:43,423 [INFO] Rule:224 - rule WakeUp2 Mode is applicable
2026-06-02 14:25:43,423 [INFO] Rule:224 - rule WakeUp2 SIGNAL is applicable
2026-06-02 14:25:43,423 [INFO] Rule:224 - rule WakeUp4 Mode is applicable
2026-06-02 14:25:43,423 [INFO] Rule:224 - rule WakeUp4 SIGNAL is applicable
2026-06-02 14:25:43,424 [INFO] Rule:224 - rule WakeUp5 Mode is applicable
2026-06-02 14:25:43,424 [INFO] Rule:224 - rule WakeUp5 SIGNAL is applicable
2026-06-02 14:25:43,424 [INFO] Rule:224 - rule Add RTC Activate Clock Source is applicable
2026-06-02 14:25:43,424 [INFO] Rule:224 - rule Add RTC Activate Calendar 1 is applicable
2026-06-02 14:25:43,424 [INFO] Rule:224 - rule Add RTC Activate Calendar 2 is applicable
2026-06-02 14:25:43,424 [INFO] Rule:224 - rule Add RTC Activate Calendar 3 is applicable
2026-06-02 14:25:43,424 [INFO] Rule:224 - rule UART/USART TX Mode is applicable
2026-06-02 14:25:43,424 [INFO] Rule:224 - rule UART/USART RX Mode is applicable
2026-06-02 14:25:43,424 [INFO] Rule:224 - rule UART/USART RX TX Mode is applicable
2026-06-02 14:25:43,424 [INFO] Rule:224 - rule UART/USART PARITY NONE is applicable
2026-06-02 14:25:43,424 [INFO] Rule:224 - rule UART/USART PARITY EVEN is applicable
2026-06-02 14:25:43,424 [INFO] Rule:224 - rule UART/USART PARITY ODD is applicable
2026-06-02 14:25:43,424 [INFO] Rule:224 - rule USART StopBits 1 is applicable
2026-06-02 14:25:43,424 [INFO] Rule:224 - rule USART StopBits 2 is applicable
2026-06-02 14:25:43,424 [INFO] Rule:224 - rule USART StopBits 1.5 is applicable
2026-06-02 14:25:43,425 [INFO] Rule:224 - rule USART StopBits 0.5 is applicable
2026-06-02 14:25:43,425 [INFO] Rule:224 - rule UART/USART WORD LENGTH 7 is applicable
2026-06-02 14:25:43,425 [INFO] Rule:224 - rule UART/USART WORD LENGTH 8 is applicable
2026-06-02 14:25:43,425 [INFO] Rule:224 - rule UART/USART WORD LENGTH 9 is applicable
2026-06-02 14:25:43,425 [INFO] Rule:224 - rule Rename FMC NAND NCE signal is applicable
2026-06-02 14:25:43,425 [INFO] Rule:224 - rule Rename FMC NAND INT signal is applicable
2026-06-02 14:25:43,425 [INFO] Rule:224 - rule Change Default Value for LSE Drive Capability for WB family is applicable
2026-06-02 14:25:43,425 [INFO] Rule:224 - rule Change Default Value for ADC Clock Prescaler G0 family is applicable
2026-06-02 14:25:43,425 [INFO] Rule:224 - rule Change Default Value for ADC ExternalTrigConv L4 family is applicable
2026-06-02 14:25:43,425 [INFO] Rule:224 - rule Change Default Value for ADC ExternalTrigInjecConv L4 family is applicable
2026-06-02 14:25:43,425 [INFO] Rule:224 - rule Change Default Value for ADC ExternalTrigConv F3 family is applicable
2026-06-02 14:25:43,425 [INFO] Rule:224 - rule Change Default Value for ADC ExternalTrigInjecConv F3 family is applicable
2026-06-02 14:25:43,425 [INFO] Rule:224 - rule Change Default Value for ADC ExternalTrigConv Goldfish serie is applicable
2026-06-02 14:25:43,425 [INFO] Rule:224 - rule Change Default Value for ADC ExternalTrigInjecConv Goldfish serie is applicable
2026-06-02 14:25:43,426 [INFO] Rule:224 - rule Change Default Value for ADC ExternalTrigConv L0 family is applicable
2026-06-02 14:25:43,426 [INFO] Rule:224 - rule Change Default Value for ADC ExternalTrigConv F0 family is applicable
2026-06-02 14:25:43,426 [INFO] Rule:224 - rule Change Default Value for ADC ExternalTrigConvn L1 family is applicable
2026-06-02 14:25:43,426 [INFO] Rule:224 - rule Change Default Value for ADC ExternalTrigInjecConv L1 family is applicable
2026-06-02 14:25:43,426 [INFO] Rule:224 - rule Change Default Value for ADC ExternalTrigConv F1 family is applicable
2026-06-02 14:25:43,426 [INFO] Rule:224 - rule Change Default Value for ADC ExternalTrigInjecConv F1 family is applicable
2026-06-02 14:25:43,426 [INFO] Rule:224 - rule Change Default Value for ADC ExternalTrigConv F7 family is applicable
2026-06-02 14:25:43,426 [INFO] Rule:224 - rule Change Default Value for ADC ExternalTrigInjecConv F7 family is applicable
2026-06-02 14:25:43,426 [INFO] Rule:224 - rule Change Default Value for ADC ExternalTrigConv F4 and F2 family is applicable
2026-06-02 14:25:43,426 [INFO] Rule:224 - rule Change Default Value for ADC ExternalTrigInjecConv F4 and F2 family is applicable
2026-06-02 14:25:43,426 [INFO] Rule:224 - rule ADC SamplingTime fix with FW L0  is applicable
2026-06-02 14:25:43,426 [INFO] Rule:224 - rule ADC SamplingTime fix with FW L0  is applicable
2026-06-02 14:25:43,426 [INFO] Rule:224 - rule ADC SamplingTime fix with FW L0 is applicable
2026-06-02 14:25:43,426 [INFO] Rule:224 - rule ADC SamplingTime fix with FW L0 is applicable
2026-06-02 14:25:43,426 [INFO] Rule:224 - rule ADC SamplingTime fix with FW L0  is applicable
2026-06-02 14:25:43,427 [INFO] Rule:224 - rule ADC SamplingTime fix with FW L0 is applicable
2026-06-02 14:25:43,427 [INFO] Rule:224 - rule Rename USB_OE Signal is applicable
2026-06-02 14:25:43,427 [INFO] Rule:224 - rule Rename Activate_OE Mode is applicable
2026-06-02 14:25:43,427 [INFO] Rule:224 - rule Rename DIE462/DIE415 pin PC14/OSC32_IN -> PC14-OSC32_IN (PC14) is applicable
2026-06-02 14:25:43,427 [INFO] Rule:224 - rule Rename DIE462/DIE415 pin PC15/OSC32_OUT -> PC15-OSC32_OUT (PC15) is applicable
2026-06-02 14:25:43,427 [INFO] Rule:224 - rule Rename DIE462/DIE415 pin PH0/OSC_IN -> PH0-OSC_IN (PH0) is applicable
2026-06-02 14:25:43,427 [INFO] Rule:224 - rule Rename DIE462/DIE415 pin PH1/OSC_OUT -> PH1-OSC_OUT (PH1) is applicable
2026-06-02 14:25:43,427 [INFO] Rule:224 - rule Rename DIE462 pin PA13 -> PA13 (JTMS/SWDIO) is applicable
2026-06-02 14:25:43,427 [INFO] Rule:224 - rule Rename DIE415 pin PA13 -> PA13 (JTMS/SWDIO) is applicable
2026-06-02 14:25:43,427 [INFO] Rule:224 - rule Rename DIE462 pin PA14 -> PA14 (JTCK/SWCLK) is applicable
2026-06-02 14:25:43,427 [INFO] Rule:224 - rule Rename DIE415 pin PA14 -> PA14 (JTCK/SWCLK) is applicable
2026-06-02 14:25:43,427 [INFO] Rule:224 - rule Rename DIE462/DIE415 pin PA15 -> PA15 (JTDI) is applicable
2026-06-02 14:25:43,427 [INFO] Rule:224 - rule Rename DIE462 pin PB3 -> PB3 (JTD0/TRACESWO) is applicable
2026-06-02 14:25:43,427 [INFO] Rule:224 - rule Rename DIE415 pin PB3 -> PB3 (JTD0-TRACESWO) is applicable
2026-06-02 14:25:43,427 [INFO] Rule:224 - rule Rename DIE462/DIE415 pin PB4 -> PB4 (NJTRST) is applicable
2026-06-02 14:25:43,428 [INFO] Rule:224 - rule Rename DIE462 pin PH3/BOOT0 -> PH3-BOOT0 (BOOT0) is applicable
2026-06-02 14:25:43,428 [INFO] Rule:224 - rule Rename CRYP DataEncryptionTypesList to Algorithm is applicable
2026-06-02 14:25:43,428 [INFO] Rule:224 - rule Rename AES DataEncryptionTypesList to Algorithm is applicable
2026-06-02 14:25:43,428 [INFO] Rule:224 - rule Rename TDESECB to CRYP_TDES_ECB is applicable
2026-06-02 14:25:43,428 [INFO] Rule:224 - rule Rename TDESCBC to CRYP_TDES_CBC is applicable
2026-06-02 14:25:43,428 [INFO] Rule:224 - rule Rename DESECB to CRYP_DES_ECB is applicable
2026-06-02 14:25:43,429 [INFO] Rule:224 - rule Rename DESCBC to CRYP_DES_CBC is applicable
2026-06-02 14:25:43,429 [INFO] Rule:224 - rule Rename AESECB to CRYP_AES_ECB is applicable
2026-06-02 14:25:43,429 [INFO] Rule:224 - rule Rename AESCBC to CRYP_AES_CBC is applicable
2026-06-02 14:25:43,429 [INFO] Rule:224 - rule Rename AESCTR to CRYP_AES_CTR is applicable
2026-06-02 14:25:43,429 [INFO] Rule:224 - rule Rename AESGCM to CRYP_AES_GCM is applicable
2026-06-02 14:25:43,429 [INFO] Rule:224 - rule Rename AESCCM to CRYP_AES_CCM is applicable
2026-06-02 14:25:43,429 [INFO] Rule:224 - rule Rename CAN TimeSeg1 to BS1 is applicable
2026-06-02 14:25:43,429 [INFO] Rule:224 - rule Rename CAN TimeSeg2 to BS2 is applicable
2026-06-02 14:25:43,429 [INFO] Rule:224 - rule Rename CAN SyncJumpWidth to SJW is applicable
2026-06-02 14:25:43,429 [INFO] Rule:224 - rule TimeTriggeredMode to TTCM is applicable
2026-06-02 14:25:43,429 [INFO] Rule:224 - rule Rename CAN AutoBusOff to ABOM is applicable
2026-06-02 14:25:43,429 [INFO] Rule:224 - rule Rename CAN AutoWakeUp to AWUM is applicable
2026-06-02 14:25:43,429 [INFO] Rule:224 - rule Rename CAN AutoRetransmission to NART is applicable
2026-06-02 14:25:43,429 [INFO] Rule:224 - rule Rename CAN ReceiveFifoLocked to RFLM is applicable
2026-06-02 14:25:43,429 [INFO] Rule:224 - rule Rename CAN TransmitFifoPriority to TXFP is applicable
2026-06-02 14:25:43,430 [INFO] Rule:224 - rule Rename HRTIMER HRTIM_OUTPUTFAULTLEVEL_HIGH in HRTIMER HRTIM_OUTPUTFAULTLEVEL_HIGHZ is applicable
2026-06-02 14:25:43,430 [INFO] Rule:224 - rule Rename TIMER TIM_CLEARINPUTSOURCE_OCREFCLR in  TIMER TIM_CLEARINPUTSOURCE_NONE for F7 family is applicable
2026-06-02 14:25:43,430 [INFO] Rule:224 - rule FDCAN_R1 - Rename FDCAN mode Master into Classic is applicable
2026-06-02 14:25:43,430 [INFO] Rule:224 - rule FDCAN_R2 - Rename FDCAN mode Slave into Classic is applicable
2026-06-02 14:25:43,430 [INFO] Rule:224 - rule FDCAN1_R3 - if PA10.Mode=FullDuplex, add Pin PA12 is applicable
2026-06-02 14:25:43,430 [INFO] Rule:224 - rule FDCAN1_R3 - if PA9.Mode=FullDuplex, add Pin PA11 is applicable
2026-06-02 14:25:43,430 [INFO] Rule:224 - rule FDCAN1_R3 - Alternatepin_1 - if PE1.Mode=FullDuplex, add Pin PB9 is applicable
2026-06-02 14:25:43,430 [INFO] Rule:224 - rule FDCAN1_R3 - Alternatepin_1 - if PE0.Mode=FullDuplex, add Pin PB8 is applicable
2026-06-02 14:25:43,430 [INFO] Rule:224 - rule FDCAN1_R3 - Alternatepin_2 - if PD5.Mode=FullDuplex, add Pin PD1 is applicable
2026-06-02 14:25:43,430 [INFO] Rule:224 - rule FDCAN1_R3 - Alternatepin_2 - if PD4.Mode=FullDuplex, add Pin PD0 is applicable
2026-06-02 14:25:43,430 [INFO] Rule:224 - rule FDCAN1_R4 - Rename Mode FullDuplex into Enable FDCAN_TXFD for pin PA10 is applicable
2026-06-02 14:25:43,430 [INFO] Rule:224 - rule FDCAN1_R4 - Rename Mode FullDuplex into Enable FDCAN_TXFD for pin PA9 is applicable
2026-06-02 14:25:43,430 [INFO] Rule:224 - rule FDCAN1_R4 - Alternatepin_1 - Rename Mode FullDuplex into Enable FDCAN_TXFD for pin PE1 is applicable
2026-06-02 14:25:43,430 [INFO] Rule:224 - rule FDCAN1_R4 - Alternatepin_1 - Rename Mode FullDuplex into Enable FDCAN_TXFD for pin PE0 is applicable
2026-06-02 14:25:43,430 [INFO] Rule:224 - rule FDCAN1_R4 - Alternatepin_2 - Rename Mode FullDuplex into Enable FDCAN_TXFD for pin PD5 is applicable
2026-06-02 14:25:43,430 [INFO] Rule:224 - rule FDCAN1_R4 - Alternatepin_2 - Rename Mode FullDuplex into Enable FDCAN_TXFD for pin PD4 is applicable
2026-06-02 14:25:43,430 [INFO] Rule:224 - rule FDCAN2_R3 - if PD10.Mode=FullDuplex, add Pin PB13 is applicable
2026-06-02 14:25:43,430 [INFO] Rule:224 - rule FDCAN2_R3 - if PD9.Mode=FullDuplex, add Pin PB12 is applicable
2026-06-02 14:25:43,430 [INFO] Rule:224 - rule FDCAN2_R3 - Alternatepin_1 - if PB7.Mode=FullDuplex, add Pin PB6 is applicable
2026-06-02 14:25:43,430 [INFO] Rule:224 - rule FDCAN2_R3 - Alternatepin_1 - if PD9.Mode=FullDuplex, add Pin PB12 is applicable
2026-06-02 14:25:43,430 [INFO] Rule:224 - rule FDCAN2_R4 - Rename Mode FullDuplex into Enable FDCAN_TXFD for pin PD10 is applicable
2026-06-02 14:25:43,430 [INFO] Rule:224 - rule FDCAN2_R4 - Rename Mode FullDuplex into Enable FDCAN_TXFD for pin PD9 is applicable
2026-06-02 14:25:43,430 [INFO] Rule:224 - rule FDCAN2_R4 - Alternatepin_1 - Rename Mode FullDuplex into Enable FDCAN_TXFD for pin PB7 is applicable
2026-06-02 14:25:43,432 [INFO] Rule:224 - rule FDCAN2_R4 - Alternatepin_1 - Rename Mode FullDuplex into Enable FDCAN_TXFD for pin PD6 is applicable
2026-06-02 14:25:43,432 [INFO] Rule:224 - rule USART TxPinLevelInvertParam Mode is applicable
2026-06-02 14:25:43,432 [INFO] Rule:224 - rule USART RxPinLevelInvertParam Mode is applicable
2026-06-02 14:25:43,432 [INFO] Rule:224 - rule USART DataInvertParam Mode is applicable
2026-06-02 14:25:43,432 [INFO] Rule:224 - rule USART SwapParam Mode is applicable
2026-06-02 14:25:43,433 [INFO] Rule:224 - rule USART OverrunDisableParam Mode is applicable
2026-06-02 14:25:43,433 [INFO] Rule:224 - rule USART DMADisableonRxErrorParam Mode is applicable
2026-06-02 14:25:43,433 [INFO] Rule:224 - rule USART MSBFirstParam Mode is applicable
2026-06-02 14:25:43,433 [INFO] Rule:224 - rule Update MwName for USB_DEVICE is applicable
2026-06-02 14:25:43,433 [INFO] Rule:224 - rule Change PWR_Regulator_Voltage_Scale Default Value for RCC  H7 family is applicable
2026-06-02 14:25:43,434 [INFO] Rule:224 - rule UART/USART IPParameter rename Prescaler parameter to ClockPrescaler is applicable
2026-06-02 14:25:43,434 [INFO] Rule:224 - rule UART/USART Prescaler rename Prescaler parameter to ClockPrescaler is applicable
2026-06-02 14:25:43,434 [INFO] Rule:224 - rule TIM1CLockSelection is applicable
2026-06-02 14:25:43,434 [INFO] Rule:224 - rule TIM15CLockSelection is applicable
2026-06-02 14:25:43,434 [INFO] Rule:224 - rule align RCC SDMMC3CLockSelection default value on MP1 is applicable
2026-06-02 14:25:43,435 [INFO] Rule:224 - rule align RCC SDMMC12CLockSelection default value on MP1 is applicable
2026-06-02 14:25:43,435 [INFO] Rule:224 - rule align RCC QSPICLockSelection default value on MP1 is applicable
2026-06-02 14:25:43,435 [INFO] Rule:224 - rule align RCC QSPICLockSelection default value on MP1 is applicable
2026-06-02 14:25:43,435 [INFO] Rule:224 - rule align RCC SPI6CLockSelection default value on MP1 is applicable
2026-06-02 14:25:43,435 [INFO] Rule:224 - rule align RCC LPTIM23CLockSelection default value on MP1 is applicable
2026-06-02 14:25:43,435 [INFO] Rule:224 - rule align RCC LPTIM1CLockSelection default value on MP1 is applicable
2026-06-02 14:25:43,435 [INFO] Rule:224 - rule align RCC USART1CLockSelection default value on MP1 is applicable
2026-06-02 14:25:43,435 [INFO] Rule:224 - rule align RCC USART24CLockSelection default value on MP1 is applicable
2026-06-02 14:25:43,435 [INFO] Rule:224 - rule align RCC USART6CLockSelection default value on MP1 is applicable
2026-06-02 14:25:43,435 [INFO] Rule:224 - rule align RCC UART78CLockSelection default value on MP1 is applicable
2026-06-02 14:25:43,435 [INFO] Rule:224 - rule align RCC USART35CLockSelection default value on MP1 is applicable
2026-06-02 14:25:43,435 [INFO] Rule:224 - rule align RCC SPI45CLockSelection default value on MP1 is applicable
2026-06-02 14:25:43,435 [INFO] Rule:224 - rule align RCC I2C46CLockSelection BCLK value on MP1 is applicable
2026-06-02 14:25:43,435 [INFO] Rule:224 - rule align RCC SPI45CLockSelection default value on MP1 is applicable
2026-06-02 14:25:43,435 [INFO] Rule:224 - rule align RCC I2C12CLockSelection default value on MP1 is applicable
2026-06-02 14:25:43,435 [INFO] Rule:224 - rule align RCC I2C35CLockSelection default value on MP1 is applicable
2026-06-02 14:25:43,436 [INFO] Rule:224 - rule align RCC LPTIM45CLockSelection default value on MP1 is applicable
2026-06-02 14:25:43,436 [INFO] Rule:224 - rule Rename DCMI PIXCK signal is applicable
2026-06-02 14:25:43,436 [INFO] Rule:224 - rule Change Default Value for I2C46CLockSelection MP1 family is applicable
2026-06-02 14:25:43,436 [INFO] Rule:224 - rule Change Default Value for UART for G4, G0 and WB families is applicable
2026-06-02 14:25:43,436 [INFO] Rule:224 - rule Change Default Value for USART for G4, G0 and WB families is applicable
2026-06-02 14:25:43,436 [INFO] Rule:224 - rule Change Default Value for USART for G4 family is applicable
2026-06-02 14:25:43,436 [INFO] Rule:224 - rule Change USART1CLockSelection refparam name for MP1 is applicable
2026-06-02 14:25:43,436 [INFO] Rule:224 - rule Change USART2CLockSelection refparam name for MP1 is applicable
2026-06-02 14:25:43,436 [INFO] Rule:224 - rule Change USART3CLockSelection refparam name for MP1 is applicable
2026-06-02 14:25:43,436 [INFO] Rule:224 - rule Change UART4CLockSelection refparam name for MP1 is applicable
2026-06-02 14:25:43,436 [INFO] Rule:224 - rule Change UART5CLockSelection refparam name for MP1 is applicable
2026-06-02 14:25:43,436 [INFO] Rule:224 - rule Change LPUART1CLockSelection refparam name for MP1 is applicable
2026-06-02 14:25:43,436 [INFO] Rule:224 - rule Change LPTIM1CLockSelection refparam name for MP1 is applicable
2026-06-02 14:25:43,436 [INFO] Rule:224 - rule Change LPTIM2CLockSelection refparam name for MP1 is applicable
2026-06-02 14:25:43,437 [INFO] Rule:224 - rule Change RCC_MCO1Source refparam name for MP1 is applicable
2026-06-02 14:25:43,437 [INFO] Rule:224 - rule Change LSCOSource1 refparam name for MP1 is applicable
2026-06-02 14:25:43,437 [INFO] Rule:224 - rule Change SMPSCLockSelection refparam name for MP1 is applicable
2026-06-02 14:25:43,437 [INFO] Rule:224 - rule Change LPTIM3CLockSelection refparam name for MP1 is applicable
2026-06-02 14:25:43,437 [INFO] Rule:224 - rule Change MPCBB* Default Template Mode to Parameters is applicable
2026-06-02 14:25:43,437 [INFO] Rule:224 - rule Change MPCWM* or MPCBB* Secure Mode to Parameters is applicable
2026-06-02 14:25:43,437 [INFO] Rule:224 - rule Change MPCWM* or MPCBB* No Secure Mode to Parameters is applicable
2026-06-02 14:25:43,437 [INFO] Rule:224 - rule Change TZSC IP Secure Mode to Parameters is applicable
2026-06-02 14:25:43,437 [INFO] Rule:224 - rule Change TZSC IP No Secure Mode to Parameters is applicable
2026-06-02 14:25:43,437 [INFO] Rule:224 - rule Change TZSC IP Privilege Mode to Parameters is applicable
2026-06-02 14:25:43,437 [INFO] Rule:224 - rule Change TZSC IP No Privilege Mode to Parameters is applicable
2026-06-02 14:25:43,437 [INFO] Rule:224 - rule Change TZIC IT Secure Mode to Parameters is applicable
2026-06-02 14:25:43,437 [INFO] Rule:224 - rule Change TZIC IT No Secure Mode to Parameters is applicable
2026-06-02 14:25:43,437 [INFO] Rule:224 - rule Add MPCBB1_NonSecureArea_Start_Address value with referenced to MPCBB1_NonSecureArea_Start value is applicable
2026-06-02 14:25:43,438 [INFO] Rule:224 - rule Add MPCBB2_NonSecureArea_Start_Address value with referenced to MPCBB2_NonSecureArea_Start value is applicable
2026-06-02 14:25:43,438 [INFO] Rule:224 - rule Add MPCWM1_NonSecureArea*_Start_Address value with referenced to MPCWM1_NonSecureArea*_Start value is applicable
2026-06-02 14:25:43,438 [INFO] Rule:224 - rule Add MPCWM2_NonSecureArea*_Start_Address value with referenced to MPCWM2_NonSecureArea*_Start value is applicable
2026-06-02 14:25:43,438 [INFO] Rule:224 - rule Add MPCWM3_NonSecureArea_Start_Address value with referenced to MPCWM3_NonSecureArea_Start value is applicable
2026-06-02 14:25:43,438 [INFO] Rule:224 - rule Change Default Value for PLL1UserDefinedConfig is applicable
2026-06-02 14:25:43,438 [INFO] Rule:224 - rule Change GPIO_PuPd Default Value for USART in async mode is applicable
2026-06-02 14:25:43,438 [INFO] Rule:224 - rule Change SMPSDivider Default Value is applicable
2026-06-02 14:25:43,438 [INFO] Rule:224 - rule OPAMP is applicable
2026-06-02 14:25:43,438 [INFO] Rule:224 - rule LPUART IPParameter rename Prescaler parameter to ClockPrescaler for STM32H7 is applicable
2026-06-02 14:25:43,438 [INFO] Rule:224 - rule LPUART IPParameter rename Prescaler parameter to ClockPrescaler for STM32H7 is applicable
2026-06-02 14:25:43,438 [INFO] Rule:224 - rule LPUART IPParameter rename Prescaler parameter to ClockPrescaler for STM32WB is applicable
2026-06-02 14:25:43,438 [INFO] Rule:224 - rule LPUART IPParameter rename Prescaler parameter to ClockPrescaler for STM32WB is applicable
2026-06-02 14:25:43,438 [INFO] Rule:224 - rule LPUART IPParameter rename Prescaler parameter to ClockPrescaler for STM32G4 is applicable
2026-06-02 14:25:43,438 [INFO] Rule:224 - rule LPUART IPParameter rename Prescaler parameter to ClockPrescaler for STM32G4 is applicable
2026-06-02 14:25:43,438 [INFO] Rule:224 - rule LPUART IPParameter rename Prescaler parameter to ClockPrescaler for STM32L5 is applicable
2026-06-02 14:25:43,439 [INFO] Rule:224 - rule LPUART IPParameter rename Prescaler parameter to ClockPrescaler for STM32L5 is applicable
2026-06-02 14:25:43,439 [INFO] Rule:224 - rule LPUART IPParameter rename Prescaler parameter to ClockPrescaler for STM32G4 is applicable
2026-06-02 14:25:43,439 [INFO] Rule:224 - rule LPUART IPParameter rename Prescaler parameter to ClockPrescaler for STM32G4 is applicable
2026-06-02 14:25:43,439 [INFO] Rule:224 - rule USB device lib V2.5.3 for L0 rename USBD_SUPPORT_USER_STRING parameter to USBD_SUPPORT_USER_STRING_DESC4 is applicable
2026-06-02 14:25:43,439 [INFO] Rule:224 - rule I2SCLockSelection clock entry align is applicable
2026-06-02 14:25:43,439 [INFO] Rule:224 - rule Assign TIMx context if used as SYS timebase is applicable
2026-06-02 14:25:43,439 [INFO] Rule:224 - rule Change GPIO_Pu Default Value for I2C is applicable
2026-06-02 14:25:43,439 [INFO] Rule:224 - rule Change GPIO_Pu Default Value for SMBus is applicable
2026-06-02 14:25:43,439 [INFO] Rule:224 - rule change FDCAN default value is applicable
2026-06-02 14:25:43,439 [INFO] Rule:224 - rule Change mode sai is applicable
2026-06-02 14:25:43,439 [INFO] Rule:224 - rule **Change sai mode is applicable
2026-06-02 14:25:43,439 [INFO] Rule:224 - rule Rename STM32WPAN CFG_BLE_IRK to CFG_BLE_IR is applicable
2026-06-02 14:25:43,439 [INFO] Rule:224 - rule Rename STM32WPAN CFG_BLE_ERK to CFG_BLE_ER is applicable
2026-06-02 14:25:43,439 [INFO] Rule:224 - rule Rename STM32WPAN CFG_BLE_IRK_HEX to CFG_BLE_IR_HEX is applicable
2026-06-02 14:25:43,439 [INFO] Rule:224 - rule Rename STM32WPAN CFG_BLE_ERK_HEX to CFG_BLE_ER_HEX is applicable
2026-06-02 14:25:43,439 [INFO] Rule:224 - rule Adapt Old IOC before rework replace old CORTEX_M33/CORTEX_M55 attributes by the new one. is applicable
2026-06-02 14:25:43,439 [INFO] Rule:224 - rule Rename parametre of RCC RCC_APBDBG_DIV2 to RCC_TIMPRES_DIV2 is applicable
2026-06-02 14:25:43,440 [INFO] Rule:224 - rule Rename DIE493 pin PA10 [PA12] -> PA10 is applicable
2026-06-02 14:25:43,440 [INFO] Rule:224 - rule Rename DIE493 pin PA9 [PA11] -> PA9 is applicable
2026-06-02 14:25:43,507 [INFO] DbConfProperties:307 - Apply Compatibility (50/266 Rules)
2026-06-02 14:25:43,563 [INFO] ImportTextPane:218 - (OptionalMessage_ERROR) Unable to find key (Mcu.ThirdPartyNb) in loaded IOC file
2026-06-02 14:25:43,571 [INFO] ImportTextPane:218 - (OptionalMessage_ERROR) Pin35 (VP_RIF_VS_RIF1) cannot be retrieved for this MCU
2026-06-02 14:25:43,839 [INFO] RtosManager:558 - Registered RTOS mode: class=CMSIS, group=RTOS, mode=CMSIS_V1, owner=FREERTOS
2026-06-02 14:25:43,839 [INFO] RtosManager:558 - Registered RTOS mode: class=CMSIS, group=RTOS2, mode=CMSIS_V2, owner=FREERTOS
2026-06-02 14:25:43,839 [INFO] RtosManager:558 - Registered RTOS mode: class=RTOS, group=Core, mode=CMSIS_V1, owner=FREERTOS
2026-06-02 14:25:43,839 [INFO] RtosManager:558 - Registered RTOS mode: class=RTOS, group=Core, mode=CMSIS_V2, owner=FREERTOS
2026-06-02 14:25:43,839 [WARN] ModelIntegratedComponent:184 - Missing modes for component STMicroelectronics:FreeRTOS:0.0.1:STMicroelectronics:RTOS:FreeRTOS:Core:::10.2.0:
2026-06-02 14:25:43,856 [WARN] ModelIntegratedComponent:63 - No mode defined for component null
2026-06-02 14:25:43,856 [WARN] ModelIntegratedComponent:63 - No mode defined for component null
2026-06-02 14:25:43,856 [WARN] ModelIntegratedComponent:63 - No mode defined for component null
2026-06-02 14:25:43,856 [WARN] ModelIntegratedComponent:63 - No mode defined for component null
2026-06-02 14:25:43,856 [WARN] ModelIntegratedComponent:63 - No mode defined for component null
2026-06-02 14:25:43,856 [WARN] ModelIntegratedComponent:63 - No mode defined for component null
2026-06-02 14:25:43,857 [WARN] ModelIntegratedComponent:63 - No mode defined for component null
2026-06-02 14:25:43,857 [WARN] ModelIntegratedComponent:63 - No mode defined for component null
2026-06-02 14:25:43,857 [WARN] ModelIntegratedComponent:63 - No mode defined for component null
2026-06-02 14:25:43,857 [WARN] ModelIntegratedComponent:63 - No mode defined for component null
2026-06-02 14:25:43,857 [WARN] ModelIntegratedComponent:63 - No mode defined for component null
2026-06-02 14:25:43,857 [WARN] ModelIntegratedComponent:63 - No mode defined for component null
2026-06-02 14:25:43,857 [WARN] ModelIntegratedComponent:63 - No mode defined for component null
2026-06-02 14:25:43,857 [WARN] ModelIntegratedComponent:63 - No mode defined for component null
2026-06-02 14:25:43,857 [WARN] ModelIntegratedComponent:63 - No mode defined for component null
2026-06-02 14:25:43,857 [WARN] ModelIntegratedComponent:63 - No mode defined for component null
2026-06-02 14:25:43,857 [WARN] ModelIntegratedComponent:63 - No mode defined for component null
2026-06-02 14:25:43,857 [WARN] ModelIntegratedComponent:63 - No mode defined for component null
2026-06-02 14:25:43,857 [WARN] ModelIntegratedComponent:63 - No mode defined for component null
2026-06-02 14:25:43,858 [WARN] ModelIntegratedComponent:63 - No mode defined for component null
2026-06-02 14:25:43,858 [WARN] ModelIntegratedComponent:63 - No mode defined for component null
2026-06-02 14:25:43,858 [WARN] ModelIntegratedComponent:63 - No mode defined for component null
2026-06-02 14:25:43,858 [WARN] ModelIntegratedComponent:63 - No mode defined for component null
2026-06-02 14:25:43,858 [WARN] ModelIntegratedComponent:63 - No mode defined for component null
2026-06-02 14:25:43,858 [WARN] ModelIntegratedComponent:63 - No mode defined for component null
2026-06-02 14:25:43,858 [WARN] ModelIntegratedComponent:63 - No mode defined for component null
2026-06-02 14:25:43,858 [WARN] ModelIntegratedComponent:63 - No mode defined for component null
2026-06-02 14:25:43,858 [WARN] ModelIntegratedComponent:63 - No mode defined for component null
2026-06-02 14:25:43,858 [WARN] ModelIntegratedComponent:63 - No mode defined for component null
2026-06-02 14:25:43,858 [WARN] ModelIntegratedComponent:63 - No mode defined for component null
2026-06-02 14:25:43,858 [WARN] ModelIntegratedComponent:63 - No mode defined for component null
2026-06-02 14:25:43,859 [WARN] ModelIntegratedComponent:63 - No mode defined for component null
2026-06-02 14:25:43,859 [WARN] ModelIntegratedComponent:63 - No mode defined for component null
2026-06-02 14:25:43,859 [WARN] ModelIntegratedComponent:63 - No mode defined for component null
2026-06-02 14:25:43,859 [WARN] ModelIntegratedComponent:63 - No mode defined for component null
2026-06-02 14:25:43,859 [WARN] ModelPack:524 - Component already loaded: STMicroelectronics:HAL Drivers:0.0.0:STMicroelectronics:Device:STMicro_Driver:XSPI:HAL::0.0.1:HAL_XSPI
2026-06-02 14:25:44,068 [INFO] ThirdPartyModel:298 - Start build external matchings
2026-06-02 14:25:45,125 [INFO] ThirdPartyModel:316 - End build external matchings
2026-06-02 14:25:45,152 [INFO] ImportTextPane:218 - (OptionalMessage_ERROR) IP (RCC) : Parameter (RTCHSEDivFreq_Value) has invalid value (4000000)
2026-06-02 14:25:45,698 [INFO] UtilMem:75 - End LoadConfig() Used Memory: 911568408 Bytes (1073741824)
2026-06-02 14:25:45,957 [WARN] ThirdParty:833 - waiting for thirdparty lock release [change project]
2026-06-02 14:25:45,958 [INFO] ThirdParty:835 - entering critical section [change project]
2026-06-02 14:25:45,958 [INFO] ThirdParty:1030 - CMSIS Pack Vendor :STMicroelectronics X-CUBE-AZRTOS-H7 3.5.0
2026-06-02 14:25:45,958 [INFO] ThirdParty:1030 - CMSIS Pack Vendor :STMicroelectronics X-CUBE-PM33A1 1.0.0
2026-06-02 14:25:45,958 [INFO] ThirdParty:1030 - CMSIS Pack Vendor :STMicroelectronics USBPD 4.1
2026-06-02 14:25:45,958 [INFO] ThirdParty:1030 - CMSIS Pack Vendor :STMicroelectronics X-CUBE-NFC9 1.0.0
2026-06-02 14:25:45,958 [INFO] ThirdParty:1030 - CMSIS Pack Vendor :STMicroelectronics USB_HOST 2.0.0
2026-06-02 14:25:45,958 [INFO] ThirdParty:1030 - CMSIS Pack Vendor :STMicroelectronics X-CUBE-AZRTOS-F4 1.1.0
2026-06-02 14:25:45,958 [INFO] ThirdParty:1030 - CMSIS Pack Vendor :STMicroelectronics LIBJPEG 8.0.0
2026-06-02 14:25:45,958 [INFO] ThirdParty:1030 - CMSIS Pack Vendor :STMicroelectronics FP-ATR-ASTRA1 2.0.2
2026-06-02 14:25:45,958 [INFO] ThirdParty:1030 - CMSIS Pack Vendor :STMicroelectronics X-CUBE-BLE1 7.1.0
2026-06-02 14:25:45,958 [INFO] ThirdParty:1030 - CMSIS Pack Vendor :STMicroelectronics X-CUBE-SMBUS 2.1.0
2026-06-02 14:25:45,958 [INFO] ThirdParty:1030 - CMSIS Pack Vendor :wolfSSL I-CUBE-wolfMQTT 1.19.2
2026-06-02 14:25:45,958 [INFO] ThirdParty:1030 - CMSIS Pack Vendor :STMicroelectronics USB_DEVICE 3.0.0
2026-06-02 14:25:45,958 [INFO] ThirdParty:1030 - CMSIS Pack Vendor :STMicroelectronics X-CUBE-ISPU 2.1.0
2026-06-02 14:25:45,958 [INFO] ThirdParty:1030 - CMSIS Pack Vendor :STMicroelectronics X-CUBE-EEPRMA1 5.2.0
2026-06-02 14:25:45,958 [INFO] ThirdParty:1030 - CMSIS Pack Vendor :STMicroelectronics X-CUBE-BLEMGR 4.1.0
2026-06-02 14:25:45,958 [INFO] ThirdParty:1030 - CMSIS Pack Vendor :STMicroelectronics eDS-WB_DPC_TT-BIDIR 2.1.1
2026-06-02 14:25:45,959 [INFO] ThirdParty:1030 - CMSIS Pack Vendor :STMicroelectronics X-CUBE-AZRTOS-WB 2.0.0
2026-06-02 14:25:45,959 [INFO] ThirdParty:1030 - CMSIS Pack Vendor :wolfSSL I-CUBE-wolfSSL 5.8.4
2026-06-02 14:25:45,959 [INFO] ThirdParty:1030 - CMSIS Pack Vendor :STMicroelectronics X-CUBE-NFC12 1.0.0
2026-06-02 14:25:45,959 [INFO] ThirdParty:1030 - CMSIS Pack Vendor :STMicroelectronics X-CUBE-AZRTOS-F7 1.1.0
2026-06-02 14:25:45,959 [INFO] ThirdParty:1030 - CMSIS Pack Vendor :STMicroelectronics X-CUBE-AZRTOS-L5 2.0.0
2026-06-02 14:25:45,959 [INFO] ThirdParty:1030 - CMSIS Pack Vendor :STMicroelectronics USB_DEVICE 2.0.0
2026-06-02 14:25:45,959 [INFO] ThirdParty:1030 - CMSIS Pack Vendor :quantropi X-CUBE-qispace-sdk-base 2.1.0
2026-06-02 14:25:45,959 [INFO] ThirdParty:1030 - CMSIS Pack Vendor :STMicroelectronics X-CUBE-MEMS1 12.0.0
2026-06-02 14:25:45,959 [INFO] ThirdParty:1030 - CMSIS Pack Vendor :STMicroelectronics X-CUBE-STSE01 2.0.0
2026-06-02 14:25:45,959 [INFO] ThirdParty:1030 - CMSIS Pack Vendor :STMicroelectronics X-CUBE-ALGOBUILD 1.5.0
2026-06-02 14:25:45,959 [INFO] ThirdParty:1030 - CMSIS Pack Vendor :STMicroelectronics FreeRTOS 0.0.1
2026-06-02 14:25:45,959 [INFO] ThirdParty:1030 - CMSIS Pack Vendor :STMicroelectronics X-CUBE-AZRTOS-G0 1.1.0
2026-06-02 14:25:45,959 [INFO] ThirdParty:1030 - CMSIS Pack Vendor :STMicroelectronics X-CUBE-NFC4 3.0.0
2026-06-02 14:25:45,959 [INFO] ThirdParty:1030 - CMSIS Pack Vendor :STMicroelectronics X-CUBE-SUBG2 5.0.0
2026-06-02 14:25:45,959 [INFO] ThirdParty:1030 - CMSIS Pack Vendor :STMicroelectronics STM32_WPAN 1.0.0
2026-06-02 14:25:45,959 [INFO] ThirdParty:1030 - CMSIS Pack Vendor :STMicroelectronics eDS-WB_DPC_VIENNA 1.2.0
2026-06-02 14:25:45,959 [INFO] ThirdParty:1030 - CMSIS Pack Vendor :EmbeddedOffice I-CUBE-FS-RTOS 1.0.1
2026-06-02 14:25:45,959 [INFO] ThirdParty:1030 - CMSIS Pack Vendor :STMicroelectronics lwIP 2.0.3
2026-06-02 14:25:45,959 [INFO] ThirdParty:1030 - CMSIS Pack Vendor :STMicroelectronics eDS-WB_DPC_3PH2L-BIDIR 1.1.1
2026-06-02 14:25:45,959 [INFO] ThirdParty:1030 - CMSIS Pack Vendor :STMicroelectronics USB_HOST 1.0.0
2026-06-02 14:25:45,960 [INFO] ThirdParty:1030 - CMSIS Pack Vendor :STMicroelectronics X-CUBE-AZRTOS-G4 2.0.0
2026-06-02 14:25:45,960 [INFO] ThirdParty:1030 - CMSIS Pack Vendor :STMicroelectronics PDM2PCM 3.1.0
2026-06-02 14:25:45,960 [INFO] ThirdParty:1030 - CMSIS Pack Vendor :STMicroelectronics PDM2PCM 3.3.0
2026-06-02 14:25:45,960 [INFO] ThirdParty:1030 - CMSIS Pack Vendor :wolfSSL I-CUBE-wolfTPM 3.8.0
2026-06-02 14:25:45,960 [INFO] ThirdParty:1030 - CMSIS Pack Vendor :STMicroelectronics X-CUBE-DISPLAY 3.0.0
2026-06-02 14:25:45,960 [INFO] ThirdParty:1030 - CMSIS Pack Vendor :wolfSSL I-CUBE-wolfSSH 1.4.20
2026-06-02 14:25:45,960 [INFO] ThirdParty:1030 - CMSIS Pack Vendor :STMicroelectronics X-CUBE-NFC7 2.0.0
2026-06-02 14:25:45,960 [INFO] ThirdParty:1030 - CMSIS Pack Vendor :STMicroelectronics X-CUBE-GNSS1 7.1.1
2026-06-02 14:25:45,960 [INFO] ThirdParty:1030 - CMSIS Pack Vendor :STMicroelectronics X-CUBE-TCPP 4.2.0
2026-06-02 14:25:45,960 [INFO] ThirdParty:1030 - CMSIS Pack Vendor :RealThread X-CUBE-RT-Thread_Nano 4.1.1
2026-06-02 14:25:45,960 [INFO] ThirdParty:1030 - CMSIS Pack Vendor :STMicroelectronics FP-ATR-SIGFOX1 3.2.0
2026-06-02 14:25:45,960 [INFO] ThirdParty:1030 - CMSIS Pack Vendor :STMicroelectronics X-CUBE-NFC10 1.0.0
2026-06-02 14:25:45,960 [INFO] ThirdParty:1030 - CMSIS Pack Vendor :STMicroelectronics HAL Drivers 0.0.0
2026-06-02 14:25:45,960 [INFO] ThirdParty:1030 - CMSIS Pack Vendor :STMicroelectronics MBEDTLS 2.16.2
2026-06-02 14:25:45,960 [INFO] ThirdParty:1030 - CMSIS Pack Vendor :STMicroelectronics X-CUBE-ST60 1.1.0
2026-06-02 14:25:45,960 [INFO] ThirdParty:1030 - CMSIS Pack Vendor :STMicroelectronics X-CUBE-ALS 1.0.2
2026-06-02 14:25:45,960 [INFO] ThirdParty:1030 - CMSIS Pack Vendor :emotas I-CUBE-CANOPEN 1.3.0
2026-06-02 14:25:45,961 [INFO] ThirdParty:1030 - CMSIS Pack Vendor :STMicroelectronics MBEDTLS 2.14.1
2026-06-02 14:25:45,961 [INFO] ThirdParty:1030 - CMSIS Pack Vendor :STMicroelectronics X-CUBE-GNSS1 7.1.0
2026-06-02 14:25:45,961 [INFO] ThirdParty:1030 - CMSIS Pack Vendor :ITTIA_DB I-CUBE-ITTIADB 8.9.0
2026-06-02 14:25:45,961 [INFO] ThirdParty:1030 - CMSIS Pack Vendor :Cesanta I-CUBE-Mongoose 7.21.0
2026-06-02 14:25:45,961 [INFO] ThirdParty:1030 - CMSIS Pack Vendor :STMicroelectronics X-CUBE-TOUCHGFX 4.26.1
2026-06-02 14:25:45,961 [INFO] ThirdParty:1030 - CMSIS Pack Vendor :STMicroelectronics X-CUBE-NFC6 3.2.0
2026-06-02 14:25:45,961 [INFO] ThirdParty:1030 - CMSIS Pack Vendor :STMicroelectronics X-CUBE-AI 10.2.0
2026-06-02 14:25:45,961 [INFO] ThirdParty:1030 - CMSIS Pack Vendor :STMicroelectronics FP-SNS-STAIOTCFT 1.0.0
2026-06-02 14:25:45,961 [INFO] ThirdParty:1030 - CMSIS Pack Vendor :STMicroelectronics ThreadX 1.0.0
2026-06-02 14:25:45,961 [INFO] ThirdParty:1030 - CMSIS Pack Vendor :STMicroelectronics FP-SNS-SMARTAG2 1.2.0
2026-06-02 14:25:45,961 [INFO] ThirdParty:1030 - CMSIS Pack Vendor :STMicroelectronics X-CUBE-MEMS1 12.1.0
2026-06-02 14:25:45,961 [INFO] ThirdParty:1030 - CMSIS Pack Vendor :STMicroelectronics FP-SNS-FLIGHT1 5.1.0
2026-06-02 14:25:45,961 [INFO] ThirdParty:1030 - CMSIS Pack Vendor :STMicroelectronics X-CUBE-AZRTOS-WL 2.0.0
2026-06-02 14:25:45,961 [INFO] ThirdParty:1030 - CMSIS Pack Vendor :SEGGER I-CUBE-embOS 1.3.1
2026-06-02 14:25:45,961 [INFO] ThirdParty:1030 - CMSIS Pack Vendor :STMicroelectronics X-CUBE-ALGOBUILD 1.4.0
2026-06-02 14:25:45,961 [INFO] ThirdParty:1030 - CMSIS Pack Vendor :STMicroelectronics X-CUBE-DPower 1.3.0
2026-06-02 14:25:45,961 [INFO] ThirdParty:1030 - CMSIS Pack Vendor :STMicroelectronics USB_DEVICE 1.0.0
2026-06-02 14:25:45,961 [INFO] ThirdParty:1030 - CMSIS Pack Vendor :STMicroelectronics X-CUBE-AZRTOS-H7RS 1.2.0
2026-06-02 14:25:45,961 [INFO] ThirdParty:1030 - CMSIS Pack Vendor :STMicroelectronics X-CUBE-AZRTOS-L4 2.0.0
2026-06-02 14:25:45,961 [INFO] ThirdParty:1030 - CMSIS Pack Vendor :STMicroelectronics ThreadX 0.0.2
2026-06-02 14:25:45,961 [INFO] ThirdParty:1030 - CMSIS Pack Vendor :STMicroelectronics lwIP 2.1.2
2026-06-02 14:25:45,962 [INFO] ThirdParty:1030 - CMSIS Pack Vendor :STMicroelectronics X-CUBE-SFXS2LP1 4.0.0
2026-06-02 14:25:45,962 [INFO] ThirdParty:1030 - CMSIS Pack Vendor :STMicroelectronics X-CUBE-BLE2 3.3.0
2026-06-02 14:25:45,962 [INFO] ThirdParty:1030 - CMSIS Pack Vendor :Avnet-IOTCONNECT X-CUBE-iotc-st67-sdk 1.0.0
2026-06-02 14:25:45,962 [INFO] ThirdParty:1030 - CMSIS Pack Vendor :STMicroelectronics X-CUBE-TOF1 3.4.3
2026-06-02 14:25:45,962 [INFO] ThirdParty:1030 - CMSIS Pack Vendor :Infineon AIROC-Wi-Fi-Bluetooth-STM32 1.8.0
2026-06-02 14:25:45,962 [INFO] ThirdParty:1030 - CMSIS Pack Vendor :STMicroelectronics PDM2PCM 3.2.0
2026-06-02 14:25:45,962 [INFO] ThirdParty:1030 - CMSIS Pack Vendor :STMicroelectronics X-CUBE-WB05N 2.1.0
2026-06-02 14:25:45,962 [INFO] ThirdParty:841 - exiting critical section [change project]
2026-06-02 14:25:46,619 [INFO] PinOutPanel:1589 - setPackage(No Configuration,No Configuration)
2026-06-02 14:25:46,622 [INFO] PinOutPanel:1589 - setPackage(STM32F407VGTx,LQFP100)
2026-06-02 14:25:47,086 [INFO] UtilMem:75 - Before build in PCC Used Memory: 949204272 Bytes (1073741824)
2026-06-02 14:25:47,676 [INFO] UtilMem:75 - After build in PCC Used Memory: 994815280 Bytes (1073741824)
2026-06-02 14:25:47,716 [INFO] ApiDbMcu:508 - Load IP Config File for USB_HOST
2026-06-02 14:25:47,721 [WARN] BspModel:444 - BSP dependency skipped because of component: name='IOExpander', api='Unknown'
2026-06-02 14:25:47,796 [INFO] IPUIPlugin:80 - create IPUIPlugin
2026-06-02 14:25:47,797 [INFO] IPUIPlugin:80 - create IPUIPlugin
2026-06-02 14:25:47,797 [INFO] IPUIPlugin:80 - create IPUIPlugin
2026-06-02 14:25:47,797 [INFO] IPUIPlugin:80 - create IPUIPlugin
2026-06-02 14:25:47,797 [INFO] IPUIPlugin:80 - create IPUIPlugin
2026-06-02 14:25:47,799 [INFO] IPUIPlugin:80 - create IPUIPlugin
2026-06-02 14:25:47,800 [INFO] IPUIPlugin:80 - create IPUIPlugin
2026-06-02 14:25:47,800 [INFO] IPUIPlugin:80 - create IPUIPlugin
2026-06-02 14:25:47,801 [INFO] IPUIPlugin:80 - create IPUIPlugin
2026-06-02 14:25:47,801 [INFO] IPUIPlugin:80 - create IPUIPlugin
2026-06-02 14:25:47,802 [INFO] IPUIPlugin:80 - create IPUIPlugin
2026-06-02 14:25:47,802 [INFO] IPUIPlugin:80 - create IPUIPlugin
2026-06-02 14:25:47,802 [INFO] IPUIPlugin:80 - create IPUIPlugin
2026-06-02 14:25:47,802 [INFO] IPUIPlugin:80 - create IPUIPlugin
2026-06-02 14:25:47,803 [INFO] IPUIPlugin:80 - create IPUIPlugin
2026-06-02 14:25:47,803 [INFO] IPUIPlugin:80 - create IPUIPlugin
2026-06-02 14:25:47,803 [INFO] IPUIPlugin:80 - create IPUIPlugin
2026-06-02 14:25:47,803 [INFO] IPUIPlugin:80 - create IPUIPlugin
2026-06-02 14:25:47,803 [INFO] IPUIPlugin:80 - create IPUIPlugin
2026-06-02 14:25:47,804 [INFO] IPUIPlugin:80 - create IPUIPlugin
2026-06-02 14:25:47,804 [INFO] IPUIPlugin:80 - create IPUIPlugin
2026-06-02 14:25:47,804 [INFO] IPUIPlugin:80 - create IPUIPlugin
2026-06-02 14:25:47,804 [INFO] IPUIPlugin:80 - create IPUIPlugin
2026-06-02 14:25:47,805 [INFO] IPUIPlugin:80 - create IPUIPlugin
2026-06-02 14:25:47,805 [INFO] IPUIPlugin:80 - create IPUIPlugin
2026-06-02 14:25:47,805 [INFO] IPUIPlugin:80 - create IPUIPlugin
2026-06-02 14:25:47,806 [INFO] IPUIPlugin:80 - create IPUIPlugin
2026-06-02 14:25:47,806 [INFO] IPUIPlugin:80 - create IPUIPlugin
2026-06-02 14:25:47,806 [INFO] IPUIPlugin:80 - create IPUIPlugin
2026-06-02 14:25:47,806 [INFO] IPUIPlugin:80 - create IPUIPlugin
2026-06-02 14:25:47,807 [INFO] IPUIPlugin:80 - create IPUIPlugin
2026-06-02 14:25:47,807 [INFO] IPUIPlugin:80 - create IPUIPlugin
2026-06-02 14:25:47,807 [INFO] IPUIPlugin:80 - create IPUIPlugin
2026-06-02 14:25:47,807 [INFO] IPUIPlugin:80 - create IPUIPlugin
2026-06-02 14:25:47,808 [INFO] IPUIPlugin:80 - create IPUIPlugin
2026-06-02 14:25:47,808 [INFO] IPUIPlugin:80 - create IPUIPlugin
2026-06-02 14:25:47,808 [INFO] IPUIPlugin:80 - create IPUIPlugin
2026-06-02 14:25:47,809 [INFO] IPUIPlugin:80 - create IPUIPlugin
2026-06-02 14:25:47,809 [INFO] IPUIPlugin:80 - create IPUIPlugin
2026-06-02 14:25:47,809 [INFO] IPUIPlugin:80 - create IPUIPlugin
2026-06-02 14:25:47,809 [INFO] IPUIPlugin:80 - create IPUIPlugin
2026-06-02 14:25:47,810 [INFO] IPUIPlugin:80 - create IPUIPlugin
2026-06-02 14:25:47,810 [INFO] IPUIPlugin:80 - create IPUIPlugin
2026-06-02 14:25:47,810 [INFO] IPUIPlugin:80 - create IPUIPlugin
2026-06-02 14:25:47,811 [INFO] IPUIPlugin:80 - create IPUIPlugin
2026-06-02 14:25:47,812 [INFO] IPUIPlugin:80 - create IPUIPlugin
2026-06-02 14:25:47,813 [INFO] IPUIPlugin:80 - create IPUIPlugin
2026-06-02 14:25:47,814 [INFO] IPUIPlugin:80 - create IPUIPlugin
2026-06-02 14:25:47,815 [INFO] IPUIPlugin:80 - create IPUIPlugin
2026-06-02 14:25:47,816 [INFO] IPUIPlugin:80 - create IPUIPlugin
2026-06-02 14:25:47,817 [INFO] IPUIPlugin:80 - create IPUIPlugin
2026-06-02 14:25:47,817 [INFO] IPUIPlugin:80 - create IPUIPlugin
2026-06-02 14:25:47,818 [INFO] IPUIPlugin:80 - create IPUIPlugin
2026-06-02 14:25:47,819 [INFO] IPUIPlugin:80 - create IPUIPlugin
2026-06-02 14:25:47,819 [INFO] IPUIPlugin:80 - create IPUIPlugin
2026-06-02 14:25:47,820 [INFO] IPUIPlugin:80 - create IPUIPlugin
2026-06-02 14:25:47,820 [INFO] IPUIPlugin:80 - create IPUIPlugin
2026-06-02 14:25:47,821 [INFO] IPUIPlugin:80 - create IPUIPlugin
2026-06-02 14:25:47,856 [INFO] ApiDbMcu:508 - Load IP Config File for PDM2PCM
2026-06-02 14:25:47,863 [WARN] IP:2250 - I2C_Coeff_DF not found: check if there is a RefParameter without a condition.
2026-06-02 14:25:47,863 [WARN] IP:2250 - Analog_Filter not found: check if there is a RefParameter without a condition.
2026-06-02 14:25:47,884 [INFO] I2sManager:658 - 9.6E7
2026-06-02 14:25:47,885 [INFO] I2sManager:195 - I2S Clock Value : 9.6E7
2026-06-02 14:25:47,891 [INFO] I2sManager:553 - AudioClock : 93750Divider : 2Odd : 0
2026-06-02 14:25:48,049 [INFO] CADModel:165 - CPN selected for project levelSTM32F407VGT6
2026-06-02 14:25:48,050 [INFO] CADModel:114 - Register for checkConnection events
2026-06-02 14:25:48,118 [INFO] OpenFileManager:385 - Restore cursor
2026-06-02 14:25:48,465 [WARN] IP:2250 - I2C_Coeff_DF not found: check if there is a RefParameter without a condition.
2026-06-02 14:25:48,466 [WARN] IP:2250 - Analog_Filter not found: check if there is a RefParameter without a condition.
2026-06-02 14:25:48,466 [WARN] IP:2250 - I2C_Coeff_DF not found: check if there is a RefParameter without a condition.
2026-06-02 14:25:48,466 [WARN] IP:2250 - Analog_Filter not found: check if there is a RefParameter without a condition.
2026-06-02 14:25:48,972 [INFO] UtilMem:75 - End SaveConfig() Used Memory: 978413040 Bytes (1073741824)
2026-06-02 14:25:49,197 [INFO] UtilMem:75 - End SaveConfig() Used Memory: 842671040 Bytes (1073741824)
2026-06-02 14:25:49,701 [INFO] BlockDiagram:2775 - set Specific Code input for plugin: SPI
2026-06-02 14:25:49,701 [INFO] BlockDiagram:2775 - set Specific Code input for plugin: I2S
2026-06-02 14:25:49,702 [INFO] BlockDiagram:2775 - set Specific Code input for plugin: SYS
2026-06-02 14:25:49,702 [INFO] BlockDiagram:2775 - set Specific Code input for plugin: RCC
2026-06-02 14:25:49,702 [INFO] BlockDiagram:2775 - set Specific Code input for plugin: I2C
2026-06-02 14:25:49,702 [INFO] BlockDiagram:2775 - set Specific Code input for plugin: USB_OTG_FS
2026-06-02 14:25:49,702 [INFO] BlockDiagram:2775 - set Specific Code input for plugin: NVIC
2026-06-02 14:25:49,702 [INFO] BlockDiagram:2775 - set Specific Code input for plugin: USB_HOST
2026-06-02 14:25:49,703 [INFO] BlockDiagram:2775 - set Specific Code input for plugin: GPIO
2026-06-02 14:25:49,704 [INFO] CodeGenerator:882 - code generatio: config db path: C:\ST\STM32CubeIDE_1.18.0\STM32CubeIDE\plugins\com.st.stm32cube.common.mx_6.14.0.202502271554\\db\
2026-06-02 14:25:49,712 [WARN] IP:2250 - I2C_Coeff_DF not found: check if there is a RefParameter without a condition.
2026-06-02 14:25:49,712 [WARN] IP:2250 - Analog_Filter not found: check if there is a RefParameter without a condition.
2026-06-02 14:25:50,073 [INFO] CodeEngine:263 - oldGeneratedFile, C:\Users\hp\STM32CubeIDE\workspace_1.18.0\40_Internal_Flash_with_Ultrasonic\MXTmpFiles\license.tmp_save
2026-06-02 14:25:50,783 [INFO] CodeEngine:287 - Generated code: C:\Users\hp\STM32CubeIDE\workspace_1.18.0\40_Internal_Flash_with_Ultrasonic\MXTmpFiles\license.tmp
2026-06-02 14:25:50,970 [INFO] CodeEngine:263 - oldGeneratedFile, C:\Users\hp\STM32CubeIDE\workspace_1.18.0\40_Internal_Flash_with_Ultrasonic\MXTmpFiles\gpio.tmp_save
2026-06-02 14:25:51,263 [INFO] CodeEngine:287 - Generated code: C:\Users\hp\STM32CubeIDE\workspace_1.18.0\40_Internal_Flash_with_Ultrasonic\MXTmpFiles\gpio.tmp
2026-06-02 14:25:51,505 [WARN] IPConfigManager:3174 - Warning: the RefConfig PWREx_EnableUSBVoltageDetector is not available in your config.xml file
2026-06-02 14:25:51,551 [INFO] CodeEngine:263 - oldGeneratedFile, C:\Users\hp\STM32CubeIDE\workspace_1.18.0\40_Internal_Flash_with_Ultrasonic\MXTmpFiles\usb_otg_fs_vars.tmp_save
2026-06-02 14:25:51,739 [INFO] CodeEngine:287 - Generated code: C:\Users\hp\STM32CubeIDE\workspace_1.18.0\40_Internal_Flash_with_Ultrasonic\MXTmpFiles\usb_otg_fs_vars.tmp
2026-06-02 14:25:51,763 [INFO] CodeEngine:263 - oldGeneratedFile, C:\Users\hp\STM32CubeIDE\workspace_1.18.0\40_Internal_Flash_with_Ultrasonic\MXTmpFiles\usb_otg_fs_inc.tmp_save
2026-06-02 14:25:51,893 [INFO] CodeEngine:287 - Generated code: C:\Users\hp\STM32CubeIDE\workspace_1.18.0\40_Internal_Flash_with_Ultrasonic\MXTmpFiles\usb_otg_fs_inc.tmp
2026-06-02 14:25:51,942 [INFO] CodeEngine:263 - oldGeneratedFile, C:\Users\hp\STM32CubeIDE\workspace_1.18.0\40_Internal_Flash_with_Ultrasonic\MXTmpFiles\usb_otg_fs_HalInit.tmp_save
2026-06-02 14:25:52,140 [INFO] CodeEngine:287 - Generated code: C:\Users\hp\STM32CubeIDE\workspace_1.18.0\40_Internal_Flash_with_Ultrasonic\MXTmpFiles\usb_otg_fs_HalInit.tmp
2026-06-02 14:25:52,168 [INFO] CodeEngine:263 - oldGeneratedFile, C:\Users\hp\STM32CubeIDE\workspace_1.18.0\40_Internal_Flash_with_Ultrasonic\MXTmpFiles\usb_otg_fs_Msp.tmp_save
2026-06-02 14:25:52,360 [INFO] CodeEngine:287 - Generated code: C:\Users\hp\STM32CubeIDE\workspace_1.18.0\40_Internal_Flash_with_Ultrasonic\MXTmpFiles\usb_otg_fs_Msp.tmp
2026-06-02 14:25:52,916 [INFO] CodeEngine:263 - oldGeneratedFile, C:\Users\hp\STM32CubeIDE\workspace_1.18.0\40_Internal_Flash_with_Ultrasonic\USB_HOST\App\usb_host.c_save
2026-06-02 14:25:53,141 [INFO] CodeEngine:287 - Generated code: C:\Users\hp\STM32CubeIDE\workspace_1.18.0\40_Internal_Flash_with_Ultrasonic\USB_HOST\App\usb_host.c
2026-06-02 14:25:53,170 [INFO] CodeEngine:263 - oldGeneratedFile, C:\Users\hp\STM32CubeIDE\workspace_1.18.0\40_Internal_Flash_with_Ultrasonic\USB_HOST\App\usb_host.h_save
2026-06-02 14:25:53,333 [INFO] CodeEngine:287 - Generated code: C:\Users\hp\STM32CubeIDE\workspace_1.18.0\40_Internal_Flash_with_Ultrasonic\USB_HOST\App\usb_host.h
2026-06-02 14:25:53,359 [INFO] CodeEngine:263 - oldGeneratedFile, C:\Users\hp\STM32CubeIDE\workspace_1.18.0\40_Internal_Flash_with_Ultrasonic\USB_HOST\Target\usbh_conf.h_save
2026-06-02 14:25:53,531 [INFO] CodeEngine:287 - Generated code: C:\Users\hp\STM32CubeIDE\workspace_1.18.0\40_Internal_Flash_with_Ultrasonic\USB_HOST\Target\usbh_conf.h
2026-06-02 14:25:53,558 [INFO] CodeEngine:263 - oldGeneratedFile, C:\Users\hp\STM32CubeIDE\workspace_1.18.0\40_Internal_Flash_with_Ultrasonic\USB_HOST\Target\usbh_conf.c_save
2026-06-02 14:25:53,710 [INFO] CodeEngine:287 - Generated code: C:\Users\hp\STM32CubeIDE\workspace_1.18.0\40_Internal_Flash_with_Ultrasonic\USB_HOST\Target\usbh_conf.c
2026-06-02 14:25:53,744 [INFO] CodeEngine:263 - oldGeneratedFile, C:\Users\hp\STM32CubeIDE\workspace_1.18.0\40_Internal_Flash_with_Ultrasonic\USB_HOST\Target\usbh_platform.c_save
2026-06-02 14:25:53,875 [INFO] CodeEngine:287 - Generated code: C:\Users\hp\STM32CubeIDE\workspace_1.18.0\40_Internal_Flash_with_Ultrasonic\USB_HOST\Target\usbh_platform.c
2026-06-02 14:25:53,894 [INFO] CodeEngine:263 - oldGeneratedFile, C:\Users\hp\STM32CubeIDE\workspace_1.18.0\40_Internal_Flash_with_Ultrasonic\USB_HOST\Target\usbh_platform.h_save
2026-06-02 14:25:54,011 [INFO] CodeEngine:287 - Generated code: C:\Users\hp\STM32CubeIDE\workspace_1.18.0\40_Internal_Flash_with_Ultrasonic\USB_HOST\Target\usbh_platform.h
2026-06-02 14:25:54,057 [INFO] CodeEngine:263 - oldGeneratedFile, C:\Users\hp\STM32CubeIDE\workspace_1.18.0\40_Internal_Flash_with_Ultrasonic\Core\Src\stm32f4xx_it.c_save
2026-06-02 14:25:54,372 [INFO] CodeEngine:287 - Generated code: C:\Users\hp\STM32CubeIDE\workspace_1.18.0\40_Internal_Flash_with_Ultrasonic\Core\Src\stm32f4xx_it.c
2026-06-02 14:25:54,399 [INFO] CodeEngine:263 - oldGeneratedFile, C:\Users\hp\STM32CubeIDE\workspace_1.18.0\40_Internal_Flash_with_Ultrasonic\Core\Inc\stm32f4xx_it.h_save
2026-06-02 14:25:54,540 [INFO] CodeEngine:287 - Generated code: C:\Users\hp\STM32CubeIDE\workspace_1.18.0\40_Internal_Flash_with_Ultrasonic\Core\Inc\stm32f4xx_it.h
2026-06-02 14:25:54,591 [INFO] CodeEngine:263 - oldGeneratedFile, C:\Users\hp\STM32CubeIDE\workspace_1.18.0\40_Internal_Flash_with_Ultrasonic\Core\Src\stm32f4xx_hal_msp.c_save
2026-06-02 14:25:54,825 [INFO] CodeEngine:287 - Generated code: C:\Users\hp\STM32CubeIDE\workspace_1.18.0\40_Internal_Flash_with_Ultrasonic\Core\Src\stm32f4xx_hal_msp.c
2026-06-02 14:25:54,861 [INFO] CodeEngine:263 - oldGeneratedFile, C:\Users\hp\STM32CubeIDE\workspace_1.18.0\40_Internal_Flash_with_Ultrasonic\MXTmpFiles\system.tmp_save
2026-06-02 14:25:54,983 [INFO] CodeEngine:287 - Generated code: C:\Users\hp\STM32CubeIDE\workspace_1.18.0\40_Internal_Flash_with_Ultrasonic\MXTmpFiles\system.tmp
2026-06-02 14:25:55,024 [INFO] CodeEngine:319 - oldGeneratedFile, C:\Users\hp\STM32CubeIDE\workspace_1.18.0\40_Internal_Flash_with_Ultrasonic\Core\Inc\stm32f4xx_hal_conf.h_save
2026-06-02 14:25:55,222 [INFO] CodeEngine:343 - Generated code: C:\Users\hp\STM32CubeIDE\workspace_1.18.0\40_Internal_Flash_with_Ultrasonic\Core\Inc\stm32f4xx_hal_conf.h
2026-06-02 14:25:55,293 [INFO] ApiDbMcu:508 - Load IP Config File for I2C1
2026-06-02 14:25:55,299 [INFO] ApiDbMcu:508 - Load IP Config File for I2S3
2026-06-02 14:25:55,303 [INFO] ApiDbMcu:508 - Load IP Config File for SPI1
2026-06-02 14:25:55,310 [INFO] ApiDbMcu:508 - Load IP Config File for RCC
2026-06-02 14:25:55,363 [INFO] CodeEngine:263 - oldGeneratedFile, C:\Users\hp\STM32CubeIDE\workspace_1.18.0\40_Internal_Flash_with_Ultrasonic\Core\Inc\main.h_save
2026-06-02 14:25:55,525 [INFO] CodeEngine:287 - Generated code: C:\Users\hp\STM32CubeIDE\workspace_1.18.0\40_Internal_Flash_with_Ultrasonic\Core\Inc\main.h
2026-06-02 14:25:55,550 [INFO] CodeEngine:263 - oldGeneratedFile, C:\Users\hp\STM32CubeIDE\workspace_1.18.0\40_Internal_Flash_with_Ultrasonic\Core\Src\main.c_save
2026-06-02 14:25:55,738 [INFO] CodeEngine:287 - Generated code: C:\Users\hp\STM32CubeIDE\workspace_1.18.0\40_Internal_Flash_with_Ultrasonic\Core\Src\main.c
2026-06-02 14:25:56,463 [INFO] ProjectBuilder:3324 - Time for Copy HAL[1] : 423mS.
2026-06-02 14:25:56,475 [INFO] ProjectBuilder:4912 - Project Generator version: 4.6.0-B36
2026-06-02 14:25:56,638 [INFO] ConfigFileManager:1590 - The Die is : DIE413
2026-06-02 14:25:56,662 [INFO] ApiDbMcu:508 - Load IP Config File for FATFS
2026-06-02 14:25:56,690 [INFO] ApiDbMcu:508 - Load IP Config File for FREERTOS
2026-06-02 14:25:56,711 [INFO] ApiDbMcu:508 - Load IP Config File for LIBJPEG
2026-06-02 14:25:56,740 [INFO] ApiDbMcu:508 - Load IP Config File for LWIP
2026-06-02 14:25:56,772 [INFO] ApiDbMcu:508 - Load IP Config File for MBEDTLS
2026-06-02 14:25:56,803 [INFO] ApiDbMcu:508 - Load IP Config File for USB_DEVICE
2026-06-02 14:26:01,998 [INFO] ProjectBuilder:5191 - Time for Generating toolchain IDE Files: 5522mS.
2026-06-02 14:26:02,000 [INFO] ProjectBuilder:3181 - Time for Copy CMSIS : 1mS.
2026-06-02 14:26:02,017 [INFO] ProjectBuilder:3181 - Time for Copy CMSIS : 1mS.
2026-06-02 14:26:04,699 [INFO] McuFinderGlobals:76 - Set McuFinderConnectedMode to true
2026-06-02 14:26:04,703 [INFO] ApiDb:448 - Save user favorites file C:\Users\hp/.stm32cubeide/favorites.mcus.txt: 0 item(s)
2026-06-02 14:26:04,703 [INFO] ApiDb:452 - User favorites MCUs=[]
2026-06-02 14:26:04,706 [INFO] ApiDb:448 - Save user favorites file C:\Users\hp/.stm32cubeide/favorites.boards.txt: 1 item(s)
2026-06-02 14:26:04,707 [INFO] ApiDb:452 - User favorites Boards=[STM32F407G-DISC1]
2026-06-02 14:32:31,943 [INFO] NvicIntPanel:101 - NVIC parent = com.st.microxplorer.plugins.ip.nvic.MultiNvicIntPanel[,0,0,0x0,invalid,layout=javax.swing.BoxLayout,alignmentX=0.0,alignmentY=0.0,border=,flags=9,maximumSize=,minimumSize=,preferredSize=]
2026-06-02 14:33:23,477 [INFO] NvicIntPanel:101 - NVIC parent = com.st.microxplorer.plugins.ip.nvic.MultiNvicIntPanel[,0,0,0x0,invalid,layout=javax.swing.BoxLayout,alignmentX=0.0,alignmentY=0.0,border=,flags=9,maximumSize=,minimumSize=,preferredSize=]
2026-06-02 14:33:30,729 [INFO] UtilMem:75 - End SaveConfig() Used Memory: 794082456 Bytes (1073741824)
2026-06-02 14:33:33,595 [INFO] UtilMem:75 - End SaveConfig() Used Memory: 863814760 Bytes (1073741824)
2026-06-02 14:33:35,736 [INFO] UtilMem:75 - End SaveConfig() Used Memory: 971820752 Bytes (1073741824)
2026-06-02 14:33:36,120 [INFO] BlockDiagram:2775 - set Specific Code input for plugin: TIM1_8
2026-06-02 14:33:36,121 [INFO] BlockDiagram:2775 - set Specific Code input for plugin: SYS
2026-06-02 14:33:36,121 [INFO] BlockDiagram:2775 - set Specific Code input for plugin: RCC
2026-06-02 14:33:36,122 [INFO] BlockDiagram:2775 - set Specific Code input for plugin: NVIC
2026-06-02 14:33:36,123 [INFO] BlockDiagram:2775 - set Specific Code input for plugin: USART
2026-06-02 14:33:36,124 [INFO] BlockDiagram:2775 - set Specific Code input for plugin: GPIO
2026-06-02 14:33:36,126 [INFO] CodeGenerator:882 - code generatio: config db path: C:\ST\STM32CubeIDE_1.18.0\STM32CubeIDE\plugins\com.st.stm32cube.common.mx_6.14.0.202502271554\\db\
2026-06-02 14:33:36,396 [INFO] CodeEngine:263 - oldGeneratedFile, C:\Users\hp\STM32CubeIDE\workspace_1.18.0\40_Internal_Flash_with_Ultrasonic\MXTmpFiles\license.tmp_save
2026-06-02 14:33:37,006 [INFO] CodeEngine:287 - Generated code: C:\Users\hp\STM32CubeIDE\workspace_1.18.0\40_Internal_Flash_with_Ultrasonic\MXTmpFiles\license.tmp
2026-06-02 14:33:37,063 [INFO] CodeEngine:263 - oldGeneratedFile, C:\Users\hp\STM32CubeIDE\workspace_1.18.0\40_Internal_Flash_with_Ultrasonic\MXTmpFiles\gpio.tmp_save
2026-06-02 14:33:37,390 [INFO] CodeEngine:287 - Generated code: C:\Users\hp\STM32CubeIDE\workspace_1.18.0\40_Internal_Flash_with_Ultrasonic\MXTmpFiles\gpio.tmp
2026-06-02 14:33:37,757 [INFO] CodeEngine:263 - oldGeneratedFile, C:\Users\hp\STM32CubeIDE\workspace_1.18.0\40_Internal_Flash_with_Ultrasonic\Core\Src\stm32f4xx_it.c_save
2026-06-02 14:33:38,274 [INFO] CodeEngine:287 - Generated code: C:\Users\hp\STM32CubeIDE\workspace_1.18.0\40_Internal_Flash_with_Ultrasonic\Core\Src\stm32f4xx_it.c
2026-06-02 14:33:38,292 [INFO] CodeEngine:263 - oldGeneratedFile, C:\Users\hp\STM32CubeIDE\workspace_1.18.0\40_Internal_Flash_with_Ultrasonic\Core\Inc\stm32f4xx_it.h_save
2026-06-02 14:33:38,527 [INFO] CodeEngine:287 - Generated code: C:\Users\hp\STM32CubeIDE\workspace_1.18.0\40_Internal_Flash_with_Ultrasonic\Core\Inc\stm32f4xx_it.h
2026-06-02 14:33:38,583 [INFO] CodeEngine:263 - oldGeneratedFile, C:\Users\hp\STM32CubeIDE\workspace_1.18.0\40_Internal_Flash_with_Ultrasonic\Core\Src\stm32f4xx_hal_msp.c_save
2026-06-02 14:33:38,978 [INFO] CodeEngine:287 - Generated code: C:\Users\hp\STM32CubeIDE\workspace_1.18.0\40_Internal_Flash_with_Ultrasonic\Core\Src\stm32f4xx_hal_msp.c
2026-06-02 14:33:38,997 [INFO] CodeEngine:263 - oldGeneratedFile, C:\Users\hp\STM32CubeIDE\workspace_1.18.0\40_Internal_Flash_with_Ultrasonic\MXTmpFiles\system.tmp_save
2026-06-02 14:33:39,170 [INFO] CodeEngine:287 - Generated code: C:\Users\hp\STM32CubeIDE\workspace_1.18.0\40_Internal_Flash_with_Ultrasonic\MXTmpFiles\system.tmp
2026-06-02 14:33:39,221 [INFO] CodeEngine:319 - oldGeneratedFile, C:\Users\hp\STM32CubeIDE\workspace_1.18.0\40_Internal_Flash_with_Ultrasonic\Core\Inc\stm32f4xx_hal_conf.h_save
2026-06-02 14:33:39,440 [INFO] CodeEngine:343 - Generated code: C:\Users\hp\STM32CubeIDE\workspace_1.18.0\40_Internal_Flash_with_Ultrasonic\Core\Inc\stm32f4xx_hal_conf.h
2026-06-02 14:33:39,553 [INFO] ApiDbMcu:508 - Load IP Config File for TIM3
2026-06-02 14:33:39,559 [INFO] ApiDbMcu:508 - Load IP Config File for USART2
2026-06-02 14:33:39,579 [WARN] IPConfigManager:3747 - IP not found : TIM
2026-06-02 14:33:39,582 [WARN] CodeGenerator:4198 - IP not found : null
2026-06-02 14:33:39,627 [INFO] CodeEngine:263 - oldGeneratedFile, C:\Users\hp\STM32CubeIDE\workspace_1.18.0\40_Internal_Flash_with_Ultrasonic\Core\Inc\main.h_save
2026-06-02 14:33:39,872 [INFO] CodeEngine:287 - Generated code: C:\Users\hp\STM32CubeIDE\workspace_1.18.0\40_Internal_Flash_with_Ultrasonic\Core\Inc\main.h
2026-06-02 14:33:39,903 [INFO] CodeEngine:263 - oldGeneratedFile, C:\Users\hp\STM32CubeIDE\workspace_1.18.0\40_Internal_Flash_with_Ultrasonic\Core\Src\main.c_save
2026-06-02 14:33:40,206 [INFO] CodeEngine:287 - Generated code: C:\Users\hp\STM32CubeIDE\workspace_1.18.0\40_Internal_Flash_with_Ultrasonic\Core\Src\main.c
2026-06-02 14:33:41,379 [INFO] ProjectBuilder:3324 - Time for Copy HAL[1] : 569mS.
2026-06-02 14:33:41,391 [INFO] ProjectBuilder:4912 - Project Generator version: 4.6.0-B36
2026-06-02 14:33:41,613 [INFO] ConfigFileManager:1590 - The Die is : DIE413
2026-06-02 14:33:46,373 [INFO] ProjectBuilder:5191 - Time for Generating toolchain IDE Files: 4981mS.
2026-06-02 14:33:46,376 [INFO] ProjectBuilder:3181 - Time for Copy CMSIS : 2mS.
2026-06-02 14:33:46,384 [INFO] ProjectBuilder:3181 - Time for Copy CMSIS : 0mS.
2026-06-02 14:48:06,314 [INFO] WebApp:194 - Connection lost
2026-06-02 14:48:06,809 [INFO] WebApp:191 - Connection restablished
2026-06-02 15:35:49,874 [INFO] MainUpdater:2872 - connection check result : 10
2026-06-02 15:35:49,882 [INFO] MainUpdater:2872 - connection check result : 10
2026-06-02 15:35:50,151 [INFO] MicroXplorer:468 - Change Database Path : 
2026-06-02 15:35:50,152 [INFO] MicroXplorer:498 - Change Database Version : DB.6.0.140
2026-06-02 15:35:50,322 [ERROR] ProjectManagerView:394 - 
java.lang.NullPointerException: Cannot invoke "javax.swing.JTextField.getText()" because the return value of "java.util.List.get(int)" is null
	at com.st.microxplorer.plugins.projectmanager.gui.ProjectChoiceTab$9.caretUpdate(ProjectChoiceTab.java:2678) ~[filemanager.jar:?]
	at javax.swing.text.JTextComponent.fireCaretUpdate(JTextComponent.java:408) ~[?:?]
	at javax.swing.text.JTextComponent$MutableCaretEvent.fire(JTextComponent.java:4484) ~[?:?]
	at javax.swing.text.JTextComponent$MutableCaretEvent.stateChanged(JTextComponent.java:4506) ~[?:?]
	at javax.swing.text.DefaultCaret.fireStateChanged(DefaultCaret.java:857) ~[?:?]
	at javax.swing.text.DefaultCaret.changeCaretPosition(DefaultCaret.java:1343) ~[?:?]
	at javax.swing.text.DefaultCaret.handleSetDot(DefaultCaret.java:1242) ~[?:?]
	at javax.swing.text.DefaultCaret.setDot(DefaultCaret.java:1223) ~[?:?]
	at javax.swing.text.DefaultCaret$Handler.insertUpdate(DefaultCaret.java:1819) ~[?:?]
	at javax.swing.text.AbstractDocument.fireInsertUpdate(AbstractDocument.java:227) ~[?:?]
	at javax.swing.text.AbstractDocument.handleInsertString(AbstractDocument.java:781) ~[?:?]
	at javax.swing.text.AbstractDocument.insertString(AbstractDocument.java:740) ~[?:?]
	at javax.swing.text.PlainDocument.insertString(PlainDocument.java:131) ~[?:?]
	at javax.swing.text.AbstractDocument.replace(AbstractDocument.java:699) ~[?:?]
	at javax.swing.text.JTextComponent.setText(JTextComponent.java:1725) ~[?:?]
	at com.st.microxplorer.plugins.projectmanager.gui.ProjectChoiceTab.createHeapStackFields(ProjectChoiceTab.java:979) ~[filemanager.jar:?]
	at com.st.microxplorer.plugins.projectmanager.gui.ProjectChoiceTab.buildLinkSettingsPanel(ProjectChoiceTab.java:3766) ~[filemanager.jar:?]
	at com.st.microxplorer.plugins.projectmanager.gui.ProjectChoiceTab.defineWindowsFields(ProjectChoiceTab.java:1962) ~[filemanager.jar:?]
	at com.st.microxplorer.plugins.projectmanager.gui.ProjectChoiceTab.updateSettings(ProjectChoiceTab.java:555) ~[filemanager.jar:?]
	at com.st.microxplorer.plugins.projectmanager.gui.ProjectSettingsPanel.UpdateDialog(ProjectSettingsPanel.java:245) ~[filemanager.jar:?]
	at com.st.microxplorer.plugins.projectmanager.ProjectManagerView.propertyChange(ProjectManagerView.java:391) ~[filemanager.jar:?]
	at java.beans.PropertyChangeSupport.fire(PropertyChangeSupport.java:343) ~[?:?]
	at java.beans.PropertyChangeSupport.firePropertyChange(PropertyChangeSupport.java:335) ~[?:?]
	at java.beans.PropertyChangeSupport.firePropertyChange(PropertyChangeSupport.java:268) ~[?:?]
	at com.st.microxplorer.util.MXPropertyChangeSupport.firePropertyChange(MXPropertyChangeSupport.java:54) ~[STM32CubeMX.jar:?]
	at com.st.microxplorer.mxsystem.MxSystem.closeConfig(MxSystem.java:899) ~[STM32CubeMX.jar:?]
	at com.st.microxplorer.maingui.MainPanel.closeConfig(MainPanel.java:789) ~[STM32CubeMX.jar:?]
	at com.st.microxplorer.plugins.filemanager.engine.OpenFileManager.loadConfigurationFile(OpenFileManager.java:287) ~[filemanager.jar:?]
	at com.st.microxplorer.plugins.filemanager.engine.MainFileManager.userLoadConfig(MainFileManager.java:341) ~[filemanager.jar:?]
	at com.st.microxplorer.plugins.filemanager.engine.MainFileManager.userLoadConfig(MainFileManager.java:319) ~[filemanager.jar:?]
	at com.st.microxplorer.plugins.filemanager.FileManagerView.getSpecificTask(FileManagerView.java:246) ~[filemanager.jar:?]
	at com.st.stm32cube.common.mx.editor.CubeMxEditor.getMxTabbedPaneInstance(CubeMxEditor.java:1198) ~[com.st.stm32cube.common.mx_6.14.0.202502271554/:?]
	at com.st.stm32cube.common.mx.editor.CubeMxEditor$12$1.createSwingComponent(CubeMxEditor.java:1068) ~[com.st.stm32cube.common.mx_6.14.0.202502271554/:?]
	at com.st.stm32cube.common.mx.oss.core.awtswtbridge.EmbeddedSwingComposite.doComponentCreation(EmbeddedSwingComposite.java:492) ~[com.st.stm32cube.common.mx.oss_6.14.0.202502271554/:?]
	at com.st.stm32cube.common.mx.oss.core.awtswtbridge.EmbeddedSwingComposite$4.run(EmbeddedSwingComposite.java:291) ~[com.st.stm32cube.common.mx.oss_6.14.0.202502271554/:?]
	at com.st.stm32cube.common.mx.oss.core.awtswtbridge.AwtEnvironment$2.run(AwtEnvironment.java:166) ~[com.st.stm32cube.common.mx.oss_6.14.0.202502271554/:?]
	at java.awt.event.InvocationEvent.dispatch(InvocationEvent.java:318) ~[?:?]
	at java.awt.EventQueue.dispatchEventImpl(EventQueue.java:773) ~[?:?]
	at java.awt.EventQueue$4.run(EventQueue.java:720) ~[?:?]
	at java.awt.EventQueue$4.run(EventQueue.java:714) ~[?:?]
	at java.security.AccessController.doPrivileged(AccessController.java:400) ~[?:?]
	at java.security.ProtectionDomain$JavaSecurityAccessImpl.doIntersectionPrivilege(ProtectionDomain.java:87) ~[?:?]
	at java.awt.EventQueue.dispatchEvent(EventQueue.java:742) ~[?:?]
	at java.awt.EventDispatchThread.pumpOneEventForFilters(EventDispatchThread.java:203) ~[?:?]
	at java.awt.EventDispatchThread.pumpEventsForFilter(EventDispatchThread.java:124) ~[?:?]
	at java.awt.EventDispatchThread.pumpEventsForHierarchy(EventDispatchThread.java:113) ~[?:?]
	at java.awt.EventDispatchThread.pumpEvents(EventDispatchThread.java:109) ~[?:?]
	at java.awt.EventDispatchThread.pumpEvents(EventDispatchThread.java:101) ~[?:?]
	at java.awt.EventDispatchThread.run(EventDispatchThread.java:90) ~[?:?]
2026-06-02 15:35:50,336 [WARN] ThirdParty:871 - waiting for thirdparty lock release [close project]
2026-06-02 15:35:50,337 [INFO] ThirdParty:873 - entering critical section [close project]
2026-06-02 15:35:50,337 [INFO] ThirdParty:883 - exiting critical section [close project]
2026-06-02 15:35:50,350 [INFO] PinOutPanel:1589 - setPackage(No Configuration,No Configuration)
2026-06-02 15:35:50,401 [WARN] IpParametersView:155 - Warning: This peripheral hasn't parameters
2026-06-02 15:35:50,436 [WARN] MainPanel:289 - <html><b><center>Warning: This peripheral has no parameters to be configured<br></b></html>
2026-06-02 15:35:50,463 [INFO] UtilMem:75 - Begin LoadConfig() Used Memory: 761035568 Bytes (1073741824)
2026-06-02 15:35:50,467 [INFO] MicroXplorer:468 - Change Database Path : 
2026-06-02 15:35:50,468 [INFO] MicroXplorer:498 - Change Database Version : DB.6.0.140
2026-06-02 15:35:50,469 [INFO] OpenFileManager:354 - Change cursor
2026-06-02 15:35:50,534 [INFO] RulesReader:64 - Compatibility file has been processed (301 Rules)
2026-06-02 15:35:50,552 [INFO] Mcu:2011 - Initializing MCU STM32F407V(E-G)Tx STM32F407VGTx STM32F407VGT6
2026-06-02 15:35:55,278 [INFO] Context:756 - Trying to add GPIOservice into a context  which must be forbidden
2026-06-02 15:35:56,587 [INFO] ImportTextPane:218 - (OptionalMessage_ERROR) Pin10 (VP_RIF_VS_RIF1) cannot be retrieved for this MCU
2026-06-02 15:35:56,852 [INFO] RtosManager:558 - Registered RTOS mode: class=CMSIS, group=RTOS, mode=CMSIS_V1, owner=FREERTOS
2026-06-02 15:35:56,853 [INFO] RtosManager:558 - Registered RTOS mode: class=CMSIS, group=RTOS2, mode=CMSIS_V2, owner=FREERTOS
2026-06-02 15:35:56,853 [INFO] RtosManager:558 - Registered RTOS mode: class=RTOS, group=Core, mode=CMSIS_V1, owner=FREERTOS
2026-06-02 15:35:56,854 [INFO] RtosManager:558 - Registered RTOS mode: class=RTOS, group=Core, mode=CMSIS_V2, owner=FREERTOS
2026-06-02 15:35:56,854 [WARN] ModelIntegratedComponent:184 - Missing modes for component STMicroelectronics:FreeRTOS:0.0.1:STMicroelectronics:RTOS:FreeRTOS:Core:::10.2.0:
2026-06-02 15:35:56,866 [WARN] ModelIntegratedComponent:63 - No mode defined for component null
2026-06-02 15:35:56,866 [WARN] ModelIntegratedComponent:63 - No mode defined for component null
2026-06-02 15:35:56,867 [WARN] ModelIntegratedComponent:63 - No mode defined for component null
2026-06-02 15:35:56,867 [WARN] ModelIntegratedComponent:63 - No mode defined for component null
2026-06-02 15:35:56,867 [WARN] ModelIntegratedComponent:63 - No mode defined for component null
2026-06-02 15:35:56,867 [WARN] ModelIntegratedComponent:63 - No mode defined for component null
2026-06-02 15:35:56,867 [WARN] ModelIntegratedComponent:63 - No mode defined for component null
2026-06-02 15:35:56,867 [WARN] ModelIntegratedComponent:63 - No mode defined for component null
2026-06-02 15:35:56,867 [WARN] ModelIntegratedComponent:63 - No mode defined for component null
2026-06-02 15:35:56,867 [WARN] ModelIntegratedComponent:63 - No mode defined for component null
2026-06-02 15:35:56,868 [WARN] ModelIntegratedComponent:63 - No mode defined for component null
2026-06-02 15:35:56,868 [WARN] ModelIntegratedComponent:63 - No mode defined for component null
2026-06-02 15:35:56,868 [WARN] ModelIntegratedComponent:63 - No mode defined for component null
2026-06-02 15:35:56,869 [WARN] ModelIntegratedComponent:63 - No mode defined for component null
2026-06-02 15:35:56,869 [WARN] ModelIntegratedComponent:63 - No mode defined for component null
2026-06-02 15:35:56,869 [WARN] ModelIntegratedComponent:63 - No mode defined for component null
2026-06-02 15:35:56,869 [WARN] ModelIntegratedComponent:63 - No mode defined for component null
2026-06-02 15:35:56,869 [WARN] ModelIntegratedComponent:63 - No mode defined for component null
2026-06-02 15:35:56,869 [WARN] ModelIntegratedComponent:63 - No mode defined for component null
2026-06-02 15:35:56,869 [WARN] ModelIntegratedComponent:63 - No mode defined for component null
2026-06-02 15:35:56,869 [WARN] ModelIntegratedComponent:63 - No mode defined for component null
2026-06-02 15:35:56,869 [WARN] ModelIntegratedComponent:63 - No mode defined for component null
2026-06-02 15:35:56,870 [WARN] ModelIntegratedComponent:63 - No mode defined for component null
2026-06-02 15:35:56,870 [WARN] ModelIntegratedComponent:63 - No mode defined for component null
2026-06-02 15:35:56,870 [WARN] ModelIntegratedComponent:63 - No mode defined for component null
2026-06-02 15:35:56,870 [WARN] ModelIntegratedComponent:63 - No mode defined for component null
2026-06-02 15:35:56,870 [WARN] ModelIntegratedComponent:63 - No mode defined for component null
2026-06-02 15:35:56,870 [WARN] ModelIntegratedComponent:63 - No mode defined for component null
2026-06-02 15:35:56,870 [WARN] ModelIntegratedComponent:63 - No mode defined for component null
2026-06-02 15:35:56,870 [WARN] ModelIntegratedComponent:63 - No mode defined for component null
2026-06-02 15:35:56,870 [WARN] ModelIntegratedComponent:63 - No mode defined for component null
2026-06-02 15:35:56,870 [WARN] ModelIntegratedComponent:63 - No mode defined for component null
2026-06-02 15:35:56,870 [WARN] ModelIntegratedComponent:63 - No mode defined for component null
2026-06-02 15:35:56,870 [WARN] ModelIntegratedComponent:63 - No mode defined for component null
2026-06-02 15:35:56,871 [WARN] ModelIntegratedComponent:63 - No mode defined for component null
2026-06-02 15:35:56,871 [WARN] ModelPack:524 - Component already loaded: STMicroelectronics:HAL Drivers:0.0.0:STMicroelectronics:Device:STMicro_Driver:XSPI:HAL::0.0.1:HAL_XSPI
2026-06-02 15:35:57,004 [INFO] ThirdPartyModel:298 - Start build external matchings
2026-06-02 15:35:58,320 [INFO] ThirdPartyModel:316 - End build external matchings
2026-06-02 15:35:58,367 [INFO] ImportTextPane:218 - (OptionalMessage_ERROR) IP (RCC) : Parameter (RTCHSEDivFreq_Value) has invalid value (4000000)
2026-06-02 15:35:59,319 [INFO] UtilMem:75 - End LoadConfig() Used Memory: 860168848 Bytes (1073741824)
2026-06-02 15:35:59,400 [WARN] ThirdParty:833 - waiting for thirdparty lock release [change project]
2026-06-02 15:35:59,401 [INFO] ThirdParty:835 - entering critical section [change project]
2026-06-02 15:35:59,401 [INFO] ThirdParty:1030 - CMSIS Pack Vendor :STMicroelectronics X-CUBE-AZRTOS-H7 3.5.0
2026-06-02 15:35:59,401 [INFO] ThirdParty:1030 - CMSIS Pack Vendor :STMicroelectronics X-CUBE-PM33A1 1.0.0
2026-06-02 15:35:59,401 [INFO] ThirdParty:1030 - CMSIS Pack Vendor :STMicroelectronics USBPD 4.1
2026-06-02 15:35:59,401 [INFO] ThirdParty:1030 - CMSIS Pack Vendor :STMicroelectronics X-CUBE-NFC9 1.0.0
2026-06-02 15:35:59,401 [INFO] ThirdParty:1030 - CMSIS Pack Vendor :STMicroelectronics USB_HOST 2.0.0
2026-06-02 15:35:59,402 [INFO] ThirdParty:1030 - CMSIS Pack Vendor :STMicroelectronics X-CUBE-AZRTOS-F4 1.1.0
2026-06-02 15:35:59,402 [INFO] ThirdParty:1030 - CMSIS Pack Vendor :STMicroelectronics LIBJPEG 8.0.0
2026-06-02 15:35:59,402 [INFO] ThirdParty:1030 - CMSIS Pack Vendor :STMicroelectronics FP-ATR-ASTRA1 2.0.2
2026-06-02 15:35:59,402 [INFO] ThirdParty:1030 - CMSIS Pack Vendor :STMicroelectronics X-CUBE-BLE1 7.1.0
2026-06-02 15:35:59,402 [INFO] ThirdParty:1030 - CMSIS Pack Vendor :STMicroelectronics X-CUBE-SMBUS 2.1.0
2026-06-02 15:35:59,402 [INFO] ThirdParty:1030 - CMSIS Pack Vendor :wolfSSL I-CUBE-wolfMQTT 1.19.2
2026-06-02 15:35:59,402 [INFO] ThirdParty:1030 - CMSIS Pack Vendor :STMicroelectronics USB_DEVICE 3.0.0
2026-06-02 15:35:59,402 [INFO] ThirdParty:1030 - CMSIS Pack Vendor :STMicroelectronics X-CUBE-ISPU 2.1.0
2026-06-02 15:35:59,403 [INFO] ThirdParty:1030 - CMSIS Pack Vendor :STMicroelectronics X-CUBE-EEPRMA1 5.2.0
2026-06-02 15:35:59,403 [INFO] ThirdParty:1030 - CMSIS Pack Vendor :STMicroelectronics X-CUBE-BLEMGR 4.1.0
2026-06-02 15:35:59,403 [INFO] ThirdParty:1030 - CMSIS Pack Vendor :STMicroelectronics eDS-WB_DPC_TT-BIDIR 2.1.1
2026-06-02 15:35:59,403 [INFO] ThirdParty:1030 - CMSIS Pack Vendor :STMicroelectronics X-CUBE-AZRTOS-WB 2.0.0
2026-06-02 15:35:59,403 [INFO] ThirdParty:1030 - CMSIS Pack Vendor :wolfSSL I-CUBE-wolfSSL 5.8.4
2026-06-02 15:35:59,404 [INFO] ThirdParty:1030 - CMSIS Pack Vendor :STMicroelectronics X-CUBE-NFC12 1.0.0
2026-06-02 15:35:59,404 [INFO] ThirdParty:1030 - CMSIS Pack Vendor :STMicroelectronics X-CUBE-AZRTOS-F7 1.1.0
2026-06-02 15:35:59,404 [INFO] ThirdParty:1030 - CMSIS Pack Vendor :STMicroelectronics X-CUBE-AZRTOS-L5 2.0.0
2026-06-02 15:35:59,404 [INFO] ThirdParty:1030 - CMSIS Pack Vendor :STMicroelectronics USB_DEVICE 2.0.0
2026-06-02 15:35:59,405 [INFO] ThirdParty:1030 - CMSIS Pack Vendor :quantropi X-CUBE-qispace-sdk-base 2.1.0
2026-06-02 15:35:59,405 [INFO] ThirdParty:1030 - CMSIS Pack Vendor :STMicroelectronics X-CUBE-MEMS1 12.0.0
2026-06-02 15:35:59,406 [INFO] ThirdParty:1030 - CMSIS Pack Vendor :STMicroelectronics X-CUBE-STSE01 2.0.0
2026-06-02 15:35:59,406 [INFO] ThirdParty:1030 - CMSIS Pack Vendor :STMicroelectronics X-CUBE-ALGOBUILD 1.5.0
2026-06-02 15:35:59,406 [INFO] ThirdParty:1030 - CMSIS Pack Vendor :STMicroelectronics FreeRTOS 0.0.1
2026-06-02 15:35:59,406 [INFO] ThirdParty:1030 - CMSIS Pack Vendor :STMicroelectronics X-CUBE-AZRTOS-G0 1.1.0
2026-06-02 15:35:59,407 [INFO] ThirdParty:1030 - CMSIS Pack Vendor :STMicroelectronics X-CUBE-NFC4 3.0.0
2026-06-02 15:35:59,407 [INFO] ThirdParty:1030 - CMSIS Pack Vendor :STMicroelectronics X-CUBE-SUBG2 5.0.0
2026-06-02 15:35:59,407 [INFO] ThirdParty:1030 - CMSIS Pack Vendor :STMicroelectronics STM32_WPAN 1.0.0
2026-06-02 15:35:59,407 [INFO] ThirdParty:1030 - CMSIS Pack Vendor :STMicroelectronics eDS-WB_DPC_VIENNA 1.2.0
2026-06-02 15:35:59,407 [INFO] ThirdParty:1030 - CMSIS Pack Vendor :EmbeddedOffice I-CUBE-FS-RTOS 1.0.1
2026-06-02 15:35:59,407 [INFO] ThirdParty:1030 - CMSIS Pack Vendor :STMicroelectronics lwIP 2.0.3
2026-06-02 15:35:59,407 [INFO] ThirdParty:1030 - CMSIS Pack Vendor :STMicroelectronics eDS-WB_DPC_3PH2L-BIDIR 1.1.1
2026-06-02 15:35:59,407 [INFO] ThirdParty:1030 - CMSIS Pack Vendor :STMicroelectronics USB_HOST 1.0.0
2026-06-02 15:35:59,407 [INFO] ThirdParty:1030 - CMSIS Pack Vendor :STMicroelectronics X-CUBE-AZRTOS-G4 2.0.0
2026-06-02 15:35:59,407 [INFO] ThirdParty:1030 - CMSIS Pack Vendor :STMicroelectronics PDM2PCM 3.1.0
2026-06-02 15:35:59,408 [INFO] ThirdParty:1030 - CMSIS Pack Vendor :STMicroelectronics PDM2PCM 3.3.0
2026-06-02 15:35:59,408 [INFO] ThirdParty:1030 - CMSIS Pack Vendor :wolfSSL I-CUBE-wolfTPM 3.8.0
2026-06-02 15:35:59,408 [INFO] ThirdParty:1030 - CMSIS Pack Vendor :STMicroelectronics X-CUBE-DISPLAY 3.0.0
2026-06-02 15:35:59,408 [INFO] ThirdParty:1030 - CMSIS Pack Vendor :wolfSSL I-CUBE-wolfSSH 1.4.20
2026-06-02 15:35:59,408 [INFO] ThirdParty:1030 - CMSIS Pack Vendor :STMicroelectronics X-CUBE-NFC7 2.0.0
2026-06-02 15:35:59,408 [INFO] ThirdParty:1030 - CMSIS Pack Vendor :STMicroelectronics X-CUBE-GNSS1 7.1.1
2026-06-02 15:35:59,408 [INFO] ThirdParty:1030 - CMSIS Pack Vendor :STMicroelectronics X-CUBE-TCPP 4.2.0
2026-06-02 15:35:59,408 [INFO] ThirdParty:1030 - CMSIS Pack Vendor :RealThread X-CUBE-RT-Thread_Nano 4.1.1
2026-06-02 15:35:59,408 [INFO] ThirdParty:1030 - CMSIS Pack Vendor :STMicroelectronics FP-ATR-SIGFOX1 3.2.0
2026-06-02 15:35:59,408 [INFO] ThirdParty:1030 - CMSIS Pack Vendor :STMicroelectronics X-CUBE-NFC10 1.0.0
2026-06-02 15:35:59,408 [INFO] ThirdParty:1030 - CMSIS Pack Vendor :STMicroelectronics HAL Drivers 0.0.0
2026-06-02 15:35:59,409 [INFO] ThirdParty:1030 - CMSIS Pack Vendor :STMicroelectronics MBEDTLS 2.16.2
2026-06-02 15:35:59,409 [INFO] ThirdParty:1030 - CMSIS Pack Vendor :STMicroelectronics X-CUBE-ST60 1.1.0
2026-06-02 15:35:59,409 [INFO] ThirdParty:1030 - CMSIS Pack Vendor :STMicroelectronics X-CUBE-ALS 1.0.2
2026-06-02 15:35:59,409 [INFO] ThirdParty:1030 - CMSIS Pack Vendor :emotas I-CUBE-CANOPEN 1.3.0
2026-06-02 15:35:59,409 [INFO] ThirdParty:1030 - CMSIS Pack Vendor :STMicroelectronics MBEDTLS 2.14.1
2026-06-02 15:35:59,409 [INFO] ThirdParty:1030 - CMSIS Pack Vendor :STMicroelectronics X-CUBE-GNSS1 7.1.0
2026-06-02 15:35:59,409 [INFO] ThirdParty:1030 - CMSIS Pack Vendor :ITTIA_DB I-CUBE-ITTIADB 8.9.0
2026-06-02 15:35:59,409 [INFO] ThirdParty:1030 - CMSIS Pack Vendor :Cesanta I-CUBE-Mongoose 7.21.0
2026-06-02 15:35:59,409 [INFO] ThirdParty:1030 - CMSIS Pack Vendor :STMicroelectronics X-CUBE-TOUCHGFX 4.26.1
2026-06-02 15:35:59,409 [INFO] ThirdParty:1030 - CMSIS Pack Vendor :STMicroelectronics X-CUBE-NFC6 3.2.0
2026-06-02 15:35:59,409 [INFO] ThirdParty:1030 - CMSIS Pack Vendor :STMicroelectronics X-CUBE-AI 10.2.0
2026-06-02 15:35:59,409 [INFO] ThirdParty:1030 - CMSIS Pack Vendor :STMicroelectronics FP-SNS-STAIOTCFT 1.0.0
2026-06-02 15:35:59,409 [INFO] ThirdParty:1030 - CMSIS Pack Vendor :STMicroelectronics ThreadX 1.0.0
2026-06-02 15:35:59,409 [INFO] ThirdParty:1030 - CMSIS Pack Vendor :STMicroelectronics FP-SNS-SMARTAG2 1.2.0
2026-06-02 15:35:59,409 [INFO] ThirdParty:1030 - CMSIS Pack Vendor :STMicroelectronics X-CUBE-MEMS1 12.1.0
2026-06-02 15:35:59,409 [INFO] ThirdParty:1030 - CMSIS Pack Vendor :STMicroelectronics FP-SNS-FLIGHT1 5.1.0
2026-06-02 15:35:59,409 [INFO] ThirdParty:1030 - CMSIS Pack Vendor :STMicroelectronics X-CUBE-AZRTOS-WL 2.0.0
2026-06-02 15:35:59,410 [INFO] ThirdParty:1030 - CMSIS Pack Vendor :SEGGER I-CUBE-embOS 1.3.1
2026-06-02 15:35:59,410 [INFO] ThirdParty:1030 - CMSIS Pack Vendor :STMicroelectronics X-CUBE-ALGOBUILD 1.4.0
2026-06-02 15:35:59,410 [INFO] ThirdParty:1030 - CMSIS Pack Vendor :STMicroelectronics X-CUBE-DPower 1.3.0
2026-06-02 15:35:59,410 [INFO] ThirdParty:1030 - CMSIS Pack Vendor :STMicroelectronics USB_DEVICE 1.0.0
2026-06-02 15:35:59,410 [INFO] ThirdParty:1030 - CMSIS Pack Vendor :STMicroelectronics X-CUBE-AZRTOS-H7RS 1.2.0
2026-06-02 15:35:59,410 [INFO] ThirdParty:1030 - CMSIS Pack Vendor :STMicroelectronics X-CUBE-AZRTOS-L4 2.0.0
2026-06-02 15:35:59,410 [INFO] ThirdParty:1030 - CMSIS Pack Vendor :STMicroelectronics ThreadX 0.0.2
2026-06-02 15:35:59,410 [INFO] ThirdParty:1030 - CMSIS Pack Vendor :STMicroelectronics lwIP 2.1.2
2026-06-02 15:35:59,410 [INFO] ThirdParty:1030 - CMSIS Pack Vendor :STMicroelectronics X-CUBE-SFXS2LP1 4.0.0
2026-06-02 15:35:59,410 [INFO] ThirdParty:1030 - CMSIS Pack Vendor :STMicroelectronics X-CUBE-BLE2 3.3.0
2026-06-02 15:35:59,410 [INFO] ThirdParty:1030 - CMSIS Pack Vendor :Avnet-IOTCONNECT X-CUBE-iotc-st67-sdk 1.0.0
2026-06-02 15:35:59,411 [INFO] ThirdParty:1030 - CMSIS Pack Vendor :STMicroelectronics X-CUBE-TOF1 3.4.3
2026-06-02 15:35:59,411 [INFO] ThirdParty:1030 - CMSIS Pack Vendor :Infineon AIROC-Wi-Fi-Bluetooth-STM32 1.8.0
2026-06-02 15:35:59,411 [INFO] ThirdParty:1030 - CMSIS Pack Vendor :STMicroelectronics PDM2PCM 3.2.0
2026-06-02 15:35:59,411 [INFO] ThirdParty:1030 - CMSIS Pack Vendor :STMicroelectronics X-CUBE-WB05N 2.1.0
2026-06-02 15:35:59,411 [INFO] ThirdParty:841 - exiting critical section [change project]
2026-06-02 15:36:00,121 [INFO] PinOutPanel:1589 - setPackage(No Configuration,No Configuration)
2026-06-02 15:36:00,125 [INFO] PinOutPanel:1589 - setPackage(STM32F407VGTx,LQFP100)
2026-06-02 15:36:00,747 [INFO] UtilMem:75 - Before build in PCC Used Memory: 836409096 Bytes (1073741824)
2026-06-02 15:36:01,241 [INFO] UtilMem:75 - After build in PCC Used Memory: 882546440 Bytes (1073741824)
2026-06-02 15:36:01,284 [INFO] IPUIPlugin:80 - create IPUIPlugin
2026-06-02 15:36:01,285 [INFO] IPUIPlugin:80 - create IPUIPlugin
2026-06-02 15:36:01,285 [INFO] IPUIPlugin:80 - create IPUIPlugin
2026-06-02 15:36:01,286 [INFO] IPUIPlugin:80 - create IPUIPlugin
2026-06-02 15:36:01,286 [INFO] IPUIPlugin:80 - create IPUIPlugin
2026-06-02 15:36:01,286 [INFO] IPUIPlugin:80 - create IPUIPlugin
2026-06-02 15:36:01,288 [INFO] IPUIPlugin:80 - create IPUIPlugin
2026-06-02 15:36:01,289 [INFO] IPUIPlugin:80 - create IPUIPlugin
2026-06-02 15:36:01,289 [INFO] IPUIPlugin:80 - create IPUIPlugin
2026-06-02 15:36:01,289 [INFO] IPUIPlugin:80 - create IPUIPlugin
2026-06-02 15:36:01,290 [INFO] IPUIPlugin:80 - create IPUIPlugin
2026-06-02 15:36:01,290 [INFO] IPUIPlugin:80 - create IPUIPlugin
2026-06-02 15:36:01,291 [INFO] IPUIPlugin:80 - create IPUIPlugin
2026-06-02 15:36:01,292 [INFO] IPUIPlugin:80 - create IPUIPlugin
2026-06-02 15:36:01,293 [INFO] IPUIPlugin:80 - create IPUIPlugin
2026-06-02 15:36:01,294 [INFO] IPUIPlugin:80 - create IPUIPlugin
2026-06-02 15:36:01,294 [INFO] IPUIPlugin:80 - create IPUIPlugin
2026-06-02 15:36:01,295 [INFO] IPUIPlugin:80 - create IPUIPlugin
2026-06-02 15:36:01,296 [INFO] IPUIPlugin:80 - create IPUIPlugin
2026-06-02 15:36:01,296 [INFO] IPUIPlugin:80 - create IPUIPlugin
2026-06-02 15:36:01,297 [INFO] IPUIPlugin:80 - create IPUIPlugin
2026-06-02 15:36:01,297 [INFO] IPUIPlugin:80 - create IPUIPlugin
2026-06-02 15:36:01,298 [INFO] IPUIPlugin:80 - create IPUIPlugin
2026-06-02 15:36:01,298 [INFO] IPUIPlugin:80 - create IPUIPlugin
2026-06-02 15:36:01,298 [INFO] IPUIPlugin:80 - create IPUIPlugin
2026-06-02 15:36:01,298 [INFO] IPUIPlugin:80 - create IPUIPlugin
2026-06-02 15:36:01,299 [INFO] IPUIPlugin:80 - create IPUIPlugin
2026-06-02 15:36:01,299 [INFO] IPUIPlugin:80 - create IPUIPlugin
2026-06-02 15:36:01,299 [INFO] IPUIPlugin:80 - create IPUIPlugin
2026-06-02 15:36:01,300 [INFO] IPUIPlugin:80 - create IPUIPlugin
2026-06-02 15:36:01,300 [INFO] IPUIPlugin:80 - create IPUIPlugin
2026-06-02 15:36:01,300 [INFO] IPUIPlugin:80 - create IPUIPlugin
2026-06-02 15:36:01,301 [INFO] IPUIPlugin:80 - create IPUIPlugin
2026-06-02 15:36:01,302 [INFO] IPUIPlugin:80 - create IPUIPlugin
2026-06-02 15:36:01,303 [INFO] IPUIPlugin:80 - create IPUIPlugin
2026-06-02 15:36:01,304 [INFO] IPUIPlugin:80 - create IPUIPlugin
2026-06-02 15:36:01,305 [INFO] IPUIPlugin:80 - create IPUIPlugin
2026-06-02 15:36:01,306 [INFO] IPUIPlugin:80 - create IPUIPlugin
2026-06-02 15:36:01,306 [INFO] IPUIPlugin:80 - create IPUIPlugin
2026-06-02 15:36:01,306 [INFO] IPUIPlugin:80 - create IPUIPlugin
2026-06-02 15:36:01,307 [INFO] IPUIPlugin:80 - create IPUIPlugin
2026-06-02 15:36:01,307 [INFO] IPUIPlugin:80 - create IPUIPlugin
2026-06-02 15:36:01,308 [INFO] IPUIPlugin:80 - create IPUIPlugin
2026-06-02 15:36:01,308 [INFO] IPUIPlugin:80 - create IPUIPlugin
2026-06-02 15:36:01,309 [INFO] IPUIPlugin:80 - create IPUIPlugin
2026-06-02 15:36:01,309 [INFO] IPUIPlugin:80 - create IPUIPlugin
2026-06-02 15:36:01,309 [INFO] IPUIPlugin:80 - create IPUIPlugin
2026-06-02 15:36:01,310 [INFO] IPUIPlugin:80 - create IPUIPlugin
2026-06-02 15:36:01,311 [INFO] IPUIPlugin:80 - create IPUIPlugin
2026-06-02 15:36:01,311 [INFO] IPUIPlugin:80 - create IPUIPlugin
2026-06-02 15:36:01,312 [INFO] IPUIPlugin:80 - create IPUIPlugin
2026-06-02 15:36:01,312 [INFO] IPUIPlugin:80 - create IPUIPlugin
2026-06-02 15:36:01,313 [INFO] IPUIPlugin:80 - create IPUIPlugin
2026-06-02 15:36:01,314 [INFO] IPUIPlugin:80 - create IPUIPlugin
2026-06-02 15:36:01,314 [INFO] IPUIPlugin:80 - create IPUIPlugin
2026-06-02 15:36:01,315 [INFO] IPUIPlugin:80 - create IPUIPlugin
2026-06-02 15:36:01,315 [INFO] IPUIPlugin:80 - create IPUIPlugin
2026-06-02 15:36:01,316 [INFO] IPUIPlugin:80 - create IPUIPlugin
2026-06-02 15:36:01,324 [INFO] ApiDbMcu:508 - Load IP Config File for PDM2PCM
2026-06-02 15:36:01,438 [INFO] CADModel:165 - CPN selected for project levelSTM32F407VGT6
2026-06-02 15:36:01,438 [INFO] CADModel:114 - Register for checkConnection events
2026-06-02 15:36:01,520 [INFO] OpenFileManager:385 - Restore cursor
2026-06-02 15:48:11,458 [INFO] WebApp:194 - Connection lost
2026-06-02 15:48:11,957 [INFO] WebApp:191 - Connection restablished
2026-06-02 16:48:47,466 [INFO] WebApp:194 - Connection lost
2026-06-02 17:08:50,334 [INFO] WebApp:191 - Connection restablished
2026-06-02 17:08:52,150 [INFO] WebApp:194 - Connection lost
2026-06-02 17:08:52,373 [INFO] WebApp:191 - Connection restablished
2026-06-02 17:19:56,555 [INFO] MainUpdater:2872 - connection check result : 10
2026-06-02 17:19:56,555 [INFO] McuFinderGlobals:76 - Set McuFinderConnectedMode to true
2026-06-02 17:19:56,960 [INFO] ServerAccessManage:473 - Download File mcusAds.json._tmp_
2026-06-02 17:19:57,153 [INFO] LoadUrlFilesThread:156 - End of LoadUrlFiles Thread
2026-06-02 17:19:57,341 [INFO] ServerAccessManage:473 - Download File cube-finder-db.zip
2026-06-02 17:20:01,456 [INFO] FileExtend:242 - Unzip File : cube-finder-db.zip
2026-06-02 17:20:01,456 [INFO] FileExtend:257 - Standard Zip Deflate
2026-06-02 17:20:05,030 [INFO] LoadUrlFilesThread:156 - End of LoadUrlFiles Thread
2026-06-02 17:20:05,937 [INFO] ServerAccessManage:473 - Download File crdb.zip
2026-06-02 17:20:06,823 [INFO] FileExtend:242 - Unzip File : crdb.zip
2026-06-02 17:20:06,823 [INFO] FileExtend:257 - Standard Zip Deflate
2026-06-02 17:20:07,014 [INFO] LoadUrlFilesThread:156 - End of LoadUrlFiles Thread
2026-06-02 17:20:07,177 [INFO] ServerAccessManage:473 - Download File tutoVideoDB.zip
2026-06-02 17:20:07,203 [INFO] FileExtend:242 - Unzip File : tutoVideoDB.zip
2026-06-02 17:20:07,203 [INFO] FileExtend:257 - Standard Zip Deflate
2026-06-02 17:20:07,369 [INFO] LoadUrlFilesThread:156 - End of LoadUrlFiles Thread
2026-06-02 17:20:07,369 [WARN] DbFile:41 - Overriding database path with different value: C:\Users\hp\.stmcufinder\plugins\mcufinder/ => C:\Users\hp\.stmcufinder\plugins\mcufinder
2026-06-02 17:20:08,186 [ERROR] ServerAccessManage:1089 - Problem, file not found on Server
2026-06-02 17:20:08,187 [ERROR] ServerAccessManage:651 - Problem, file not found on Server : api_config.json.
2026-06-02 17:20:19,825 [INFO] LoadUrlFilesThread:156 - End of LoadUrlFiles Thread
2026-06-02 17:20:21,653 [INFO] DbMcusAds:53 - JSON generation date=Thu May 28 21:38:17 IST 2026 (1779984497073)
2026-06-02 17:20:21,658 [INFO] ApiDb:448 - Save user favorites file C:\Users\hp/.stm32cubeide/favorites.mcus.txt: 0 item(s)
2026-06-02 17:20:21,659 [INFO] ApiDb:452 - User favorites MCUs=[]
2026-06-02 17:20:21,681 [INFO] ApiDb:581 - Connected to CubeFinder SQLite database (C:\Users\hp\.stmcufinder\plugins\mcufinder\mcu\cube-finder-db.db)
2026-06-02 17:20:21,856 [INFO] ApiDb:668 - CubeFinder database Data Model version=2.1
2026-06-02 17:20:21,856 [INFO] ApiDb:669 - CubeFinder database Configuration version=3.0.42
2026-06-02 17:20:21,857 [INFO] ApiDb:670 - CubeFinder database generation date=2026-05-06 (1778060171)
2026-06-02 17:20:21,857 [INFO] ApiDb:671 - CubeFinder database FW Pack versions=[FP-ATR-ASTRA1_V2.0.0, FP-SNS-FLIGHT1_V5.1.0, FP-SNS-MOTENV1_V5.1.0, FP-SNS-MOTENVWB1_V1.5.0, FP-SNS-SMARTAG2_V1.2.0, FP-SNS-STBOX1_V2.1.0, STM32Cube_FW_C0_V1.4.0, STM32Cube_FW_F4_V1.28.3, STM32Cube_FW_F7_V1.17.4, STM32Cube_FW_G0_V1.6.3, STM32Cube_FW_G4_V1.6.2, STM32Cube_FW_H5_V1.6.0, STM32Cube_FW_H7RS_V1.3.0, STM32Cube_FW_H7_V1.13.0, STM32Cube_FW_L0_V1.12.2, STM32Cube_FW_L4_V1.18.2, STM32Cube_FW_L5_V1.6.0, STM32Cube_FW_N6_V1.3.0, STM32Cube_FW_U0_V1.3.0, STM32Cube_FW_U3_V1.3.0, STM32Cube_FW_U5_V1.8.0, STM32Cube_FW_WB0_V1.4.0, STM32Cube_FW_WBA_V1.9.0, STM32Cube_FW_WB_V1.24.0, STM32Cube_FW_WL3_V1.4.0, STM32Cube_FW_WL_V1.5.0, X-CUBE-ALGOBUILD_V1.4.0, X-CUBE-ALS_V1.0.2, X-CUBE-AZRTOS-F4_V1.1.0, X-CUBE-AZRTOS-F7_V1.1.0, X-CUBE-AZRTOS-G0_V1.1.0, X-CUBE-AZRTOS-G4_V2.0.0, X-CUBE-AZRTOS-H7RS_V1.1.0, X-CUBE-AZRTOS-H7_V3.5.0, X-CUBE-AZRTOS-L4_V2.0.0, X-CUBE-AZRTOS-L5_V2.0.0, X-CUBE-AZRTOS-WB_V2.0.0, X-CUBE-AZRTOS-WL_V2.0.0, X-CUBE-BLE1_V7.1.0, X-CUBE-BLE2_V3.3.0, X-CUBE-BLEMGR_V4.1.0, X-CUBE-EEPRMA1_V5.2.0, X-CUBE-FREERTOS_V1.5.0, X-CUBE-GNSS1_V6.0.0, X-CUBE-MEMS1_V12.0.0, X-CUBE-NFC4_V3.0.0, X-CUBE-NFC7_V2.0.0, X-CUBE-SFXS2LP1_V4.0.0, X-CUBE-ST67W61_V1.2.0, X-CUBE-SUBG2_V5.0.0, X-CUBE-TOF1_V3.4.3]
2026-06-02 17:20:25,160 [INFO] ApiDb:240 - Found 895 in-development CPN: [B-G473E-ZEST1S, B-WB1M-WPAN1, B-WBA5M-WPAN, B-WL5M-SUBG1, NUCLEO-C031C6, NUCLEO-C051C8, NUCLEO-C071RB, NUCLEO-C092RC, NUCLEO-H503RB, NUCLEO-H533RE, NUCLEO-H563ZI, NUCLEO-H7S3L8, NUCLEO-N657X0-Q, NUCLEO-U031R8, NUCLEO-U083RC, NUCLEO-U385RG-Q, NUCLEO-U545RE-Q, NUCLEO-U5A5ZJ-Q, NUCLEO-WB05KZ, NUCLEO-WB07CC, NUCLEO-WB09KE, NUCLEO-WBA52CG, NUCLEO-WBA55CG, NUCLEO-WBA65RI, NUCLEO-WL33CC1, NUCLEO-WL33CC2, STEVAL-PROTEUS1, STEVAL-SMARTAG2, STEVAL-STWINBX1, STM320518-EVAL, STM32C0116-DK, STM32C011D6Y3TR, STM32C011D6Y6TR, STM32C011F4P3, STM32C011F4P6, STM32C011F4U3, STM32C011F4U6TR, STM32C011F6P3, STM32C011F6P6, STM32C011F6U3, STM32C011F6U6TR, STM32C011J4M3, STM32C011J4M6, STM32C011J6M3, STM32C011J6M6, STM32C0316-DK, STM32C031C4T3, STM32C031C4T6, STM32C031C4U3, STM32C031C4U6, STM32C031C6T3, STM32C031C6T6, STM32C031C6U3, STM32C031C6U6, STM32C031F4P3, STM32C031F4P6, STM32C031F6P3, STM32C031F6P6, STM32C031G4U3, STM32C031G4U6, STM32C031G6U3, STM32C031G6U6, STM32C031K4T3, STM32C031K4T6, STM32C031K4U3, STM32C031K4U6, STM32C031K6T3, STM32C031K6T6, STM32C031K6U3, STM32C031K6U6, STM32C051C6T6, STM32C051C6U6, STM32C051C8T6, STM32C051C8U6, STM32C051D8Y6TR, STM32C051F6P6, STM32C051F8P6, STM32C051G6U6, STM32C051G8U6, STM32C051K6T6, STM32C051K6U6, STM32C051K8T6, STM32C071C8T6, STM32C071C8T6N, STM32C071C8U6, STM32C071C8U6N, STM32C071CBT6, STM32C071CBT6N, STM32C071CBU6, STM32C071CBU6N, STM32C071F8P6, STM32C071F8P6N, STM32C071FBP6, STM32C071FBP6N, STM32C071FBY6TR, STM32C071G8U6, STM32C071G8U6N, STM32C071GBU6, STM32C071GBU6N, STM32C071K8T6, STM32C071K8T6N, STM32C071K8U6, STM32C071K8U6N, STM32C071KBT6, STM32C071KBT6N, STM32C071KBU6, STM32C071KBU6N, STM32C071R8T6, STM32C071R8T6N, STM32C071RBI6N, STM32C071RBT6, STM32C071RBT6N, STM32C091CBT6, STM32C091CBU6, STM32C091CCT6, STM32C091CCU6, STM32C091ECY6TR, STM32C091FBP6, STM32C091FCP6, STM32C091GBU6, STM32C091GCU6, STM32C091KBT6, STM32C091KBU6, STM32C091KCT6, STM32C091KCU6, STM32C091RBT6, STM32C091RCI6, STM32C091RCT6, STM32C092CBT6, STM32C092CBU6, STM32C092CCT6, STM32C092CCU6, STM32C092ECY6TR, STM32C092FBP6, STM32C092FCP6, STM32C092GBU6, STM32C092GCU6, STM32C092KBT6, STM32C092KBU6, STM32C092KCT6, STM32C092KCU6, STM32C092RBT6, STM32C092RCI6, STM32C092RCT6, STM32G071K8TXN, STM32G071K8UXN, STM32G081GBU6N, STM32G081KBT6N, STM32G081KBUXN, STM32G0B1CCT6N, STM32G0B1KCT6, STM32G0B1NEY6TR, STM32G0B1RCT6N, STM32G0C1CCT6, STM32G0C1CCT6N, STM32G0C1CCU6N, STM32G0C1CET6N, STM32G0C1CEU6N, STM32G0C1KCT6, STM32G0C1NEY6TR, STM32G0C1RCI6N, STM32G0C1RCT6N, STM32G0C1REI6N, STM32G0C1RET6N, STM32G0C1VCI6, STM32G0C1VEI6, STM32G411C6T3, STM32G411C6T6, STM32G411C6U3, STM32G411C6U6, STM32G411C8T3, STM32G411C8T6, STM32G411C8U3, STM32G411C8U6, STM32G411CBT3, STM32G411CBT6, STM32G411CBU3, STM32G411CBU6, STM32G411CCT3, STM32G411CCT6, STM32G411CCU3, STM32G411CCU6, STM32G411K6T3, STM32G411K6T6, STM32G411K6U3, STM32G411K6U6, STM32G411K8T3, STM32G411K8T6, STM32G411K8U3, STM32G411K8U6, STM32G411KBT3, STM32G411KBT6, STM32G411KBU3, STM32G411KBU6, STM32G411M6T3, STM32G411M6T6, STM32G411M8T3, STM32G411M8T6, STM32G411MBT3, STM32G411MBT6, STM32G411MCT3, STM32G411MCT6, STM32G411R6T3, STM32G411R6T6, STM32G411R8T3, STM32G411R8T6, STM32G411RBT3, STM32G411RBT6, STM32G411RCT3, STM32G411RCT6, STM32G414CBT3, STM32G414CBT6, STM32G414CBU3, STM32G414CBU6, STM32G414CCT3, STM32G414CCT6, STM32G414CCU3, STM32G414CCU6, STM32G414MBT3, STM32G414MBT6, STM32G414MCT3, STM32G414MCT6, STM32G414RBT3, STM32G414RBT6, STM32G414RCT3, STM32G414RCT6, STM32G414VBT3, STM32G414VBT6, STM32G414VCT3, STM32G414VCT6, STM32G431CBT3Z, STM32G431RBT3Z, STM32G471CCT6, STM32G471CCU6, STM32G471CET3, STM32G471CET6, STM32G471CEU3, STM32G471CEU6, STM32G471MCT6, STM32G471MET3, STM32G471MET6, STM32G471MEY6TR, STM32G471QCT6, STM32G471QET3, STM32G471RCT6, STM32G471RET3, STM32G471RET6, STM32G471VCH6, STM32G471VCI6, STM32G471VCT6, STM32G471VEH3, STM32G471VEH6, STM32G471VEI3, STM32G471VEI6, STM32G471VET3, STM32G471VET6, STM32G473QET3Z, STM32G473RET3Z, STM32G474CCT6, STM32G491RET3Z, STM32H503CBT6, STM32H503CBU6, STM32H503EBY6TR, STM32H503KBU6, STM32H503RBT6, STM32H523CCT6, STM32H523CCU6, STM32H523CET6, STM32H523CEU6, STM32H523HEY6TR, STM32H523RCT6, STM32H523RET6, STM32H523VCI6, STM32H523VCT6, STM32H523VEI6, STM32H523VET6, STM32H523ZCJ6, STM32H523ZCT6, STM32H523ZEJ6, STM32H523ZET6, STM32H533CET6, STM32H533CEU6, STM32H533HEY6TR, STM32H533RET6, STM32H533VEI6, STM32H533VET6, STM32H533ZEJ6, STM32H533ZET6, STM32H562AGI6, STM32H562AII6, STM32H562IGK6, STM32H562IGT6, STM32H562IIK6, STM32H562IIT6, STM32H562RGT6, STM32H562RGV6, STM32H562RIT6, STM32H562RIV6, STM32H562VGT6, STM32H562VIT6, STM32H562ZGT6, STM32H562ZIT6, STM32H563AGI6, STM32H563AII3Q, STM32H563AII6, STM32H563IGK6, STM32H563IGT6, STM32H563IIK3Q, STM32H563IIK6, STM32H563IIT3Q, STM32H563IIT6, STM32H563MIY3QTR, STM32H563RGT6, STM32H563RGV6, STM32H563RIT6, STM32H563RIV6, STM32H563VGT6, STM32H563VIT3Q, STM32H563VIT6, STM32H563ZGT6, STM32H563ZIT3Q, STM32H563ZIT6, STM32H573AII3Q, STM32H573AII6, STM32H573I-DK, STM32H573IIK3Q, STM32H573IIK6, STM32H573IIT3Q, STM32H573IIT6, STM32H573MIY3QTR, STM32H573RIT6, STM32H573RIV6, STM32H573VIT3Q, STM32H573VIT6, STM32H573ZIT3Q, STM32H573ZIT6, STM32H7R3A8I6, STM32H7R3I8K6, STM32H7R3I8T6, STM32H7R3L8H6, STM32H7R3L8H6H, STM32H7R3R8V6, STM32H7R3V8H6, STM32H7R3V8T6, STM32H7R3V8Y6TR, STM32H7R3Z8J6, STM32H7R3Z8T6, STM32H7R7A8I6, STM32H7R7I8K6, STM32H7R7I8T6, STM32H7R7L8H6, STM32H7R7L8H6H, STM32H7R7Z8J6, STM32H7S3A8I6, STM32H7S3I8K6, STM32H7S3I8T6, STM32H7S3L8H6, STM32H7S3L8H6H, STM32H7S3R8V6, STM32H7S3V8H6, STM32H7S3V8T6, STM32H7S3V8Y6TR, STM32H7S3Z8J6, STM32H7S3Z8T6, STM32H7S78-DK, STM32H7S7A8I6, STM32H7S7I8K6, STM32H7S7I8T6, STM32H7S7L8H6, STM32H7S7L8H6H, STM32H7S7Z8J6, STM32L4R5QGI6STR, STM32MP131AAE3, STM32MP131AAF3, STM32MP131AAG3, STM32MP131CAE3, STM32MP131CAF3, STM32MP131CAG3, STM32MP131DAE7, STM32MP131DAF7, STM32MP131DAG7, STM32MP131FAE7, STM32MP131FAF7, STM32MP131FAG7, STM32MP133AAE3, STM32MP133AAF3, STM32MP133AAG3, STM32MP133CAE3, STM32MP133CAF3, STM32MP133CAG3, STM32MP133DAE7, STM32MP133DAF7, STM32MP133DAG7, STM32MP133FAE7, STM32MP133FAF7, STM32MP133FAG7, STM32MP135AAE3, STM32MP135AAF3, STM32MP135AAG3, STM32MP135CAE3, STM32MP135CAF3, STM32MP135CAG3, STM32MP135DAE7, STM32MP135DAF7, STM32MP135DAG7, STM32MP135F-DK, STM32MP135FAE7, STM32MP135FAF7, STM32MP135FAF7T, STM32MP135FAF7U, STM32MP135FAG7, STM32MP231AAJ3, STM32MP231AAK3, STM32MP231AAL3, STM32MP231CAJ3, STM32MP231CAK3, STM32MP231CAL3, STM32MP231DAJ3, STM32MP231DAK3, STM32MP231DAL3, STM32MP231FAJ3, STM32MP231FAK3, STM32MP231FAL3, STM32MP233AAJ3, STM32MP233AAK3, STM32MP233AAL3, STM32MP233CAJ3, STM32MP233CAK3, STM32MP233CAL3, STM32MP233DAJ3, STM32MP233DAK3, STM32MP233DAL3, STM32MP233FAJ3, STM32MP233FAK3, STM32MP233FAL3, STM32MP235AAJ3, STM32MP235AAK3, STM32MP235AAL3, STM32MP235CAJ3, STM32MP235CAK3, STM32MP235CAL3, STM32MP235DAJ3, STM32MP235DAK3, STM32MP235DAL3, STM32MP235FAJ3, STM32MP235FAK3, STM32MP235FAL3, STM32MP251AAI3, STM32MP251AAJ3, STM32MP251AAK3, STM32MP251AAL3, STM32MP251CAI3, STM32MP251CAJ3, STM32MP251CAK3, STM32MP251CAL3, STM32MP251DAI3, STM32MP251DAJ3, STM32MP251DAK3, STM32MP251DAL3, STM32MP251FAI3, STM32MP251FAJ3, STM32MP251FAK3, STM32MP251FAL3, STM32MP253AAI3, STM32MP253AAJ3, STM32MP253AAK3, STM32MP253AAL3, STM32MP253CAI3, STM32MP253CAJ3, STM32MP253CAK3, STM32MP253CAL3, STM32MP253DAI3, STM32MP253DAJ3, STM32MP253DAK3, STM32MP253DAL3, STM32MP253FAI3, STM32MP253FAJ3, STM32MP253FAK3, STM32MP253FAL3, STM32MP255AAI3, STM32MP255AAJ3, STM32MP255AAK3, STM32MP255AAL3, STM32MP255CAI3, STM32MP255CAJ3, STM32MP255CAK3, STM32MP255CAL3, STM32MP255DAI3, STM32MP255DAJ3, STM32MP255DAK3, STM32MP255DAL3, STM32MP255FAI3, STM32MP255FAJ3, STM32MP255FAK3, STM32MP255FAL3, STM32MP257AAI3, STM32MP257AAJ3, STM32MP257AAK3, STM32MP257AAL3, STM32MP257CAI3, STM32MP257CAJ3, STM32MP257CAK3, STM32MP257CAL3, STM32MP257DAI3, STM32MP257DAJ3, STM32MP257DAK3, STM32MP257DAL3, STM32MP257F-DK, STM32MP257F-EV1, STM32MP257FAI3, STM32MP257FAJ3, STM32MP257FAK3, STM32MP257FAL3, STM32N645A0H3Q, STM32N645B0H3Q, STM32N645I0H3Q, STM32N645L0H3Q, STM32N645X0H3Q, STM32N645Z0H3Q, STM32N647A0H3Q, STM32N647B0H3Q, STM32N647I0H3Q, STM32N647L0H3Q, STM32N647X0H3Q, STM32N647Z0H3Q, STM32N655A0H3Q, STM32N655B0H3Q, STM32N655I0H3Q, STM32N655L0H3Q, STM32N655X0H3Q, STM32N655Z0H3Q, STM32N6570-DK, STM32N657A0H3Q, STM32N657B0H3Q, STM32N657I0H3Q, STM32N657L0H3Q, STM32N657X0H3Q, STM32N657Z0H3Q, STM32U031C6T6, STM32U031C6U6, STM32U031C8T6, STM32U031C8U6, STM32U031F4P6, STM32U031F6P6, STM32U031F8P6, STM32U031G6Y6TR, STM32U031G8Y6TR, STM32U031K4U6, STM32U031K6U6, STM32U031K8U6, STM32U031R6I6, STM32U031R6T6, STM32U031R8I6, STM32U031R8T6, STM32U073C8T6, STM32U073C8U6, STM32U073CBT6, STM32U073CBU6, STM32U073CCT6, STM32U073CCU6, STM32U073H8Y6TR, STM32U073HBY6TR, STM32U073HCY6TR, STM32U073K8U6, STM32U073KBU6, STM32U073KCU6, STM32U073M8I6, STM32U073M8T6, STM32U073MBI6, STM32U073MBT6, STM32U073MCI6, STM32U073MCT6, STM32U073R8I6, STM32U073R8T6, STM32U073RBI6, STM32U073RBT6, STM32U073RCI6, STM32U073RCT6, STM32U083C-DK, STM32U083CCT6, STM32U083CCU6, STM32U083HCY6TR, STM32U083KCU6, STM32U083MCI6, STM32U083MCT6, STM32U083RCI6, STM32U083RCT6, STM32U375CET6, STM32U375CET6Q, STM32U375CEU6, STM32U375CEU6Q, STM32U375CEY6QTR, STM32U375CGT6, STM32U375CGT6Q, STM32U375CGU6, STM32U375CGU6Q, STM32U375CGY6QTR, STM32U375KEU6, STM32U375KGU6, STM32U375REI6, STM32U375REI6Q, STM32U375RET6, STM32U375RET6Q, STM32U375REY6GTR, STM32U375REY6QTR, STM32U375RGI6, STM32U375RGI6Q, STM32U375RGT6, STM32U375RGT6Q, STM32U375RGY6GTR, STM32U375RGY6QTR, STM32U375VEI6, STM32U375VEI6Q, STM32U375VET6, STM32U375VET6Q, STM32U375VGI6, STM32U375VGI6Q, STM32U375VGT6, STM32U375VGT6Q, STM32U385CGT6, STM32U385CGT6Q, STM32U385CGU6, STM32U385CGU6Q, STM32U385CGY6QTR, STM32U385KGU6, STM32U385RGI6, STM32U385RGI6Q, STM32U385RGT6, STM32U385RGT6Q, STM32U385RGY6GTR, STM32U385RGY6QTR, STM32U385VGI6, STM32U385VGI6Q, STM32U385VGT6, STM32U385VGT6Q, STM32U535CBT6, STM32U535CBT6Q, STM32U535CBU6, STM32U535CBU6Q, STM32U535CCT6, STM32U535CCT6Q, STM32U535CCU6, STM32U535CCU6Q, STM32U535CET6, STM32U535CET6Q, STM32U535CEU6, STM32U535CEU6Q, STM32U535JEY6QTR, STM32U535NCY6QTR, STM32U535NEY6QTR, STM32U535RBI6, STM32U535RBI6Q, STM32U535RBT6, STM32U535RBT6Q, STM32U535RCI6, STM32U535RCI6Q, STM32U535RCT6, STM32U535RCT6Q, STM32U535REI6, STM32U535REI6Q, STM32U535RET6, STM32U535RET6Q, STM32U535VCI6, STM32U535VCI6Q, STM32U535VCT6, STM32U535VCT6Q, STM32U535VEI6, STM32U535VEI6Q, STM32U535VET6, STM32U535VET6Q, STM32U545CET6, STM32U545CET6Q, STM32U545CEU6, STM32U545CEU6Q, STM32U545JEY6QTR, STM32U545NEY6QTR, STM32U545REI6, STM32U545REI6Q, STM32U545RET6, STM32U545RET6Q, STM32U545VEI6, STM32U545VEI6Q, STM32U545VET6, STM32U545VET6Q, STM32U595AIH6, STM32U595AIH6Q, STM32U595AJH6, STM32U595AJH6Q, STM32U595QII6, STM32U595QII6Q, STM32U595QJI6, STM32U595QJI6Q, STM32U595RIT6, STM32U595RIT6Q, STM32U595RJT6, STM32U595RJT6Q, STM32U595VIT6, STM32U595VIT6Q, STM32U595VJT6, STM32U595VJT6Q, STM32U595ZIT6, STM32U595ZIT6Q, STM32U595ZIY6QTR, STM32U595ZJT6, STM32U595ZJT6Q, STM32U595ZJY6QTR, STM32U599BJY6QTR, STM32U599NIH6Q, STM32U599NJH6Q, STM32U599VIT6Q, STM32U599VJT6, STM32U599VJT6Q, STM32U599ZIT6Q, STM32U599ZIY6QTR, STM32U599ZJT6Q, STM32U599ZJY6QTR, STM32U5A5AJH6, STM32U5A5AJH6Q, STM32U5A5QII3Q , STM32U5A5QJI6, STM32U5A5QJI6Q, STM32U5A5RJT6, STM32U5A5RJT6Q, STM32U5A5VJT6, STM32U5A5VJT6Q, STM32U5A5ZJT6, STM32U5A5ZJT6Q, STM32U5A5ZJY6QTR, STM32U5A9BJY6QTR, STM32U5A9J-DK, STM32U5A9NJH6Q, STM32U5A9VJT6Q, STM32U5A9ZJT6Q, STM32U5A9ZJY6QTR, STM32U5F7VIT6, STM32U5F7VIT6Q, STM32U5F7VJT6, STM32U5F7VJT6Q, STM32U5F9BJY6QTR, STM32U5F9NJH6Q, STM32U5F9VIT6Q, STM32U5F9VJT6Q, STM32U5F9ZIJ6QTR, STM32U5F9ZIT6Q, STM32U5F9ZJJ6QTR, STM32U5F9ZJT6Q, STM32U5G7VJT6, STM32U5G7VJT6Q, STM32U5G9BJY6QTR, STM32U5G9J-DK1, STM32U5G9J-DK2, STM32U5G9NJH6Q, STM32U5G9VJT6Q, STM32U5G9ZJJ6QTR, STM32U5G9ZJT6Q, STM32WB05KZV6TR, STM32WB05KZV7TR, STM32WB05TZF6TR, STM32WB05TZF7TR, STM32WB06CCF6TR, STM32WB06CCF7TR, STM32WB06CCV6TR, STM32WB06CCV7TR, STM32WB06KCV6TR, STM32WB06KCV7TR, STM32WB07CCF6TR, STM32WB07CCF7TR, STM32WB07CCV6TR, STM32WB07CCV7TR, STM32WB07KCV6TR, STM32WB07KCV7TR, STM32WB09KEV6TR, STM32WB09KEV7TR, STM32WB09TEF6TR, STM32WB09TEF7TR, STM32WB1MMCH6, STM32WBA50KGU6, STM32WBA50KGU6TR, STM32WBA52CEU6, STM32WBA52CEU6TR, STM32WBA52CEU7, STM32WBA52CEU7TR, STM32WBA52CGU6, STM32WBA52CGU6TR, STM32WBA52CGU6U, STM32WBA52CGU7, STM32WBA52CGU7TR, STM32WBA52KEU6, STM32WBA52KEU6TR, STM32WBA52KGU6, STM32WBA52KGU6TR, STM32WBA54CEU6, STM32WBA54CEU6TR, STM32WBA54CEU7, STM32WBA54CEU7TR, STM32WBA54CGU6, STM32WBA54CGU6TR, STM32WBA54CGU7, STM32WBA54CGU7TR, STM32WBA54KEU6, STM32WBA54KEU6TR, STM32WBA54KEU7, STM32WBA54KEU7TR, STM32WBA54KGU6, STM32WBA54KGU6TR, STM32WBA54KGU7, STM32WBA54KGU7TR, STM32WBA55CEU6, STM32WBA55CEU6TR, STM32WBA55CEU7, STM32WBA55CEU7TR, STM32WBA55CGU6, STM32WBA55CGU6TR, STM32WBA55CGU6U, STM32WBA55CGU7, STM32WBA55CGU7TR, STM32WBA55G-DK1, STM32WBA55HEF6, STM32WBA55HEF7, STM32WBA55HGF6, STM32WBA55HGF7, STM32WBA55UEI6, STM32WBA55UEI6TR, STM32WBA55UEI7, STM32WBA55UEI7TR, STM32WBA55UGI6, STM32WBA55UGI6TR, STM32WBA55UGI7, STM32WBA55UGI7TR, STM32WBA5MJGH6TR, STM32WBA62CGU6, STM32WBA62CIU6, STM32WBA62MGF6, STM32WBA62MIF6, STM32WBA62PGI6, STM32WBA62PII6, STM32WBA63CGU6, STM32WBA63CGU7, STM32WBA63CIU6, STM32WBA63CIU7, STM32WBA64CGU6, STM32WBA64CGU7, STM32WBA64CIU6, STM32WBA64CIU7, STM32WBA65CGU6, STM32WBA65CGU7, STM32WBA65CIU6, STM32WBA65CIU7, STM32WBA65I-DK1, STM32WBA65MGF6, STM32WBA65MGF7, STM32WBA65MIF6, STM32WBA65MIF7, STM32WBA65PGI6, STM32WBA65PGI7, STM32WBA65PII6, STM32WBA65PII7, STM32WBA65RGV6, STM32WBA65RGV7, STM32WBA65RIV6, STM32WBA65RIV7, STM32WL30K8V6, STM32WL30KBV6, STM32WL31C8V6, STM32WL31CBV6, STM32WL31K8V6, STM32WL31KBV6, STM32WL33C8V6, STM32WL33C8V6TR, STM32WL33C8V7, STM32WL33C8V7TR, STM32WL33CBV6, STM32WL33CBV6TR, STM32WL33CBV7, STM32WL33CBV7TR, STM32WL33CCV6, STM32WL33CCV6TR, STM32WL33CCV7, STM32WL33CCV7A, STM32WL33CCV7ATR, STM32WL33CCV7TR, STM32WL33K8V6, STM32WL33K8V6TR, STM32WL33K8V7, STM32WL33K8V7TR, STM32WL33KBV6, STM32WL33KBV6TR, STM32WL33KBV7, STM32WL33KBV7TR, STM32WL33KCV6, STM32WL33KCV6TR, STM32WL33KCV7, STM32WL33KCV7TR, STM32WL5MOCH6, STM32WL5MOCH6TR]
2026-06-02 17:20:25,160 [INFO] DbMcus:218 - Found 5082 MCUs, 4964 are supported
2026-06-02 17:20:25,169 [INFO] ApiDb:423 - Load user favorites file C:\Users\hp/.stm32cubeide/favorites.mcus.txt: 0 item(s)
2026-06-02 17:20:25,169 [INFO] ApiDb:427 - User favorites MCUs=[]
2026-06-02 17:20:25,169 [INFO] DbMcus:224 - Set 0 / 0 favorites MCUs
2026-06-02 17:20:26,403 [INFO] ApiDb:448 - Save user favorites file C:\Users\hp/.stm32cubeide/favorites.boards.txt: 1 item(s)
2026-06-02 17:20:26,403 [INFO] ApiDb:452 - User favorites Boards=[STM32F407G-DISC1]
2026-06-02 17:20:26,407 [INFO] ApiDb:581 - Connected to CubeFinder SQLite database (C:\Users\hp\.stmcufinder\plugins\mcufinder\mcu\cube-finder-db.db)
2026-06-02 17:20:26,505 [INFO] ApiDb:668 - CubeFinder database Data Model version=2.1
2026-06-02 17:20:26,505 [INFO] ApiDb:669 - CubeFinder database Configuration version=3.0.42
2026-06-02 17:20:26,505 [INFO] ApiDb:670 - CubeFinder database generation date=2026-05-06 (1778060171)
2026-06-02 17:20:26,505 [INFO] ApiDb:671 - CubeFinder database FW Pack versions=[FP-ATR-ASTRA1_V2.0.0, FP-SNS-FLIGHT1_V5.1.0, FP-SNS-MOTENV1_V5.1.0, FP-SNS-MOTENVWB1_V1.5.0, FP-SNS-SMARTAG2_V1.2.0, FP-SNS-STBOX1_V2.1.0, STM32Cube_FW_C0_V1.4.0, STM32Cube_FW_F4_V1.28.3, STM32Cube_FW_F7_V1.17.4, STM32Cube_FW_G0_V1.6.3, STM32Cube_FW_G4_V1.6.2, STM32Cube_FW_H5_V1.6.0, STM32Cube_FW_H7RS_V1.3.0, STM32Cube_FW_H7_V1.13.0, STM32Cube_FW_L0_V1.12.2, STM32Cube_FW_L4_V1.18.2, STM32Cube_FW_L5_V1.6.0, STM32Cube_FW_N6_V1.3.0, STM32Cube_FW_U0_V1.3.0, STM32Cube_FW_U3_V1.3.0, STM32Cube_FW_U5_V1.8.0, STM32Cube_FW_WB0_V1.4.0, STM32Cube_FW_WBA_V1.9.0, STM32Cube_FW_WB_V1.24.0, STM32Cube_FW_WL3_V1.4.0, STM32Cube_FW_WL_V1.5.0, X-CUBE-ALGOBUILD_V1.4.0, X-CUBE-ALS_V1.0.2, X-CUBE-AZRTOS-F4_V1.1.0, X-CUBE-AZRTOS-F7_V1.1.0, X-CUBE-AZRTOS-G0_V1.1.0, X-CUBE-AZRTOS-G4_V2.0.0, X-CUBE-AZRTOS-H7RS_V1.1.0, X-CUBE-AZRTOS-H7_V3.5.0, X-CUBE-AZRTOS-L4_V2.0.0, X-CUBE-AZRTOS-L5_V2.0.0, X-CUBE-AZRTOS-WB_V2.0.0, X-CUBE-AZRTOS-WL_V2.0.0, X-CUBE-BLE1_V7.1.0, X-CUBE-BLE2_V3.3.0, X-CUBE-BLEMGR_V4.1.0, X-CUBE-EEPRMA1_V5.2.0, X-CUBE-FREERTOS_V1.5.0, X-CUBE-GNSS1_V6.0.0, X-CUBE-MEMS1_V12.0.0, X-CUBE-NFC4_V3.0.0, X-CUBE-NFC7_V2.0.0, X-CUBE-SFXS2LP1_V4.0.0, X-CUBE-ST67W61_V1.2.0, X-CUBE-SUBG2_V5.0.0, X-CUBE-TOF1_V3.4.3]
2026-06-02 17:20:26,580 [INFO] DbBoardsSqlite:226 - include board P-NUCLEO-WB55-NUCLEO as a kit item of type 'Nucleo-64'
2026-06-02 17:20:26,581 [INFO] DbBoardsSqlite:226 - include board P-NUCLEO-WB55-USBDONGLE as a kit item of type 'Nucleo USB Dongle'
2026-06-02 17:20:26,581 [INFO] DbBoardsSqlite:226 - include board STEVAL-IDP005V1 as a kit item of type 'Evaluation Board'
2026-06-02 17:20:26,581 [INFO] DbBoardsSqlite:226 - include board STEVAL-IDP005V2 as a kit item of type 'Evaluation Board'
2026-06-02 17:20:26,686 [INFO] ApiDb:240 - Found 895 in-development CPN: [B-G473E-ZEST1S, B-WB1M-WPAN1, B-WBA5M-WPAN, B-WL5M-SUBG1, NUCLEO-C031C6, NUCLEO-C051C8, NUCLEO-C071RB, NUCLEO-C092RC, NUCLEO-H503RB, NUCLEO-H533RE, NUCLEO-H563ZI, NUCLEO-H7S3L8, NUCLEO-N657X0-Q, NUCLEO-U031R8, NUCLEO-U083RC, NUCLEO-U385RG-Q, NUCLEO-U545RE-Q, NUCLEO-U5A5ZJ-Q, NUCLEO-WB05KZ, NUCLEO-WB07CC, NUCLEO-WB09KE, NUCLEO-WBA52CG, NUCLEO-WBA55CG, NUCLEO-WBA65RI, NUCLEO-WL33CC1, NUCLEO-WL33CC2, STEVAL-PROTEUS1, STEVAL-SMARTAG2, STEVAL-STWINBX1, STM320518-EVAL, STM32C0116-DK, STM32C011D6Y3TR, STM32C011D6Y6TR, STM32C011F4P3, STM32C011F4P6, STM32C011F4U3, STM32C011F4U6TR, STM32C011F6P3, STM32C011F6P6, STM32C011F6U3, STM32C011F6U6TR, STM32C011J4M3, STM32C011J4M6, STM32C011J6M3, STM32C011J6M6, STM32C0316-DK, STM32C031C4T3, STM32C031C4T6, STM32C031C4U3, STM32C031C4U6, STM32C031C6T3, STM32C031C6T6, STM32C031C6U3, STM32C031C6U6, STM32C031F4P3, STM32C031F4P6, STM32C031F6P3, STM32C031F6P6, STM32C031G4U3, STM32C031G4U6, STM32C031G6U3, STM32C031G6U6, STM32C031K4T3, STM32C031K4T6, STM32C031K4U3, STM32C031K4U6, STM32C031K6T3, STM32C031K6T6, STM32C031K6U3, STM32C031K6U6, STM32C051C6T6, STM32C051C6U6, STM32C051C8T6, STM32C051C8U6, STM32C051D8Y6TR, STM32C051F6P6, STM32C051F8P6, STM32C051G6U6, STM32C051G8U6, STM32C051K6T6, STM32C051K6U6, STM32C051K8T6, STM32C071C8T6, STM32C071C8T6N, STM32C071C8U6, STM32C071C8U6N, STM32C071CBT6, STM32C071CBT6N, STM32C071CBU6, STM32C071CBU6N, STM32C071F8P6, STM32C071F8P6N, STM32C071FBP6, STM32C071FBP6N, STM32C071FBY6TR, STM32C071G8U6, STM32C071G8U6N, STM32C071GBU6, STM32C071GBU6N, STM32C071K8T6, STM32C071K8T6N, STM32C071K8U6, STM32C071K8U6N, STM32C071KBT6, STM32C071KBT6N, STM32C071KBU6, STM32C071KBU6N, STM32C071R8T6, STM32C071R8T6N, STM32C071RBI6N, STM32C071RBT6, STM32C071RBT6N, STM32C091CBT6, STM32C091CBU6, STM32C091CCT6, STM32C091CCU6, STM32C091ECY6TR, STM32C091FBP6, STM32C091FCP6, STM32C091GBU6, STM32C091GCU6, STM32C091KBT6, STM32C091KBU6, STM32C091KCT6, STM32C091KCU6, STM32C091RBT6, STM32C091RCI6, STM32C091RCT6, STM32C092CBT6, STM32C092CBU6, STM32C092CCT6, STM32C092CCU6, STM32C092ECY6TR, STM32C092FBP6, STM32C092FCP6, STM32C092GBU6, STM32C092GCU6, STM32C092KBT6, STM32C092KBU6, STM32C092KCT6, STM32C092KCU6, STM32C092RBT6, STM32C092RCI6, STM32C092RCT6, STM32G071K8TXN, STM32G071K8UXN, STM32G081GBU6N, STM32G081KBT6N, STM32G081KBUXN, STM32G0B1CCT6N, STM32G0B1KCT6, STM32G0B1NEY6TR, STM32G0B1RCT6N, STM32G0C1CCT6, STM32G0C1CCT6N, STM32G0C1CCU6N, STM32G0C1CET6N, STM32G0C1CEU6N, STM32G0C1KCT6, STM32G0C1NEY6TR, STM32G0C1RCI6N, STM32G0C1RCT6N, STM32G0C1REI6N, STM32G0C1RET6N, STM32G0C1VCI6, STM32G0C1VEI6, STM32G411C6T3, STM32G411C6T6, STM32G411C6U3, STM32G411C6U6, STM32G411C8T3, STM32G411C8T6, STM32G411C8U3, STM32G411C8U6, STM32G411CBT3, STM32G411CBT6, STM32G411CBU3, STM32G411CBU6, STM32G411CCT3, STM32G411CCT6, STM32G411CCU3, STM32G411CCU6, STM32G411K6T3, STM32G411K6T6, STM32G411K6U3, STM32G411K6U6, STM32G411K8T3, STM32G411K8T6, STM32G411K8U3, STM32G411K8U6, STM32G411KBT3, STM32G411KBT6, STM32G411KBU3, STM32G411KBU6, STM32G411M6T3, STM32G411M6T6, STM32G411M8T3, STM32G411M8T6, STM32G411MBT3, STM32G411MBT6, STM32G411MCT3, STM32G411MCT6, STM32G411R6T3, STM32G411R6T6, STM32G411R8T3, STM32G411R8T6, STM32G411RBT3, STM32G411RBT6, STM32G411RCT3, STM32G411RCT6, STM32G414CBT3, STM32G414CBT6, STM32G414CBU3, STM32G414CBU6, STM32G414CCT3, STM32G414CCT6, STM32G414CCU3, STM32G414CCU6, STM32G414MBT3, STM32G414MBT6, STM32G414MCT3, STM32G414MCT6, STM32G414RBT3, STM32G414RBT6, STM32G414RCT3, STM32G414RCT6, STM32G414VBT3, STM32G414VBT6, STM32G414VCT3, STM32G414VCT6, STM32G431CBT3Z, STM32G431RBT3Z, STM32G471CCT6, STM32G471CCU6, STM32G471CET3, STM32G471CET6, STM32G471CEU3, STM32G471CEU6, STM32G471MCT6, STM32G471MET3, STM32G471MET6, STM32G471MEY6TR, STM32G471QCT6, STM32G471QET3, STM32G471RCT6, STM32G471RET3, STM32G471RET6, STM32G471VCH6, STM32G471VCI6, STM32G471VCT6, STM32G471VEH3, STM32G471VEH6, STM32G471VEI3, STM32G471VEI6, STM32G471VET3, STM32G471VET6, STM32G473QET3Z, STM32G473RET3Z, STM32G474CCT6, STM32G491RET3Z, STM32H503CBT6, STM32H503CBU6, STM32H503EBY6TR, STM32H503KBU6, STM32H503RBT6, STM32H523CCT6, STM32H523CCU6, STM32H523CET6, STM32H523CEU6, STM32H523HEY6TR, STM32H523RCT6, STM32H523RET6, STM32H523VCI6, STM32H523VCT6, STM32H523VEI6, STM32H523VET6, STM32H523ZCJ6, STM32H523ZCT6, STM32H523ZEJ6, STM32H523ZET6, STM32H533CET6, STM32H533CEU6, STM32H533HEY6TR, STM32H533RET6, STM32H533VEI6, STM32H533VET6, STM32H533ZEJ6, STM32H533ZET6, STM32H562AGI6, STM32H562AII6, STM32H562IGK6, STM32H562IGT6, STM32H562IIK6, STM32H562IIT6, STM32H562RGT6, STM32H562RGV6, STM32H562RIT6, STM32H562RIV6, STM32H562VGT6, STM32H562VIT6, STM32H562ZGT6, STM32H562ZIT6, STM32H563AGI6, STM32H563AII3Q, STM32H563AII6, STM32H563IGK6, STM32H563IGT6, STM32H563IIK3Q, STM32H563IIK6, STM32H563IIT3Q, STM32H563IIT6, STM32H563MIY3QTR, STM32H563RGT6, STM32H563RGV6, STM32H563RIT6, STM32H563RIV6, STM32H563VGT6, STM32H563VIT3Q, STM32H563VIT6, STM32H563ZGT6, STM32H563ZIT3Q, STM32H563ZIT6, STM32H573AII3Q, STM32H573AII6, STM32H573I-DK, STM32H573IIK3Q, STM32H573IIK6, STM32H573IIT3Q, STM32H573IIT6, STM32H573MIY3QTR, STM32H573RIT6, STM32H573RIV6, STM32H573VIT3Q, STM32H573VIT6, STM32H573ZIT3Q, STM32H573ZIT6, STM32H7R3A8I6, STM32H7R3I8K6, STM32H7R3I8T6, STM32H7R3L8H6, STM32H7R3L8H6H, STM32H7R3R8V6, STM32H7R3V8H6, STM32H7R3V8T6, STM32H7R3V8Y6TR, STM32H7R3Z8J6, STM32H7R3Z8T6, STM32H7R7A8I6, STM32H7R7I8K6, STM32H7R7I8T6, STM32H7R7L8H6, STM32H7R7L8H6H, STM32H7R7Z8J6, STM32H7S3A8I6, STM32H7S3I8K6, STM32H7S3I8T6, STM32H7S3L8H6, STM32H7S3L8H6H, STM32H7S3R8V6, STM32H7S3V8H6, STM32H7S3V8T6, STM32H7S3V8Y6TR, STM32H7S3Z8J6, STM32H7S3Z8T6, STM32H7S78-DK, STM32H7S7A8I6, STM32H7S7I8K6, STM32H7S7I8T6, STM32H7S7L8H6, STM32H7S7L8H6H, STM32H7S7Z8J6, STM32L4R5QGI6STR, STM32MP131AAE3, STM32MP131AAF3, STM32MP131AAG3, STM32MP131CAE3, STM32MP131CAF3, STM32MP131CAG3, STM32MP131DAE7, STM32MP131DAF7, STM32MP131DAG7, STM32MP131FAE7, STM32MP131FAF7, STM32MP131FAG7, STM32MP133AAE3, STM32MP133AAF3, STM32MP133AAG3, STM32MP133CAE3, STM32MP133CAF3, STM32MP133CAG3, STM32MP133DAE7, STM32MP133DAF7, STM32MP133DAG7, STM32MP133FAE7, STM32MP133FAF7, STM32MP133FAG7, STM32MP135AAE3, STM32MP135AAF3, STM32MP135AAG3, STM32MP135CAE3, STM32MP135CAF3, STM32MP135CAG3, STM32MP135DAE7, STM32MP135DAF7, STM32MP135DAG7, STM32MP135F-DK, STM32MP135FAE7, STM32MP135FAF7, STM32MP135FAF7T, STM32MP135FAF7U, STM32MP135FAG7, STM32MP231AAJ3, STM32MP231AAK3, STM32MP231AAL3, STM32MP231CAJ3, STM32MP231CAK3, STM32MP231CAL3, STM32MP231DAJ3, STM32MP231DAK3, STM32MP231DAL3, STM32MP231FAJ3, STM32MP231FAK3, STM32MP231FAL3, STM32MP233AAJ3, STM32MP233AAK3, STM32MP233AAL3, STM32MP233CAJ3, STM32MP233CAK3, STM32MP233CAL3, STM32MP233DAJ3, STM32MP233DAK3, STM32MP233DAL3, STM32MP233FAJ3, STM32MP233FAK3, STM32MP233FAL3, STM32MP235AAJ3, STM32MP235AAK3, STM32MP235AAL3, STM32MP235CAJ3, STM32MP235CAK3, STM32MP235CAL3, STM32MP235DAJ3, STM32MP235DAK3, STM32MP235DAL3, STM32MP235FAJ3, STM32MP235FAK3, STM32MP235FAL3, STM32MP251AAI3, STM32MP251AAJ3, STM32MP251AAK3, STM32MP251AAL3, STM32MP251CAI3, STM32MP251CAJ3, STM32MP251CAK3, STM32MP251CAL3, STM32MP251DAI3, STM32MP251DAJ3, STM32MP251DAK3, STM32MP251DAL3, STM32MP251FAI3, STM32MP251FAJ3, STM32MP251FAK3, STM32MP251FAL3, STM32MP253AAI3, STM32MP253AAJ3, STM32MP253AAK3, STM32MP253AAL3, STM32MP253CAI3, STM32MP253CAJ3, STM32MP253CAK3, STM32MP253CAL3, STM32MP253DAI3, STM32MP253DAJ3, STM32MP253DAK3, STM32MP253DAL3, STM32MP253FAI3, STM32MP253FAJ3, STM32MP253FAK3, STM32MP253FAL3, STM32MP255AAI3, STM32MP255AAJ3, STM32MP255AAK3, STM32MP255AAL3, STM32MP255CAI3, STM32MP255CAJ3, STM32MP255CAK3, STM32MP255CAL3, STM32MP255DAI3, STM32MP255DAJ3, STM32MP255DAK3, STM32MP255DAL3, STM32MP255FAI3, STM32MP255FAJ3, STM32MP255FAK3, STM32MP255FAL3, STM32MP257AAI3, STM32MP257AAJ3, STM32MP257AAK3, STM32MP257AAL3, STM32MP257CAI3, STM32MP257CAJ3, STM32MP257CAK3, STM32MP257CAL3, STM32MP257DAI3, STM32MP257DAJ3, STM32MP257DAK3, STM32MP257DAL3, STM32MP257F-DK, STM32MP257F-EV1, STM32MP257FAI3, STM32MP257FAJ3, STM32MP257FAK3, STM32MP257FAL3, STM32N645A0H3Q, STM32N645B0H3Q, STM32N645I0H3Q, STM32N645L0H3Q, STM32N645X0H3Q, STM32N645Z0H3Q, STM32N647A0H3Q, STM32N647B0H3Q, STM32N647I0H3Q, STM32N647L0H3Q, STM32N647X0H3Q, STM32N647Z0H3Q, STM32N655A0H3Q, STM32N655B0H3Q, STM32N655I0H3Q, STM32N655L0H3Q, STM32N655X0H3Q, STM32N655Z0H3Q, STM32N6570-DK, STM32N657A0H3Q, STM32N657B0H3Q, STM32N657I0H3Q, STM32N657L0H3Q, STM32N657X0H3Q, STM32N657Z0H3Q, STM32U031C6T6, STM32U031C6U6, STM32U031C8T6, STM32U031C8U6, STM32U031F4P6, STM32U031F6P6, STM32U031F8P6, STM32U031G6Y6TR, STM32U031G8Y6TR, STM32U031K4U6, STM32U031K6U6, STM32U031K8U6, STM32U031R6I6, STM32U031R6T6, STM32U031R8I6, STM32U031R8T6, STM32U073C8T6, STM32U073C8U6, STM32U073CBT6, STM32U073CBU6, STM32U073CCT6, STM32U073CCU6, STM32U073H8Y6TR, STM32U073HBY6TR, STM32U073HCY6TR, STM32U073K8U6, STM32U073KBU6, STM32U073KCU6, STM32U073M8I6, STM32U073M8T6, STM32U073MBI6, STM32U073MBT6, STM32U073MCI6, STM32U073MCT6, STM32U073R8I6, STM32U073R8T6, STM32U073RBI6, STM32U073RBT6, STM32U073RCI6, STM32U073RCT6, STM32U083C-DK, STM32U083CCT6, STM32U083CCU6, STM32U083HCY6TR, STM32U083KCU6, STM32U083MCI6, STM32U083MCT6, STM32U083RCI6, STM32U083RCT6, STM32U375CET6, STM32U375CET6Q, STM32U375CEU6, STM32U375CEU6Q, STM32U375CEY6QTR, STM32U375CGT6, STM32U375CGT6Q, STM32U375CGU6, STM32U375CGU6Q, STM32U375CGY6QTR, STM32U375KEU6, STM32U375KGU6, STM32U375REI6, STM32U375REI6Q, STM32U375RET6, STM32U375RET6Q, STM32U375REY6GTR, STM32U375REY6QTR, STM32U375RGI6, STM32U375RGI6Q, STM32U375RGT6, STM32U375RGT6Q, STM32U375RGY6GTR, STM32U375RGY6QTR, STM32U375VEI6, STM32U375VEI6Q, STM32U375VET6, STM32U375VET6Q, STM32U375VGI6, STM32U375VGI6Q, STM32U375VGT6, STM32U375VGT6Q, STM32U385CGT6, STM32U385CGT6Q, STM32U385CGU6, STM32U385CGU6Q, STM32U385CGY6QTR, STM32U385KGU6, STM32U385RGI6, STM32U385RGI6Q, STM32U385RGT6, STM32U385RGT6Q, STM32U385RGY6GTR, STM32U385RGY6QTR, STM32U385VGI6, STM32U385VGI6Q, STM32U385VGT6, STM32U385VGT6Q, STM32U535CBT6, STM32U535CBT6Q, STM32U535CBU6, STM32U535CBU6Q, STM32U535CCT6, STM32U535CCT6Q, STM32U535CCU6, STM32U535CCU6Q, STM32U535CET6, STM32U535CET6Q, STM32U535CEU6, STM32U535CEU6Q, STM32U535JEY6QTR, STM32U535NCY6QTR, STM32U535NEY6QTR, STM32U535RBI6, STM32U535RBI6Q, STM32U535RBT6, STM32U535RBT6Q, STM32U535RCI6, STM32U535RCI6Q, STM32U535RCT6, STM32U535RCT6Q, STM32U535REI6, STM32U535REI6Q, STM32U535RET6, STM32U535RET6Q, STM32U535VCI6, STM32U535VCI6Q, STM32U535VCT6, STM32U535VCT6Q, STM32U535VEI6, STM32U535VEI6Q, STM32U535VET6, STM32U535VET6Q, STM32U545CET6, STM32U545CET6Q, STM32U545CEU6, STM32U545CEU6Q, STM32U545JEY6QTR, STM32U545NEY6QTR, STM32U545REI6, STM32U545REI6Q, STM32U545RET6, STM32U545RET6Q, STM32U545VEI6, STM32U545VEI6Q, STM32U545VET6, STM32U545VET6Q, STM32U595AIH6, STM32U595AIH6Q, STM32U595AJH6, STM32U595AJH6Q, STM32U595QII6, STM32U595QII6Q, STM32U595QJI6, STM32U595QJI6Q, STM32U595RIT6, STM32U595RIT6Q, STM32U595RJT6, STM32U595RJT6Q, STM32U595VIT6, STM32U595VIT6Q, STM32U595VJT6, STM32U595VJT6Q, STM32U595ZIT6, STM32U595ZIT6Q, STM32U595ZIY6QTR, STM32U595ZJT6, STM32U595ZJT6Q, STM32U595ZJY6QTR, STM32U599BJY6QTR, STM32U599NIH6Q, STM32U599NJH6Q, STM32U599VIT6Q, STM32U599VJT6, STM32U599VJT6Q, STM32U599ZIT6Q, STM32U599ZIY6QTR, STM32U599ZJT6Q, STM32U599ZJY6QTR, STM32U5A5AJH6, STM32U5A5AJH6Q, STM32U5A5QII3Q , STM32U5A5QJI6, STM32U5A5QJI6Q, STM32U5A5RJT6, STM32U5A5RJT6Q, STM32U5A5VJT6, STM32U5A5VJT6Q, STM32U5A5ZJT6, STM32U5A5ZJT6Q, STM32U5A5ZJY6QTR, STM32U5A9BJY6QTR, STM32U5A9J-DK, STM32U5A9NJH6Q, STM32U5A9VJT6Q, STM32U5A9ZJT6Q, STM32U5A9ZJY6QTR, STM32U5F7VIT6, STM32U5F7VIT6Q, STM32U5F7VJT6, STM32U5F7VJT6Q, STM32U5F9BJY6QTR, STM32U5F9NJH6Q, STM32U5F9VIT6Q, STM32U5F9VJT6Q, STM32U5F9ZIJ6QTR, STM32U5F9ZIT6Q, STM32U5F9ZJJ6QTR, STM32U5F9ZJT6Q, STM32U5G7VJT6, STM32U5G7VJT6Q, STM32U5G9BJY6QTR, STM32U5G9J-DK1, STM32U5G9J-DK2, STM32U5G9NJH6Q, STM32U5G9VJT6Q, STM32U5G9ZJJ6QTR, STM32U5G9ZJT6Q, STM32WB05KZV6TR, STM32WB05KZV7TR, STM32WB05TZF6TR, STM32WB05TZF7TR, STM32WB06CCF6TR, STM32WB06CCF7TR, STM32WB06CCV6TR, STM32WB06CCV7TR, STM32WB06KCV6TR, STM32WB06KCV7TR, STM32WB07CCF6TR, STM32WB07CCF7TR, STM32WB07CCV6TR, STM32WB07CCV7TR, STM32WB07KCV6TR, STM32WB07KCV7TR, STM32WB09KEV6TR, STM32WB09KEV7TR, STM32WB09TEF6TR, STM32WB09TEF7TR, STM32WB1MMCH6, STM32WBA50KGU6, STM32WBA50KGU6TR, STM32WBA52CEU6, STM32WBA52CEU6TR, STM32WBA52CEU7, STM32WBA52CEU7TR, STM32WBA52CGU6, STM32WBA52CGU6TR, STM32WBA52CGU6U, STM32WBA52CGU7, STM32WBA52CGU7TR, STM32WBA52KEU6, STM32WBA52KEU6TR, STM32WBA52KGU6, STM32WBA52KGU6TR, STM32WBA54CEU6, STM32WBA54CEU6TR, STM32WBA54CEU7, STM32WBA54CEU7TR, STM32WBA54CGU6, STM32WBA54CGU6TR, STM32WBA54CGU7, STM32WBA54CGU7TR, STM32WBA54KEU6, STM32WBA54KEU6TR, STM32WBA54KEU7, STM32WBA54KEU7TR, STM32WBA54KGU6, STM32WBA54KGU6TR, STM32WBA54KGU7, STM32WBA54KGU7TR, STM32WBA55CEU6, STM32WBA55CEU6TR, STM32WBA55CEU7, STM32WBA55CEU7TR, STM32WBA55CGU6, STM32WBA55CGU6TR, STM32WBA55CGU6U, STM32WBA55CGU7, STM32WBA55CGU7TR, STM32WBA55G-DK1, STM32WBA55HEF6, STM32WBA55HEF7, STM32WBA55HGF6, STM32WBA55HGF7, STM32WBA55UEI6, STM32WBA55UEI6TR, STM32WBA55UEI7, STM32WBA55UEI7TR, STM32WBA55UGI6, STM32WBA55UGI6TR, STM32WBA55UGI7, STM32WBA55UGI7TR, STM32WBA5MJGH6TR, STM32WBA62CGU6, STM32WBA62CIU6, STM32WBA62MGF6, STM32WBA62MIF6, STM32WBA62PGI6, STM32WBA62PII6, STM32WBA63CGU6, STM32WBA63CGU7, STM32WBA63CIU6, STM32WBA63CIU7, STM32WBA64CGU6, STM32WBA64CGU7, STM32WBA64CIU6, STM32WBA64CIU7, STM32WBA65CGU6, STM32WBA65CGU7, STM32WBA65CIU6, STM32WBA65CIU7, STM32WBA65I-DK1, STM32WBA65MGF6, STM32WBA65MGF7, STM32WBA65MIF6, STM32WBA65MIF7, STM32WBA65PGI6, STM32WBA65PGI7, STM32WBA65PII6, STM32WBA65PII7, STM32WBA65RGV6, STM32WBA65RGV7, STM32WBA65RIV6, STM32WBA65RIV7, STM32WL30K8V6, STM32WL30KBV6, STM32WL31C8V6, STM32WL31CBV6, STM32WL31K8V6, STM32WL31KBV6, STM32WL33C8V6, STM32WL33C8V6TR, STM32WL33C8V7, STM32WL33C8V7TR, STM32WL33CBV6, STM32WL33CBV6TR, STM32WL33CBV7, STM32WL33CBV7TR, STM32WL33CCV6, STM32WL33CCV6TR, STM32WL33CCV7, STM32WL33CCV7A, STM32WL33CCV7ATR, STM32WL33CCV7TR, STM32WL33K8V6, STM32WL33K8V6TR, STM32WL33K8V7, STM32WL33K8V7TR, STM32WL33KBV6, STM32WL33KBV6TR, STM32WL33KBV7, STM32WL33KBV7TR, STM32WL33KCV6, STM32WL33KCV6TR, STM32WL33KCV7, STM32WL33KCV7TR, STM32WL5MOCH6, STM32WL5MOCH6TR]
2026-06-02 17:20:27,016 [INFO] BoardInfo:889 - No configuration file found for board NUCLEO-H5E5ZJ
2026-06-02 17:20:27,020 [INFO] DbBoards:161 - Board is not supported: NUCLEO-H5E5ZJ
2026-06-02 17:20:27,213 [INFO] BoardInfo:889 - No configuration file found for board NUCLEO-U3C5ZI-Q
2026-06-02 17:20:27,216 [INFO] DbBoards:161 - Board is not supported: NUCLEO-U3C5ZI-Q
2026-06-02 17:20:27,265 [INFO] BoardInfo:889 - No configuration file found for board NUCLEO-WBA25CE1
2026-06-02 17:20:27,268 [INFO] DbBoards:161 - Board is not supported: NUCLEO-WBA25CE1
2026-06-02 17:20:27,301 [INFO] BoardInfo:889 - No configuration file found for board NUCLEO-WL3RKB1
2026-06-02 17:20:27,304 [INFO] DbBoards:161 - Board is not supported: NUCLEO-WL3RKB1
2026-06-02 17:20:27,307 [INFO] BoardInfo:889 - No configuration file found for board NUCLEO-WL3RKB2
2026-06-02 17:20:27,310 [INFO] DbBoards:161 - Board is not supported: NUCLEO-WL3RKB2
2026-06-02 17:20:27,347 [INFO] BoardInfo:889 - No configuration file found for board P-NUCLEO-WB55
2026-06-02 17:20:27,351 [INFO] DbBoards:161 - Kit is not supported: P-NUCLEO-WB55
2026-06-02 17:20:27,373 [INFO] BoardInfo:889 - No configuration file found for board STEVAL-BFA001V1B
2026-06-02 17:20:27,376 [INFO] DbBoards:161 - Kit is not supported: STEVAL-BFA001V1B
2026-06-02 17:20:27,380 [INFO] BoardInfo:889 - No configuration file found for board STEVAL-BFA001V2B
2026-06-02 17:20:27,383 [INFO] DbBoards:161 - Kit is not supported: STEVAL-BFA001V2B
2026-06-02 17:20:27,703 [INFO] BoardInfo:889 - No configuration file found for board STM32H5F5J-DK
2026-06-02 17:20:27,705 [INFO] DbBoards:161 - Board is not supported: STM32H5F5J-DK
2026-06-02 17:20:27,891 [INFO] BoardInfo:889 - No configuration file found for board STM32MP215F-DK
2026-06-02 17:20:27,894 [INFO] DbBoards:161 - Board is not supported: STM32MP215F-DK
2026-06-02 17:20:27,937 [INFO] DbBoards:168 - Found 218 boards, 208 are supported
2026-06-02 17:20:27,937 [INFO] DbBoards:169 - Found 218 boards, 43 of them is supported for  Bsp
2026-06-02 17:20:27,943 [INFO] ApiDb:423 - Load user favorites file C:\Users\hp/.stm32cubeide/favorites.boards.txt: 1 item(s)
2026-06-02 17:20:27,944 [INFO] ApiDb:427 - User favorites Boards=[STM32F407G-DISC1]
2026-06-02 17:20:27,944 [INFO] DbBoards:198 - Set 1 / 1 favorites Boards
2026-06-02 17:20:28,008 [ERROR] TargetSelectorAdapter:267 - Unable to refresh data
2026-06-02 17:20:28,104 [INFO] McuFinderGlobals:76 - Set McuFinderConnectedMode to true
2026-06-02 17:20:28,107 [INFO] MultiScanPanel:200 - Auto-refresh data requested => check proxy status ongoing
2026-06-02 17:20:28,108 [INFO] FinderPluginLoader:95 - Searching for filters in installed packs
2026-06-02 17:20:31,507 [INFO] LoadUrlFilesThread:185 - End of LoadServerUrlFiles without Thread
2026-06-02 17:20:31,507 [INFO] DetailPanel:341 - Set advertising image to C:/Users/hp/STM32Cube/Repository/\en.prom-stm32wl3r-0526.jpg
2026-06-02 17:20:37,169 [INFO] MultiScanPanel:200 - Auto-refresh data requested => check proxy status ongoing
2026-06-02 17:20:37,270 [INFO] LoadUrlFilesThread:185 - End of LoadServerUrlFiles without Thread
2026-06-02 17:20:37,270 [INFO] DetailPanel:341 - Set advertising image to C:/Users/hp/STM32Cube/Repository/\en.prom-stm32wl3r-0526.jpg
2026-06-02 17:20:37,282 [INFO] DbBoards:642 - Loading board mini-images...
2026-06-02 17:20:40,989 [INFO] DbBoards:665 - Loaded 218 board mini-images
2026-06-02 17:21:26,750 [INFO] MainUpdater:2872 - connection check result : 10
2026-06-02 17:21:26,750 [INFO] MainUpdater:2872 - connection check result : 10
2026-06-02 17:21:27,009 [INFO] MicroXplorer:468 - Change Database Path : 
2026-06-02 17:21:27,009 [INFO] MicroXplorer:498 - Change Database Version : DB.6.0.140
2026-06-02 17:21:27,083 [ERROR] ProjectManagerView:394 - 
java.lang.NullPointerException: Cannot invoke "javax.swing.JTextField.getText()" because the return value of "java.util.List.get(int)" is null
	at com.st.microxplorer.plugins.projectmanager.gui.ProjectChoiceTab$9.caretUpdate(ProjectChoiceTab.java:2678) ~[filemanager.jar:?]
	at javax.swing.text.JTextComponent.fireCaretUpdate(JTextComponent.java:408) ~[?:?]
	at javax.swing.text.JTextComponent$MutableCaretEvent.fire(JTextComponent.java:4484) ~[?:?]
	at javax.swing.text.JTextComponent$MutableCaretEvent.stateChanged(JTextComponent.java:4506) ~[?:?]
	at javax.swing.text.DefaultCaret.fireStateChanged(DefaultCaret.java:857) ~[?:?]
	at javax.swing.text.DefaultCaret.changeCaretPosition(DefaultCaret.java:1343) ~[?:?]
	at javax.swing.text.DefaultCaret.handleSetDot(DefaultCaret.java:1242) ~[?:?]
	at javax.swing.text.DefaultCaret.setDot(DefaultCaret.java:1223) ~[?:?]
	at javax.swing.text.DefaultCaret$Handler.insertUpdate(DefaultCaret.java:1819) ~[?:?]
	at javax.swing.text.AbstractDocument.fireInsertUpdate(AbstractDocument.java:227) ~[?:?]
	at javax.swing.text.AbstractDocument.handleInsertString(AbstractDocument.java:781) ~[?:?]
	at javax.swing.text.AbstractDocument.insertString(AbstractDocument.java:740) ~[?:?]
	at javax.swing.text.PlainDocument.insertString(PlainDocument.java:131) ~[?:?]
	at javax.swing.text.AbstractDocument.replace(AbstractDocument.java:699) ~[?:?]
	at javax.swing.text.JTextComponent.setText(JTextComponent.java:1725) ~[?:?]
	at com.st.microxplorer.plugins.projectmanager.gui.ProjectChoiceTab.createHeapStackFields(ProjectChoiceTab.java:979) ~[filemanager.jar:?]
	at com.st.microxplorer.plugins.projectmanager.gui.ProjectChoiceTab.buildLinkSettingsPanel(ProjectChoiceTab.java:3766) ~[filemanager.jar:?]
	at com.st.microxplorer.plugins.projectmanager.gui.ProjectChoiceTab.defineWindowsFields(ProjectChoiceTab.java:1962) ~[filemanager.jar:?]
	at com.st.microxplorer.plugins.projectmanager.gui.ProjectChoiceTab.updateSettings(ProjectChoiceTab.java:555) ~[filemanager.jar:?]
	at com.st.microxplorer.plugins.projectmanager.gui.ProjectSettingsPanel.UpdateDialog(ProjectSettingsPanel.java:245) ~[filemanager.jar:?]
	at com.st.microxplorer.plugins.projectmanager.ProjectManagerView.propertyChange(ProjectManagerView.java:391) ~[filemanager.jar:?]
	at java.beans.PropertyChangeSupport.fire(PropertyChangeSupport.java:343) ~[?:?]
	at java.beans.PropertyChangeSupport.firePropertyChange(PropertyChangeSupport.java:335) ~[?:?]
	at java.beans.PropertyChangeSupport.firePropertyChange(PropertyChangeSupport.java:268) ~[?:?]
	at com.st.microxplorer.util.MXPropertyChangeSupport.firePropertyChange(MXPropertyChangeSupport.java:54) ~[STM32CubeMX.jar:?]
	at com.st.microxplorer.mxsystem.MxSystem.closeConfig(MxSystem.java:899) ~[STM32CubeMX.jar:?]
	at com.st.microxplorer.maingui.MainPanel.closeConfig(MainPanel.java:789) ~[STM32CubeMX.jar:?]
	at com.st.microxplorer.plugins.filemanager.engine.OpenFileManager.loadConfigurationFile(OpenFileManager.java:287) ~[filemanager.jar:?]
	at com.st.microxplorer.plugins.filemanager.engine.MainFileManager.userLoadConfig(MainFileManager.java:341) ~[filemanager.jar:?]
	at com.st.microxplorer.plugins.filemanager.FileManagerView.getSpecificTask(FileManagerView.java:250) ~[filemanager.jar:?]
	at com.st.stm32cube.common.mx.editor.CubeMxEditor.getMxTabbedPaneInstance(CubeMxEditor.java:1191) ~[com.st.stm32cube.common.mx_6.14.0.202502271554/:?]
	at com.st.stm32cube.common.mx.editor.CubeMxEditor$12$1.createSwingComponent(CubeMxEditor.java:1068) ~[com.st.stm32cube.common.mx_6.14.0.202502271554/:?]
	at com.st.stm32cube.common.mx.oss.core.awtswtbridge.EmbeddedSwingComposite.doComponentCreation(EmbeddedSwingComposite.java:492) ~[com.st.stm32cube.common.mx.oss_6.14.0.202502271554/:?]
	at com.st.stm32cube.common.mx.oss.core.awtswtbridge.EmbeddedSwingComposite$4.run(EmbeddedSwingComposite.java:291) ~[com.st.stm32cube.common.mx.oss_6.14.0.202502271554/:?]
	at com.st.stm32cube.common.mx.oss.core.awtswtbridge.AwtEnvironment$2.run(AwtEnvironment.java:166) ~[com.st.stm32cube.common.mx.oss_6.14.0.202502271554/:?]
	at java.awt.event.InvocationEvent.dispatch(InvocationEvent.java:318) ~[?:?]
	at java.awt.EventQueue.dispatchEventImpl(EventQueue.java:773) ~[?:?]
	at java.awt.EventQueue$4.run(EventQueue.java:720) ~[?:?]
	at java.awt.EventQueue$4.run(EventQueue.java:714) ~[?:?]
	at java.security.AccessController.doPrivileged(AccessController.java:400) ~[?:?]
	at java.security.ProtectionDomain$JavaSecurityAccessImpl.doIntersectionPrivilege(ProtectionDomain.java:87) ~[?:?]
	at java.awt.EventQueue.dispatchEvent(EventQueue.java:742) ~[?:?]
	at java.awt.EventDispatchThread.pumpOneEventForFilters(EventDispatchThread.java:203) ~[?:?]
	at java.awt.EventDispatchThread.pumpEventsForFilter(EventDispatchThread.java:124) ~[?:?]
	at java.awt.EventDispatchThread.pumpEventsForHierarchy(EventDispatchThread.java:113) ~[?:?]
	at java.awt.EventDispatchThread.pumpEvents(EventDispatchThread.java:109) ~[?:?]
	at java.awt.EventDispatchThread.pumpEvents(EventDispatchThread.java:101) ~[?:?]
	at java.awt.EventDispatchThread.run(EventDispatchThread.java:90) ~[?:?]
2026-06-02 17:21:27,090 [WARN] ThirdParty:871 - waiting for thirdparty lock release [close project]
2026-06-02 17:21:27,090 [INFO] ThirdParty:873 - entering critical section [close project]
2026-06-02 17:21:27,090 [INFO] ThirdParty:883 - exiting critical section [close project]
2026-06-02 17:21:27,090 [INFO] PinOutPanel:1589 - setPackage(No Configuration,No Configuration)
2026-06-02 17:21:27,116 [WARN] IpParametersView:155 - Warning: This peripheral hasn't parameters
2026-06-02 17:21:27,137 [WARN] MainPanel:289 - <html><b><center>Warning: This peripheral has no parameters to be configured<br></b></html>
2026-06-02 17:21:27,148 [INFO] UtilMem:75 - Begin LoadConfig() Used Memory: 1026161912 Bytes (1073741824)
2026-06-02 17:21:27,150 [INFO] OpenFileManager:354 - Change cursor
2026-06-02 17:21:27,201 [INFO] ProjectFactory:442 - No CPN specified for board STM32F407G-DISC1 => set CPN to STM32F407VGT6
2026-06-02 17:21:27,202 [INFO] Mcu:2011 - Initializing MCU STM32F407V(E-G)Tx STM32F407VGTx STM32F407VGT6
2026-06-02 17:21:31,133 [INFO] Context:756 - Trying to add GPIOservice into a context  which must be forbidden
2026-06-02 17:21:32,277 [INFO] Rule:224 - rule 117617 - U5Cobra4M][GTZC] default value MPCBB3 and MPCBB5 - Not Secured memory - MPCBB1 is applicable
2026-06-02 17:21:32,277 [INFO] Rule:224 - rule 117617 - U5Cobra4M][GTZC] default value MPCBB3 and MPCBB5 - Not Secured memory - MPCBB1 is applicable
2026-06-02 17:21:32,277 [INFO] Rule:224 - rule 117617 - U5Cobra4M][GTZC] default value MPCBB3 and MPCBB5 - Not Secured memory - MPCBB2 is applicable
2026-06-02 17:21:32,277 [INFO] Rule:224 - rule 117617 - U5Cobra4M][GTZC] default value MPCBB3 and MPCBB5 - Not Secured memory - MPCBB2 is applicable
2026-06-02 17:21:32,277 [INFO] Rule:224 - rule 117617 - U5Cobra4M][GTZC] default value MPCBB3 and MPCBB5 - Not Secured memory - MPCBB3 is applicable
2026-06-02 17:21:32,277 [INFO] Rule:224 - rule 117617 - U5Cobra4M][GTZC] default value MPCBB3 and MPCBB5 - Not Secured memory - MPCBB3 is applicable
2026-06-02 17:21:32,277 [INFO] Rule:224 - rule 117617 - U5Cobra4M][GTZC] default value MPCBB3 and MPCBB5 - Not Secured memory - MPCBB4 is applicable
2026-06-02 17:21:32,277 [INFO] Rule:224 - rule 117617 - U5Cobra4M][GTZC] default value MPCBB3 and MPCBB5 - Not Secured memory - MPCBB4 is applicable
2026-06-02 17:21:32,277 [INFO] Rule:224 - rule 117617 - U5Cobra4M][GTZC] default value MPCBB3 and MPCBB5 - Secured memory - MPCBB1 is applicable
2026-06-02 17:21:32,277 [INFO] Rule:224 - rule 117617 - U5Cobra4M][GTZC] default value MPCBB3 and MPCBB5 - Secured memory - MPCBB2 is applicable
2026-06-02 17:21:32,277 [INFO] Rule:224 - rule 117617 - U5Cobra4M][GTZC] default value MPCBB3 and MPCBB5 - Secured memory - MPCBB3 is applicable
2026-06-02 17:21:32,278 [INFO] Rule:224 - rule 117617 - U5Cobra4M][GTZC] default value MPCBB3 and MPCBB5 - Secured memory - MPCBB4 is applicable
2026-06-02 17:21:32,278 [INFO] Rule:224 - rule 117617 - U5Cobra4M][GTZC] default value MPCBB3 and MPCBB5 - Privileged memory - MPCBB1 is applicable
2026-06-02 17:21:32,278 [INFO] Rule:224 - rule 117617 - U5Cobra4M][GTZC] default value MPCBB3 and MPCBB5 - Privileged memory - MPCBB2 is applicable
2026-06-02 17:21:32,278 [INFO] Rule:224 - rule 117617 - U5Cobra4M][GTZC] default value MPCBB3 and MPCBB5 - Privileged memory - MPCBB3 is applicable
2026-06-02 17:21:32,278 [INFO] Rule:224 - rule 117617 - U5Cobra4M][GTZC] default value MPCBB3 and MPCBB5 - Privileged memory - MPCBB4 is applicable
2026-06-02 17:21:32,278 [INFO] Rule:224 - rule 117617 - U5Cobra4M][GTZC] default value MPCBB3 and MPCBB5 - Not Privileged memory - MPCBB1 is applicable
2026-06-02 17:21:32,278 [INFO] Rule:224 - rule 117617 - U5Cobra4M][GTZC] default value MPCBB3 and MPCBB5 - Not Privileged memory - MPCBB2 is applicable
2026-06-02 17:21:32,278 [INFO] Rule:224 - rule 117617 - U5Cobra4M][GTZC] default value MPCBB3 and MPCBB5 - Not Privileged memory - MPCBB3 is applicable
2026-06-02 17:21:32,278 [INFO] Rule:224 - rule 117617 - U5Cobra4M][GTZC] default value MPCBB3 and MPCBB5 - Not Privileged memory - MPCBB4 is applicable
2026-06-02 17:21:32,278 [INFO] Rule:224 - rule 117617 - U5Cobra4M][GTZC] default value MPCBB3 and MPCBB5 - Privileged memory - MPCBB1 is applicable
2026-06-02 17:21:32,278 [INFO] Rule:224 - rule 117617 - U5Cobra4M][GTZC] default value MPCBB3 and MPCBB5 - Privileged memory - MPCBB2 is applicable
2026-06-02 17:21:32,278 [INFO] Rule:224 - rule 117617 - U5Cobra4M][GTZC] default value MPCBB3 and MPCBB5 - Privileged memory - MPCBB3 is applicable
2026-06-02 17:21:32,278 [INFO] Rule:224 - rule 117617 - U5Cobra4M][GTZC] default value MPCBB3 and MPCBB5 - Privileged memory - MPCBB4 is applicable
2026-06-02 17:21:32,278 [INFO] Rule:224 - rule 117617 - U5Cobra4M][GTZC] default value MPCBB3 and MPCBB5 - Privileged memory - MPCBB1 is applicable
2026-06-02 17:21:32,278 [INFO] Rule:224 - rule 117617 - U5Cobra4M][GTZC] default value MPCBB3 and MPCBB5 - Privileged memory - MPCBB2 is applicable
2026-06-02 17:21:32,278 [INFO] Rule:224 - rule 117617 - U5Cobra4M][GTZC] default value MPCBB3 and MPCBB5 - Privileged memory - MPCBB3 is applicable
2026-06-02 17:21:32,278 [INFO] Rule:224 - rule 117617 - U5Cobra4M][GTZC] default value MPCBB3 and MPCBB5 - Privileged memory - MPCBB4 is applicable
2026-06-02 17:21:32,278 [INFO] Rule:224 - rule 117617 - U5Cobra4M][GTZC] default value MPCBB3 and MPCBB5 - Not Privileged memory - MPCBB1 is applicable
2026-06-02 17:21:32,278 [INFO] Rule:224 - rule 117617 - U5Cobra4M][GTZC] default value MPCBB3 and MPCBB5 - Not Privileged memory - MPCBB2 is applicable
2026-06-02 17:21:32,278 [INFO] Rule:224 - rule 117617 - U5Cobra4M][GTZC] default value MPCBB3 and MPCBB5 - Not Privileged memory - MPCBB3 is applicable
2026-06-02 17:21:32,278 [INFO] Rule:224 - rule 117617 - U5Cobra4M][GTZC] default value MPCBB3 and MPCBB5 - Not Privileged memory - MPCBB4 is applicable
2026-06-02 17:21:32,278 [INFO] Rule:224 - rule 117617 - U5Cobra4M][GTZC] default value MPCBB3 and MPCBB5 - Privileged memory - MPCBB1 is applicable
2026-06-02 17:21:32,278 [INFO] Rule:224 - rule 117617 - U5Cobra4M][GTZC] default value MPCBB3 and MPCBB5 - Privileged memory - MPCBB2 is applicable
2026-06-02 17:21:32,278 [INFO] Rule:224 - rule 117617 - U5Cobra4M][GTZC] default value MPCBB3 and MPCBB5 - Privileged memory - MPCBB3 is applicable
2026-06-02 17:21:32,279 [INFO] Rule:224 - rule 117617 - U5Cobra4M][GTZC] default value MPCBB3 and MPCBB5 - Privileged memory - MPCBB4 is applicable
2026-06-02 17:21:32,279 [INFO] Rule:224 - rule Rename SubGHz_Phy SUBGHZ_APPLICATION SUBGHZ_PINGPONG to SUBGHZ_ADV_APPLICATION is applicable
2026-06-02 17:21:32,279 [INFO] Rule:224 - rule Rename Enabled to IBEACON is applicable
2026-06-02 17:21:32,279 [INFO] Rule:224 - rule GTZC_S instance for project manager is applicable
2026-06-02 17:21:32,279 [INFO] Rule:224 - rule GTZC_S instance for context M33S is applicable
2026-06-02 17:21:32,279 [INFO] Rule:224 - rule GTZC_S instance value for IP GTZC is applicable
2026-06-02 17:21:32,279 [INFO] Rule:224 - rule GTZC_S instance for mcu.IP is applicable
2026-06-02 17:21:32,279 [INFO] Rule:224 - rule GTZC_S instance for VP is applicable
2026-06-02 17:21:32,279 [INFO] Rule:224 - rule GTZC_S instance for signal is applicable
2026-06-02 17:21:32,279 [INFO] Rule:224 - rule GTZC_S instance for mcu.Pin is applicable
2026-06-02 17:21:32,279 [INFO] Rule:224 - rule GTZC_S instance for VP is applicable
2026-06-02 17:21:32,279 [INFO] Rule:224 - rule GTZC_S instance for signal is applicable
2026-06-02 17:21:32,279 [INFO] Rule:224 - rule GTZC_S instance for mcu is applicable
2026-06-02 17:21:32,279 [INFO] Rule:224 - rule GTZC_S instance for mcu.Pin is applicable
2026-06-02 17:21:32,279 [INFO] Rule:224 - rule GTZC_S instance value for IP GTZC is applicable
2026-06-02 17:21:32,279 [INFO] Rule:224 - rule GTZC_S instance for project manager is applicable
2026-06-02 17:21:32,279 [INFO] Rule:224 - rule GTZC_S instance for context M33S is applicable
2026-06-02 17:21:32,279 [INFO] Rule:224 - rule GTZC_S instance for VP is applicable
2026-06-02 17:21:32,279 [INFO] Rule:224 - rule GTZC_S instance for signal is applicable
2026-06-02 17:21:32,280 [INFO] Rule:224 - rule SPDIFRX instance for mcu is applicable
2026-06-02 17:21:32,280 [INFO] Rule:224 - rule Rename Tracer Mode is applicable
2026-06-02 17:21:32,280 [INFO] Rule:224 - rule SPDIFRX instance value for IP SPDIFRX is applicable
2026-06-02 17:21:32,280 [INFO] Rule:224 - rule SPDIFRX instance for signal is applicable
2026-06-02 17:21:32,280 [INFO] Rule:224 - rule SPDIFRX instance for project manager is applicable
2026-06-02 17:21:32,280 [INFO] Rule:224 - rule SPDIFRX instance for project manager is applicable
2026-06-02 17:21:32,280 [INFO] Rule:224 - rule ADC Scan  fix with FW F7 is applicable
2026-06-02 17:21:32,280 [INFO] Rule:224 - rule ADC Scan  fix with FW F7 is applicable
2026-06-02 17:21:32,280 [INFO] Rule:224 - rule WakeUp0 Mode is applicable
2026-06-02 17:21:32,280 [INFO] Rule:224 - rule WakeUp0 SIGNAL is applicable
2026-06-02 17:21:32,281 [INFO] Rule:224 - rule WakeUp1 Mode is applicable
2026-06-02 17:21:32,281 [INFO] Rule:224 - rule WakeUp1 SIGNAL is applicable
2026-06-02 17:21:32,281 [INFO] Rule:224 - rule WakeUp2 Mode is applicable
2026-06-02 17:21:32,281 [INFO] Rule:224 - rule WakeUp2 SIGNAL is applicable
2026-06-02 17:21:32,281 [INFO] Rule:224 - rule WakeUp4 Mode is applicable
2026-06-02 17:21:32,281 [INFO] Rule:224 - rule WakeUp4 SIGNAL is applicable
2026-06-02 17:21:32,281 [INFO] Rule:224 - rule WakeUp5 Mode is applicable
2026-06-02 17:21:32,281 [INFO] Rule:224 - rule WakeUp5 SIGNAL is applicable
2026-06-02 17:21:32,281 [INFO] Rule:224 - rule Add RTC Activate Clock Source is applicable
2026-06-02 17:21:32,281 [INFO] Rule:224 - rule Add RTC Activate Calendar 1 is applicable
2026-06-02 17:21:32,281 [INFO] Rule:224 - rule Add RTC Activate Calendar 2 is applicable
2026-06-02 17:21:32,281 [INFO] Rule:224 - rule Add RTC Activate Calendar 3 is applicable
2026-06-02 17:21:32,281 [INFO] Rule:224 - rule UART/USART TX Mode is applicable
2026-06-02 17:21:32,281 [INFO] Rule:224 - rule UART/USART RX Mode is applicable
2026-06-02 17:21:32,281 [INFO] Rule:224 - rule UART/USART RX TX Mode is applicable
2026-06-02 17:21:32,281 [INFO] Rule:224 - rule UART/USART PARITY NONE is applicable
2026-06-02 17:21:32,281 [INFO] Rule:224 - rule UART/USART PARITY EVEN is applicable
2026-06-02 17:21:32,281 [INFO] Rule:224 - rule UART/USART PARITY ODD is applicable
2026-06-02 17:21:32,281 [INFO] Rule:224 - rule USART StopBits 1 is applicable
2026-06-02 17:21:32,282 [INFO] Rule:224 - rule USART StopBits 2 is applicable
2026-06-02 17:21:32,282 [INFO] Rule:224 - rule USART StopBits 1.5 is applicable
2026-06-02 17:21:32,282 [INFO] Rule:224 - rule USART StopBits 0.5 is applicable
2026-06-02 17:21:32,282 [INFO] Rule:224 - rule UART/USART WORD LENGTH 7 is applicable
2026-06-02 17:21:32,282 [INFO] Rule:224 - rule UART/USART WORD LENGTH 8 is applicable
2026-06-02 17:21:32,282 [INFO] Rule:224 - rule UART/USART WORD LENGTH 9 is applicable
2026-06-02 17:21:32,282 [INFO] Rule:224 - rule Rename FMC NAND NCE signal is applicable
2026-06-02 17:21:32,282 [INFO] Rule:224 - rule Rename FMC NAND INT signal is applicable
2026-06-02 17:21:32,282 [INFO] Rule:224 - rule Change Default Value for LSE Drive Capability for WB family is applicable
2026-06-02 17:21:32,283 [INFO] Rule:224 - rule Change Default Value for ADC Clock Prescaler G0 family is applicable
2026-06-02 17:21:32,283 [INFO] Rule:224 - rule Change Default Value for ADC ExternalTrigConv L4 family is applicable
2026-06-02 17:21:32,283 [INFO] Rule:224 - rule Change Default Value for ADC ExternalTrigInjecConv L4 family is applicable
2026-06-02 17:21:32,283 [INFO] Rule:224 - rule Change Default Value for ADC ExternalTrigConv F3 family is applicable
2026-06-02 17:21:32,283 [INFO] Rule:224 - rule Change Default Value for ADC ExternalTrigInjecConv F3 family is applicable
2026-06-02 17:21:32,283 [INFO] Rule:224 - rule Change Default Value for ADC ExternalTrigConv Goldfish serie is applicable
2026-06-02 17:21:32,283 [INFO] Rule:224 - rule Change Default Value for ADC ExternalTrigInjecConv Goldfish serie is applicable
2026-06-02 17:21:32,283 [INFO] Rule:224 - rule Change Default Value for ADC ExternalTrigConv L0 family is applicable
2026-06-02 17:21:32,283 [INFO] Rule:224 - rule Change Default Value for ADC ExternalTrigConv F0 family is applicable
2026-06-02 17:21:32,283 [INFO] Rule:224 - rule Change Default Value for ADC ExternalTrigConvn L1 family is applicable
2026-06-02 17:21:32,283 [INFO] Rule:224 - rule Change Default Value for ADC ExternalTrigInjecConv L1 family is applicable
2026-06-02 17:21:32,283 [INFO] Rule:224 - rule Change Default Value for ADC ExternalTrigConv F1 family is applicable
2026-06-02 17:21:32,283 [INFO] Rule:224 - rule Change Default Value for ADC ExternalTrigInjecConv F1 family is applicable
2026-06-02 17:21:32,283 [INFO] Rule:224 - rule Change Default Value for ADC ExternalTrigConv F7 family is applicable
2026-06-02 17:21:32,283 [INFO] Rule:224 - rule Change Default Value for ADC ExternalTrigInjecConv F7 family is applicable
2026-06-02 17:21:32,283 [INFO] Rule:224 - rule Change Default Value for ADC ExternalTrigConv F4 and F2 family is applicable
2026-06-02 17:21:32,283 [INFO] Rule:224 - rule Change Default Value for ADC ExternalTrigInjecConv F4 and F2 family is applicable
2026-06-02 17:21:32,283 [INFO] Rule:224 - rule ADC SamplingTime fix with FW L0  is applicable
2026-06-02 17:21:32,283 [INFO] Rule:224 - rule ADC SamplingTime fix with FW L0  is applicable
2026-06-02 17:21:32,283 [INFO] Rule:224 - rule ADC SamplingTime fix with FW L0 is applicable
2026-06-02 17:21:32,283 [INFO] Rule:224 - rule ADC SamplingTime fix with FW L0 is applicable
2026-06-02 17:21:32,284 [INFO] Rule:224 - rule ADC SamplingTime fix with FW L0  is applicable
2026-06-02 17:21:32,284 [INFO] Rule:224 - rule ADC SamplingTime fix with FW L0 is applicable
2026-06-02 17:21:32,284 [INFO] Rule:224 - rule Rename USB_OE Signal is applicable
2026-06-02 17:21:32,284 [INFO] Rule:224 - rule Rename Activate_OE Mode is applicable
2026-06-02 17:21:32,284 [INFO] Rule:224 - rule Rename DIE462/DIE415 pin PC14/OSC32_IN -> PC14-OSC32_IN (PC14) is applicable
2026-06-02 17:21:32,285 [INFO] Rule:224 - rule Rename DIE462/DIE415 pin PC15/OSC32_OUT -> PC15-OSC32_OUT (PC15) is applicable
2026-06-02 17:21:32,285 [INFO] Rule:224 - rule Rename DIE462/DIE415 pin PH0/OSC_IN -> PH0-OSC_IN (PH0) is applicable
2026-06-02 17:21:32,285 [INFO] Rule:224 - rule Rename DIE462/DIE415 pin PH1/OSC_OUT -> PH1-OSC_OUT (PH1) is applicable
2026-06-02 17:21:32,286 [INFO] Rule:224 - rule Rename DIE462 pin PA13 -> PA13 (JTMS/SWDIO) is applicable
2026-06-02 17:21:32,286 [INFO] Rule:224 - rule Rename DIE415 pin PA13 -> PA13 (JTMS/SWDIO) is applicable
2026-06-02 17:21:32,286 [INFO] Rule:224 - rule Rename DIE462 pin PA14 -> PA14 (JTCK/SWCLK) is applicable
2026-06-02 17:21:32,287 [INFO] Rule:224 - rule Rename DIE415 pin PA14 -> PA14 (JTCK/SWCLK) is applicable
2026-06-02 17:21:32,287 [INFO] Rule:224 - rule Rename DIE462/DIE415 pin PA15 -> PA15 (JTDI) is applicable
2026-06-02 17:21:32,287 [INFO] Rule:224 - rule Rename DIE462 pin PB3 -> PB3 (JTD0/TRACESWO) is applicable
2026-06-02 17:21:32,287 [INFO] Rule:224 - rule Rename DIE415 pin PB3 -> PB3 (JTD0-TRACESWO) is applicable
2026-06-02 17:21:32,287 [INFO] Rule:224 - rule Rename DIE462/DIE415 pin PB4 -> PB4 (NJTRST) is applicable
2026-06-02 17:21:32,287 [INFO] Rule:224 - rule Rename DIE462 pin PH3/BOOT0 -> PH3-BOOT0 (BOOT0) is applicable
2026-06-02 17:21:32,287 [INFO] Rule:224 - rule Rename CRYP DataEncryptionTypesList to Algorithm is applicable
2026-06-02 17:21:32,287 [INFO] Rule:224 - rule Rename AES DataEncryptionTypesList to Algorithm is applicable
2026-06-02 17:21:32,287 [INFO] Rule:224 - rule Rename TDESECB to CRYP_TDES_ECB is applicable
2026-06-02 17:21:32,287 [INFO] Rule:224 - rule Rename TDESCBC to CRYP_TDES_CBC is applicable
2026-06-02 17:21:32,287 [INFO] Rule:224 - rule Rename DESECB to CRYP_DES_ECB is applicable
2026-06-02 17:21:32,287 [INFO] Rule:224 - rule Rename DESCBC to CRYP_DES_CBC is applicable
2026-06-02 17:21:32,287 [INFO] Rule:224 - rule Rename AESECB to CRYP_AES_ECB is applicable
2026-06-02 17:21:32,287 [INFO] Rule:224 - rule Rename AESCBC to CRYP_AES_CBC is applicable
2026-06-02 17:21:32,287 [INFO] Rule:224 - rule Rename AESCTR to CRYP_AES_CTR is applicable
2026-06-02 17:21:32,287 [INFO] Rule:224 - rule Rename AESGCM to CRYP_AES_GCM is applicable
2026-06-02 17:21:32,287 [INFO] Rule:224 - rule Rename AESCCM to CRYP_AES_CCM is applicable
2026-06-02 17:21:32,287 [INFO] Rule:224 - rule Rename CAN TimeSeg1 to BS1 is applicable
2026-06-02 17:21:32,287 [INFO] Rule:224 - rule Rename CAN TimeSeg2 to BS2 is applicable
2026-06-02 17:21:32,287 [INFO] Rule:224 - rule Rename CAN SyncJumpWidth to SJW is applicable
2026-06-02 17:21:32,287 [INFO] Rule:224 - rule TimeTriggeredMode to TTCM is applicable
2026-06-02 17:21:32,287 [INFO] Rule:224 - rule Rename CAN AutoBusOff to ABOM is applicable
2026-06-02 17:21:32,287 [INFO] Rule:224 - rule Rename CAN AutoWakeUp to AWUM is applicable
2026-06-02 17:21:32,287 [INFO] Rule:224 - rule Rename CAN AutoRetransmission to NART is applicable
2026-06-02 17:21:32,288 [INFO] Rule:224 - rule Rename CAN ReceiveFifoLocked to RFLM is applicable
2026-06-02 17:21:32,288 [INFO] Rule:224 - rule Rename CAN TransmitFifoPriority to TXFP is applicable
2026-06-02 17:21:32,288 [INFO] Rule:224 - rule Rename HRTIMER HRTIM_OUTPUTFAULTLEVEL_HIGH in HRTIMER HRTIM_OUTPUTFAULTLEVEL_HIGHZ is applicable
2026-06-02 17:21:32,288 [INFO] Rule:224 - rule Rename TIMER TIM_CLEARINPUTSOURCE_OCREFCLR in  TIMER TIM_CLEARINPUTSOURCE_NONE for F7 family is applicable
2026-06-02 17:21:32,288 [INFO] Rule:224 - rule FDCAN_R1 - Rename FDCAN mode Master into Classic is applicable
2026-06-02 17:21:32,288 [INFO] Rule:224 - rule FDCAN_R2 - Rename FDCAN mode Slave into Classic is applicable
2026-06-02 17:21:32,288 [INFO] Rule:224 - rule FDCAN1_R3 - if PA10.Mode=FullDuplex, add Pin PA12 is applicable
2026-06-02 17:21:32,288 [INFO] Rule:224 - rule FDCAN1_R3 - if PA9.Mode=FullDuplex, add Pin PA11 is applicable
2026-06-02 17:21:32,288 [INFO] Rule:224 - rule FDCAN1_R3 - Alternatepin_1 - if PE1.Mode=FullDuplex, add Pin PB9 is applicable
2026-06-02 17:21:32,288 [INFO] Rule:224 - rule FDCAN1_R3 - Alternatepin_1 - if PE0.Mode=FullDuplex, add Pin PB8 is applicable
2026-06-02 17:21:32,288 [INFO] Rule:224 - rule FDCAN1_R3 - Alternatepin_2 - if PD5.Mode=FullDuplex, add Pin PD1 is applicable
2026-06-02 17:21:32,288 [INFO] Rule:224 - rule FDCAN1_R3 - Alternatepin_2 - if PD4.Mode=FullDuplex, add Pin PD0 is applicable
2026-06-02 17:21:32,288 [INFO] Rule:224 - rule FDCAN1_R4 - Rename Mode FullDuplex into Enable FDCAN_TXFD for pin PA10 is applicable
2026-06-02 17:21:32,288 [INFO] Rule:224 - rule FDCAN1_R4 - Rename Mode FullDuplex into Enable FDCAN_TXFD for pin PA9 is applicable
2026-06-02 17:21:32,288 [INFO] Rule:224 - rule FDCAN1_R4 - Alternatepin_1 - Rename Mode FullDuplex into Enable FDCAN_TXFD for pin PE1 is applicable
2026-06-02 17:21:32,288 [INFO] Rule:224 - rule FDCAN1_R4 - Alternatepin_1 - Rename Mode FullDuplex into Enable FDCAN_TXFD for pin PE0 is applicable
2026-06-02 17:21:32,288 [INFO] Rule:224 - rule FDCAN1_R4 - Alternatepin_2 - Rename Mode FullDuplex into Enable FDCAN_TXFD for pin PD5 is applicable
2026-06-02 17:21:32,288 [INFO] Rule:224 - rule FDCAN1_R4 - Alternatepin_2 - Rename Mode FullDuplex into Enable FDCAN_TXFD for pin PD4 is applicable
2026-06-02 17:21:32,288 [INFO] Rule:224 - rule FDCAN2_R3 - if PD10.Mode=FullDuplex, add Pin PB13 is applicable
2026-06-02 17:21:32,288 [INFO] Rule:224 - rule FDCAN2_R3 - if PD9.Mode=FullDuplex, add Pin PB12 is applicable
2026-06-02 17:21:32,288 [INFO] Rule:224 - rule FDCAN2_R3 - Alternatepin_1 - if PB7.Mode=FullDuplex, add Pin PB6 is applicable
2026-06-02 17:21:32,288 [INFO] Rule:224 - rule FDCAN2_R3 - Alternatepin_1 - if PD9.Mode=FullDuplex, add Pin PB12 is applicable
2026-06-02 17:21:32,288 [INFO] Rule:224 - rule FDCAN2_R4 - Rename Mode FullDuplex into Enable FDCAN_TXFD for pin PD10 is applicable
2026-06-02 17:21:32,288 [INFO] Rule:224 - rule FDCAN2_R4 - Rename Mode FullDuplex into Enable FDCAN_TXFD for pin PD9 is applicable
2026-06-02 17:21:32,289 [INFO] Rule:224 - rule FDCAN2_R4 - Alternatepin_1 - Rename Mode FullDuplex into Enable FDCAN_TXFD for pin PB7 is applicable
2026-06-02 17:21:32,289 [INFO] Rule:224 - rule FDCAN2_R4 - Alternatepin_1 - Rename Mode FullDuplex into Enable FDCAN_TXFD for pin PD6 is applicable
2026-06-02 17:21:32,289 [INFO] Rule:224 - rule USART TxPinLevelInvertParam Mode is applicable
2026-06-02 17:21:32,289 [INFO] Rule:224 - rule USART RxPinLevelInvertParam Mode is applicable
2026-06-02 17:21:32,289 [INFO] Rule:224 - rule USART DataInvertParam Mode is applicable
2026-06-02 17:21:32,289 [INFO] Rule:224 - rule USART SwapParam Mode is applicable
2026-06-02 17:21:32,289 [INFO] Rule:224 - rule USART OverrunDisableParam Mode is applicable
2026-06-02 17:21:32,289 [INFO] Rule:224 - rule USART DMADisableonRxErrorParam Mode is applicable
2026-06-02 17:21:32,289 [INFO] Rule:224 - rule USART MSBFirstParam Mode is applicable
2026-06-02 17:21:32,289 [INFO] Rule:224 - rule Update MwName for USB_DEVICE is applicable
2026-06-02 17:21:32,289 [INFO] Rule:224 - rule Change PWR_Regulator_Voltage_Scale Default Value for RCC  H7 family is applicable
2026-06-02 17:21:32,289 [INFO] Rule:224 - rule UART/USART IPParameter rename Prescaler parameter to ClockPrescaler is applicable
2026-06-02 17:21:32,289 [INFO] Rule:224 - rule UART/USART Prescaler rename Prescaler parameter to ClockPrescaler is applicable
2026-06-02 17:21:32,289 [INFO] Rule:224 - rule TIM1CLockSelection is applicable
2026-06-02 17:21:32,289 [INFO] Rule:224 - rule TIM15CLockSelection is applicable
2026-06-02 17:21:32,289 [INFO] Rule:224 - rule align RCC SDMMC3CLockSelection default value on MP1 is applicable
2026-06-02 17:21:32,289 [INFO] Rule:224 - rule align RCC SDMMC12CLockSelection default value on MP1 is applicable
2026-06-02 17:21:32,289 [INFO] Rule:224 - rule align RCC QSPICLockSelection default value on MP1 is applicable
2026-06-02 17:21:32,289 [INFO] Rule:224 - rule align RCC QSPICLockSelection default value on MP1 is applicable
2026-06-02 17:21:32,289 [INFO] Rule:224 - rule align RCC SPI6CLockSelection default value on MP1 is applicable
2026-06-02 17:21:32,289 [INFO] Rule:224 - rule align RCC LPTIM23CLockSelection default value on MP1 is applicable
2026-06-02 17:21:32,289 [INFO] Rule:224 - rule align RCC LPTIM1CLockSelection default value on MP1 is applicable
2026-06-02 17:21:32,289 [INFO] Rule:224 - rule align RCC USART1CLockSelection default value on MP1 is applicable
2026-06-02 17:21:32,289 [INFO] Rule:224 - rule align RCC USART24CLockSelection default value on MP1 is applicable
2026-06-02 17:21:32,290 [INFO] Rule:224 - rule align RCC USART6CLockSelection default value on MP1 is applicable
2026-06-02 17:21:32,290 [INFO] Rule:224 - rule align RCC UART78CLockSelection default value on MP1 is applicable
2026-06-02 17:21:32,290 [INFO] Rule:224 - rule align RCC USART35CLockSelection default value on MP1 is applicable
2026-06-02 17:21:32,290 [INFO] Rule:224 - rule align RCC SPI45CLockSelection default value on MP1 is applicable
2026-06-02 17:21:32,290 [INFO] Rule:224 - rule align RCC I2C46CLockSelection BCLK value on MP1 is applicable
2026-06-02 17:21:32,290 [INFO] Rule:224 - rule align RCC SPI45CLockSelection default value on MP1 is applicable
2026-06-02 17:21:32,290 [INFO] Rule:224 - rule align RCC I2C12CLockSelection default value on MP1 is applicable
2026-06-02 17:21:32,290 [INFO] Rule:224 - rule align RCC I2C35CLockSelection default value on MP1 is applicable
2026-06-02 17:21:32,290 [INFO] Rule:224 - rule align RCC LPTIM45CLockSelection default value on MP1 is applicable
2026-06-02 17:21:32,290 [INFO] Rule:224 - rule Rename DCMI PIXCK signal is applicable
2026-06-02 17:21:32,290 [INFO] Rule:224 - rule Change Default Value for I2C46CLockSelection MP1 family is applicable
2026-06-02 17:21:32,290 [INFO] Rule:224 - rule Change Default Value for UART for G4, G0 and WB families is applicable
2026-06-02 17:21:32,290 [INFO] Rule:224 - rule Change Default Value for USART for G4, G0 and WB families is applicable
2026-06-02 17:21:32,290 [INFO] Rule:224 - rule Change Default Value for USART for G4 family is applicable
2026-06-02 17:21:32,290 [INFO] Rule:224 - rule Change USART1CLockSelection refparam name for MP1 is applicable
2026-06-02 17:21:32,290 [INFO] Rule:224 - rule Change USART2CLockSelection refparam name for MP1 is applicable
2026-06-02 17:21:32,290 [INFO] Rule:224 - rule Change USART3CLockSelection refparam name for MP1 is applicable
2026-06-02 17:21:32,290 [INFO] Rule:224 - rule Change UART4CLockSelection refparam name for MP1 is applicable
2026-06-02 17:21:32,290 [INFO] Rule:224 - rule Change UART5CLockSelection refparam name for MP1 is applicable
2026-06-02 17:21:32,290 [INFO] Rule:224 - rule Change LPUART1CLockSelection refparam name for MP1 is applicable
2026-06-02 17:21:32,290 [INFO] Rule:224 - rule Change LPTIM1CLockSelection refparam name for MP1 is applicable
2026-06-02 17:21:32,290 [INFO] Rule:224 - rule Change LPTIM2CLockSelection refparam name for MP1 is applicable
2026-06-02 17:21:32,290 [INFO] Rule:224 - rule Change RCC_MCO1Source refparam name for MP1 is applicable
2026-06-02 17:21:32,290 [INFO] Rule:224 - rule Change LSCOSource1 refparam name for MP1 is applicable
2026-06-02 17:21:32,291 [INFO] Rule:224 - rule Change SMPSCLockSelection refparam name for MP1 is applicable
2026-06-02 17:21:32,291 [INFO] Rule:224 - rule Change LPTIM3CLockSelection refparam name for MP1 is applicable
2026-06-02 17:21:32,291 [INFO] Rule:224 - rule Change MPCBB* Default Template Mode to Parameters is applicable
2026-06-02 17:21:32,291 [INFO] Rule:224 - rule Change MPCWM* or MPCBB* Secure Mode to Parameters is applicable
2026-06-02 17:21:32,291 [INFO] Rule:224 - rule Change MPCWM* or MPCBB* No Secure Mode to Parameters is applicable
2026-06-02 17:21:32,291 [INFO] Rule:224 - rule Change TZSC IP Secure Mode to Parameters is applicable
2026-06-02 17:21:32,291 [INFO] Rule:224 - rule Change TZSC IP No Secure Mode to Parameters is applicable
2026-06-02 17:21:32,291 [INFO] Rule:224 - rule Change TZSC IP Privilege Mode to Parameters is applicable
2026-06-02 17:21:32,291 [INFO] Rule:224 - rule Change TZSC IP No Privilege Mode to Parameters is applicable
2026-06-02 17:21:32,291 [INFO] Rule:224 - rule Change TZIC IT Secure Mode to Parameters is applicable
2026-06-02 17:21:32,291 [INFO] Rule:224 - rule Change TZIC IT No Secure Mode to Parameters is applicable
2026-06-02 17:21:32,291 [INFO] Rule:224 - rule Add MPCBB1_NonSecureArea_Start_Address value with referenced to MPCBB1_NonSecureArea_Start value is applicable
2026-06-02 17:21:32,291 [INFO] Rule:224 - rule Add MPCBB2_NonSecureArea_Start_Address value with referenced to MPCBB2_NonSecureArea_Start value is applicable
2026-06-02 17:21:32,291 [INFO] Rule:224 - rule Add MPCWM1_NonSecureArea*_Start_Address value with referenced to MPCWM1_NonSecureArea*_Start value is applicable
2026-06-02 17:21:32,291 [INFO] Rule:224 - rule Add MPCWM2_NonSecureArea*_Start_Address value with referenced to MPCWM2_NonSecureArea*_Start value is applicable
2026-06-02 17:21:32,291 [INFO] Rule:224 - rule Add MPCWM3_NonSecureArea_Start_Address value with referenced to MPCWM3_NonSecureArea_Start value is applicable
2026-06-02 17:21:32,291 [INFO] Rule:224 - rule Change Default Value for PLL1UserDefinedConfig is applicable
2026-06-02 17:21:32,291 [INFO] Rule:224 - rule Change GPIO_PuPd Default Value for USART in async mode is applicable
2026-06-02 17:21:32,291 [INFO] Rule:224 - rule Change SMPSDivider Default Value is applicable
2026-06-02 17:21:32,291 [INFO] Rule:224 - rule OPAMP is applicable
2026-06-02 17:21:32,291 [INFO] Rule:224 - rule LPUART IPParameter rename Prescaler parameter to ClockPrescaler for STM32H7 is applicable
2026-06-02 17:21:32,291 [INFO] Rule:224 - rule LPUART IPParameter rename Prescaler parameter to ClockPrescaler for STM32H7 is applicable
2026-06-02 17:21:32,291 [INFO] Rule:224 - rule LPUART IPParameter rename Prescaler parameter to ClockPrescaler for STM32WB is applicable
2026-06-02 17:21:32,291 [INFO] Rule:224 - rule LPUART IPParameter rename Prescaler parameter to ClockPrescaler for STM32WB is applicable
2026-06-02 17:21:32,291 [INFO] Rule:224 - rule LPUART IPParameter rename Prescaler parameter to ClockPrescaler for STM32G4 is applicable
2026-06-02 17:21:32,292 [INFO] Rule:224 - rule LPUART IPParameter rename Prescaler parameter to ClockPrescaler for STM32G4 is applicable
2026-06-02 17:21:32,292 [INFO] Rule:224 - rule LPUART IPParameter rename Prescaler parameter to ClockPrescaler for STM32L5 is applicable
2026-06-02 17:21:32,292 [INFO] Rule:224 - rule LPUART IPParameter rename Prescaler parameter to ClockPrescaler for STM32L5 is applicable
2026-06-02 17:21:32,292 [INFO] Rule:224 - rule LPUART IPParameter rename Prescaler parameter to ClockPrescaler for STM32G4 is applicable
2026-06-02 17:21:32,292 [INFO] Rule:224 - rule LPUART IPParameter rename Prescaler parameter to ClockPrescaler for STM32G4 is applicable
2026-06-02 17:21:32,292 [INFO] Rule:224 - rule USB device lib V2.5.3 for L0 rename USBD_SUPPORT_USER_STRING parameter to USBD_SUPPORT_USER_STRING_DESC4 is applicable
2026-06-02 17:21:32,292 [INFO] Rule:224 - rule I2SCLockSelection clock entry align is applicable
2026-06-02 17:21:32,292 [INFO] Rule:224 - rule Assign TIMx context if used as SYS timebase is applicable
2026-06-02 17:21:32,292 [INFO] Rule:224 - rule Change GPIO_Pu Default Value for I2C is applicable
2026-06-02 17:21:32,292 [INFO] Rule:224 - rule Change GPIO_Pu Default Value for SMBus is applicable
2026-06-02 17:21:32,292 [INFO] Rule:224 - rule change FDCAN default value is applicable
2026-06-02 17:21:32,292 [INFO] Rule:224 - rule Change mode sai is applicable
2026-06-02 17:21:32,292 [INFO] Rule:224 - rule **Change sai mode is applicable
2026-06-02 17:21:32,292 [INFO] Rule:224 - rule Rename STM32WPAN CFG_BLE_IRK to CFG_BLE_IR is applicable
2026-06-02 17:21:32,292 [INFO] Rule:224 - rule Rename STM32WPAN CFG_BLE_ERK to CFG_BLE_ER is applicable
2026-06-02 17:21:32,292 [INFO] Rule:224 - rule Rename STM32WPAN CFG_BLE_IRK_HEX to CFG_BLE_IR_HEX is applicable
2026-06-02 17:21:32,292 [INFO] Rule:224 - rule Rename STM32WPAN CFG_BLE_ERK_HEX to CFG_BLE_ER_HEX is applicable
2026-06-02 17:21:32,292 [INFO] Rule:224 - rule Adapt Old IOC before rework replace old CORTEX_M33/CORTEX_M55 attributes by the new one. is applicable
2026-06-02 17:21:32,292 [INFO] Rule:224 - rule Rename parametre of RCC RCC_APBDBG_DIV2 to RCC_TIMPRES_DIV2 is applicable
2026-06-02 17:21:32,292 [INFO] Rule:224 - rule Rename DIE493 pin PA10 [PA12] -> PA10 is applicable
2026-06-02 17:21:32,292 [INFO] Rule:224 - rule Rename DIE493 pin PA9 [PA11] -> PA9 is applicable
2026-06-02 17:21:32,331 [INFO] DbConfProperties:307 - Apply Compatibility (50/266 Rules)
2026-06-02 17:21:32,371 [INFO] ImportTextPane:218 - (OptionalMessage_ERROR) Unable to find key (Mcu.ThirdPartyNb) in loaded IOC file
2026-06-02 17:21:32,375 [INFO] ImportTextPane:218 - (OptionalMessage_ERROR) Pin35 (VP_RIF_VS_RIF1) cannot be retrieved for this MCU
2026-06-02 17:21:32,567 [INFO] RtosManager:558 - Registered RTOS mode: class=CMSIS, group=RTOS, mode=CMSIS_V1, owner=FREERTOS
2026-06-02 17:21:32,567 [INFO] RtosManager:558 - Registered RTOS mode: class=CMSIS, group=RTOS2, mode=CMSIS_V2, owner=FREERTOS
2026-06-02 17:21:32,567 [INFO] RtosManager:558 - Registered RTOS mode: class=RTOS, group=Core, mode=CMSIS_V1, owner=FREERTOS
2026-06-02 17:21:32,567 [INFO] RtosManager:558 - Registered RTOS mode: class=RTOS, group=Core, mode=CMSIS_V2, owner=FREERTOS
2026-06-02 17:21:32,568 [WARN] ModelIntegratedComponent:184 - Missing modes for component STMicroelectronics:FreeRTOS:0.0.1:STMicroelectronics:RTOS:FreeRTOS:Core:::10.2.0:
2026-06-02 17:21:32,580 [WARN] ModelIntegratedComponent:63 - No mode defined for component null
2026-06-02 17:21:32,580 [WARN] ModelIntegratedComponent:63 - No mode defined for component null
2026-06-02 17:21:32,581 [WARN] ModelIntegratedComponent:63 - No mode defined for component null
2026-06-02 17:21:32,581 [WARN] ModelIntegratedComponent:63 - No mode defined for component null
2026-06-02 17:21:32,581 [WARN] ModelIntegratedComponent:63 - No mode defined for component null
2026-06-02 17:21:32,581 [WARN] ModelIntegratedComponent:63 - No mode defined for component null
2026-06-02 17:21:32,581 [WARN] ModelIntegratedComponent:63 - No mode defined for component null
2026-06-02 17:21:32,581 [WARN] ModelIntegratedComponent:63 - No mode defined for component null
2026-06-02 17:21:32,581 [WARN] ModelIntegratedComponent:63 - No mode defined for component null
2026-06-02 17:21:32,581 [WARN] ModelIntegratedComponent:63 - No mode defined for component null
2026-06-02 17:21:32,581 [WARN] ModelIntegratedComponent:63 - No mode defined for component null
2026-06-02 17:21:32,581 [WARN] ModelIntegratedComponent:63 - No mode defined for component null
2026-06-02 17:21:32,581 [WARN] ModelIntegratedComponent:63 - No mode defined for component null
2026-06-02 17:21:32,581 [WARN] ModelIntegratedComponent:63 - No mode defined for component null
2026-06-02 17:21:32,581 [WARN] ModelIntegratedComponent:63 - No mode defined for component null
2026-06-02 17:21:32,581 [WARN] ModelIntegratedComponent:63 - No mode defined for component null
2026-06-02 17:21:32,581 [WARN] ModelIntegratedComponent:63 - No mode defined for component null
2026-06-02 17:21:32,581 [WARN] ModelIntegratedComponent:63 - No mode defined for component null
2026-06-02 17:21:32,581 [WARN] ModelIntegratedComponent:63 - No mode defined for component null
2026-06-02 17:21:32,581 [WARN] ModelIntegratedComponent:63 - No mode defined for component null
2026-06-02 17:21:32,581 [WARN] ModelIntegratedComponent:63 - No mode defined for component null
2026-06-02 17:21:32,581 [WARN] ModelIntegratedComponent:63 - No mode defined for component null
2026-06-02 17:21:32,582 [WARN] ModelIntegratedComponent:63 - No mode defined for component null
2026-06-02 17:21:32,582 [WARN] ModelIntegratedComponent:63 - No mode defined for component null
2026-06-02 17:21:32,582 [WARN] ModelIntegratedComponent:63 - No mode defined for component null
2026-06-02 17:21:32,582 [WARN] ModelIntegratedComponent:63 - No mode defined for component null
2026-06-02 17:21:32,582 [WARN] ModelIntegratedComponent:63 - No mode defined for component null
2026-06-02 17:21:32,582 [WARN] ModelIntegratedComponent:63 - No mode defined for component null
2026-06-02 17:21:32,582 [WARN] ModelIntegratedComponent:63 - No mode defined for component null
2026-06-02 17:21:32,582 [WARN] ModelIntegratedComponent:63 - No mode defined for component null
2026-06-02 17:21:32,582 [WARN] ModelIntegratedComponent:63 - No mode defined for component null
2026-06-02 17:21:32,582 [WARN] ModelIntegratedComponent:63 - No mode defined for component null
2026-06-02 17:21:32,582 [WARN] ModelIntegratedComponent:63 - No mode defined for component null
2026-06-02 17:21:32,582 [WARN] ModelIntegratedComponent:63 - No mode defined for component null
2026-06-02 17:21:32,582 [WARN] ModelIntegratedComponent:63 - No mode defined for component null
2026-06-02 17:21:32,582 [WARN] ModelPack:524 - Component already loaded: STMicroelectronics:HAL Drivers:0.0.0:STMicroelectronics:Device:STMicro_Driver:XSPI:HAL::0.0.1:HAL_XSPI
2026-06-02 17:21:32,711 [INFO] ThirdPartyModel:298 - Start build external matchings
2026-06-02 17:21:33,896 [INFO] ThirdPartyModel:316 - End build external matchings
2026-06-02 17:21:33,941 [INFO] ImportTextPane:218 - (OptionalMessage_ERROR) IP (RCC) : Parameter (RTCHSEDivFreq_Value) has invalid value (4000000)
2026-06-02 17:21:34,642 [INFO] UtilMem:75 - End LoadConfig() Used Memory: 895600864 Bytes (1073741824)
2026-06-02 17:21:34,886 [WARN] ThirdParty:833 - waiting for thirdparty lock release [change project]
2026-06-02 17:21:34,887 [INFO] ThirdParty:835 - entering critical section [change project]
2026-06-02 17:21:34,887 [INFO] ThirdParty:1030 - CMSIS Pack Vendor :STMicroelectronics X-CUBE-AZRTOS-H7 3.5.0
2026-06-02 17:21:34,887 [INFO] ThirdParty:1030 - CMSIS Pack Vendor :STMicroelectronics X-CUBE-PM33A1 1.0.0
2026-06-02 17:21:34,887 [INFO] ThirdParty:1030 - CMSIS Pack Vendor :STMicroelectronics USBPD 4.1
2026-06-02 17:21:34,887 [INFO] ThirdParty:1030 - CMSIS Pack Vendor :STMicroelectronics X-CUBE-NFC9 1.0.0
2026-06-02 17:21:34,887 [INFO] ThirdParty:1030 - CMSIS Pack Vendor :STMicroelectronics USB_HOST 2.0.0
2026-06-02 17:21:34,887 [INFO] ThirdParty:1030 - CMSIS Pack Vendor :STMicroelectronics X-CUBE-AZRTOS-F4 1.1.0
2026-06-02 17:21:34,887 [INFO] ThirdParty:1030 - CMSIS Pack Vendor :STMicroelectronics LIBJPEG 8.0.0
2026-06-02 17:21:34,887 [INFO] ThirdParty:1030 - CMSIS Pack Vendor :STMicroelectronics FP-ATR-ASTRA1 2.0.2
2026-06-02 17:21:34,887 [INFO] ThirdParty:1030 - CMSIS Pack Vendor :STMicroelectronics X-CUBE-BLE1 7.1.0
2026-06-02 17:21:34,887 [INFO] ThirdParty:1030 - CMSIS Pack Vendor :STMicroelectronics X-CUBE-SMBUS 2.1.0
2026-06-02 17:21:34,887 [INFO] ThirdParty:1030 - CMSIS Pack Vendor :wolfSSL I-CUBE-wolfMQTT 1.19.2
2026-06-02 17:21:34,887 [INFO] ThirdParty:1030 - CMSIS Pack Vendor :STMicroelectronics USB_DEVICE 3.0.0
2026-06-02 17:21:34,887 [INFO] ThirdParty:1030 - CMSIS Pack Vendor :STMicroelectronics X-CUBE-ISPU 2.1.0
2026-06-02 17:21:34,888 [INFO] ThirdParty:1030 - CMSIS Pack Vendor :STMicroelectronics X-CUBE-EEPRMA1 5.2.0
2026-06-02 17:21:34,888 [INFO] ThirdParty:1030 - CMSIS Pack Vendor :STMicroelectronics X-CUBE-BLEMGR 4.1.0
2026-06-02 17:21:34,888 [INFO] ThirdParty:1030 - CMSIS Pack Vendor :STMicroelectronics eDS-WB_DPC_TT-BIDIR 2.1.1
2026-06-02 17:21:34,888 [INFO] ThirdParty:1030 - CMSIS Pack Vendor :STMicroelectronics X-CUBE-AZRTOS-WB 2.0.0
2026-06-02 17:21:34,888 [INFO] ThirdParty:1030 - CMSIS Pack Vendor :wolfSSL I-CUBE-wolfSSL 5.8.4
2026-06-02 17:21:34,888 [INFO] ThirdParty:1030 - CMSIS Pack Vendor :STMicroelectronics X-CUBE-NFC12 1.0.0
2026-06-02 17:21:34,888 [INFO] ThirdParty:1030 - CMSIS Pack Vendor :STMicroelectronics X-CUBE-AZRTOS-F7 1.1.0
2026-06-02 17:21:34,888 [INFO] ThirdParty:1030 - CMSIS Pack Vendor :STMicroelectronics X-CUBE-AZRTOS-L5 2.0.0
2026-06-02 17:21:34,888 [INFO] ThirdParty:1030 - CMSIS Pack Vendor :STMicroelectronics USB_DEVICE 2.0.0
2026-06-02 17:21:34,888 [INFO] ThirdParty:1030 - CMSIS Pack Vendor :quantropi X-CUBE-qispace-sdk-base 2.1.0
2026-06-02 17:21:34,888 [INFO] ThirdParty:1030 - CMSIS Pack Vendor :STMicroelectronics X-CUBE-MEMS1 12.0.0
2026-06-02 17:21:34,888 [INFO] ThirdParty:1030 - CMSIS Pack Vendor :STMicroelectronics X-CUBE-STSE01 2.0.0
2026-06-02 17:21:34,888 [INFO] ThirdParty:1030 - CMSIS Pack Vendor :STMicroelectronics X-CUBE-ALGOBUILD 1.5.0
2026-06-02 17:21:34,888 [INFO] ThirdParty:1030 - CMSIS Pack Vendor :STMicroelectronics FreeRTOS 0.0.1
2026-06-02 17:21:34,888 [INFO] ThirdParty:1030 - CMSIS Pack Vendor :STMicroelectronics X-CUBE-AZRTOS-G0 1.1.0
2026-06-02 17:21:34,888 [INFO] ThirdParty:1030 - CMSIS Pack Vendor :STMicroelectronics X-CUBE-NFC4 3.0.0
2026-06-02 17:21:34,888 [INFO] ThirdParty:1030 - CMSIS Pack Vendor :STMicroelectronics X-CUBE-SUBG2 5.0.0
2026-06-02 17:21:34,888 [INFO] ThirdParty:1030 - CMSIS Pack Vendor :STMicroelectronics STM32_WPAN 1.0.0
2026-06-02 17:21:34,888 [INFO] ThirdParty:1030 - CMSIS Pack Vendor :STMicroelectronics eDS-WB_DPC_VIENNA 1.2.0
2026-06-02 17:21:34,888 [INFO] ThirdParty:1030 - CMSIS Pack Vendor :EmbeddedOffice I-CUBE-FS-RTOS 1.0.1
2026-06-02 17:21:34,888 [INFO] ThirdParty:1030 - CMSIS Pack Vendor :STMicroelectronics lwIP 2.0.3
2026-06-02 17:21:34,889 [INFO] ThirdParty:1030 - CMSIS Pack Vendor :STMicroelectronics eDS-WB_DPC_3PH2L-BIDIR 1.1.1
2026-06-02 17:21:34,889 [INFO] ThirdParty:1030 - CMSIS Pack Vendor :STMicroelectronics USB_HOST 1.0.0
2026-06-02 17:21:34,889 [INFO] ThirdParty:1030 - CMSIS Pack Vendor :STMicroelectronics X-CUBE-AZRTOS-G4 2.0.0
2026-06-02 17:21:34,889 [INFO] ThirdParty:1030 - CMSIS Pack Vendor :STMicroelectronics PDM2PCM 3.1.0
2026-06-02 17:21:34,889 [INFO] ThirdParty:1030 - CMSIS Pack Vendor :STMicroelectronics PDM2PCM 3.3.0
2026-06-02 17:21:34,889 [INFO] ThirdParty:1030 - CMSIS Pack Vendor :wolfSSL I-CUBE-wolfTPM 3.8.0
2026-06-02 17:21:34,889 [INFO] ThirdParty:1030 - CMSIS Pack Vendor :STMicroelectronics X-CUBE-DISPLAY 3.0.0
2026-06-02 17:21:34,889 [INFO] ThirdParty:1030 - CMSIS Pack Vendor :wolfSSL I-CUBE-wolfSSH 1.4.20
2026-06-02 17:21:34,889 [INFO] ThirdParty:1030 - CMSIS Pack Vendor :STMicroelectronics X-CUBE-NFC7 2.0.0
2026-06-02 17:21:34,889 [INFO] ThirdParty:1030 - CMSIS Pack Vendor :STMicroelectronics X-CUBE-GNSS1 7.1.1
2026-06-02 17:21:34,889 [INFO] ThirdParty:1030 - CMSIS Pack Vendor :STMicroelectronics X-CUBE-TCPP 4.2.0
2026-06-02 17:21:34,889 [INFO] ThirdParty:1030 - CMSIS Pack Vendor :RealThread X-CUBE-RT-Thread_Nano 4.1.1
2026-06-02 17:21:34,889 [INFO] ThirdParty:1030 - CMSIS Pack Vendor :STMicroelectronics FP-ATR-SIGFOX1 3.2.0
2026-06-02 17:21:34,889 [INFO] ThirdParty:1030 - CMSIS Pack Vendor :STMicroelectronics X-CUBE-NFC10 1.0.0
2026-06-02 17:21:34,889 [INFO] ThirdParty:1030 - CMSIS Pack Vendor :STMicroelectronics HAL Drivers 0.0.0
2026-06-02 17:21:34,889 [INFO] ThirdParty:1030 - CMSIS Pack Vendor :STMicroelectronics MBEDTLS 2.16.2
2026-06-02 17:21:34,889 [INFO] ThirdParty:1030 - CMSIS Pack Vendor :STMicroelectronics X-CUBE-ST60 1.1.0
2026-06-02 17:21:34,889 [INFO] ThirdParty:1030 - CMSIS Pack Vendor :STMicroelectronics X-CUBE-ALS 1.0.2
2026-06-02 17:21:34,889 [INFO] ThirdParty:1030 - CMSIS Pack Vendor :emotas I-CUBE-CANOPEN 1.3.0
2026-06-02 17:21:34,889 [INFO] ThirdParty:1030 - CMSIS Pack Vendor :STMicroelectronics MBEDTLS 2.14.1
2026-06-02 17:21:34,889 [INFO] ThirdParty:1030 - CMSIS Pack Vendor :STMicroelectronics X-CUBE-GNSS1 7.1.0
2026-06-02 17:21:34,889 [INFO] ThirdParty:1030 - CMSIS Pack Vendor :ITTIA_DB I-CUBE-ITTIADB 8.9.0
2026-06-02 17:21:34,889 [INFO] ThirdParty:1030 - CMSIS Pack Vendor :Cesanta I-CUBE-Mongoose 7.21.0
2026-06-02 17:21:34,889 [INFO] ThirdParty:1030 - CMSIS Pack Vendor :STMicroelectronics X-CUBE-TOUCHGFX 4.26.1
2026-06-02 17:21:34,890 [INFO] ThirdParty:1030 - CMSIS Pack Vendor :STMicroelectronics X-CUBE-NFC6 3.2.0
2026-06-02 17:21:34,890 [INFO] ThirdParty:1030 - CMSIS Pack Vendor :STMicroelectronics X-CUBE-AI 10.2.0
2026-06-02 17:21:34,890 [INFO] ThirdParty:1030 - CMSIS Pack Vendor :STMicroelectronics FP-SNS-STAIOTCFT 1.0.0
2026-06-02 17:21:34,890 [INFO] ThirdParty:1030 - CMSIS Pack Vendor :STMicroelectronics ThreadX 1.0.0
2026-06-02 17:21:34,890 [INFO] ThirdParty:1030 - CMSIS Pack Vendor :STMicroelectronics FP-SNS-SMARTAG2 1.2.0
2026-06-02 17:21:34,890 [INFO] ThirdParty:1030 - CMSIS Pack Vendor :STMicroelectronics X-CUBE-MEMS1 12.1.0
2026-06-02 17:21:34,890 [INFO] ThirdParty:1030 - CMSIS Pack Vendor :STMicroelectronics FP-SNS-FLIGHT1 5.1.0
2026-06-02 17:21:34,890 [INFO] ThirdParty:1030 - CMSIS Pack Vendor :STMicroelectronics X-CUBE-AZRTOS-WL 2.0.0
2026-06-02 17:21:34,890 [INFO] ThirdParty:1030 - CMSIS Pack Vendor :SEGGER I-CUBE-embOS 1.3.1
2026-06-02 17:21:34,890 [INFO] ThirdParty:1030 - CMSIS Pack Vendor :STMicroelectronics X-CUBE-ALGOBUILD 1.4.0
2026-06-02 17:21:34,890 [INFO] ThirdParty:1030 - CMSIS Pack Vendor :STMicroelectronics X-CUBE-DPower 1.3.0
2026-06-02 17:21:34,890 [INFO] ThirdParty:1030 - CMSIS Pack Vendor :STMicroelectronics USB_DEVICE 1.0.0
2026-06-02 17:21:34,890 [INFO] ThirdParty:1030 - CMSIS Pack Vendor :STMicroelectronics X-CUBE-AZRTOS-H7RS 1.2.0
2026-06-02 17:21:34,890 [INFO] ThirdParty:1030 - CMSIS Pack Vendor :STMicroelectronics X-CUBE-AZRTOS-L4 2.0.0
2026-06-02 17:21:34,890 [INFO] ThirdParty:1030 - CMSIS Pack Vendor :STMicroelectronics ThreadX 0.0.2
2026-06-02 17:21:34,890 [INFO] ThirdParty:1030 - CMSIS Pack Vendor :STMicroelectronics lwIP 2.1.2
2026-06-02 17:21:34,890 [INFO] ThirdParty:1030 - CMSIS Pack Vendor :STMicroelectronics X-CUBE-SFXS2LP1 4.0.0
2026-06-02 17:21:34,890 [INFO] ThirdParty:1030 - CMSIS Pack Vendor :STMicroelectronics X-CUBE-BLE2 3.3.0
2026-06-02 17:21:34,890 [INFO] ThirdParty:1030 - CMSIS Pack Vendor :Avnet-IOTCONNECT X-CUBE-iotc-st67-sdk 1.0.0
2026-06-02 17:21:34,890 [INFO] ThirdParty:1030 - CMSIS Pack Vendor :STMicroelectronics X-CUBE-TOF1 3.4.3
2026-06-02 17:21:34,890 [INFO] ThirdParty:1030 - CMSIS Pack Vendor :Infineon AIROC-Wi-Fi-Bluetooth-STM32 1.8.0
2026-06-02 17:21:34,891 [INFO] ThirdParty:1030 - CMSIS Pack Vendor :STMicroelectronics PDM2PCM 3.2.0
2026-06-02 17:21:34,891 [INFO] ThirdParty:1030 - CMSIS Pack Vendor :STMicroelectronics X-CUBE-WB05N 2.1.0
2026-06-02 17:21:34,891 [INFO] ThirdParty:841 - exiting critical section [change project]
2026-06-02 17:21:35,457 [INFO] PinOutPanel:1589 - setPackage(No Configuration,No Configuration)
2026-06-02 17:21:35,460 [INFO] PinOutPanel:1589 - setPackage(STM32F407VGTx,LQFP100)
2026-06-02 17:21:36,206 [INFO] UtilMem:75 - Before build in PCC Used Memory: 833734880 Bytes (1073741824)
2026-06-02 17:21:36,861 [INFO] UtilMem:75 - After build in PCC Used Memory: 881449784 Bytes (1073741824)
2026-06-02 17:21:36,876 [INFO] ApiDbMcu:508 - Load IP Config File for USB_HOST
2026-06-02 17:21:36,877 [WARN] BspModel:444 - BSP dependency skipped because of component: name='IOExpander', api='Unknown'
2026-06-02 17:21:36,925 [INFO] IPUIPlugin:80 - create IPUIPlugin
2026-06-02 17:21:36,925 [INFO] IPUIPlugin:80 - create IPUIPlugin
2026-06-02 17:21:36,925 [INFO] IPUIPlugin:80 - create IPUIPlugin
2026-06-02 17:21:36,925 [INFO] IPUIPlugin:80 - create IPUIPlugin
2026-06-02 17:21:36,925 [INFO] IPUIPlugin:80 - create IPUIPlugin
2026-06-02 17:21:36,926 [INFO] IPUIPlugin:80 - create IPUIPlugin
2026-06-02 17:21:36,927 [INFO] IPUIPlugin:80 - create IPUIPlugin
2026-06-02 17:21:36,927 [INFO] IPUIPlugin:80 - create IPUIPlugin
2026-06-02 17:21:36,928 [INFO] IPUIPlugin:80 - create IPUIPlugin
2026-06-02 17:21:36,928 [INFO] IPUIPlugin:80 - create IPUIPlugin
2026-06-02 17:21:36,928 [INFO] IPUIPlugin:80 - create IPUIPlugin
2026-06-02 17:21:36,929 [INFO] IPUIPlugin:80 - create IPUIPlugin
2026-06-02 17:21:36,929 [INFO] IPUIPlugin:80 - create IPUIPlugin
2026-06-02 17:21:36,929 [INFO] IPUIPlugin:80 - create IPUIPlugin
2026-06-02 17:21:36,929 [INFO] IPUIPlugin:80 - create IPUIPlugin
2026-06-02 17:21:36,929 [INFO] IPUIPlugin:80 - create IPUIPlugin
2026-06-02 17:21:36,930 [INFO] IPUIPlugin:80 - create IPUIPlugin
2026-06-02 17:21:36,930 [INFO] IPUIPlugin:80 - create IPUIPlugin
2026-06-02 17:21:36,931 [INFO] IPUIPlugin:80 - create IPUIPlugin
2026-06-02 17:21:36,931 [INFO] IPUIPlugin:80 - create IPUIPlugin
2026-06-02 17:21:36,932 [INFO] IPUIPlugin:80 - create IPUIPlugin
2026-06-02 17:21:36,933 [INFO] IPUIPlugin:80 - create IPUIPlugin
2026-06-02 17:21:36,933 [INFO] IPUIPlugin:80 - create IPUIPlugin
2026-06-02 17:21:36,933 [INFO] IPUIPlugin:80 - create IPUIPlugin
2026-06-02 17:21:36,934 [INFO] IPUIPlugin:80 - create IPUIPlugin
2026-06-02 17:21:36,934 [INFO] IPUIPlugin:80 - create IPUIPlugin
2026-06-02 17:21:36,934 [INFO] IPUIPlugin:80 - create IPUIPlugin
2026-06-02 17:21:36,935 [INFO] IPUIPlugin:80 - create IPUIPlugin
2026-06-02 17:21:36,935 [INFO] IPUIPlugin:80 - create IPUIPlugin
2026-06-02 17:21:36,936 [INFO] IPUIPlugin:80 - create IPUIPlugin
2026-06-02 17:21:36,936 [INFO] IPUIPlugin:80 - create IPUIPlugin
2026-06-02 17:21:36,936 [INFO] IPUIPlugin:80 - create IPUIPlugin
2026-06-02 17:21:36,937 [INFO] IPUIPlugin:80 - create IPUIPlugin
2026-06-02 17:21:36,937 [INFO] IPUIPlugin:80 - create IPUIPlugin
2026-06-02 17:21:36,937 [INFO] IPUIPlugin:80 - create IPUIPlugin
2026-06-02 17:21:36,938 [INFO] IPUIPlugin:80 - create IPUIPlugin
2026-06-02 17:21:36,938 [INFO] IPUIPlugin:80 - create IPUIPlugin
2026-06-02 17:21:36,938 [INFO] IPUIPlugin:80 - create IPUIPlugin
2026-06-02 17:21:36,938 [INFO] IPUIPlugin:80 - create IPUIPlugin
2026-06-02 17:21:36,939 [INFO] IPUIPlugin:80 - create IPUIPlugin
2026-06-02 17:21:36,939 [INFO] IPUIPlugin:80 - create IPUIPlugin
2026-06-02 17:21:36,940 [INFO] IPUIPlugin:80 - create IPUIPlugin
2026-06-02 17:21:36,941 [INFO] IPUIPlugin:80 - create IPUIPlugin
2026-06-02 17:21:36,941 [INFO] IPUIPlugin:80 - create IPUIPlugin
2026-06-02 17:21:36,942 [INFO] IPUIPlugin:80 - create IPUIPlugin
2026-06-02 17:21:36,943 [INFO] IPUIPlugin:80 - create IPUIPlugin
2026-06-02 17:21:36,943 [INFO] IPUIPlugin:80 - create IPUIPlugin
2026-06-02 17:21:36,944 [INFO] IPUIPlugin:80 - create IPUIPlugin
2026-06-02 17:21:36,945 [INFO] IPUIPlugin:80 - create IPUIPlugin
2026-06-02 17:21:36,947 [INFO] IPUIPlugin:80 - create IPUIPlugin
2026-06-02 17:21:36,948 [INFO] IPUIPlugin:80 - create IPUIPlugin
2026-06-02 17:21:36,949 [INFO] IPUIPlugin:80 - create IPUIPlugin
2026-06-02 17:21:36,949 [INFO] IPUIPlugin:80 - create IPUIPlugin
2026-06-02 17:21:36,950 [INFO] IPUIPlugin:80 - create IPUIPlugin
2026-06-02 17:21:36,950 [INFO] IPUIPlugin:80 - create IPUIPlugin
2026-06-02 17:21:36,951 [INFO] IPUIPlugin:80 - create IPUIPlugin
2026-06-02 17:21:36,952 [INFO] IPUIPlugin:80 - create IPUIPlugin
2026-06-02 17:21:36,952 [INFO] IPUIPlugin:80 - create IPUIPlugin
2026-06-02 17:21:36,961 [INFO] ApiDbMcu:508 - Load IP Config File for PDM2PCM
2026-06-02 17:21:36,962 [WARN] IP:2250 - I2C_Coeff_DF not found: check if there is a RefParameter without a condition.
2026-06-02 17:21:36,962 [WARN] IP:2250 - Analog_Filter not found: check if there is a RefParameter without a condition.
2026-06-02 17:21:36,968 [INFO] I2sManager:658 - 9.6E7
2026-06-02 17:21:36,968 [INFO] I2sManager:195 - I2S Clock Value : 9.6E7
2026-06-02 17:21:36,969 [INFO] I2sManager:553 - AudioClock : 93750Divider : 2Odd : 0
2026-06-02 17:21:37,102 [INFO] CADModel:165 - CPN selected for project levelSTM32F407VGT6
2026-06-02 17:21:37,102 [INFO] CADModel:114 - Register for checkConnection events
2026-06-02 17:21:37,167 [INFO] OpenFileManager:385 - Restore cursor
2026-06-02 17:21:37,512 [WARN] IP:2250 - I2C_Coeff_DF not found: check if there is a RefParameter without a condition.
2026-06-02 17:21:37,547 [WARN] IP:2250 - Analog_Filter not found: check if there is a RefParameter without a condition.
2026-06-02 17:21:37,548 [WARN] IP:2250 - I2C_Coeff_DF not found: check if there is a RefParameter without a condition.
2026-06-02 17:21:37,548 [WARN] IP:2250 - Analog_Filter not found: check if there is a RefParameter without a condition.
2026-06-02 17:21:38,090 [INFO] UtilMem:75 - End SaveConfig() Used Memory: 757957048 Bytes (1073741824)
2026-06-02 17:21:38,282 [INFO] UtilMem:75 - End SaveConfig() Used Memory: 780038392 Bytes (1073741824)
2026-06-02 17:21:38,975 [INFO] BlockDiagram:2775 - set Specific Code input for plugin: SPI
2026-06-02 17:21:38,975 [INFO] BlockDiagram:2775 - set Specific Code input for plugin: I2S
2026-06-02 17:21:38,975 [INFO] BlockDiagram:2775 - set Specific Code input for plugin: SYS
2026-06-02 17:21:38,975 [INFO] BlockDiagram:2775 - set Specific Code input for plugin: RCC
2026-06-02 17:21:38,975 [INFO] BlockDiagram:2775 - set Specific Code input for plugin: I2C
2026-06-02 17:21:38,975 [INFO] BlockDiagram:2775 - set Specific Code input for plugin: USB_OTG_FS
2026-06-02 17:21:38,975 [INFO] BlockDiagram:2775 - set Specific Code input for plugin: NVIC
2026-06-02 17:21:38,975 [INFO] BlockDiagram:2775 - set Specific Code input for plugin: USB_HOST
2026-06-02 17:21:38,976 [INFO] BlockDiagram:2775 - set Specific Code input for plugin: GPIO
2026-06-02 17:21:38,980 [INFO] CodeGenerator:882 - code generatio: config db path: C:\ST\STM32CubeIDE_1.18.0\STM32CubeIDE\plugins\com.st.stm32cube.common.mx_6.14.0.202502271554\\db\
2026-06-02 17:21:38,988 [WARN] IP:2250 - I2C_Coeff_DF not found: check if there is a RefParameter without a condition.
2026-06-02 17:21:38,988 [WARN] IP:2250 - Analog_Filter not found: check if there is a RefParameter without a condition.
2026-06-02 17:21:39,384 [INFO] CodeEngine:263 - oldGeneratedFile, C:\Users\hp\STM32CubeIDE\workspace_1.18.0\41_External_Flash_with_Ultrasonic\MXTmpFiles\license.tmp_save
2026-06-02 17:21:40,266 [INFO] CodeEngine:287 - Generated code: C:\Users\hp\STM32CubeIDE\workspace_1.18.0\41_External_Flash_with_Ultrasonic\MXTmpFiles\license.tmp
2026-06-02 17:21:40,391 [INFO] CodeEngine:263 - oldGeneratedFile, C:\Users\hp\STM32CubeIDE\workspace_1.18.0\41_External_Flash_with_Ultrasonic\MXTmpFiles\gpio.tmp_save
2026-06-02 17:21:40,720 [INFO] CodeEngine:287 - Generated code: C:\Users\hp\STM32CubeIDE\workspace_1.18.0\41_External_Flash_with_Ultrasonic\MXTmpFiles\gpio.tmp
2026-06-02 17:21:40,846 [WARN] IPConfigManager:3174 - Warning: the RefConfig PWREx_EnableUSBVoltageDetector is not available in your config.xml file
2026-06-02 17:21:40,867 [INFO] CodeEngine:263 - oldGeneratedFile, C:\Users\hp\STM32CubeIDE\workspace_1.18.0\41_External_Flash_with_Ultrasonic\MXTmpFiles\usb_otg_fs_vars.tmp_save
2026-06-02 17:21:41,163 [INFO] CodeEngine:287 - Generated code: C:\Users\hp\STM32CubeIDE\workspace_1.18.0\41_External_Flash_with_Ultrasonic\MXTmpFiles\usb_otg_fs_vars.tmp
2026-06-02 17:21:41,171 [INFO] CodeEngine:263 - oldGeneratedFile, C:\Users\hp\STM32CubeIDE\workspace_1.18.0\41_External_Flash_with_Ultrasonic\MXTmpFiles\usb_otg_fs_inc.tmp_save
2026-06-02 17:21:41,448 [INFO] CodeEngine:287 - Generated code: C:\Users\hp\STM32CubeIDE\workspace_1.18.0\41_External_Flash_with_Ultrasonic\MXTmpFiles\usb_otg_fs_inc.tmp
2026-06-02 17:21:41,462 [INFO] CodeEngine:263 - oldGeneratedFile, C:\Users\hp\STM32CubeIDE\workspace_1.18.0\41_External_Flash_with_Ultrasonic\MXTmpFiles\usb_otg_fs_HalInit.tmp_save
2026-06-02 17:21:41,706 [INFO] CodeEngine:287 - Generated code: C:\Users\hp\STM32CubeIDE\workspace_1.18.0\41_External_Flash_with_Ultrasonic\MXTmpFiles\usb_otg_fs_HalInit.tmp
2026-06-02 17:21:41,719 [INFO] CodeEngine:263 - oldGeneratedFile, C:\Users\hp\STM32CubeIDE\workspace_1.18.0\41_External_Flash_with_Ultrasonic\MXTmpFiles\usb_otg_fs_Msp.tmp_save
2026-06-02 17:21:41,918 [INFO] CodeEngine:287 - Generated code: C:\Users\hp\STM32CubeIDE\workspace_1.18.0\41_External_Flash_with_Ultrasonic\MXTmpFiles\usb_otg_fs_Msp.tmp
2026-06-02 17:21:42,286 [INFO] CodeEngine:263 - oldGeneratedFile, C:\Users\hp\STM32CubeIDE\workspace_1.18.0\41_External_Flash_with_Ultrasonic\USB_HOST\App\usb_host.c_save
2026-06-02 17:21:42,492 [INFO] CodeEngine:287 - Generated code: C:\Users\hp\STM32CubeIDE\workspace_1.18.0\41_External_Flash_with_Ultrasonic\USB_HOST\App\usb_host.c
2026-06-02 17:21:42,501 [INFO] CodeEngine:263 - oldGeneratedFile, C:\Users\hp\STM32CubeIDE\workspace_1.18.0\41_External_Flash_with_Ultrasonic\USB_HOST\App\usb_host.h_save
2026-06-02 17:21:42,659 [INFO] CodeEngine:287 - Generated code: C:\Users\hp\STM32CubeIDE\workspace_1.18.0\41_External_Flash_with_Ultrasonic\USB_HOST\App\usb_host.h
2026-06-02 17:21:42,669 [INFO] CodeEngine:263 - oldGeneratedFile, C:\Users\hp\STM32CubeIDE\workspace_1.18.0\41_External_Flash_with_Ultrasonic\USB_HOST\Target\usbh_conf.h_save
2026-06-02 17:21:42,831 [INFO] CodeEngine:287 - Generated code: C:\Users\hp\STM32CubeIDE\workspace_1.18.0\41_External_Flash_with_Ultrasonic\USB_HOST\Target\usbh_conf.h
2026-06-02 17:21:42,843 [INFO] CodeEngine:263 - oldGeneratedFile, C:\Users\hp\STM32CubeIDE\workspace_1.18.0\41_External_Flash_with_Ultrasonic\USB_HOST\Target\usbh_conf.c_save
2026-06-02 17:21:43,048 [INFO] CodeEngine:287 - Generated code: C:\Users\hp\STM32CubeIDE\workspace_1.18.0\41_External_Flash_with_Ultrasonic\USB_HOST\Target\usbh_conf.c
2026-06-02 17:21:43,072 [INFO] CodeEngine:263 - oldGeneratedFile, C:\Users\hp\STM32CubeIDE\workspace_1.18.0\41_External_Flash_with_Ultrasonic\USB_HOST\Target\usbh_platform.c_save
2026-06-02 17:21:43,192 [INFO] CodeEngine:287 - Generated code: C:\Users\hp\STM32CubeIDE\workspace_1.18.0\41_External_Flash_with_Ultrasonic\USB_HOST\Target\usbh_platform.c
2026-06-02 17:21:43,202 [INFO] CodeEngine:263 - oldGeneratedFile, C:\Users\hp\STM32CubeIDE\workspace_1.18.0\41_External_Flash_with_Ultrasonic\USB_HOST\Target\usbh_platform.h_save
2026-06-02 17:21:43,322 [INFO] CodeEngine:287 - Generated code: C:\Users\hp\STM32CubeIDE\workspace_1.18.0\41_External_Flash_with_Ultrasonic\USB_HOST\Target\usbh_platform.h
2026-06-02 17:21:43,351 [INFO] CodeEngine:263 - oldGeneratedFile, C:\Users\hp\STM32CubeIDE\workspace_1.18.0\41_External_Flash_with_Ultrasonic\Core\Src\stm32f4xx_it.c_save
2026-06-02 17:21:43,686 [INFO] CodeEngine:287 - Generated code: C:\Users\hp\STM32CubeIDE\workspace_1.18.0\41_External_Flash_with_Ultrasonic\Core\Src\stm32f4xx_it.c
2026-06-02 17:21:43,718 [INFO] CodeEngine:263 - oldGeneratedFile, C:\Users\hp\STM32CubeIDE\workspace_1.18.0\41_External_Flash_with_Ultrasonic\Core\Inc\stm32f4xx_it.h_save
2026-06-02 17:21:43,836 [INFO] CodeEngine:287 - Generated code: C:\Users\hp\STM32CubeIDE\workspace_1.18.0\41_External_Flash_with_Ultrasonic\Core\Inc\stm32f4xx_it.h
2026-06-02 17:21:43,873 [INFO] CodeEngine:263 - oldGeneratedFile, C:\Users\hp\STM32CubeIDE\workspace_1.18.0\41_External_Flash_with_Ultrasonic\Core\Src\stm32f4xx_hal_msp.c_save
2026-06-02 17:21:44,091 [INFO] CodeEngine:287 - Generated code: C:\Users\hp\STM32CubeIDE\workspace_1.18.0\41_External_Flash_with_Ultrasonic\Core\Src\stm32f4xx_hal_msp.c
2026-06-02 17:21:44,111 [INFO] CodeEngine:263 - oldGeneratedFile, C:\Users\hp\STM32CubeIDE\workspace_1.18.0\41_External_Flash_with_Ultrasonic\MXTmpFiles\system.tmp_save
2026-06-02 17:21:44,175 [INFO] CodeEngine:287 - Generated code: C:\Users\hp\STM32CubeIDE\workspace_1.18.0\41_External_Flash_with_Ultrasonic\MXTmpFiles\system.tmp
2026-06-02 17:21:44,206 [INFO] CodeEngine:319 - oldGeneratedFile, C:\Users\hp\STM32CubeIDE\workspace_1.18.0\41_External_Flash_with_Ultrasonic\Core\Inc\stm32f4xx_hal_conf.h_save
2026-06-02 17:21:44,355 [INFO] CodeEngine:343 - Generated code: C:\Users\hp\STM32CubeIDE\workspace_1.18.0\41_External_Flash_with_Ultrasonic\Core\Inc\stm32f4xx_hal_conf.h
2026-06-02 17:21:44,425 [INFO] ApiDbMcu:508 - Load IP Config File for I2C1
2026-06-02 17:21:44,429 [INFO] ApiDbMcu:508 - Load IP Config File for I2S3
2026-06-02 17:21:44,433 [INFO] ApiDbMcu:508 - Load IP Config File for SPI1
2026-06-02 17:21:44,440 [INFO] ApiDbMcu:508 - Load IP Config File for RCC
2026-06-02 17:21:44,460 [INFO] CodeEngine:263 - oldGeneratedFile, C:\Users\hp\STM32CubeIDE\workspace_1.18.0\41_External_Flash_with_Ultrasonic\Core\Inc\main.h_save
2026-06-02 17:21:44,611 [INFO] CodeEngine:287 - Generated code: C:\Users\hp\STM32CubeIDE\workspace_1.18.0\41_External_Flash_with_Ultrasonic\Core\Inc\main.h
2026-06-02 17:21:44,621 [INFO] CodeEngine:263 - oldGeneratedFile, C:\Users\hp\STM32CubeIDE\workspace_1.18.0\41_External_Flash_with_Ultrasonic\Core\Src\main.c_save
2026-06-02 17:21:44,800 [INFO] CodeEngine:287 - Generated code: C:\Users\hp\STM32CubeIDE\workspace_1.18.0\41_External_Flash_with_Ultrasonic\Core\Src\main.c
2026-06-02 17:21:45,636 [INFO] ProjectBuilder:3324 - Time for Copy HAL[1] : 461mS.
2026-06-02 17:21:45,651 [INFO] ProjectBuilder:4912 - Project Generator version: 4.6.0-B36
2026-06-02 17:21:45,826 [INFO] ConfigFileManager:1590 - The Die is : DIE413
2026-06-02 17:21:45,832 [INFO] ApiDbMcu:508 - Load IP Config File for FATFS
2026-06-02 17:21:45,841 [INFO] ApiDbMcu:508 - Load IP Config File for FREERTOS
2026-06-02 17:21:45,847 [INFO] ApiDbMcu:508 - Load IP Config File for LIBJPEG
2026-06-02 17:21:45,856 [INFO] ApiDbMcu:508 - Load IP Config File for LWIP
2026-06-02 17:21:45,866 [INFO] ApiDbMcu:508 - Load IP Config File for MBEDTLS
2026-06-02 17:21:45,879 [INFO] ApiDbMcu:508 - Load IP Config File for USB_DEVICE
2026-06-02 17:21:49,929 [INFO] ProjectBuilder:5191 - Time for Generating toolchain IDE Files: 4277mS.
2026-06-02 17:21:49,935 [INFO] ProjectBuilder:3181 - Time for Copy CMSIS : 5mS.
2026-06-02 17:21:49,947 [INFO] ProjectBuilder:3181 - Time for Copy CMSIS : 1mS.
2026-06-02 17:21:51,608 [INFO] McuFinderGlobals:76 - Set McuFinderConnectedMode to true
2026-06-02 17:21:51,613 [INFO] ApiDb:448 - Save user favorites file C:\Users\hp/.stm32cubeide/favorites.mcus.txt: 0 item(s)
2026-06-02 17:21:51,613 [INFO] ApiDb:452 - User favorites MCUs=[]
2026-06-02 17:21:51,616 [INFO] ApiDb:448 - Save user favorites file C:\Users\hp/.stm32cubeide/favorites.boards.txt: 1 item(s)
2026-06-02 17:21:51,617 [INFO] ApiDb:452 - User favorites Boards=[STM32F407G-DISC1]
2026-06-02 17:26:55,083 [INFO] NvicIntPanel:101 - NVIC parent = com.st.microxplorer.plugins.ip.nvic.MultiNvicIntPanel[,0,0,0x0,invalid,layout=javax.swing.BoxLayout,alignmentX=0.0,alignmentY=0.0,border=,flags=9,maximumSize=,minimumSize=,preferredSize=]
2026-06-02 17:27:07,315 [INFO] NvicIntPanel:101 - NVIC parent = com.st.microxplorer.plugins.ip.nvic.MultiNvicIntPanel[,0,0,0x0,invalid,layout=javax.swing.BoxLayout,alignmentX=0.0,alignmentY=0.0,border=,flags=9,maximumSize=,minimumSize=,preferredSize=]
2026-06-02 17:27:11,012 [INFO] UtilMem:75 - End SaveConfig() Used Memory: 747898968 Bytes (1073741824)
2026-06-02 17:27:33,256 [INFO] UtilMem:75 - End SaveConfig() Used Memory: 826539520 Bytes (1073741824)
2026-06-02 17:27:36,205 [INFO] UtilMem:75 - End SaveConfig() Used Memory: 937162184 Bytes (1073741824)
2026-06-02 17:27:36,546 [INFO] BlockDiagram:2775 - set Specific Code input for plugin: SPI
2026-06-02 17:27:36,546 [INFO] BlockDiagram:2775 - set Specific Code input for plugin: TIM1_8
2026-06-02 17:27:36,546 [INFO] BlockDiagram:2775 - set Specific Code input for plugin: SYS
2026-06-02 17:27:36,546 [INFO] BlockDiagram:2775 - set Specific Code input for plugin: RCC
2026-06-02 17:27:36,546 [INFO] BlockDiagram:2775 - set Specific Code input for plugin: NVIC
2026-06-02 17:27:36,546 [INFO] BlockDiagram:2775 - set Specific Code input for plugin: USART
2026-06-02 17:27:36,547 [INFO] BlockDiagram:2775 - set Specific Code input for plugin: GPIO
2026-06-02 17:27:36,549 [INFO] CodeGenerator:882 - code generatio: config db path: C:\ST\STM32CubeIDE_1.18.0\STM32CubeIDE\plugins\com.st.stm32cube.common.mx_6.14.0.202502271554\\db\
2026-06-02 17:27:36,731 [INFO] CodeEngine:263 - oldGeneratedFile, C:\Users\hp\STM32CubeIDE\workspace_1.18.0\41_External_Flash_with_Ultrasonic\MXTmpFiles\license.tmp_save
2026-06-02 17:27:37,192 [INFO] CodeEngine:287 - Generated code: C:\Users\hp\STM32CubeIDE\workspace_1.18.0\41_External_Flash_with_Ultrasonic\MXTmpFiles\license.tmp
2026-06-02 17:27:37,259 [INFO] CodeEngine:263 - oldGeneratedFile, C:\Users\hp\STM32CubeIDE\workspace_1.18.0\41_External_Flash_with_Ultrasonic\MXTmpFiles\gpio.tmp_save
2026-06-02 17:27:37,603 [INFO] CodeEngine:287 - Generated code: C:\Users\hp\STM32CubeIDE\workspace_1.18.0\41_External_Flash_with_Ultrasonic\MXTmpFiles\gpio.tmp
2026-06-02 17:27:37,875 [INFO] CodeEngine:263 - oldGeneratedFile, C:\Users\hp\STM32CubeIDE\workspace_1.18.0\41_External_Flash_with_Ultrasonic\Core\Src\stm32f4xx_it.c_save
2026-06-02 17:27:38,141 [INFO] CodeEngine:287 - Generated code: C:\Users\hp\STM32CubeIDE\workspace_1.18.0\41_External_Flash_with_Ultrasonic\Core\Src\stm32f4xx_it.c
2026-06-02 17:27:38,151 [INFO] CodeEngine:263 - oldGeneratedFile, C:\Users\hp\STM32CubeIDE\workspace_1.18.0\41_External_Flash_with_Ultrasonic\Core\Inc\stm32f4xx_it.h_save
2026-06-02 17:27:38,374 [INFO] CodeEngine:287 - Generated code: C:\Users\hp\STM32CubeIDE\workspace_1.18.0\41_External_Flash_with_Ultrasonic\Core\Inc\stm32f4xx_it.h
2026-06-02 17:27:38,433 [INFO] CodeEngine:263 - oldGeneratedFile, C:\Users\hp\STM32CubeIDE\workspace_1.18.0\41_External_Flash_with_Ultrasonic\Core\Src\stm32f4xx_hal_msp.c_save
2026-06-02 17:27:38,796 [INFO] CodeEngine:287 - Generated code: C:\Users\hp\STM32CubeIDE\workspace_1.18.0\41_External_Flash_with_Ultrasonic\Core\Src\stm32f4xx_hal_msp.c
2026-06-02 17:27:38,810 [INFO] CodeEngine:263 - oldGeneratedFile, C:\Users\hp\STM32CubeIDE\workspace_1.18.0\41_External_Flash_with_Ultrasonic\MXTmpFiles\system.tmp_save
2026-06-02 17:27:38,983 [INFO] CodeEngine:287 - Generated code: C:\Users\hp\STM32CubeIDE\workspace_1.18.0\41_External_Flash_with_Ultrasonic\MXTmpFiles\system.tmp
2026-06-02 17:27:39,043 [INFO] CodeEngine:319 - oldGeneratedFile, C:\Users\hp\STM32CubeIDE\workspace_1.18.0\41_External_Flash_with_Ultrasonic\Core\Inc\stm32f4xx_hal_conf.h_save
2026-06-02 17:27:39,318 [INFO] CodeEngine:343 - Generated code: C:\Users\hp\STM32CubeIDE\workspace_1.18.0\41_External_Flash_with_Ultrasonic\Core\Inc\stm32f4xx_hal_conf.h
2026-06-02 17:27:39,430 [INFO] ApiDbMcu:508 - Load IP Config File for TIM3
2026-06-02 17:27:39,437 [INFO] ApiDbMcu:508 - Load IP Config File for USART2
2026-06-02 17:27:39,440 [WARN] IPConfigManager:3747 - IP not found : TIM
2026-06-02 17:27:39,441 [WARN] CodeGenerator:4198 - IP not found : null
2026-06-02 17:27:39,482 [INFO] CodeEngine:263 - oldGeneratedFile, C:\Users\hp\STM32CubeIDE\workspace_1.18.0\41_External_Flash_with_Ultrasonic\Core\Inc\main.h_save
2026-06-02 17:27:39,662 [INFO] CodeEngine:287 - Generated code: C:\Users\hp\STM32CubeIDE\workspace_1.18.0\41_External_Flash_with_Ultrasonic\Core\Inc\main.h
2026-06-02 17:27:39,702 [INFO] CodeEngine:263 - oldGeneratedFile, C:\Users\hp\STM32CubeIDE\workspace_1.18.0\41_External_Flash_with_Ultrasonic\Core\Src\main.c_save
2026-06-02 17:27:39,986 [INFO] CodeEngine:287 - Generated code: C:\Users\hp\STM32CubeIDE\workspace_1.18.0\41_External_Flash_with_Ultrasonic\Core\Src\main.c
2026-06-02 17:27:40,806 [INFO] ProjectBuilder:3324 - Time for Copy HAL[1] : 471mS.
2026-06-02 17:27:40,813 [INFO] ProjectBuilder:4912 - Project Generator version: 4.6.0-B36
2026-06-02 17:27:40,966 [INFO] ConfigFileManager:1590 - The Die is : DIE413
2026-06-02 17:27:44,056 [INFO] ProjectBuilder:5191 - Time for Generating toolchain IDE Files: 3242mS.
2026-06-02 17:27:44,058 [INFO] ProjectBuilder:3181 - Time for Copy CMSIS : 1mS.
2026-06-02 17:27:44,065 [INFO] ProjectBuilder:3181 - Time for Copy CMSIS : 0mS.
2026-06-02 18:00:19,275 [ERROR] LogOutputStream:75 - [STDERR_REDIRECT] 
