2026-05-11 09:27:05,538 [INFO] Activator:176 - 


2026-05-11 09:27:05,558 [INFO] Activator:177 - !SESSION log4j initialized
2026-05-11 09:27:20,963 [INFO] LogOutputStream:77 - [STDOUT_REDIRECT] 
2026-05-11 09:27:24,559 [INFO] ApplicationProperties:184 - Using Application install path: C:\ST\STM32CubeIDE_1.18.0\STM32CubeIDE\plugins\com.st.stm32cube.common.mx_6.14.0.202502271554
2026-05-11 09:27:24,611 [INFO] DbMcusXml:78 - Set database path to: C:\ST\STM32CubeIDE_1.18.0\STM32CubeIDE\plugins\com.st.stm32cube.common.mx_6.14.0.202502271554\\db\/mcu/
2026-05-11 09:27:24,612 [INFO] ApiDb:274 - Set plugin database path to: C:\ST\STM32CubeIDE_1.18.0\STM32CubeIDE\plugins\com.st.stm32cube.common.mx_6.14.0.202502271554\\db\/plugins/boardmanager/
2026-05-11 09:27:24,613 [WARN] ApiDb:259 - Overriding images path with different value:  => C:\ST\STM32CubeIDE_1.18.0\STM32CubeIDE\plugins\com.st.stm32cube.common.mx_6.14.0.202502271554\\db\/plugins/mcufinder/images/
2026-05-11 09:27:24,650 [INFO] ApiDb:250 - Set database path to: C:\Users\hp\.stmcufinder\plugins\mcufinder//mcu/
2026-05-11 09:27:24,653 [INFO] DbMcusAds:125 - Set database path to: C:\Users\hp\.stmcufinder\plugins\mcufinder//mcu/
2026-05-11 09:27:24,662 [INFO] CrossReferenceDbSqlite:203 - Set database path to: C:\Users\hp\.stmcufinder\plugins\mcufinder//mcu/cs/
2026-05-11 09:27:24,977 [INFO] RulesReader:64 - Compatibility file has been processed (301 Rules)
2026-05-11 09:27:25,269 [INFO] DbMcusXml:78 - Set database path to: C:\ST\STM32CubeIDE_1.18.0\STM32CubeIDE\plugins\com.st.stm32cube.common.mx_6.14.0.202502271554\\db\/mcu/
2026-05-11 09:27:25,270 [INFO] ApiDb:274 - Set plugin database path to: C:\ST\STM32CubeIDE_1.18.0\STM32CubeIDE\plugins\com.st.stm32cube.common.mx_6.14.0.202502271554\\db\/plugins/boardmanager/
2026-05-11 09:27:25,270 [INFO] ApiDb:261 - Set plugin images path to: C:\ST\STM32CubeIDE_1.18.0\STM32CubeIDE\plugins\com.st.stm32cube.common.mx_6.14.0.202502271554\\db\/plugins/mcufinder/images/
2026-05-11 09:27:25,271 [WARN] DbFile:41 - Overriding database path with different value: C:\Users\hp\.stmcufinder\plugins\mcufinder/ => C:\Users\hp\.stmcufinder\plugins\mcufinder
2026-05-11 09:27:25,271 [INFO] ApiDb:250 - Set database path to: C:\Users\hp\.stmcufinder\plugins\mcufinder//mcu/
2026-05-11 09:27:25,272 [WARN] DbFile:41 - Overriding database path with different value: C:\Users\hp\.stmcufinder\plugins\mcufinder/ => C:\Users\hp\.stmcufinder\plugins\mcufinder
2026-05-11 09:27:25,272 [INFO] DbMcusAds:125 - Set database path to: C:\Users\hp\.stmcufinder\plugins\mcufinder//mcu/
2026-05-11 09:27:25,273 [WARN] DbFile:41 - Overriding database path with different value: C:\Users\hp\.stmcufinder\plugins\mcufinder/ => C:\Users\hp\.stmcufinder\plugins\mcufinder
2026-05-11 09:27:25,273 [WARN] DbFile:41 - Overriding database path with different value: C:\Users\hp\.stmcufinder\plugins\mcufinder/ => C:\Users\hp\.stmcufinder\plugins\mcufinder
2026-05-11 09:27:25,274 [INFO] CrossReferenceDbSqlite:203 - Set database path to: C:\Users\hp\.stmcufinder\plugins\mcufinder//mcu/cs/
2026-05-11 09:27:25,682 [INFO] MainPanel:272 - HeapMemory: 268435456
2026-05-11 09:27:26,066 [INFO] DbMcusXml:78 - Set database path to: C:\ST\STM32CubeIDE_1.18.0\STM32CubeIDE\plugins\com.st.stm32cube.common.mx_6.14.0.202502271554\\db\/mcu/
2026-05-11 09:27:26,066 [INFO] ApiDb:274 - Set plugin database path to: C:\ST\STM32CubeIDE_1.18.0\STM32CubeIDE\plugins\com.st.stm32cube.common.mx_6.14.0.202502271554\\db\/plugins/boardmanager/
2026-05-11 09:27:26,067 [INFO] ApiDb:261 - Set plugin images path to: C:\ST\STM32CubeIDE_1.18.0\STM32CubeIDE\plugins\com.st.stm32cube.common.mx_6.14.0.202502271554\\db\/plugins/mcufinder/images/
2026-05-11 09:27:26,068 [WARN] DbFile:41 - Overriding database path with different value: C:\Users\hp\.stmcufinder\plugins\mcufinder/ => C:\Users\hp\.stmcufinder\plugins\mcufinder
2026-05-11 09:27:26,068 [INFO] ApiDb:250 - Set database path to: C:\Users\hp\.stmcufinder\plugins\mcufinder//mcu/
2026-05-11 09:27:26,068 [WARN] DbFile:41 - Overriding database path with different value: C:\Users\hp\.stmcufinder\plugins\mcufinder/ => C:\Users\hp\.stmcufinder\plugins\mcufinder
2026-05-11 09:27:26,068 [INFO] DbMcusAds:125 - Set database path to: C:\Users\hp\.stmcufinder\plugins\mcufinder//mcu/
2026-05-11 09:27:26,069 [WARN] DbFile:41 - Overriding database path with different value: C:\Users\hp\.stmcufinder\plugins\mcufinder/ => C:\Users\hp\.stmcufinder\plugins\mcufinder
2026-05-11 09:27:26,069 [WARN] DbFile:41 - Overriding database path with different value: C:\Users\hp\.stmcufinder\plugins\mcufinder/ => C:\Users\hp\.stmcufinder\plugins\mcufinder
2026-05-11 09:27:26,069 [INFO] CrossReferenceDbSqlite:203 - Set database path to: C:\Users\hp\.stmcufinder\plugins\mcufinder//mcu/cs/
2026-05-11 09:27:26,124 [INFO] ApplicationProperties:184 - Using Application install path: C:\ST\STM32CubeIDE_1.18.0\STM32CubeIDE\plugins\com.st.stm32cube.common.mx_6.14.0.202502271554
2026-05-11 09:27:26,127 [INFO] PluginManage:196 - Search for loadable plugins [exclusion list=, ]
2026-05-11 09:27:26,131 [INFO] PluginManage:310 - Check plugin analytics
2026-05-11 09:27:26,777 [INFO] AnalyticsPlugin:253 - Accepted Software Licenses: 
2026-05-11 09:27:26,779 [INFO] AnalyticsPlugin:255 - Accepted CMSIS Pack Licenses: 
2026-05-11 09:27:26,780 [INFO] AnalyticsPlugin:257 - Accepted Firmware Licenses: FW.F4.1.28.0,FW.L4.1.18.0
2026-05-11 09:27:26,796 [INFO] PluginManage:359 - Loaded plugin analytics (category:tool,tabindex:-1)
2026-05-11 09:27:26,797 [INFO] PluginManage:310 - Check plugin cadmodel
2026-05-11 09:27:26,821 [INFO] CADModel:105 - Init CAD model plugin
2026-05-11 09:27:26,822 [INFO] PluginManage:359 - Loaded plugin cadmodel (category:power,tabindex:5)
2026-05-11 09:27:26,823 [INFO] PluginManage:310 - Check plugin clock
2026-05-11 09:27:26,864 [INFO] PluginManage:359 - Loaded plugin clock (category:base,tabindex:2)
2026-05-11 09:27:26,864 [INFO] PluginManage:310 - Check plugin ddr
2026-05-11 09:27:26,874 [INFO] PluginManage:359 - Loaded plugin ddr (category:tool,tabindex:6)
2026-05-11 09:27:26,875 [INFO] PluginManage:310 - Check plugin filemanager
2026-05-11 09:27:27,283 [INFO] PluginManage:359 - Loaded plugin filemanager (category:base,tabindex:10)
2026-05-11 09:27:27,284 [INFO] PluginManage:310 - Check plugin ipmanager
2026-05-11 09:27:27,307 [INFO] PluginManage:359 - Loaded plugin ipmanager (category:base,tabindex:5)
2026-05-11 09:27:27,308 [INFO] PluginManage:310 - Check plugin lpbam
2026-05-11 09:27:27,333 [INFO] PluginManage:359 - Loaded plugin lpbam (category:base,tabindex:0)
2026-05-11 09:27:27,333 [INFO] PluginManage:310 - Check plugin memorymap
2026-05-11 09:27:27,390 [INFO] PluginManage:359 - Loaded plugin memorymap (category:base,tabindex:4)
2026-05-11 09:27:27,391 [INFO] PluginManage:310 - Check plugin pinoutandconfiguration
2026-05-11 09:27:27,418 [INFO] PluginManage:359 - Loaded plugin pinoutandconfiguration (category:base,tabindex:1)
2026-05-11 09:27:27,419 [INFO] PluginManage:310 - Check plugin pinoutconfig
2026-05-11 09:27:27,758 [WARN] SupportedApi:132 - Cannot load RTOS API schema: s4s-elt-must-match.1: The content of 'definitions' must match (annotation?, (simpleType | complexType)?, (unique | key | keyref)*)). A problem was found starting at: attribute.
2026-05-11 09:27:28,229 [INFO] PluginManage:359 - Loaded plugin pinoutconfig (category:base,tabindex:0)
2026-05-11 09:27:28,230 [INFO] PluginManage:310 - Check plugin power
2026-05-11 09:27:28,262 [INFO] PluginManage:359 - Loaded plugin power (category:power,tabindex:4)
2026-05-11 09:27:28,262 [INFO] PluginManage:310 - Check plugin projectmanager
2026-05-11 09:27:28,303 [INFO] PluginManage:359 - Loaded plugin projectmanager (category:projectmanager,tabindex:4)
2026-05-11 09:27:28,303 [INFO] PluginManage:310 - Check plugin rif
2026-05-11 09:27:28,326 [INFO] PluginManage:359 - Loaded plugin rif (category:base,tabindex:3)
2026-05-11 09:27:28,327 [INFO] PluginManage:310 - Check plugin thirdparty
2026-05-11 09:27:28,716 [INFO] PluginManage:359 - Loaded plugin thirdparty (category:base,tabindex:-1)
2026-05-11 09:27:28,716 [WARN] IntegrityCheckThread:84 - waiting for thirdparty lock release [integrity check]
2026-05-11 09:27:28,717 [INFO] PluginManage:310 - Check plugin tools
2026-05-11 09:27:28,717 [INFO] IntegrityCheckThread:86 - entering critical section [integrity check]
2026-05-11 09:27:28,719 [INFO] ThirdPartyUpdaterWithRetryManager:70 - Updater plugin not ready yet. [1/15]
2026-05-11 09:27:28,726 [INFO] PluginManage:359 - Loaded plugin tools (category:base,tabindex:7)
2026-05-11 09:27:28,726 [INFO] PluginManage:310 - Check plugin tutovideos
2026-05-11 09:27:29,281 [INFO] PluginManage:359 - Loaded plugin tutovideos (category:base,tabindex:-1)
2026-05-11 09:27:29,282 [INFO] PluginManage:310 - Check plugin updater
2026-05-11 09:27:29,345 [INFO] PluginManage:359 - Loaded plugin updater (category:base,tabindex:12)
2026-05-11 09:27:29,346 [INFO] PluginManage:310 - Check plugin userauth
2026-05-11 09:27:29,359 [INFO] UserAuth:118 - Init User Auth plugin
2026-05-11 09:27:29,361 [INFO] PluginManage:359 - Loaded plugin userauth (category:base,tabindex:14)
2026-05-11 09:27:29,362 [INFO] PluginManage:283 - PluginManage : Loaded plugins [18]
2026-05-11 09:27:30,129 [INFO] PinOutPanel:1589 - setPackage(No Configuration,No Configuration)
2026-05-11 09:27:30,478 [INFO] CADModel:165 - CPN selected for project level
2026-05-11 09:27:30,478 [INFO] CADModel:114 - Register for checkConnection events
2026-05-11 09:27:30,545 [INFO] IPUIPlugin:80 - create IPUIPlugin
2026-05-11 09:27:30,546 [INFO] PluginManager:220 - loadIPPluginJar : add adc
2026-05-11 09:27:30,558 [INFO] IPUIPlugin:80 - create IPUIPlugin
2026-05-11 09:27:30,559 [INFO] PluginManager:220 - loadIPPluginJar : add aes
2026-05-11 09:27:30,572 [INFO] IPUIPlugin:80 - create IPUIPlugin
2026-05-11 09:27:30,572 [INFO] PluginManager:220 - loadIPPluginJar : add can
2026-05-11 09:27:30,582 [INFO] IPUIPlugin:80 - create IPUIPlugin
2026-05-11 09:27:30,582 [INFO] PluginManager:220 - loadIPPluginJar : add comp
2026-05-11 09:27:30,596 [INFO] IPUIPlugin:80 - create IPUIPlugin
2026-05-11 09:27:30,597 [INFO] PluginManager:220 - loadIPPluginJar : add cryp
2026-05-11 09:27:30,614 [INFO] IPUIPlugin:80 - create IPUIPlugin
2026-05-11 09:27:30,614 [INFO] PluginManager:220 - loadIPPluginJar : add ddr_ctrl_phy
2026-05-11 09:27:30,628 [INFO] IPUIPlugin:80 - create IPUIPlugin
2026-05-11 09:27:30,628 [INFO] PluginManager:220 - loadIPPluginJar : add dfsdm
2026-05-11 09:27:30,652 [INFO] IPUIPlugin:80 - create IPUIPlugin
2026-05-11 09:27:30,653 [INFO] PluginManager:220 - loadIPPluginJar : add dma
2026-05-11 09:27:30,666 [INFO] IPUIPlugin:80 - create IPUIPlugin
2026-05-11 09:27:30,666 [INFO] PluginManager:220 - loadIPPluginJar : add dma3
2026-05-11 09:27:30,679 [INFO] IPUIPlugin:80 - create IPUIPlugin
2026-05-11 09:27:30,679 [INFO] PluginManager:220 - loadIPPluginJar : add extmemmanager
2026-05-11 09:27:30,685 [INFO] IPUIPlugin:80 - create IPUIPlugin
2026-05-11 09:27:30,686 [INFO] PluginManager:220 - loadIPPluginJar : add fatfs
2026-05-11 09:27:30,703 [INFO] IPUIPlugin:80 - create IPUIPlugin
2026-05-11 09:27:30,704 [INFO] PluginManager:220 - loadIPPluginJar : add fmc
2026-05-11 09:27:30,723 [INFO] IPUIPlugin:80 - create IPUIPlugin
2026-05-11 09:27:30,724 [INFO] PluginManager:220 - loadIPPluginJar : add freertos
2026-05-11 09:27:30,730 [INFO] IPUIPlugin:80 - create IPUIPlugin
2026-05-11 09:27:30,731 [INFO] PluginManager:220 - loadIPPluginJar : add genericplugin
2026-05-11 09:27:30,741 [INFO] IPUIPlugin:80 - create IPUIPlugin
2026-05-11 09:27:30,742 [INFO] PluginManager:220 - loadIPPluginJar : add gfxmmu
2026-05-11 09:27:30,762 [INFO] IPUIPlugin:80 - create IPUIPlugin
2026-05-11 09:27:30,763 [INFO] PluginManager:220 - loadIPPluginJar : add gic
2026-05-11 09:27:30,779 [INFO] IPUIPlugin:80 - create IPUIPlugin
2026-05-11 09:27:30,779 [INFO] PluginManager:220 - loadIPPluginJar : add gpio
2026-05-11 09:27:30,790 [INFO] IPUIPlugin:80 - create IPUIPlugin
2026-05-11 09:27:30,791 [INFO] PluginManager:220 - loadIPPluginJar : add gtzc
2026-05-11 09:27:30,804 [INFO] IPUIPlugin:80 - create IPUIPlugin
2026-05-11 09:27:30,805 [INFO] PluginManager:220 - loadIPPluginJar : add hash
2026-05-11 09:27:30,820 [INFO] IPUIPlugin:80 - create IPUIPlugin
2026-05-11 09:27:30,820 [INFO] PluginManager:220 - loadIPPluginJar : add i2c
2026-05-11 09:27:30,834 [INFO] IPUIPlugin:80 - create IPUIPlugin
2026-05-11 09:27:30,834 [INFO] PluginManager:220 - loadIPPluginJar : add i2s
2026-05-11 09:27:30,848 [INFO] IPUIPlugin:80 - create IPUIPlugin
2026-05-11 09:27:30,848 [INFO] PluginManager:220 - loadIPPluginJar : add i3c
2026-05-11 09:27:30,859 [INFO] IPUIPlugin:80 - create IPUIPlugin
2026-05-11 09:27:30,861 [INFO] PluginManager:220 - loadIPPluginJar : add ipddr
2026-05-11 09:27:30,892 [INFO] IPUIPlugin:80 - create IPUIPlugin
2026-05-11 09:27:30,893 [INFO] PluginManager:220 - loadIPPluginJar : add linkedlist
2026-05-11 09:27:30,905 [INFO] IPUIPlugin:80 - create IPUIPlugin
2026-05-11 09:27:30,905 [INFO] PluginManager:220 - loadIPPluginJar : add lorawan
2026-05-11 09:27:30,915 [INFO] IPUIPlugin:80 - create IPUIPlugin
2026-05-11 09:27:30,915 [INFO] PluginManager:220 - loadIPPluginJar : add ltdc
2026-05-11 09:27:30,936 [INFO] IPUIPlugin:80 - create IPUIPlugin
2026-05-11 09:27:30,939 [INFO] PluginManager:220 - loadIPPluginJar : add mdma
2026-05-11 09:27:30,955 [INFO] IPUIPlugin:80 - create IPUIPlugin
2026-05-11 09:27:30,957 [INFO] PluginManager:220 - loadIPPluginJar : add nvic
2026-05-11 09:27:30,972 [INFO] IPUIPlugin:80 - create IPUIPlugin
2026-05-11 09:27:30,973 [INFO] PluginManager:220 - loadIPPluginJar : add opamp
2026-05-11 09:27:30,991 [INFO] IPUIPlugin:80 - create IPUIPlugin
2026-05-11 09:27:30,992 [INFO] PluginManager:220 - loadIPPluginJar : add openamp
2026-05-11 09:27:31,010 [INFO] IPUIPlugin:80 - create IPUIPlugin
2026-05-11 09:27:31,011 [INFO] PluginManager:220 - loadIPPluginJar : add pdm2pcm
2026-05-11 09:27:31,036 [INFO] IPUIPlugin:80 - create IPUIPlugin
2026-05-11 09:27:31,045 [INFO] PluginManager:220 - loadIPPluginJar : add plateformsettings
2026-05-11 09:27:31,055 [INFO] IPUIPlugin:80 - create IPUIPlugin
2026-05-11 09:27:31,056 [INFO] PluginManager:220 - loadIPPluginJar : add quadspi
2026-05-11 09:27:31,066 [INFO] IPUIPlugin:80 - create IPUIPlugin
2026-05-11 09:27:31,069 [INFO] PluginManager:220 - loadIPPluginJar : add radio
2026-05-11 09:27:31,096 [INFO] IPUIPlugin:80 - create IPUIPlugin
2026-05-11 09:27:31,097 [INFO] PluginManager:220 - loadIPPluginJar : add resmgrutility
2026-05-11 09:27:31,112 [INFO] IPUIPlugin:80 - create IPUIPlugin
2026-05-11 09:27:31,113 [INFO] PluginManager:220 - loadIPPluginJar : add sai
2026-05-11 09:27:31,128 [INFO] IPUIPlugin:80 - create IPUIPlugin
2026-05-11 09:27:31,130 [INFO] PluginManager:220 - loadIPPluginJar : add spi
2026-05-11 09:27:31,156 [INFO] IPUIPlugin:80 - create IPUIPlugin
2026-05-11 09:27:31,157 [INFO] PluginManager:220 - loadIPPluginJar : add stm32_wpan
2026-05-11 09:27:31,169 [INFO] IPUIPlugin:80 - create IPUIPlugin
2026-05-11 09:27:31,169 [INFO] PluginManager:220 - loadIPPluginJar : add tim
2026-05-11 09:27:31,186 [INFO] IPUIPlugin:80 - create IPUIPlugin
2026-05-11 09:27:31,186 [INFO] PluginManager:220 - loadIPPluginJar : add touchsensing
2026-05-11 09:27:31,197 [INFO] IPUIPlugin:80 - create IPUIPlugin
2026-05-11 09:27:31,197 [INFO] PluginManager:220 - loadIPPluginJar : add tracer_emb
2026-05-11 09:27:31,206 [INFO] IPUIPlugin:80 - create IPUIPlugin
2026-05-11 09:27:31,207 [INFO] PluginManager:220 - loadIPPluginJar : add ts
2026-05-11 09:27:31,214 [INFO] IPUIPlugin:80 - create IPUIPlugin
2026-05-11 09:27:31,216 [INFO] PluginManager:220 - loadIPPluginJar : add tsc
2026-05-11 09:27:31,225 [INFO] IPUIPlugin:80 - create IPUIPlugin
2026-05-11 09:27:31,226 [INFO] PluginManager:220 - loadIPPluginJar : add ucpd
2026-05-11 09:27:31,240 [INFO] IPUIPlugin:80 - create IPUIPlugin
2026-05-11 09:27:31,240 [INFO] PluginManager:220 - loadIPPluginJar : add usart
2026-05-11 09:27:31,253 [INFO] IPUIPlugin:80 - create IPUIPlugin
2026-05-11 09:27:31,254 [INFO] PluginManager:220 - loadIPPluginJar : add usbx
2026-05-11 09:27:31,568 [FATAL] Updater:351 - Updater called before beeing initialized
2026-05-11 09:27:31,642 [INFO] RulesReader:64 - Compatibility file has been processed (301 Rules)
2026-05-11 09:27:31,669 [INFO] RulesReader:64 - Compatibility file has been processed (301 Rules)
2026-05-11 09:27:31,697 [INFO] CADModel:165 - CPN selected for project level
2026-05-11 09:27:31,698 [INFO] CADModel:114 - Register for checkConnection events
2026-05-11 09:27:31,698 [FATAL] Updater:351 - Updater called before beeing initialized
2026-05-11 09:27:31,699 [ERROR] CADModel:125 - Updater not yet initialized, retry later 
2026-05-11 09:27:31,720 [INFO] ThirdPartyUpdaterWithRetryManager:70 - Updater plugin not ready yet. [2/15]
2026-05-11 09:27:32,169 [FATAL] Updater:351 - Updater called before beeing initialized
2026-05-11 09:27:32,175 [INFO] CADModel:165 - CPN selected for project level
2026-05-11 09:27:32,175 [INFO] CADModel:114 - Register for checkConnection events
2026-05-11 09:27:32,176 [FATAL] Updater:351 - Updater called before beeing initialized
2026-05-11 09:27:32,176 [ERROR] CADModel:125 - Updater not yet initialized, retry later 
2026-05-11 09:27:32,183 [FATAL] Updater:351 - Updater called before beeing initialized
2026-05-11 09:27:32,521 [FATAL] Updater:351 - Updater called before beeing initialized
2026-05-11 09:27:32,532 [INFO] DbMcusAds:53 - JSON generation date=Mon Apr 27 13:44:29 IST 2026 (1777277669683)
2026-05-11 09:27:32,533 [FATAL] Updater:351 - Updater called before beeing initialized
2026-05-11 09:27:32,645 [WARN] DetailPanel:346 - Failed to get advertising image, set to default
2026-05-11 09:27:33,154 [FATAL] Updater:351 - Updater called before beeing initialized
2026-05-11 09:27:33,160 [FATAL] Updater:351 - Updater called before beeing initialized
2026-05-11 09:27:33,160 [FATAL] Updater:351 - Updater called before beeing initialized
2026-05-11 09:27:33,161 [WARN] DetailPanel:346 - Failed to get advertising image, set to default
2026-05-11 09:27:33,163 [FATAL] Updater:351 - Updater called before beeing initialized
2026-05-11 09:27:33,309 [ERROR] Updater:1198 - MainUpdater not yet initialized. External WinMGr cannot be set.
2026-05-11 09:27:33,318 [INFO] Updater:1134 - Updater Version found : 6.14.0
2026-05-11 09:27:33,381 [INFO] ApplicationProperties:184 - Using Application install path: C:\ST\STM32CubeIDE_1.18.0\STM32CubeIDE\plugins\com.st.stm32cube.common.mx_6.14.0.202502271554
2026-05-11 09:27:34,291 [INFO] MainUpdater:2872 - connection check result : 10
2026-05-11 09:27:34,293 [INFO] MainUpdater:289 - Updater Check For Update Now.
2026-05-11 09:27:34,294 [INFO] MicroXplorer:498 - Change Database Version : DB.6.0.140
2026-05-11 09:27:34,324 [INFO] McuFinderGlobals:63 - Set McuFinder mode to 2 (CubeIDE integrated)
2026-05-11 09:27:34,325 [INFO] UserAuth:171 - activating auth plugin
2026-05-11 09:27:34,338 [INFO] UserAuth:486 - Internet connection configuration mode: 1
2026-05-11 09:27:34,451 [INFO] JxBrowserEngine:152 - Initiate JxBrowser Engine with user profile folder
2026-05-11 09:27:34,666 [INFO] CheckServerUpdateThread:120 - End of CheckServer Thread
2026-05-11 09:27:35,751 [WARN] PackLoader:240 - Cannot read IP mode file for STMicroelectronics.X-CUBE-AZRTOS-H7.3.5.0
2026-05-11 09:27:35,784 [WARN] PackLoader:240 - Cannot read IP mode file for STMicroelectronics.FP-ATR-ASTRA1.2.0.2
2026-05-11 09:27:35,809 [WARN] PackLoader:240 - Cannot read IP mode file for STMicroelectronics.X-CUBE-SMBUS.2.1.0
2026-05-11 09:27:36,417 [WARN] PackLoader:240 - Cannot read IP mode file for STMicroelectronics.X-CUBE-AZRTOS-F7.1.1.0
2026-05-11 09:27:36,458 [ERROR] Engine:466 - C:\Users\hp\.stm32cubemx\thirdparties\pdsc\STMicroelectronics.FP-SNS-MOTENV1.5.1.0.pdsc: PDSC version is not supported
2026-05-11 09:27:36,473 [ERROR] Engine:466 - C:\Users\hp\.stm32cubemx\thirdparties\pdsc\WES.I-CUBE-Cesium.1.4.0.pdsc: PDSC version is not supported
2026-05-11 09:27:36,505 [WARN] PackLoader:240 - Cannot read IP mode file for STMicroelectronics.X-CUBE-DISPLAY.3.0.0
2026-05-11 09:27:36,541 [WARN] PackLoader:240 - Cannot read IP mode file for STMicroelectronics.X-CUBE-GNSS1.7.1.1
2026-05-11 09:27:36,554 [ERROR] Engine:466 - C:\Users\hp\.stm32cubemx\thirdparties\pdsc\STMicroelectronics.FP-SNS-MOTENVWB1.1.5.0.pdsc: PDSC version is not supported
2026-05-11 09:27:36,573 [WARN] PackLoader:240 - Cannot read IP mode file for STMicroelectronics.X-CUBE-NFC10.1.0.0
2026-05-11 09:27:36,594 [WARN] PackLoader:240 - Cannot read IP mode file for STMicroelectronics.X-CUBE-ST60.1.1.0
2026-05-11 09:27:36,613 [WARN] PackLoader:240 - Cannot read IP mode file for emotas.I-CUBE-CANOPEN.1.3.0
2026-05-11 09:27:36,637 [WARN] PackLoader:240 - Cannot read IP mode file for STMicroelectronics.X-CUBE-GNSS1.7.1.0
2026-05-11 09:27:36,659 [ERROR] Engine:466 - C:\Users\hp\.stm32cubemx\thirdparties\pdsc\STMicroelectronics.FP-SNS-STBOX1.2.1.0.pdsc: PDSC version is not supported
2026-05-11 09:27:36,675 [WARN] PackLoader:240 - Cannot read IP mode file for STMicroelectronics.FP-SNS-SMARTAG2.1.2.0
2026-05-11 09:27:36,689 [WARN] PackLoader:240 - Cannot read IP mode file for STMicroelectronics.FP-SNS-FLIGHT1.5.1.0
2026-05-11 09:27:36,711 [INFO] LogOutputStream:77 - [STDOUT_REDIRECT] 1 : Invalid condition id : UX_CORESTACK_Condition cause : null
2026-05-11 09:27:36,714 [INFO] LogOutputStream:77 - [STDOUT_REDIRECT] 1 : Invalid condition id : UX_CORESTACK_Condition cause : null
2026-05-11 09:27:36,716 [INFO] LogOutputStream:77 - [STDOUT_REDIRECT] 1 : Invalid condition id : UX_CORESTACK_Condition cause : null
2026-05-11 09:27:36,718 [INFO] LogOutputStream:77 - [STDOUT_REDIRECT] 1 : Invalid condition id : UX_CORESTACK_Condition cause : null
2026-05-11 09:27:36,722 [INFO] LogOutputStream:77 - [STDOUT_REDIRECT] 1 : Invalid condition id : UX_CORESTACK_Condition cause : null
2026-05-11 09:27:36,731 [WARN] PackLoader:240 - Cannot read IP mode file for STMicroelectronics.X-CUBE-AZRTOS-WL.2.0.0
2026-05-11 09:27:36,775 [WARN] PackLoader:240 - Cannot read IP mode file for STMicroelectronics.X-CUBE-AZRTOS-H7RS.1.2.0
2026-05-11 09:27:36,799 [WARN] PackLoader:240 - Cannot read IP mode file for STMicroelectronics.X-CUBE-BLE2.3.3.0
2026-05-11 09:27:36,945 [WARN] PackLoader:240 - Cannot read IP mode file for Infineon.AIROC-Wi-Fi-Bluetooth-STM32.1.8.0
2026-05-11 09:27:36,980 [WARN] PackLoader:240 - Cannot read IP mode file for STMicroelectronics.X-CUBE-NFC9.1.0.0
2026-05-11 09:27:37,003 [WARN] PackLoader:240 - Cannot read IP mode file for STMicroelectronics.X-CUBE-BLE1.7.1.0
2026-05-11 09:27:37,026 [WARN] PackLoader:240 - Cannot read IP mode file for wolfSSL.I-CUBE-wolfMQTT.1.19.2
2026-05-11 09:27:37,060 [WARN] PackLoader:240 - Cannot read IP mode file for STMicroelectronics.X-CUBE-EEPRMA1.5.2.0
2026-05-11 09:27:37,081 [WARN] PackLoader:240 - Cannot read IP mode file for wolfSSL.I-CUBE-wolfSSL.5.8.4
2026-05-11 09:27:37,094 [ERROR] Engine:466 - C:\Users\hp\.stm32cubemx\thirdparties\pdsc\STMicroelectronics.FP-SNS-STAIOTCFT.1.1.0.pdsc: PDSC version is not supported
2026-05-11 09:27:37,188 [WARN] PackLoader:240 - Cannot read IP mode file for STMicroelectronics.X-CUBE-MEMS1.12.0.0
2026-05-11 09:27:37,451 [WARN] PackLoader:240 - Cannot read IP mode file for STMicroelectronics.X-CUBE-AZRTOS-G0.1.1.0
2026-05-11 09:27:37,476 [WARN] PackLoader:240 - Cannot read IP mode file for STMicroelectronics.X-CUBE-NFC4.3.0.0
2026-05-11 09:27:37,496 [WARN] PackLoader:240 - Cannot read IP mode file for EmbeddedOffice.I-CUBE-FS-RTOS.1.0.1
2026-05-11 09:27:37,512 [WARN] PackLoader:240 - Cannot read IP mode file for wolfSSL.I-CUBE-wolfTPM.3.8.0
2026-05-11 09:27:37,529 [WARN] PackLoader:240 - Cannot read IP mode file for STMicroelectronics.X-CUBE-TCPP.4.2.0
2026-05-11 09:27:37,545 [WARN] PackLoader:240 - Cannot read IP mode file for RealThread.X-CUBE-RT-Thread_Nano.4.1.1
2026-05-11 09:27:37,553 [WARN] PackLoader:240 - Cannot read IP mode file for STMicroelectronics.FP-ATR-SIGFOX1.3.2.0
2026-05-11 09:27:37,559 [ERROR] Engine:466 - C:\Users\hp\.stm32cubemx\thirdparties\pdsc\STMicroelectronics.X-CUBE-FREERTOS.1.5.0.pdsc: PDSC version is not supported
2026-05-11 09:27:37,592 [WARN] PackLoader:240 - Cannot read IP mode file for ITTIA_DB.I-CUBE-ITTIADB.8.9.0
2026-05-11 09:27:37,614 [WARN] PackLoader:240 - Cannot read IP mode file for Cesanta.I-CUBE-Mongoose.7.21.0
2026-05-11 09:27:37,682 [WARN] PackLoader:240 - Cannot read IP mode file for STMicroelectronics.X-CUBE-NFC6.3.2.0
2026-05-11 09:27:37,712 [WARN] PackLoader:240 - Cannot read IP mode file for STMicroelectronics.X-CUBE-AI.10.2.0
2026-05-11 09:27:37,826 [WARN] PackLoader:240 - Cannot read IP mode file for STMicroelectronics.X-CUBE-MEMS1.12.1.0
2026-05-11 09:27:38,049 [INFO] WebApp:169 - Instantiating new browser for Auth
2026-05-11 09:27:38,094 [WARN] PackLoader:240 - Cannot read IP mode file for SEGGER.I-CUBE-embOS.1.3.1
2026-05-11 09:27:38,204 [WARN] PackLoader:240 - Cannot read IP mode file for STMicroelectronics.X-CUBE-ALGOBUILD.1.4.0
2026-05-11 09:27:38,224 [WARN] PackLoader:240 - Cannot read IP mode file for STMicroelectronics.X-CUBE-PM33A1.1.0.0
2026-05-11 09:27:38,291 [WARN] PackLoader:240 - Cannot read IP mode file for STMicroelectronics.X-CUBE-AZRTOS-F4.1.1.0
2026-05-11 09:27:38,312 [WARN] PackLoader:240 - Cannot read IP mode file for STMicroelectronics.X-CUBE-ISPU.2.1.0
2026-05-11 09:27:38,329 [ERROR] Engine:466 - C:\Users\hp\.stm32cubemx\thirdparties\pdsc\STMicroelectronics.X-CUBE-IPS.3.2.0.pdsc: PDSC version is not supported
2026-05-11 09:27:38,350 [WARN] PackLoader:240 - Cannot read IP mode file for STMicroelectronics.eDS-WB_DPC_TT-BIDIR.2.1.1
2026-05-11 09:27:38,427 [WARN] PackLoader:240 - Cannot read IP mode file for STMicroelectronics.X-CUBE-NFC12.1.0.0
2026-05-11 09:27:38,492 [WARN] PackLoader:240 - Cannot read IP mode file for STMicroelectronics.X-CUBE-AZRTOS-L5.2.0.0
2026-05-11 09:27:38,519 [WARN] PackLoader:240 - Cannot read IP mode file for STMicroelectronics.eDS-WB_DPC_VIENNA.1.2.0
2026-05-11 09:27:38,538 [WARN] PackLoader:240 - Cannot read IP mode file for STMicroelectronics.eDS-WB_DPC_3PH2L-BIDIR.1.1.1
2026-05-11 09:27:38,553 [ERROR] Engine:466 - C:\Users\hp\.stm32cubemx\thirdparties\pdsc\STMicroelectronics.X-CUBE-ST67W61.1.3.0.pdsc: PDSC version is not supported
2026-05-11 09:27:38,572 [WARN] PackLoader:240 - Cannot read IP mode file for STMicroelectronics.X-CUBE-TOUCHGFX.4.26.1
2026-05-11 09:27:38,592 [WARN] PackLoader:240 - Cannot read IP mode file for STMicroelectronics.FP-SNS-STAIOTCFT.1.0.0
2026-05-11 09:27:38,616 [WARN] PackLoader:240 - Cannot read IP mode file for STMicroelectronics.X-CUBE-DPower.1.3.0
2026-05-11 09:27:38,661 [WARN] ConditionMgr:438 - getConditionDescription Invalid condition id : LAN8742 Phy interface Condition cause : null
2026-05-11 09:27:38,663 [WARN] PackLoader:240 - Cannot read IP mode file for STMicroelectronics.X-CUBE-AZRTOS-L4.2.0.0
2026-05-11 09:27:38,667 [WARN] ConditionMgr:1044 - genDependencies : Invalid condition id : LAN8742 Phy interface Condition cause : null
2026-05-11 09:27:38,668 [WARN] ConditionMgr:1044 - genDependencies : Invalid condition id : LAN8742 Phy interface Condition cause : null
2026-05-11 09:27:38,669 [WARN] ConditionMgr:1044 - genDependencies : Invalid condition id : LAN8742 Phy interface Condition cause : null
2026-05-11 09:27:38,697 [WARN] PackLoader:240 - Cannot read IP mode file for STMicroelectronics.X-CUBE-SFXS2LP1.4.0.0
2026-05-11 09:27:38,732 [WARN] PackLoader:240 - Cannot read IP mode file for STMicroelectronics.X-CUBE-WB05N.2.1.0
2026-05-11 09:27:38,746 [ERROR] Engine:466 - C:\Users\hp\.stm32cubemx\thirdparties\pdsc\STMicroelectronics.X-CUBE-ST67W61.1.2.0.pdsc: PDSC version is not supported
2026-05-11 09:27:38,782 [WARN] PackLoader:240 - Cannot read IP mode file for STMicroelectronics.X-CUBE-BLEMGR.4.1.0
2026-05-11 09:27:38,820 [WARN] ConditionMgr:438 - getConditionDescription Invalid condition id : UX DEVICE CLASS RTOS Condition cause : null
2026-05-11 09:27:38,822 [WARN] ConditionMgr:438 - getConditionDescription Invalid condition id : UX DEVICE CLASS RTOS Condition cause : null
2026-05-11 09:27:38,827 [WARN] PackLoader:240 - Cannot read IP mode file for STMicroelectronics.X-CUBE-AZRTOS-WB.2.0.0
2026-05-11 09:27:38,828 [WARN] ConditionMgr:1044 - genDependencies : Invalid condition id : UX DEVICE CLASS RTOS Condition cause : null
2026-05-11 09:27:38,829 [WARN] ConditionMgr:1044 - genDependencies : Invalid condition id : UX DEVICE CLASS RTOS Condition cause : null
2026-05-11 09:27:38,831 [WARN] ConditionMgr:1044 - genDependencies : Invalid condition id : UX DEVICE CLASS RTOS Condition cause : null
2026-05-11 09:27:38,833 [WARN] ConditionMgr:1044 - genDependencies : Invalid condition id : UX DEVICE CLASS RTOS Condition cause : null
2026-05-11 09:27:38,834 [WARN] ConditionMgr:1044 - genDependencies : Invalid condition id : UX DEVICE CLASS RTOS Condition cause : null
2026-05-11 09:27:38,870 [WARN] ConditionMgr:438 - getConditionDescription Invalid condition id : Cortex-A Device cause : null
2026-05-11 09:27:38,911 [WARN] ConditionMgr:1044 - genDependencies : Invalid condition id : Cortex-A Device cause : null
2026-05-11 09:27:38,911 [WARN] ConditionMgr:1044 - genDependencies : Invalid condition id : Cortex-A Device cause : null
2026-05-11 09:27:38,912 [WARN] ConditionMgr:1044 - genDependencies : Invalid condition id : Cortex-A Device cause : null
2026-05-11 09:27:38,940 [WARN] PackLoader:240 - Cannot read IP mode file for STMicroelectronics.X-CUBE-STSE01.2.0.0
2026-05-11 09:27:38,976 [WARN] PackLoader:240 - Cannot read IP mode file for STMicroelectronics.X-CUBE-SUBG2.5.0.0
2026-05-11 09:27:39,008 [WARN] PackLoader:240 - Cannot read IP mode file for STMicroelectronics.X-CUBE-AZRTOS-G4.2.0.0
2026-05-11 09:27:39,023 [WARN] PackLoader:240 - Cannot read IP mode file for wolfSSL.I-CUBE-wolfSSH.1.4.20
2026-05-11 09:27:39,037 [WARN] PackLoader:240 - Cannot read IP mode file for STMicroelectronics.X-CUBE-NFC7.2.0.0
2026-05-11 09:27:39,050 [WARN] PackLoader:240 - Cannot read IP mode file for STMicroelectronics.X-CUBE-ALS.1.0.2
2026-05-11 09:27:39,076 [WARN] PackLoader:240 - Cannot read IP mode file for STMicroelectronics.X-CUBE-TOF1.3.4.3
2026-05-11 09:27:39,093 [INFO] ThirdParty:978 - Integrity check success = true
2026-05-11 09:27:39,093 [INFO] IntegrityCheckThread:100 - exiting critical section [integrity check]
2026-05-11 09:27:39,094 [INFO] IntegrityCheckThread:103 - End integrity checks thread
2026-05-11 09:27:40,612 [INFO] WebApp:463 - Apply proxy settings
2026-05-11 09:27:40,617 [INFO] WebApp:548 - Chromium requires no authentication
2026-05-11 09:27:40,658 [INFO] WebApp:491 - Direct internet connection detected
2026-05-11 09:27:40,737 [INFO] WebApp:894 - Register for checkConnection events
2026-05-11 09:27:40,738 [INFO] WebApp:463 - Apply proxy settings
2026-05-11 09:27:40,738 [INFO] WebApp:548 - Chromium requires no authentication
2026-05-11 09:27:40,739 [INFO] WebApp:491 - Direct internet connection detected
2026-05-11 09:27:41,281 [INFO] WebApp:225 - Starting web application
2026-05-11 09:27:41,283 [INFO] WebApp:593 - Web application path used C:\ST\STM32CubeIDE_1.18.0\STM32CubeIDE\plugins\com.st.stm32cube.common.mx_6.14.0.202502271554\db\plugins\mcufinder\reactClient1\index.html
2026-05-11 09:27:41,617 [INFO] WebApp:191 - Connection restablished
2026-05-11 10:44:39,437 [INFO] Activator:176 - 


2026-05-11 10:44:39,441 [INFO] Activator:177 - !SESSION log4j initialized
2026-05-11 10:44:50,728 [INFO] LogOutputStream:77 - [STDOUT_REDIRECT] 
2026-05-11 10:44:53,611 [INFO] ApplicationProperties:184 - Using Application install path: C:\ST\STM32CubeIDE_1.18.0\STM32CubeIDE\plugins\com.st.stm32cube.common.mx_6.14.0.202502271554
2026-05-11 10:44:53,654 [INFO] DbMcusXml:78 - Set database path to: C:\ST\STM32CubeIDE_1.18.0\STM32CubeIDE\plugins\com.st.stm32cube.common.mx_6.14.0.202502271554\\db\/mcu/
2026-05-11 10:44:53,654 [INFO] ApiDb:274 - Set plugin database path to: C:\ST\STM32CubeIDE_1.18.0\STM32CubeIDE\plugins\com.st.stm32cube.common.mx_6.14.0.202502271554\\db\/plugins/boardmanager/
2026-05-11 10:44:53,655 [WARN] ApiDb:259 - Overriding images path with different value:  => C:\ST\STM32CubeIDE_1.18.0\STM32CubeIDE\plugins\com.st.stm32cube.common.mx_6.14.0.202502271554\\db\/plugins/mcufinder/images/
2026-05-11 10:44:53,687 [INFO] ApiDb:250 - Set database path to: C:\Users\hp\.stmcufinder\plugins\mcufinder//mcu/
2026-05-11 10:44:53,689 [INFO] DbMcusAds:125 - Set database path to: C:\Users\hp\.stmcufinder\plugins\mcufinder//mcu/
2026-05-11 10:44:53,695 [INFO] CrossReferenceDbSqlite:203 - Set database path to: C:\Users\hp\.stmcufinder\plugins\mcufinder//mcu/cs/
2026-05-11 10:44:53,866 [INFO] RulesReader:64 - Compatibility file has been processed (301 Rules)
2026-05-11 10:44:54,037 [INFO] DbMcusXml:78 - Set database path to: C:\ST\STM32CubeIDE_1.18.0\STM32CubeIDE\plugins\com.st.stm32cube.common.mx_6.14.0.202502271554\\db\/mcu/
2026-05-11 10:44:54,037 [INFO] ApiDb:274 - Set plugin database path to: C:\ST\STM32CubeIDE_1.18.0\STM32CubeIDE\plugins\com.st.stm32cube.common.mx_6.14.0.202502271554\\db\/plugins/boardmanager/
2026-05-11 10:44:54,038 [INFO] ApiDb:261 - Set plugin images path to: C:\ST\STM32CubeIDE_1.18.0\STM32CubeIDE\plugins\com.st.stm32cube.common.mx_6.14.0.202502271554\\db\/plugins/mcufinder/images/
2026-05-11 10:44:54,038 [WARN] DbFile:41 - Overriding database path with different value: C:\Users\hp\.stmcufinder\plugins\mcufinder/ => C:\Users\hp\.stmcufinder\plugins\mcufinder
2026-05-11 10:44:54,038 [INFO] ApiDb:250 - Set database path to: C:\Users\hp\.stmcufinder\plugins\mcufinder//mcu/
2026-05-11 10:44:54,038 [WARN] DbFile:41 - Overriding database path with different value: C:\Users\hp\.stmcufinder\plugins\mcufinder/ => C:\Users\hp\.stmcufinder\plugins\mcufinder
2026-05-11 10:44:54,038 [INFO] DbMcusAds:125 - Set database path to: C:\Users\hp\.stmcufinder\plugins\mcufinder//mcu/
2026-05-11 10:44:54,038 [WARN] DbFile:41 - Overriding database path with different value: C:\Users\hp\.stmcufinder\plugins\mcufinder/ => C:\Users\hp\.stmcufinder\plugins\mcufinder
2026-05-11 10:44:54,038 [WARN] DbFile:41 - Overriding database path with different value: C:\Users\hp\.stmcufinder\plugins\mcufinder/ => C:\Users\hp\.stmcufinder\plugins\mcufinder
2026-05-11 10:44:54,039 [INFO] CrossReferenceDbSqlite:203 - Set database path to: C:\Users\hp\.stmcufinder\plugins\mcufinder//mcu/cs/
2026-05-11 10:44:54,183 [INFO] MainPanel:272 - HeapMemory: 268435456
2026-05-11 10:44:54,572 [INFO] DbMcusXml:78 - Set database path to: C:\ST\STM32CubeIDE_1.18.0\STM32CubeIDE\plugins\com.st.stm32cube.common.mx_6.14.0.202502271554\\db\/mcu/
2026-05-11 10:44:54,572 [INFO] ApiDb:274 - Set plugin database path to: C:\ST\STM32CubeIDE_1.18.0\STM32CubeIDE\plugins\com.st.stm32cube.common.mx_6.14.0.202502271554\\db\/plugins/boardmanager/
2026-05-11 10:44:54,573 [INFO] ApiDb:261 - Set plugin images path to: C:\ST\STM32CubeIDE_1.18.0\STM32CubeIDE\plugins\com.st.stm32cube.common.mx_6.14.0.202502271554\\db\/plugins/mcufinder/images/
2026-05-11 10:44:54,573 [WARN] DbFile:41 - Overriding database path with different value: C:\Users\hp\.stmcufinder\plugins\mcufinder/ => C:\Users\hp\.stmcufinder\plugins\mcufinder
2026-05-11 10:44:54,573 [INFO] ApiDb:250 - Set database path to: C:\Users\hp\.stmcufinder\plugins\mcufinder//mcu/
2026-05-11 10:44:54,573 [WARN] DbFile:41 - Overriding database path with different value: C:\Users\hp\.stmcufinder\plugins\mcufinder/ => C:\Users\hp\.stmcufinder\plugins\mcufinder
2026-05-11 10:44:54,573 [INFO] DbMcusAds:125 - Set database path to: C:\Users\hp\.stmcufinder\plugins\mcufinder//mcu/
2026-05-11 10:44:54,574 [WARN] DbFile:41 - Overriding database path with different value: C:\Users\hp\.stmcufinder\plugins\mcufinder/ => C:\Users\hp\.stmcufinder\plugins\mcufinder
2026-05-11 10:44:54,574 [WARN] DbFile:41 - Overriding database path with different value: C:\Users\hp\.stmcufinder\plugins\mcufinder/ => C:\Users\hp\.stmcufinder\plugins\mcufinder
2026-05-11 10:44:54,574 [INFO] CrossReferenceDbSqlite:203 - Set database path to: C:\Users\hp\.stmcufinder\plugins\mcufinder//mcu/cs/
2026-05-11 10:44:54,606 [INFO] ApplicationProperties:184 - Using Application install path: C:\ST\STM32CubeIDE_1.18.0\STM32CubeIDE\plugins\com.st.stm32cube.common.mx_6.14.0.202502271554
2026-05-11 10:44:54,608 [INFO] PluginManage:196 - Search for loadable plugins [exclusion list=, ]
2026-05-11 10:44:54,611 [INFO] PluginManage:310 - Check plugin analytics
2026-05-11 10:44:54,927 [INFO] AnalyticsPlugin:253 - Accepted Software Licenses: 
2026-05-11 10:44:54,927 [INFO] AnalyticsPlugin:255 - Accepted CMSIS Pack Licenses: 
2026-05-11 10:44:54,928 [INFO] AnalyticsPlugin:257 - Accepted Firmware Licenses: FW.F4.1.28.0,FW.L4.1.18.0
2026-05-11 10:44:54,933 [INFO] PluginManage:359 - Loaded plugin analytics (category:tool,tabindex:-1)
2026-05-11 10:44:54,934 [INFO] PluginManage:310 - Check plugin cadmodel
2026-05-11 10:44:54,949 [INFO] CADModel:105 - Init CAD model plugin
2026-05-11 10:44:54,950 [INFO] PluginManage:359 - Loaded plugin cadmodel (category:power,tabindex:5)
2026-05-11 10:44:54,950 [INFO] PluginManage:310 - Check plugin clock
2026-05-11 10:44:54,973 [INFO] PluginManage:359 - Loaded plugin clock (category:base,tabindex:2)
2026-05-11 10:44:54,973 [INFO] PluginManage:310 - Check plugin ddr
2026-05-11 10:44:54,979 [INFO] PluginManage:359 - Loaded plugin ddr (category:tool,tabindex:6)
2026-05-11 10:44:54,979 [INFO] PluginManage:310 - Check plugin filemanager
2026-05-11 10:44:55,223 [INFO] PluginManage:359 - Loaded plugin filemanager (category:base,tabindex:10)
2026-05-11 10:44:55,224 [INFO] PluginManage:310 - Check plugin ipmanager
2026-05-11 10:44:55,239 [INFO] PluginManage:359 - Loaded plugin ipmanager (category:base,tabindex:5)
2026-05-11 10:44:55,239 [INFO] PluginManage:310 - Check plugin lpbam
2026-05-11 10:44:55,256 [INFO] PluginManage:359 - Loaded plugin lpbam (category:base,tabindex:0)
2026-05-11 10:44:55,256 [INFO] PluginManage:310 - Check plugin memorymap
2026-05-11 10:44:55,290 [INFO] PluginManage:359 - Loaded plugin memorymap (category:base,tabindex:4)
2026-05-11 10:44:55,291 [INFO] PluginManage:310 - Check plugin pinoutandconfiguration
2026-05-11 10:44:55,309 [INFO] PluginManage:359 - Loaded plugin pinoutandconfiguration (category:base,tabindex:1)
2026-05-11 10:44:55,310 [INFO] PluginManage:310 - Check plugin pinoutconfig
2026-05-11 10:44:55,447 [WARN] SupportedApi:132 - Cannot load RTOS API schema: s4s-elt-must-match.1: The content of 'definitions' must match (annotation?, (simpleType | complexType)?, (unique | key | keyref)*)). A problem was found starting at: attribute.
2026-05-11 10:44:55,667 [INFO] PluginManage:359 - Loaded plugin pinoutconfig (category:base,tabindex:0)
2026-05-11 10:44:55,667 [INFO] PluginManage:310 - Check plugin power
2026-05-11 10:44:55,690 [INFO] PluginManage:359 - Loaded plugin power (category:power,tabindex:4)
2026-05-11 10:44:55,690 [INFO] PluginManage:310 - Check plugin projectmanager
2026-05-11 10:44:55,713 [INFO] PluginManage:359 - Loaded plugin projectmanager (category:projectmanager,tabindex:4)
2026-05-11 10:44:55,713 [INFO] PluginManage:310 - Check plugin rif
2026-05-11 10:44:55,734 [INFO] PluginManage:359 - Loaded plugin rif (category:base,tabindex:3)
2026-05-11 10:44:55,734 [INFO] PluginManage:310 - Check plugin thirdparty
2026-05-11 10:44:55,997 [INFO] PluginManage:359 - Loaded plugin thirdparty (category:base,tabindex:-1)
2026-05-11 10:44:55,996 [WARN] IntegrityCheckThread:84 - waiting for thirdparty lock release [integrity check]
2026-05-11 10:44:55,997 [INFO] IntegrityCheckThread:86 - entering critical section [integrity check]
2026-05-11 10:44:55,997 [INFO] PluginManage:310 - Check plugin tools
2026-05-11 10:44:55,998 [INFO] ThirdPartyUpdaterWithRetryManager:70 - Updater plugin not ready yet. [1/15]
2026-05-11 10:44:56,005 [INFO] PluginManage:359 - Loaded plugin tools (category:base,tabindex:7)
2026-05-11 10:44:56,005 [INFO] PluginManage:310 - Check plugin tutovideos
2026-05-11 10:44:56,323 [INFO] PluginManage:359 - Loaded plugin tutovideos (category:base,tabindex:-1)
2026-05-11 10:44:56,323 [INFO] PluginManage:310 - Check plugin updater
2026-05-11 10:44:56,367 [INFO] PluginManage:359 - Loaded plugin updater (category:base,tabindex:12)
2026-05-11 10:44:56,367 [INFO] PluginManage:310 - Check plugin userauth
2026-05-11 10:44:56,377 [INFO] UserAuth:118 - Init User Auth plugin
2026-05-11 10:44:56,378 [INFO] PluginManage:359 - Loaded plugin userauth (category:base,tabindex:14)
2026-05-11 10:44:56,379 [INFO] PluginManage:283 - PluginManage : Loaded plugins [18]
2026-05-11 10:44:56,845 [INFO] PinOutPanel:1589 - setPackage(No Configuration,No Configuration)
2026-05-11 10:44:57,009 [INFO] CADModel:165 - CPN selected for project level
2026-05-11 10:44:57,009 [INFO] CADModel:114 - Register for checkConnection events
2026-05-11 10:44:57,050 [INFO] IPUIPlugin:80 - create IPUIPlugin
2026-05-11 10:44:57,051 [INFO] PluginManager:220 - loadIPPluginJar : add adc
2026-05-11 10:44:57,057 [INFO] IPUIPlugin:80 - create IPUIPlugin
2026-05-11 10:44:57,058 [INFO] PluginManager:220 - loadIPPluginJar : add aes
2026-05-11 10:44:57,064 [INFO] IPUIPlugin:80 - create IPUIPlugin
2026-05-11 10:44:57,064 [INFO] PluginManager:220 - loadIPPluginJar : add can
2026-05-11 10:44:57,069 [INFO] IPUIPlugin:80 - create IPUIPlugin
2026-05-11 10:44:57,069 [INFO] PluginManager:220 - loadIPPluginJar : add comp
2026-05-11 10:44:57,075 [INFO] IPUIPlugin:80 - create IPUIPlugin
2026-05-11 10:44:57,075 [INFO] PluginManager:220 - loadIPPluginJar : add cryp
2026-05-11 10:44:57,084 [INFO] IPUIPlugin:80 - create IPUIPlugin
2026-05-11 10:44:57,085 [INFO] PluginManager:220 - loadIPPluginJar : add ddr_ctrl_phy
2026-05-11 10:44:57,092 [INFO] IPUIPlugin:80 - create IPUIPlugin
2026-05-11 10:44:57,092 [INFO] PluginManager:220 - loadIPPluginJar : add dfsdm
2026-05-11 10:44:57,103 [INFO] IPUIPlugin:80 - create IPUIPlugin
2026-05-11 10:44:57,104 [INFO] PluginManager:220 - loadIPPluginJar : add dma
2026-05-11 10:44:57,111 [INFO] IPUIPlugin:80 - create IPUIPlugin
2026-05-11 10:44:57,111 [INFO] PluginManager:220 - loadIPPluginJar : add dma3
2026-05-11 10:44:57,119 [INFO] IPUIPlugin:80 - create IPUIPlugin
2026-05-11 10:44:57,119 [INFO] PluginManager:220 - loadIPPluginJar : add extmemmanager
2026-05-11 10:44:57,122 [INFO] IPUIPlugin:80 - create IPUIPlugin
2026-05-11 10:44:57,122 [INFO] PluginManager:220 - loadIPPluginJar : add fatfs
2026-05-11 10:44:57,133 [INFO] IPUIPlugin:80 - create IPUIPlugin
2026-05-11 10:44:57,133 [INFO] PluginManager:220 - loadIPPluginJar : add fmc
2026-05-11 10:44:57,146 [INFO] IPUIPlugin:80 - create IPUIPlugin
2026-05-11 10:44:57,147 [INFO] PluginManager:220 - loadIPPluginJar : add freertos
2026-05-11 10:44:57,149 [INFO] IPUIPlugin:80 - create IPUIPlugin
2026-05-11 10:44:57,150 [INFO] PluginManager:220 - loadIPPluginJar : add genericplugin
2026-05-11 10:44:57,157 [INFO] IPUIPlugin:80 - create IPUIPlugin
2026-05-11 10:44:57,158 [INFO] PluginManager:220 - loadIPPluginJar : add gfxmmu
2026-05-11 10:44:57,168 [INFO] IPUIPlugin:80 - create IPUIPlugin
2026-05-11 10:44:57,168 [INFO] PluginManager:220 - loadIPPluginJar : add gic
2026-05-11 10:44:57,177 [INFO] IPUIPlugin:80 - create IPUIPlugin
2026-05-11 10:44:57,177 [INFO] PluginManager:220 - loadIPPluginJar : add gpio
2026-05-11 10:44:57,183 [INFO] IPUIPlugin:80 - create IPUIPlugin
2026-05-11 10:44:57,183 [INFO] PluginManager:220 - loadIPPluginJar : add gtzc
2026-05-11 10:44:57,190 [INFO] IPUIPlugin:80 - create IPUIPlugin
2026-05-11 10:44:57,190 [INFO] PluginManager:220 - loadIPPluginJar : add hash
2026-05-11 10:44:57,197 [INFO] IPUIPlugin:80 - create IPUIPlugin
2026-05-11 10:44:57,198 [INFO] PluginManager:220 - loadIPPluginJar : add i2c
2026-05-11 10:44:57,203 [INFO] IPUIPlugin:80 - create IPUIPlugin
2026-05-11 10:44:57,204 [INFO] PluginManager:220 - loadIPPluginJar : add i2s
2026-05-11 10:44:57,210 [INFO] IPUIPlugin:80 - create IPUIPlugin
2026-05-11 10:44:57,210 [INFO] PluginManager:220 - loadIPPluginJar : add i3c
2026-05-11 10:44:57,217 [INFO] IPUIPlugin:80 - create IPUIPlugin
2026-05-11 10:44:57,217 [INFO] PluginManager:220 - loadIPPluginJar : add ipddr
2026-05-11 10:44:57,233 [INFO] IPUIPlugin:80 - create IPUIPlugin
2026-05-11 10:44:57,233 [INFO] PluginManager:220 - loadIPPluginJar : add linkedlist
2026-05-11 10:44:57,240 [INFO] IPUIPlugin:80 - create IPUIPlugin
2026-05-11 10:44:57,240 [INFO] PluginManager:220 - loadIPPluginJar : add lorawan
2026-05-11 10:44:57,246 [INFO] IPUIPlugin:80 - create IPUIPlugin
2026-05-11 10:44:57,246 [INFO] PluginManager:220 - loadIPPluginJar : add ltdc
2026-05-11 10:44:57,258 [INFO] IPUIPlugin:80 - create IPUIPlugin
2026-05-11 10:44:57,259 [INFO] PluginManager:220 - loadIPPluginJar : add mdma
2026-05-11 10:44:57,267 [INFO] IPUIPlugin:80 - create IPUIPlugin
2026-05-11 10:44:57,268 [INFO] PluginManager:220 - loadIPPluginJar : add nvic
2026-05-11 10:44:57,276 [INFO] IPUIPlugin:80 - create IPUIPlugin
2026-05-11 10:44:57,276 [INFO] PluginManager:220 - loadIPPluginJar : add opamp
2026-05-11 10:44:57,283 [INFO] IPUIPlugin:80 - create IPUIPlugin
2026-05-11 10:44:57,283 [INFO] PluginManager:220 - loadIPPluginJar : add openamp
2026-05-11 10:44:57,291 [INFO] IPUIPlugin:80 - create IPUIPlugin
2026-05-11 10:44:57,291 [INFO] PluginManager:220 - loadIPPluginJar : add pdm2pcm
2026-05-11 10:44:57,306 [INFO] IPUIPlugin:80 - create IPUIPlugin
2026-05-11 10:44:57,310 [INFO] PluginManager:220 - loadIPPluginJar : add plateformsettings
2026-05-11 10:44:57,314 [INFO] IPUIPlugin:80 - create IPUIPlugin
2026-05-11 10:44:57,314 [INFO] PluginManager:220 - loadIPPluginJar : add quadspi
2026-05-11 10:44:57,319 [INFO] IPUIPlugin:80 - create IPUIPlugin
2026-05-11 10:44:57,320 [INFO] PluginManager:220 - loadIPPluginJar : add radio
2026-05-11 10:44:57,330 [INFO] IPUIPlugin:80 - create IPUIPlugin
2026-05-11 10:44:57,330 [INFO] PluginManager:220 - loadIPPluginJar : add resmgrutility
2026-05-11 10:44:57,338 [INFO] IPUIPlugin:80 - create IPUIPlugin
2026-05-11 10:44:57,338 [INFO] PluginManager:220 - loadIPPluginJar : add sai
2026-05-11 10:44:57,347 [INFO] IPUIPlugin:80 - create IPUIPlugin
2026-05-11 10:44:57,347 [INFO] PluginManager:220 - loadIPPluginJar : add spi
2026-05-11 10:44:57,357 [INFO] IPUIPlugin:80 - create IPUIPlugin
2026-05-11 10:44:57,357 [INFO] PluginManager:220 - loadIPPluginJar : add stm32_wpan
2026-05-11 10:44:57,363 [INFO] IPUIPlugin:80 - create IPUIPlugin
2026-05-11 10:44:57,363 [INFO] PluginManager:220 - loadIPPluginJar : add tim
2026-05-11 10:44:57,370 [INFO] IPUIPlugin:80 - create IPUIPlugin
2026-05-11 10:44:57,370 [INFO] PluginManager:220 - loadIPPluginJar : add touchsensing
2026-05-11 10:44:57,375 [INFO] IPUIPlugin:80 - create IPUIPlugin
2026-05-11 10:44:57,376 [INFO] PluginManager:220 - loadIPPluginJar : add tracer_emb
2026-05-11 10:44:57,380 [INFO] IPUIPlugin:80 - create IPUIPlugin
2026-05-11 10:44:57,380 [INFO] PluginManager:220 - loadIPPluginJar : add ts
2026-05-11 10:44:57,384 [INFO] IPUIPlugin:80 - create IPUIPlugin
2026-05-11 10:44:57,384 [INFO] PluginManager:220 - loadIPPluginJar : add tsc
2026-05-11 10:44:57,389 [INFO] IPUIPlugin:80 - create IPUIPlugin
2026-05-11 10:44:57,389 [INFO] PluginManager:220 - loadIPPluginJar : add ucpd
2026-05-11 10:44:57,396 [INFO] IPUIPlugin:80 - create IPUIPlugin
2026-05-11 10:44:57,396 [INFO] PluginManager:220 - loadIPPluginJar : add usart
2026-05-11 10:44:57,403 [INFO] IPUIPlugin:80 - create IPUIPlugin
2026-05-11 10:44:57,403 [INFO] PluginManager:220 - loadIPPluginJar : add usbx
2026-05-11 10:44:57,777 [FATAL] Updater:351 - Updater called before beeing initialized
2026-05-11 10:44:57,830 [INFO] RulesReader:64 - Compatibility file has been processed (301 Rules)
2026-05-11 10:44:57,845 [INFO] RulesReader:64 - Compatibility file has been processed (301 Rules)
2026-05-11 10:44:57,862 [INFO] CADModel:165 - CPN selected for project level
2026-05-11 10:44:57,862 [INFO] CADModel:114 - Register for checkConnection events
2026-05-11 10:44:57,862 [FATAL] Updater:351 - Updater called before beeing initialized
2026-05-11 10:44:57,862 [ERROR] CADModel:125 - Updater not yet initialized, retry later 
2026-05-11 10:44:58,380 [FATAL] Updater:351 - Updater called before beeing initialized
2026-05-11 10:44:58,384 [INFO] CADModel:165 - CPN selected for project level
2026-05-11 10:44:58,384 [INFO] CADModel:114 - Register for checkConnection events
2026-05-11 10:44:58,385 [FATAL] Updater:351 - Updater called before beeing initialized
2026-05-11 10:44:58,385 [ERROR] CADModel:125 - Updater not yet initialized, retry later 
2026-05-11 10:44:58,391 [FATAL] Updater:351 - Updater called before beeing initialized
2026-05-11 10:44:58,773 [FATAL] Updater:351 - Updater called before beeing initialized
2026-05-11 10:44:58,781 [INFO] DbMcusAds:53 - JSON generation date=Mon Apr 27 13:44:29 IST 2026 (1777277669683)
2026-05-11 10:44:58,781 [FATAL] Updater:351 - Updater called before beeing initialized
2026-05-11 10:44:58,850 [WARN] DetailPanel:346 - Failed to get advertising image, set to default
2026-05-11 10:44:59,000 [INFO] ThirdPartyUpdaterWithRetryManager:70 - Updater plugin not ready yet. [2/15]
2026-05-11 10:44:59,151 [FATAL] Updater:351 - Updater called before beeing initialized
2026-05-11 10:44:59,153 [FATAL] Updater:351 - Updater called before beeing initialized
2026-05-11 10:44:59,154 [FATAL] Updater:351 - Updater called before beeing initialized
2026-05-11 10:44:59,154 [WARN] DetailPanel:346 - Failed to get advertising image, set to default
2026-05-11 10:44:59,155 [FATAL] Updater:351 - Updater called before beeing initialized
2026-05-11 10:44:59,240 [ERROR] Updater:1198 - MainUpdater not yet initialized. External WinMGr cannot be set.
2026-05-11 10:44:59,244 [INFO] Updater:1134 - Updater Version found : 6.14.0
2026-05-11 10:44:59,280 [INFO] ApplicationProperties:184 - Using Application install path: C:\ST\STM32CubeIDE_1.18.0\STM32CubeIDE\plugins\com.st.stm32cube.common.mx_6.14.0.202502271554
2026-05-11 10:44:59,830 [INFO] MainUpdater:2872 - connection check result : 10
2026-05-11 10:44:59,831 [INFO] MainUpdater:289 - Updater Check For Update Now.
2026-05-11 10:44:59,832 [INFO] MicroXplorer:498 - Change Database Version : DB.6.0.140
2026-05-11 10:44:59,845 [INFO] McuFinderGlobals:63 - Set McuFinder mode to 2 (CubeIDE integrated)
2026-05-11 10:44:59,845 [INFO] UserAuth:171 - activating auth plugin
2026-05-11 10:44:59,852 [INFO] UserAuth:486 - Internet connection configuration mode: 1
2026-05-11 10:44:59,910 [INFO] JxBrowserEngine:152 - Initiate JxBrowser Engine with user profile folder
2026-05-11 10:45:00,119 [INFO] CheckServerUpdateThread:120 - End of CheckServer Thread
2026-05-11 10:45:01,728 [INFO] WebApp:169 - Instantiating new browser for Auth
2026-05-11 10:45:02,832 [WARN] PackLoader:240 - Cannot read IP mode file for STMicroelectronics.X-CUBE-AZRTOS-H7.3.5.0
2026-05-11 10:45:02,861 [WARN] PackLoader:240 - Cannot read IP mode file for STMicroelectronics.FP-ATR-ASTRA1.2.0.2
2026-05-11 10:45:02,880 [WARN] PackLoader:240 - Cannot read IP mode file for STMicroelectronics.X-CUBE-SMBUS.2.1.0
2026-05-11 10:45:02,915 [WARN] PackLoader:240 - Cannot read IP mode file for STMicroelectronics.X-CUBE-AZRTOS-F7.1.1.0
2026-05-11 10:45:02,926 [ERROR] Engine:466 - C:\Users\hp\.stm32cubemx\thirdparties\pdsc\STMicroelectronics.FP-SNS-MOTENV1.5.1.0.pdsc: PDSC version is not supported
2026-05-11 10:45:02,934 [ERROR] Engine:466 - C:\Users\hp\.stm32cubemx\thirdparties\pdsc\WES.I-CUBE-Cesium.1.4.0.pdsc: PDSC version is not supported
2026-05-11 10:45:02,952 [WARN] PackLoader:240 - Cannot read IP mode file for STMicroelectronics.X-CUBE-DISPLAY.3.0.0
2026-05-11 10:45:02,977 [WARN] PackLoader:240 - Cannot read IP mode file for STMicroelectronics.X-CUBE-GNSS1.7.1.1
2026-05-11 10:45:02,986 [ERROR] Engine:466 - C:\Users\hp\.stm32cubemx\thirdparties\pdsc\STMicroelectronics.FP-SNS-MOTENVWB1.1.5.0.pdsc: PDSC version is not supported
2026-05-11 10:45:03,000 [WARN] PackLoader:240 - Cannot read IP mode file for STMicroelectronics.X-CUBE-NFC10.1.0.0
2026-05-11 10:45:03,014 [WARN] PackLoader:240 - Cannot read IP mode file for STMicroelectronics.X-CUBE-ST60.1.1.0
2026-05-11 10:45:03,026 [WARN] PackLoader:240 - Cannot read IP mode file for emotas.I-CUBE-CANOPEN.1.3.0
2026-05-11 10:45:03,036 [WARN] PackLoader:240 - Cannot read IP mode file for STMicroelectronics.X-CUBE-GNSS1.7.1.0
2026-05-11 10:45:03,046 [ERROR] Engine:466 - C:\Users\hp\.stm32cubemx\thirdparties\pdsc\STMicroelectronics.FP-SNS-STBOX1.2.1.0.pdsc: PDSC version is not supported
2026-05-11 10:45:03,056 [WARN] PackLoader:240 - Cannot read IP mode file for STMicroelectronics.FP-SNS-SMARTAG2.1.2.0
2026-05-11 10:45:03,064 [WARN] PackLoader:240 - Cannot read IP mode file for STMicroelectronics.FP-SNS-FLIGHT1.5.1.0
2026-05-11 10:45:03,082 [INFO] LogOutputStream:77 - [STDOUT_REDIRECT] 1 : Invalid condition id : UX_CORESTACK_Condition cause : null
2026-05-11 10:45:03,083 [INFO] LogOutputStream:77 - [STDOUT_REDIRECT] 1 : Invalid condition id : UX_CORESTACK_Condition cause : null
2026-05-11 10:45:03,085 [INFO] LogOutputStream:77 - [STDOUT_REDIRECT] 1 : Invalid condition id : UX_CORESTACK_Condition cause : null
2026-05-11 10:45:03,087 [INFO] LogOutputStream:77 - [STDOUT_REDIRECT] 1 : Invalid condition id : UX_CORESTACK_Condition cause : null
2026-05-11 10:45:03,089 [INFO] LogOutputStream:77 - [STDOUT_REDIRECT] 1 : Invalid condition id : UX_CORESTACK_Condition cause : null
2026-05-11 10:45:03,111 [WARN] PackLoader:240 - Cannot read IP mode file for STMicroelectronics.X-CUBE-AZRTOS-WL.2.0.0
2026-05-11 10:45:03,166 [WARN] PackLoader:240 - Cannot read IP mode file for STMicroelectronics.X-CUBE-AZRTOS-H7RS.1.2.0
2026-05-11 10:45:03,186 [WARN] PackLoader:240 - Cannot read IP mode file for STMicroelectronics.X-CUBE-BLE2.3.3.0
2026-05-11 10:45:03,330 [WARN] PackLoader:240 - Cannot read IP mode file for Infineon.AIROC-Wi-Fi-Bluetooth-STM32.1.8.0
2026-05-11 10:45:03,370 [WARN] PackLoader:240 - Cannot read IP mode file for STMicroelectronics.X-CUBE-NFC9.1.0.0
2026-05-11 10:45:03,498 [WARN] PackLoader:240 - Cannot read IP mode file for STMicroelectronics.X-CUBE-BLE1.7.1.0
2026-05-11 10:45:03,524 [WARN] PackLoader:240 - Cannot read IP mode file for wolfSSL.I-CUBE-wolfMQTT.1.19.2
2026-05-11 10:45:03,541 [WARN] PackLoader:240 - Cannot read IP mode file for STMicroelectronics.X-CUBE-EEPRMA1.5.2.0
2026-05-11 10:45:03,583 [WARN] PackLoader:240 - Cannot read IP mode file for wolfSSL.I-CUBE-wolfSSL.5.8.4
2026-05-11 10:45:03,592 [ERROR] Engine:466 - C:\Users\hp\.stm32cubemx\thirdparties\pdsc\STMicroelectronics.FP-SNS-STAIOTCFT.1.1.0.pdsc: PDSC version is not supported
2026-05-11 10:45:03,659 [WARN] PackLoader:240 - Cannot read IP mode file for STMicroelectronics.X-CUBE-MEMS1.12.0.0
2026-05-11 10:45:03,769 [INFO] WebApp:463 - Apply proxy settings
2026-05-11 10:45:03,770 [INFO] WebApp:548 - Chromium requires no authentication
2026-05-11 10:45:03,795 [INFO] WebApp:491 - Direct internet connection detected
2026-05-11 10:45:03,836 [WARN] PackLoader:240 - Cannot read IP mode file for STMicroelectronics.X-CUBE-AZRTOS-G0.1.1.0
2026-05-11 10:45:03,853 [WARN] PackLoader:240 - Cannot read IP mode file for STMicroelectronics.X-CUBE-NFC4.3.0.0
2026-05-11 10:45:03,855 [INFO] WebApp:894 - Register for checkConnection events
2026-05-11 10:45:03,856 [INFO] WebApp:463 - Apply proxy settings
2026-05-11 10:45:03,856 [INFO] WebApp:548 - Chromium requires no authentication
2026-05-11 10:45:03,857 [INFO] WebApp:491 - Direct internet connection detected
2026-05-11 10:45:03,871 [WARN] PackLoader:240 - Cannot read IP mode file for EmbeddedOffice.I-CUBE-FS-RTOS.1.0.1
2026-05-11 10:45:03,890 [WARN] PackLoader:240 - Cannot read IP mode file for wolfSSL.I-CUBE-wolfTPM.3.8.0
2026-05-11 10:45:03,902 [WARN] PackLoader:240 - Cannot read IP mode file for STMicroelectronics.X-CUBE-TCPP.4.2.0
2026-05-11 10:45:03,913 [WARN] PackLoader:240 - Cannot read IP mode file for RealThread.X-CUBE-RT-Thread_Nano.4.1.1
2026-05-11 10:45:03,923 [WARN] PackLoader:240 - Cannot read IP mode file for STMicroelectronics.FP-ATR-SIGFOX1.3.2.0
2026-05-11 10:45:03,929 [ERROR] Engine:466 - C:\Users\hp\.stm32cubemx\thirdparties\pdsc\STMicroelectronics.X-CUBE-FREERTOS.1.5.0.pdsc: PDSC version is not supported
2026-05-11 10:45:03,942 [WARN] PackLoader:240 - Cannot read IP mode file for ITTIA_DB.I-CUBE-ITTIADB.8.9.0
2026-05-11 10:45:03,956 [WARN] PackLoader:240 - Cannot read IP mode file for Cesanta.I-CUBE-Mongoose.7.21.0
2026-05-11 10:45:03,968 [WARN] PackLoader:240 - Cannot read IP mode file for STMicroelectronics.X-CUBE-NFC6.3.2.0
2026-05-11 10:45:03,983 [WARN] PackLoader:240 - Cannot read IP mode file for STMicroelectronics.X-CUBE-AI.10.2.0
2026-05-11 10:45:04,040 [WARN] PackLoader:240 - Cannot read IP mode file for STMicroelectronics.X-CUBE-MEMS1.12.1.0
2026-05-11 10:45:04,191 [WARN] PackLoader:240 - Cannot read IP mode file for SEGGER.I-CUBE-embOS.1.3.1
2026-05-11 10:45:04,238 [WARN] PackLoader:240 - Cannot read IP mode file for STMicroelectronics.X-CUBE-ALGOBUILD.1.4.0
2026-05-11 10:45:04,248 [WARN] PackLoader:240 - Cannot read IP mode file for STMicroelectronics.X-CUBE-PM33A1.1.0.0
2026-05-11 10:45:04,290 [WARN] PackLoader:240 - Cannot read IP mode file for STMicroelectronics.X-CUBE-AZRTOS-F4.1.1.0
2026-05-11 10:45:04,307 [WARN] PackLoader:240 - Cannot read IP mode file for STMicroelectronics.X-CUBE-ISPU.2.1.0
2026-05-11 10:45:04,318 [ERROR] Engine:466 - C:\Users\hp\.stm32cubemx\thirdparties\pdsc\STMicroelectronics.X-CUBE-IPS.3.2.0.pdsc: PDSC version is not supported
2026-05-11 10:45:04,327 [WARN] PackLoader:240 - Cannot read IP mode file for STMicroelectronics.eDS-WB_DPC_TT-BIDIR.2.1.1
2026-05-11 10:45:04,343 [WARN] PackLoader:240 - Cannot read IP mode file for STMicroelectronics.X-CUBE-NFC12.1.0.0
2026-05-11 10:45:04,381 [WARN] PackLoader:240 - Cannot read IP mode file for STMicroelectronics.X-CUBE-AZRTOS-L5.2.0.0
2026-05-11 10:45:04,388 [INFO] WebApp:225 - Starting web application
2026-05-11 10:45:04,389 [INFO] WebApp:593 - Web application path used C:\ST\STM32CubeIDE_1.18.0\STM32CubeIDE\plugins\com.st.stm32cube.common.mx_6.14.0.202502271554\db\plugins\mcufinder\reactClient1\index.html
2026-05-11 10:45:04,395 [WARN] PackLoader:240 - Cannot read IP mode file for STMicroelectronics.eDS-WB_DPC_VIENNA.1.2.0
2026-05-11 10:45:04,421 [WARN] PackLoader:240 - Cannot read IP mode file for STMicroelectronics.eDS-WB_DPC_3PH2L-BIDIR.1.1.1
2026-05-11 10:45:04,430 [ERROR] Engine:466 - C:\Users\hp\.stm32cubemx\thirdparties\pdsc\STMicroelectronics.X-CUBE-ST67W61.1.3.0.pdsc: PDSC version is not supported
2026-05-11 10:45:04,504 [WARN] PackLoader:240 - Cannot read IP mode file for STMicroelectronics.X-CUBE-TOUCHGFX.4.26.1
2026-05-11 10:45:04,529 [WARN] PackLoader:240 - Cannot read IP mode file for STMicroelectronics.FP-SNS-STAIOTCFT.1.0.0
2026-05-11 10:45:04,546 [WARN] PackLoader:240 - Cannot read IP mode file for STMicroelectronics.X-CUBE-DPower.1.3.0
2026-05-11 10:45:04,584 [WARN] ConditionMgr:438 - getConditionDescription Invalid condition id : LAN8742 Phy interface Condition cause : null
2026-05-11 10:45:04,585 [WARN] PackLoader:240 - Cannot read IP mode file for STMicroelectronics.X-CUBE-AZRTOS-L4.2.0.0
2026-05-11 10:45:04,588 [WARN] ConditionMgr:1044 - genDependencies : Invalid condition id : LAN8742 Phy interface Condition cause : null
2026-05-11 10:45:04,589 [WARN] ConditionMgr:1044 - genDependencies : Invalid condition id : LAN8742 Phy interface Condition cause : null
2026-05-11 10:45:04,590 [WARN] ConditionMgr:1044 - genDependencies : Invalid condition id : LAN8742 Phy interface Condition cause : null
2026-05-11 10:45:04,608 [WARN] PackLoader:240 - Cannot read IP mode file for STMicroelectronics.X-CUBE-SFXS2LP1.4.0.0
2026-05-11 10:45:04,623 [WARN] PackLoader:240 - Cannot read IP mode file for STMicroelectronics.X-CUBE-WB05N.2.1.0
2026-05-11 10:45:04,643 [ERROR] Engine:466 - C:\Users\hp\.stm32cubemx\thirdparties\pdsc\STMicroelectronics.X-CUBE-ST67W61.1.2.0.pdsc: PDSC version is not supported
2026-05-11 10:45:04,662 [WARN] PackLoader:240 - Cannot read IP mode file for STMicroelectronics.X-CUBE-BLEMGR.4.1.0
2026-05-11 10:45:04,689 [WARN] ConditionMgr:438 - getConditionDescription Invalid condition id : UX DEVICE CLASS RTOS Condition cause : null
2026-05-11 10:45:04,690 [WARN] ConditionMgr:438 - getConditionDescription Invalid condition id : UX DEVICE CLASS RTOS Condition cause : null
2026-05-11 10:45:04,693 [WARN] PackLoader:240 - Cannot read IP mode file for STMicroelectronics.X-CUBE-AZRTOS-WB.2.0.0
2026-05-11 10:45:04,694 [WARN] ConditionMgr:1044 - genDependencies : Invalid condition id : UX DEVICE CLASS RTOS Condition cause : null
2026-05-11 10:45:04,695 [WARN] ConditionMgr:1044 - genDependencies : Invalid condition id : UX DEVICE CLASS RTOS Condition cause : null
2026-05-11 10:45:04,696 [WARN] ConditionMgr:1044 - genDependencies : Invalid condition id : UX DEVICE CLASS RTOS Condition cause : null
2026-05-11 10:45:04,696 [WARN] ConditionMgr:1044 - genDependencies : Invalid condition id : UX DEVICE CLASS RTOS Condition cause : null
2026-05-11 10:45:04,697 [WARN] ConditionMgr:1044 - genDependencies : Invalid condition id : UX DEVICE CLASS RTOS Condition cause : null
2026-05-11 10:45:04,710 [WARN] ConditionMgr:438 - getConditionDescription Invalid condition id : Cortex-A Device cause : null
2026-05-11 10:45:04,735 [WARN] ConditionMgr:1044 - genDependencies : Invalid condition id : Cortex-A Device cause : null
2026-05-11 10:45:04,735 [WARN] ConditionMgr:1044 - genDependencies : Invalid condition id : Cortex-A Device cause : null
2026-05-11 10:45:04,736 [WARN] ConditionMgr:1044 - genDependencies : Invalid condition id : Cortex-A Device cause : null
2026-05-11 10:45:04,753 [WARN] PackLoader:240 - Cannot read IP mode file for STMicroelectronics.X-CUBE-STSE01.2.0.0
2026-05-11 10:45:04,775 [WARN] PackLoader:240 - Cannot read IP mode file for STMicroelectronics.X-CUBE-SUBG2.5.0.0
2026-05-11 10:45:04,808 [WARN] PackLoader:240 - Cannot read IP mode file for STMicroelectronics.X-CUBE-AZRTOS-G4.2.0.0
2026-05-11 10:45:04,827 [WARN] PackLoader:240 - Cannot read IP mode file for wolfSSL.I-CUBE-wolfSSH.1.4.20
2026-05-11 10:45:04,838 [WARN] PackLoader:240 - Cannot read IP mode file for STMicroelectronics.X-CUBE-NFC7.2.0.0
2026-05-11 10:45:04,850 [WARN] PackLoader:240 - Cannot read IP mode file for STMicroelectronics.X-CUBE-ALS.1.0.2
2026-05-11 10:45:04,866 [INFO] WebApp:191 - Connection restablished
2026-05-11 10:45:04,876 [WARN] PackLoader:240 - Cannot read IP mode file for STMicroelectronics.X-CUBE-TOF1.3.4.3
2026-05-11 10:45:04,912 [INFO] ThirdParty:978 - Integrity check success = true
2026-05-11 10:45:04,913 [INFO] IntegrityCheckThread:100 - exiting critical section [integrity check]
2026-05-11 10:45:04,913 [INFO] IntegrityCheckThread:103 - End integrity checks thread
2026-05-11 11:00:30,925 [INFO] McuFinderGlobals:63 - Set McuFinder mode to 2 (CubeIDE integrated)
2026-05-11 11:00:33,913 [INFO] MainUpdater:2872 - connection check result : 10
2026-05-11 11:00:34,247 [INFO] MainUpdater:2872 - connection check result : 10
2026-05-11 11:00:50,041 [INFO] MicroXplorer:468 - Change Database Path : 
2026-05-11 11:00:50,255 [INFO] MicroXplorer:498 - Change Database Version : DB.6.0.140
2026-05-11 11:00:55,377 [WARN] ThirdParty:871 - waiting for thirdparty lock release [close project]
2026-05-11 11:00:55,403 [INFO] ThirdParty:873 - entering critical section [close project]
2026-05-11 11:00:57,569 [INFO] ThirdParty:883 - exiting critical section [close project]
2026-05-11 11:00:59,612 [INFO] PinOutPanel:1589 - setPackage(No Configuration,No Configuration)
2026-05-11 11:01:03,309 [INFO] UtilMem:75 - Begin LoadConfig() Used Memory: 775029528 Bytes (1073741824)
2026-05-11 11:01:04,413 [INFO] MicroXplorer:468 - Change Database Path : 
2026-05-11 11:01:04,413 [INFO] MicroXplorer:498 - Change Database Version : DB.6.0.140
2026-05-11 11:01:04,494 [INFO] OpenFileManager:354 - Change cursor
2026-05-11 11:01:16,600 [INFO] Mcu:2011 - Initializing MCU STM32F407V(E-G)Tx STM32F407VGTx STM32F407VGT6
2026-05-11 11:04:42,004 [INFO] Context:756 - Trying to add GPIOservice into a context  which must be forbidden
2026-05-11 11:04:55,054 [INFO] ImportTextPane:218 - (OptionalMessage_ERROR) Pin35 (VP_RIF_VS_RIF1) cannot be retrieved for this MCU
2026-05-11 11:04:59,737 [INFO] RtosManager:558 - Registered RTOS mode: class=CMSIS, group=RTOS, mode=CMSIS_V1, owner=FREERTOS
2026-05-11 11:04:59,737 [INFO] RtosManager:558 - Registered RTOS mode: class=CMSIS, group=RTOS2, mode=CMSIS_V2, owner=FREERTOS
2026-05-11 11:04:59,737 [INFO] RtosManager:558 - Registered RTOS mode: class=RTOS, group=Core, mode=CMSIS_V1, owner=FREERTOS
2026-05-11 11:04:59,738 [INFO] RtosManager:558 - Registered RTOS mode: class=RTOS, group=Core, mode=CMSIS_V2, owner=FREERTOS
2026-05-11 11:04:59,738 [WARN] ModelIntegratedComponent:184 - Missing modes for component STMicroelectronics:FreeRTOS:0.0.1:STMicroelectronics:RTOS:FreeRTOS:Core:::10.2.0:
2026-05-11 11:05:00,121 [WARN] ModelIntegratedComponent:63 - No mode defined for component null
2026-05-11 11:05:00,121 [WARN] ModelIntegratedComponent:63 - No mode defined for component null
2026-05-11 11:05:00,121 [WARN] ModelIntegratedComponent:63 - No mode defined for component null
2026-05-11 11:05:00,121 [WARN] ModelIntegratedComponent:63 - No mode defined for component null
2026-05-11 11:05:00,122 [WARN] ModelIntegratedComponent:63 - No mode defined for component null
2026-05-11 11:05:00,122 [WARN] ModelIntegratedComponent:63 - No mode defined for component null
2026-05-11 11:05:00,122 [WARN] ModelIntegratedComponent:63 - No mode defined for component null
2026-05-11 11:05:00,122 [WARN] ModelIntegratedComponent:63 - No mode defined for component null
2026-05-11 11:05:00,122 [WARN] ModelIntegratedComponent:63 - No mode defined for component null
2026-05-11 11:05:00,123 [WARN] ModelIntegratedComponent:63 - No mode defined for component null
2026-05-11 11:05:00,123 [WARN] ModelIntegratedComponent:63 - No mode defined for component null
2026-05-11 11:05:00,123 [WARN] ModelIntegratedComponent:63 - No mode defined for component null
2026-05-11 11:05:00,123 [WARN] ModelIntegratedComponent:63 - No mode defined for component null
2026-05-11 11:05:00,123 [WARN] ModelIntegratedComponent:63 - No mode defined for component null
2026-05-11 11:05:00,123 [WARN] ModelIntegratedComponent:63 - No mode defined for component null
2026-05-11 11:05:00,123 [WARN] ModelIntegratedComponent:63 - No mode defined for component null
2026-05-11 11:05:00,123 [WARN] ModelIntegratedComponent:63 - No mode defined for component null
2026-05-11 11:05:00,124 [WARN] ModelIntegratedComponent:63 - No mode defined for component null
2026-05-11 11:05:00,124 [WARN] ModelIntegratedComponent:63 - No mode defined for component null
2026-05-11 11:05:00,124 [WARN] ModelIntegratedComponent:63 - No mode defined for component null
2026-05-11 11:05:00,124 [WARN] ModelIntegratedComponent:63 - No mode defined for component null
2026-05-11 11:05:00,124 [WARN] ModelIntegratedComponent:63 - No mode defined for component null
2026-05-11 11:05:00,124 [WARN] ModelIntegratedComponent:63 - No mode defined for component null
2026-05-11 11:05:00,124 [WARN] ModelIntegratedComponent:63 - No mode defined for component null
2026-05-11 11:05:00,124 [WARN] ModelIntegratedComponent:63 - No mode defined for component null
2026-05-11 11:05:00,124 [WARN] ModelIntegratedComponent:63 - No mode defined for component null
2026-05-11 11:05:00,125 [WARN] ModelIntegratedComponent:63 - No mode defined for component null
2026-05-11 11:05:00,125 [WARN] ModelIntegratedComponent:63 - No mode defined for component null
2026-05-11 11:05:00,125 [WARN] ModelIntegratedComponent:63 - No mode defined for component null
2026-05-11 11:05:00,125 [WARN] ModelIntegratedComponent:63 - No mode defined for component null
2026-05-11 11:05:00,125 [WARN] ModelIntegratedComponent:63 - No mode defined for component null
2026-05-11 11:05:00,125 [WARN] ModelIntegratedComponent:63 - No mode defined for component null
2026-05-11 11:05:00,126 [WARN] ModelIntegratedComponent:63 - No mode defined for component null
2026-05-11 11:05:00,126 [WARN] ModelIntegratedComponent:63 - No mode defined for component null
2026-05-11 11:05:00,126 [WARN] ModelIntegratedComponent:63 - No mode defined for component null
2026-05-11 11:05:00,137 [WARN] ModelPack:524 - Component already loaded: STMicroelectronics:HAL Drivers:0.0.0:STMicroelectronics:Device:STMicro_Driver:XSPI:HAL::0.0.1:HAL_XSPI
2026-05-11 11:05:00,928 [INFO] ThirdPartyModel:298 - Start build external matchings
2026-05-11 11:05:01,431 [INFO] ThirdPartyModel:316 - End build external matchings
2026-05-11 11:05:01,733 [INFO] ImportTextPane:218 - (OptionalMessage_ERROR) IP (RCC) : Parameter (RTCHSEDivFreq_Value) has invalid value (4000000)
2026-05-11 11:05:10,847 [INFO] ApiDb:581 - Connected to CubeFinder SQLite database (C:\Users\hp\.stmcufinder\plugins\mcufinder\mcu\cube-finder-db.db)
2026-05-11 11:05:11,281 [INFO] ApiDb:668 - CubeFinder database Data Model version=2.1
2026-05-11 11:05:11,282 [INFO] ApiDb:669 - CubeFinder database Configuration version=3.0.42
2026-05-11 11:05:11,642 [INFO] ApiDb:670 - CubeFinder database generation date=2026-03-11 (1773229989)
2026-05-11 11:05:11,642 [INFO] ApiDb:671 - CubeFinder database FW Pack versions=[FP-ATR-ASTRA1_V2.0.0, FP-SNS-FLIGHT1_V5.1.0, FP-SNS-MOTENV1_V5.1.0, FP-SNS-MOTENVWB1_V1.5.0, FP-SNS-SMARTAG2_V1.2.0, FP-SNS-STBOX1_V2.1.0, STM32Cube_FW_C0_V1.4.0, STM32Cube_FW_F4_V1.28.3, STM32Cube_FW_F7_V1.17.4, STM32Cube_FW_G0_V1.6.3, STM32Cube_FW_G4_V1.6.2, STM32Cube_FW_H5_V1.6.0, STM32Cube_FW_H7RS_V1.3.0, STM32Cube_FW_H7_V1.13.0, STM32Cube_FW_L0_V1.12.2, STM32Cube_FW_L4_V1.18.2, STM32Cube_FW_L5_V1.6.0, STM32Cube_FW_N6_V1.3.0, STM32Cube_FW_U0_V1.3.0, STM32Cube_FW_U3_V1.3.0, STM32Cube_FW_U5_V1.8.0, STM32Cube_FW_WB0_V1.4.0, STM32Cube_FW_WBA_V1.9.0, STM32Cube_FW_WB_V1.24.0, STM32Cube_FW_WL3_V1.4.0, STM32Cube_FW_WL_V1.5.0, X-CUBE-ALGOBUILD_V1.4.0, X-CUBE-ALS_V1.0.2, X-CUBE-AZRTOS-F4_V1.1.0, X-CUBE-AZRTOS-F7_V1.1.0, X-CUBE-AZRTOS-G0_V1.1.0, X-CUBE-AZRTOS-G4_V2.0.0, X-CUBE-AZRTOS-H7RS_V1.1.0, X-CUBE-AZRTOS-H7_V3.4.0, X-CUBE-AZRTOS-L4_V2.0.0, X-CUBE-AZRTOS-L5_V2.0.0, X-CUBE-AZRTOS-WB_V2.0.0, X-CUBE-AZRTOS-WL_V2.0.0, X-CUBE-BLE1_V7.1.0, X-CUBE-BLE2_V3.3.0, X-CUBE-BLEMGR_V4.1.0, X-CUBE-EEPRMA1_V5.2.0, X-CUBE-FREERTOS_V1.5.0, X-CUBE-GNSS1_V6.0.0, X-CUBE-MEMS1_V12.0.0, X-CUBE-NFC4_V3.0.0, X-CUBE-NFC7_V2.0.0, X-CUBE-SFXS2LP1_V4.0.0, X-CUBE-ST67W61_V1.2.0, X-CUBE-SUBG2_V5.0.0, X-CUBE-TOF1_V3.4.3]
2026-05-11 11:05:13,255 [INFO] DbBoardsSqlite:226 - include board P-NUCLEO-WB55-NUCLEO as a kit item of type 'Nucleo-64'
2026-05-11 11:05:13,255 [INFO] DbBoardsSqlite:226 - include board P-NUCLEO-WB55-USBDONGLE as a kit item of type 'Nucleo USB Dongle'
2026-05-11 11:05:13,259 [INFO] DbBoardsSqlite:226 - include board STEVAL-IDP005V1 as a kit item of type 'Evaluation Board'
2026-05-11 11:05:13,261 [INFO] DbBoardsSqlite:226 - include board STEVAL-IDP005V2 as a kit item of type 'Evaluation Board'
2026-05-11 11:05:16,984 [INFO] ApiDb:240 - Found 895 in-development CPN: [B-G473E-ZEST1S, B-WB1M-WPAN1, B-WBA5M-WPAN, B-WL5M-SUBG1, NUCLEO-C031C6, NUCLEO-C051C8, NUCLEO-C071RB, NUCLEO-C092RC, NUCLEO-H503RB, NUCLEO-H533RE, NUCLEO-H563ZI, NUCLEO-H7S3L8, NUCLEO-N657X0-Q, NUCLEO-U031R8, NUCLEO-U083RC, NUCLEO-U385RG-Q, NUCLEO-U545RE-Q, NUCLEO-U5A5ZJ-Q, NUCLEO-WB05KZ, NUCLEO-WB07CC, NUCLEO-WB09KE, NUCLEO-WBA52CG, NUCLEO-WBA55CG, NUCLEO-WBA65RI, NUCLEO-WL33CC1, NUCLEO-WL33CC2, STEVAL-PROTEUS1, STEVAL-SMARTAG2, STEVAL-STWINBX1, STM320518-EVAL, STM32C0116-DK, STM32C011D6Y3TR, STM32C011D6Y6TR, STM32C011F4P3, STM32C011F4P6, STM32C011F4U3, STM32C011F4U6TR, STM32C011F6P3, STM32C011F6P6, STM32C011F6U3, STM32C011F6U6TR, STM32C011J4M3, STM32C011J4M6, STM32C011J6M3, STM32C011J6M6, STM32C0316-DK, STM32C031C4T3, STM32C031C4T6, STM32C031C4U3, STM32C031C4U6, STM32C031C6T3, STM32C031C6T6, STM32C031C6U3, STM32C031C6U6, STM32C031F4P3, STM32C031F4P6, STM32C031F6P3, STM32C031F6P6, STM32C031G4U3, STM32C031G4U6, STM32C031G6U3, STM32C031G6U6, STM32C031K4T3, STM32C031K4T6, STM32C031K4U3, STM32C031K4U6, STM32C031K6T3, STM32C031K6T6, STM32C031K6U3, STM32C031K6U6, STM32C051C6T6, STM32C051C6U6, STM32C051C8T6, STM32C051C8U6, STM32C051D8Y6TR, STM32C051F6P6, STM32C051F8P6, STM32C051G6U6, STM32C051G8U6, STM32C051K6T6, STM32C051K6U6, STM32C051K8T6, STM32C071C8T6, STM32C071C8T6N, STM32C071C8U6, STM32C071C8U6N, STM32C071CBT6, STM32C071CBT6N, STM32C071CBU6, STM32C071CBU6N, STM32C071F8P6, STM32C071F8P6N, STM32C071FBP6, STM32C071FBP6N, STM32C071FBY6TR, STM32C071G8U6, STM32C071G8U6N, STM32C071GBU6, STM32C071GBU6N, STM32C071K8T6, STM32C071K8T6N, STM32C071K8U6, STM32C071K8U6N, STM32C071KBT6, STM32C071KBT6N, STM32C071KBU6, STM32C071KBU6N, STM32C071R8T6, STM32C071R8T6N, STM32C071RBI6N, STM32C071RBT6, STM32C071RBT6N, STM32C091CBT6, STM32C091CBU6, STM32C091CCT6, STM32C091CCU6, STM32C091ECY6TR, STM32C091FBP6, STM32C091FCP6, STM32C091GBU6, STM32C091GCU6, STM32C091KBT6, STM32C091KBU6, STM32C091KCT6, STM32C091KCU6, STM32C091RBT6, STM32C091RCI6, STM32C091RCT6, STM32C092CBT6, STM32C092CBU6, STM32C092CCT6, STM32C092CCU6, STM32C092ECY6TR, STM32C092FBP6, STM32C092FCP6, STM32C092GBU6, STM32C092GCU6, STM32C092KBT6, STM32C092KBU6, STM32C092KCT6, STM32C092KCU6, STM32C092RBT6, STM32C092RCI6, STM32C092RCT6, STM32G071K8TXN, STM32G071K8UXN, STM32G081GBU6N, STM32G081KBT6N, STM32G081KBUXN, STM32G0B1CCT6N, STM32G0B1KCT6, STM32G0B1NEY6TR, STM32G0B1RCT6N, STM32G0C1CCT6, STM32G0C1CCT6N, STM32G0C1CCU6N, STM32G0C1CET6N, STM32G0C1CEU6N, STM32G0C1KCT6, STM32G0C1NEY6TR, STM32G0C1RCI6N, STM32G0C1RCT6N, STM32G0C1REI6N, STM32G0C1RET6N, STM32G0C1VCI6, STM32G0C1VEI6, STM32G411C6T3, STM32G411C6T6, STM32G411C6U3, STM32G411C6U6, STM32G411C8T3, STM32G411C8T6, STM32G411C8U3, STM32G411C8U6, STM32G411CBT3, STM32G411CBT6, STM32G411CBU3, STM32G411CBU6, STM32G411CCT3, STM32G411CCT6, STM32G411CCU3, STM32G411CCU6, STM32G411K6T3, STM32G411K6T6, STM32G411K6U3, STM32G411K6U6, STM32G411K8T3, STM32G411K8T6, STM32G411K8U3, STM32G411K8U6, STM32G411KBT3, STM32G411KBT6, STM32G411KBU3, STM32G411KBU6, STM32G411M6T3, STM32G411M6T6, STM32G411M8T3, STM32G411M8T6, STM32G411MBT3, STM32G411MBT6, STM32G411MCT3, STM32G411MCT6, STM32G411R6T3, STM32G411R6T6, STM32G411R8T3, STM32G411R8T6, STM32G411RBT3, STM32G411RBT6, STM32G411RCT3, STM32G411RCT6, STM32G414CBT3, STM32G414CBT6, STM32G414CBU3, STM32G414CBU6, STM32G414CCT3, STM32G414CCT6, STM32G414CCU3, STM32G414CCU6, STM32G414MBT3, STM32G414MBT6, STM32G414MCT3, STM32G414MCT6, STM32G414RBT3, STM32G414RBT6, STM32G414RCT3, STM32G414RCT6, STM32G414VBT3, STM32G414VBT6, STM32G414VCT3, STM32G414VCT6, STM32G431CBT3Z, STM32G431RBT3Z, STM32G471CCT6, STM32G471CCU6, STM32G471CET3, STM32G471CET6, STM32G471CEU3, STM32G471CEU6, STM32G471MCT6, STM32G471MET3, STM32G471MET6, STM32G471MEY6TR, STM32G471QCT6, STM32G471QET3, STM32G471RCT6, STM32G471RET3, STM32G471RET6, STM32G471VCH6, STM32G471VCI6, STM32G471VCT6, STM32G471VEH3, STM32G471VEH6, STM32G471VEI3, STM32G471VEI6, STM32G471VET3, STM32G471VET6, STM32G473QET3Z, STM32G473RET3Z, STM32G474CCT6, STM32G491RET3Z, STM32H503CBT6, STM32H503CBU6, STM32H503EBY6TR, STM32H503KBU6, STM32H503RBT6, STM32H523CCT6, STM32H523CCU6, STM32H523CET6, STM32H523CEU6, STM32H523HEY6TR, STM32H523RCT6, STM32H523RET6, STM32H523VCI6, STM32H523VCT6, STM32H523VEI6, STM32H523VET6, STM32H523ZCJ6, STM32H523ZCT6, STM32H523ZEJ6, STM32H523ZET6, STM32H533CET6, STM32H533CEU6, STM32H533HEY6TR, STM32H533RET6, STM32H533VEI6, STM32H533VET6, STM32H533ZEJ6, STM32H533ZET6, STM32H562AGI6, STM32H562AII6, STM32H562IGK6, STM32H562IGT6, STM32H562IIK6, STM32H562IIT6, STM32H562RGT6, STM32H562RGV6, STM32H562RIT6, STM32H562RIV6, STM32H562VGT6, STM32H562VIT6, STM32H562ZGT6, STM32H562ZIT6, STM32H563AGI6, STM32H563AII3Q, STM32H563AII6, STM32H563IGK6, STM32H563IGT6, STM32H563IIK3Q, STM32H563IIK6, STM32H563IIT3Q, STM32H563IIT6, STM32H563MIY3QTR, STM32H563RGT6, STM32H563RGV6, STM32H563RIT6, STM32H563RIV6, STM32H563VGT6, STM32H563VIT3Q, STM32H563VIT6, STM32H563ZGT6, STM32H563ZIT3Q, STM32H563ZIT6, STM32H573AII3Q, STM32H573AII6, STM32H573I-DK, STM32H573IIK3Q, STM32H573IIK6, STM32H573IIT3Q, STM32H573IIT6, STM32H573MIY3QTR, STM32H573RIT6, STM32H573RIV6, STM32H573VIT3Q, STM32H573VIT6, STM32H573ZIT3Q, STM32H573ZIT6, STM32H7R3A8I6, STM32H7R3I8K6, STM32H7R3I8T6, STM32H7R3L8H6, STM32H7R3L8H6H, STM32H7R3R8V6, STM32H7R3V8H6, STM32H7R3V8T6, STM32H7R3V8Y6TR, STM32H7R3Z8J6, STM32H7R3Z8T6, STM32H7R7A8I6, STM32H7R7I8K6, STM32H7R7I8T6, STM32H7R7L8H6, STM32H7R7L8H6H, STM32H7R7Z8J6, STM32H7S3A8I6, STM32H7S3I8K6, STM32H7S3I8T6, STM32H7S3L8H6, STM32H7S3L8H6H, STM32H7S3R8V6, STM32H7S3V8H6, STM32H7S3V8T6, STM32H7S3V8Y6TR, STM32H7S3Z8J6, STM32H7S3Z8T6, STM32H7S78-DK, STM32H7S7A8I6, STM32H7S7I8K6, STM32H7S7I8T6, STM32H7S7L8H6, STM32H7S7L8H6H, STM32H7S7Z8J6, STM32L4R5QGI6STR, STM32MP131AAE3, STM32MP131AAF3, STM32MP131AAG3, STM32MP131CAE3, STM32MP131CAF3, STM32MP131CAG3, STM32MP131DAE7, STM32MP131DAF7, STM32MP131DAG7, STM32MP131FAE7, STM32MP131FAF7, STM32MP131FAG7, STM32MP133AAE3, STM32MP133AAF3, STM32MP133AAG3, STM32MP133CAE3, STM32MP133CAF3, STM32MP133CAG3, STM32MP133DAE7, STM32MP133DAF7, STM32MP133DAG7, STM32MP133FAE7, STM32MP133FAF7, STM32MP133FAG7, STM32MP135AAE3, STM32MP135AAF3, STM32MP135AAG3, STM32MP135CAE3, STM32MP135CAF3, STM32MP135CAG3, STM32MP135DAE7, STM32MP135DAF7, STM32MP135DAG7, STM32MP135F-DK, STM32MP135FAE7, STM32MP135FAF7, STM32MP135FAF7T, STM32MP135FAF7U, STM32MP135FAG7, STM32MP231AAJ3, STM32MP231AAK3, STM32MP231AAL3, STM32MP231CAJ3, STM32MP231CAK3, STM32MP231CAL3, STM32MP231DAJ3, STM32MP231DAK3, STM32MP231DAL3, STM32MP231FAJ3, STM32MP231FAK3, STM32MP231FAL3, STM32MP233AAJ3, STM32MP233AAK3, STM32MP233AAL3, STM32MP233CAJ3, STM32MP233CAK3, STM32MP233CAL3, STM32MP233DAJ3, STM32MP233DAK3, STM32MP233DAL3, STM32MP233FAJ3, STM32MP233FAK3, STM32MP233FAL3, STM32MP235AAJ3, STM32MP235AAK3, STM32MP235AAL3, STM32MP235CAJ3, STM32MP235CAK3, STM32MP235CAL3, STM32MP235DAJ3, STM32MP235DAK3, STM32MP235DAL3, STM32MP235FAJ3, STM32MP235FAK3, STM32MP235FAL3, STM32MP251AAI3, STM32MP251AAJ3, STM32MP251AAK3, STM32MP251AAL3, STM32MP251CAI3, STM32MP251CAJ3, STM32MP251CAK3, STM32MP251CAL3, STM32MP251DAI3, STM32MP251DAJ3, STM32MP251DAK3, STM32MP251DAL3, STM32MP251FAI3, STM32MP251FAJ3, STM32MP251FAK3, STM32MP251FAL3, STM32MP253AAI3, STM32MP253AAJ3, STM32MP253AAK3, STM32MP253AAL3, STM32MP253CAI3, STM32MP253CAJ3, STM32MP253CAK3, STM32MP253CAL3, STM32MP253DAI3, STM32MP253DAJ3, STM32MP253DAK3, STM32MP253DAL3, STM32MP253FAI3, STM32MP253FAJ3, STM32MP253FAK3, STM32MP253FAL3, STM32MP255AAI3, STM32MP255AAJ3, STM32MP255AAK3, STM32MP255AAL3, STM32MP255CAI3, STM32MP255CAJ3, STM32MP255CAK3, STM32MP255CAL3, STM32MP255DAI3, STM32MP255DAJ3, STM32MP255DAK3, STM32MP255DAL3, STM32MP255FAI3, STM32MP255FAJ3, STM32MP255FAK3, STM32MP255FAL3, STM32MP257AAI3, STM32MP257AAJ3, STM32MP257AAK3, STM32MP257AAL3, STM32MP257CAI3, STM32MP257CAJ3, STM32MP257CAK3, STM32MP257CAL3, STM32MP257DAI3, STM32MP257DAJ3, STM32MP257DAK3, STM32MP257DAL3, STM32MP257F-DK, STM32MP257F-EV1, STM32MP257FAI3, STM32MP257FAJ3, STM32MP257FAK3, STM32MP257FAL3, STM32N645A0H3Q, STM32N645B0H3Q, STM32N645I0H3Q, STM32N645L0H3Q, STM32N645X0H3Q, STM32N645Z0H3Q, STM32N647A0H3Q, STM32N647B0H3Q, STM32N647I0H3Q, STM32N647L0H3Q, STM32N647X0H3Q, STM32N647Z0H3Q, STM32N655A0H3Q, STM32N655B0H3Q, STM32N655I0H3Q, STM32N655L0H3Q, STM32N655X0H3Q, STM32N655Z0H3Q, STM32N6570-DK, STM32N657A0H3Q, STM32N657B0H3Q, STM32N657I0H3Q, STM32N657L0H3Q, STM32N657X0H3Q, STM32N657Z0H3Q, STM32U031C6T6, STM32U031C6U6, STM32U031C8T6, STM32U031C8U6, STM32U031F4P6, STM32U031F6P6, STM32U031F8P6, STM32U031G6Y6TR, STM32U031G8Y6TR, STM32U031K4U6, STM32U031K6U6, STM32U031K8U6, STM32U031R6I6, STM32U031R6T6, STM32U031R8I6, STM32U031R8T6, STM32U073C8T6, STM32U073C8U6, STM32U073CBT6, STM32U073CBU6, STM32U073CCT6, STM32U073CCU6, STM32U073H8Y6TR, STM32U073HBY6TR, STM32U073HCY6TR, STM32U073K8U6, STM32U073KBU6, STM32U073KCU6, STM32U073M8I6, STM32U073M8T6, STM32U073MBI6, STM32U073MBT6, STM32U073MCI6, STM32U073MCT6, STM32U073R8I6, STM32U073R8T6, STM32U073RBI6, STM32U073RBT6, STM32U073RCI6, STM32U073RCT6, STM32U083C-DK, STM32U083CCT6, STM32U083CCU6, STM32U083HCY6TR, STM32U083KCU6, STM32U083MCI6, STM32U083MCT6, STM32U083RCI6, STM32U083RCT6, STM32U375CET6, STM32U375CET6Q, STM32U375CEU6, STM32U375CEU6Q, STM32U375CEY6QTR, STM32U375CGT6, STM32U375CGT6Q, STM32U375CGU6, STM32U375CGU6Q, STM32U375CGY6QTR, STM32U375KEU6, STM32U375KGU6, STM32U375REI6, STM32U375REI6Q, STM32U375RET6, STM32U375RET6Q, STM32U375REY6GTR, STM32U375REY6QTR, STM32U375RGI6, STM32U375RGI6Q, STM32U375RGT6, STM32U375RGT6Q, STM32U375RGY6GTR, STM32U375RGY6QTR, STM32U375VEI6, STM32U375VEI6Q, STM32U375VET6, STM32U375VET6Q, STM32U375VGI6, STM32U375VGI6Q, STM32U375VGT6, STM32U375VGT6Q, STM32U385CGT6, STM32U385CGT6Q, STM32U385CGU6, STM32U385CGU6Q, STM32U385CGY6QTR, STM32U385KGU6, STM32U385RGI6, STM32U385RGI6Q, STM32U385RGT6, STM32U385RGT6Q, STM32U385RGY6GTR, STM32U385RGY6QTR, STM32U385VGI6, STM32U385VGI6Q, STM32U385VGT6, STM32U385VGT6Q, STM32U535CBT6, STM32U535CBT6Q, STM32U535CBU6, STM32U535CBU6Q, STM32U535CCT6, STM32U535CCT6Q, STM32U535CCU6, STM32U535CCU6Q, STM32U535CET6, STM32U535CET6Q, STM32U535CEU6, STM32U535CEU6Q, STM32U535JEY6QTR, STM32U535NCY6QTR, STM32U535NEY6QTR, STM32U535RBI6, STM32U535RBI6Q, STM32U535RBT6, STM32U535RBT6Q, STM32U535RCI6, STM32U535RCI6Q, STM32U535RCT6, STM32U535RCT6Q, STM32U535REI6, STM32U535REI6Q, STM32U535RET6, STM32U535RET6Q, STM32U535VCI6, STM32U535VCI6Q, STM32U535VCT6, STM32U535VCT6Q, STM32U535VEI6, STM32U535VEI6Q, STM32U535VET6, STM32U535VET6Q, STM32U545CET6, STM32U545CET6Q, STM32U545CEU6, STM32U545CEU6Q, STM32U545JEY6QTR, STM32U545NEY6QTR, STM32U545REI6, STM32U545REI6Q, STM32U545RET6, STM32U545RET6Q, STM32U545VEI6, STM32U545VEI6Q, STM32U545VET6, STM32U545VET6Q, STM32U595AIH6, STM32U595AIH6Q, STM32U595AJH6, STM32U595AJH6Q, STM32U595QII6, STM32U595QII6Q, STM32U595QJI6, STM32U595QJI6Q, STM32U595RIT6, STM32U595RIT6Q, STM32U595RJT6, STM32U595RJT6Q, STM32U595VIT6, STM32U595VIT6Q, STM32U595VJT6, STM32U595VJT6Q, STM32U595ZIT6, STM32U595ZIT6Q, STM32U595ZIY6QTR, STM32U595ZJT6, STM32U595ZJT6Q, STM32U595ZJY6QTR, STM32U599BJY6QTR, STM32U599NIH6Q, STM32U599NJH6Q, STM32U599VIT6Q, STM32U599VJT6, STM32U599VJT6Q, STM32U599ZIT6Q, STM32U599ZIY6QTR, STM32U599ZJT6Q, STM32U599ZJY6QTR, STM32U5A5AJH6, STM32U5A5AJH6Q, STM32U5A5QII3Q , STM32U5A5QJI6, STM32U5A5QJI6Q, STM32U5A5RJT6, STM32U5A5RJT6Q, STM32U5A5VJT6, STM32U5A5VJT6Q, STM32U5A5ZJT6, STM32U5A5ZJT6Q, STM32U5A5ZJY6QTR, STM32U5A9BJY6QTR, STM32U5A9J-DK, STM32U5A9NJH6Q, STM32U5A9VJT6Q, STM32U5A9ZJT6Q, STM32U5A9ZJY6QTR, STM32U5F7VIT6, STM32U5F7VIT6Q, STM32U5F7VJT6, STM32U5F7VJT6Q, STM32U5F9BJY6QTR, STM32U5F9NJH6Q, STM32U5F9VIT6Q, STM32U5F9VJT6Q, STM32U5F9ZIJ6QTR, STM32U5F9ZIT6Q, STM32U5F9ZJJ6QTR, STM32U5F9ZJT6Q, STM32U5G7VJT6, STM32U5G7VJT6Q, STM32U5G9BJY6QTR, STM32U5G9J-DK1, STM32U5G9J-DK2, STM32U5G9NJH6Q, STM32U5G9VJT6Q, STM32U5G9ZJJ6QTR, STM32U5G9ZJT6Q, STM32WB05KZV6TR, STM32WB05KZV7TR, STM32WB05TZF6TR, STM32WB05TZF7TR, STM32WB06CCF6TR, STM32WB06CCF7TR, STM32WB06CCV6TR, STM32WB06CCV7TR, STM32WB06KCV6TR, STM32WB06KCV7TR, STM32WB07CCF6TR, STM32WB07CCF7TR, STM32WB07CCV6TR, STM32WB07CCV7TR, STM32WB07KCV6TR, STM32WB07KCV7TR, STM32WB09KEV6TR, STM32WB09KEV7TR, STM32WB09TEF6TR, STM32WB09TEF7TR, STM32WB1MMCH6, STM32WBA50KGU6, STM32WBA50KGU6TR, STM32WBA52CEU6, STM32WBA52CEU6TR, STM32WBA52CEU7, STM32WBA52CEU7TR, STM32WBA52CGU6, STM32WBA52CGU6TR, STM32WBA52CGU6U, STM32WBA52CGU7, STM32WBA52CGU7TR, STM32WBA52KEU6, STM32WBA52KEU6TR, STM32WBA52KGU6, STM32WBA52KGU6TR, STM32WBA54CEU6, STM32WBA54CEU6TR, STM32WBA54CEU7, STM32WBA54CEU7TR, STM32WBA54CGU6, STM32WBA54CGU6TR, STM32WBA54CGU7, STM32WBA54CGU7TR, STM32WBA54KEU6, STM32WBA54KEU6TR, STM32WBA54KEU7, STM32WBA54KEU7TR, STM32WBA54KGU6, STM32WBA54KGU6TR, STM32WBA54KGU7, STM32WBA54KGU7TR, STM32WBA55CEU6, STM32WBA55CEU6TR, STM32WBA55CEU7, STM32WBA55CEU7TR, STM32WBA55CGU6, STM32WBA55CGU6TR, STM32WBA55CGU6U, STM32WBA55CGU7, STM32WBA55CGU7TR, STM32WBA55G-DK1, STM32WBA55HEF6, STM32WBA55HEF7, STM32WBA55HGF6, STM32WBA55HGF7, STM32WBA55UEI6, STM32WBA55UEI6TR, STM32WBA55UEI7, STM32WBA55UEI7TR, STM32WBA55UGI6, STM32WBA55UGI6TR, STM32WBA55UGI7, STM32WBA55UGI7TR, STM32WBA5MJGH6TR, STM32WBA62CGU6, STM32WBA62CIU6, STM32WBA62MGF6, STM32WBA62MIF6, STM32WBA62PGI6, STM32WBA62PII6, STM32WBA63CGU6, STM32WBA63CGU7, STM32WBA63CIU6, STM32WBA63CIU7, STM32WBA64CGU6, STM32WBA64CGU7, STM32WBA64CIU6, STM32WBA64CIU7, STM32WBA65CGU6, STM32WBA65CGU7, STM32WBA65CIU6, STM32WBA65CIU7, STM32WBA65I-DK1, STM32WBA65MGF6, STM32WBA65MGF7, STM32WBA65MIF6, STM32WBA65MIF7, STM32WBA65PGI6, STM32WBA65PGI7, STM32WBA65PII6, STM32WBA65PII7, STM32WBA65RGV6, STM32WBA65RGV7, STM32WBA65RIV6, STM32WBA65RIV7, STM32WL30K8V6, STM32WL30KBV6, STM32WL31C8V6, STM32WL31CBV6, STM32WL31K8V6, STM32WL31KBV6, STM32WL33C8V6, STM32WL33C8V6TR, STM32WL33C8V7, STM32WL33C8V7TR, STM32WL33CBV6, STM32WL33CBV6TR, STM32WL33CBV7, STM32WL33CBV7TR, STM32WL33CCV6, STM32WL33CCV6TR, STM32WL33CCV7, STM32WL33CCV7A, STM32WL33CCV7ATR, STM32WL33CCV7TR, STM32WL33K8V6, STM32WL33K8V6TR, STM32WL33K8V7, STM32WL33K8V7TR, STM32WL33KBV6, STM32WL33KBV6TR, STM32WL33KBV7, STM32WL33KBV7TR, STM32WL33KCV6, STM32WL33KCV6TR, STM32WL33KCV7, STM32WL33KCV7TR, STM32WL5MOCH6, STM32WL5MOCH6TR]
2026-05-11 11:05:17,245 [INFO] ApiDb:668 - CubeFinder database Data Model version=2.1
2026-05-11 11:05:17,245 [INFO] ApiDb:669 - CubeFinder database Configuration version=3.0.42
2026-05-11 11:05:17,246 [INFO] ApiDb:670 - CubeFinder database generation date=2026-03-11 (1773229989)
2026-05-11 11:05:17,246 [INFO] ApiDb:671 - CubeFinder database FW Pack versions=[FP-ATR-ASTRA1_V2.0.0, FP-SNS-FLIGHT1_V5.1.0, FP-SNS-MOTENV1_V5.1.0, FP-SNS-MOTENVWB1_V1.5.0, FP-SNS-SMARTAG2_V1.2.0, FP-SNS-STBOX1_V2.1.0, STM32Cube_FW_C0_V1.4.0, STM32Cube_FW_F4_V1.28.3, STM32Cube_FW_F7_V1.17.4, STM32Cube_FW_G0_V1.6.3, STM32Cube_FW_G4_V1.6.2, STM32Cube_FW_H5_V1.6.0, STM32Cube_FW_H7RS_V1.3.0, STM32Cube_FW_H7_V1.13.0, STM32Cube_FW_L0_V1.12.2, STM32Cube_FW_L4_V1.18.2, STM32Cube_FW_L5_V1.6.0, STM32Cube_FW_N6_V1.3.0, STM32Cube_FW_U0_V1.3.0, STM32Cube_FW_U3_V1.3.0, STM32Cube_FW_U5_V1.8.0, STM32Cube_FW_WB0_V1.4.0, STM32Cube_FW_WBA_V1.9.0, STM32Cube_FW_WB_V1.24.0, STM32Cube_FW_WL3_V1.4.0, STM32Cube_FW_WL_V1.5.0, X-CUBE-ALGOBUILD_V1.4.0, X-CUBE-ALS_V1.0.2, X-CUBE-AZRTOS-F4_V1.1.0, X-CUBE-AZRTOS-F7_V1.1.0, X-CUBE-AZRTOS-G0_V1.1.0, X-CUBE-AZRTOS-G4_V2.0.0, X-CUBE-AZRTOS-H7RS_V1.1.0, X-CUBE-AZRTOS-H7_V3.4.0, X-CUBE-AZRTOS-L4_V2.0.0, X-CUBE-AZRTOS-L5_V2.0.0, X-CUBE-AZRTOS-WB_V2.0.0, X-CUBE-AZRTOS-WL_V2.0.0, X-CUBE-BLE1_V7.1.0, X-CUBE-BLE2_V3.3.0, X-CUBE-BLEMGR_V4.1.0, X-CUBE-EEPRMA1_V5.2.0, X-CUBE-FREERTOS_V1.5.0, X-CUBE-GNSS1_V6.0.0, X-CUBE-MEMS1_V12.0.0, X-CUBE-NFC4_V3.0.0, X-CUBE-NFC7_V2.0.0, X-CUBE-SFXS2LP1_V4.0.0, X-CUBE-ST67W61_V1.2.0, X-CUBE-SUBG2_V5.0.0, X-CUBE-TOF1_V3.4.3]
2026-05-11 11:05:21,208 [INFO] ApiDb:240 - Found 895 in-development CPN: [B-G473E-ZEST1S, B-WB1M-WPAN1, B-WBA5M-WPAN, B-WL5M-SUBG1, NUCLEO-C031C6, NUCLEO-C051C8, NUCLEO-C071RB, NUCLEO-C092RC, NUCLEO-H503RB, NUCLEO-H533RE, NUCLEO-H563ZI, NUCLEO-H7S3L8, NUCLEO-N657X0-Q, NUCLEO-U031R8, NUCLEO-U083RC, NUCLEO-U385RG-Q, NUCLEO-U545RE-Q, NUCLEO-U5A5ZJ-Q, NUCLEO-WB05KZ, NUCLEO-WB07CC, NUCLEO-WB09KE, NUCLEO-WBA52CG, NUCLEO-WBA55CG, NUCLEO-WBA65RI, NUCLEO-WL33CC1, NUCLEO-WL33CC2, STEVAL-PROTEUS1, STEVAL-SMARTAG2, STEVAL-STWINBX1, STM320518-EVAL, STM32C0116-DK, STM32C011D6Y3TR, STM32C011D6Y6TR, STM32C011F4P3, STM32C011F4P6, STM32C011F4U3, STM32C011F4U6TR, STM32C011F6P3, STM32C011F6P6, STM32C011F6U3, STM32C011F6U6TR, STM32C011J4M3, STM32C011J4M6, STM32C011J6M3, STM32C011J6M6, STM32C0316-DK, STM32C031C4T3, STM32C031C4T6, STM32C031C4U3, STM32C031C4U6, STM32C031C6T3, STM32C031C6T6, STM32C031C6U3, STM32C031C6U6, STM32C031F4P3, STM32C031F4P6, STM32C031F6P3, STM32C031F6P6, STM32C031G4U3, STM32C031G4U6, STM32C031G6U3, STM32C031G6U6, STM32C031K4T3, STM32C031K4T6, STM32C031K4U3, STM32C031K4U6, STM32C031K6T3, STM32C031K6T6, STM32C031K6U3, STM32C031K6U6, STM32C051C6T6, STM32C051C6U6, STM32C051C8T6, STM32C051C8U6, STM32C051D8Y6TR, STM32C051F6P6, STM32C051F8P6, STM32C051G6U6, STM32C051G8U6, STM32C051K6T6, STM32C051K6U6, STM32C051K8T6, STM32C071C8T6, STM32C071C8T6N, STM32C071C8U6, STM32C071C8U6N, STM32C071CBT6, STM32C071CBT6N, STM32C071CBU6, STM32C071CBU6N, STM32C071F8P6, STM32C071F8P6N, STM32C071FBP6, STM32C071FBP6N, STM32C071FBY6TR, STM32C071G8U6, STM32C071G8U6N, STM32C071GBU6, STM32C071GBU6N, STM32C071K8T6, STM32C071K8T6N, STM32C071K8U6, STM32C071K8U6N, STM32C071KBT6, STM32C071KBT6N, STM32C071KBU6, STM32C071KBU6N, STM32C071R8T6, STM32C071R8T6N, STM32C071RBI6N, STM32C071RBT6, STM32C071RBT6N, STM32C091CBT6, STM32C091CBU6, STM32C091CCT6, STM32C091CCU6, STM32C091ECY6TR, STM32C091FBP6, STM32C091FCP6, STM32C091GBU6, STM32C091GCU6, STM32C091KBT6, STM32C091KBU6, STM32C091KCT6, STM32C091KCU6, STM32C091RBT6, STM32C091RCI6, STM32C091RCT6, STM32C092CBT6, STM32C092CBU6, STM32C092CCT6, STM32C092CCU6, STM32C092ECY6TR, STM32C092FBP6, STM32C092FCP6, STM32C092GBU6, STM32C092GCU6, STM32C092KBT6, STM32C092KBU6, STM32C092KCT6, STM32C092KCU6, STM32C092RBT6, STM32C092RCI6, STM32C092RCT6, STM32G071K8TXN, STM32G071K8UXN, STM32G081GBU6N, STM32G081KBT6N, STM32G081KBUXN, STM32G0B1CCT6N, STM32G0B1KCT6, STM32G0B1NEY6TR, STM32G0B1RCT6N, STM32G0C1CCT6, STM32G0C1CCT6N, STM32G0C1CCU6N, STM32G0C1CET6N, STM32G0C1CEU6N, STM32G0C1KCT6, STM32G0C1NEY6TR, STM32G0C1RCI6N, STM32G0C1RCT6N, STM32G0C1REI6N, STM32G0C1RET6N, STM32G0C1VCI6, STM32G0C1VEI6, STM32G411C6T3, STM32G411C6T6, STM32G411C6U3, STM32G411C6U6, STM32G411C8T3, STM32G411C8T6, STM32G411C8U3, STM32G411C8U6, STM32G411CBT3, STM32G411CBT6, STM32G411CBU3, STM32G411CBU6, STM32G411CCT3, STM32G411CCT6, STM32G411CCU3, STM32G411CCU6, STM32G411K6T3, STM32G411K6T6, STM32G411K6U3, STM32G411K6U6, STM32G411K8T3, STM32G411K8T6, STM32G411K8U3, STM32G411K8U6, STM32G411KBT3, STM32G411KBT6, STM32G411KBU3, STM32G411KBU6, STM32G411M6T3, STM32G411M6T6, STM32G411M8T3, STM32G411M8T6, STM32G411MBT3, STM32G411MBT6, STM32G411MCT3, STM32G411MCT6, STM32G411R6T3, STM32G411R6T6, STM32G411R8T3, STM32G411R8T6, STM32G411RBT3, STM32G411RBT6, STM32G411RCT3, STM32G411RCT6, STM32G414CBT3, STM32G414CBT6, STM32G414CBU3, STM32G414CBU6, STM32G414CCT3, STM32G414CCT6, STM32G414CCU3, STM32G414CCU6, STM32G414MBT3, STM32G414MBT6, STM32G414MCT3, STM32G414MCT6, STM32G414RBT3, STM32G414RBT6, STM32G414RCT3, STM32G414RCT6, STM32G414VBT3, STM32G414VBT6, STM32G414VCT3, STM32G414VCT6, STM32G431CBT3Z, STM32G431RBT3Z, STM32G471CCT6, STM32G471CCU6, STM32G471CET3, STM32G471CET6, STM32G471CEU3, STM32G471CEU6, STM32G471MCT6, STM32G471MET3, STM32G471MET6, STM32G471MEY6TR, STM32G471QCT6, STM32G471QET3, STM32G471RCT6, STM32G471RET3, STM32G471RET6, STM32G471VCH6, STM32G471VCI6, STM32G471VCT6, STM32G471VEH3, STM32G471VEH6, STM32G471VEI3, STM32G471VEI6, STM32G471VET3, STM32G471VET6, STM32G473QET3Z, STM32G473RET3Z, STM32G474CCT6, STM32G491RET3Z, STM32H503CBT6, STM32H503CBU6, STM32H503EBY6TR, STM32H503KBU6, STM32H503RBT6, STM32H523CCT6, STM32H523CCU6, STM32H523CET6, STM32H523CEU6, STM32H523HEY6TR, STM32H523RCT6, STM32H523RET6, STM32H523VCI6, STM32H523VCT6, STM32H523VEI6, STM32H523VET6, STM32H523ZCJ6, STM32H523ZCT6, STM32H523ZEJ6, STM32H523ZET6, STM32H533CET6, STM32H533CEU6, STM32H533HEY6TR, STM32H533RET6, STM32H533VEI6, STM32H533VET6, STM32H533ZEJ6, STM32H533ZET6, STM32H562AGI6, STM32H562AII6, STM32H562IGK6, STM32H562IGT6, STM32H562IIK6, STM32H562IIT6, STM32H562RGT6, STM32H562RGV6, STM32H562RIT6, STM32H562RIV6, STM32H562VGT6, STM32H562VIT6, STM32H562ZGT6, STM32H562ZIT6, STM32H563AGI6, STM32H563AII3Q, STM32H563AII6, STM32H563IGK6, STM32H563IGT6, STM32H563IIK3Q, STM32H563IIK6, STM32H563IIT3Q, STM32H563IIT6, STM32H563MIY3QTR, STM32H563RGT6, STM32H563RGV6, STM32H563RIT6, STM32H563RIV6, STM32H563VGT6, STM32H563VIT3Q, STM32H563VIT6, STM32H563ZGT6, STM32H563ZIT3Q, STM32H563ZIT6, STM32H573AII3Q, STM32H573AII6, STM32H573I-DK, STM32H573IIK3Q, STM32H573IIK6, STM32H573IIT3Q, STM32H573IIT6, STM32H573MIY3QTR, STM32H573RIT6, STM32H573RIV6, STM32H573VIT3Q, STM32H573VIT6, STM32H573ZIT3Q, STM32H573ZIT6, STM32H7R3A8I6, STM32H7R3I8K6, STM32H7R3I8T6, STM32H7R3L8H6, STM32H7R3L8H6H, STM32H7R3R8V6, STM32H7R3V8H6, STM32H7R3V8T6, STM32H7R3V8Y6TR, STM32H7R3Z8J6, STM32H7R3Z8T6, STM32H7R7A8I6, STM32H7R7I8K6, STM32H7R7I8T6, STM32H7R7L8H6, STM32H7R7L8H6H, STM32H7R7Z8J6, STM32H7S3A8I6, STM32H7S3I8K6, STM32H7S3I8T6, STM32H7S3L8H6, STM32H7S3L8H6H, STM32H7S3R8V6, STM32H7S3V8H6, STM32H7S3V8T6, STM32H7S3V8Y6TR, STM32H7S3Z8J6, STM32H7S3Z8T6, STM32H7S78-DK, STM32H7S7A8I6, STM32H7S7I8K6, STM32H7S7I8T6, STM32H7S7L8H6, STM32H7S7L8H6H, STM32H7S7Z8J6, STM32L4R5QGI6STR, STM32MP131AAE3, STM32MP131AAF3, STM32MP131AAG3, STM32MP131CAE3, STM32MP131CAF3, STM32MP131CAG3, STM32MP131DAE7, STM32MP131DAF7, STM32MP131DAG7, STM32MP131FAE7, STM32MP131FAF7, STM32MP131FAG7, STM32MP133AAE3, STM32MP133AAF3, STM32MP133AAG3, STM32MP133CAE3, STM32MP133CAF3, STM32MP133CAG3, STM32MP133DAE7, STM32MP133DAF7, STM32MP133DAG7, STM32MP133FAE7, STM32MP133FAF7, STM32MP133FAG7, STM32MP135AAE3, STM32MP135AAF3, STM32MP135AAG3, STM32MP135CAE3, STM32MP135CAF3, STM32MP135CAG3, STM32MP135DAE7, STM32MP135DAF7, STM32MP135DAG7, STM32MP135F-DK, STM32MP135FAE7, STM32MP135FAF7, STM32MP135FAF7T, STM32MP135FAF7U, STM32MP135FAG7, STM32MP231AAJ3, STM32MP231AAK3, STM32MP231AAL3, STM32MP231CAJ3, STM32MP231CAK3, STM32MP231CAL3, STM32MP231DAJ3, STM32MP231DAK3, STM32MP231DAL3, STM32MP231FAJ3, STM32MP231FAK3, STM32MP231FAL3, STM32MP233AAJ3, STM32MP233AAK3, STM32MP233AAL3, STM32MP233CAJ3, STM32MP233CAK3, STM32MP233CAL3, STM32MP233DAJ3, STM32MP233DAK3, STM32MP233DAL3, STM32MP233FAJ3, STM32MP233FAK3, STM32MP233FAL3, STM32MP235AAJ3, STM32MP235AAK3, STM32MP235AAL3, STM32MP235CAJ3, STM32MP235CAK3, STM32MP235CAL3, STM32MP235DAJ3, STM32MP235DAK3, STM32MP235DAL3, STM32MP235FAJ3, STM32MP235FAK3, STM32MP235FAL3, STM32MP251AAI3, STM32MP251AAJ3, STM32MP251AAK3, STM32MP251AAL3, STM32MP251CAI3, STM32MP251CAJ3, STM32MP251CAK3, STM32MP251CAL3, STM32MP251DAI3, STM32MP251DAJ3, STM32MP251DAK3, STM32MP251DAL3, STM32MP251FAI3, STM32MP251FAJ3, STM32MP251FAK3, STM32MP251FAL3, STM32MP253AAI3, STM32MP253AAJ3, STM32MP253AAK3, STM32MP253AAL3, STM32MP253CAI3, STM32MP253CAJ3, STM32MP253CAK3, STM32MP253CAL3, STM32MP253DAI3, STM32MP253DAJ3, STM32MP253DAK3, STM32MP253DAL3, STM32MP253FAI3, STM32MP253FAJ3, STM32MP253FAK3, STM32MP253FAL3, STM32MP255AAI3, STM32MP255AAJ3, STM32MP255AAK3, STM32MP255AAL3, STM32MP255CAI3, STM32MP255CAJ3, STM32MP255CAK3, STM32MP255CAL3, STM32MP255DAI3, STM32MP255DAJ3, STM32MP255DAK3, STM32MP255DAL3, STM32MP255FAI3, STM32MP255FAJ3, STM32MP255FAK3, STM32MP255FAL3, STM32MP257AAI3, STM32MP257AAJ3, STM32MP257AAK3, STM32MP257AAL3, STM32MP257CAI3, STM32MP257CAJ3, STM32MP257CAK3, STM32MP257CAL3, STM32MP257DAI3, STM32MP257DAJ3, STM32MP257DAK3, STM32MP257DAL3, STM32MP257F-DK, STM32MP257F-EV1, STM32MP257FAI3, STM32MP257FAJ3, STM32MP257FAK3, STM32MP257FAL3, STM32N645A0H3Q, STM32N645B0H3Q, STM32N645I0H3Q, STM32N645L0H3Q, STM32N645X0H3Q, STM32N645Z0H3Q, STM32N647A0H3Q, STM32N647B0H3Q, STM32N647I0H3Q, STM32N647L0H3Q, STM32N647X0H3Q, STM32N647Z0H3Q, STM32N655A0H3Q, STM32N655B0H3Q, STM32N655I0H3Q, STM32N655L0H3Q, STM32N655X0H3Q, STM32N655Z0H3Q, STM32N6570-DK, STM32N657A0H3Q, STM32N657B0H3Q, STM32N657I0H3Q, STM32N657L0H3Q, STM32N657X0H3Q, STM32N657Z0H3Q, STM32U031C6T6, STM32U031C6U6, STM32U031C8T6, STM32U031C8U6, STM32U031F4P6, STM32U031F6P6, STM32U031F8P6, STM32U031G6Y6TR, STM32U031G8Y6TR, STM32U031K4U6, STM32U031K6U6, STM32U031K8U6, STM32U031R6I6, STM32U031R6T6, STM32U031R8I6, STM32U031R8T6, STM32U073C8T6, STM32U073C8U6, STM32U073CBT6, STM32U073CBU6, STM32U073CCT6, STM32U073CCU6, STM32U073H8Y6TR, STM32U073HBY6TR, STM32U073HCY6TR, STM32U073K8U6, STM32U073KBU6, STM32U073KCU6, STM32U073M8I6, STM32U073M8T6, STM32U073MBI6, STM32U073MBT6, STM32U073MCI6, STM32U073MCT6, STM32U073R8I6, STM32U073R8T6, STM32U073RBI6, STM32U073RBT6, STM32U073RCI6, STM32U073RCT6, STM32U083C-DK, STM32U083CCT6, STM32U083CCU6, STM32U083HCY6TR, STM32U083KCU6, STM32U083MCI6, STM32U083MCT6, STM32U083RCI6, STM32U083RCT6, STM32U375CET6, STM32U375CET6Q, STM32U375CEU6, STM32U375CEU6Q, STM32U375CEY6QTR, STM32U375CGT6, STM32U375CGT6Q, STM32U375CGU6, STM32U375CGU6Q, STM32U375CGY6QTR, STM32U375KEU6, STM32U375KGU6, STM32U375REI6, STM32U375REI6Q, STM32U375RET6, STM32U375RET6Q, STM32U375REY6GTR, STM32U375REY6QTR, STM32U375RGI6, STM32U375RGI6Q, STM32U375RGT6, STM32U375RGT6Q, STM32U375RGY6GTR, STM32U375RGY6QTR, STM32U375VEI6, STM32U375VEI6Q, STM32U375VET6, STM32U375VET6Q, STM32U375VGI6, STM32U375VGI6Q, STM32U375VGT6, STM32U375VGT6Q, STM32U385CGT6, STM32U385CGT6Q, STM32U385CGU6, STM32U385CGU6Q, STM32U385CGY6QTR, STM32U385KGU6, STM32U385RGI6, STM32U385RGI6Q, STM32U385RGT6, STM32U385RGT6Q, STM32U385RGY6GTR, STM32U385RGY6QTR, STM32U385VGI6, STM32U385VGI6Q, STM32U385VGT6, STM32U385VGT6Q, STM32U535CBT6, STM32U535CBT6Q, STM32U535CBU6, STM32U535CBU6Q, STM32U535CCT6, STM32U535CCT6Q, STM32U535CCU6, STM32U535CCU6Q, STM32U535CET6, STM32U535CET6Q, STM32U535CEU6, STM32U535CEU6Q, STM32U535JEY6QTR, STM32U535NCY6QTR, STM32U535NEY6QTR, STM32U535RBI6, STM32U535RBI6Q, STM32U535RBT6, STM32U535RBT6Q, STM32U535RCI6, STM32U535RCI6Q, STM32U535RCT6, STM32U535RCT6Q, STM32U535REI6, STM32U535REI6Q, STM32U535RET6, STM32U535RET6Q, STM32U535VCI6, STM32U535VCI6Q, STM32U535VCT6, STM32U535VCT6Q, STM32U535VEI6, STM32U535VEI6Q, STM32U535VET6, STM32U535VET6Q, STM32U545CET6, STM32U545CET6Q, STM32U545CEU6, STM32U545CEU6Q, STM32U545JEY6QTR, STM32U545NEY6QTR, STM32U545REI6, STM32U545REI6Q, STM32U545RET6, STM32U545RET6Q, STM32U545VEI6, STM32U545VEI6Q, STM32U545VET6, STM32U545VET6Q, STM32U595AIH6, STM32U595AIH6Q, STM32U595AJH6, STM32U595AJH6Q, STM32U595QII6, STM32U595QII6Q, STM32U595QJI6, STM32U595QJI6Q, STM32U595RIT6, STM32U595RIT6Q, STM32U595RJT6, STM32U595RJT6Q, STM32U595VIT6, STM32U595VIT6Q, STM32U595VJT6, STM32U595VJT6Q, STM32U595ZIT6, STM32U595ZIT6Q, STM32U595ZIY6QTR, STM32U595ZJT6, STM32U595ZJT6Q, STM32U595ZJY6QTR, STM32U599BJY6QTR, STM32U599NIH6Q, STM32U599NJH6Q, STM32U599VIT6Q, STM32U599VJT6, STM32U599VJT6Q, STM32U599ZIT6Q, STM32U599ZIY6QTR, STM32U599ZJT6Q, STM32U599ZJY6QTR, STM32U5A5AJH6, STM32U5A5AJH6Q, STM32U5A5QII3Q , STM32U5A5QJI6, STM32U5A5QJI6Q, STM32U5A5RJT6, STM32U5A5RJT6Q, STM32U5A5VJT6, STM32U5A5VJT6Q, STM32U5A5ZJT6, STM32U5A5ZJT6Q, STM32U5A5ZJY6QTR, STM32U5A9BJY6QTR, STM32U5A9J-DK, STM32U5A9NJH6Q, STM32U5A9VJT6Q, STM32U5A9ZJT6Q, STM32U5A9ZJY6QTR, STM32U5F7VIT6, STM32U5F7VIT6Q, STM32U5F7VJT6, STM32U5F7VJT6Q, STM32U5F9BJY6QTR, STM32U5F9NJH6Q, STM32U5F9VIT6Q, STM32U5F9VJT6Q, STM32U5F9ZIJ6QTR, STM32U5F9ZIT6Q, STM32U5F9ZJJ6QTR, STM32U5F9ZJT6Q, STM32U5G7VJT6, STM32U5G7VJT6Q, STM32U5G9BJY6QTR, STM32U5G9J-DK1, STM32U5G9J-DK2, STM32U5G9NJH6Q, STM32U5G9VJT6Q, STM32U5G9ZJJ6QTR, STM32U5G9ZJT6Q, STM32WB05KZV6TR, STM32WB05KZV7TR, STM32WB05TZF6TR, STM32WB05TZF7TR, STM32WB06CCF6TR, STM32WB06CCF7TR, STM32WB06CCV6TR, STM32WB06CCV7TR, STM32WB06KCV6TR, STM32WB06KCV7TR, STM32WB07CCF6TR, STM32WB07CCF7TR, STM32WB07CCV6TR, STM32WB07CCV7TR, STM32WB07KCV6TR, STM32WB07KCV7TR, STM32WB09KEV6TR, STM32WB09KEV7TR, STM32WB09TEF6TR, STM32WB09TEF7TR, STM32WB1MMCH6, STM32WBA50KGU6, STM32WBA50KGU6TR, STM32WBA52CEU6, STM32WBA52CEU6TR, STM32WBA52CEU7, STM32WBA52CEU7TR, STM32WBA52CGU6, STM32WBA52CGU6TR, STM32WBA52CGU6U, STM32WBA52CGU7, STM32WBA52CGU7TR, STM32WBA52KEU6, STM32WBA52KEU6TR, STM32WBA52KGU6, STM32WBA52KGU6TR, STM32WBA54CEU6, STM32WBA54CEU6TR, STM32WBA54CEU7, STM32WBA54CEU7TR, STM32WBA54CGU6, STM32WBA54CGU6TR, STM32WBA54CGU7, STM32WBA54CGU7TR, STM32WBA54KEU6, STM32WBA54KEU6TR, STM32WBA54KEU7, STM32WBA54KEU7TR, STM32WBA54KGU6, STM32WBA54KGU6TR, STM32WBA54KGU7, STM32WBA54KGU7TR, STM32WBA55CEU6, STM32WBA55CEU6TR, STM32WBA55CEU7, STM32WBA55CEU7TR, STM32WBA55CGU6, STM32WBA55CGU6TR, STM32WBA55CGU6U, STM32WBA55CGU7, STM32WBA55CGU7TR, STM32WBA55G-DK1, STM32WBA55HEF6, STM32WBA55HEF7, STM32WBA55HGF6, STM32WBA55HGF7, STM32WBA55UEI6, STM32WBA55UEI6TR, STM32WBA55UEI7, STM32WBA55UEI7TR, STM32WBA55UGI6, STM32WBA55UGI6TR, STM32WBA55UGI7, STM32WBA55UGI7TR, STM32WBA5MJGH6TR, STM32WBA62CGU6, STM32WBA62CIU6, STM32WBA62MGF6, STM32WBA62MIF6, STM32WBA62PGI6, STM32WBA62PII6, STM32WBA63CGU6, STM32WBA63CGU7, STM32WBA63CIU6, STM32WBA63CIU7, STM32WBA64CGU6, STM32WBA64CGU7, STM32WBA64CIU6, STM32WBA64CIU7, STM32WBA65CGU6, STM32WBA65CGU7, STM32WBA65CIU6, STM32WBA65CIU7, STM32WBA65I-DK1, STM32WBA65MGF6, STM32WBA65MGF7, STM32WBA65MIF6, STM32WBA65MIF7, STM32WBA65PGI6, STM32WBA65PGI7, STM32WBA65PII6, STM32WBA65PII7, STM32WBA65RGV6, STM32WBA65RGV7, STM32WBA65RIV6, STM32WBA65RIV7, STM32WL30K8V6, STM32WL30KBV6, STM32WL31C8V6, STM32WL31CBV6, STM32WL31K8V6, STM32WL31KBV6, STM32WL33C8V6, STM32WL33C8V6TR, STM32WL33C8V7, STM32WL33C8V7TR, STM32WL33CBV6, STM32WL33CBV6TR, STM32WL33CBV7, STM32WL33CBV7TR, STM32WL33CCV6, STM32WL33CCV6TR, STM32WL33CCV7, STM32WL33CCV7A, STM32WL33CCV7ATR, STM32WL33CCV7TR, STM32WL33K8V6, STM32WL33K8V6TR, STM32WL33K8V7, STM32WL33K8V7TR, STM32WL33KBV6, STM32WL33KBV6TR, STM32WL33KBV7, STM32WL33KBV7TR, STM32WL33KCV6, STM32WL33KCV6TR, STM32WL33KCV7, STM32WL33KCV7TR, STM32WL5MOCH6, STM32WL5MOCH6TR]
2026-05-11 11:05:21,288 [INFO] DbMcus:218 - Found 5051 MCUs, 4964 are supported
2026-05-11 11:05:21,295 [INFO] ApiDb:423 - Load user favorites file C:\Users\hp/.stm32cubeide/favorites.mcus.txt: 0 item(s)
2026-05-11 11:05:21,295 [INFO] ApiDb:427 - User favorites MCUs=[]
2026-05-11 11:05:21,295 [INFO] DbMcus:224 - Set 0 / 0 favorites MCUs
2026-05-11 11:05:22,933 [INFO] BoardInfo:889 - No configuration file found for board NUCLEO-H5E5ZJ
2026-05-11 11:05:22,935 [INFO] DbBoards:161 - Board is not supported: NUCLEO-H5E5ZJ
2026-05-11 11:05:23,070 [INFO] BoardInfo:889 - No configuration file found for board NUCLEO-U3C5ZI-Q
2026-05-11 11:05:23,074 [INFO] DbBoards:161 - Board is not supported: NUCLEO-U3C5ZI-Q
2026-05-11 11:05:23,344 [INFO] BoardInfo:889 - No configuration file found for board NUCLEO-WBA25CE1
2026-05-11 11:05:23,356 [INFO] DbBoards:161 - Board is not supported: NUCLEO-WBA25CE1
2026-05-11 11:05:23,625 [INFO] BoardInfo:889 - No configuration file found for board NUCLEO-WL3RKB1
2026-05-11 11:05:23,631 [INFO] DbBoards:161 - Board is not supported: NUCLEO-WL3RKB1
2026-05-11 11:05:23,662 [INFO] BoardInfo:889 - No configuration file found for board NUCLEO-WL3RKB2
2026-05-11 11:05:23,668 [INFO] DbBoards:161 - Board is not supported: NUCLEO-WL3RKB2
2026-05-11 11:05:23,992 [INFO] BoardInfo:889 - No configuration file found for board P-NUCLEO-WB55
2026-05-11 11:05:24,006 [INFO] DbBoards:161 - Kit is not supported: P-NUCLEO-WB55
2026-05-11 11:05:24,310 [INFO] BoardInfo:889 - No configuration file found for board STEVAL-BFA001V1B
2026-05-11 11:05:24,346 [INFO] DbBoards:161 - Kit is not supported: STEVAL-BFA001V1B
2026-05-11 11:05:24,384 [INFO] BoardInfo:889 - No configuration file found for board STEVAL-BFA001V2B
2026-05-11 11:05:24,405 [INFO] DbBoards:161 - Kit is not supported: STEVAL-BFA001V2B
2026-05-11 11:05:25,223 [INFO] BoardInfo:889 - No configuration file found for board STM32H5F5J-DK
2026-05-11 11:05:25,225 [INFO] DbBoards:161 - Board is not supported: STM32H5F5J-DK
2026-05-11 11:05:25,610 [INFO] BoardInfo:889 - No configuration file found for board STM32MP215F-DK
2026-05-11 11:05:25,612 [INFO] DbBoards:161 - Board is not supported: STM32MP215F-DK
2026-05-11 11:05:25,661 [INFO] DbBoards:168 - Found 218 boards, 208 are supported
2026-05-11 11:05:25,661 [INFO] DbBoards:169 - Found 218 boards, 43 of them is supported for  Bsp
2026-05-11 11:05:25,676 [INFO] ApiDb:423 - Load user favorites file C:\Users\hp/.stm32cubeide/favorites.boards.txt: 0 item(s)
2026-05-11 11:05:25,677 [INFO] ApiDb:427 - User favorites Boards=[]
2026-05-11 11:05:25,677 [INFO] DbBoards:198 - Set 0 / 0 favorites Boards
2026-05-11 11:05:25,782 [INFO] UtilMem:75 - End LoadConfig() Used Memory: 745255880 Bytes (1073741824)
2026-05-11 11:05:26,224 [WARN] ThirdParty:833 - waiting for thirdparty lock release [change project]
2026-05-11 11:05:26,224 [INFO] ThirdParty:835 - entering critical section [change project]
2026-05-11 11:05:26,225 [INFO] ThirdParty:1030 - CMSIS Pack Vendor :STMicroelectronics X-CUBE-AZRTOS-H7 3.5.0
2026-05-11 11:05:26,225 [INFO] ThirdParty:1030 - CMSIS Pack Vendor :STMicroelectronics X-CUBE-PM33A1 1.0.0
2026-05-11 11:05:26,225 [INFO] ThirdParty:1030 - CMSIS Pack Vendor :STMicroelectronics USBPD 4.1
2026-05-11 11:05:26,226 [INFO] ThirdParty:1030 - CMSIS Pack Vendor :STMicroelectronics X-CUBE-NFC9 1.0.0
2026-05-11 11:05:26,226 [INFO] ThirdParty:1030 - CMSIS Pack Vendor :STMicroelectronics USB_HOST 2.0.0
2026-05-11 11:05:26,226 [INFO] ThirdParty:1030 - CMSIS Pack Vendor :STMicroelectronics X-CUBE-AZRTOS-F4 1.1.0
2026-05-11 11:05:26,226 [INFO] ThirdParty:1030 - CMSIS Pack Vendor :STMicroelectronics LIBJPEG 8.0.0
2026-05-11 11:05:26,226 [INFO] ThirdParty:1030 - CMSIS Pack Vendor :STMicroelectronics FP-ATR-ASTRA1 2.0.2
2026-05-11 11:05:26,226 [INFO] ThirdParty:1030 - CMSIS Pack Vendor :STMicroelectronics X-CUBE-BLE1 7.1.0
2026-05-11 11:05:26,226 [INFO] ThirdParty:1030 - CMSIS Pack Vendor :STMicroelectronics X-CUBE-SMBUS 2.1.0
2026-05-11 11:05:26,226 [INFO] ThirdParty:1030 - CMSIS Pack Vendor :wolfSSL I-CUBE-wolfMQTT 1.19.2
2026-05-11 11:05:26,226 [INFO] ThirdParty:1030 - CMSIS Pack Vendor :STMicroelectronics USB_DEVICE 3.0.0
2026-05-11 11:05:26,226 [INFO] ThirdParty:1030 - CMSIS Pack Vendor :STMicroelectronics X-CUBE-ISPU 2.1.0
2026-05-11 11:05:26,226 [INFO] ThirdParty:1030 - CMSIS Pack Vendor :STMicroelectronics X-CUBE-EEPRMA1 5.2.0
2026-05-11 11:05:26,227 [INFO] ThirdParty:1030 - CMSIS Pack Vendor :STMicroelectronics X-CUBE-BLEMGR 4.1.0
2026-05-11 11:05:26,227 [INFO] ThirdParty:1030 - CMSIS Pack Vendor :STMicroelectronics eDS-WB_DPC_TT-BIDIR 2.1.1
2026-05-11 11:05:26,227 [INFO] ThirdParty:1030 - CMSIS Pack Vendor :STMicroelectronics X-CUBE-AZRTOS-WB 2.0.0
2026-05-11 11:05:26,227 [INFO] ThirdParty:1030 - CMSIS Pack Vendor :wolfSSL I-CUBE-wolfSSL 5.8.4
2026-05-11 11:05:26,227 [INFO] ThirdParty:1030 - CMSIS Pack Vendor :STMicroelectronics X-CUBE-NFC12 1.0.0
2026-05-11 11:05:26,227 [INFO] ThirdParty:1030 - CMSIS Pack Vendor :STMicroelectronics X-CUBE-AZRTOS-F7 1.1.0
2026-05-11 11:05:26,227 [INFO] ThirdParty:1030 - CMSIS Pack Vendor :STMicroelectronics X-CUBE-AZRTOS-L5 2.0.0
2026-05-11 11:05:26,227 [INFO] ThirdParty:1030 - CMSIS Pack Vendor :STMicroelectronics USB_DEVICE 2.0.0
2026-05-11 11:05:26,227 [INFO] ThirdParty:1030 - CMSIS Pack Vendor :quantropi X-CUBE-qispace-sdk-base 2.1.0
2026-05-11 11:05:26,227 [INFO] ThirdParty:1030 - CMSIS Pack Vendor :STMicroelectronics X-CUBE-MEMS1 12.0.0
2026-05-11 11:05:26,227 [INFO] ThirdParty:1030 - CMSIS Pack Vendor :STMicroelectronics X-CUBE-STSE01 2.0.0
2026-05-11 11:05:26,227 [INFO] ThirdParty:1030 - CMSIS Pack Vendor :STMicroelectronics FreeRTOS 0.0.1
2026-05-11 11:05:26,227 [INFO] ThirdParty:1030 - CMSIS Pack Vendor :STMicroelectronics X-CUBE-AZRTOS-G0 1.1.0
2026-05-11 11:05:26,227 [INFO] ThirdParty:1030 - CMSIS Pack Vendor :STMicroelectronics X-CUBE-NFC4 3.0.0
2026-05-11 11:05:26,227 [INFO] ThirdParty:1030 - CMSIS Pack Vendor :STMicroelectronics X-CUBE-SUBG2 5.0.0
2026-05-11 11:05:26,228 [INFO] ThirdParty:1030 - CMSIS Pack Vendor :STMicroelectronics STM32_WPAN 1.0.0
2026-05-11 11:05:26,228 [INFO] ThirdParty:1030 - CMSIS Pack Vendor :STMicroelectronics eDS-WB_DPC_VIENNA 1.2.0
2026-05-11 11:05:26,228 [INFO] ThirdParty:1030 - CMSIS Pack Vendor :EmbeddedOffice I-CUBE-FS-RTOS 1.0.1
2026-05-11 11:05:26,228 [INFO] ThirdParty:1030 - CMSIS Pack Vendor :STMicroelectronics lwIP 2.0.3
2026-05-11 11:05:26,228 [INFO] ThirdParty:1030 - CMSIS Pack Vendor :STMicroelectronics eDS-WB_DPC_3PH2L-BIDIR 1.1.1
2026-05-11 11:05:26,228 [INFO] ThirdParty:1030 - CMSIS Pack Vendor :STMicroelectronics USB_HOST 1.0.0
2026-05-11 11:05:26,228 [INFO] ThirdParty:1030 - CMSIS Pack Vendor :STMicroelectronics X-CUBE-AZRTOS-G4 2.0.0
2026-05-11 11:05:26,228 [INFO] ThirdParty:1030 - CMSIS Pack Vendor :STMicroelectronics PDM2PCM 3.1.0
2026-05-11 11:05:26,228 [INFO] ThirdParty:1030 - CMSIS Pack Vendor :STMicroelectronics PDM2PCM 3.3.0
2026-05-11 11:05:26,228 [INFO] ThirdParty:1030 - CMSIS Pack Vendor :wolfSSL I-CUBE-wolfTPM 3.8.0
2026-05-11 11:05:26,228 [INFO] ThirdParty:1030 - CMSIS Pack Vendor :STMicroelectronics X-CUBE-DISPLAY 3.0.0
2026-05-11 11:05:26,228 [INFO] ThirdParty:1030 - CMSIS Pack Vendor :wolfSSL I-CUBE-wolfSSH 1.4.20
2026-05-11 11:05:26,228 [INFO] ThirdParty:1030 - CMSIS Pack Vendor :STMicroelectronics X-CUBE-NFC7 2.0.0
2026-05-11 11:05:26,228 [INFO] ThirdParty:1030 - CMSIS Pack Vendor :STMicroelectronics X-CUBE-GNSS1 7.1.1
2026-05-11 11:05:26,228 [INFO] ThirdParty:1030 - CMSIS Pack Vendor :STMicroelectronics X-CUBE-TCPP 4.2.0
2026-05-11 11:05:26,229 [INFO] ThirdParty:1030 - CMSIS Pack Vendor :RealThread X-CUBE-RT-Thread_Nano 4.1.1
2026-05-11 11:05:26,229 [INFO] ThirdParty:1030 - CMSIS Pack Vendor :STMicroelectronics FP-ATR-SIGFOX1 3.2.0
2026-05-11 11:05:26,229 [INFO] ThirdParty:1030 - CMSIS Pack Vendor :STMicroelectronics X-CUBE-NFC10 1.0.0
2026-05-11 11:05:26,229 [INFO] ThirdParty:1030 - CMSIS Pack Vendor :STMicroelectronics HAL Drivers 0.0.0
2026-05-11 11:05:26,229 [INFO] ThirdParty:1030 - CMSIS Pack Vendor :STMicroelectronics MBEDTLS 2.16.2
2026-05-11 11:05:26,229 [INFO] ThirdParty:1030 - CMSIS Pack Vendor :STMicroelectronics X-CUBE-ST60 1.1.0
2026-05-11 11:05:26,229 [INFO] ThirdParty:1030 - CMSIS Pack Vendor :STMicroelectronics X-CUBE-ALS 1.0.2
2026-05-11 11:05:26,229 [INFO] ThirdParty:1030 - CMSIS Pack Vendor :emotas I-CUBE-CANOPEN 1.3.0
2026-05-11 11:05:26,229 [INFO] ThirdParty:1030 - CMSIS Pack Vendor :STMicroelectronics MBEDTLS 2.14.1
2026-05-11 11:05:26,229 [INFO] ThirdParty:1030 - CMSIS Pack Vendor :STMicroelectronics X-CUBE-GNSS1 7.1.0
2026-05-11 11:05:26,229 [INFO] ThirdParty:1030 - CMSIS Pack Vendor :ITTIA_DB I-CUBE-ITTIADB 8.9.0
2026-05-11 11:05:26,229 [INFO] ThirdParty:1030 - CMSIS Pack Vendor :Cesanta I-CUBE-Mongoose 7.21.0
2026-05-11 11:05:26,229 [INFO] ThirdParty:1030 - CMSIS Pack Vendor :STMicroelectronics X-CUBE-TOUCHGFX 4.26.1
2026-05-11 11:05:26,229 [INFO] ThirdParty:1030 - CMSIS Pack Vendor :STMicroelectronics X-CUBE-NFC6 3.2.0
2026-05-11 11:05:26,229 [INFO] ThirdParty:1030 - CMSIS Pack Vendor :STMicroelectronics X-CUBE-AI 10.2.0
2026-05-11 11:05:26,230 [INFO] ThirdParty:1030 - CMSIS Pack Vendor :STMicroelectronics FP-SNS-STAIOTCFT 1.0.0
2026-05-11 11:05:26,230 [INFO] ThirdParty:1030 - CMSIS Pack Vendor :STMicroelectronics ThreadX 1.0.0
2026-05-11 11:05:26,230 [INFO] ThirdParty:1030 - CMSIS Pack Vendor :STMicroelectronics FP-SNS-SMARTAG2 1.2.0
2026-05-11 11:05:26,230 [INFO] ThirdParty:1030 - CMSIS Pack Vendor :STMicroelectronics X-CUBE-MEMS1 12.1.0
2026-05-11 11:05:26,230 [INFO] ThirdParty:1030 - CMSIS Pack Vendor :STMicroelectronics FP-SNS-FLIGHT1 5.1.0
2026-05-11 11:05:26,230 [INFO] ThirdParty:1030 - CMSIS Pack Vendor :STMicroelectronics X-CUBE-AZRTOS-WL 2.0.0
2026-05-11 11:05:26,230 [INFO] ThirdParty:1030 - CMSIS Pack Vendor :SEGGER I-CUBE-embOS 1.3.1
2026-05-11 11:05:26,230 [INFO] ThirdParty:1030 - CMSIS Pack Vendor :STMicroelectronics X-CUBE-ALGOBUILD 1.4.0
2026-05-11 11:05:26,230 [INFO] ThirdParty:1030 - CMSIS Pack Vendor :STMicroelectronics X-CUBE-DPower 1.3.0
2026-05-11 11:05:26,230 [INFO] ThirdParty:1030 - CMSIS Pack Vendor :STMicroelectronics USB_DEVICE 1.0.0
2026-05-11 11:05:26,230 [INFO] ThirdParty:1030 - CMSIS Pack Vendor :STMicroelectronics X-CUBE-AZRTOS-H7RS 1.2.0
2026-05-11 11:05:26,230 [INFO] ThirdParty:1030 - CMSIS Pack Vendor :STMicroelectronics X-CUBE-AZRTOS-L4 2.0.0
2026-05-11 11:05:26,230 [INFO] ThirdParty:1030 - CMSIS Pack Vendor :STMicroelectronics ThreadX 0.0.2
2026-05-11 11:05:26,230 [INFO] ThirdParty:1030 - CMSIS Pack Vendor :STMicroelectronics lwIP 2.1.2
2026-05-11 11:05:26,230 [INFO] ThirdParty:1030 - CMSIS Pack Vendor :STMicroelectronics X-CUBE-SFXS2LP1 4.0.0
2026-05-11 11:05:26,231 [INFO] ThirdParty:1030 - CMSIS Pack Vendor :STMicroelectronics X-CUBE-BLE2 3.3.0
2026-05-11 11:05:26,231 [INFO] ThirdParty:1030 - CMSIS Pack Vendor :Avnet-IOTCONNECT X-CUBE-iotc-st67-sdk 1.0.0
2026-05-11 11:05:26,231 [INFO] ThirdParty:1030 - CMSIS Pack Vendor :STMicroelectronics X-CUBE-TOF1 3.4.3
2026-05-11 11:05:26,231 [INFO] ThirdParty:1030 - CMSIS Pack Vendor :Infineon AIROC-Wi-Fi-Bluetooth-STM32 1.8.0
2026-05-11 11:05:26,231 [INFO] ThirdParty:1030 - CMSIS Pack Vendor :STMicroelectronics PDM2PCM 3.2.0
2026-05-11 11:05:26,231 [INFO] ThirdParty:1030 - CMSIS Pack Vendor :STMicroelectronics X-CUBE-WB05N 2.1.0
2026-05-11 11:05:26,231 [INFO] ThirdParty:841 - exiting critical section [change project]
2026-05-11 11:05:36,427 [INFO] PinOutPanel:1589 - setPackage(No Configuration,No Configuration)
2026-05-11 11:05:36,445 [INFO] PinOutPanel:1589 - setPackage(STM32F407VGTx,LQFP100)
2026-05-11 11:05:38,416 [INFO] UtilMem:75 - Before build in PCC Used Memory: 872694384 Bytes (1073741824)
2026-05-11 11:05:42,735 [INFO] UtilMem:75 - After build in PCC Used Memory: 975510976 Bytes (1073741824)
2026-05-11 11:05:42,943 [INFO] ApiDbMcu:508 - Load IP Config File for USB_HOST
2026-05-11 11:05:42,969 [WARN] BspModel:444 - BSP dependency skipped because of component: name='IOExpander', api='Unknown'
2026-05-11 11:05:43,382 [INFO] IPUIPlugin:80 - create IPUIPlugin
2026-05-11 11:05:43,382 [INFO] IPUIPlugin:80 - create IPUIPlugin
2026-05-11 11:05:43,382 [INFO] IPUIPlugin:80 - create IPUIPlugin
2026-05-11 11:05:43,383 [INFO] IPUIPlugin:80 - create IPUIPlugin
2026-05-11 11:05:43,383 [INFO] IPUIPlugin:80 - create IPUIPlugin
2026-05-11 11:05:43,383 [INFO] IPUIPlugin:80 - create IPUIPlugin
2026-05-11 11:05:43,384 [INFO] IPUIPlugin:80 - create IPUIPlugin
2026-05-11 11:05:43,384 [INFO] IPUIPlugin:80 - create IPUIPlugin
2026-05-11 11:05:43,384 [INFO] IPUIPlugin:80 - create IPUIPlugin
2026-05-11 11:05:43,384 [INFO] IPUIPlugin:80 - create IPUIPlugin
2026-05-11 11:05:43,384 [INFO] IPUIPlugin:80 - create IPUIPlugin
2026-05-11 11:05:43,384 [INFO] IPUIPlugin:80 - create IPUIPlugin
2026-05-11 11:05:43,386 [INFO] IPUIPlugin:80 - create IPUIPlugin
2026-05-11 11:05:43,386 [INFO] IPUIPlugin:80 - create IPUIPlugin
2026-05-11 11:05:43,387 [INFO] IPUIPlugin:80 - create IPUIPlugin
2026-05-11 11:05:43,389 [INFO] IPUIPlugin:80 - create IPUIPlugin
2026-05-11 11:05:43,389 [INFO] IPUIPlugin:80 - create IPUIPlugin
2026-05-11 11:05:43,390 [INFO] IPUIPlugin:80 - create IPUIPlugin
2026-05-11 11:05:43,390 [INFO] IPUIPlugin:80 - create IPUIPlugin
2026-05-11 11:05:43,391 [INFO] IPUIPlugin:80 - create IPUIPlugin
2026-05-11 11:05:43,391 [INFO] IPUIPlugin:80 - create IPUIPlugin
2026-05-11 11:05:43,392 [INFO] IPUIPlugin:80 - create IPUIPlugin
2026-05-11 11:05:43,392 [INFO] IPUIPlugin:80 - create IPUIPlugin
2026-05-11 11:05:43,392 [INFO] IPUIPlugin:80 - create IPUIPlugin
2026-05-11 11:05:43,393 [INFO] IPUIPlugin:80 - create IPUIPlugin
2026-05-11 11:05:43,393 [INFO] IPUIPlugin:80 - create IPUIPlugin
2026-05-11 11:05:43,393 [INFO] IPUIPlugin:80 - create IPUIPlugin
2026-05-11 11:05:43,393 [INFO] IPUIPlugin:80 - create IPUIPlugin
2026-05-11 11:05:43,394 [INFO] IPUIPlugin:80 - create IPUIPlugin
2026-05-11 11:05:43,394 [INFO] IPUIPlugin:80 - create IPUIPlugin
2026-05-11 11:05:43,394 [INFO] IPUIPlugin:80 - create IPUIPlugin
2026-05-11 11:05:43,395 [INFO] IPUIPlugin:80 - create IPUIPlugin
2026-05-11 11:05:43,395 [INFO] IPUIPlugin:80 - create IPUIPlugin
2026-05-11 11:05:43,395 [INFO] IPUIPlugin:80 - create IPUIPlugin
2026-05-11 11:05:43,396 [INFO] IPUIPlugin:80 - create IPUIPlugin
2026-05-11 11:05:43,396 [INFO] IPUIPlugin:80 - create IPUIPlugin
2026-05-11 11:05:43,396 [INFO] IPUIPlugin:80 - create IPUIPlugin
2026-05-11 11:05:43,397 [INFO] IPUIPlugin:80 - create IPUIPlugin
2026-05-11 11:05:43,397 [INFO] IPUIPlugin:80 - create IPUIPlugin
2026-05-11 11:05:43,398 [INFO] IPUIPlugin:80 - create IPUIPlugin
2026-05-11 11:05:43,398 [INFO] IPUIPlugin:80 - create IPUIPlugin
2026-05-11 11:05:43,398 [INFO] IPUIPlugin:80 - create IPUIPlugin
2026-05-11 11:05:43,399 [INFO] IPUIPlugin:80 - create IPUIPlugin
2026-05-11 11:05:43,399 [INFO] IPUIPlugin:80 - create IPUIPlugin
2026-05-11 11:05:43,399 [INFO] IPUIPlugin:80 - create IPUIPlugin
2026-05-11 11:05:43,399 [INFO] IPUIPlugin:80 - create IPUIPlugin
2026-05-11 11:05:43,400 [INFO] IPUIPlugin:80 - create IPUIPlugin
2026-05-11 11:05:43,400 [INFO] IPUIPlugin:80 - create IPUIPlugin
2026-05-11 11:05:43,401 [INFO] IPUIPlugin:80 - create IPUIPlugin
2026-05-11 11:05:43,401 [INFO] IPUIPlugin:80 - create IPUIPlugin
2026-05-11 11:05:43,401 [INFO] IPUIPlugin:80 - create IPUIPlugin
2026-05-11 11:05:43,402 [INFO] IPUIPlugin:80 - create IPUIPlugin
2026-05-11 11:05:43,402 [INFO] IPUIPlugin:80 - create IPUIPlugin
2026-05-11 11:05:43,403 [INFO] IPUIPlugin:80 - create IPUIPlugin
2026-05-11 11:05:43,405 [INFO] IPUIPlugin:80 - create IPUIPlugin
2026-05-11 11:05:43,406 [INFO] IPUIPlugin:80 - create IPUIPlugin
2026-05-11 11:05:43,406 [INFO] IPUIPlugin:80 - create IPUIPlugin
2026-05-11 11:05:43,407 [INFO] IPUIPlugin:80 - create IPUIPlugin
2026-05-11 11:05:43,484 [INFO] ApiDbMcu:508 - Load IP Config File for PDM2PCM
2026-05-11 11:05:43,551 [WARN] IP:2250 - I2C_Coeff_DF not found: check if there is a RefParameter without a condition.
2026-05-11 11:05:43,551 [WARN] IP:2250 - Analog_Filter not found: check if there is a RefParameter without a condition.
2026-05-11 11:05:43,627 [INFO] I2sManager:658 - 9.6E7
2026-05-11 11:05:43,628 [INFO] I2sManager:195 - I2S Clock Value : 9.6E7
2026-05-11 11:05:43,633 [INFO] I2sManager:553 - AudioClock : 93750Divider : 2Odd : 0
2026-05-11 11:05:44,776 [INFO] CADModel:165 - CPN selected for project levelSTM32F407VGT6
2026-05-11 11:05:44,777 [INFO] CADModel:114 - Register for checkConnection events
2026-05-11 11:05:44,931 [INFO] OpenFileManager:385 - Restore cursor
2026-05-11 11:05:45,814 [WARN] IP:2250 - I2C_Coeff_DF not found: check if there is a RefParameter without a condition.
2026-05-11 11:05:45,815 [WARN] IP:2250 - Analog_Filter not found: check if there is a RefParameter without a condition.
2026-05-11 11:05:45,815 [WARN] IP:2250 - I2C_Coeff_DF not found: check if there is a RefParameter without a condition.
2026-05-11 11:05:45,815 [WARN] IP:2250 - Analog_Filter not found: check if there is a RefParameter without a condition.
2026-05-11 11:12:29,100 [INFO] UtilMem:75 - End SaveConfig() Used Memory: 1006926576 Bytes (1073741824)
2026-05-11 11:12:39,762 [INFO] UtilMem:75 - End SaveConfig() Used Memory: 660084336 Bytes (1073741824)
2026-05-11 11:12:59,824 [INFO] UtilMem:75 - End SaveConfig() Used Memory: 652110768 Bytes (1073741824)
2026-05-11 11:13:06,349 [INFO] BlockDiagram:2775 - set Specific Code input for plugin: SPI
2026-05-11 11:13:06,350 [INFO] BlockDiagram:2775 - set Specific Code input for plugin: SYS
2026-05-11 11:13:06,350 [INFO] BlockDiagram:2775 - set Specific Code input for plugin: RCC
2026-05-11 11:13:06,350 [INFO] BlockDiagram:2775 - set Specific Code input for plugin: NVIC
2026-05-11 11:13:06,351 [INFO] BlockDiagram:2775 - set Specific Code input for plugin: GPIO
2026-05-11 11:13:07,671 [INFO] CodeGenerator:882 - code generatio: config db path: C:\ST\STM32CubeIDE_1.18.0\STM32CubeIDE\plugins\com.st.stm32cube.common.mx_6.14.0.202502271554\\db\
2026-05-11 11:13:11,267 [INFO] CodeEngine:263 - oldGeneratedFile, C:\Users\hp\STM32CubeIDE\workspace_1.18.0\05_HAL_SPI_TEST\MXTmpFiles\license.tmp_save
2026-05-11 11:13:27,240 [INFO] CodeEngine:287 - Generated code: C:\Users\hp\STM32CubeIDE\workspace_1.18.0\05_HAL_SPI_TEST\MXTmpFiles\license.tmp
2026-05-11 11:13:30,029 [INFO] CodeEngine:263 - oldGeneratedFile, C:\Users\hp\STM32CubeIDE\workspace_1.18.0\05_HAL_SPI_TEST\MXTmpFiles\gpio.tmp_save
2026-05-11 11:13:32,284 [INFO] CodeEngine:287 - Generated code: C:\Users\hp\STM32CubeIDE\workspace_1.18.0\05_HAL_SPI_TEST\MXTmpFiles\gpio.tmp
2026-05-11 11:13:33,571 [INFO] CodeEngine:263 - oldGeneratedFile, C:\Users\hp\STM32CubeIDE\workspace_1.18.0\05_HAL_SPI_TEST\Core\Src\stm32f4xx_it.c_save
2026-05-11 11:13:34,985 [INFO] CodeEngine:287 - Generated code: C:\Users\hp\STM32CubeIDE\workspace_1.18.0\05_HAL_SPI_TEST\Core\Src\stm32f4xx_it.c
2026-05-11 11:13:35,007 [INFO] CodeEngine:263 - oldGeneratedFile, C:\Users\hp\STM32CubeIDE\workspace_1.18.0\05_HAL_SPI_TEST\Core\Inc\stm32f4xx_it.h_save
2026-05-11 11:13:35,722 [INFO] CodeEngine:287 - Generated code: C:\Users\hp\STM32CubeIDE\workspace_1.18.0\05_HAL_SPI_TEST\Core\Inc\stm32f4xx_it.h
2026-05-11 11:13:35,770 [INFO] CodeEngine:263 - oldGeneratedFile, C:\Users\hp\STM32CubeIDE\workspace_1.18.0\05_HAL_SPI_TEST\Core\Src\stm32f4xx_hal_msp.c_save
2026-05-11 11:13:38,845 [INFO] CodeEngine:287 - Generated code: C:\Users\hp\STM32CubeIDE\workspace_1.18.0\05_HAL_SPI_TEST\Core\Src\stm32f4xx_hal_msp.c
2026-05-11 11:13:38,865 [INFO] CodeEngine:263 - oldGeneratedFile, C:\Users\hp\STM32CubeIDE\workspace_1.18.0\05_HAL_SPI_TEST\MXTmpFiles\system.tmp_save
2026-05-11 11:13:39,012 [INFO] CodeEngine:287 - Generated code: C:\Users\hp\STM32CubeIDE\workspace_1.18.0\05_HAL_SPI_TEST\MXTmpFiles\system.tmp
2026-05-11 11:13:39,218 [INFO] CodeEngine:319 - oldGeneratedFile, C:\Users\hp\STM32CubeIDE\workspace_1.18.0\05_HAL_SPI_TEST\Core\Inc\stm32f4xx_hal_conf.h_save
2026-05-11 11:13:39,580 [INFO] CodeEngine:343 - Generated code: C:\Users\hp\STM32CubeIDE\workspace_1.18.0\05_HAL_SPI_TEST\Core\Inc\stm32f4xx_hal_conf.h
2026-05-11 11:13:40,866 [INFO] ApiDbMcu:508 - Load IP Config File for SPI1
2026-05-11 11:13:41,112 [INFO] ApiDbMcu:508 - Load IP Config File for RCC
2026-05-11 11:13:41,269 [INFO] CodeEngine:263 - oldGeneratedFile, C:\Users\hp\STM32CubeIDE\workspace_1.18.0\05_HAL_SPI_TEST\Core\Inc\main.h_save
2026-05-11 11:13:41,991 [INFO] CodeEngine:287 - Generated code: C:\Users\hp\STM32CubeIDE\workspace_1.18.0\05_HAL_SPI_TEST\Core\Inc\main.h
2026-05-11 11:13:42,013 [INFO] CodeEngine:263 - oldGeneratedFile, C:\Users\hp\STM32CubeIDE\workspace_1.18.0\05_HAL_SPI_TEST\Core\Src\main.c_save
2026-05-11 11:13:42,754 [INFO] CodeEngine:287 - Generated code: C:\Users\hp\STM32CubeIDE\workspace_1.18.0\05_HAL_SPI_TEST\Core\Src\main.c
2026-05-11 11:14:27,534 [ERROR] ProjectBuilder:7054 - Problem during Copy of File LICENSE.txt
2026-05-11 11:14:29,765 [INFO] ProjectBuilder:3324 - Time for Copy HAL[1] : 19666mS.
2026-05-11 11:14:30,245 [INFO] ProjectBuilder:4912 - Project Generator version: 4.6.0-B36
2026-05-11 11:14:31,083 [INFO] ConfigFileManager:1590 - The Die is : DIE413
2026-05-11 11:14:31,333 [INFO] ApiDbMcu:508 - Load IP Config File for FATFS
2026-05-11 11:14:31,489 [INFO] ApiDbMcu:508 - Load IP Config File for FREERTOS
2026-05-11 11:14:31,498 [INFO] ApiDbMcu:508 - Load IP Config File for LIBJPEG
2026-05-11 11:14:31,510 [INFO] ApiDbMcu:508 - Load IP Config File for LWIP
2026-05-11 11:14:31,527 [INFO] ApiDbMcu:508 - Load IP Config File for MBEDTLS
2026-05-11 11:14:31,546 [INFO] ApiDbMcu:508 - Load IP Config File for USB_DEVICE
2026-05-11 11:14:34,642 [INFO] LogOutputStream:77 - [STDOUT_REDIRECT] 
2026-05-11 11:14:47,137 [INFO] ProjectBuilder:5191 - Time for Generating toolchain IDE Files: 16891mS.
2026-05-11 11:14:47,142 [INFO] ProjectBuilder:3181 - Time for Copy CMSIS : 4mS.
2026-05-11 11:14:47,148 [INFO] ProjectBuilder:3181 - Time for Copy CMSIS : 1mS.
2026-05-11 11:41:34,436 [INFO] MainUpdater:2872 - connection check result : 10
2026-05-11 11:41:34,967 [INFO] McuFinderGlobals:76 - Set McuFinderConnectedMode to true
2026-05-11 11:41:38,648 [INFO] ServerAccessManage:473 - Download File mcusAds.json._tmp_
2026-05-11 11:41:41,363 [INFO] LoadUrlFilesThread:156 - End of LoadUrlFiles Thread
2026-05-11 11:41:41,945 [INFO] ServerAccessManage:473 - Download File cube-finder-db.zip
2026-05-11 11:41:51,896 [INFO] FileExtend:242 - Unzip File : cube-finder-db.zip
2026-05-11 11:41:51,897 [INFO] FileExtend:257 - Standard Zip Deflate
2026-05-11 11:43:12,712 [INFO] LoadUrlFilesThread:156 - End of LoadUrlFiles Thread
2026-05-11 11:43:14,919 [INFO] ServerAccessManage:473 - Download File crdb.zip
2026-05-11 11:43:16,224 [INFO] FileExtend:242 - Unzip File : crdb.zip
2026-05-11 11:43:16,225 [INFO] FileExtend:257 - Standard Zip Deflate
2026-05-11 11:43:16,936 [INFO] LoadUrlFilesThread:156 - End of LoadUrlFiles Thread
2026-05-11 11:43:17,696 [INFO] ServerAccessManage:473 - Download File tutoVideoDB.zip
2026-05-11 11:43:17,771 [INFO] FileExtend:242 - Unzip File : tutoVideoDB.zip
2026-05-11 11:43:17,772 [INFO] FileExtend:257 - Standard Zip Deflate
2026-05-11 11:43:17,939 [INFO] LoadUrlFilesThread:156 - End of LoadUrlFiles Thread
2026-05-11 11:43:21,944 [WARN] DbFile:41 - Overriding database path with different value: C:\Users\hp\.stmcufinder\plugins\mcufinder/ => C:\Users\hp\.stmcufinder\plugins\mcufinder
2026-05-11 11:43:22,939 [ERROR] ServerAccessManage:1089 - Problem, file not found on Server
2026-05-11 11:43:23,065 [ERROR] ServerAccessManage:651 - Problem, file not found on Server : api_config.json.
2026-05-11 11:43:47,576 [INFO] LoadUrlFilesThread:156 - End of LoadUrlFiles Thread
2026-05-11 11:45:05,860 [INFO] DbMcusAds:53 - JSON generation date=Mon Apr 27 13:44:29 IST 2026 (1777277669683)
2026-05-11 11:45:18,851 [INFO] ApiDb:448 - Save user favorites file C:\Users\hp/.stm32cubeide/favorites.mcus.txt: 0 item(s)
2026-05-11 11:45:18,934 [INFO] ApiDb:452 - User favorites MCUs=[]
2026-05-11 11:45:22,866 [INFO] ApiDb:581 - Connected to CubeFinder SQLite database (C:\Users\hp\.stmcufinder\plugins\mcufinder\mcu\cube-finder-db.db)
2026-05-11 11:45:23,258 [INFO] WebApp:194 - Connection lost
2026-05-11 11:45:23,760 [INFO] ApiDb:668 - CubeFinder database Data Model version=2.1
2026-05-11 11:45:23,760 [INFO] ApiDb:669 - CubeFinder database Configuration version=3.0.42
2026-05-11 11:45:23,760 [INFO] ApiDb:670 - CubeFinder database generation date=2026-05-06 (1778060171)
2026-05-11 11:45:23,761 [INFO] ApiDb:671 - CubeFinder database FW Pack versions=[FP-ATR-ASTRA1_V2.0.0, FP-SNS-FLIGHT1_V5.1.0, FP-SNS-MOTENV1_V5.1.0, FP-SNS-MOTENVWB1_V1.5.0, FP-SNS-SMARTAG2_V1.2.0, FP-SNS-STBOX1_V2.1.0, STM32Cube_FW_C0_V1.4.0, STM32Cube_FW_F4_V1.28.3, STM32Cube_FW_F7_V1.17.4, STM32Cube_FW_G0_V1.6.3, STM32Cube_FW_G4_V1.6.2, STM32Cube_FW_H5_V1.6.0, STM32Cube_FW_H7RS_V1.3.0, STM32Cube_FW_H7_V1.13.0, STM32Cube_FW_L0_V1.12.2, STM32Cube_FW_L4_V1.18.2, STM32Cube_FW_L5_V1.6.0, STM32Cube_FW_N6_V1.3.0, STM32Cube_FW_U0_V1.3.0, STM32Cube_FW_U3_V1.3.0, STM32Cube_FW_U5_V1.8.0, STM32Cube_FW_WB0_V1.4.0, STM32Cube_FW_WBA_V1.9.0, STM32Cube_FW_WB_V1.24.0, STM32Cube_FW_WL3_V1.4.0, STM32Cube_FW_WL_V1.5.0, X-CUBE-ALGOBUILD_V1.4.0, X-CUBE-ALS_V1.0.2, X-CUBE-AZRTOS-F4_V1.1.0, X-CUBE-AZRTOS-F7_V1.1.0, X-CUBE-AZRTOS-G0_V1.1.0, X-CUBE-AZRTOS-G4_V2.0.0, X-CUBE-AZRTOS-H7RS_V1.1.0, X-CUBE-AZRTOS-H7_V3.5.0, X-CUBE-AZRTOS-L4_V2.0.0, X-CUBE-AZRTOS-L5_V2.0.0, X-CUBE-AZRTOS-WB_V2.0.0, X-CUBE-AZRTOS-WL_V2.0.0, X-CUBE-BLE1_V7.1.0, X-CUBE-BLE2_V3.3.0, X-CUBE-BLEMGR_V4.1.0, X-CUBE-EEPRMA1_V5.2.0, X-CUBE-FREERTOS_V1.5.0, X-CUBE-GNSS1_V6.0.0, X-CUBE-MEMS1_V12.0.0, X-CUBE-NFC4_V3.0.0, X-CUBE-NFC7_V2.0.0, X-CUBE-SFXS2LP1_V4.0.0, X-CUBE-ST67W61_V1.2.0, X-CUBE-SUBG2_V5.0.0, X-CUBE-TOF1_V3.4.3]
2026-05-11 11:45:36,932 [INFO] ApiDb:240 - Found 895 in-development CPN: [B-G473E-ZEST1S, B-WB1M-WPAN1, B-WBA5M-WPAN, B-WL5M-SUBG1, NUCLEO-C031C6, NUCLEO-C051C8, NUCLEO-C071RB, NUCLEO-C092RC, NUCLEO-H503RB, NUCLEO-H533RE, NUCLEO-H563ZI, NUCLEO-H7S3L8, NUCLEO-N657X0-Q, NUCLEO-U031R8, NUCLEO-U083RC, NUCLEO-U385RG-Q, NUCLEO-U545RE-Q, NUCLEO-U5A5ZJ-Q, NUCLEO-WB05KZ, NUCLEO-WB07CC, NUCLEO-WB09KE, NUCLEO-WBA52CG, NUCLEO-WBA55CG, NUCLEO-WBA65RI, NUCLEO-WL33CC1, NUCLEO-WL33CC2, STEVAL-PROTEUS1, STEVAL-SMARTAG2, STEVAL-STWINBX1, STM320518-EVAL, STM32C0116-DK, STM32C011D6Y3TR, STM32C011D6Y6TR, STM32C011F4P3, STM32C011F4P6, STM32C011F4U3, STM32C011F4U6TR, STM32C011F6P3, STM32C011F6P6, STM32C011F6U3, STM32C011F6U6TR, STM32C011J4M3, STM32C011J4M6, STM32C011J6M3, STM32C011J6M6, STM32C0316-DK, STM32C031C4T3, STM32C031C4T6, STM32C031C4U3, STM32C031C4U6, STM32C031C6T3, STM32C031C6T6, STM32C031C6U3, STM32C031C6U6, STM32C031F4P3, STM32C031F4P6, STM32C031F6P3, STM32C031F6P6, STM32C031G4U3, STM32C031G4U6, STM32C031G6U3, STM32C031G6U6, STM32C031K4T3, STM32C031K4T6, STM32C031K4U3, STM32C031K4U6, STM32C031K6T3, STM32C031K6T6, STM32C031K6U3, STM32C031K6U6, STM32C051C6T6, STM32C051C6U6, STM32C051C8T6, STM32C051C8U6, STM32C051D8Y6TR, STM32C051F6P6, STM32C051F8P6, STM32C051G6U6, STM32C051G8U6, STM32C051K6T6, STM32C051K6U6, STM32C051K8T6, STM32C071C8T6, STM32C071C8T6N, STM32C071C8U6, STM32C071C8U6N, STM32C071CBT6, STM32C071CBT6N, STM32C071CBU6, STM32C071CBU6N, STM32C071F8P6, STM32C071F8P6N, STM32C071FBP6, STM32C071FBP6N, STM32C071FBY6TR, STM32C071G8U6, STM32C071G8U6N, STM32C071GBU6, STM32C071GBU6N, STM32C071K8T6, STM32C071K8T6N, STM32C071K8U6, STM32C071K8U6N, STM32C071KBT6, STM32C071KBT6N, STM32C071KBU6, STM32C071KBU6N, STM32C071R8T6, STM32C071R8T6N, STM32C071RBI6N, STM32C071RBT6, STM32C071RBT6N, STM32C091CBT6, STM32C091CBU6, STM32C091CCT6, STM32C091CCU6, STM32C091ECY6TR, STM32C091FBP6, STM32C091FCP6, STM32C091GBU6, STM32C091GCU6, STM32C091KBT6, STM32C091KBU6, STM32C091KCT6, STM32C091KCU6, STM32C091RBT6, STM32C091RCI6, STM32C091RCT6, STM32C092CBT6, STM32C092CBU6, STM32C092CCT6, STM32C092CCU6, STM32C092ECY6TR, STM32C092FBP6, STM32C092FCP6, STM32C092GBU6, STM32C092GCU6, STM32C092KBT6, STM32C092KBU6, STM32C092KCT6, STM32C092KCU6, STM32C092RBT6, STM32C092RCI6, STM32C092RCT6, STM32G071K8TXN, STM32G071K8UXN, STM32G081GBU6N, STM32G081KBT6N, STM32G081KBUXN, STM32G0B1CCT6N, STM32G0B1KCT6, STM32G0B1NEY6TR, STM32G0B1RCT6N, STM32G0C1CCT6, STM32G0C1CCT6N, STM32G0C1CCU6N, STM32G0C1CET6N, STM32G0C1CEU6N, STM32G0C1KCT6, STM32G0C1NEY6TR, STM32G0C1RCI6N, STM32G0C1RCT6N, STM32G0C1REI6N, STM32G0C1RET6N, STM32G0C1VCI6, STM32G0C1VEI6, STM32G411C6T3, STM32G411C6T6, STM32G411C6U3, STM32G411C6U6, STM32G411C8T3, STM32G411C8T6, STM32G411C8U3, STM32G411C8U6, STM32G411CBT3, STM32G411CBT6, STM32G411CBU3, STM32G411CBU6, STM32G411CCT3, STM32G411CCT6, STM32G411CCU3, STM32G411CCU6, STM32G411K6T3, STM32G411K6T6, STM32G411K6U3, STM32G411K6U6, STM32G411K8T3, STM32G411K8T6, STM32G411K8U3, STM32G411K8U6, STM32G411KBT3, STM32G411KBT6, STM32G411KBU3, STM32G411KBU6, STM32G411M6T3, STM32G411M6T6, STM32G411M8T3, STM32G411M8T6, STM32G411MBT3, STM32G411MBT6, STM32G411MCT3, STM32G411MCT6, STM32G411R6T3, STM32G411R6T6, STM32G411R8T3, STM32G411R8T6, STM32G411RBT3, STM32G411RBT6, STM32G411RCT3, STM32G411RCT6, STM32G414CBT3, STM32G414CBT6, STM32G414CBU3, STM32G414CBU6, STM32G414CCT3, STM32G414CCT6, STM32G414CCU3, STM32G414CCU6, STM32G414MBT3, STM32G414MBT6, STM32G414MCT3, STM32G414MCT6, STM32G414RBT3, STM32G414RBT6, STM32G414RCT3, STM32G414RCT6, STM32G414VBT3, STM32G414VBT6, STM32G414VCT3, STM32G414VCT6, STM32G431CBT3Z, STM32G431RBT3Z, STM32G471CCT6, STM32G471CCU6, STM32G471CET3, STM32G471CET6, STM32G471CEU3, STM32G471CEU6, STM32G471MCT6, STM32G471MET3, STM32G471MET6, STM32G471MEY6TR, STM32G471QCT6, STM32G471QET3, STM32G471RCT6, STM32G471RET3, STM32G471RET6, STM32G471VCH6, STM32G471VCI6, STM32G471VCT6, STM32G471VEH3, STM32G471VEH6, STM32G471VEI3, STM32G471VEI6, STM32G471VET3, STM32G471VET6, STM32G473QET3Z, STM32G473RET3Z, STM32G474CCT6, STM32G491RET3Z, STM32H503CBT6, STM32H503CBU6, STM32H503EBY6TR, STM32H503KBU6, STM32H503RBT6, STM32H523CCT6, STM32H523CCU6, STM32H523CET6, STM32H523CEU6, STM32H523HEY6TR, STM32H523RCT6, STM32H523RET6, STM32H523VCI6, STM32H523VCT6, STM32H523VEI6, STM32H523VET6, STM32H523ZCJ6, STM32H523ZCT6, STM32H523ZEJ6, STM32H523ZET6, STM32H533CET6, STM32H533CEU6, STM32H533HEY6TR, STM32H533RET6, STM32H533VEI6, STM32H533VET6, STM32H533ZEJ6, STM32H533ZET6, STM32H562AGI6, STM32H562AII6, STM32H562IGK6, STM32H562IGT6, STM32H562IIK6, STM32H562IIT6, STM32H562RGT6, STM32H562RGV6, STM32H562RIT6, STM32H562RIV6, STM32H562VGT6, STM32H562VIT6, STM32H562ZGT6, STM32H562ZIT6, STM32H563AGI6, STM32H563AII3Q, STM32H563AII6, STM32H563IGK6, STM32H563IGT6, STM32H563IIK3Q, STM32H563IIK6, STM32H563IIT3Q, STM32H563IIT6, STM32H563MIY3QTR, STM32H563RGT6, STM32H563RGV6, STM32H563RIT6, STM32H563RIV6, STM32H563VGT6, STM32H563VIT3Q, STM32H563VIT6, STM32H563ZGT6, STM32H563ZIT3Q, STM32H563ZIT6, STM32H573AII3Q, STM32H573AII6, STM32H573I-DK, STM32H573IIK3Q, STM32H573IIK6, STM32H573IIT3Q, STM32H573IIT6, STM32H573MIY3QTR, STM32H573RIT6, STM32H573RIV6, STM32H573VIT3Q, STM32H573VIT6, STM32H573ZIT3Q, STM32H573ZIT6, STM32H7R3A8I6, STM32H7R3I8K6, STM32H7R3I8T6, STM32H7R3L8H6, STM32H7R3L8H6H, STM32H7R3R8V6, STM32H7R3V8H6, STM32H7R3V8T6, STM32H7R3V8Y6TR, STM32H7R3Z8J6, STM32H7R3Z8T6, STM32H7R7A8I6, STM32H7R7I8K6, STM32H7R7I8T6, STM32H7R7L8H6, STM32H7R7L8H6H, STM32H7R7Z8J6, STM32H7S3A8I6, STM32H7S3I8K6, STM32H7S3I8T6, STM32H7S3L8H6, STM32H7S3L8H6H, STM32H7S3R8V6, STM32H7S3V8H6, STM32H7S3V8T6, STM32H7S3V8Y6TR, STM32H7S3Z8J6, STM32H7S3Z8T6, STM32H7S78-DK, STM32H7S7A8I6, STM32H7S7I8K6, STM32H7S7I8T6, STM32H7S7L8H6, STM32H7S7L8H6H, STM32H7S7Z8J6, STM32L4R5QGI6STR, STM32MP131AAE3, STM32MP131AAF3, STM32MP131AAG3, STM32MP131CAE3, STM32MP131CAF3, STM32MP131CAG3, STM32MP131DAE7, STM32MP131DAF7, STM32MP131DAG7, STM32MP131FAE7, STM32MP131FAF7, STM32MP131FAG7, STM32MP133AAE3, STM32MP133AAF3, STM32MP133AAG3, STM32MP133CAE3, STM32MP133CAF3, STM32MP133CAG3, STM32MP133DAE7, STM32MP133DAF7, STM32MP133DAG7, STM32MP133FAE7, STM32MP133FAF7, STM32MP133FAG7, STM32MP135AAE3, STM32MP135AAF3, STM32MP135AAG3, STM32MP135CAE3, STM32MP135CAF3, STM32MP135CAG3, STM32MP135DAE7, STM32MP135DAF7, STM32MP135DAG7, STM32MP135F-DK, STM32MP135FAE7, STM32MP135FAF7, STM32MP135FAF7T, STM32MP135FAF7U, STM32MP135FAG7, STM32MP231AAJ3, STM32MP231AAK3, STM32MP231AAL3, STM32MP231CAJ3, STM32MP231CAK3, STM32MP231CAL3, STM32MP231DAJ3, STM32MP231DAK3, STM32MP231DAL3, STM32MP231FAJ3, STM32MP231FAK3, STM32MP231FAL3, STM32MP233AAJ3, STM32MP233AAK3, STM32MP233AAL3, STM32MP233CAJ3, STM32MP233CAK3, STM32MP233CAL3, STM32MP233DAJ3, STM32MP233DAK3, STM32MP233DAL3, STM32MP233FAJ3, STM32MP233FAK3, STM32MP233FAL3, STM32MP235AAJ3, STM32MP235AAK3, STM32MP235AAL3, STM32MP235CAJ3, STM32MP235CAK3, STM32MP235CAL3, STM32MP235DAJ3, STM32MP235DAK3, STM32MP235DAL3, STM32MP235FAJ3, STM32MP235FAK3, STM32MP235FAL3, STM32MP251AAI3, STM32MP251AAJ3, STM32MP251AAK3, STM32MP251AAL3, STM32MP251CAI3, STM32MP251CAJ3, STM32MP251CAK3, STM32MP251CAL3, STM32MP251DAI3, STM32MP251DAJ3, STM32MP251DAK3, STM32MP251DAL3, STM32MP251FAI3, STM32MP251FAJ3, STM32MP251FAK3, STM32MP251FAL3, STM32MP253AAI3, STM32MP253AAJ3, STM32MP253AAK3, STM32MP253AAL3, STM32MP253CAI3, STM32MP253CAJ3, STM32MP253CAK3, STM32MP253CAL3, STM32MP253DAI3, STM32MP253DAJ3, STM32MP253DAK3, STM32MP253DAL3, STM32MP253FAI3, STM32MP253FAJ3, STM32MP253FAK3, STM32MP253FAL3, STM32MP255AAI3, STM32MP255AAJ3, STM32MP255AAK3, STM32MP255AAL3, STM32MP255CAI3, STM32MP255CAJ3, STM32MP255CAK3, STM32MP255CAL3, STM32MP255DAI3, STM32MP255DAJ3, STM32MP255DAK3, STM32MP255DAL3, STM32MP255FAI3, STM32MP255FAJ3, STM32MP255FAK3, STM32MP255FAL3, STM32MP257AAI3, STM32MP257AAJ3, STM32MP257AAK3, STM32MP257AAL3, STM32MP257CAI3, STM32MP257CAJ3, STM32MP257CAK3, STM32MP257CAL3, STM32MP257DAI3, STM32MP257DAJ3, STM32MP257DAK3, STM32MP257DAL3, STM32MP257F-DK, STM32MP257F-EV1, STM32MP257FAI3, STM32MP257FAJ3, STM32MP257FAK3, STM32MP257FAL3, STM32N645A0H3Q, STM32N645B0H3Q, STM32N645I0H3Q, STM32N645L0H3Q, STM32N645X0H3Q, STM32N645Z0H3Q, STM32N647A0H3Q, STM32N647B0H3Q, STM32N647I0H3Q, STM32N647L0H3Q, STM32N647X0H3Q, STM32N647Z0H3Q, STM32N655A0H3Q, STM32N655B0H3Q, STM32N655I0H3Q, STM32N655L0H3Q, STM32N655X0H3Q, STM32N655Z0H3Q, STM32N6570-DK, STM32N657A0H3Q, STM32N657B0H3Q, STM32N657I0H3Q, STM32N657L0H3Q, STM32N657X0H3Q, STM32N657Z0H3Q, STM32U031C6T6, STM32U031C6U6, STM32U031C8T6, STM32U031C8U6, STM32U031F4P6, STM32U031F6P6, STM32U031F8P6, STM32U031G6Y6TR, STM32U031G8Y6TR, STM32U031K4U6, STM32U031K6U6, STM32U031K8U6, STM32U031R6I6, STM32U031R6T6, STM32U031R8I6, STM32U031R8T6, STM32U073C8T6, STM32U073C8U6, STM32U073CBT6, STM32U073CBU6, STM32U073CCT6, STM32U073CCU6, STM32U073H8Y6TR, STM32U073HBY6TR, STM32U073HCY6TR, STM32U073K8U6, STM32U073KBU6, STM32U073KCU6, STM32U073M8I6, STM32U073M8T6, STM32U073MBI6, STM32U073MBT6, STM32U073MCI6, STM32U073MCT6, STM32U073R8I6, STM32U073R8T6, STM32U073RBI6, STM32U073RBT6, STM32U073RCI6, STM32U073RCT6, STM32U083C-DK, STM32U083CCT6, STM32U083CCU6, STM32U083HCY6TR, STM32U083KCU6, STM32U083MCI6, STM32U083MCT6, STM32U083RCI6, STM32U083RCT6, STM32U375CET6, STM32U375CET6Q, STM32U375CEU6, STM32U375CEU6Q, STM32U375CEY6QTR, STM32U375CGT6, STM32U375CGT6Q, STM32U375CGU6, STM32U375CGU6Q, STM32U375CGY6QTR, STM32U375KEU6, STM32U375KGU6, STM32U375REI6, STM32U375REI6Q, STM32U375RET6, STM32U375RET6Q, STM32U375REY6GTR, STM32U375REY6QTR, STM32U375RGI6, STM32U375RGI6Q, STM32U375RGT6, STM32U375RGT6Q, STM32U375RGY6GTR, STM32U375RGY6QTR, STM32U375VEI6, STM32U375VEI6Q, STM32U375VET6, STM32U375VET6Q, STM32U375VGI6, STM32U375VGI6Q, STM32U375VGT6, STM32U375VGT6Q, STM32U385CGT6, STM32U385CGT6Q, STM32U385CGU6, STM32U385CGU6Q, STM32U385CGY6QTR, STM32U385KGU6, STM32U385RGI6, STM32U385RGI6Q, STM32U385RGT6, STM32U385RGT6Q, STM32U385RGY6GTR, STM32U385RGY6QTR, STM32U385VGI6, STM32U385VGI6Q, STM32U385VGT6, STM32U385VGT6Q, STM32U535CBT6, STM32U535CBT6Q, STM32U535CBU6, STM32U535CBU6Q, STM32U535CCT6, STM32U535CCT6Q, STM32U535CCU6, STM32U535CCU6Q, STM32U535CET6, STM32U535CET6Q, STM32U535CEU6, STM32U535CEU6Q, STM32U535JEY6QTR, STM32U535NCY6QTR, STM32U535NEY6QTR, STM32U535RBI6, STM32U535RBI6Q, STM32U535RBT6, STM32U535RBT6Q, STM32U535RCI6, STM32U535RCI6Q, STM32U535RCT6, STM32U535RCT6Q, STM32U535REI6, STM32U535REI6Q, STM32U535RET6, STM32U535RET6Q, STM32U535VCI6, STM32U535VCI6Q, STM32U535VCT6, STM32U535VCT6Q, STM32U535VEI6, STM32U535VEI6Q, STM32U535VET6, STM32U535VET6Q, STM32U545CET6, STM32U545CET6Q, STM32U545CEU6, STM32U545CEU6Q, STM32U545JEY6QTR, STM32U545NEY6QTR, STM32U545REI6, STM32U545REI6Q, STM32U545RET6, STM32U545RET6Q, STM32U545VEI6, STM32U545VEI6Q, STM32U545VET6, STM32U545VET6Q, STM32U595AIH6, STM32U595AIH6Q, STM32U595AJH6, STM32U595AJH6Q, STM32U595QII6, STM32U595QII6Q, STM32U595QJI6, STM32U595QJI6Q, STM32U595RIT6, STM32U595RIT6Q, STM32U595RJT6, STM32U595RJT6Q, STM32U595VIT6, STM32U595VIT6Q, STM32U595VJT6, STM32U595VJT6Q, STM32U595ZIT6, STM32U595ZIT6Q, STM32U595ZIY6QTR, STM32U595ZJT6, STM32U595ZJT6Q, STM32U595ZJY6QTR, STM32U599BJY6QTR, STM32U599NIH6Q, STM32U599NJH6Q, STM32U599VIT6Q, STM32U599VJT6, STM32U599VJT6Q, STM32U599ZIT6Q, STM32U599ZIY6QTR, STM32U599ZJT6Q, STM32U599ZJY6QTR, STM32U5A5AJH6, STM32U5A5AJH6Q, STM32U5A5QII3Q , STM32U5A5QJI6, STM32U5A5QJI6Q, STM32U5A5RJT6, STM32U5A5RJT6Q, STM32U5A5VJT6, STM32U5A5VJT6Q, STM32U5A5ZJT6, STM32U5A5ZJT6Q, STM32U5A5ZJY6QTR, STM32U5A9BJY6QTR, STM32U5A9J-DK, STM32U5A9NJH6Q, STM32U5A9VJT6Q, STM32U5A9ZJT6Q, STM32U5A9ZJY6QTR, STM32U5F7VIT6, STM32U5F7VIT6Q, STM32U5F7VJT6, STM32U5F7VJT6Q, STM32U5F9BJY6QTR, STM32U5F9NJH6Q, STM32U5F9VIT6Q, STM32U5F9VJT6Q, STM32U5F9ZIJ6QTR, STM32U5F9ZIT6Q, STM32U5F9ZJJ6QTR, STM32U5F9ZJT6Q, STM32U5G7VJT6, STM32U5G7VJT6Q, STM32U5G9BJY6QTR, STM32U5G9J-DK1, STM32U5G9J-DK2, STM32U5G9NJH6Q, STM32U5G9VJT6Q, STM32U5G9ZJJ6QTR, STM32U5G9ZJT6Q, STM32WB05KZV6TR, STM32WB05KZV7TR, STM32WB05TZF6TR, STM32WB05TZF7TR, STM32WB06CCF6TR, STM32WB06CCF7TR, STM32WB06CCV6TR, STM32WB06CCV7TR, STM32WB06KCV6TR, STM32WB06KCV7TR, STM32WB07CCF6TR, STM32WB07CCF7TR, STM32WB07CCV6TR, STM32WB07CCV7TR, STM32WB07KCV6TR, STM32WB07KCV7TR, STM32WB09KEV6TR, STM32WB09KEV7TR, STM32WB09TEF6TR, STM32WB09TEF7TR, STM32WB1MMCH6, STM32WBA50KGU6, STM32WBA50KGU6TR, STM32WBA52CEU6, STM32WBA52CEU6TR, STM32WBA52CEU7, STM32WBA52CEU7TR, STM32WBA52CGU6, STM32WBA52CGU6TR, STM32WBA52CGU6U, STM32WBA52CGU7, STM32WBA52CGU7TR, STM32WBA52KEU6, STM32WBA52KEU6TR, STM32WBA52KGU6, STM32WBA52KGU6TR, STM32WBA54CEU6, STM32WBA54CEU6TR, STM32WBA54CEU7, STM32WBA54CEU7TR, STM32WBA54CGU6, STM32WBA54CGU6TR, STM32WBA54CGU7, STM32WBA54CGU7TR, STM32WBA54KEU6, STM32WBA54KEU6TR, STM32WBA54KEU7, STM32WBA54KEU7TR, STM32WBA54KGU6, STM32WBA54KGU6TR, STM32WBA54KGU7, STM32WBA54KGU7TR, STM32WBA55CEU6, STM32WBA55CEU6TR, STM32WBA55CEU7, STM32WBA55CEU7TR, STM32WBA55CGU6, STM32WBA55CGU6TR, STM32WBA55CGU6U, STM32WBA55CGU7, STM32WBA55CGU7TR, STM32WBA55G-DK1, STM32WBA55HEF6, STM32WBA55HEF7, STM32WBA55HGF6, STM32WBA55HGF7, STM32WBA55UEI6, STM32WBA55UEI6TR, STM32WBA55UEI7, STM32WBA55UEI7TR, STM32WBA55UGI6, STM32WBA55UGI6TR, STM32WBA55UGI7, STM32WBA55UGI7TR, STM32WBA5MJGH6TR, STM32WBA62CGU6, STM32WBA62CIU6, STM32WBA62MGF6, STM32WBA62MIF6, STM32WBA62PGI6, STM32WBA62PII6, STM32WBA63CGU6, STM32WBA63CGU7, STM32WBA63CIU6, STM32WBA63CIU7, STM32WBA64CGU6, STM32WBA64CGU7, STM32WBA64CIU6, STM32WBA64CIU7, STM32WBA65CGU6, STM32WBA65CGU7, STM32WBA65CIU6, STM32WBA65CIU7, STM32WBA65I-DK1, STM32WBA65MGF6, STM32WBA65MGF7, STM32WBA65MIF6, STM32WBA65MIF7, STM32WBA65PGI6, STM32WBA65PGI7, STM32WBA65PII6, STM32WBA65PII7, STM32WBA65RGV6, STM32WBA65RGV7, STM32WBA65RIV6, STM32WBA65RIV7, STM32WL30K8V6, STM32WL30KBV6, STM32WL31C8V6, STM32WL31CBV6, STM32WL31K8V6, STM32WL31KBV6, STM32WL33C8V6, STM32WL33C8V6TR, STM32WL33C8V7, STM32WL33C8V7TR, STM32WL33CBV6, STM32WL33CBV6TR, STM32WL33CBV7, STM32WL33CBV7TR, STM32WL33CCV6, STM32WL33CCV6TR, STM32WL33CCV7, STM32WL33CCV7A, STM32WL33CCV7ATR, STM32WL33CCV7TR, STM32WL33K8V6, STM32WL33K8V6TR, STM32WL33K8V7, STM32WL33K8V7TR, STM32WL33KBV6, STM32WL33KBV6TR, STM32WL33KBV7, STM32WL33KBV7TR, STM32WL33KCV6, STM32WL33KCV6TR, STM32WL33KCV7, STM32WL33KCV7TR, STM32WL5MOCH6, STM32WL5MOCH6TR]
2026-05-11 11:45:37,063 [INFO] DbMcus:218 - Found 5082 MCUs, 4964 are supported
2026-05-11 11:45:37,251 [INFO] ApiDb:423 - Load user favorites file C:\Users\hp/.stm32cubeide/favorites.mcus.txt: 0 item(s)
2026-05-11 11:45:37,252 [INFO] ApiDb:427 - User favorites MCUs=[]
2026-05-11 11:45:37,252 [INFO] DbMcus:224 - Set 0 / 0 favorites MCUs
2026-05-11 11:45:47,564 [INFO] ApiDb:448 - Save user favorites file C:\Users\hp/.stm32cubeide/favorites.boards.txt: 0 item(s)
2026-05-11 11:45:47,565 [INFO] ApiDb:452 - User favorites Boards=[]
2026-05-11 11:45:47,631 [INFO] ApiDb:581 - Connected to CubeFinder SQLite database (C:\Users\hp\.stmcufinder\plugins\mcufinder\mcu\cube-finder-db.db)
2026-05-11 11:45:48,003 [INFO] ApiDb:668 - CubeFinder database Data Model version=2.1
2026-05-11 11:45:48,003 [INFO] ApiDb:669 - CubeFinder database Configuration version=3.0.42
2026-05-11 11:45:48,003 [INFO] ApiDb:670 - CubeFinder database generation date=2026-05-06 (1778060171)
2026-05-11 11:45:48,004 [INFO] ApiDb:671 - CubeFinder database FW Pack versions=[FP-ATR-ASTRA1_V2.0.0, FP-SNS-FLIGHT1_V5.1.0, FP-SNS-MOTENV1_V5.1.0, FP-SNS-MOTENVWB1_V1.5.0, FP-SNS-SMARTAG2_V1.2.0, FP-SNS-STBOX1_V2.1.0, STM32Cube_FW_C0_V1.4.0, STM32Cube_FW_F4_V1.28.3, STM32Cube_FW_F7_V1.17.4, STM32Cube_FW_G0_V1.6.3, STM32Cube_FW_G4_V1.6.2, STM32Cube_FW_H5_V1.6.0, STM32Cube_FW_H7RS_V1.3.0, STM32Cube_FW_H7_V1.13.0, STM32Cube_FW_L0_V1.12.2, STM32Cube_FW_L4_V1.18.2, STM32Cube_FW_L5_V1.6.0, STM32Cube_FW_N6_V1.3.0, STM32Cube_FW_U0_V1.3.0, STM32Cube_FW_U3_V1.3.0, STM32Cube_FW_U5_V1.8.0, STM32Cube_FW_WB0_V1.4.0, STM32Cube_FW_WBA_V1.9.0, STM32Cube_FW_WB_V1.24.0, STM32Cube_FW_WL3_V1.4.0, STM32Cube_FW_WL_V1.5.0, X-CUBE-ALGOBUILD_V1.4.0, X-CUBE-ALS_V1.0.2, X-CUBE-AZRTOS-F4_V1.1.0, X-CUBE-AZRTOS-F7_V1.1.0, X-CUBE-AZRTOS-G0_V1.1.0, X-CUBE-AZRTOS-G4_V2.0.0, X-CUBE-AZRTOS-H7RS_V1.1.0, X-CUBE-AZRTOS-H7_V3.5.0, X-CUBE-AZRTOS-L4_V2.0.0, X-CUBE-AZRTOS-L5_V2.0.0, X-CUBE-AZRTOS-WB_V2.0.0, X-CUBE-AZRTOS-WL_V2.0.0, X-CUBE-BLE1_V7.1.0, X-CUBE-BLE2_V3.3.0, X-CUBE-BLEMGR_V4.1.0, X-CUBE-EEPRMA1_V5.2.0, X-CUBE-FREERTOS_V1.5.0, X-CUBE-GNSS1_V6.0.0, X-CUBE-MEMS1_V12.0.0, X-CUBE-NFC4_V3.0.0, X-CUBE-NFC7_V2.0.0, X-CUBE-SFXS2LP1_V4.0.0, X-CUBE-ST67W61_V1.2.0, X-CUBE-SUBG2_V5.0.0, X-CUBE-TOF1_V3.4.3]
2026-05-11 11:45:48,444 [INFO] DbBoardsSqlite:226 - include board P-NUCLEO-WB55-NUCLEO as a kit item of type 'Nucleo-64'
2026-05-11 11:45:48,446 [INFO] DbBoardsSqlite:226 - include board P-NUCLEO-WB55-USBDONGLE as a kit item of type 'Nucleo USB Dongle'
2026-05-11 11:45:48,447 [INFO] DbBoardsSqlite:226 - include board STEVAL-IDP005V1 as a kit item of type 'Evaluation Board'
2026-05-11 11:45:48,447 [INFO] DbBoardsSqlite:226 - include board STEVAL-IDP005V2 as a kit item of type 'Evaluation Board'
2026-05-11 11:45:48,739 [INFO] ApiDb:240 - Found 895 in-development CPN: [B-G473E-ZEST1S, B-WB1M-WPAN1, B-WBA5M-WPAN, B-WL5M-SUBG1, NUCLEO-C031C6, NUCLEO-C051C8, NUCLEO-C071RB, NUCLEO-C092RC, NUCLEO-H503RB, NUCLEO-H533RE, NUCLEO-H563ZI, NUCLEO-H7S3L8, NUCLEO-N657X0-Q, NUCLEO-U031R8, NUCLEO-U083RC, NUCLEO-U385RG-Q, NUCLEO-U545RE-Q, NUCLEO-U5A5ZJ-Q, NUCLEO-WB05KZ, NUCLEO-WB07CC, NUCLEO-WB09KE, NUCLEO-WBA52CG, NUCLEO-WBA55CG, NUCLEO-WBA65RI, NUCLEO-WL33CC1, NUCLEO-WL33CC2, STEVAL-PROTEUS1, STEVAL-SMARTAG2, STEVAL-STWINBX1, STM320518-EVAL, STM32C0116-DK, STM32C011D6Y3TR, STM32C011D6Y6TR, STM32C011F4P3, STM32C011F4P6, STM32C011F4U3, STM32C011F4U6TR, STM32C011F6P3, STM32C011F6P6, STM32C011F6U3, STM32C011F6U6TR, STM32C011J4M3, STM32C011J4M6, STM32C011J6M3, STM32C011J6M6, STM32C0316-DK, STM32C031C4T3, STM32C031C4T6, STM32C031C4U3, STM32C031C4U6, STM32C031C6T3, STM32C031C6T6, STM32C031C6U3, STM32C031C6U6, STM32C031F4P3, STM32C031F4P6, STM32C031F6P3, STM32C031F6P6, STM32C031G4U3, STM32C031G4U6, STM32C031G6U3, STM32C031G6U6, STM32C031K4T3, STM32C031K4T6, STM32C031K4U3, STM32C031K4U6, STM32C031K6T3, STM32C031K6T6, STM32C031K6U3, STM32C031K6U6, STM32C051C6T6, STM32C051C6U6, STM32C051C8T6, STM32C051C8U6, STM32C051D8Y6TR, STM32C051F6P6, STM32C051F8P6, STM32C051G6U6, STM32C051G8U6, STM32C051K6T6, STM32C051K6U6, STM32C051K8T6, STM32C071C8T6, STM32C071C8T6N, STM32C071C8U6, STM32C071C8U6N, STM32C071CBT6, STM32C071CBT6N, STM32C071CBU6, STM32C071CBU6N, STM32C071F8P6, STM32C071F8P6N, STM32C071FBP6, STM32C071FBP6N, STM32C071FBY6TR, STM32C071G8U6, STM32C071G8U6N, STM32C071GBU6, STM32C071GBU6N, STM32C071K8T6, STM32C071K8T6N, STM32C071K8U6, STM32C071K8U6N, STM32C071KBT6, STM32C071KBT6N, STM32C071KBU6, STM32C071KBU6N, STM32C071R8T6, STM32C071R8T6N, STM32C071RBI6N, STM32C071RBT6, STM32C071RBT6N, STM32C091CBT6, STM32C091CBU6, STM32C091CCT6, STM32C091CCU6, STM32C091ECY6TR, STM32C091FBP6, STM32C091FCP6, STM32C091GBU6, STM32C091GCU6, STM32C091KBT6, STM32C091KBU6, STM32C091KCT6, STM32C091KCU6, STM32C091RBT6, STM32C091RCI6, STM32C091RCT6, STM32C092CBT6, STM32C092CBU6, STM32C092CCT6, STM32C092CCU6, STM32C092ECY6TR, STM32C092FBP6, STM32C092FCP6, STM32C092GBU6, STM32C092GCU6, STM32C092KBT6, STM32C092KBU6, STM32C092KCT6, STM32C092KCU6, STM32C092RBT6, STM32C092RCI6, STM32C092RCT6, STM32G071K8TXN, STM32G071K8UXN, STM32G081GBU6N, STM32G081KBT6N, STM32G081KBUXN, STM32G0B1CCT6N, STM32G0B1KCT6, STM32G0B1NEY6TR, STM32G0B1RCT6N, STM32G0C1CCT6, STM32G0C1CCT6N, STM32G0C1CCU6N, STM32G0C1CET6N, STM32G0C1CEU6N, STM32G0C1KCT6, STM32G0C1NEY6TR, STM32G0C1RCI6N, STM32G0C1RCT6N, STM32G0C1REI6N, STM32G0C1RET6N, STM32G0C1VCI6, STM32G0C1VEI6, STM32G411C6T3, STM32G411C6T6, STM32G411C6U3, STM32G411C6U6, STM32G411C8T3, STM32G411C8T6, STM32G411C8U3, STM32G411C8U6, STM32G411CBT3, STM32G411CBT6, STM32G411CBU3, STM32G411CBU6, STM32G411CCT3, STM32G411CCT6, STM32G411CCU3, STM32G411CCU6, STM32G411K6T3, STM32G411K6T6, STM32G411K6U3, STM32G411K6U6, STM32G411K8T3, STM32G411K8T6, STM32G411K8U3, STM32G411K8U6, STM32G411KBT3, STM32G411KBT6, STM32G411KBU3, STM32G411KBU6, STM32G411M6T3, STM32G411M6T6, STM32G411M8T3, STM32G411M8T6, STM32G411MBT3, STM32G411MBT6, STM32G411MCT3, STM32G411MCT6, STM32G411R6T3, STM32G411R6T6, STM32G411R8T3, STM32G411R8T6, STM32G411RBT3, STM32G411RBT6, STM32G411RCT3, STM32G411RCT6, STM32G414CBT3, STM32G414CBT6, STM32G414CBU3, STM32G414CBU6, STM32G414CCT3, STM32G414CCT6, STM32G414CCU3, STM32G414CCU6, STM32G414MBT3, STM32G414MBT6, STM32G414MCT3, STM32G414MCT6, STM32G414RBT3, STM32G414RBT6, STM32G414RCT3, STM32G414RCT6, STM32G414VBT3, STM32G414VBT6, STM32G414VCT3, STM32G414VCT6, STM32G431CBT3Z, STM32G431RBT3Z, STM32G471CCT6, STM32G471CCU6, STM32G471CET3, STM32G471CET6, STM32G471CEU3, STM32G471CEU6, STM32G471MCT6, STM32G471MET3, STM32G471MET6, STM32G471MEY6TR, STM32G471QCT6, STM32G471QET3, STM32G471RCT6, STM32G471RET3, STM32G471RET6, STM32G471VCH6, STM32G471VCI6, STM32G471VCT6, STM32G471VEH3, STM32G471VEH6, STM32G471VEI3, STM32G471VEI6, STM32G471VET3, STM32G471VET6, STM32G473QET3Z, STM32G473RET3Z, STM32G474CCT6, STM32G491RET3Z, STM32H503CBT6, STM32H503CBU6, STM32H503EBY6TR, STM32H503KBU6, STM32H503RBT6, STM32H523CCT6, STM32H523CCU6, STM32H523CET6, STM32H523CEU6, STM32H523HEY6TR, STM32H523RCT6, STM32H523RET6, STM32H523VCI6, STM32H523VCT6, STM32H523VEI6, STM32H523VET6, STM32H523ZCJ6, STM32H523ZCT6, STM32H523ZEJ6, STM32H523ZET6, STM32H533CET6, STM32H533CEU6, STM32H533HEY6TR, STM32H533RET6, STM32H533VEI6, STM32H533VET6, STM32H533ZEJ6, STM32H533ZET6, STM32H562AGI6, STM32H562AII6, STM32H562IGK6, STM32H562IGT6, STM32H562IIK6, STM32H562IIT6, STM32H562RGT6, STM32H562RGV6, STM32H562RIT6, STM32H562RIV6, STM32H562VGT6, STM32H562VIT6, STM32H562ZGT6, STM32H562ZIT6, STM32H563AGI6, STM32H563AII3Q, STM32H563AII6, STM32H563IGK6, STM32H563IGT6, STM32H563IIK3Q, STM32H563IIK6, STM32H563IIT3Q, STM32H563IIT6, STM32H563MIY3QTR, STM32H563RGT6, STM32H563RGV6, STM32H563RIT6, STM32H563RIV6, STM32H563VGT6, STM32H563VIT3Q, STM32H563VIT6, STM32H563ZGT6, STM32H563ZIT3Q, STM32H563ZIT6, STM32H573AII3Q, STM32H573AII6, STM32H573I-DK, STM32H573IIK3Q, STM32H573IIK6, STM32H573IIT3Q, STM32H573IIT6, STM32H573MIY3QTR, STM32H573RIT6, STM32H573RIV6, STM32H573VIT3Q, STM32H573VIT6, STM32H573ZIT3Q, STM32H573ZIT6, STM32H7R3A8I6, STM32H7R3I8K6, STM32H7R3I8T6, STM32H7R3L8H6, STM32H7R3L8H6H, STM32H7R3R8V6, STM32H7R3V8H6, STM32H7R3V8T6, STM32H7R3V8Y6TR, STM32H7R3Z8J6, STM32H7R3Z8T6, STM32H7R7A8I6, STM32H7R7I8K6, STM32H7R7I8T6, STM32H7R7L8H6, STM32H7R7L8H6H, STM32H7R7Z8J6, STM32H7S3A8I6, STM32H7S3I8K6, STM32H7S3I8T6, STM32H7S3L8H6, STM32H7S3L8H6H, STM32H7S3R8V6, STM32H7S3V8H6, STM32H7S3V8T6, STM32H7S3V8Y6TR, STM32H7S3Z8J6, STM32H7S3Z8T6, STM32H7S78-DK, STM32H7S7A8I6, STM32H7S7I8K6, STM32H7S7I8T6, STM32H7S7L8H6, STM32H7S7L8H6H, STM32H7S7Z8J6, STM32L4R5QGI6STR, STM32MP131AAE3, STM32MP131AAF3, STM32MP131AAG3, STM32MP131CAE3, STM32MP131CAF3, STM32MP131CAG3, STM32MP131DAE7, STM32MP131DAF7, STM32MP131DAG7, STM32MP131FAE7, STM32MP131FAF7, STM32MP131FAG7, STM32MP133AAE3, STM32MP133AAF3, STM32MP133AAG3, STM32MP133CAE3, STM32MP133CAF3, STM32MP133CAG3, STM32MP133DAE7, STM32MP133DAF7, STM32MP133DAG7, STM32MP133FAE7, STM32MP133FAF7, STM32MP133FAG7, STM32MP135AAE3, STM32MP135AAF3, STM32MP135AAG3, STM32MP135CAE3, STM32MP135CAF3, STM32MP135CAG3, STM32MP135DAE7, STM32MP135DAF7, STM32MP135DAG7, STM32MP135F-DK, STM32MP135FAE7, STM32MP135FAF7, STM32MP135FAF7T, STM32MP135FAF7U, STM32MP135FAG7, STM32MP231AAJ3, STM32MP231AAK3, STM32MP231AAL3, STM32MP231CAJ3, STM32MP231CAK3, STM32MP231CAL3, STM32MP231DAJ3, STM32MP231DAK3, STM32MP231DAL3, STM32MP231FAJ3, STM32MP231FAK3, STM32MP231FAL3, STM32MP233AAJ3, STM32MP233AAK3, STM32MP233AAL3, STM32MP233CAJ3, STM32MP233CAK3, STM32MP233CAL3, STM32MP233DAJ3, STM32MP233DAK3, STM32MP233DAL3, STM32MP233FAJ3, STM32MP233FAK3, STM32MP233FAL3, STM32MP235AAJ3, STM32MP235AAK3, STM32MP235AAL3, STM32MP235CAJ3, STM32MP235CAK3, STM32MP235CAL3, STM32MP235DAJ3, STM32MP235DAK3, STM32MP235DAL3, STM32MP235FAJ3, STM32MP235FAK3, STM32MP235FAL3, STM32MP251AAI3, STM32MP251AAJ3, STM32MP251AAK3, STM32MP251AAL3, STM32MP251CAI3, STM32MP251CAJ3, STM32MP251CAK3, STM32MP251CAL3, STM32MP251DAI3, STM32MP251DAJ3, STM32MP251DAK3, STM32MP251DAL3, STM32MP251FAI3, STM32MP251FAJ3, STM32MP251FAK3, STM32MP251FAL3, STM32MP253AAI3, STM32MP253AAJ3, STM32MP253AAK3, STM32MP253AAL3, STM32MP253CAI3, STM32MP253CAJ3, STM32MP253CAK3, STM32MP253CAL3, STM32MP253DAI3, STM32MP253DAJ3, STM32MP253DAK3, STM32MP253DAL3, STM32MP253FAI3, STM32MP253FAJ3, STM32MP253FAK3, STM32MP253FAL3, STM32MP255AAI3, STM32MP255AAJ3, STM32MP255AAK3, STM32MP255AAL3, STM32MP255CAI3, STM32MP255CAJ3, STM32MP255CAK3, STM32MP255CAL3, STM32MP255DAI3, STM32MP255DAJ3, STM32MP255DAK3, STM32MP255DAL3, STM32MP255FAI3, STM32MP255FAJ3, STM32MP255FAK3, STM32MP255FAL3, STM32MP257AAI3, STM32MP257AAJ3, STM32MP257AAK3, STM32MP257AAL3, STM32MP257CAI3, STM32MP257CAJ3, STM32MP257CAK3, STM32MP257CAL3, STM32MP257DAI3, STM32MP257DAJ3, STM32MP257DAK3, STM32MP257DAL3, STM32MP257F-DK, STM32MP257F-EV1, STM32MP257FAI3, STM32MP257FAJ3, STM32MP257FAK3, STM32MP257FAL3, STM32N645A0H3Q, STM32N645B0H3Q, STM32N645I0H3Q, STM32N645L0H3Q, STM32N645X0H3Q, STM32N645Z0H3Q, STM32N647A0H3Q, STM32N647B0H3Q, STM32N647I0H3Q, STM32N647L0H3Q, STM32N647X0H3Q, STM32N647Z0H3Q, STM32N655A0H3Q, STM32N655B0H3Q, STM32N655I0H3Q, STM32N655L0H3Q, STM32N655X0H3Q, STM32N655Z0H3Q, STM32N6570-DK, STM32N657A0H3Q, STM32N657B0H3Q, STM32N657I0H3Q, STM32N657L0H3Q, STM32N657X0H3Q, STM32N657Z0H3Q, STM32U031C6T6, STM32U031C6U6, STM32U031C8T6, STM32U031C8U6, STM32U031F4P6, STM32U031F6P6, STM32U031F8P6, STM32U031G6Y6TR, STM32U031G8Y6TR, STM32U031K4U6, STM32U031K6U6, STM32U031K8U6, STM32U031R6I6, STM32U031R6T6, STM32U031R8I6, STM32U031R8T6, STM32U073C8T6, STM32U073C8U6, STM32U073CBT6, STM32U073CBU6, STM32U073CCT6, STM32U073CCU6, STM32U073H8Y6TR, STM32U073HBY6TR, STM32U073HCY6TR, STM32U073K8U6, STM32U073KBU6, STM32U073KCU6, STM32U073M8I6, STM32U073M8T6, STM32U073MBI6, STM32U073MBT6, STM32U073MCI6, STM32U073MCT6, STM32U073R8I6, STM32U073R8T6, STM32U073RBI6, STM32U073RBT6, STM32U073RCI6, STM32U073RCT6, STM32U083C-DK, STM32U083CCT6, STM32U083CCU6, STM32U083HCY6TR, STM32U083KCU6, STM32U083MCI6, STM32U083MCT6, STM32U083RCI6, STM32U083RCT6, STM32U375CET6, STM32U375CET6Q, STM32U375CEU6, STM32U375CEU6Q, STM32U375CEY6QTR, STM32U375CGT6, STM32U375CGT6Q, STM32U375CGU6, STM32U375CGU6Q, STM32U375CGY6QTR, STM32U375KEU6, STM32U375KGU6, STM32U375REI6, STM32U375REI6Q, STM32U375RET6, STM32U375RET6Q, STM32U375REY6GTR, STM32U375REY6QTR, STM32U375RGI6, STM32U375RGI6Q, STM32U375RGT6, STM32U375RGT6Q, STM32U375RGY6GTR, STM32U375RGY6QTR, STM32U375VEI6, STM32U375VEI6Q, STM32U375VET6, STM32U375VET6Q, STM32U375VGI6, STM32U375VGI6Q, STM32U375VGT6, STM32U375VGT6Q, STM32U385CGT6, STM32U385CGT6Q, STM32U385CGU6, STM32U385CGU6Q, STM32U385CGY6QTR, STM32U385KGU6, STM32U385RGI6, STM32U385RGI6Q, STM32U385RGT6, STM32U385RGT6Q, STM32U385RGY6GTR, STM32U385RGY6QTR, STM32U385VGI6, STM32U385VGI6Q, STM32U385VGT6, STM32U385VGT6Q, STM32U535CBT6, STM32U535CBT6Q, STM32U535CBU6, STM32U535CBU6Q, STM32U535CCT6, STM32U535CCT6Q, STM32U535CCU6, STM32U535CCU6Q, STM32U535CET6, STM32U535CET6Q, STM32U535CEU6, STM32U535CEU6Q, STM32U535JEY6QTR, STM32U535NCY6QTR, STM32U535NEY6QTR, STM32U535RBI6, STM32U535RBI6Q, STM32U535RBT6, STM32U535RBT6Q, STM32U535RCI6, STM32U535RCI6Q, STM32U535RCT6, STM32U535RCT6Q, STM32U535REI6, STM32U535REI6Q, STM32U535RET6, STM32U535RET6Q, STM32U535VCI6, STM32U535VCI6Q, STM32U535VCT6, STM32U535VCT6Q, STM32U535VEI6, STM32U535VEI6Q, STM32U535VET6, STM32U535VET6Q, STM32U545CET6, STM32U545CET6Q, STM32U545CEU6, STM32U545CEU6Q, STM32U545JEY6QTR, STM32U545NEY6QTR, STM32U545REI6, STM32U545REI6Q, STM32U545RET6, STM32U545RET6Q, STM32U545VEI6, STM32U545VEI6Q, STM32U545VET6, STM32U545VET6Q, STM32U595AIH6, STM32U595AIH6Q, STM32U595AJH6, STM32U595AJH6Q, STM32U595QII6, STM32U595QII6Q, STM32U595QJI6, STM32U595QJI6Q, STM32U595RIT6, STM32U595RIT6Q, STM32U595RJT6, STM32U595RJT6Q, STM32U595VIT6, STM32U595VIT6Q, STM32U595VJT6, STM32U595VJT6Q, STM32U595ZIT6, STM32U595ZIT6Q, STM32U595ZIY6QTR, STM32U595ZJT6, STM32U595ZJT6Q, STM32U595ZJY6QTR, STM32U599BJY6QTR, STM32U599NIH6Q, STM32U599NJH6Q, STM32U599VIT6Q, STM32U599VJT6, STM32U599VJT6Q, STM32U599ZIT6Q, STM32U599ZIY6QTR, STM32U599ZJT6Q, STM32U599ZJY6QTR, STM32U5A5AJH6, STM32U5A5AJH6Q, STM32U5A5QII3Q , STM32U5A5QJI6, STM32U5A5QJI6Q, STM32U5A5RJT6, STM32U5A5RJT6Q, STM32U5A5VJT6, STM32U5A5VJT6Q, STM32U5A5ZJT6, STM32U5A5ZJT6Q, STM32U5A5ZJY6QTR, STM32U5A9BJY6QTR, STM32U5A9J-DK, STM32U5A9NJH6Q, STM32U5A9VJT6Q, STM32U5A9ZJT6Q, STM32U5A9ZJY6QTR, STM32U5F7VIT6, STM32U5F7VIT6Q, STM32U5F7VJT6, STM32U5F7VJT6Q, STM32U5F9BJY6QTR, STM32U5F9NJH6Q, STM32U5F9VIT6Q, STM32U5F9VJT6Q, STM32U5F9ZIJ6QTR, STM32U5F9ZIT6Q, STM32U5F9ZJJ6QTR, STM32U5F9ZJT6Q, STM32U5G7VJT6, STM32U5G7VJT6Q, STM32U5G9BJY6QTR, STM32U5G9J-DK1, STM32U5G9J-DK2, STM32U5G9NJH6Q, STM32U5G9VJT6Q, STM32U5G9ZJJ6QTR, STM32U5G9ZJT6Q, STM32WB05KZV6TR, STM32WB05KZV7TR, STM32WB05TZF6TR, STM32WB05TZF7TR, STM32WB06CCF6TR, STM32WB06CCF7TR, STM32WB06CCV6TR, STM32WB06CCV7TR, STM32WB06KCV6TR, STM32WB06KCV7TR, STM32WB07CCF6TR, STM32WB07CCF7TR, STM32WB07CCV6TR, STM32WB07CCV7TR, STM32WB07KCV6TR, STM32WB07KCV7TR, STM32WB09KEV6TR, STM32WB09KEV7TR, STM32WB09TEF6TR, STM32WB09TEF7TR, STM32WB1MMCH6, STM32WBA50KGU6, STM32WBA50KGU6TR, STM32WBA52CEU6, STM32WBA52CEU6TR, STM32WBA52CEU7, STM32WBA52CEU7TR, STM32WBA52CGU6, STM32WBA52CGU6TR, STM32WBA52CGU6U, STM32WBA52CGU7, STM32WBA52CGU7TR, STM32WBA52KEU6, STM32WBA52KEU6TR, STM32WBA52KGU6, STM32WBA52KGU6TR, STM32WBA54CEU6, STM32WBA54CEU6TR, STM32WBA54CEU7, STM32WBA54CEU7TR, STM32WBA54CGU6, STM32WBA54CGU6TR, STM32WBA54CGU7, STM32WBA54CGU7TR, STM32WBA54KEU6, STM32WBA54KEU6TR, STM32WBA54KEU7, STM32WBA54KEU7TR, STM32WBA54KGU6, STM32WBA54KGU6TR, STM32WBA54KGU7, STM32WBA54KGU7TR, STM32WBA55CEU6, STM32WBA55CEU6TR, STM32WBA55CEU7, STM32WBA55CEU7TR, STM32WBA55CGU6, STM32WBA55CGU6TR, STM32WBA55CGU6U, STM32WBA55CGU7, STM32WBA55CGU7TR, STM32WBA55G-DK1, STM32WBA55HEF6, STM32WBA55HEF7, STM32WBA55HGF6, STM32WBA55HGF7, STM32WBA55UEI6, STM32WBA55UEI6TR, STM32WBA55UEI7, STM32WBA55UEI7TR, STM32WBA55UGI6, STM32WBA55UGI6TR, STM32WBA55UGI7, STM32WBA55UGI7TR, STM32WBA5MJGH6TR, STM32WBA62CGU6, STM32WBA62CIU6, STM32WBA62MGF6, STM32WBA62MIF6, STM32WBA62PGI6, STM32WBA62PII6, STM32WBA63CGU6, STM32WBA63CGU7, STM32WBA63CIU6, STM32WBA63CIU7, STM32WBA64CGU6, STM32WBA64CGU7, STM32WBA64CIU6, STM32WBA64CIU7, STM32WBA65CGU6, STM32WBA65CGU7, STM32WBA65CIU6, STM32WBA65CIU7, STM32WBA65I-DK1, STM32WBA65MGF6, STM32WBA65MGF7, STM32WBA65MIF6, STM32WBA65MIF7, STM32WBA65PGI6, STM32WBA65PGI7, STM32WBA65PII6, STM32WBA65PII7, STM32WBA65RGV6, STM32WBA65RGV7, STM32WBA65RIV6, STM32WBA65RIV7, STM32WL30K8V6, STM32WL30KBV6, STM32WL31C8V6, STM32WL31CBV6, STM32WL31K8V6, STM32WL31KBV6, STM32WL33C8V6, STM32WL33C8V6TR, STM32WL33C8V7, STM32WL33C8V7TR, STM32WL33CBV6, STM32WL33CBV6TR, STM32WL33CBV7, STM32WL33CBV7TR, STM32WL33CCV6, STM32WL33CCV6TR, STM32WL33CCV7, STM32WL33CCV7A, STM32WL33CCV7ATR, STM32WL33CCV7TR, STM32WL33K8V6, STM32WL33K8V6TR, STM32WL33K8V7, STM32WL33K8V7TR, STM32WL33KBV6, STM32WL33KBV6TR, STM32WL33KBV7, STM32WL33KBV7TR, STM32WL33KCV6, STM32WL33KCV6TR, STM32WL33KCV7, STM32WL33KCV7TR, STM32WL5MOCH6, STM32WL5MOCH6TR]
2026-05-11 11:45:50,047 [INFO] BoardInfo:889 - No configuration file found for board NUCLEO-H5E5ZJ
2026-05-11 11:45:50,083 [INFO] DbBoards:161 - Board is not supported: NUCLEO-H5E5ZJ
2026-05-11 11:45:51,034 [INFO] BoardInfo:889 - No configuration file found for board NUCLEO-U3C5ZI-Q
2026-05-11 11:45:51,038 [INFO] DbBoards:161 - Board is not supported: NUCLEO-U3C5ZI-Q
2026-05-11 11:45:51,076 [INFO] BoardInfo:889 - No configuration file found for board NUCLEO-WBA25CE1
2026-05-11 11:45:51,080 [INFO] DbBoards:161 - Board is not supported: NUCLEO-WBA25CE1
2026-05-11 11:45:51,101 [INFO] BoardInfo:889 - No configuration file found for board NUCLEO-WL3RKB1
2026-05-11 11:45:51,104 [INFO] DbBoards:161 - Board is not supported: NUCLEO-WL3RKB1
2026-05-11 11:45:51,105 [INFO] BoardInfo:889 - No configuration file found for board NUCLEO-WL3RKB2
2026-05-11 11:45:51,108 [INFO] DbBoards:161 - Board is not supported: NUCLEO-WL3RKB2
2026-05-11 11:45:51,129 [INFO] BoardInfo:889 - No configuration file found for board P-NUCLEO-WB55
2026-05-11 11:45:51,131 [INFO] DbBoards:161 - Kit is not supported: P-NUCLEO-WB55
2026-05-11 11:45:51,147 [INFO] BoardInfo:889 - No configuration file found for board STEVAL-BFA001V1B
2026-05-11 11:45:51,150 [INFO] DbBoards:161 - Kit is not supported: STEVAL-BFA001V1B
2026-05-11 11:45:51,152 [INFO] BoardInfo:889 - No configuration file found for board STEVAL-BFA001V2B
2026-05-11 11:45:51,156 [INFO] DbBoards:161 - Kit is not supported: STEVAL-BFA001V2B
2026-05-11 11:45:52,105 [INFO] BoardInfo:889 - No configuration file found for board STM32H5F5J-DK
2026-05-11 11:45:52,110 [INFO] DbBoards:161 - Board is not supported: STM32H5F5J-DK
2026-05-11 11:46:00,017 [INFO] BoardInfo:889 - No configuration file found for board STM32MP215F-DK
2026-05-11 11:46:00,020 [INFO] DbBoards:161 - Board is not supported: STM32MP215F-DK
2026-05-11 11:46:00,446 [INFO] DbBoards:168 - Found 218 boards, 208 are supported
2026-05-11 11:46:00,446 [INFO] DbBoards:169 - Found 218 boards, 43 of them is supported for  Bsp
2026-05-11 11:46:02,026 [INFO] ApiDb:423 - Load user favorites file C:\Users\hp/.stm32cubeide/favorites.boards.txt: 0 item(s)
2026-05-11 11:46:02,027 [INFO] ApiDb:427 - User favorites Boards=[]
2026-05-11 11:46:02,027 [INFO] DbBoards:198 - Set 0 / 0 favorites Boards
2026-05-11 11:46:12,164 [INFO] WebApp:191 - Connection restablished
2026-05-11 11:46:42,026 [ERROR] TargetSelectorAdapter:267 - Unable to refresh data
2026-05-11 11:47:27,138 [INFO] MainUpdater:2872 - connection check result : 10
2026-05-11 11:48:29,676 [INFO] McuFinderGlobals:76 - Set McuFinderConnectedMode to true
2026-05-11 11:48:46,904 [INFO] MultiScanPanel:200 - Auto-refresh data requested => check proxy status ongoing
2026-05-11 11:48:52,719 [INFO] FinderPluginLoader:95 - Searching for filters in installed packs
2026-05-11 11:50:48,284 [INFO] LoadUrlFilesThread:185 - End of LoadServerUrlFiles without Thread
2026-05-11 11:50:53,275 [INFO] DetailPanel:341 - Set advertising image to C:/Users/hp/STM32Cube/Repository/\en.prom-stm32wba2-stm32-nucleo-board-0426.png
2026-05-11 11:51:49,069 [INFO] McuFinderGlobals:76 - Set McuFinderConnectedMode to true
2026-05-11 11:52:11,406 [INFO] McuFinderGlobals:76 - Set McuFinderConnectedMode to true
2026-05-11 11:52:11,408 [INFO] MultiScanPanel:200 - Auto-refresh data requested => check proxy status ongoing
2026-05-11 11:52:11,408 [INFO] FinderPluginLoader:95 - Searching for filters in installed packs
2026-05-11 11:52:13,248 [INFO] ServerAccessManage:473 - Download File mcusAds.json._tmp_
2026-05-11 11:52:20,194 [INFO] LoadUrlFilesThread:156 - End of LoadUrlFiles Thread
2026-05-11 11:52:22,683 [INFO] LoadUrlFilesThread:185 - End of LoadServerUrlFiles without Thread
2026-05-11 11:52:22,927 [INFO] DetailPanel:341 - Set advertising image to C:/Users/hp/STM32Cube/Repository/\en.prom-stm32wba2-stm32-nucleo-board-0426.png
2026-05-11 11:57:11,208 [INFO] Activator:176 - 


2026-05-11 11:57:11,212 [INFO] Activator:177 - !SESSION log4j initialized
2026-05-11 11:57:24,712 [INFO] LogOutputStream:77 - [STDOUT_REDIRECT] 
2026-05-11 11:57:28,857 [INFO] ApplicationProperties:184 - Using Application install path: C:\ST\STM32CubeIDE_1.18.0\STM32CubeIDE\plugins\com.st.stm32cube.common.mx_6.14.0.202502271554
2026-05-11 11:57:28,897 [INFO] DbMcusXml:78 - Set database path to: C:\ST\STM32CubeIDE_1.18.0\STM32CubeIDE\plugins\com.st.stm32cube.common.mx_6.14.0.202502271554\\db\/mcu/
2026-05-11 11:57:28,898 [INFO] ApiDb:274 - Set plugin database path to: C:\ST\STM32CubeIDE_1.18.0\STM32CubeIDE\plugins\com.st.stm32cube.common.mx_6.14.0.202502271554\\db\/plugins/boardmanager/
2026-05-11 11:57:28,898 [WARN] ApiDb:259 - Overriding images path with different value:  => C:\ST\STM32CubeIDE_1.18.0\STM32CubeIDE\plugins\com.st.stm32cube.common.mx_6.14.0.202502271554\\db\/plugins/mcufinder/images/
2026-05-11 11:57:28,920 [INFO] ApiDb:250 - Set database path to: C:\Users\hp\.stmcufinder\plugins\mcufinder//mcu/
2026-05-11 11:57:28,923 [INFO] DbMcusAds:125 - Set database path to: C:\Users\hp\.stmcufinder\plugins\mcufinder//mcu/
2026-05-11 11:57:28,930 [INFO] CrossReferenceDbSqlite:203 - Set database path to: C:\Users\hp\.stmcufinder\plugins\mcufinder//mcu/cs/
2026-05-11 11:57:29,237 [INFO] RulesReader:64 - Compatibility file has been processed (301 Rules)
2026-05-11 11:57:29,416 [INFO] DbMcusXml:78 - Set database path to: C:\ST\STM32CubeIDE_1.18.0\STM32CubeIDE\plugins\com.st.stm32cube.common.mx_6.14.0.202502271554\\db\/mcu/
2026-05-11 11:57:29,416 [INFO] ApiDb:274 - Set plugin database path to: C:\ST\STM32CubeIDE_1.18.0\STM32CubeIDE\plugins\com.st.stm32cube.common.mx_6.14.0.202502271554\\db\/plugins/boardmanager/
2026-05-11 11:57:29,416 [INFO] ApiDb:261 - Set plugin images path to: C:\ST\STM32CubeIDE_1.18.0\STM32CubeIDE\plugins\com.st.stm32cube.common.mx_6.14.0.202502271554\\db\/plugins/mcufinder/images/
2026-05-11 11:57:29,416 [WARN] DbFile:41 - Overriding database path with different value: C:\Users\hp\.stmcufinder\plugins\mcufinder/ => C:\Users\hp\.stmcufinder\plugins\mcufinder
2026-05-11 11:57:29,416 [INFO] ApiDb:250 - Set database path to: C:\Users\hp\.stmcufinder\plugins\mcufinder//mcu/
2026-05-11 11:57:29,417 [WARN] DbFile:41 - Overriding database path with different value: C:\Users\hp\.stmcufinder\plugins\mcufinder/ => C:\Users\hp\.stmcufinder\plugins\mcufinder
2026-05-11 11:57:29,417 [INFO] DbMcusAds:125 - Set database path to: C:\Users\hp\.stmcufinder\plugins\mcufinder//mcu/
2026-05-11 11:57:29,417 [WARN] DbFile:41 - Overriding database path with different value: C:\Users\hp\.stmcufinder\plugins\mcufinder/ => C:\Users\hp\.stmcufinder\plugins\mcufinder
2026-05-11 11:57:29,417 [WARN] DbFile:41 - Overriding database path with different value: C:\Users\hp\.stmcufinder\plugins\mcufinder/ => C:\Users\hp\.stmcufinder\plugins\mcufinder
2026-05-11 11:57:29,417 [INFO] CrossReferenceDbSqlite:203 - Set database path to: C:\Users\hp\.stmcufinder\plugins\mcufinder//mcu/cs/
2026-05-11 11:57:29,644 [INFO] MainPanel:272 - HeapMemory: 268435456
2026-05-11 11:57:29,911 [INFO] DbMcusXml:78 - Set database path to: C:\ST\STM32CubeIDE_1.18.0\STM32CubeIDE\plugins\com.st.stm32cube.common.mx_6.14.0.202502271554\\db\/mcu/
2026-05-11 11:57:29,911 [INFO] ApiDb:274 - Set plugin database path to: C:\ST\STM32CubeIDE_1.18.0\STM32CubeIDE\plugins\com.st.stm32cube.common.mx_6.14.0.202502271554\\db\/plugins/boardmanager/
2026-05-11 11:57:29,912 [INFO] ApiDb:261 - Set plugin images path to: C:\ST\STM32CubeIDE_1.18.0\STM32CubeIDE\plugins\com.st.stm32cube.common.mx_6.14.0.202502271554\\db\/plugins/mcufinder/images/
2026-05-11 11:57:29,913 [WARN] DbFile:41 - Overriding database path with different value: C:\Users\hp\.stmcufinder\plugins\mcufinder/ => C:\Users\hp\.stmcufinder\plugins\mcufinder
2026-05-11 11:57:29,913 [INFO] ApiDb:250 - Set database path to: C:\Users\hp\.stmcufinder\plugins\mcufinder//mcu/
2026-05-11 11:57:29,913 [WARN] DbFile:41 - Overriding database path with different value: C:\Users\hp\.stmcufinder\plugins\mcufinder/ => C:\Users\hp\.stmcufinder\plugins\mcufinder
2026-05-11 11:57:29,914 [INFO] DbMcusAds:125 - Set database path to: C:\Users\hp\.stmcufinder\plugins\mcufinder//mcu/
2026-05-11 11:57:29,914 [WARN] DbFile:41 - Overriding database path with different value: C:\Users\hp\.stmcufinder\plugins\mcufinder/ => C:\Users\hp\.stmcufinder\plugins\mcufinder
2026-05-11 11:57:29,914 [WARN] DbFile:41 - Overriding database path with different value: C:\Users\hp\.stmcufinder\plugins\mcufinder/ => C:\Users\hp\.stmcufinder\plugins\mcufinder
2026-05-11 11:57:29,914 [INFO] CrossReferenceDbSqlite:203 - Set database path to: C:\Users\hp\.stmcufinder\plugins\mcufinder//mcu/cs/
2026-05-11 11:57:29,979 [INFO] ApplicationProperties:184 - Using Application install path: C:\ST\STM32CubeIDE_1.18.0\STM32CubeIDE\plugins\com.st.stm32cube.common.mx_6.14.0.202502271554
2026-05-11 11:57:29,982 [INFO] PluginManage:196 - Search for loadable plugins [exclusion list=, ]
2026-05-11 11:57:29,985 [INFO] PluginManage:310 - Check plugin analytics
2026-05-11 11:57:30,455 [INFO] AnalyticsPlugin:253 - Accepted Software Licenses: 
2026-05-11 11:57:30,456 [INFO] AnalyticsPlugin:255 - Accepted CMSIS Pack Licenses: 
2026-05-11 11:57:30,457 [INFO] AnalyticsPlugin:257 - Accepted Firmware Licenses: FW.F4.1.28.0,FW.L4.1.18.0
2026-05-11 11:57:30,465 [INFO] PluginManage:359 - Loaded plugin analytics (category:tool,tabindex:-1)
2026-05-11 11:57:30,466 [INFO] PluginManage:310 - Check plugin cadmodel
2026-05-11 11:57:30,485 [INFO] CADModel:105 - Init CAD model plugin
2026-05-11 11:57:30,486 [INFO] PluginManage:359 - Loaded plugin cadmodel (category:power,tabindex:5)
2026-05-11 11:57:30,486 [INFO] PluginManage:310 - Check plugin clock
2026-05-11 11:57:30,515 [INFO] PluginManage:359 - Loaded plugin clock (category:base,tabindex:2)
2026-05-11 11:57:30,515 [INFO] PluginManage:310 - Check plugin ddr
2026-05-11 11:57:30,520 [INFO] PluginManage:359 - Loaded plugin ddr (category:tool,tabindex:6)
2026-05-11 11:57:30,521 [INFO] PluginManage:310 - Check plugin filemanager
2026-05-11 11:57:30,816 [INFO] PluginManage:359 - Loaded plugin filemanager (category:base,tabindex:10)
2026-05-11 11:57:30,817 [INFO] PluginManage:310 - Check plugin ipmanager
2026-05-11 11:57:30,832 [INFO] PluginManage:359 - Loaded plugin ipmanager (category:base,tabindex:5)
2026-05-11 11:57:30,832 [INFO] PluginManage:310 - Check plugin lpbam
2026-05-11 11:57:30,849 [INFO] PluginManage:359 - Loaded plugin lpbam (category:base,tabindex:0)
2026-05-11 11:57:30,849 [INFO] PluginManage:310 - Check plugin memorymap
2026-05-11 11:57:30,879 [INFO] PluginManage:359 - Loaded plugin memorymap (category:base,tabindex:4)
2026-05-11 11:57:30,880 [INFO] PluginManage:310 - Check plugin pinoutandconfiguration
2026-05-11 11:57:30,898 [INFO] PluginManage:359 - Loaded plugin pinoutandconfiguration (category:base,tabindex:1)
2026-05-11 11:57:30,899 [INFO] PluginManage:310 - Check plugin pinoutconfig
2026-05-11 11:57:31,046 [WARN] SupportedApi:132 - Cannot load RTOS API schema: s4s-elt-must-match.1: The content of 'definitions' must match (annotation?, (simpleType | complexType)?, (unique | key | keyref)*)). A problem was found starting at: attribute.
2026-05-11 11:57:31,338 [INFO] PluginManage:359 - Loaded plugin pinoutconfig (category:base,tabindex:0)
2026-05-11 11:57:31,339 [INFO] PluginManage:310 - Check plugin power
2026-05-11 11:57:31,371 [INFO] PluginManage:359 - Loaded plugin power (category:power,tabindex:4)
2026-05-11 11:57:31,371 [INFO] PluginManage:310 - Check plugin projectmanager
2026-05-11 11:57:31,409 [INFO] PluginManage:359 - Loaded plugin projectmanager (category:projectmanager,tabindex:4)
2026-05-11 11:57:31,409 [INFO] PluginManage:310 - Check plugin rif
2026-05-11 11:57:31,434 [INFO] PluginManage:359 - Loaded plugin rif (category:base,tabindex:3)
2026-05-11 11:57:31,434 [INFO] PluginManage:310 - Check plugin thirdparty
2026-05-11 11:57:31,748 [INFO] PluginManage:359 - Loaded plugin thirdparty (category:base,tabindex:-1)
2026-05-11 11:57:31,748 [WARN] IntegrityCheckThread:84 - waiting for thirdparty lock release [integrity check]
2026-05-11 11:57:31,749 [INFO] PluginManage:310 - Check plugin tools
2026-05-11 11:57:31,749 [INFO] IntegrityCheckThread:86 - entering critical section [integrity check]
2026-05-11 11:57:31,750 [INFO] ThirdPartyUpdaterWithRetryManager:70 - Updater plugin not ready yet. [1/15]
2026-05-11 11:57:31,757 [INFO] PluginManage:359 - Loaded plugin tools (category:base,tabindex:7)
2026-05-11 11:57:31,757 [INFO] PluginManage:310 - Check plugin tutovideos
2026-05-11 11:57:32,220 [INFO] PluginManage:359 - Loaded plugin tutovideos (category:base,tabindex:-1)
2026-05-11 11:57:32,220 [INFO] PluginManage:310 - Check plugin updater
2026-05-11 11:57:32,277 [INFO] PluginManage:359 - Loaded plugin updater (category:base,tabindex:12)
2026-05-11 11:57:32,278 [INFO] PluginManage:310 - Check plugin userauth
2026-05-11 11:57:32,294 [INFO] UserAuth:118 - Init User Auth plugin
2026-05-11 11:57:32,302 [INFO] PluginManage:359 - Loaded plugin userauth (category:base,tabindex:14)
2026-05-11 11:57:32,303 [INFO] PluginManage:283 - PluginManage : Loaded plugins [18]
2026-05-11 11:57:33,057 [INFO] PinOutPanel:1589 - setPackage(No Configuration,No Configuration)
2026-05-11 11:57:33,316 [INFO] CADModel:165 - CPN selected for project level
2026-05-11 11:57:33,316 [INFO] CADModel:114 - Register for checkConnection events
2026-05-11 11:57:33,364 [INFO] IPUIPlugin:80 - create IPUIPlugin
2026-05-11 11:57:33,364 [INFO] PluginManager:220 - loadIPPluginJar : add adc
2026-05-11 11:57:33,372 [INFO] IPUIPlugin:80 - create IPUIPlugin
2026-05-11 11:57:33,373 [INFO] PluginManager:220 - loadIPPluginJar : add aes
2026-05-11 11:57:33,381 [INFO] IPUIPlugin:80 - create IPUIPlugin
2026-05-11 11:57:33,382 [INFO] PluginManager:220 - loadIPPluginJar : add can
2026-05-11 11:57:33,388 [INFO] IPUIPlugin:80 - create IPUIPlugin
2026-05-11 11:57:33,389 [INFO] PluginManager:220 - loadIPPluginJar : add comp
2026-05-11 11:57:33,397 [INFO] IPUIPlugin:80 - create IPUIPlugin
2026-05-11 11:57:33,397 [INFO] PluginManager:220 - loadIPPluginJar : add cryp
2026-05-11 11:57:33,408 [INFO] IPUIPlugin:80 - create IPUIPlugin
2026-05-11 11:57:33,408 [INFO] PluginManager:220 - loadIPPluginJar : add ddr_ctrl_phy
2026-05-11 11:57:33,418 [INFO] IPUIPlugin:80 - create IPUIPlugin
2026-05-11 11:57:33,419 [INFO] PluginManager:220 - loadIPPluginJar : add dfsdm
2026-05-11 11:57:33,529 [INFO] IPUIPlugin:80 - create IPUIPlugin
2026-05-11 11:57:33,530 [INFO] PluginManager:220 - loadIPPluginJar : add dma
2026-05-11 11:57:33,539 [INFO] IPUIPlugin:80 - create IPUIPlugin
2026-05-11 11:57:33,539 [INFO] PluginManager:220 - loadIPPluginJar : add dma3
2026-05-11 11:57:33,547 [INFO] IPUIPlugin:80 - create IPUIPlugin
2026-05-11 11:57:33,547 [INFO] PluginManager:220 - loadIPPluginJar : add extmemmanager
2026-05-11 11:57:33,553 [INFO] IPUIPlugin:80 - create IPUIPlugin
2026-05-11 11:57:33,554 [INFO] PluginManager:220 - loadIPPluginJar : add fatfs
2026-05-11 11:57:33,568 [INFO] IPUIPlugin:80 - create IPUIPlugin
2026-05-11 11:57:33,569 [INFO] PluginManager:220 - loadIPPluginJar : add fmc
2026-05-11 11:57:33,593 [INFO] IPUIPlugin:80 - create IPUIPlugin
2026-05-11 11:57:33,594 [INFO] PluginManager:220 - loadIPPluginJar : add freertos
2026-05-11 11:57:33,598 [INFO] IPUIPlugin:80 - create IPUIPlugin
2026-05-11 11:57:33,599 [INFO] PluginManager:220 - loadIPPluginJar : add genericplugin
2026-05-11 11:57:33,606 [INFO] IPUIPlugin:80 - create IPUIPlugin
2026-05-11 11:57:33,606 [INFO] PluginManager:220 - loadIPPluginJar : add gfxmmu
2026-05-11 11:57:33,619 [INFO] IPUIPlugin:80 - create IPUIPlugin
2026-05-11 11:57:33,619 [INFO] PluginManager:220 - loadIPPluginJar : add gic
2026-05-11 11:57:33,629 [INFO] IPUIPlugin:80 - create IPUIPlugin
2026-05-11 11:57:33,630 [INFO] PluginManager:220 - loadIPPluginJar : add gpio
2026-05-11 11:57:33,637 [INFO] IPUIPlugin:80 - create IPUIPlugin
2026-05-11 11:57:33,637 [INFO] PluginManager:220 - loadIPPluginJar : add gtzc
2026-05-11 11:57:33,644 [INFO] IPUIPlugin:80 - create IPUIPlugin
2026-05-11 11:57:33,644 [INFO] PluginManager:220 - loadIPPluginJar : add hash
2026-05-11 11:57:33,653 [INFO] IPUIPlugin:80 - create IPUIPlugin
2026-05-11 11:57:33,653 [INFO] PluginManager:220 - loadIPPluginJar : add i2c
2026-05-11 11:57:33,660 [INFO] IPUIPlugin:80 - create IPUIPlugin
2026-05-11 11:57:33,660 [INFO] PluginManager:220 - loadIPPluginJar : add i2s
2026-05-11 11:57:33,669 [INFO] IPUIPlugin:80 - create IPUIPlugin
2026-05-11 11:57:33,669 [INFO] PluginManager:220 - loadIPPluginJar : add i3c
2026-05-11 11:57:33,677 [INFO] IPUIPlugin:80 - create IPUIPlugin
2026-05-11 11:57:33,677 [INFO] PluginManager:220 - loadIPPluginJar : add ipddr
2026-05-11 11:57:33,698 [INFO] IPUIPlugin:80 - create IPUIPlugin
2026-05-11 11:57:33,699 [INFO] PluginManager:220 - loadIPPluginJar : add linkedlist
2026-05-11 11:57:33,705 [INFO] IPUIPlugin:80 - create IPUIPlugin
2026-05-11 11:57:33,706 [INFO] PluginManager:220 - loadIPPluginJar : add lorawan
2026-05-11 11:57:33,710 [INFO] IPUIPlugin:80 - create IPUIPlugin
2026-05-11 11:57:33,710 [INFO] PluginManager:220 - loadIPPluginJar : add ltdc
2026-05-11 11:57:33,725 [INFO] IPUIPlugin:80 - create IPUIPlugin
2026-05-11 11:57:33,726 [INFO] PluginManager:220 - loadIPPluginJar : add mdma
2026-05-11 11:57:33,743 [INFO] IPUIPlugin:80 - create IPUIPlugin
2026-05-11 11:57:33,744 [INFO] PluginManager:220 - loadIPPluginJar : add nvic
2026-05-11 11:57:33,754 [INFO] IPUIPlugin:80 - create IPUIPlugin
2026-05-11 11:57:33,754 [INFO] PluginManager:220 - loadIPPluginJar : add opamp
2026-05-11 11:57:33,766 [INFO] IPUIPlugin:80 - create IPUIPlugin
2026-05-11 11:57:33,766 [INFO] PluginManager:220 - loadIPPluginJar : add openamp
2026-05-11 11:57:33,774 [INFO] IPUIPlugin:80 - create IPUIPlugin
2026-05-11 11:57:33,775 [INFO] PluginManager:220 - loadIPPluginJar : add pdm2pcm
2026-05-11 11:57:33,791 [INFO] IPUIPlugin:80 - create IPUIPlugin
2026-05-11 11:57:33,796 [INFO] PluginManager:220 - loadIPPluginJar : add plateformsettings
2026-05-11 11:57:33,801 [INFO] IPUIPlugin:80 - create IPUIPlugin
2026-05-11 11:57:33,801 [INFO] PluginManager:220 - loadIPPluginJar : add quadspi
2026-05-11 11:57:33,808 [INFO] IPUIPlugin:80 - create IPUIPlugin
2026-05-11 11:57:33,809 [INFO] PluginManager:220 - loadIPPluginJar : add radio
2026-05-11 11:57:33,821 [INFO] IPUIPlugin:80 - create IPUIPlugin
2026-05-11 11:57:33,821 [INFO] PluginManager:220 - loadIPPluginJar : add resmgrutility
2026-05-11 11:57:33,828 [INFO] IPUIPlugin:80 - create IPUIPlugin
2026-05-11 11:57:33,828 [INFO] PluginManager:220 - loadIPPluginJar : add sai
2026-05-11 11:57:33,837 [INFO] IPUIPlugin:80 - create IPUIPlugin
2026-05-11 11:57:33,837 [INFO] PluginManager:220 - loadIPPluginJar : add spi
2026-05-11 11:57:33,848 [INFO] IPUIPlugin:80 - create IPUIPlugin
2026-05-11 11:57:33,848 [INFO] PluginManager:220 - loadIPPluginJar : add stm32_wpan
2026-05-11 11:57:33,854 [INFO] IPUIPlugin:80 - create IPUIPlugin
2026-05-11 11:57:33,855 [INFO] PluginManager:220 - loadIPPluginJar : add tim
2026-05-11 11:57:33,862 [INFO] IPUIPlugin:80 - create IPUIPlugin
2026-05-11 11:57:33,862 [INFO] PluginManager:220 - loadIPPluginJar : add touchsensing
2026-05-11 11:57:33,868 [INFO] IPUIPlugin:80 - create IPUIPlugin
2026-05-11 11:57:33,868 [INFO] PluginManager:220 - loadIPPluginJar : add tracer_emb
2026-05-11 11:57:33,873 [INFO] IPUIPlugin:80 - create IPUIPlugin
2026-05-11 11:57:33,873 [INFO] PluginManager:220 - loadIPPluginJar : add ts
2026-05-11 11:57:33,878 [INFO] IPUIPlugin:80 - create IPUIPlugin
2026-05-11 11:57:33,878 [INFO] PluginManager:220 - loadIPPluginJar : add tsc
2026-05-11 11:57:33,882 [INFO] IPUIPlugin:80 - create IPUIPlugin
2026-05-11 11:57:33,882 [INFO] PluginManager:220 - loadIPPluginJar : add ucpd
2026-05-11 11:57:33,888 [INFO] IPUIPlugin:80 - create IPUIPlugin
2026-05-11 11:57:33,888 [INFO] PluginManager:220 - loadIPPluginJar : add usart
2026-05-11 11:57:33,895 [INFO] IPUIPlugin:80 - create IPUIPlugin
2026-05-11 11:57:33,895 [INFO] PluginManager:220 - loadIPPluginJar : add usbx
2026-05-11 11:57:34,126 [FATAL] Updater:351 - Updater called before beeing initialized
2026-05-11 11:57:34,177 [INFO] RulesReader:64 - Compatibility file has been processed (301 Rules)
2026-05-11 11:57:34,198 [INFO] RulesReader:64 - Compatibility file has been processed (301 Rules)
2026-05-11 11:57:34,222 [INFO] CADModel:165 - CPN selected for project level
2026-05-11 11:57:34,222 [INFO] CADModel:114 - Register for checkConnection events
2026-05-11 11:57:34,223 [FATAL] Updater:351 - Updater called before beeing initialized
2026-05-11 11:57:34,223 [ERROR] CADModel:125 - Updater not yet initialized, retry later 
2026-05-11 11:57:34,715 [FATAL] Updater:351 - Updater called before beeing initialized
2026-05-11 11:57:34,719 [INFO] CADModel:165 - CPN selected for project level
2026-05-11 11:57:34,720 [INFO] CADModel:114 - Register for checkConnection events
2026-05-11 11:57:34,720 [FATAL] Updater:351 - Updater called before beeing initialized
2026-05-11 11:57:34,720 [ERROR] CADModel:125 - Updater not yet initialized, retry later 
2026-05-11 11:57:34,725 [FATAL] Updater:351 - Updater called before beeing initialized
2026-05-11 11:57:34,751 [INFO] ThirdPartyUpdaterWithRetryManager:70 - Updater plugin not ready yet. [2/15]
2026-05-11 11:57:35,177 [FATAL] Updater:351 - Updater called before beeing initialized
2026-05-11 11:57:35,189 [INFO] DbMcusAds:53 - JSON generation date=Mon Apr 27 13:44:29 IST 2026 (1777277669683)
2026-05-11 11:57:35,189 [FATAL] Updater:351 - Updater called before beeing initialized
2026-05-11 11:57:35,301 [WARN] DetailPanel:346 - Failed to get advertising image, set to default
2026-05-11 11:57:36,118 [FATAL] Updater:351 - Updater called before beeing initialized
2026-05-11 11:57:36,126 [FATAL] Updater:351 - Updater called before beeing initialized
2026-05-11 11:57:36,127 [FATAL] Updater:351 - Updater called before beeing initialized
2026-05-11 11:57:36,129 [WARN] DetailPanel:346 - Failed to get advertising image, set to default
2026-05-11 11:57:36,132 [FATAL] Updater:351 - Updater called before beeing initialized
2026-05-11 11:57:36,401 [ERROR] Updater:1198 - MainUpdater not yet initialized. External WinMGr cannot be set.
2026-05-11 11:57:36,408 [INFO] Updater:1134 - Updater Version found : 6.14.0
2026-05-11 11:57:36,472 [INFO] ApplicationProperties:184 - Using Application install path: C:\ST\STM32CubeIDE_1.18.0\STM32CubeIDE\plugins\com.st.stm32cube.common.mx_6.14.0.202502271554
2026-05-11 11:57:37,302 [INFO] MainUpdater:2872 - connection check result : 10
2026-05-11 11:57:37,304 [INFO] MainUpdater:289 - Updater Check For Update Now.
2026-05-11 11:57:37,305 [INFO] MicroXplorer:498 - Change Database Version : DB.6.0.140
2026-05-11 11:57:37,326 [INFO] McuFinderGlobals:63 - Set McuFinder mode to 2 (CubeIDE integrated)
2026-05-11 11:57:37,327 [INFO] UserAuth:171 - activating auth plugin
2026-05-11 11:57:37,334 [INFO] UserAuth:486 - Internet connection configuration mode: 1
2026-05-11 11:57:37,437 [INFO] JxBrowserEngine:152 - Initiate JxBrowser Engine with user profile folder
2026-05-11 11:57:37,726 [INFO] CheckServerUpdateThread:120 - End of CheckServer Thread
2026-05-11 11:57:39,621 [WARN] PackLoader:240 - Cannot read IP mode file for STMicroelectronics.X-CUBE-AZRTOS-H7.3.5.0
2026-05-11 11:57:39,655 [WARN] PackLoader:240 - Cannot read IP mode file for STMicroelectronics.FP-ATR-ASTRA1.2.0.2
2026-05-11 11:57:39,696 [WARN] PackLoader:240 - Cannot read IP mode file for STMicroelectronics.X-CUBE-SMBUS.2.1.0
2026-05-11 11:57:39,748 [WARN] PackLoader:240 - Cannot read IP mode file for STMicroelectronics.X-CUBE-AZRTOS-F7.1.1.0
2026-05-11 11:57:39,764 [ERROR] Engine:466 - C:\Users\hp\.stm32cubemx\thirdparties\pdsc\STMicroelectronics.FP-SNS-MOTENV1.5.1.0.pdsc: PDSC version is not supported
2026-05-11 11:57:39,774 [ERROR] Engine:466 - C:\Users\hp\.stm32cubemx\thirdparties\pdsc\WES.I-CUBE-Cesium.1.4.0.pdsc: PDSC version is not supported
2026-05-11 11:57:39,798 [WARN] PackLoader:240 - Cannot read IP mode file for STMicroelectronics.X-CUBE-DISPLAY.3.0.0
2026-05-11 11:57:39,833 [WARN] PackLoader:240 - Cannot read IP mode file for STMicroelectronics.X-CUBE-GNSS1.7.1.1
2026-05-11 11:57:39,844 [ERROR] Engine:466 - C:\Users\hp\.stm32cubemx\thirdparties\pdsc\STMicroelectronics.FP-SNS-MOTENVWB1.1.5.0.pdsc: PDSC version is not supported
2026-05-11 11:57:39,866 [WARN] PackLoader:240 - Cannot read IP mode file for STMicroelectronics.X-CUBE-NFC10.1.0.0
2026-05-11 11:57:39,887 [WARN] PackLoader:240 - Cannot read IP mode file for STMicroelectronics.X-CUBE-ST60.1.1.0
2026-05-11 11:57:39,906 [WARN] PackLoader:240 - Cannot read IP mode file for emotas.I-CUBE-CANOPEN.1.3.0
2026-05-11 11:57:39,923 [WARN] PackLoader:240 - Cannot read IP mode file for STMicroelectronics.X-CUBE-GNSS1.7.1.0
2026-05-11 11:57:39,936 [ERROR] Engine:466 - C:\Users\hp\.stm32cubemx\thirdparties\pdsc\STMicroelectronics.FP-SNS-STBOX1.2.1.0.pdsc: PDSC version is not supported
2026-05-11 11:57:39,948 [WARN] PackLoader:240 - Cannot read IP mode file for STMicroelectronics.FP-SNS-SMARTAG2.1.2.0
2026-05-11 11:57:39,960 [WARN] PackLoader:240 - Cannot read IP mode file for STMicroelectronics.FP-SNS-FLIGHT1.5.1.0
2026-05-11 11:57:39,982 [INFO] LogOutputStream:77 - [STDOUT_REDIRECT] 1 : Invalid condition id : UX_CORESTACK_Condition cause : null
2026-05-11 11:57:39,983 [INFO] LogOutputStream:77 - [STDOUT_REDIRECT] 1 : Invalid condition id : UX_CORESTACK_Condition cause : null
2026-05-11 11:57:39,988 [INFO] LogOutputStream:77 - [STDOUT_REDIRECT] 1 : Invalid condition id : UX_CORESTACK_Condition cause : null
2026-05-11 11:57:39,992 [INFO] LogOutputStream:77 - [STDOUT_REDIRECT] 1 : Invalid condition id : UX_CORESTACK_Condition cause : null
2026-05-11 11:57:39,995 [INFO] LogOutputStream:77 - [STDOUT_REDIRECT] 1 : Invalid condition id : UX_CORESTACK_Condition cause : null
2026-05-11 11:57:40,005 [WARN] PackLoader:240 - Cannot read IP mode file for STMicroelectronics.X-CUBE-AZRTOS-WL.2.0.0
2026-05-11 11:57:40,054 [WARN] PackLoader:240 - Cannot read IP mode file for STMicroelectronics.X-CUBE-AZRTOS-H7RS.1.2.0
2026-05-11 11:57:40,077 [WARN] PackLoader:240 - Cannot read IP mode file for STMicroelectronics.X-CUBE-BLE2.3.3.0
2026-05-11 11:57:40,222 [WARN] PackLoader:240 - Cannot read IP mode file for Infineon.AIROC-Wi-Fi-Bluetooth-STM32.1.8.0
2026-05-11 11:57:40,267 [WARN] PackLoader:240 - Cannot read IP mode file for STMicroelectronics.X-CUBE-NFC9.1.0.0
2026-05-11 11:57:40,285 [WARN] PackLoader:240 - Cannot read IP mode file for STMicroelectronics.X-CUBE-BLE1.7.1.0
2026-05-11 11:57:40,298 [WARN] PackLoader:240 - Cannot read IP mode file for wolfSSL.I-CUBE-wolfMQTT.1.19.2
2026-05-11 11:57:40,321 [WARN] PackLoader:240 - Cannot read IP mode file for STMicroelectronics.X-CUBE-EEPRMA1.5.2.0
2026-05-11 11:57:40,336 [WARN] PackLoader:240 - Cannot read IP mode file for wolfSSL.I-CUBE-wolfSSL.5.8.4
2026-05-11 11:57:40,345 [ERROR] Engine:466 - C:\Users\hp\.stm32cubemx\thirdparties\pdsc\STMicroelectronics.FP-SNS-STAIOTCFT.1.1.0.pdsc: PDSC version is not supported
2026-05-11 11:57:40,528 [WARN] PackLoader:240 - Cannot read IP mode file for STMicroelectronics.X-CUBE-MEMS1.12.0.0
2026-05-11 11:57:40,810 [WARN] PackLoader:240 - Cannot read IP mode file for STMicroelectronics.X-CUBE-AZRTOS-G0.1.1.0
2026-05-11 11:57:40,892 [WARN] PackLoader:240 - Cannot read IP mode file for STMicroelectronics.X-CUBE-NFC4.3.0.0
2026-05-11 11:57:40,913 [WARN] PackLoader:240 - Cannot read IP mode file for EmbeddedOffice.I-CUBE-FS-RTOS.1.0.1
2026-05-11 11:57:40,926 [WARN] PackLoader:240 - Cannot read IP mode file for wolfSSL.I-CUBE-wolfTPM.3.8.0
2026-05-11 11:57:40,942 [WARN] PackLoader:240 - Cannot read IP mode file for STMicroelectronics.X-CUBE-TCPP.4.2.0
2026-05-11 11:57:40,959 [WARN] PackLoader:240 - Cannot read IP mode file for RealThread.X-CUBE-RT-Thread_Nano.4.1.1
2026-05-11 11:57:40,972 [WARN] PackLoader:240 - Cannot read IP mode file for STMicroelectronics.FP-ATR-SIGFOX1.3.2.0
2026-05-11 11:57:40,980 [ERROR] Engine:466 - C:\Users\hp\.stm32cubemx\thirdparties\pdsc\STMicroelectronics.X-CUBE-FREERTOS.1.5.0.pdsc: PDSC version is not supported
2026-05-11 11:57:40,996 [WARN] PackLoader:240 - Cannot read IP mode file for ITTIA_DB.I-CUBE-ITTIADB.8.9.0
2026-05-11 11:57:41,009 [WARN] PackLoader:240 - Cannot read IP mode file for Cesanta.I-CUBE-Mongoose.7.21.0
2026-05-11 11:57:41,026 [WARN] PackLoader:240 - Cannot read IP mode file for STMicroelectronics.X-CUBE-NFC6.3.2.0
2026-05-11 11:57:41,042 [WARN] PackLoader:240 - Cannot read IP mode file for STMicroelectronics.X-CUBE-AI.10.2.0
2026-05-11 11:57:41,164 [WARN] PackLoader:240 - Cannot read IP mode file for STMicroelectronics.X-CUBE-MEMS1.12.1.0
2026-05-11 11:57:41,422 [WARN] PackLoader:240 - Cannot read IP mode file for SEGGER.I-CUBE-embOS.1.3.1
2026-05-11 11:57:41,534 [WARN] PackLoader:240 - Cannot read IP mode file for STMicroelectronics.X-CUBE-ALGOBUILD.1.4.0
2026-05-11 11:57:41,548 [WARN] PackLoader:240 - Cannot read IP mode file for STMicroelectronics.X-CUBE-PM33A1.1.0.0
2026-05-11 11:57:41,584 [WARN] PackLoader:240 - Cannot read IP mode file for STMicroelectronics.X-CUBE-AZRTOS-F4.1.1.0
2026-05-11 11:57:41,601 [WARN] PackLoader:240 - Cannot read IP mode file for STMicroelectronics.X-CUBE-ISPU.2.1.0
2026-05-11 11:57:41,613 [ERROR] Engine:466 - C:\Users\hp\.stm32cubemx\thirdparties\pdsc\STMicroelectronics.X-CUBE-IPS.3.2.0.pdsc: PDSC version is not supported
2026-05-11 11:57:41,623 [WARN] PackLoader:240 - Cannot read IP mode file for STMicroelectronics.eDS-WB_DPC_TT-BIDIR.2.1.1
2026-05-11 11:57:41,639 [WARN] PackLoader:240 - Cannot read IP mode file for STMicroelectronics.X-CUBE-NFC12.1.0.0
2026-05-11 11:57:41,674 [WARN] PackLoader:240 - Cannot read IP mode file for STMicroelectronics.X-CUBE-AZRTOS-L5.2.0.0
2026-05-11 11:57:41,690 [WARN] PackLoader:240 - Cannot read IP mode file for STMicroelectronics.eDS-WB_DPC_VIENNA.1.2.0
2026-05-11 11:57:41,838 [INFO] WebApp:169 - Instantiating new browser for Auth
2026-05-11 11:57:41,938 [WARN] PackLoader:240 - Cannot read IP mode file for STMicroelectronics.eDS-WB_DPC_3PH2L-BIDIR.1.1.1
2026-05-11 11:57:41,948 [ERROR] Engine:466 - C:\Users\hp\.stm32cubemx\thirdparties\pdsc\STMicroelectronics.X-CUBE-ST67W61.1.3.0.pdsc: PDSC version is not supported
2026-05-11 11:57:41,961 [WARN] PackLoader:240 - Cannot read IP mode file for STMicroelectronics.X-CUBE-TOUCHGFX.4.26.1
2026-05-11 11:57:41,976 [WARN] PackLoader:240 - Cannot read IP mode file for STMicroelectronics.FP-SNS-STAIOTCFT.1.0.0
2026-05-11 11:57:41,993 [WARN] PackLoader:240 - Cannot read IP mode file for STMicroelectronics.X-CUBE-DPower.1.3.0
2026-05-11 11:57:42,033 [WARN] ConditionMgr:438 - getConditionDescription Invalid condition id : LAN8742 Phy interface Condition cause : null
2026-05-11 11:57:42,035 [WARN] PackLoader:240 - Cannot read IP mode file for STMicroelectronics.X-CUBE-AZRTOS-L4.2.0.0
2026-05-11 11:57:42,037 [WARN] ConditionMgr:1044 - genDependencies : Invalid condition id : LAN8742 Phy interface Condition cause : null
2026-05-11 11:57:42,038 [WARN] ConditionMgr:1044 - genDependencies : Invalid condition id : LAN8742 Phy interface Condition cause : null
2026-05-11 11:57:42,041 [WARN] ConditionMgr:1044 - genDependencies : Invalid condition id : LAN8742 Phy interface Condition cause : null
2026-05-11 11:57:42,059 [WARN] PackLoader:240 - Cannot read IP mode file for STMicroelectronics.X-CUBE-SFXS2LP1.4.0.0
2026-05-11 11:57:42,077 [WARN] PackLoader:240 - Cannot read IP mode file for STMicroelectronics.X-CUBE-WB05N.2.1.0
2026-05-11 11:57:42,086 [ERROR] Engine:466 - C:\Users\hp\.stm32cubemx\thirdparties\pdsc\STMicroelectronics.X-CUBE-ST67W61.1.2.0.pdsc: PDSC version is not supported
2026-05-11 11:57:42,113 [WARN] PackLoader:240 - Cannot read IP mode file for STMicroelectronics.X-CUBE-BLEMGR.4.1.0
2026-05-11 11:57:42,154 [WARN] ConditionMgr:438 - getConditionDescription Invalid condition id : UX DEVICE CLASS RTOS Condition cause : null
2026-05-11 11:57:42,155 [WARN] ConditionMgr:438 - getConditionDescription Invalid condition id : UX DEVICE CLASS RTOS Condition cause : null
2026-05-11 11:57:42,184 [WARN] PackLoader:240 - Cannot read IP mode file for STMicroelectronics.X-CUBE-AZRTOS-WB.2.0.0
2026-05-11 11:57:42,186 [WARN] ConditionMgr:1044 - genDependencies : Invalid condition id : UX DEVICE CLASS RTOS Condition cause : null
2026-05-11 11:57:42,187 [WARN] ConditionMgr:1044 - genDependencies : Invalid condition id : UX DEVICE CLASS RTOS Condition cause : null
2026-05-11 11:57:42,188 [WARN] ConditionMgr:1044 - genDependencies : Invalid condition id : UX DEVICE CLASS RTOS Condition cause : null
2026-05-11 11:57:42,189 [WARN] ConditionMgr:1044 - genDependencies : Invalid condition id : UX DEVICE CLASS RTOS Condition cause : null
2026-05-11 11:57:42,190 [WARN] ConditionMgr:1044 - genDependencies : Invalid condition id : UX DEVICE CLASS RTOS Condition cause : null
2026-05-11 11:57:42,210 [WARN] ConditionMgr:438 - getConditionDescription Invalid condition id : Cortex-A Device cause : null
2026-05-11 11:57:42,509 [WARN] ConditionMgr:1044 - genDependencies : Invalid condition id : Cortex-A Device cause : null
2026-05-11 11:57:42,510 [WARN] ConditionMgr:1044 - genDependencies : Invalid condition id : Cortex-A Device cause : null
2026-05-11 11:57:42,511 [WARN] ConditionMgr:1044 - genDependencies : Invalid condition id : Cortex-A Device cause : null
2026-05-11 11:57:42,533 [WARN] PackLoader:240 - Cannot read IP mode file for STMicroelectronics.X-CUBE-STSE01.2.0.0
2026-05-11 11:57:42,558 [WARN] PackLoader:240 - Cannot read IP mode file for STMicroelectronics.X-CUBE-SUBG2.5.0.0
2026-05-11 11:57:42,595 [WARN] PackLoader:240 - Cannot read IP mode file for STMicroelectronics.X-CUBE-AZRTOS-G4.2.0.0
2026-05-11 11:57:42,614 [WARN] PackLoader:240 - Cannot read IP mode file for wolfSSL.I-CUBE-wolfSSH.1.4.20
2026-05-11 11:57:42,627 [WARN] PackLoader:240 - Cannot read IP mode file for STMicroelectronics.X-CUBE-NFC7.2.0.0
2026-05-11 11:57:42,639 [WARN] PackLoader:240 - Cannot read IP mode file for STMicroelectronics.X-CUBE-ALS.1.0.2
2026-05-11 11:57:42,663 [WARN] PackLoader:240 - Cannot read IP mode file for STMicroelectronics.X-CUBE-TOF1.3.4.3
2026-05-11 11:57:42,685 [INFO] ThirdParty:978 - Integrity check success = true
2026-05-11 11:57:42,685 [INFO] IntegrityCheckThread:100 - exiting critical section [integrity check]
2026-05-11 11:57:42,685 [INFO] IntegrityCheckThread:103 - End integrity checks thread
2026-05-11 11:57:44,798 [INFO] WebApp:463 - Apply proxy settings
2026-05-11 11:57:44,799 [INFO] WebApp:548 - Chromium requires no authentication
2026-05-11 11:57:44,818 [INFO] WebApp:491 - Direct internet connection detected
2026-05-11 11:57:44,875 [INFO] WebApp:894 - Register for checkConnection events
2026-05-11 11:57:44,875 [INFO] WebApp:463 - Apply proxy settings
2026-05-11 11:57:44,875 [INFO] WebApp:548 - Chromium requires no authentication
2026-05-11 11:57:44,876 [INFO] WebApp:491 - Direct internet connection detected
2026-05-11 11:57:45,292 [INFO] WebApp:225 - Starting web application
2026-05-11 11:57:45,293 [INFO] WebApp:593 - Web application path used C:\ST\STM32CubeIDE_1.18.0\STM32CubeIDE\plugins\com.st.stm32cube.common.mx_6.14.0.202502271554\db\plugins\mcufinder\reactClient1\index.html
2026-05-11 11:57:45,787 [INFO] WebApp:191 - Connection restablished
2026-05-11 11:57:57,919 [INFO] McuFinderGlobals:63 - Set McuFinder mode to 2 (CubeIDE integrated)
2026-05-11 11:57:57,929 [INFO] MainUpdater:2872 - connection check result : 10
2026-05-11 11:57:57,939 [INFO] McuFinderGlobals:76 - Set McuFinderConnectedMode to true
2026-05-11 11:57:58,319 [INFO] ServerAccessManage:473 - Download File mcusAds.json._tmp_
2026-05-11 11:57:58,548 [INFO] LoadUrlFilesThread:156 - End of LoadUrlFiles Thread
2026-05-11 11:57:58,735 [INFO] ServerAccessManage:473 - Download File cube-finder-db.zip
2026-05-11 11:58:03,101 [INFO] FileExtend:242 - Unzip File : cube-finder-db.zip
2026-05-11 11:58:03,102 [INFO] FileExtend:257 - Standard Zip Deflate
2026-05-11 11:58:05,389 [INFO] LoadUrlFilesThread:156 - End of LoadUrlFiles Thread
2026-05-11 11:58:06,938 [INFO] ServerAccessManage:473 - Download File crdb.zip
2026-05-11 11:58:07,786 [INFO] FileExtend:242 - Unzip File : crdb.zip
2026-05-11 11:58:07,787 [INFO] FileExtend:257 - Standard Zip Deflate
2026-05-11 11:58:07,924 [INFO] LoadUrlFilesThread:156 - End of LoadUrlFiles Thread
2026-05-11 11:58:08,063 [INFO] ServerAccessManage:473 - Download File tutoVideoDB.zip
2026-05-11 11:58:08,093 [INFO] FileExtend:242 - Unzip File : tutoVideoDB.zip
2026-05-11 11:58:08,094 [INFO] FileExtend:257 - Standard Zip Deflate
2026-05-11 11:58:08,203 [INFO] LoadUrlFilesThread:156 - End of LoadUrlFiles Thread
2026-05-11 11:58:08,206 [WARN] DbFile:41 - Overriding database path with different value: C:\Users\hp\.stmcufinder\plugins\mcufinder/ => C:\Users\hp\.stmcufinder\plugins\mcufinder
2026-05-11 11:58:08,538 [ERROR] ServerAccessManage:1089 - Problem, file not found on Server
2026-05-11 11:58:08,543 [ERROR] ServerAccessManage:651 - Problem, file not found on Server : api_config.json.
2026-05-11 11:58:28,833 [INFO] LoadUrlFilesThread:156 - End of LoadUrlFiles Thread
2026-05-11 11:58:34,013 [INFO] DbMcusAds:53 - JSON generation date=Mon Apr 27 13:44:29 IST 2026 (1777277669683)
2026-05-11 11:58:34,059 [ERROR] TargetSelectorAdapter:267 - Unable to refresh data
2026-05-11 11:58:36,010 [INFO] ApiDb:581 - Connected to CubeFinder SQLite database (C:\Users\hp\.stmcufinder\plugins\mcufinder\mcu\cube-finder-db.db)
2026-05-11 11:58:36,316 [INFO] ApiDb:668 - CubeFinder database Data Model version=2.1
2026-05-11 11:58:36,316 [INFO] ApiDb:669 - CubeFinder database Configuration version=3.0.42
2026-05-11 11:58:36,317 [INFO] ApiDb:670 - CubeFinder database generation date=2026-05-06 (1778060171)
2026-05-11 11:58:36,317 [INFO] ApiDb:671 - CubeFinder database FW Pack versions=[FP-ATR-ASTRA1_V2.0.0, FP-SNS-FLIGHT1_V5.1.0, FP-SNS-MOTENV1_V5.1.0, FP-SNS-MOTENVWB1_V1.5.0, FP-SNS-SMARTAG2_V1.2.0, FP-SNS-STBOX1_V2.1.0, STM32Cube_FW_C0_V1.4.0, STM32Cube_FW_F4_V1.28.3, STM32Cube_FW_F7_V1.17.4, STM32Cube_FW_G0_V1.6.3, STM32Cube_FW_G4_V1.6.2, STM32Cube_FW_H5_V1.6.0, STM32Cube_FW_H7RS_V1.3.0, STM32Cube_FW_H7_V1.13.0, STM32Cube_FW_L0_V1.12.2, STM32Cube_FW_L4_V1.18.2, STM32Cube_FW_L5_V1.6.0, STM32Cube_FW_N6_V1.3.0, STM32Cube_FW_U0_V1.3.0, STM32Cube_FW_U3_V1.3.0, STM32Cube_FW_U5_V1.8.0, STM32Cube_FW_WB0_V1.4.0, STM32Cube_FW_WBA_V1.9.0, STM32Cube_FW_WB_V1.24.0, STM32Cube_FW_WL3_V1.4.0, STM32Cube_FW_WL_V1.5.0, X-CUBE-ALGOBUILD_V1.4.0, X-CUBE-ALS_V1.0.2, X-CUBE-AZRTOS-F4_V1.1.0, X-CUBE-AZRTOS-F7_V1.1.0, X-CUBE-AZRTOS-G0_V1.1.0, X-CUBE-AZRTOS-G4_V2.0.0, X-CUBE-AZRTOS-H7RS_V1.1.0, X-CUBE-AZRTOS-H7_V3.5.0, X-CUBE-AZRTOS-L4_V2.0.0, X-CUBE-AZRTOS-L5_V2.0.0, X-CUBE-AZRTOS-WB_V2.0.0, X-CUBE-AZRTOS-WL_V2.0.0, X-CUBE-BLE1_V7.1.0, X-CUBE-BLE2_V3.3.0, X-CUBE-BLEMGR_V4.1.0, X-CUBE-EEPRMA1_V5.2.0, X-CUBE-FREERTOS_V1.5.0, X-CUBE-GNSS1_V6.0.0, X-CUBE-MEMS1_V12.0.0, X-CUBE-NFC4_V3.0.0, X-CUBE-NFC7_V2.0.0, X-CUBE-SFXS2LP1_V4.0.0, X-CUBE-ST67W61_V1.2.0, X-CUBE-SUBG2_V5.0.0, X-CUBE-TOF1_V3.4.3]
2026-05-11 11:58:36,704 [INFO] DbBoardsSqlite:226 - include board P-NUCLEO-WB55-NUCLEO as a kit item of type 'Nucleo-64'
2026-05-11 11:58:36,705 [INFO] DbBoardsSqlite:226 - include board P-NUCLEO-WB55-USBDONGLE as a kit item of type 'Nucleo USB Dongle'
2026-05-11 11:58:36,711 [INFO] DbBoardsSqlite:226 - include board STEVAL-IDP005V1 as a kit item of type 'Evaluation Board'
2026-05-11 11:58:36,712 [INFO] DbBoardsSqlite:226 - include board STEVAL-IDP005V2 as a kit item of type 'Evaluation Board'
2026-05-11 11:58:40,345 [INFO] ApiDb:240 - Found 895 in-development CPN: [B-G473E-ZEST1S, B-WB1M-WPAN1, B-WBA5M-WPAN, B-WL5M-SUBG1, NUCLEO-C031C6, NUCLEO-C051C8, NUCLEO-C071RB, NUCLEO-C092RC, NUCLEO-H503RB, NUCLEO-H533RE, NUCLEO-H563ZI, NUCLEO-H7S3L8, NUCLEO-N657X0-Q, NUCLEO-U031R8, NUCLEO-U083RC, NUCLEO-U385RG-Q, NUCLEO-U545RE-Q, NUCLEO-U5A5ZJ-Q, NUCLEO-WB05KZ, NUCLEO-WB07CC, NUCLEO-WB09KE, NUCLEO-WBA52CG, NUCLEO-WBA55CG, NUCLEO-WBA65RI, NUCLEO-WL33CC1, NUCLEO-WL33CC2, STEVAL-PROTEUS1, STEVAL-SMARTAG2, STEVAL-STWINBX1, STM320518-EVAL, STM32C0116-DK, STM32C011D6Y3TR, STM32C011D6Y6TR, STM32C011F4P3, STM32C011F4P6, STM32C011F4U3, STM32C011F4U6TR, STM32C011F6P3, STM32C011F6P6, STM32C011F6U3, STM32C011F6U6TR, STM32C011J4M3, STM32C011J4M6, STM32C011J6M3, STM32C011J6M6, STM32C0316-DK, STM32C031C4T3, STM32C031C4T6, STM32C031C4U3, STM32C031C4U6, STM32C031C6T3, STM32C031C6T6, STM32C031C6U3, STM32C031C6U6, STM32C031F4P3, STM32C031F4P6, STM32C031F6P3, STM32C031F6P6, STM32C031G4U3, STM32C031G4U6, STM32C031G6U3, STM32C031G6U6, STM32C031K4T3, STM32C031K4T6, STM32C031K4U3, STM32C031K4U6, STM32C031K6T3, STM32C031K6T6, STM32C031K6U3, STM32C031K6U6, STM32C051C6T6, STM32C051C6U6, STM32C051C8T6, STM32C051C8U6, STM32C051D8Y6TR, STM32C051F6P6, STM32C051F8P6, STM32C051G6U6, STM32C051G8U6, STM32C051K6T6, STM32C051K6U6, STM32C051K8T6, STM32C071C8T6, STM32C071C8T6N, STM32C071C8U6, STM32C071C8U6N, STM32C071CBT6, STM32C071CBT6N, STM32C071CBU6, STM32C071CBU6N, STM32C071F8P6, STM32C071F8P6N, STM32C071FBP6, STM32C071FBP6N, STM32C071FBY6TR, STM32C071G8U6, STM32C071G8U6N, STM32C071GBU6, STM32C071GBU6N, STM32C071K8T6, STM32C071K8T6N, STM32C071K8U6, STM32C071K8U6N, STM32C071KBT6, STM32C071KBT6N, STM32C071KBU6, STM32C071KBU6N, STM32C071R8T6, STM32C071R8T6N, STM32C071RBI6N, STM32C071RBT6, STM32C071RBT6N, STM32C091CBT6, STM32C091CBU6, STM32C091CCT6, STM32C091CCU6, STM32C091ECY6TR, STM32C091FBP6, STM32C091FCP6, STM32C091GBU6, STM32C091GCU6, STM32C091KBT6, STM32C091KBU6, STM32C091KCT6, STM32C091KCU6, STM32C091RBT6, STM32C091RCI6, STM32C091RCT6, STM32C092CBT6, STM32C092CBU6, STM32C092CCT6, STM32C092CCU6, STM32C092ECY6TR, STM32C092FBP6, STM32C092FCP6, STM32C092GBU6, STM32C092GCU6, STM32C092KBT6, STM32C092KBU6, STM32C092KCT6, STM32C092KCU6, STM32C092RBT6, STM32C092RCI6, STM32C092RCT6, STM32G071K8TXN, STM32G071K8UXN, STM32G081GBU6N, STM32G081KBT6N, STM32G081KBUXN, STM32G0B1CCT6N, STM32G0B1KCT6, STM32G0B1NEY6TR, STM32G0B1RCT6N, STM32G0C1CCT6, STM32G0C1CCT6N, STM32G0C1CCU6N, STM32G0C1CET6N, STM32G0C1CEU6N, STM32G0C1KCT6, STM32G0C1NEY6TR, STM32G0C1RCI6N, STM32G0C1RCT6N, STM32G0C1REI6N, STM32G0C1RET6N, STM32G0C1VCI6, STM32G0C1VEI6, STM32G411C6T3, STM32G411C6T6, STM32G411C6U3, STM32G411C6U6, STM32G411C8T3, STM32G411C8T6, STM32G411C8U3, STM32G411C8U6, STM32G411CBT3, STM32G411CBT6, STM32G411CBU3, STM32G411CBU6, STM32G411CCT3, STM32G411CCT6, STM32G411CCU3, STM32G411CCU6, STM32G411K6T3, STM32G411K6T6, STM32G411K6U3, STM32G411K6U6, STM32G411K8T3, STM32G411K8T6, STM32G411K8U3, STM32G411K8U6, STM32G411KBT3, STM32G411KBT6, STM32G411KBU3, STM32G411KBU6, STM32G411M6T3, STM32G411M6T6, STM32G411M8T3, STM32G411M8T6, STM32G411MBT3, STM32G411MBT6, STM32G411MCT3, STM32G411MCT6, STM32G411R6T3, STM32G411R6T6, STM32G411R8T3, STM32G411R8T6, STM32G411RBT3, STM32G411RBT6, STM32G411RCT3, STM32G411RCT6, STM32G414CBT3, STM32G414CBT6, STM32G414CBU3, STM32G414CBU6, STM32G414CCT3, STM32G414CCT6, STM32G414CCU3, STM32G414CCU6, STM32G414MBT3, STM32G414MBT6, STM32G414MCT3, STM32G414MCT6, STM32G414RBT3, STM32G414RBT6, STM32G414RCT3, STM32G414RCT6, STM32G414VBT3, STM32G414VBT6, STM32G414VCT3, STM32G414VCT6, STM32G431CBT3Z, STM32G431RBT3Z, STM32G471CCT6, STM32G471CCU6, STM32G471CET3, STM32G471CET6, STM32G471CEU3, STM32G471CEU6, STM32G471MCT6, STM32G471MET3, STM32G471MET6, STM32G471MEY6TR, STM32G471QCT6, STM32G471QET3, STM32G471RCT6, STM32G471RET3, STM32G471RET6, STM32G471VCH6, STM32G471VCI6, STM32G471VCT6, STM32G471VEH3, STM32G471VEH6, STM32G471VEI3, STM32G471VEI6, STM32G471VET3, STM32G471VET6, STM32G473QET3Z, STM32G473RET3Z, STM32G474CCT6, STM32G491RET3Z, STM32H503CBT6, STM32H503CBU6, STM32H503EBY6TR, STM32H503KBU6, STM32H503RBT6, STM32H523CCT6, STM32H523CCU6, STM32H523CET6, STM32H523CEU6, STM32H523HEY6TR, STM32H523RCT6, STM32H523RET6, STM32H523VCI6, STM32H523VCT6, STM32H523VEI6, STM32H523VET6, STM32H523ZCJ6, STM32H523ZCT6, STM32H523ZEJ6, STM32H523ZET6, STM32H533CET6, STM32H533CEU6, STM32H533HEY6TR, STM32H533RET6, STM32H533VEI6, STM32H533VET6, STM32H533ZEJ6, STM32H533ZET6, STM32H562AGI6, STM32H562AII6, STM32H562IGK6, STM32H562IGT6, STM32H562IIK6, STM32H562IIT6, STM32H562RGT6, STM32H562RGV6, STM32H562RIT6, STM32H562RIV6, STM32H562VGT6, STM32H562VIT6, STM32H562ZGT6, STM32H562ZIT6, STM32H563AGI6, STM32H563AII3Q, STM32H563AII6, STM32H563IGK6, STM32H563IGT6, STM32H563IIK3Q, STM32H563IIK6, STM32H563IIT3Q, STM32H563IIT6, STM32H563MIY3QTR, STM32H563RGT6, STM32H563RGV6, STM32H563RIT6, STM32H563RIV6, STM32H563VGT6, STM32H563VIT3Q, STM32H563VIT6, STM32H563ZGT6, STM32H563ZIT3Q, STM32H563ZIT6, STM32H573AII3Q, STM32H573AII6, STM32H573I-DK, STM32H573IIK3Q, STM32H573IIK6, STM32H573IIT3Q, STM32H573IIT6, STM32H573MIY3QTR, STM32H573RIT6, STM32H573RIV6, STM32H573VIT3Q, STM32H573VIT6, STM32H573ZIT3Q, STM32H573ZIT6, STM32H7R3A8I6, STM32H7R3I8K6, STM32H7R3I8T6, STM32H7R3L8H6, STM32H7R3L8H6H, STM32H7R3R8V6, STM32H7R3V8H6, STM32H7R3V8T6, STM32H7R3V8Y6TR, STM32H7R3Z8J6, STM32H7R3Z8T6, STM32H7R7A8I6, STM32H7R7I8K6, STM32H7R7I8T6, STM32H7R7L8H6, STM32H7R7L8H6H, STM32H7R7Z8J6, STM32H7S3A8I6, STM32H7S3I8K6, STM32H7S3I8T6, STM32H7S3L8H6, STM32H7S3L8H6H, STM32H7S3R8V6, STM32H7S3V8H6, STM32H7S3V8T6, STM32H7S3V8Y6TR, STM32H7S3Z8J6, STM32H7S3Z8T6, STM32H7S78-DK, STM32H7S7A8I6, STM32H7S7I8K6, STM32H7S7I8T6, STM32H7S7L8H6, STM32H7S7L8H6H, STM32H7S7Z8J6, STM32L4R5QGI6STR, STM32MP131AAE3, STM32MP131AAF3, STM32MP131AAG3, STM32MP131CAE3, STM32MP131CAF3, STM32MP131CAG3, STM32MP131DAE7, STM32MP131DAF7, STM32MP131DAG7, STM32MP131FAE7, STM32MP131FAF7, STM32MP131FAG7, STM32MP133AAE3, STM32MP133AAF3, STM32MP133AAG3, STM32MP133CAE3, STM32MP133CAF3, STM32MP133CAG3, STM32MP133DAE7, STM32MP133DAF7, STM32MP133DAG7, STM32MP133FAE7, STM32MP133FAF7, STM32MP133FAG7, STM32MP135AAE3, STM32MP135AAF3, STM32MP135AAG3, STM32MP135CAE3, STM32MP135CAF3, STM32MP135CAG3, STM32MP135DAE7, STM32MP135DAF7, STM32MP135DAG7, STM32MP135F-DK, STM32MP135FAE7, STM32MP135FAF7, STM32MP135FAF7T, STM32MP135FAF7U, STM32MP135FAG7, STM32MP231AAJ3, STM32MP231AAK3, STM32MP231AAL3, STM32MP231CAJ3, STM32MP231CAK3, STM32MP231CAL3, STM32MP231DAJ3, STM32MP231DAK3, STM32MP231DAL3, STM32MP231FAJ3, STM32MP231FAK3, STM32MP231FAL3, STM32MP233AAJ3, STM32MP233AAK3, STM32MP233AAL3, STM32MP233CAJ3, STM32MP233CAK3, STM32MP233CAL3, STM32MP233DAJ3, STM32MP233DAK3, STM32MP233DAL3, STM32MP233FAJ3, STM32MP233FAK3, STM32MP233FAL3, STM32MP235AAJ3, STM32MP235AAK3, STM32MP235AAL3, STM32MP235CAJ3, STM32MP235CAK3, STM32MP235CAL3, STM32MP235DAJ3, STM32MP235DAK3, STM32MP235DAL3, STM32MP235FAJ3, STM32MP235FAK3, STM32MP235FAL3, STM32MP251AAI3, STM32MP251AAJ3, STM32MP251AAK3, STM32MP251AAL3, STM32MP251CAI3, STM32MP251CAJ3, STM32MP251CAK3, STM32MP251CAL3, STM32MP251DAI3, STM32MP251DAJ3, STM32MP251DAK3, STM32MP251DAL3, STM32MP251FAI3, STM32MP251FAJ3, STM32MP251FAK3, STM32MP251FAL3, STM32MP253AAI3, STM32MP253AAJ3, STM32MP253AAK3, STM32MP253AAL3, STM32MP253CAI3, STM32MP253CAJ3, STM32MP253CAK3, STM32MP253CAL3, STM32MP253DAI3, STM32MP253DAJ3, STM32MP253DAK3, STM32MP253DAL3, STM32MP253FAI3, STM32MP253FAJ3, STM32MP253FAK3, STM32MP253FAL3, STM32MP255AAI3, STM32MP255AAJ3, STM32MP255AAK3, STM32MP255AAL3, STM32MP255CAI3, STM32MP255CAJ3, STM32MP255CAK3, STM32MP255CAL3, STM32MP255DAI3, STM32MP255DAJ3, STM32MP255DAK3, STM32MP255DAL3, STM32MP255FAI3, STM32MP255FAJ3, STM32MP255FAK3, STM32MP255FAL3, STM32MP257AAI3, STM32MP257AAJ3, STM32MP257AAK3, STM32MP257AAL3, STM32MP257CAI3, STM32MP257CAJ3, STM32MP257CAK3, STM32MP257CAL3, STM32MP257DAI3, STM32MP257DAJ3, STM32MP257DAK3, STM32MP257DAL3, STM32MP257F-DK, STM32MP257F-EV1, STM32MP257FAI3, STM32MP257FAJ3, STM32MP257FAK3, STM32MP257FAL3, STM32N645A0H3Q, STM32N645B0H3Q, STM32N645I0H3Q, STM32N645L0H3Q, STM32N645X0H3Q, STM32N645Z0H3Q, STM32N647A0H3Q, STM32N647B0H3Q, STM32N647I0H3Q, STM32N647L0H3Q, STM32N647X0H3Q, STM32N647Z0H3Q, STM32N655A0H3Q, STM32N655B0H3Q, STM32N655I0H3Q, STM32N655L0H3Q, STM32N655X0H3Q, STM32N655Z0H3Q, STM32N6570-DK, STM32N657A0H3Q, STM32N657B0H3Q, STM32N657I0H3Q, STM32N657L0H3Q, STM32N657X0H3Q, STM32N657Z0H3Q, STM32U031C6T6, STM32U031C6U6, STM32U031C8T6, STM32U031C8U6, STM32U031F4P6, STM32U031F6P6, STM32U031F8P6, STM32U031G6Y6TR, STM32U031G8Y6TR, STM32U031K4U6, STM32U031K6U6, STM32U031K8U6, STM32U031R6I6, STM32U031R6T6, STM32U031R8I6, STM32U031R8T6, STM32U073C8T6, STM32U073C8U6, STM32U073CBT6, STM32U073CBU6, STM32U073CCT6, STM32U073CCU6, STM32U073H8Y6TR, STM32U073HBY6TR, STM32U073HCY6TR, STM32U073K8U6, STM32U073KBU6, STM32U073KCU6, STM32U073M8I6, STM32U073M8T6, STM32U073MBI6, STM32U073MBT6, STM32U073MCI6, STM32U073MCT6, STM32U073R8I6, STM32U073R8T6, STM32U073RBI6, STM32U073RBT6, STM32U073RCI6, STM32U073RCT6, STM32U083C-DK, STM32U083CCT6, STM32U083CCU6, STM32U083HCY6TR, STM32U083KCU6, STM32U083MCI6, STM32U083MCT6, STM32U083RCI6, STM32U083RCT6, STM32U375CET6, STM32U375CET6Q, STM32U375CEU6, STM32U375CEU6Q, STM32U375CEY6QTR, STM32U375CGT6, STM32U375CGT6Q, STM32U375CGU6, STM32U375CGU6Q, STM32U375CGY6QTR, STM32U375KEU6, STM32U375KGU6, STM32U375REI6, STM32U375REI6Q, STM32U375RET6, STM32U375RET6Q, STM32U375REY6GTR, STM32U375REY6QTR, STM32U375RGI6, STM32U375RGI6Q, STM32U375RGT6, STM32U375RGT6Q, STM32U375RGY6GTR, STM32U375RGY6QTR, STM32U375VEI6, STM32U375VEI6Q, STM32U375VET6, STM32U375VET6Q, STM32U375VGI6, STM32U375VGI6Q, STM32U375VGT6, STM32U375VGT6Q, STM32U385CGT6, STM32U385CGT6Q, STM32U385CGU6, STM32U385CGU6Q, STM32U385CGY6QTR, STM32U385KGU6, STM32U385RGI6, STM32U385RGI6Q, STM32U385RGT6, STM32U385RGT6Q, STM32U385RGY6GTR, STM32U385RGY6QTR, STM32U385VGI6, STM32U385VGI6Q, STM32U385VGT6, STM32U385VGT6Q, STM32U535CBT6, STM32U535CBT6Q, STM32U535CBU6, STM32U535CBU6Q, STM32U535CCT6, STM32U535CCT6Q, STM32U535CCU6, STM32U535CCU6Q, STM32U535CET6, STM32U535CET6Q, STM32U535CEU6, STM32U535CEU6Q, STM32U535JEY6QTR, STM32U535NCY6QTR, STM32U535NEY6QTR, STM32U535RBI6, STM32U535RBI6Q, STM32U535RBT6, STM32U535RBT6Q, STM32U535RCI6, STM32U535RCI6Q, STM32U535RCT6, STM32U535RCT6Q, STM32U535REI6, STM32U535REI6Q, STM32U535RET6, STM32U535RET6Q, STM32U535VCI6, STM32U535VCI6Q, STM32U535VCT6, STM32U535VCT6Q, STM32U535VEI6, STM32U535VEI6Q, STM32U535VET6, STM32U535VET6Q, STM32U545CET6, STM32U545CET6Q, STM32U545CEU6, STM32U545CEU6Q, STM32U545JEY6QTR, STM32U545NEY6QTR, STM32U545REI6, STM32U545REI6Q, STM32U545RET6, STM32U545RET6Q, STM32U545VEI6, STM32U545VEI6Q, STM32U545VET6, STM32U545VET6Q, STM32U595AIH6, STM32U595AIH6Q, STM32U595AJH6, STM32U595AJH6Q, STM32U595QII6, STM32U595QII6Q, STM32U595QJI6, STM32U595QJI6Q, STM32U595RIT6, STM32U595RIT6Q, STM32U595RJT6, STM32U595RJT6Q, STM32U595VIT6, STM32U595VIT6Q, STM32U595VJT6, STM32U595VJT6Q, STM32U595ZIT6, STM32U595ZIT6Q, STM32U595ZIY6QTR, STM32U595ZJT6, STM32U595ZJT6Q, STM32U595ZJY6QTR, STM32U599BJY6QTR, STM32U599NIH6Q, STM32U599NJH6Q, STM32U599VIT6Q, STM32U599VJT6, STM32U599VJT6Q, STM32U599ZIT6Q, STM32U599ZIY6QTR, STM32U599ZJT6Q, STM32U599ZJY6QTR, STM32U5A5AJH6, STM32U5A5AJH6Q, STM32U5A5QII3Q , STM32U5A5QJI6, STM32U5A5QJI6Q, STM32U5A5RJT6, STM32U5A5RJT6Q, STM32U5A5VJT6, STM32U5A5VJT6Q, STM32U5A5ZJT6, STM32U5A5ZJT6Q, STM32U5A5ZJY6QTR, STM32U5A9BJY6QTR, STM32U5A9J-DK, STM32U5A9NJH6Q, STM32U5A9VJT6Q, STM32U5A9ZJT6Q, STM32U5A9ZJY6QTR, STM32U5F7VIT6, STM32U5F7VIT6Q, STM32U5F7VJT6, STM32U5F7VJT6Q, STM32U5F9BJY6QTR, STM32U5F9NJH6Q, STM32U5F9VIT6Q, STM32U5F9VJT6Q, STM32U5F9ZIJ6QTR, STM32U5F9ZIT6Q, STM32U5F9ZJJ6QTR, STM32U5F9ZJT6Q, STM32U5G7VJT6, STM32U5G7VJT6Q, STM32U5G9BJY6QTR, STM32U5G9J-DK1, STM32U5G9J-DK2, STM32U5G9NJH6Q, STM32U5G9VJT6Q, STM32U5G9ZJJ6QTR, STM32U5G9ZJT6Q, STM32WB05KZV6TR, STM32WB05KZV7TR, STM32WB05TZF6TR, STM32WB05TZF7TR, STM32WB06CCF6TR, STM32WB06CCF7TR, STM32WB06CCV6TR, STM32WB06CCV7TR, STM32WB06KCV6TR, STM32WB06KCV7TR, STM32WB07CCF6TR, STM32WB07CCF7TR, STM32WB07CCV6TR, STM32WB07CCV7TR, STM32WB07KCV6TR, STM32WB07KCV7TR, STM32WB09KEV6TR, STM32WB09KEV7TR, STM32WB09TEF6TR, STM32WB09TEF7TR, STM32WB1MMCH6, STM32WBA50KGU6, STM32WBA50KGU6TR, STM32WBA52CEU6, STM32WBA52CEU6TR, STM32WBA52CEU7, STM32WBA52CEU7TR, STM32WBA52CGU6, STM32WBA52CGU6TR, STM32WBA52CGU6U, STM32WBA52CGU7, STM32WBA52CGU7TR, STM32WBA52KEU6, STM32WBA52KEU6TR, STM32WBA52KGU6, STM32WBA52KGU6TR, STM32WBA54CEU6, STM32WBA54CEU6TR, STM32WBA54CEU7, STM32WBA54CEU7TR, STM32WBA54CGU6, STM32WBA54CGU6TR, STM32WBA54CGU7, STM32WBA54CGU7TR, STM32WBA54KEU6, STM32WBA54KEU6TR, STM32WBA54KEU7, STM32WBA54KEU7TR, STM32WBA54KGU6, STM32WBA54KGU6TR, STM32WBA54KGU7, STM32WBA54KGU7TR, STM32WBA55CEU6, STM32WBA55CEU6TR, STM32WBA55CEU7, STM32WBA55CEU7TR, STM32WBA55CGU6, STM32WBA55CGU6TR, STM32WBA55CGU6U, STM32WBA55CGU7, STM32WBA55CGU7TR, STM32WBA55G-DK1, STM32WBA55HEF6, STM32WBA55HEF7, STM32WBA55HGF6, STM32WBA55HGF7, STM32WBA55UEI6, STM32WBA55UEI6TR, STM32WBA55UEI7, STM32WBA55UEI7TR, STM32WBA55UGI6, STM32WBA55UGI6TR, STM32WBA55UGI7, STM32WBA55UGI7TR, STM32WBA5MJGH6TR, STM32WBA62CGU6, STM32WBA62CIU6, STM32WBA62MGF6, STM32WBA62MIF6, STM32WBA62PGI6, STM32WBA62PII6, STM32WBA63CGU6, STM32WBA63CGU7, STM32WBA63CIU6, STM32WBA63CIU7, STM32WBA64CGU6, STM32WBA64CGU7, STM32WBA64CIU6, STM32WBA64CIU7, STM32WBA65CGU6, STM32WBA65CGU7, STM32WBA65CIU6, STM32WBA65CIU7, STM32WBA65I-DK1, STM32WBA65MGF6, STM32WBA65MGF7, STM32WBA65MIF6, STM32WBA65MIF7, STM32WBA65PGI6, STM32WBA65PGI7, STM32WBA65PII6, STM32WBA65PII7, STM32WBA65RGV6, STM32WBA65RGV7, STM32WBA65RIV6, STM32WBA65RIV7, STM32WL30K8V6, STM32WL30KBV6, STM32WL31C8V6, STM32WL31CBV6, STM32WL31K8V6, STM32WL31KBV6, STM32WL33C8V6, STM32WL33C8V6TR, STM32WL33C8V7, STM32WL33C8V7TR, STM32WL33CBV6, STM32WL33CBV6TR, STM32WL33CBV7, STM32WL33CBV7TR, STM32WL33CCV6, STM32WL33CCV6TR, STM32WL33CCV7, STM32WL33CCV7A, STM32WL33CCV7ATR, STM32WL33CCV7TR, STM32WL33K8V6, STM32WL33K8V6TR, STM32WL33K8V7, STM32WL33K8V7TR, STM32WL33KBV6, STM32WL33KBV6TR, STM32WL33KBV7, STM32WL33KBV7TR, STM32WL33KCV6, STM32WL33KCV6TR, STM32WL33KCV7, STM32WL33KCV7TR, STM32WL5MOCH6, STM32WL5MOCH6TR]
2026-05-11 11:58:40,354 [INFO] ApiDb:668 - CubeFinder database Data Model version=2.1
2026-05-11 11:58:40,354 [INFO] ApiDb:669 - CubeFinder database Configuration version=3.0.42
2026-05-11 11:58:40,354 [INFO] ApiDb:670 - CubeFinder database generation date=2026-05-06 (1778060171)
2026-05-11 11:58:40,354 [INFO] ApiDb:671 - CubeFinder database FW Pack versions=[FP-ATR-ASTRA1_V2.0.0, FP-SNS-FLIGHT1_V5.1.0, FP-SNS-MOTENV1_V5.1.0, FP-SNS-MOTENVWB1_V1.5.0, FP-SNS-SMARTAG2_V1.2.0, FP-SNS-STBOX1_V2.1.0, STM32Cube_FW_C0_V1.4.0, STM32Cube_FW_F4_V1.28.3, STM32Cube_FW_F7_V1.17.4, STM32Cube_FW_G0_V1.6.3, STM32Cube_FW_G4_V1.6.2, STM32Cube_FW_H5_V1.6.0, STM32Cube_FW_H7RS_V1.3.0, STM32Cube_FW_H7_V1.13.0, STM32Cube_FW_L0_V1.12.2, STM32Cube_FW_L4_V1.18.2, STM32Cube_FW_L5_V1.6.0, STM32Cube_FW_N6_V1.3.0, STM32Cube_FW_U0_V1.3.0, STM32Cube_FW_U3_V1.3.0, STM32Cube_FW_U5_V1.8.0, STM32Cube_FW_WB0_V1.4.0, STM32Cube_FW_WBA_V1.9.0, STM32Cube_FW_WB_V1.24.0, STM32Cube_FW_WL3_V1.4.0, STM32Cube_FW_WL_V1.5.0, X-CUBE-ALGOBUILD_V1.4.0, X-CUBE-ALS_V1.0.2, X-CUBE-AZRTOS-F4_V1.1.0, X-CUBE-AZRTOS-F7_V1.1.0, X-CUBE-AZRTOS-G0_V1.1.0, X-CUBE-AZRTOS-G4_V2.0.0, X-CUBE-AZRTOS-H7RS_V1.1.0, X-CUBE-AZRTOS-H7_V3.5.0, X-CUBE-AZRTOS-L4_V2.0.0, X-CUBE-AZRTOS-L5_V2.0.0, X-CUBE-AZRTOS-WB_V2.0.0, X-CUBE-AZRTOS-WL_V2.0.0, X-CUBE-BLE1_V7.1.0, X-CUBE-BLE2_V3.3.0, X-CUBE-BLEMGR_V4.1.0, X-CUBE-EEPRMA1_V5.2.0, X-CUBE-FREERTOS_V1.5.0, X-CUBE-GNSS1_V6.0.0, X-CUBE-MEMS1_V12.0.0, X-CUBE-NFC4_V3.0.0, X-CUBE-NFC7_V2.0.0, X-CUBE-SFXS2LP1_V4.0.0, X-CUBE-ST67W61_V1.2.0, X-CUBE-SUBG2_V5.0.0, X-CUBE-TOF1_V3.4.3]
2026-05-11 11:58:44,376 [INFO] ApiDb:240 - Found 895 in-development CPN: [B-G473E-ZEST1S, B-WB1M-WPAN1, B-WBA5M-WPAN, B-WL5M-SUBG1, NUCLEO-C031C6, NUCLEO-C051C8, NUCLEO-C071RB, NUCLEO-C092RC, NUCLEO-H503RB, NUCLEO-H533RE, NUCLEO-H563ZI, NUCLEO-H7S3L8, NUCLEO-N657X0-Q, NUCLEO-U031R8, NUCLEO-U083RC, NUCLEO-U385RG-Q, NUCLEO-U545RE-Q, NUCLEO-U5A5ZJ-Q, NUCLEO-WB05KZ, NUCLEO-WB07CC, NUCLEO-WB09KE, NUCLEO-WBA52CG, NUCLEO-WBA55CG, NUCLEO-WBA65RI, NUCLEO-WL33CC1, NUCLEO-WL33CC2, STEVAL-PROTEUS1, STEVAL-SMARTAG2, STEVAL-STWINBX1, STM320518-EVAL, STM32C0116-DK, STM32C011D6Y3TR, STM32C011D6Y6TR, STM32C011F4P3, STM32C011F4P6, STM32C011F4U3, STM32C011F4U6TR, STM32C011F6P3, STM32C011F6P6, STM32C011F6U3, STM32C011F6U6TR, STM32C011J4M3, STM32C011J4M6, STM32C011J6M3, STM32C011J6M6, STM32C0316-DK, STM32C031C4T3, STM32C031C4T6, STM32C031C4U3, STM32C031C4U6, STM32C031C6T3, STM32C031C6T6, STM32C031C6U3, STM32C031C6U6, STM32C031F4P3, STM32C031F4P6, STM32C031F6P3, STM32C031F6P6, STM32C031G4U3, STM32C031G4U6, STM32C031G6U3, STM32C031G6U6, STM32C031K4T3, STM32C031K4T6, STM32C031K4U3, STM32C031K4U6, STM32C031K6T3, STM32C031K6T6, STM32C031K6U3, STM32C031K6U6, STM32C051C6T6, STM32C051C6U6, STM32C051C8T6, STM32C051C8U6, STM32C051D8Y6TR, STM32C051F6P6, STM32C051F8P6, STM32C051G6U6, STM32C051G8U6, STM32C051K6T6, STM32C051K6U6, STM32C051K8T6, STM32C071C8T6, STM32C071C8T6N, STM32C071C8U6, STM32C071C8U6N, STM32C071CBT6, STM32C071CBT6N, STM32C071CBU6, STM32C071CBU6N, STM32C071F8P6, STM32C071F8P6N, STM32C071FBP6, STM32C071FBP6N, STM32C071FBY6TR, STM32C071G8U6, STM32C071G8U6N, STM32C071GBU6, STM32C071GBU6N, STM32C071K8T6, STM32C071K8T6N, STM32C071K8U6, STM32C071K8U6N, STM32C071KBT6, STM32C071KBT6N, STM32C071KBU6, STM32C071KBU6N, STM32C071R8T6, STM32C071R8T6N, STM32C071RBI6N, STM32C071RBT6, STM32C071RBT6N, STM32C091CBT6, STM32C091CBU6, STM32C091CCT6, STM32C091CCU6, STM32C091ECY6TR, STM32C091FBP6, STM32C091FCP6, STM32C091GBU6, STM32C091GCU6, STM32C091KBT6, STM32C091KBU6, STM32C091KCT6, STM32C091KCU6, STM32C091RBT6, STM32C091RCI6, STM32C091RCT6, STM32C092CBT6, STM32C092CBU6, STM32C092CCT6, STM32C092CCU6, STM32C092ECY6TR, STM32C092FBP6, STM32C092FCP6, STM32C092GBU6, STM32C092GCU6, STM32C092KBT6, STM32C092KBU6, STM32C092KCT6, STM32C092KCU6, STM32C092RBT6, STM32C092RCI6, STM32C092RCT6, STM32G071K8TXN, STM32G071K8UXN, STM32G081GBU6N, STM32G081KBT6N, STM32G081KBUXN, STM32G0B1CCT6N, STM32G0B1KCT6, STM32G0B1NEY6TR, STM32G0B1RCT6N, STM32G0C1CCT6, STM32G0C1CCT6N, STM32G0C1CCU6N, STM32G0C1CET6N, STM32G0C1CEU6N, STM32G0C1KCT6, STM32G0C1NEY6TR, STM32G0C1RCI6N, STM32G0C1RCT6N, STM32G0C1REI6N, STM32G0C1RET6N, STM32G0C1VCI6, STM32G0C1VEI6, STM32G411C6T3, STM32G411C6T6, STM32G411C6U3, STM32G411C6U6, STM32G411C8T3, STM32G411C8T6, STM32G411C8U3, STM32G411C8U6, STM32G411CBT3, STM32G411CBT6, STM32G411CBU3, STM32G411CBU6, STM32G411CCT3, STM32G411CCT6, STM32G411CCU3, STM32G411CCU6, STM32G411K6T3, STM32G411K6T6, STM32G411K6U3, STM32G411K6U6, STM32G411K8T3, STM32G411K8T6, STM32G411K8U3, STM32G411K8U6, STM32G411KBT3, STM32G411KBT6, STM32G411KBU3, STM32G411KBU6, STM32G411M6T3, STM32G411M6T6, STM32G411M8T3, STM32G411M8T6, STM32G411MBT3, STM32G411MBT6, STM32G411MCT3, STM32G411MCT6, STM32G411R6T3, STM32G411R6T6, STM32G411R8T3, STM32G411R8T6, STM32G411RBT3, STM32G411RBT6, STM32G411RCT3, STM32G411RCT6, STM32G414CBT3, STM32G414CBT6, STM32G414CBU3, STM32G414CBU6, STM32G414CCT3, STM32G414CCT6, STM32G414CCU3, STM32G414CCU6, STM32G414MBT3, STM32G414MBT6, STM32G414MCT3, STM32G414MCT6, STM32G414RBT3, STM32G414RBT6, STM32G414RCT3, STM32G414RCT6, STM32G414VBT3, STM32G414VBT6, STM32G414VCT3, STM32G414VCT6, STM32G431CBT3Z, STM32G431RBT3Z, STM32G471CCT6, STM32G471CCU6, STM32G471CET3, STM32G471CET6, STM32G471CEU3, STM32G471CEU6, STM32G471MCT6, STM32G471MET3, STM32G471MET6, STM32G471MEY6TR, STM32G471QCT6, STM32G471QET3, STM32G471RCT6, STM32G471RET3, STM32G471RET6, STM32G471VCH6, STM32G471VCI6, STM32G471VCT6, STM32G471VEH3, STM32G471VEH6, STM32G471VEI3, STM32G471VEI6, STM32G471VET3, STM32G471VET6, STM32G473QET3Z, STM32G473RET3Z, STM32G474CCT6, STM32G491RET3Z, STM32H503CBT6, STM32H503CBU6, STM32H503EBY6TR, STM32H503KBU6, STM32H503RBT6, STM32H523CCT6, STM32H523CCU6, STM32H523CET6, STM32H523CEU6, STM32H523HEY6TR, STM32H523RCT6, STM32H523RET6, STM32H523VCI6, STM32H523VCT6, STM32H523VEI6, STM32H523VET6, STM32H523ZCJ6, STM32H523ZCT6, STM32H523ZEJ6, STM32H523ZET6, STM32H533CET6, STM32H533CEU6, STM32H533HEY6TR, STM32H533RET6, STM32H533VEI6, STM32H533VET6, STM32H533ZEJ6, STM32H533ZET6, STM32H562AGI6, STM32H562AII6, STM32H562IGK6, STM32H562IGT6, STM32H562IIK6, STM32H562IIT6, STM32H562RGT6, STM32H562RGV6, STM32H562RIT6, STM32H562RIV6, STM32H562VGT6, STM32H562VIT6, STM32H562ZGT6, STM32H562ZIT6, STM32H563AGI6, STM32H563AII3Q, STM32H563AII6, STM32H563IGK6, STM32H563IGT6, STM32H563IIK3Q, STM32H563IIK6, STM32H563IIT3Q, STM32H563IIT6, STM32H563MIY3QTR, STM32H563RGT6, STM32H563RGV6, STM32H563RIT6, STM32H563RIV6, STM32H563VGT6, STM32H563VIT3Q, STM32H563VIT6, STM32H563ZGT6, STM32H563ZIT3Q, STM32H563ZIT6, STM32H573AII3Q, STM32H573AII6, STM32H573I-DK, STM32H573IIK3Q, STM32H573IIK6, STM32H573IIT3Q, STM32H573IIT6, STM32H573MIY3QTR, STM32H573RIT6, STM32H573RIV6, STM32H573VIT3Q, STM32H573VIT6, STM32H573ZIT3Q, STM32H573ZIT6, STM32H7R3A8I6, STM32H7R3I8K6, STM32H7R3I8T6, STM32H7R3L8H6, STM32H7R3L8H6H, STM32H7R3R8V6, STM32H7R3V8H6, STM32H7R3V8T6, STM32H7R3V8Y6TR, STM32H7R3Z8J6, STM32H7R3Z8T6, STM32H7R7A8I6, STM32H7R7I8K6, STM32H7R7I8T6, STM32H7R7L8H6, STM32H7R7L8H6H, STM32H7R7Z8J6, STM32H7S3A8I6, STM32H7S3I8K6, STM32H7S3I8T6, STM32H7S3L8H6, STM32H7S3L8H6H, STM32H7S3R8V6, STM32H7S3V8H6, STM32H7S3V8T6, STM32H7S3V8Y6TR, STM32H7S3Z8J6, STM32H7S3Z8T6, STM32H7S78-DK, STM32H7S7A8I6, STM32H7S7I8K6, STM32H7S7I8T6, STM32H7S7L8H6, STM32H7S7L8H6H, STM32H7S7Z8J6, STM32L4R5QGI6STR, STM32MP131AAE3, STM32MP131AAF3, STM32MP131AAG3, STM32MP131CAE3, STM32MP131CAF3, STM32MP131CAG3, STM32MP131DAE7, STM32MP131DAF7, STM32MP131DAG7, STM32MP131FAE7, STM32MP131FAF7, STM32MP131FAG7, STM32MP133AAE3, STM32MP133AAF3, STM32MP133AAG3, STM32MP133CAE3, STM32MP133CAF3, STM32MP133CAG3, STM32MP133DAE7, STM32MP133DAF7, STM32MP133DAG7, STM32MP133FAE7, STM32MP133FAF7, STM32MP133FAG7, STM32MP135AAE3, STM32MP135AAF3, STM32MP135AAG3, STM32MP135CAE3, STM32MP135CAF3, STM32MP135CAG3, STM32MP135DAE7, STM32MP135DAF7, STM32MP135DAG7, STM32MP135F-DK, STM32MP135FAE7, STM32MP135FAF7, STM32MP135FAF7T, STM32MP135FAF7U, STM32MP135FAG7, STM32MP231AAJ3, STM32MP231AAK3, STM32MP231AAL3, STM32MP231CAJ3, STM32MP231CAK3, STM32MP231CAL3, STM32MP231DAJ3, STM32MP231DAK3, STM32MP231DAL3, STM32MP231FAJ3, STM32MP231FAK3, STM32MP231FAL3, STM32MP233AAJ3, STM32MP233AAK3, STM32MP233AAL3, STM32MP233CAJ3, STM32MP233CAK3, STM32MP233CAL3, STM32MP233DAJ3, STM32MP233DAK3, STM32MP233DAL3, STM32MP233FAJ3, STM32MP233FAK3, STM32MP233FAL3, STM32MP235AAJ3, STM32MP235AAK3, STM32MP235AAL3, STM32MP235CAJ3, STM32MP235CAK3, STM32MP235CAL3, STM32MP235DAJ3, STM32MP235DAK3, STM32MP235DAL3, STM32MP235FAJ3, STM32MP235FAK3, STM32MP235FAL3, STM32MP251AAI3, STM32MP251AAJ3, STM32MP251AAK3, STM32MP251AAL3, STM32MP251CAI3, STM32MP251CAJ3, STM32MP251CAK3, STM32MP251CAL3, STM32MP251DAI3, STM32MP251DAJ3, STM32MP251DAK3, STM32MP251DAL3, STM32MP251FAI3, STM32MP251FAJ3, STM32MP251FAK3, STM32MP251FAL3, STM32MP253AAI3, STM32MP253AAJ3, STM32MP253AAK3, STM32MP253AAL3, STM32MP253CAI3, STM32MP253CAJ3, STM32MP253CAK3, STM32MP253CAL3, STM32MP253DAI3, STM32MP253DAJ3, STM32MP253DAK3, STM32MP253DAL3, STM32MP253FAI3, STM32MP253FAJ3, STM32MP253FAK3, STM32MP253FAL3, STM32MP255AAI3, STM32MP255AAJ3, STM32MP255AAK3, STM32MP255AAL3, STM32MP255CAI3, STM32MP255CAJ3, STM32MP255CAK3, STM32MP255CAL3, STM32MP255DAI3, STM32MP255DAJ3, STM32MP255DAK3, STM32MP255DAL3, STM32MP255FAI3, STM32MP255FAJ3, STM32MP255FAK3, STM32MP255FAL3, STM32MP257AAI3, STM32MP257AAJ3, STM32MP257AAK3, STM32MP257AAL3, STM32MP257CAI3, STM32MP257CAJ3, STM32MP257CAK3, STM32MP257CAL3, STM32MP257DAI3, STM32MP257DAJ3, STM32MP257DAK3, STM32MP257DAL3, STM32MP257F-DK, STM32MP257F-EV1, STM32MP257FAI3, STM32MP257FAJ3, STM32MP257FAK3, STM32MP257FAL3, STM32N645A0H3Q, STM32N645B0H3Q, STM32N645I0H3Q, STM32N645L0H3Q, STM32N645X0H3Q, STM32N645Z0H3Q, STM32N647A0H3Q, STM32N647B0H3Q, STM32N647I0H3Q, STM32N647L0H3Q, STM32N647X0H3Q, STM32N647Z0H3Q, STM32N655A0H3Q, STM32N655B0H3Q, STM32N655I0H3Q, STM32N655L0H3Q, STM32N655X0H3Q, STM32N655Z0H3Q, STM32N6570-DK, STM32N657A0H3Q, STM32N657B0H3Q, STM32N657I0H3Q, STM32N657L0H3Q, STM32N657X0H3Q, STM32N657Z0H3Q, STM32U031C6T6, STM32U031C6U6, STM32U031C8T6, STM32U031C8U6, STM32U031F4P6, STM32U031F6P6, STM32U031F8P6, STM32U031G6Y6TR, STM32U031G8Y6TR, STM32U031K4U6, STM32U031K6U6, STM32U031K8U6, STM32U031R6I6, STM32U031R6T6, STM32U031R8I6, STM32U031R8T6, STM32U073C8T6, STM32U073C8U6, STM32U073CBT6, STM32U073CBU6, STM32U073CCT6, STM32U073CCU6, STM32U073H8Y6TR, STM32U073HBY6TR, STM32U073HCY6TR, STM32U073K8U6, STM32U073KBU6, STM32U073KCU6, STM32U073M8I6, STM32U073M8T6, STM32U073MBI6, STM32U073MBT6, STM32U073MCI6, STM32U073MCT6, STM32U073R8I6, STM32U073R8T6, STM32U073RBI6, STM32U073RBT6, STM32U073RCI6, STM32U073RCT6, STM32U083C-DK, STM32U083CCT6, STM32U083CCU6, STM32U083HCY6TR, STM32U083KCU6, STM32U083MCI6, STM32U083MCT6, STM32U083RCI6, STM32U083RCT6, STM32U375CET6, STM32U375CET6Q, STM32U375CEU6, STM32U375CEU6Q, STM32U375CEY6QTR, STM32U375CGT6, STM32U375CGT6Q, STM32U375CGU6, STM32U375CGU6Q, STM32U375CGY6QTR, STM32U375KEU6, STM32U375KGU6, STM32U375REI6, STM32U375REI6Q, STM32U375RET6, STM32U375RET6Q, STM32U375REY6GTR, STM32U375REY6QTR, STM32U375RGI6, STM32U375RGI6Q, STM32U375RGT6, STM32U375RGT6Q, STM32U375RGY6GTR, STM32U375RGY6QTR, STM32U375VEI6, STM32U375VEI6Q, STM32U375VET6, STM32U375VET6Q, STM32U375VGI6, STM32U375VGI6Q, STM32U375VGT6, STM32U375VGT6Q, STM32U385CGT6, STM32U385CGT6Q, STM32U385CGU6, STM32U385CGU6Q, STM32U385CGY6QTR, STM32U385KGU6, STM32U385RGI6, STM32U385RGI6Q, STM32U385RGT6, STM32U385RGT6Q, STM32U385RGY6GTR, STM32U385RGY6QTR, STM32U385VGI6, STM32U385VGI6Q, STM32U385VGT6, STM32U385VGT6Q, STM32U535CBT6, STM32U535CBT6Q, STM32U535CBU6, STM32U535CBU6Q, STM32U535CCT6, STM32U535CCT6Q, STM32U535CCU6, STM32U535CCU6Q, STM32U535CET6, STM32U535CET6Q, STM32U535CEU6, STM32U535CEU6Q, STM32U535JEY6QTR, STM32U535NCY6QTR, STM32U535NEY6QTR, STM32U535RBI6, STM32U535RBI6Q, STM32U535RBT6, STM32U535RBT6Q, STM32U535RCI6, STM32U535RCI6Q, STM32U535RCT6, STM32U535RCT6Q, STM32U535REI6, STM32U535REI6Q, STM32U535RET6, STM32U535RET6Q, STM32U535VCI6, STM32U535VCI6Q, STM32U535VCT6, STM32U535VCT6Q, STM32U535VEI6, STM32U535VEI6Q, STM32U535VET6, STM32U535VET6Q, STM32U545CET6, STM32U545CET6Q, STM32U545CEU6, STM32U545CEU6Q, STM32U545JEY6QTR, STM32U545NEY6QTR, STM32U545REI6, STM32U545REI6Q, STM32U545RET6, STM32U545RET6Q, STM32U545VEI6, STM32U545VEI6Q, STM32U545VET6, STM32U545VET6Q, STM32U595AIH6, STM32U595AIH6Q, STM32U595AJH6, STM32U595AJH6Q, STM32U595QII6, STM32U595QII6Q, STM32U595QJI6, STM32U595QJI6Q, STM32U595RIT6, STM32U595RIT6Q, STM32U595RJT6, STM32U595RJT6Q, STM32U595VIT6, STM32U595VIT6Q, STM32U595VJT6, STM32U595VJT6Q, STM32U595ZIT6, STM32U595ZIT6Q, STM32U595ZIY6QTR, STM32U595ZJT6, STM32U595ZJT6Q, STM32U595ZJY6QTR, STM32U599BJY6QTR, STM32U599NIH6Q, STM32U599NJH6Q, STM32U599VIT6Q, STM32U599VJT6, STM32U599VJT6Q, STM32U599ZIT6Q, STM32U599ZIY6QTR, STM32U599ZJT6Q, STM32U599ZJY6QTR, STM32U5A5AJH6, STM32U5A5AJH6Q, STM32U5A5QII3Q , STM32U5A5QJI6, STM32U5A5QJI6Q, STM32U5A5RJT6, STM32U5A5RJT6Q, STM32U5A5VJT6, STM32U5A5VJT6Q, STM32U5A5ZJT6, STM32U5A5ZJT6Q, STM32U5A5ZJY6QTR, STM32U5A9BJY6QTR, STM32U5A9J-DK, STM32U5A9NJH6Q, STM32U5A9VJT6Q, STM32U5A9ZJT6Q, STM32U5A9ZJY6QTR, STM32U5F7VIT6, STM32U5F7VIT6Q, STM32U5F7VJT6, STM32U5F7VJT6Q, STM32U5F9BJY6QTR, STM32U5F9NJH6Q, STM32U5F9VIT6Q, STM32U5F9VJT6Q, STM32U5F9ZIJ6QTR, STM32U5F9ZIT6Q, STM32U5F9ZJJ6QTR, STM32U5F9ZJT6Q, STM32U5G7VJT6, STM32U5G7VJT6Q, STM32U5G9BJY6QTR, STM32U5G9J-DK1, STM32U5G9J-DK2, STM32U5G9NJH6Q, STM32U5G9VJT6Q, STM32U5G9ZJJ6QTR, STM32U5G9ZJT6Q, STM32WB05KZV6TR, STM32WB05KZV7TR, STM32WB05TZF6TR, STM32WB05TZF7TR, STM32WB06CCF6TR, STM32WB06CCF7TR, STM32WB06CCV6TR, STM32WB06CCV7TR, STM32WB06KCV6TR, STM32WB06KCV7TR, STM32WB07CCF6TR, STM32WB07CCF7TR, STM32WB07CCV6TR, STM32WB07CCV7TR, STM32WB07KCV6TR, STM32WB07KCV7TR, STM32WB09KEV6TR, STM32WB09KEV7TR, STM32WB09TEF6TR, STM32WB09TEF7TR, STM32WB1MMCH6, STM32WBA50KGU6, STM32WBA50KGU6TR, STM32WBA52CEU6, STM32WBA52CEU6TR, STM32WBA52CEU7, STM32WBA52CEU7TR, STM32WBA52CGU6, STM32WBA52CGU6TR, STM32WBA52CGU6U, STM32WBA52CGU7, STM32WBA52CGU7TR, STM32WBA52KEU6, STM32WBA52KEU6TR, STM32WBA52KGU6, STM32WBA52KGU6TR, STM32WBA54CEU6, STM32WBA54CEU6TR, STM32WBA54CEU7, STM32WBA54CEU7TR, STM32WBA54CGU6, STM32WBA54CGU6TR, STM32WBA54CGU7, STM32WBA54CGU7TR, STM32WBA54KEU6, STM32WBA54KEU6TR, STM32WBA54KEU7, STM32WBA54KEU7TR, STM32WBA54KGU6, STM32WBA54KGU6TR, STM32WBA54KGU7, STM32WBA54KGU7TR, STM32WBA55CEU6, STM32WBA55CEU6TR, STM32WBA55CEU7, STM32WBA55CEU7TR, STM32WBA55CGU6, STM32WBA55CGU6TR, STM32WBA55CGU6U, STM32WBA55CGU7, STM32WBA55CGU7TR, STM32WBA55G-DK1, STM32WBA55HEF6, STM32WBA55HEF7, STM32WBA55HGF6, STM32WBA55HGF7, STM32WBA55UEI6, STM32WBA55UEI6TR, STM32WBA55UEI7, STM32WBA55UEI7TR, STM32WBA55UGI6, STM32WBA55UGI6TR, STM32WBA55UGI7, STM32WBA55UGI7TR, STM32WBA5MJGH6TR, STM32WBA62CGU6, STM32WBA62CIU6, STM32WBA62MGF6, STM32WBA62MIF6, STM32WBA62PGI6, STM32WBA62PII6, STM32WBA63CGU6, STM32WBA63CGU7, STM32WBA63CIU6, STM32WBA63CIU7, STM32WBA64CGU6, STM32WBA64CGU7, STM32WBA64CIU6, STM32WBA64CIU7, STM32WBA65CGU6, STM32WBA65CGU7, STM32WBA65CIU6, STM32WBA65CIU7, STM32WBA65I-DK1, STM32WBA65MGF6, STM32WBA65MGF7, STM32WBA65MIF6, STM32WBA65MIF7, STM32WBA65PGI6, STM32WBA65PGI7, STM32WBA65PII6, STM32WBA65PII7, STM32WBA65RGV6, STM32WBA65RGV7, STM32WBA65RIV6, STM32WBA65RIV7, STM32WL30K8V6, STM32WL30KBV6, STM32WL31C8V6, STM32WL31CBV6, STM32WL31K8V6, STM32WL31KBV6, STM32WL33C8V6, STM32WL33C8V6TR, STM32WL33C8V7, STM32WL33C8V7TR, STM32WL33CBV6, STM32WL33CBV6TR, STM32WL33CBV7, STM32WL33CBV7TR, STM32WL33CCV6, STM32WL33CCV6TR, STM32WL33CCV7, STM32WL33CCV7A, STM32WL33CCV7ATR, STM32WL33CCV7TR, STM32WL33K8V6, STM32WL33K8V6TR, STM32WL33K8V7, STM32WL33K8V7TR, STM32WL33KBV6, STM32WL33KBV6TR, STM32WL33KBV7, STM32WL33KBV7TR, STM32WL33KCV6, STM32WL33KCV6TR, STM32WL33KCV7, STM32WL33KCV7TR, STM32WL5MOCH6, STM32WL5MOCH6TR]
2026-05-11 11:58:44,389 [INFO] DbMcus:218 - Found 5082 MCUs, 4964 are supported
2026-05-11 11:58:44,392 [INFO] ApiDb:423 - Load user favorites file C:\Users\hp/.stm32cubeide/favorites.mcus.txt: 0 item(s)
2026-05-11 11:58:44,392 [INFO] ApiDb:427 - User favorites MCUs=[]
2026-05-11 11:58:44,393 [INFO] DbMcus:224 - Set 0 / 0 favorites MCUs
2026-05-11 11:58:45,909 [INFO] BoardInfo:889 - No configuration file found for board NUCLEO-H5E5ZJ
2026-05-11 11:58:45,912 [INFO] DbBoards:161 - Board is not supported: NUCLEO-H5E5ZJ
2026-05-11 11:58:46,045 [INFO] BoardInfo:889 - No configuration file found for board NUCLEO-U3C5ZI-Q
2026-05-11 11:58:46,048 [INFO] DbBoards:161 - Board is not supported: NUCLEO-U3C5ZI-Q
2026-05-11 11:58:46,080 [INFO] BoardInfo:889 - No configuration file found for board NUCLEO-WBA25CE1
2026-05-11 11:58:46,083 [INFO] DbBoards:161 - Board is not supported: NUCLEO-WBA25CE1
2026-05-11 11:58:46,103 [INFO] BoardInfo:889 - No configuration file found for board NUCLEO-WL3RKB1
2026-05-11 11:58:46,106 [INFO] DbBoards:161 - Board is not supported: NUCLEO-WL3RKB1
2026-05-11 11:58:46,107 [INFO] BoardInfo:889 - No configuration file found for board NUCLEO-WL3RKB2
2026-05-11 11:58:46,109 [INFO] DbBoards:161 - Board is not supported: NUCLEO-WL3RKB2
2026-05-11 11:58:46,125 [INFO] BoardInfo:889 - No configuration file found for board P-NUCLEO-WB55
2026-05-11 11:58:46,128 [INFO] DbBoards:161 - Kit is not supported: P-NUCLEO-WB55
2026-05-11 11:58:46,141 [INFO] BoardInfo:889 - No configuration file found for board STEVAL-BFA001V1B
2026-05-11 11:58:46,143 [INFO] DbBoards:161 - Kit is not supported: STEVAL-BFA001V1B
2026-05-11 11:58:46,145 [INFO] BoardInfo:889 - No configuration file found for board STEVAL-BFA001V2B
2026-05-11 11:58:46,148 [INFO] DbBoards:161 - Kit is not supported: STEVAL-BFA001V2B
2026-05-11 11:58:46,471 [INFO] BoardInfo:889 - No configuration file found for board STM32H5F5J-DK
2026-05-11 11:58:46,475 [INFO] DbBoards:161 - Board is not supported: STM32H5F5J-DK
2026-05-11 11:58:46,659 [INFO] BoardInfo:889 - No configuration file found for board STM32MP215F-DK
2026-05-11 11:58:46,663 [INFO] DbBoards:161 - Board is not supported: STM32MP215F-DK
2026-05-11 11:58:46,735 [INFO] DbBoards:168 - Found 218 boards, 208 are supported
2026-05-11 11:58:46,735 [INFO] DbBoards:169 - Found 218 boards, 43 of them is supported for  Bsp
2026-05-11 11:58:46,744 [INFO] ApiDb:423 - Load user favorites file C:\Users\hp/.stm32cubeide/favorites.boards.txt: 0 item(s)
2026-05-11 11:58:46,745 [INFO] ApiDb:427 - User favorites Boards=[]
2026-05-11 11:58:46,745 [INFO] DbBoards:198 - Set 0 / 0 favorites Boards
2026-05-11 11:58:46,745 [INFO] McuFinderGlobals:76 - Set McuFinderConnectedMode to true
2026-05-11 11:58:46,760 [INFO] MultiScanPanel:200 - Auto-refresh data requested => check proxy status ongoing
2026-05-11 11:58:46,766 [INFO] FinderPluginLoader:95 - Searching for filters in installed packs
2026-05-11 11:58:49,835 [INFO] LoadUrlFilesThread:185 - End of LoadServerUrlFiles without Thread
2026-05-11 11:58:49,923 [INFO] DetailPanel:341 - Set advertising image to C:/Users/hp/STM32Cube/Repository/\en.prom-stm32wba2-stm32-nucleo-board-0426.png
2026-05-11 12:00:00,454 [INFO] MultiScanPanel:200 - Auto-refresh data requested => check proxy status ongoing
2026-05-11 12:00:02,052 [INFO] LoadUrlFilesThread:185 - End of LoadServerUrlFiles without Thread
2026-05-11 12:00:02,053 [INFO] DetailPanel:341 - Set advertising image to C:/Users/hp/STM32Cube/Repository/\en.prom-stm32wba2-stm32-nucleo-board-0426.png
2026-05-11 12:00:02,078 [INFO] DbBoards:642 - Loading board mini-images...
2026-05-11 12:00:10,992 [INFO] DbBoards:665 - Loaded 218 board mini-images
2026-05-11 12:02:27,786 [INFO] MainUpdater:2872 - connection check result : 10
2026-05-11 12:02:27,786 [INFO] MainUpdater:2872 - connection check result : 10
2026-05-11 12:02:27,839 [INFO] MicroXplorer:468 - Change Database Path : 
2026-05-11 12:02:27,840 [INFO] MicroXplorer:498 - Change Database Version : DB.6.0.140
2026-05-11 12:02:27,858 [WARN] ThirdParty:871 - waiting for thirdparty lock release [close project]
2026-05-11 12:02:27,859 [INFO] ThirdParty:873 - entering critical section [close project]
2026-05-11 12:02:27,865 [INFO] ThirdParty:883 - exiting critical section [close project]
2026-05-11 12:02:27,874 [INFO] PinOutPanel:1589 - setPackage(No Configuration,No Configuration)
2026-05-11 12:02:27,885 [INFO] UtilMem:75 - Begin LoadConfig() Used Memory: 898624096 Bytes (1073741824)
2026-05-11 12:02:27,907 [INFO] OpenFileManager:354 - Change cursor
2026-05-11 12:02:28,632 [INFO] ProjectFactory:442 - No CPN specified for board STM32F407G-DISC1 => set CPN to STM32F407VGT6
2026-05-11 12:02:28,634 [INFO] Mcu:2011 - Initializing MCU STM32F407V(E-G)Tx STM32F407VGTx STM32F407VGT6
2026-05-11 12:02:36,330 [INFO] Context:756 - Trying to add GPIOservice into a context  which must be forbidden
2026-05-11 12:02:38,632 [INFO] Rule:224 - rule 117617 - U5Cobra4M][GTZC] default value MPCBB3 and MPCBB5 - Not Secured memory - MPCBB1 is applicable
2026-05-11 12:02:38,635 [INFO] Rule:224 - rule 117617 - U5Cobra4M][GTZC] default value MPCBB3 and MPCBB5 - Not Secured memory - MPCBB1 is applicable
2026-05-11 12:02:38,637 [INFO] Rule:224 - rule 117617 - U5Cobra4M][GTZC] default value MPCBB3 and MPCBB5 - Not Secured memory - MPCBB2 is applicable
2026-05-11 12:02:38,637 [INFO] Rule:224 - rule 117617 - U5Cobra4M][GTZC] default value MPCBB3 and MPCBB5 - Not Secured memory - MPCBB2 is applicable
2026-05-11 12:02:38,638 [INFO] Rule:224 - rule 117617 - U5Cobra4M][GTZC] default value MPCBB3 and MPCBB5 - Not Secured memory - MPCBB3 is applicable
2026-05-11 12:02:38,639 [INFO] Rule:224 - rule 117617 - U5Cobra4M][GTZC] default value MPCBB3 and MPCBB5 - Not Secured memory - MPCBB3 is applicable
2026-05-11 12:02:38,639 [INFO] Rule:224 - rule 117617 - U5Cobra4M][GTZC] default value MPCBB3 and MPCBB5 - Not Secured memory - MPCBB4 is applicable
2026-05-11 12:02:38,639 [INFO] Rule:224 - rule 117617 - U5Cobra4M][GTZC] default value MPCBB3 and MPCBB5 - Not Secured memory - MPCBB4 is applicable
2026-05-11 12:02:38,639 [INFO] Rule:224 - rule 117617 - U5Cobra4M][GTZC] default value MPCBB3 and MPCBB5 - Secured memory - MPCBB1 is applicable
2026-05-11 12:02:38,639 [INFO] Rule:224 - rule 117617 - U5Cobra4M][GTZC] default value MPCBB3 and MPCBB5 - Secured memory - MPCBB2 is applicable
2026-05-11 12:02:38,640 [INFO] Rule:224 - rule 117617 - U5Cobra4M][GTZC] default value MPCBB3 and MPCBB5 - Secured memory - MPCBB3 is applicable
2026-05-11 12:02:38,640 [INFO] Rule:224 - rule 117617 - U5Cobra4M][GTZC] default value MPCBB3 and MPCBB5 - Secured memory - MPCBB4 is applicable
2026-05-11 12:02:38,641 [INFO] Rule:224 - rule 117617 - U5Cobra4M][GTZC] default value MPCBB3 and MPCBB5 - Privileged memory - MPCBB1 is applicable
2026-05-11 12:02:38,641 [INFO] Rule:224 - rule 117617 - U5Cobra4M][GTZC] default value MPCBB3 and MPCBB5 - Privileged memory - MPCBB2 is applicable
2026-05-11 12:02:38,641 [INFO] Rule:224 - rule 117617 - U5Cobra4M][GTZC] default value MPCBB3 and MPCBB5 - Privileged memory - MPCBB3 is applicable
2026-05-11 12:02:38,641 [INFO] Rule:224 - rule 117617 - U5Cobra4M][GTZC] default value MPCBB3 and MPCBB5 - Privileged memory - MPCBB4 is applicable
2026-05-11 12:02:38,641 [INFO] Rule:224 - rule 117617 - U5Cobra4M][GTZC] default value MPCBB3 and MPCBB5 - Not Privileged memory - MPCBB1 is applicable
2026-05-11 12:02:38,641 [INFO] Rule:224 - rule 117617 - U5Cobra4M][GTZC] default value MPCBB3 and MPCBB5 - Not Privileged memory - MPCBB2 is applicable
2026-05-11 12:02:38,641 [INFO] Rule:224 - rule 117617 - U5Cobra4M][GTZC] default value MPCBB3 and MPCBB5 - Not Privileged memory - MPCBB3 is applicable
2026-05-11 12:02:38,641 [INFO] Rule:224 - rule 117617 - U5Cobra4M][GTZC] default value MPCBB3 and MPCBB5 - Not Privileged memory - MPCBB4 is applicable
2026-05-11 12:02:38,641 [INFO] Rule:224 - rule 117617 - U5Cobra4M][GTZC] default value MPCBB3 and MPCBB5 - Privileged memory - MPCBB1 is applicable
2026-05-11 12:02:38,642 [INFO] Rule:224 - rule 117617 - U5Cobra4M][GTZC] default value MPCBB3 and MPCBB5 - Privileged memory - MPCBB2 is applicable
2026-05-11 12:02:38,643 [INFO] Rule:224 - rule 117617 - U5Cobra4M][GTZC] default value MPCBB3 and MPCBB5 - Privileged memory - MPCBB3 is applicable
2026-05-11 12:02:38,643 [INFO] Rule:224 - rule 117617 - U5Cobra4M][GTZC] default value MPCBB3 and MPCBB5 - Privileged memory - MPCBB4 is applicable
2026-05-11 12:02:38,643 [INFO] Rule:224 - rule 117617 - U5Cobra4M][GTZC] default value MPCBB3 and MPCBB5 - Privileged memory - MPCBB1 is applicable
2026-05-11 12:02:38,643 [INFO] Rule:224 - rule 117617 - U5Cobra4M][GTZC] default value MPCBB3 and MPCBB5 - Privileged memory - MPCBB2 is applicable
2026-05-11 12:02:38,643 [INFO] Rule:224 - rule 117617 - U5Cobra4M][GTZC] default value MPCBB3 and MPCBB5 - Privileged memory - MPCBB3 is applicable
2026-05-11 12:02:38,643 [INFO] Rule:224 - rule 117617 - U5Cobra4M][GTZC] default value MPCBB3 and MPCBB5 - Privileged memory - MPCBB4 is applicable
2026-05-11 12:02:38,644 [INFO] Rule:224 - rule 117617 - U5Cobra4M][GTZC] default value MPCBB3 and MPCBB5 - Not Privileged memory - MPCBB1 is applicable
2026-05-11 12:02:38,644 [INFO] Rule:224 - rule 117617 - U5Cobra4M][GTZC] default value MPCBB3 and MPCBB5 - Not Privileged memory - MPCBB2 is applicable
2026-05-11 12:02:38,644 [INFO] Rule:224 - rule 117617 - U5Cobra4M][GTZC] default value MPCBB3 and MPCBB5 - Not Privileged memory - MPCBB3 is applicable
2026-05-11 12:02:38,644 [INFO] Rule:224 - rule 117617 - U5Cobra4M][GTZC] default value MPCBB3 and MPCBB5 - Not Privileged memory - MPCBB4 is applicable
2026-05-11 12:02:38,645 [INFO] Rule:224 - rule 117617 - U5Cobra4M][GTZC] default value MPCBB3 and MPCBB5 - Privileged memory - MPCBB1 is applicable
2026-05-11 12:02:38,645 [INFO] Rule:224 - rule 117617 - U5Cobra4M][GTZC] default value MPCBB3 and MPCBB5 - Privileged memory - MPCBB2 is applicable
2026-05-11 12:02:38,645 [INFO] Rule:224 - rule 117617 - U5Cobra4M][GTZC] default value MPCBB3 and MPCBB5 - Privileged memory - MPCBB3 is applicable
2026-05-11 12:02:38,645 [INFO] Rule:224 - rule 117617 - U5Cobra4M][GTZC] default value MPCBB3 and MPCBB5 - Privileged memory - MPCBB4 is applicable
2026-05-11 12:02:38,645 [INFO] Rule:224 - rule Rename SubGHz_Phy SUBGHZ_APPLICATION SUBGHZ_PINGPONG to SUBGHZ_ADV_APPLICATION is applicable
2026-05-11 12:02:38,645 [INFO] Rule:224 - rule Rename Enabled to IBEACON is applicable
2026-05-11 12:02:38,645 [INFO] Rule:224 - rule GTZC_S instance for project manager is applicable
2026-05-11 12:02:38,645 [INFO] Rule:224 - rule GTZC_S instance for context M33S is applicable
2026-05-11 12:02:38,646 [INFO] Rule:224 - rule GTZC_S instance value for IP GTZC is applicable
2026-05-11 12:02:38,646 [INFO] Rule:224 - rule GTZC_S instance for mcu.IP is applicable
2026-05-11 12:02:38,646 [INFO] Rule:224 - rule GTZC_S instance for VP is applicable
2026-05-11 12:02:38,646 [INFO] Rule:224 - rule GTZC_S instance for signal is applicable
2026-05-11 12:02:38,646 [INFO] Rule:224 - rule GTZC_S instance for mcu.Pin is applicable
2026-05-11 12:02:38,647 [INFO] Rule:224 - rule GTZC_S instance for VP is applicable
2026-05-11 12:02:38,647 [INFO] Rule:224 - rule GTZC_S instance for signal is applicable
2026-05-11 12:02:38,647 [INFO] Rule:224 - rule GTZC_S instance for mcu is applicable
2026-05-11 12:02:38,647 [INFO] Rule:224 - rule GTZC_S instance for mcu.Pin is applicable
2026-05-11 12:02:38,647 [INFO] Rule:224 - rule GTZC_S instance value for IP GTZC is applicable
2026-05-11 12:02:38,647 [INFO] Rule:224 - rule GTZC_S instance for project manager is applicable
2026-05-11 12:02:38,647 [INFO] Rule:224 - rule GTZC_S instance for context M33S is applicable
2026-05-11 12:02:38,647 [INFO] Rule:224 - rule GTZC_S instance for VP is applicable
2026-05-11 12:02:38,647 [INFO] Rule:224 - rule GTZC_S instance for signal is applicable
2026-05-11 12:02:38,648 [INFO] Rule:224 - rule SPDIFRX instance for mcu is applicable
2026-05-11 12:02:38,648 [INFO] Rule:224 - rule Rename Tracer Mode is applicable
2026-05-11 12:02:38,648 [INFO] Rule:224 - rule SPDIFRX instance value for IP SPDIFRX is applicable
2026-05-11 12:02:38,649 [INFO] Rule:224 - rule SPDIFRX instance for signal is applicable
2026-05-11 12:02:38,649 [INFO] Rule:224 - rule SPDIFRX instance for project manager is applicable
2026-05-11 12:02:38,649 [INFO] Rule:224 - rule SPDIFRX instance for project manager is applicable
2026-05-11 12:02:38,649 [INFO] Rule:224 - rule ADC Scan  fix with FW F7 is applicable
2026-05-11 12:02:38,649 [INFO] Rule:224 - rule ADC Scan  fix with FW F7 is applicable
2026-05-11 12:02:38,653 [INFO] Rule:224 - rule WakeUp0 Mode is applicable
2026-05-11 12:02:38,653 [INFO] Rule:224 - rule WakeUp0 SIGNAL is applicable
2026-05-11 12:02:38,655 [INFO] Rule:224 - rule WakeUp1 Mode is applicable
2026-05-11 12:02:38,655 [INFO] Rule:224 - rule WakeUp1 SIGNAL is applicable
2026-05-11 12:02:38,655 [INFO] Rule:224 - rule WakeUp2 Mode is applicable
2026-05-11 12:02:38,655 [INFO] Rule:224 - rule WakeUp2 SIGNAL is applicable
2026-05-11 12:02:38,656 [INFO] Rule:224 - rule WakeUp4 Mode is applicable
2026-05-11 12:02:38,656 [INFO] Rule:224 - rule WakeUp4 SIGNAL is applicable
2026-05-11 12:02:38,656 [INFO] Rule:224 - rule WakeUp5 Mode is applicable
2026-05-11 12:02:38,656 [INFO] Rule:224 - rule WakeUp5 SIGNAL is applicable
2026-05-11 12:02:38,656 [INFO] Rule:224 - rule Add RTC Activate Clock Source is applicable
2026-05-11 12:02:38,656 [INFO] Rule:224 - rule Add RTC Activate Calendar 1 is applicable
2026-05-11 12:02:38,656 [INFO] Rule:224 - rule Add RTC Activate Calendar 2 is applicable
2026-05-11 12:02:38,656 [INFO] Rule:224 - rule Add RTC Activate Calendar 3 is applicable
2026-05-11 12:02:38,656 [INFO] Rule:224 - rule UART/USART TX Mode is applicable
2026-05-11 12:02:38,656 [INFO] Rule:224 - rule UART/USART RX Mode is applicable
2026-05-11 12:02:38,657 [INFO] Rule:224 - rule UART/USART RX TX Mode is applicable
2026-05-11 12:02:38,657 [INFO] Rule:224 - rule UART/USART PARITY NONE is applicable
2026-05-11 12:02:38,657 [INFO] Rule:224 - rule UART/USART PARITY EVEN is applicable
2026-05-11 12:02:38,657 [INFO] Rule:224 - rule UART/USART PARITY ODD is applicable
2026-05-11 12:02:38,657 [INFO] Rule:224 - rule USART StopBits 1 is applicable
2026-05-11 12:02:38,658 [INFO] Rule:224 - rule USART StopBits 2 is applicable
2026-05-11 12:02:38,658 [INFO] Rule:224 - rule USART StopBits 1.5 is applicable
2026-05-11 12:02:38,658 [INFO] Rule:224 - rule USART StopBits 0.5 is applicable
2026-05-11 12:02:38,658 [INFO] Rule:224 - rule UART/USART WORD LENGTH 7 is applicable
2026-05-11 12:02:38,658 [INFO] Rule:224 - rule UART/USART WORD LENGTH 8 is applicable
2026-05-11 12:02:38,658 [INFO] Rule:224 - rule UART/USART WORD LENGTH 9 is applicable
2026-05-11 12:02:38,658 [INFO] Rule:224 - rule Rename FMC NAND NCE signal is applicable
2026-05-11 12:02:38,658 [INFO] Rule:224 - rule Rename FMC NAND INT signal is applicable
2026-05-11 12:02:38,658 [INFO] Rule:224 - rule Change Default Value for LSE Drive Capability for WB family is applicable
2026-05-11 12:02:38,658 [INFO] Rule:224 - rule Change Default Value for ADC Clock Prescaler G0 family is applicable
2026-05-11 12:02:38,658 [INFO] Rule:224 - rule Change Default Value for ADC ExternalTrigConv L4 family is applicable
2026-05-11 12:02:38,658 [INFO] Rule:224 - rule Change Default Value for ADC ExternalTrigInjecConv L4 family is applicable
2026-05-11 12:02:38,658 [INFO] Rule:224 - rule Change Default Value for ADC ExternalTrigConv F3 family is applicable
2026-05-11 12:02:38,658 [INFO] Rule:224 - rule Change Default Value for ADC ExternalTrigInjecConv F3 family is applicable
2026-05-11 12:02:38,658 [INFO] Rule:224 - rule Change Default Value for ADC ExternalTrigConv Goldfish serie is applicable
2026-05-11 12:02:38,659 [INFO] Rule:224 - rule Change Default Value for ADC ExternalTrigInjecConv Goldfish serie is applicable
2026-05-11 12:02:38,659 [INFO] Rule:224 - rule Change Default Value for ADC ExternalTrigConv L0 family is applicable
2026-05-11 12:02:38,659 [INFO] Rule:224 - rule Change Default Value for ADC ExternalTrigConv F0 family is applicable
2026-05-11 12:02:38,659 [INFO] Rule:224 - rule Change Default Value for ADC ExternalTrigConvn L1 family is applicable
2026-05-11 12:02:38,659 [INFO] Rule:224 - rule Change Default Value for ADC ExternalTrigInjecConv L1 family is applicable
2026-05-11 12:02:38,660 [INFO] Rule:224 - rule Change Default Value for ADC ExternalTrigConv F1 family is applicable
2026-05-11 12:02:38,660 [INFO] Rule:224 - rule Change Default Value for ADC ExternalTrigInjecConv F1 family is applicable
2026-05-11 12:02:38,660 [INFO] Rule:224 - rule Change Default Value for ADC ExternalTrigConv F7 family is applicable
2026-05-11 12:02:38,660 [INFO] Rule:224 - rule Change Default Value for ADC ExternalTrigInjecConv F7 family is applicable
2026-05-11 12:02:38,660 [INFO] Rule:224 - rule Change Default Value for ADC ExternalTrigConv F4 and F2 family is applicable
2026-05-11 12:02:38,660 [INFO] Rule:224 - rule Change Default Value for ADC ExternalTrigInjecConv F4 and F2 family is applicable
2026-05-11 12:02:38,660 [INFO] Rule:224 - rule ADC SamplingTime fix with FW L0  is applicable
2026-05-11 12:02:38,660 [INFO] Rule:224 - rule ADC SamplingTime fix with FW L0  is applicable
2026-05-11 12:02:38,660 [INFO] Rule:224 - rule ADC SamplingTime fix with FW L0 is applicable
2026-05-11 12:02:38,660 [INFO] Rule:224 - rule ADC SamplingTime fix with FW L0 is applicable
2026-05-11 12:02:38,660 [INFO] Rule:224 - rule ADC SamplingTime fix with FW L0  is applicable
2026-05-11 12:02:38,660 [INFO] Rule:224 - rule ADC SamplingTime fix with FW L0 is applicable
2026-05-11 12:02:38,661 [INFO] Rule:224 - rule Rename USB_OE Signal is applicable
2026-05-11 12:02:38,661 [INFO] Rule:224 - rule Rename Activate_OE Mode is applicable
2026-05-11 12:02:38,661 [INFO] Rule:224 - rule Rename DIE462/DIE415 pin PC14/OSC32_IN -> PC14-OSC32_IN (PC14) is applicable
2026-05-11 12:02:38,662 [INFO] Rule:224 - rule Rename DIE462/DIE415 pin PC15/OSC32_OUT -> PC15-OSC32_OUT (PC15) is applicable
2026-05-11 12:02:38,662 [INFO] Rule:224 - rule Rename DIE462/DIE415 pin PH0/OSC_IN -> PH0-OSC_IN (PH0) is applicable
2026-05-11 12:02:38,663 [INFO] Rule:224 - rule Rename DIE462/DIE415 pin PH1/OSC_OUT -> PH1-OSC_OUT (PH1) is applicable
2026-05-11 12:02:38,663 [INFO] Rule:224 - rule Rename DIE462 pin PA13 -> PA13 (JTMS/SWDIO) is applicable
2026-05-11 12:02:38,663 [INFO] Rule:224 - rule Rename DIE415 pin PA13 -> PA13 (JTMS/SWDIO) is applicable
2026-05-11 12:02:38,664 [INFO] Rule:224 - rule Rename DIE462 pin PA14 -> PA14 (JTCK/SWCLK) is applicable
2026-05-11 12:02:38,664 [INFO] Rule:224 - rule Rename DIE415 pin PA14 -> PA14 (JTCK/SWCLK) is applicable
2026-05-11 12:02:38,664 [INFO] Rule:224 - rule Rename DIE462/DIE415 pin PA15 -> PA15 (JTDI) is applicable
2026-05-11 12:02:38,664 [INFO] Rule:224 - rule Rename DIE462 pin PB3 -> PB3 (JTD0/TRACESWO) is applicable
2026-05-11 12:02:38,665 [INFO] Rule:224 - rule Rename DIE415 pin PB3 -> PB3 (JTD0-TRACESWO) is applicable
2026-05-11 12:02:38,665 [INFO] Rule:224 - rule Rename DIE462/DIE415 pin PB4 -> PB4 (NJTRST) is applicable
2026-05-11 12:02:38,665 [INFO] Rule:224 - rule Rename DIE462 pin PH3/BOOT0 -> PH3-BOOT0 (BOOT0) is applicable
2026-05-11 12:02:38,667 [INFO] Rule:224 - rule Rename CRYP DataEncryptionTypesList to Algorithm is applicable
2026-05-11 12:02:38,667 [INFO] Rule:224 - rule Rename AES DataEncryptionTypesList to Algorithm is applicable
2026-05-11 12:02:38,669 [INFO] Rule:224 - rule Rename TDESECB to CRYP_TDES_ECB is applicable
2026-05-11 12:02:38,669 [INFO] Rule:224 - rule Rename TDESCBC to CRYP_TDES_CBC is applicable
2026-05-11 12:02:38,670 [INFO] Rule:224 - rule Rename DESECB to CRYP_DES_ECB is applicable
2026-05-11 12:02:38,670 [INFO] Rule:224 - rule Rename DESCBC to CRYP_DES_CBC is applicable
2026-05-11 12:02:38,670 [INFO] Rule:224 - rule Rename AESECB to CRYP_AES_ECB is applicable
2026-05-11 12:02:38,671 [INFO] Rule:224 - rule Rename AESCBC to CRYP_AES_CBC is applicable
2026-05-11 12:02:38,671 [INFO] Rule:224 - rule Rename AESCTR to CRYP_AES_CTR is applicable
2026-05-11 12:02:38,671 [INFO] Rule:224 - rule Rename AESGCM to CRYP_AES_GCM is applicable
2026-05-11 12:02:38,672 [INFO] Rule:224 - rule Rename AESCCM to CRYP_AES_CCM is applicable
2026-05-11 12:02:38,672 [INFO] Rule:224 - rule Rename CAN TimeSeg1 to BS1 is applicable
2026-05-11 12:02:38,672 [INFO] Rule:224 - rule Rename CAN TimeSeg2 to BS2 is applicable
2026-05-11 12:02:38,673 [INFO] Rule:224 - rule Rename CAN SyncJumpWidth to SJW is applicable
2026-05-11 12:02:38,673 [INFO] Rule:224 - rule TimeTriggeredMode to TTCM is applicable
2026-05-11 12:02:38,673 [INFO] Rule:224 - rule Rename CAN AutoBusOff to ABOM is applicable
2026-05-11 12:02:38,673 [INFO] Rule:224 - rule Rename CAN AutoWakeUp to AWUM is applicable
2026-05-11 12:02:38,673 [INFO] Rule:224 - rule Rename CAN AutoRetransmission to NART is applicable
2026-05-11 12:02:38,674 [INFO] Rule:224 - rule Rename CAN ReceiveFifoLocked to RFLM is applicable
2026-05-11 12:02:38,674 [INFO] Rule:224 - rule Rename CAN TransmitFifoPriority to TXFP is applicable
2026-05-11 12:02:38,674 [INFO] Rule:224 - rule Rename HRTIMER HRTIM_OUTPUTFAULTLEVEL_HIGH in HRTIMER HRTIM_OUTPUTFAULTLEVEL_HIGHZ is applicable
2026-05-11 12:02:38,674 [INFO] Rule:224 - rule Rename TIMER TIM_CLEARINPUTSOURCE_OCREFCLR in  TIMER TIM_CLEARINPUTSOURCE_NONE for F7 family is applicable
2026-05-11 12:02:38,674 [INFO] Rule:224 - rule FDCAN_R1 - Rename FDCAN mode Master into Classic is applicable
2026-05-11 12:02:38,675 [INFO] Rule:224 - rule FDCAN_R2 - Rename FDCAN mode Slave into Classic is applicable
2026-05-11 12:02:38,675 [INFO] Rule:224 - rule FDCAN1_R3 - if PA10.Mode=FullDuplex, add Pin PA12 is applicable
2026-05-11 12:02:38,675 [INFO] Rule:224 - rule FDCAN1_R3 - if PA9.Mode=FullDuplex, add Pin PA11 is applicable
2026-05-11 12:02:38,675 [INFO] Rule:224 - rule FDCAN1_R3 - Alternatepin_1 - if PE1.Mode=FullDuplex, add Pin PB9 is applicable
2026-05-11 12:02:38,675 [INFO] Rule:224 - rule FDCAN1_R3 - Alternatepin_1 - if PE0.Mode=FullDuplex, add Pin PB8 is applicable
2026-05-11 12:02:38,675 [INFO] Rule:224 - rule FDCAN1_R3 - Alternatepin_2 - if PD5.Mode=FullDuplex, add Pin PD1 is applicable
2026-05-11 12:02:38,676 [INFO] Rule:224 - rule FDCAN1_R3 - Alternatepin_2 - if PD4.Mode=FullDuplex, add Pin PD0 is applicable
2026-05-11 12:02:38,676 [INFO] Rule:224 - rule FDCAN1_R4 - Rename Mode FullDuplex into Enable FDCAN_TXFD for pin PA10 is applicable
2026-05-11 12:02:38,676 [INFO] Rule:224 - rule FDCAN1_R4 - Rename Mode FullDuplex into Enable FDCAN_TXFD for pin PA9 is applicable
2026-05-11 12:02:38,676 [INFO] Rule:224 - rule FDCAN1_R4 - Alternatepin_1 - Rename Mode FullDuplex into Enable FDCAN_TXFD for pin PE1 is applicable
2026-05-11 12:02:38,676 [INFO] Rule:224 - rule FDCAN1_R4 - Alternatepin_1 - Rename Mode FullDuplex into Enable FDCAN_TXFD for pin PE0 is applicable
2026-05-11 12:02:38,676 [INFO] Rule:224 - rule FDCAN1_R4 - Alternatepin_2 - Rename Mode FullDuplex into Enable FDCAN_TXFD for pin PD5 is applicable
2026-05-11 12:02:38,677 [INFO] Rule:224 - rule FDCAN1_R4 - Alternatepin_2 - Rename Mode FullDuplex into Enable FDCAN_TXFD for pin PD4 is applicable
2026-05-11 12:02:38,677 [INFO] Rule:224 - rule FDCAN2_R3 - if PD10.Mode=FullDuplex, add Pin PB13 is applicable
2026-05-11 12:02:38,677 [INFO] Rule:224 - rule FDCAN2_R3 - if PD9.Mode=FullDuplex, add Pin PB12 is applicable
2026-05-11 12:02:38,677 [INFO] Rule:224 - rule FDCAN2_R3 - Alternatepin_1 - if PB7.Mode=FullDuplex, add Pin PB6 is applicable
2026-05-11 12:02:38,677 [INFO] Rule:224 - rule FDCAN2_R3 - Alternatepin_1 - if PD9.Mode=FullDuplex, add Pin PB12 is applicable
2026-05-11 12:02:38,677 [INFO] Rule:224 - rule FDCAN2_R4 - Rename Mode FullDuplex into Enable FDCAN_TXFD for pin PD10 is applicable
2026-05-11 12:02:38,678 [INFO] Rule:224 - rule FDCAN2_R4 - Rename Mode FullDuplex into Enable FDCAN_TXFD for pin PD9 is applicable
2026-05-11 12:02:38,678 [INFO] Rule:224 - rule FDCAN2_R4 - Alternatepin_1 - Rename Mode FullDuplex into Enable FDCAN_TXFD for pin PB7 is applicable
2026-05-11 12:02:38,678 [INFO] Rule:224 - rule FDCAN2_R4 - Alternatepin_1 - Rename Mode FullDuplex into Enable FDCAN_TXFD for pin PD6 is applicable
2026-05-11 12:02:38,678 [INFO] Rule:224 - rule USART TxPinLevelInvertParam Mode is applicable
2026-05-11 12:02:38,678 [INFO] Rule:224 - rule USART RxPinLevelInvertParam Mode is applicable
2026-05-11 12:02:38,678 [INFO] Rule:224 - rule USART DataInvertParam Mode is applicable
2026-05-11 12:02:38,678 [INFO] Rule:224 - rule USART SwapParam Mode is applicable
2026-05-11 12:02:38,678 [INFO] Rule:224 - rule USART OverrunDisableParam Mode is applicable
2026-05-11 12:02:38,679 [INFO] Rule:224 - rule USART DMADisableonRxErrorParam Mode is applicable
2026-05-11 12:02:38,679 [INFO] Rule:224 - rule USART MSBFirstParam Mode is applicable
2026-05-11 12:02:38,679 [INFO] Rule:224 - rule Update MwName for USB_DEVICE is applicable
2026-05-11 12:02:38,679 [INFO] Rule:224 - rule Change PWR_Regulator_Voltage_Scale Default Value for RCC  H7 family is applicable
2026-05-11 12:02:38,679 [INFO] Rule:224 - rule UART/USART IPParameter rename Prescaler parameter to ClockPrescaler is applicable
2026-05-11 12:02:38,679 [INFO] Rule:224 - rule UART/USART Prescaler rename Prescaler parameter to ClockPrescaler is applicable
2026-05-11 12:02:38,679 [INFO] Rule:224 - rule TIM1CLockSelection is applicable
2026-05-11 12:02:38,679 [INFO] Rule:224 - rule TIM15CLockSelection is applicable
2026-05-11 12:02:38,680 [INFO] Rule:224 - rule align RCC SDMMC3CLockSelection default value on MP1 is applicable
2026-05-11 12:02:38,680 [INFO] Rule:224 - rule align RCC SDMMC12CLockSelection default value on MP1 is applicable
2026-05-11 12:02:38,680 [INFO] Rule:224 - rule align RCC QSPICLockSelection default value on MP1 is applicable
2026-05-11 12:02:38,680 [INFO] Rule:224 - rule align RCC QSPICLockSelection default value on MP1 is applicable
2026-05-11 12:02:38,680 [INFO] Rule:224 - rule align RCC SPI6CLockSelection default value on MP1 is applicable
2026-05-11 12:02:38,680 [INFO] Rule:224 - rule align RCC LPTIM23CLockSelection default value on MP1 is applicable
2026-05-11 12:02:38,681 [INFO] Rule:224 - rule align RCC LPTIM1CLockSelection default value on MP1 is applicable
2026-05-11 12:02:38,681 [INFO] Rule:224 - rule align RCC USART1CLockSelection default value on MP1 is applicable
2026-05-11 12:02:38,681 [INFO] Rule:224 - rule align RCC USART24CLockSelection default value on MP1 is applicable
2026-05-11 12:02:38,681 [INFO] Rule:224 - rule align RCC USART6CLockSelection default value on MP1 is applicable
2026-05-11 12:02:38,681 [INFO] Rule:224 - rule align RCC UART78CLockSelection default value on MP1 is applicable
2026-05-11 12:02:38,681 [INFO] Rule:224 - rule align RCC USART35CLockSelection default value on MP1 is applicable
2026-05-11 12:02:38,681 [INFO] Rule:224 - rule align RCC SPI45CLockSelection default value on MP1 is applicable
2026-05-11 12:02:38,682 [INFO] Rule:224 - rule align RCC I2C46CLockSelection BCLK value on MP1 is applicable
2026-05-11 12:02:38,682 [INFO] Rule:224 - rule align RCC SPI45CLockSelection default value on MP1 is applicable
2026-05-11 12:02:38,682 [INFO] Rule:224 - rule align RCC I2C12CLockSelection default value on MP1 is applicable
2026-05-11 12:02:38,682 [INFO] Rule:224 - rule align RCC I2C35CLockSelection default value on MP1 is applicable
2026-05-11 12:02:38,682 [INFO] Rule:224 - rule align RCC LPTIM45CLockSelection default value on MP1 is applicable
2026-05-11 12:02:38,683 [INFO] Rule:224 - rule Rename DCMI PIXCK signal is applicable
2026-05-11 12:02:38,683 [INFO] Rule:224 - rule Change Default Value for I2C46CLockSelection MP1 family is applicable
2026-05-11 12:02:38,684 [INFO] Rule:224 - rule Change Default Value for UART for G4, G0 and WB families is applicable
2026-05-11 12:02:38,684 [INFO] Rule:224 - rule Change Default Value for USART for G4, G0 and WB families is applicable
2026-05-11 12:02:38,685 [INFO] Rule:224 - rule Change Default Value for USART for G4 family is applicable
2026-05-11 12:02:38,685 [INFO] Rule:224 - rule Change USART1CLockSelection refparam name for MP1 is applicable
2026-05-11 12:02:38,686 [INFO] Rule:224 - rule Change USART2CLockSelection refparam name for MP1 is applicable
2026-05-11 12:02:38,686 [INFO] Rule:224 - rule Change USART3CLockSelection refparam name for MP1 is applicable
2026-05-11 12:02:38,686 [INFO] Rule:224 - rule Change UART4CLockSelection refparam name for MP1 is applicable
2026-05-11 12:02:38,686 [INFO] Rule:224 - rule Change UART5CLockSelection refparam name for MP1 is applicable
2026-05-11 12:02:38,686 [INFO] Rule:224 - rule Change LPUART1CLockSelection refparam name for MP1 is applicable
2026-05-11 12:02:38,686 [INFO] Rule:224 - rule Change LPTIM1CLockSelection refparam name for MP1 is applicable
2026-05-11 12:02:38,687 [INFO] Rule:224 - rule Change LPTIM2CLockSelection refparam name for MP1 is applicable
2026-05-11 12:02:38,687 [INFO] Rule:224 - rule Change RCC_MCO1Source refparam name for MP1 is applicable
2026-05-11 12:02:38,687 [INFO] Rule:224 - rule Change LSCOSource1 refparam name for MP1 is applicable
2026-05-11 12:02:38,687 [INFO] Rule:224 - rule Change SMPSCLockSelection refparam name for MP1 is applicable
2026-05-11 12:02:38,687 [INFO] Rule:224 - rule Change LPTIM3CLockSelection refparam name for MP1 is applicable
2026-05-11 12:02:38,687 [INFO] Rule:224 - rule Change MPCBB* Default Template Mode to Parameters is applicable
2026-05-11 12:02:38,687 [INFO] Rule:224 - rule Change MPCWM* or MPCBB* Secure Mode to Parameters is applicable
2026-05-11 12:02:38,689 [INFO] Rule:224 - rule Change MPCWM* or MPCBB* No Secure Mode to Parameters is applicable
2026-05-11 12:02:38,689 [INFO] Rule:224 - rule Change TZSC IP Secure Mode to Parameters is applicable
2026-05-11 12:02:38,689 [INFO] Rule:224 - rule Change TZSC IP No Secure Mode to Parameters is applicable
2026-05-11 12:02:38,690 [INFO] Rule:224 - rule Change TZSC IP Privilege Mode to Parameters is applicable
2026-05-11 12:02:38,690 [INFO] Rule:224 - rule Change TZSC IP No Privilege Mode to Parameters is applicable
2026-05-11 12:02:38,690 [INFO] Rule:224 - rule Change TZIC IT Secure Mode to Parameters is applicable
2026-05-11 12:02:38,690 [INFO] Rule:224 - rule Change TZIC IT No Secure Mode to Parameters is applicable
2026-05-11 12:02:38,690 [INFO] Rule:224 - rule Add MPCBB1_NonSecureArea_Start_Address value with referenced to MPCBB1_NonSecureArea_Start value is applicable
2026-05-11 12:02:38,690 [INFO] Rule:224 - rule Add MPCBB2_NonSecureArea_Start_Address value with referenced to MPCBB2_NonSecureArea_Start value is applicable
2026-05-11 12:02:38,690 [INFO] Rule:224 - rule Add MPCWM1_NonSecureArea*_Start_Address value with referenced to MPCWM1_NonSecureArea*_Start value is applicable
2026-05-11 12:02:38,690 [INFO] Rule:224 - rule Add MPCWM2_NonSecureArea*_Start_Address value with referenced to MPCWM2_NonSecureArea*_Start value is applicable
2026-05-11 12:02:38,691 [INFO] Rule:224 - rule Add MPCWM3_NonSecureArea_Start_Address value with referenced to MPCWM3_NonSecureArea_Start value is applicable
2026-05-11 12:02:38,691 [INFO] Rule:224 - rule Change Default Value for PLL1UserDefinedConfig is applicable
2026-05-11 12:02:38,691 [INFO] Rule:224 - rule Change GPIO_PuPd Default Value for USART in async mode is applicable
2026-05-11 12:02:38,691 [INFO] Rule:224 - rule Change SMPSDivider Default Value is applicable
2026-05-11 12:02:38,691 [INFO] Rule:224 - rule OPAMP is applicable
2026-05-11 12:02:38,691 [INFO] Rule:224 - rule LPUART IPParameter rename Prescaler parameter to ClockPrescaler for STM32H7 is applicable
2026-05-11 12:02:38,691 [INFO] Rule:224 - rule LPUART IPParameter rename Prescaler parameter to ClockPrescaler for STM32H7 is applicable
2026-05-11 12:02:38,691 [INFO] Rule:224 - rule LPUART IPParameter rename Prescaler parameter to ClockPrescaler for STM32WB is applicable
2026-05-11 12:02:38,692 [INFO] Rule:224 - rule LPUART IPParameter rename Prescaler parameter to ClockPrescaler for STM32WB is applicable
2026-05-11 12:02:38,692 [INFO] Rule:224 - rule LPUART IPParameter rename Prescaler parameter to ClockPrescaler for STM32G4 is applicable
2026-05-11 12:02:38,692 [INFO] Rule:224 - rule LPUART IPParameter rename Prescaler parameter to ClockPrescaler for STM32G4 is applicable
2026-05-11 12:02:38,692 [INFO] Rule:224 - rule LPUART IPParameter rename Prescaler parameter to ClockPrescaler for STM32L5 is applicable
2026-05-11 12:02:38,693 [INFO] Rule:224 - rule LPUART IPParameter rename Prescaler parameter to ClockPrescaler for STM32L5 is applicable
2026-05-11 12:02:38,693 [INFO] Rule:224 - rule LPUART IPParameter rename Prescaler parameter to ClockPrescaler for STM32G4 is applicable
2026-05-11 12:02:38,693 [INFO] Rule:224 - rule LPUART IPParameter rename Prescaler parameter to ClockPrescaler for STM32G4 is applicable
2026-05-11 12:02:38,694 [INFO] Rule:224 - rule USB device lib V2.5.3 for L0 rename USBD_SUPPORT_USER_STRING parameter to USBD_SUPPORT_USER_STRING_DESC4 is applicable
2026-05-11 12:02:38,694 [INFO] Rule:224 - rule I2SCLockSelection clock entry align is applicable
2026-05-11 12:02:38,694 [INFO] Rule:224 - rule Assign TIMx context if used as SYS timebase is applicable
2026-05-11 12:02:38,694 [INFO] Rule:224 - rule Change GPIO_Pu Default Value for I2C is applicable
2026-05-11 12:02:38,695 [INFO] Rule:224 - rule Change GPIO_Pu Default Value for SMBus is applicable
2026-05-11 12:02:38,695 [INFO] Rule:224 - rule change FDCAN default value is applicable
2026-05-11 12:02:38,695 [INFO] Rule:224 - rule Change mode sai is applicable
2026-05-11 12:02:38,695 [INFO] Rule:224 - rule **Change sai mode is applicable
2026-05-11 12:02:38,695 [INFO] Rule:224 - rule Rename STM32WPAN CFG_BLE_IRK to CFG_BLE_IR is applicable
2026-05-11 12:02:38,695 [INFO] Rule:224 - rule Rename STM32WPAN CFG_BLE_ERK to CFG_BLE_ER is applicable
2026-05-11 12:02:38,695 [INFO] Rule:224 - rule Rename STM32WPAN CFG_BLE_IRK_HEX to CFG_BLE_IR_HEX is applicable
2026-05-11 12:02:38,696 [INFO] Rule:224 - rule Rename STM32WPAN CFG_BLE_ERK_HEX to CFG_BLE_ER_HEX is applicable
2026-05-11 12:02:38,696 [INFO] Rule:224 - rule Adapt Old IOC before rework replace old CORTEX_M33/CORTEX_M55 attributes by the new one. is applicable
2026-05-11 12:02:38,696 [INFO] Rule:224 - rule Rename parametre of RCC RCC_APBDBG_DIV2 to RCC_TIMPRES_DIV2 is applicable
2026-05-11 12:02:38,696 [INFO] Rule:224 - rule Rename DIE493 pin PA10 [PA12] -> PA10 is applicable
2026-05-11 12:02:38,696 [INFO] Rule:224 - rule Rename DIE493 pin PA9 [PA11] -> PA9 is applicable
2026-05-11 12:02:38,778 [INFO] DbConfProperties:307 - Apply Compatibility (50/266 Rules)
2026-05-11 12:02:38,865 [INFO] ImportTextPane:218 - (OptionalMessage_ERROR) Unable to find key (Mcu.ThirdPartyNb) in loaded IOC file
2026-05-11 12:02:38,881 [INFO] ImportTextPane:218 - (OptionalMessage_ERROR) Pin35 (VP_RIF_VS_RIF1) cannot be retrieved for this MCU
2026-05-11 12:02:39,940 [INFO] RtosManager:558 - Registered RTOS mode: class=CMSIS, group=RTOS, mode=CMSIS_V1, owner=FREERTOS
2026-05-11 12:02:39,941 [INFO] RtosManager:558 - Registered RTOS mode: class=CMSIS, group=RTOS2, mode=CMSIS_V2, owner=FREERTOS
2026-05-11 12:02:39,941 [INFO] RtosManager:558 - Registered RTOS mode: class=RTOS, group=Core, mode=CMSIS_V1, owner=FREERTOS
2026-05-11 12:02:39,942 [INFO] RtosManager:558 - Registered RTOS mode: class=RTOS, group=Core, mode=CMSIS_V2, owner=FREERTOS
2026-05-11 12:02:39,943 [WARN] ModelIntegratedComponent:184 - Missing modes for component STMicroelectronics:FreeRTOS:0.0.1:STMicroelectronics:RTOS:FreeRTOS:Core:::10.2.0:
2026-05-11 12:02:40,695 [WARN] ModelIntegratedComponent:63 - No mode defined for component null
2026-05-11 12:02:40,696 [WARN] ModelIntegratedComponent:63 - No mode defined for component null
2026-05-11 12:02:40,696 [WARN] ModelIntegratedComponent:63 - No mode defined for component null
2026-05-11 12:02:40,697 [WARN] ModelIntegratedComponent:63 - No mode defined for component null
2026-05-11 12:02:40,697 [WARN] ModelIntegratedComponent:63 - No mode defined for component null
2026-05-11 12:02:40,697 [WARN] ModelIntegratedComponent:63 - No mode defined for component null
2026-05-11 12:02:40,697 [WARN] ModelIntegratedComponent:63 - No mode defined for component null
2026-05-11 12:02:40,697 [WARN] ModelIntegratedComponent:63 - No mode defined for component null
2026-05-11 12:02:40,697 [WARN] ModelIntegratedComponent:63 - No mode defined for component null
2026-05-11 12:02:40,697 [WARN] ModelIntegratedComponent:63 - No mode defined for component null
2026-05-11 12:02:40,698 [WARN] ModelIntegratedComponent:63 - No mode defined for component null
2026-05-11 12:02:40,698 [WARN] ModelIntegratedComponent:63 - No mode defined for component null
2026-05-11 12:02:40,698 [WARN] ModelIntegratedComponent:63 - No mode defined for component null
2026-05-11 12:02:40,698 [WARN] ModelIntegratedComponent:63 - No mode defined for component null
2026-05-11 12:02:40,699 [WARN] ModelIntegratedComponent:63 - No mode defined for component null
2026-05-11 12:02:40,700 [WARN] ModelIntegratedComponent:63 - No mode defined for component null
2026-05-11 12:02:40,700 [WARN] ModelIntegratedComponent:63 - No mode defined for component null
2026-05-11 12:02:40,702 [WARN] ModelIntegratedComponent:63 - No mode defined for component null
2026-05-11 12:02:40,702 [WARN] ModelIntegratedComponent:63 - No mode defined for component null
2026-05-11 12:02:40,703 [WARN] ModelIntegratedComponent:63 - No mode defined for component null
2026-05-11 12:02:40,703 [WARN] ModelIntegratedComponent:63 - No mode defined for component null
2026-05-11 12:02:40,703 [WARN] ModelIntegratedComponent:63 - No mode defined for component null
2026-05-11 12:02:40,703 [WARN] ModelIntegratedComponent:63 - No mode defined for component null
2026-05-11 12:02:40,703 [WARN] ModelIntegratedComponent:63 - No mode defined for component null
2026-05-11 12:02:40,703 [WARN] ModelIntegratedComponent:63 - No mode defined for component null
2026-05-11 12:02:40,704 [WARN] ModelIntegratedComponent:63 - No mode defined for component null
2026-05-11 12:02:40,704 [WARN] ModelIntegratedComponent:63 - No mode defined for component null
2026-05-11 12:02:40,704 [WARN] ModelIntegratedComponent:63 - No mode defined for component null
2026-05-11 12:02:40,704 [WARN] ModelIntegratedComponent:63 - No mode defined for component null
2026-05-11 12:02:40,704 [WARN] ModelIntegratedComponent:63 - No mode defined for component null
2026-05-11 12:02:40,704 [WARN] ModelIntegratedComponent:63 - No mode defined for component null
2026-05-11 12:02:40,705 [WARN] ModelIntegratedComponent:63 - No mode defined for component null
2026-05-11 12:02:40,705 [WARN] ModelIntegratedComponent:63 - No mode defined for component null
2026-05-11 12:02:40,705 [WARN] ModelIntegratedComponent:63 - No mode defined for component null
2026-05-11 12:02:40,705 [WARN] ModelIntegratedComponent:63 - No mode defined for component null
2026-05-11 12:02:40,706 [WARN] ModelPack:524 - Component already loaded: STMicroelectronics:HAL Drivers:0.0.0:STMicroelectronics:Device:STMicro_Driver:XSPI:HAL::0.0.1:HAL_XSPI
2026-05-11 12:02:40,928 [INFO] ThirdPartyModel:298 - Start build external matchings
2026-05-11 12:02:42,142 [INFO] ThirdPartyModel:316 - End build external matchings
2026-05-11 12:02:42,212 [INFO] ImportTextPane:218 - (OptionalMessage_ERROR) IP (RCC) : Parameter (RTCHSEDivFreq_Value) has invalid value (4000000)
2026-05-11 12:02:43,764 [INFO] UtilMem:75 - End LoadConfig() Used Memory: 886721880 Bytes (1073741824)
2026-05-11 12:02:45,127 [WARN] ThirdParty:833 - waiting for thirdparty lock release [change project]
2026-05-11 12:02:45,128 [INFO] ThirdParty:835 - entering critical section [change project]
2026-05-11 12:02:45,129 [INFO] ThirdParty:1030 - CMSIS Pack Vendor :STMicroelectronics X-CUBE-AZRTOS-H7 3.5.0
2026-05-11 12:02:45,129 [INFO] ThirdParty:1030 - CMSIS Pack Vendor :STMicroelectronics X-CUBE-PM33A1 1.0.0
2026-05-11 12:02:45,129 [INFO] ThirdParty:1030 - CMSIS Pack Vendor :STMicroelectronics USBPD 4.1
2026-05-11 12:02:45,129 [INFO] ThirdParty:1030 - CMSIS Pack Vendor :STMicroelectronics X-CUBE-NFC9 1.0.0
2026-05-11 12:02:45,129 [INFO] ThirdParty:1030 - CMSIS Pack Vendor :STMicroelectronics USB_HOST 2.0.0
2026-05-11 12:02:45,129 [INFO] ThirdParty:1030 - CMSIS Pack Vendor :STMicroelectronics X-CUBE-AZRTOS-F4 1.1.0
2026-05-11 12:02:45,129 [INFO] ThirdParty:1030 - CMSIS Pack Vendor :STMicroelectronics LIBJPEG 8.0.0
2026-05-11 12:02:45,129 [INFO] ThirdParty:1030 - CMSIS Pack Vendor :STMicroelectronics FP-ATR-ASTRA1 2.0.2
2026-05-11 12:02:45,129 [INFO] ThirdParty:1030 - CMSIS Pack Vendor :STMicroelectronics X-CUBE-BLE1 7.1.0
2026-05-11 12:02:45,129 [INFO] ThirdParty:1030 - CMSIS Pack Vendor :STMicroelectronics X-CUBE-SMBUS 2.1.0
2026-05-11 12:02:45,129 [INFO] ThirdParty:1030 - CMSIS Pack Vendor :wolfSSL I-CUBE-wolfMQTT 1.19.2
2026-05-11 12:02:45,130 [INFO] ThirdParty:1030 - CMSIS Pack Vendor :STMicroelectronics USB_DEVICE 3.0.0
2026-05-11 12:02:45,130 [INFO] ThirdParty:1030 - CMSIS Pack Vendor :STMicroelectronics X-CUBE-ISPU 2.1.0
2026-05-11 12:02:45,130 [INFO] ThirdParty:1030 - CMSIS Pack Vendor :STMicroelectronics X-CUBE-EEPRMA1 5.2.0
2026-05-11 12:02:45,130 [INFO] ThirdParty:1030 - CMSIS Pack Vendor :STMicroelectronics X-CUBE-BLEMGR 4.1.0
2026-05-11 12:02:45,130 [INFO] ThirdParty:1030 - CMSIS Pack Vendor :STMicroelectronics eDS-WB_DPC_TT-BIDIR 2.1.1
2026-05-11 12:02:45,130 [INFO] ThirdParty:1030 - CMSIS Pack Vendor :STMicroelectronics X-CUBE-AZRTOS-WB 2.0.0
2026-05-11 12:02:45,130 [INFO] ThirdParty:1030 - CMSIS Pack Vendor :wolfSSL I-CUBE-wolfSSL 5.8.4
2026-05-11 12:02:45,130 [INFO] ThirdParty:1030 - CMSIS Pack Vendor :STMicroelectronics X-CUBE-NFC12 1.0.0
2026-05-11 12:02:45,130 [INFO] ThirdParty:1030 - CMSIS Pack Vendor :STMicroelectronics X-CUBE-AZRTOS-F7 1.1.0
2026-05-11 12:02:45,130 [INFO] ThirdParty:1030 - CMSIS Pack Vendor :STMicroelectronics X-CUBE-AZRTOS-L5 2.0.0
2026-05-11 12:02:45,130 [INFO] ThirdParty:1030 - CMSIS Pack Vendor :STMicroelectronics USB_DEVICE 2.0.0
2026-05-11 12:02:45,130 [INFO] ThirdParty:1030 - CMSIS Pack Vendor :quantropi X-CUBE-qispace-sdk-base 2.1.0
2026-05-11 12:02:45,131 [INFO] ThirdParty:1030 - CMSIS Pack Vendor :STMicroelectronics X-CUBE-MEMS1 12.0.0
2026-05-11 12:02:45,131 [INFO] ThirdParty:1030 - CMSIS Pack Vendor :STMicroelectronics X-CUBE-STSE01 2.0.0
2026-05-11 12:02:45,131 [INFO] ThirdParty:1030 - CMSIS Pack Vendor :STMicroelectronics FreeRTOS 0.0.1
2026-05-11 12:02:45,131 [INFO] ThirdParty:1030 - CMSIS Pack Vendor :STMicroelectronics X-CUBE-AZRTOS-G0 1.1.0
2026-05-11 12:02:45,131 [INFO] ThirdParty:1030 - CMSIS Pack Vendor :STMicroelectronics X-CUBE-NFC4 3.0.0
2026-05-11 12:02:45,131 [INFO] ThirdParty:1030 - CMSIS Pack Vendor :STMicroelectronics X-CUBE-SUBG2 5.0.0
2026-05-11 12:02:45,131 [INFO] ThirdParty:1030 - CMSIS Pack Vendor :STMicroelectronics STM32_WPAN 1.0.0
2026-05-11 12:02:45,131 [INFO] ThirdParty:1030 - CMSIS Pack Vendor :STMicroelectronics eDS-WB_DPC_VIENNA 1.2.0
2026-05-11 12:02:45,131 [INFO] ThirdParty:1030 - CMSIS Pack Vendor :EmbeddedOffice I-CUBE-FS-RTOS 1.0.1
2026-05-11 12:02:45,131 [INFO] ThirdParty:1030 - CMSIS Pack Vendor :STMicroelectronics lwIP 2.0.3
2026-05-11 12:02:45,131 [INFO] ThirdParty:1030 - CMSIS Pack Vendor :STMicroelectronics eDS-WB_DPC_3PH2L-BIDIR 1.1.1
2026-05-11 12:02:45,131 [INFO] ThirdParty:1030 - CMSIS Pack Vendor :STMicroelectronics USB_HOST 1.0.0
2026-05-11 12:02:45,131 [INFO] ThirdParty:1030 - CMSIS Pack Vendor :STMicroelectronics X-CUBE-AZRTOS-G4 2.0.0
2026-05-11 12:02:45,132 [INFO] ThirdParty:1030 - CMSIS Pack Vendor :STMicroelectronics PDM2PCM 3.1.0
2026-05-11 12:02:45,132 [INFO] ThirdParty:1030 - CMSIS Pack Vendor :STMicroelectronics PDM2PCM 3.3.0
2026-05-11 12:02:45,132 [INFO] ThirdParty:1030 - CMSIS Pack Vendor :wolfSSL I-CUBE-wolfTPM 3.8.0
2026-05-11 12:02:45,132 [INFO] ThirdParty:1030 - CMSIS Pack Vendor :STMicroelectronics X-CUBE-DISPLAY 3.0.0
2026-05-11 12:02:45,132 [INFO] ThirdParty:1030 - CMSIS Pack Vendor :wolfSSL I-CUBE-wolfSSH 1.4.20
2026-05-11 12:02:45,132 [INFO] ThirdParty:1030 - CMSIS Pack Vendor :STMicroelectronics X-CUBE-NFC7 2.0.0
2026-05-11 12:02:45,132 [INFO] ThirdParty:1030 - CMSIS Pack Vendor :STMicroelectronics X-CUBE-GNSS1 7.1.1
2026-05-11 12:02:45,132 [INFO] ThirdParty:1030 - CMSIS Pack Vendor :STMicroelectronics X-CUBE-TCPP 4.2.0
2026-05-11 12:02:45,132 [INFO] ThirdParty:1030 - CMSIS Pack Vendor :RealThread X-CUBE-RT-Thread_Nano 4.1.1
2026-05-11 12:02:45,132 [INFO] ThirdParty:1030 - CMSIS Pack Vendor :STMicroelectronics FP-ATR-SIGFOX1 3.2.0
2026-05-11 12:02:45,132 [INFO] ThirdParty:1030 - CMSIS Pack Vendor :STMicroelectronics X-CUBE-NFC10 1.0.0
2026-05-11 12:02:45,132 [INFO] ThirdParty:1030 - CMSIS Pack Vendor :STMicroelectronics HAL Drivers 0.0.0
2026-05-11 12:02:45,133 [INFO] ThirdParty:1030 - CMSIS Pack Vendor :STMicroelectronics MBEDTLS 2.16.2
2026-05-11 12:02:45,133 [INFO] ThirdParty:1030 - CMSIS Pack Vendor :STMicroelectronics X-CUBE-ST60 1.1.0
2026-05-11 12:02:45,133 [INFO] ThirdParty:1030 - CMSIS Pack Vendor :STMicroelectronics X-CUBE-ALS 1.0.2
2026-05-11 12:02:45,133 [INFO] ThirdParty:1030 - CMSIS Pack Vendor :emotas I-CUBE-CANOPEN 1.3.0
2026-05-11 12:02:45,133 [INFO] ThirdParty:1030 - CMSIS Pack Vendor :STMicroelectronics MBEDTLS 2.14.1
2026-05-11 12:02:45,133 [INFO] ThirdParty:1030 - CMSIS Pack Vendor :STMicroelectronics X-CUBE-GNSS1 7.1.0
2026-05-11 12:02:45,133 [INFO] ThirdParty:1030 - CMSIS Pack Vendor :ITTIA_DB I-CUBE-ITTIADB 8.9.0
2026-05-11 12:02:45,133 [INFO] ThirdParty:1030 - CMSIS Pack Vendor :Cesanta I-CUBE-Mongoose 7.21.0
2026-05-11 12:02:45,133 [INFO] ThirdParty:1030 - CMSIS Pack Vendor :STMicroelectronics X-CUBE-TOUCHGFX 4.26.1
2026-05-11 12:02:45,133 [INFO] ThirdParty:1030 - CMSIS Pack Vendor :STMicroelectronics X-CUBE-NFC6 3.2.0
2026-05-11 12:02:45,133 [INFO] ThirdParty:1030 - CMSIS Pack Vendor :STMicroelectronics X-CUBE-AI 10.2.0
2026-05-11 12:02:45,133 [INFO] ThirdParty:1030 - CMSIS Pack Vendor :STMicroelectronics FP-SNS-STAIOTCFT 1.0.0
2026-05-11 12:02:45,134 [INFO] ThirdParty:1030 - CMSIS Pack Vendor :STMicroelectronics ThreadX 1.0.0
2026-05-11 12:02:45,134 [INFO] ThirdParty:1030 - CMSIS Pack Vendor :STMicroelectronics FP-SNS-SMARTAG2 1.2.0
2026-05-11 12:02:45,134 [INFO] ThirdParty:1030 - CMSIS Pack Vendor :STMicroelectronics X-CUBE-MEMS1 12.1.0
2026-05-11 12:02:45,134 [INFO] ThirdParty:1030 - CMSIS Pack Vendor :STMicroelectronics FP-SNS-FLIGHT1 5.1.0
2026-05-11 12:02:45,134 [INFO] ThirdParty:1030 - CMSIS Pack Vendor :STMicroelectronics X-CUBE-AZRTOS-WL 2.0.0
2026-05-11 12:02:45,134 [INFO] ThirdParty:1030 - CMSIS Pack Vendor :SEGGER I-CUBE-embOS 1.3.1
2026-05-11 12:02:45,134 [INFO] ThirdParty:1030 - CMSIS Pack Vendor :STMicroelectronics X-CUBE-ALGOBUILD 1.4.0
2026-05-11 12:02:45,134 [INFO] ThirdParty:1030 - CMSIS Pack Vendor :STMicroelectronics X-CUBE-DPower 1.3.0
2026-05-11 12:02:45,134 [INFO] ThirdParty:1030 - CMSIS Pack Vendor :STMicroelectronics USB_DEVICE 1.0.0
2026-05-11 12:02:45,134 [INFO] ThirdParty:1030 - CMSIS Pack Vendor :STMicroelectronics X-CUBE-AZRTOS-H7RS 1.2.0
2026-05-11 12:02:45,134 [INFO] ThirdParty:1030 - CMSIS Pack Vendor :STMicroelectronics X-CUBE-AZRTOS-L4 2.0.0
2026-05-11 12:02:45,135 [INFO] ThirdParty:1030 - CMSIS Pack Vendor :STMicroelectronics ThreadX 0.0.2
2026-05-11 12:02:45,135 [INFO] ThirdParty:1030 - CMSIS Pack Vendor :STMicroelectronics lwIP 2.1.2
2026-05-11 12:02:45,135 [INFO] ThirdParty:1030 - CMSIS Pack Vendor :STMicroelectronics X-CUBE-SFXS2LP1 4.0.0
2026-05-11 12:02:45,135 [INFO] ThirdParty:1030 - CMSIS Pack Vendor :STMicroelectronics X-CUBE-BLE2 3.3.0
2026-05-11 12:02:45,135 [INFO] ThirdParty:1030 - CMSIS Pack Vendor :Avnet-IOTCONNECT X-CUBE-iotc-st67-sdk 1.0.0
2026-05-11 12:02:45,135 [INFO] ThirdParty:1030 - CMSIS Pack Vendor :STMicroelectronics X-CUBE-TOF1 3.4.3
2026-05-11 12:02:45,136 [INFO] ThirdParty:1030 - CMSIS Pack Vendor :Infineon AIROC-Wi-Fi-Bluetooth-STM32 1.8.0
2026-05-11 12:02:45,136 [INFO] ThirdParty:1030 - CMSIS Pack Vendor :STMicroelectronics PDM2PCM 3.2.0
2026-05-11 12:02:45,136 [INFO] ThirdParty:1030 - CMSIS Pack Vendor :STMicroelectronics X-CUBE-WB05N 2.1.0
2026-05-11 12:02:45,139 [INFO] ThirdParty:841 - exiting critical section [change project]
2026-05-11 12:02:47,327 [INFO] PinOutPanel:1589 - setPackage(No Configuration,No Configuration)
2026-05-11 12:02:47,398 [INFO] PinOutPanel:1589 - setPackage(STM32F407VGTx,LQFP100)
2026-05-11 12:02:50,127 [INFO] UtilMem:75 - Before build in PCC Used Memory: 790381240 Bytes (1073741824)
2026-05-11 12:02:53,098 [INFO] UtilMem:75 - After build in PCC Used Memory: 880360752 Bytes (1073741824)
2026-05-11 12:02:53,594 [INFO] ApiDbMcu:508 - Load IP Config File for USB_HOST
2026-05-11 12:02:53,602 [WARN] BspModel:444 - BSP dependency skipped because of component: name='IOExpander', api='Unknown'
2026-05-11 12:02:53,709 [INFO] IPUIPlugin:80 - create IPUIPlugin
2026-05-11 12:02:53,710 [INFO] IPUIPlugin:80 - create IPUIPlugin
2026-05-11 12:02:53,710 [INFO] IPUIPlugin:80 - create IPUIPlugin
2026-05-11 12:02:53,710 [INFO] IPUIPlugin:80 - create IPUIPlugin
2026-05-11 12:02:53,710 [INFO] IPUIPlugin:80 - create IPUIPlugin
2026-05-11 12:02:53,711 [INFO] IPUIPlugin:80 - create IPUIPlugin
2026-05-11 12:02:53,711 [INFO] IPUIPlugin:80 - create IPUIPlugin
2026-05-11 12:02:53,712 [INFO] IPUIPlugin:80 - create IPUIPlugin
2026-05-11 12:02:53,713 [INFO] IPUIPlugin:80 - create IPUIPlugin
2026-05-11 12:02:53,713 [INFO] IPUIPlugin:80 - create IPUIPlugin
2026-05-11 12:02:53,714 [INFO] IPUIPlugin:80 - create IPUIPlugin
2026-05-11 12:02:53,714 [INFO] IPUIPlugin:80 - create IPUIPlugin
2026-05-11 12:02:53,715 [INFO] IPUIPlugin:80 - create IPUIPlugin
2026-05-11 12:02:53,715 [INFO] IPUIPlugin:80 - create IPUIPlugin
2026-05-11 12:02:53,716 [INFO] IPUIPlugin:80 - create IPUIPlugin
2026-05-11 12:02:53,717 [INFO] IPUIPlugin:80 - create IPUIPlugin
2026-05-11 12:02:53,717 [INFO] IPUIPlugin:80 - create IPUIPlugin
2026-05-11 12:02:53,718 [INFO] IPUIPlugin:80 - create IPUIPlugin
2026-05-11 12:02:53,718 [INFO] IPUIPlugin:80 - create IPUIPlugin
2026-05-11 12:02:53,719 [INFO] IPUIPlugin:80 - create IPUIPlugin
2026-05-11 12:02:53,720 [INFO] IPUIPlugin:80 - create IPUIPlugin
2026-05-11 12:02:53,722 [INFO] IPUIPlugin:80 - create IPUIPlugin
2026-05-11 12:02:53,724 [INFO] IPUIPlugin:80 - create IPUIPlugin
2026-05-11 12:02:53,726 [INFO] IPUIPlugin:80 - create IPUIPlugin
2026-05-11 12:02:53,727 [INFO] IPUIPlugin:80 - create IPUIPlugin
2026-05-11 12:02:53,728 [INFO] IPUIPlugin:80 - create IPUIPlugin
2026-05-11 12:02:53,730 [INFO] IPUIPlugin:80 - create IPUIPlugin
2026-05-11 12:02:53,731 [INFO] IPUIPlugin:80 - create IPUIPlugin
2026-05-11 12:02:53,732 [INFO] IPUIPlugin:80 - create IPUIPlugin
2026-05-11 12:02:53,733 [INFO] IPUIPlugin:80 - create IPUIPlugin
2026-05-11 12:02:53,734 [INFO] IPUIPlugin:80 - create IPUIPlugin
2026-05-11 12:02:53,734 [INFO] IPUIPlugin:80 - create IPUIPlugin
2026-05-11 12:02:53,735 [INFO] IPUIPlugin:80 - create IPUIPlugin
2026-05-11 12:02:53,736 [INFO] IPUIPlugin:80 - create IPUIPlugin
2026-05-11 12:02:53,738 [INFO] IPUIPlugin:80 - create IPUIPlugin
2026-05-11 12:02:53,739 [INFO] IPUIPlugin:80 - create IPUIPlugin
2026-05-11 12:02:53,740 [INFO] IPUIPlugin:80 - create IPUIPlugin
2026-05-11 12:02:53,740 [INFO] IPUIPlugin:80 - create IPUIPlugin
2026-05-11 12:02:53,741 [INFO] IPUIPlugin:80 - create IPUIPlugin
2026-05-11 12:02:53,741 [INFO] IPUIPlugin:80 - create IPUIPlugin
2026-05-11 12:02:53,742 [INFO] IPUIPlugin:80 - create IPUIPlugin
2026-05-11 12:02:53,742 [INFO] IPUIPlugin:80 - create IPUIPlugin
2026-05-11 12:02:53,743 [INFO] IPUIPlugin:80 - create IPUIPlugin
2026-05-11 12:02:53,743 [INFO] IPUIPlugin:80 - create IPUIPlugin
2026-05-11 12:02:53,743 [INFO] IPUIPlugin:80 - create IPUIPlugin
2026-05-11 12:02:53,744 [INFO] IPUIPlugin:80 - create IPUIPlugin
2026-05-11 12:02:53,744 [INFO] IPUIPlugin:80 - create IPUIPlugin
2026-05-11 12:02:53,745 [INFO] IPUIPlugin:80 - create IPUIPlugin
2026-05-11 12:02:53,745 [INFO] IPUIPlugin:80 - create IPUIPlugin
2026-05-11 12:02:53,746 [INFO] IPUIPlugin:80 - create IPUIPlugin
2026-05-11 12:02:53,746 [INFO] IPUIPlugin:80 - create IPUIPlugin
2026-05-11 12:02:53,747 [INFO] IPUIPlugin:80 - create IPUIPlugin
2026-05-11 12:02:53,747 [INFO] IPUIPlugin:80 - create IPUIPlugin
2026-05-11 12:02:53,748 [INFO] IPUIPlugin:80 - create IPUIPlugin
2026-05-11 12:02:53,748 [INFO] IPUIPlugin:80 - create IPUIPlugin
2026-05-11 12:02:53,749 [INFO] IPUIPlugin:80 - create IPUIPlugin
2026-05-11 12:02:53,750 [INFO] IPUIPlugin:80 - create IPUIPlugin
2026-05-11 12:02:53,750 [INFO] IPUIPlugin:80 - create IPUIPlugin
2026-05-11 12:02:53,797 [INFO] ApiDbMcu:508 - Load IP Config File for PDM2PCM
2026-05-11 12:02:53,835 [WARN] IP:2250 - I2C_Coeff_DF not found: check if there is a RefParameter without a condition.
2026-05-11 12:02:53,836 [WARN] IP:2250 - Analog_Filter not found: check if there is a RefParameter without a condition.
2026-05-11 12:02:53,880 [INFO] I2sManager:658 - 9.6E7
2026-05-11 12:02:53,881 [INFO] I2sManager:195 - I2S Clock Value : 9.6E7
2026-05-11 12:02:53,893 [INFO] I2sManager:553 - AudioClock : 93750Divider : 2Odd : 0
2026-05-11 12:02:54,662 [INFO] CADModel:165 - CPN selected for project levelSTM32F407VGT6
2026-05-11 12:02:54,663 [INFO] CADModel:114 - Register for checkConnection events
2026-05-11 12:02:54,749 [INFO] OpenFileManager:385 - Restore cursor
2026-05-11 12:02:55,313 [WARN] IP:2250 - I2C_Coeff_DF not found: check if there is a RefParameter without a condition.
2026-05-11 12:02:55,313 [WARN] IP:2250 - Analog_Filter not found: check if there is a RefParameter without a condition.
2026-05-11 12:02:55,314 [WARN] IP:2250 - I2C_Coeff_DF not found: check if there is a RefParameter without a condition.
2026-05-11 12:02:55,314 [WARN] IP:2250 - Analog_Filter not found: check if there is a RefParameter without a condition.
2026-05-11 12:03:11,465 [INFO] UtilMem:75 - End SaveConfig() Used Memory: 742460104 Bytes (1073741824)
2026-05-11 12:03:11,817 [INFO] UtilMem:75 - End SaveConfig() Used Memory: 763981672 Bytes (1073741824)
2026-05-11 12:03:13,613 [INFO] BlockDiagram:2775 - set Specific Code input for plugin: SPI
2026-05-11 12:03:13,615 [INFO] BlockDiagram:2775 - set Specific Code input for plugin: I2S
2026-05-11 12:03:13,615 [INFO] BlockDiagram:2775 - set Specific Code input for plugin: SYS
2026-05-11 12:03:13,615 [INFO] BlockDiagram:2775 - set Specific Code input for plugin: RCC
2026-05-11 12:03:13,615 [INFO] BlockDiagram:2775 - set Specific Code input for plugin: I2C
2026-05-11 12:03:13,615 [INFO] BlockDiagram:2775 - set Specific Code input for plugin: USB_OTG_FS
2026-05-11 12:03:13,616 [INFO] BlockDiagram:2775 - set Specific Code input for plugin: NVIC
2026-05-11 12:03:13,616 [INFO] BlockDiagram:2775 - set Specific Code input for plugin: USB_HOST
2026-05-11 12:03:13,620 [INFO] BlockDiagram:2775 - set Specific Code input for plugin: GPIO
2026-05-11 12:03:13,643 [INFO] CodeGenerator:882 - code generatio: config db path: C:\ST\STM32CubeIDE_1.18.0\STM32CubeIDE\plugins\com.st.stm32cube.common.mx_6.14.0.202502271554\\db\
2026-05-11 12:03:17,870 [WARN] IP:2250 - I2C_Coeff_DF not found: check if there is a RefParameter without a condition.
2026-05-11 12:03:17,870 [WARN] IP:2250 - Analog_Filter not found: check if there is a RefParameter without a condition.
2026-05-11 12:03:18,306 [INFO] CodeEngine:263 - oldGeneratedFile, C:\Users\hp\STM32CubeIDE\workspace_1.18.0\06_HAL_I2C_TEST\MXTmpFiles\license.tmp_save
2026-05-11 12:03:19,797 [INFO] CodeEngine:287 - Generated code: C:\Users\hp\STM32CubeIDE\workspace_1.18.0\06_HAL_I2C_TEST\MXTmpFiles\license.tmp
2026-05-11 12:03:20,118 [INFO] CodeEngine:263 - oldGeneratedFile, C:\Users\hp\STM32CubeIDE\workspace_1.18.0\06_HAL_I2C_TEST\MXTmpFiles\gpio.tmp_save
2026-05-11 12:03:20,489 [INFO] CodeEngine:287 - Generated code: C:\Users\hp\STM32CubeIDE\workspace_1.18.0\06_HAL_I2C_TEST\MXTmpFiles\gpio.tmp
2026-05-11 12:03:20,878 [WARN] IPConfigManager:3174 - Warning: the RefConfig PWREx_EnableUSBVoltageDetector is not available in your config.xml file
2026-05-11 12:03:20,926 [INFO] CodeEngine:263 - oldGeneratedFile, C:\Users\hp\STM32CubeIDE\workspace_1.18.0\06_HAL_I2C_TEST\MXTmpFiles\usb_otg_fs_vars.tmp_save
2026-05-11 12:03:21,202 [INFO] CodeEngine:287 - Generated code: C:\Users\hp\STM32CubeIDE\workspace_1.18.0\06_HAL_I2C_TEST\MXTmpFiles\usb_otg_fs_vars.tmp
2026-05-11 12:03:21,223 [INFO] CodeEngine:263 - oldGeneratedFile, C:\Users\hp\STM32CubeIDE\workspace_1.18.0\06_HAL_I2C_TEST\MXTmpFiles\usb_otg_fs_inc.tmp_save
2026-05-11 12:03:21,421 [INFO] CodeEngine:287 - Generated code: C:\Users\hp\STM32CubeIDE\workspace_1.18.0\06_HAL_I2C_TEST\MXTmpFiles\usb_otg_fs_inc.tmp
2026-05-11 12:03:21,442 [INFO] CodeEngine:263 - oldGeneratedFile, C:\Users\hp\STM32CubeIDE\workspace_1.18.0\06_HAL_I2C_TEST\MXTmpFiles\usb_otg_fs_HalInit.tmp_save
2026-05-11 12:03:21,705 [INFO] CodeEngine:287 - Generated code: C:\Users\hp\STM32CubeIDE\workspace_1.18.0\06_HAL_I2C_TEST\MXTmpFiles\usb_otg_fs_HalInit.tmp
2026-05-11 12:03:21,727 [INFO] CodeEngine:263 - oldGeneratedFile, C:\Users\hp\STM32CubeIDE\workspace_1.18.0\06_HAL_I2C_TEST\MXTmpFiles\usb_otg_fs_Msp.tmp_save
2026-05-11 12:03:22,327 [INFO] CodeEngine:287 - Generated code: C:\Users\hp\STM32CubeIDE\workspace_1.18.0\06_HAL_I2C_TEST\MXTmpFiles\usb_otg_fs_Msp.tmp
2026-05-11 12:03:23,806 [INFO] CodeEngine:263 - oldGeneratedFile, C:\Users\hp\STM32CubeIDE\workspace_1.18.0\06_HAL_I2C_TEST\USB_HOST\App\usb_host.c_save
2026-05-11 12:03:24,170 [INFO] CodeEngine:287 - Generated code: C:\Users\hp\STM32CubeIDE\workspace_1.18.0\06_HAL_I2C_TEST\USB_HOST\App\usb_host.c
2026-05-11 12:03:24,213 [INFO] CodeEngine:263 - oldGeneratedFile, C:\Users\hp\STM32CubeIDE\workspace_1.18.0\06_HAL_I2C_TEST\USB_HOST\App\usb_host.h_save
2026-05-11 12:03:24,392 [INFO] CodeEngine:287 - Generated code: C:\Users\hp\STM32CubeIDE\workspace_1.18.0\06_HAL_I2C_TEST\USB_HOST\App\usb_host.h
2026-05-11 12:03:24,412 [INFO] CodeEngine:263 - oldGeneratedFile, C:\Users\hp\STM32CubeIDE\workspace_1.18.0\06_HAL_I2C_TEST\USB_HOST\Target\usbh_conf.h_save
2026-05-11 12:03:24,634 [INFO] CodeEngine:287 - Generated code: C:\Users\hp\STM32CubeIDE\workspace_1.18.0\06_HAL_I2C_TEST\USB_HOST\Target\usbh_conf.h
2026-05-11 12:03:24,657 [INFO] CodeEngine:263 - oldGeneratedFile, C:\Users\hp\STM32CubeIDE\workspace_1.18.0\06_HAL_I2C_TEST\USB_HOST\Target\usbh_conf.c_save
2026-05-11 12:03:25,215 [INFO] CodeEngine:287 - Generated code: C:\Users\hp\STM32CubeIDE\workspace_1.18.0\06_HAL_I2C_TEST\USB_HOST\Target\usbh_conf.c
2026-05-11 12:03:25,240 [INFO] CodeEngine:263 - oldGeneratedFile, C:\Users\hp\STM32CubeIDE\workspace_1.18.0\06_HAL_I2C_TEST\USB_HOST\Target\usbh_platform.c_save
2026-05-11 12:03:25,526 [INFO] CodeEngine:287 - Generated code: C:\Users\hp\STM32CubeIDE\workspace_1.18.0\06_HAL_I2C_TEST\USB_HOST\Target\usbh_platform.c
2026-05-11 12:03:25,543 [INFO] CodeEngine:263 - oldGeneratedFile, C:\Users\hp\STM32CubeIDE\workspace_1.18.0\06_HAL_I2C_TEST\USB_HOST\Target\usbh_platform.h_save
2026-05-11 12:03:25,697 [INFO] CodeEngine:287 - Generated code: C:\Users\hp\STM32CubeIDE\workspace_1.18.0\06_HAL_I2C_TEST\USB_HOST\Target\usbh_platform.h
2026-05-11 12:03:25,747 [INFO] CodeEngine:263 - oldGeneratedFile, C:\Users\hp\STM32CubeIDE\workspace_1.18.0\06_HAL_I2C_TEST\Core\Src\stm32f4xx_it.c_save
2026-05-11 12:03:25,983 [INFO] CodeEngine:287 - Generated code: C:\Users\hp\STM32CubeIDE\workspace_1.18.0\06_HAL_I2C_TEST\Core\Src\stm32f4xx_it.c
2026-05-11 12:03:26,003 [INFO] CodeEngine:263 - oldGeneratedFile, C:\Users\hp\STM32CubeIDE\workspace_1.18.0\06_HAL_I2C_TEST\Core\Inc\stm32f4xx_it.h_save
2026-05-11 12:03:26,194 [INFO] CodeEngine:287 - Generated code: C:\Users\hp\STM32CubeIDE\workspace_1.18.0\06_HAL_I2C_TEST\Core\Inc\stm32f4xx_it.h
2026-05-11 12:03:26,267 [INFO] CodeEngine:263 - oldGeneratedFile, C:\Users\hp\STM32CubeIDE\workspace_1.18.0\06_HAL_I2C_TEST\Core\Src\stm32f4xx_hal_msp.c_save
2026-05-11 12:03:26,569 [INFO] CodeEngine:287 - Generated code: C:\Users\hp\STM32CubeIDE\workspace_1.18.0\06_HAL_I2C_TEST\Core\Src\stm32f4xx_hal_msp.c
2026-05-11 12:03:26,589 [INFO] CodeEngine:263 - oldGeneratedFile, C:\Users\hp\STM32CubeIDE\workspace_1.18.0\06_HAL_I2C_TEST\MXTmpFiles\system.tmp_save
2026-05-11 12:03:26,708 [INFO] CodeEngine:287 - Generated code: C:\Users\hp\STM32CubeIDE\workspace_1.18.0\06_HAL_I2C_TEST\MXTmpFiles\system.tmp
2026-05-11 12:03:26,764 [INFO] CodeEngine:319 - oldGeneratedFile, C:\Users\hp\STM32CubeIDE\workspace_1.18.0\06_HAL_I2C_TEST\Core\Inc\stm32f4xx_hal_conf.h_save
2026-05-11 12:03:26,933 [INFO] CodeEngine:343 - Generated code: C:\Users\hp\STM32CubeIDE\workspace_1.18.0\06_HAL_I2C_TEST\Core\Inc\stm32f4xx_hal_conf.h
2026-05-11 12:03:27,078 [INFO] ApiDbMcu:508 - Load IP Config File for I2C1
2026-05-11 12:03:27,093 [INFO] ApiDbMcu:508 - Load IP Config File for I2S3
2026-05-11 12:03:27,162 [INFO] ApiDbMcu:508 - Load IP Config File for SPI1
2026-05-11 12:03:27,183 [INFO] ApiDbMcu:508 - Load IP Config File for RCC
2026-05-11 12:03:27,231 [INFO] CodeEngine:263 - oldGeneratedFile, C:\Users\hp\STM32CubeIDE\workspace_1.18.0\06_HAL_I2C_TEST\Core\Inc\main.h_save
2026-05-11 12:03:27,440 [INFO] CodeEngine:287 - Generated code: C:\Users\hp\STM32CubeIDE\workspace_1.18.0\06_HAL_I2C_TEST\Core\Inc\main.h
2026-05-11 12:03:27,459 [INFO] CodeEngine:263 - oldGeneratedFile, C:\Users\hp\STM32CubeIDE\workspace_1.18.0\06_HAL_I2C_TEST\Core\Src\main.c_save
2026-05-11 12:03:27,769 [INFO] CodeEngine:287 - Generated code: C:\Users\hp\STM32CubeIDE\workspace_1.18.0\06_HAL_I2C_TEST\Core\Src\main.c
2026-05-11 12:03:41,658 [INFO] ProjectBuilder:3324 - Time for Copy HAL[1] : 13339mS.
2026-05-11 12:03:41,722 [INFO] ProjectBuilder:4912 - Project Generator version: 4.6.0-B36
2026-05-11 12:03:42,052 [INFO] ConfigFileManager:1590 - The Die is : DIE413
2026-05-11 12:03:42,077 [INFO] ApiDbMcu:508 - Load IP Config File for FATFS
2026-05-11 12:03:42,161 [INFO] ApiDbMcu:508 - Load IP Config File for FREERTOS
2026-05-11 12:03:42,174 [INFO] ApiDbMcu:508 - Load IP Config File for LIBJPEG
2026-05-11 12:03:42,315 [INFO] ApiDbMcu:508 - Load IP Config File for LWIP
2026-05-11 12:03:42,418 [INFO] ApiDbMcu:508 - Load IP Config File for MBEDTLS
2026-05-11 12:03:42,675 [INFO] ApiDbMcu:508 - Load IP Config File for USB_DEVICE
2026-05-11 12:03:45,423 [INFO] LogOutputStream:77 - [STDOUT_REDIRECT] 
2026-05-11 12:04:00,541 [INFO] ProjectBuilder:5191 - Time for Generating toolchain IDE Files: 18819mS.
2026-05-11 12:04:00,550 [INFO] ProjectBuilder:3181 - Time for Copy CMSIS : 7mS.
2026-05-11 12:04:00,885 [INFO] ProjectBuilder:3181 - Time for Copy CMSIS : 0mS.
2026-05-11 12:04:04,104 [INFO] McuFinderGlobals:76 - Set McuFinderConnectedMode to true
2026-05-11 12:04:04,117 [INFO] ApiDb:448 - Save user favorites file C:\Users\hp/.stm32cubeide/favorites.mcus.txt: 0 item(s)
2026-05-11 12:04:04,119 [INFO] ApiDb:452 - User favorites MCUs=[]
2026-05-11 12:04:04,128 [INFO] ApiDb:448 - Save user favorites file C:\Users\hp/.stm32cubeide/favorites.boards.txt: 0 item(s)
2026-05-11 12:04:04,129 [INFO] ApiDb:452 - User favorites Boards=[]
2026-05-11 12:05:38,258 [INFO] UtilMem:75 - End SaveConfig() Used Memory: 903166384 Bytes (1073741824)
2026-05-11 12:05:42,226 [INFO] UtilMem:75 - End SaveConfig() Used Memory: 977088944 Bytes (1073741824)
2026-05-11 12:05:56,362 [INFO] UtilMem:75 - End SaveConfig() Used Memory: 767463096 Bytes (1073741824)
2026-05-11 12:05:56,729 [INFO] ProjectBuilder:2368 - IP not ready for code generation: Clock
2026-05-11 12:06:03,159 [INFO] BlockDiagram:2775 - set Specific Code input for plugin: SYS
2026-05-11 12:06:03,159 [INFO] BlockDiagram:2775 - set Specific Code input for plugin: RCC
2026-05-11 12:06:03,159 [INFO] BlockDiagram:2775 - set Specific Code input for plugin: NVIC
2026-05-11 12:06:03,174 [INFO] CodeGenerator:882 - code generatio: config db path: C:\ST\STM32CubeIDE_1.18.0\STM32CubeIDE\plugins\com.st.stm32cube.common.mx_6.14.0.202502271554\\db\
2026-05-11 12:06:03,424 [INFO] CodeEngine:263 - oldGeneratedFile, C:\Users\hp\STM32CubeIDE\workspace_1.18.0\06_HAL_I2C_TEST\MXTmpFiles\license.tmp_save
2026-05-11 12:06:03,574 [INFO] CodeEngine:287 - Generated code: C:\Users\hp\STM32CubeIDE\workspace_1.18.0\06_HAL_I2C_TEST\MXTmpFiles\license.tmp
2026-05-11 12:06:03,683 [INFO] CodeEngine:263 - oldGeneratedFile, C:\Users\hp\STM32CubeIDE\workspace_1.18.0\06_HAL_I2C_TEST\Core\Src\stm32f4xx_it.c_save
2026-05-11 12:06:04,009 [INFO] CodeEngine:287 - Generated code: C:\Users\hp\STM32CubeIDE\workspace_1.18.0\06_HAL_I2C_TEST\Core\Src\stm32f4xx_it.c
2026-05-11 12:06:04,054 [INFO] CodeEngine:263 - oldGeneratedFile, C:\Users\hp\STM32CubeIDE\workspace_1.18.0\06_HAL_I2C_TEST\Core\Inc\stm32f4xx_it.h_save
2026-05-11 12:06:04,228 [INFO] CodeEngine:287 - Generated code: C:\Users\hp\STM32CubeIDE\workspace_1.18.0\06_HAL_I2C_TEST\Core\Inc\stm32f4xx_it.h
2026-05-11 12:06:04,290 [INFO] CodeEngine:263 - oldGeneratedFile, C:\Users\hp\STM32CubeIDE\workspace_1.18.0\06_HAL_I2C_TEST\Core\Src\stm32f4xx_hal_msp.c_save
2026-05-11 12:06:04,515 [INFO] CodeEngine:287 - Generated code: C:\Users\hp\STM32CubeIDE\workspace_1.18.0\06_HAL_I2C_TEST\Core\Src\stm32f4xx_hal_msp.c
2026-05-11 12:06:04,538 [INFO] CodeEngine:263 - oldGeneratedFile, C:\Users\hp\STM32CubeIDE\workspace_1.18.0\06_HAL_I2C_TEST\MXTmpFiles\system.tmp_save
2026-05-11 12:06:04,659 [INFO] CodeEngine:287 - Generated code: C:\Users\hp\STM32CubeIDE\workspace_1.18.0\06_HAL_I2C_TEST\MXTmpFiles\system.tmp
2026-05-11 12:06:04,702 [INFO] CodeEngine:319 - oldGeneratedFile, C:\Users\hp\STM32CubeIDE\workspace_1.18.0\06_HAL_I2C_TEST\Core\Inc\stm32f4xx_hal_conf.h_save
2026-05-11 12:06:04,875 [INFO] CodeEngine:343 - Generated code: C:\Users\hp\STM32CubeIDE\workspace_1.18.0\06_HAL_I2C_TEST\Core\Inc\stm32f4xx_hal_conf.h
2026-05-11 12:06:05,011 [INFO] CodeEngine:263 - oldGeneratedFile, C:\Users\hp\STM32CubeIDE\workspace_1.18.0\06_HAL_I2C_TEST\Core\Inc\main.h_save
2026-05-11 12:06:05,189 [INFO] CodeEngine:287 - Generated code: C:\Users\hp\STM32CubeIDE\workspace_1.18.0\06_HAL_I2C_TEST\Core\Inc\main.h
2026-05-11 12:06:05,224 [INFO] CodeEngine:263 - oldGeneratedFile, C:\Users\hp\STM32CubeIDE\workspace_1.18.0\06_HAL_I2C_TEST\Core\Src\main.c_save
2026-05-11 12:06:05,491 [INFO] CodeEngine:287 - Generated code: C:\Users\hp\STM32CubeIDE\workspace_1.18.0\06_HAL_I2C_TEST\Core\Src\main.c
2026-05-11 12:06:06,090 [ERROR] ProjectBuilder:7054 - Problem during Copy of File LICENSE.txt
2026-05-11 12:06:07,468 [INFO] ProjectBuilder:3324 - Time for Copy HAL[1] : 1533mS.
2026-05-11 12:06:07,482 [INFO] ProjectBuilder:4912 - Project Generator version: 4.6.0-B36
2026-05-11 12:06:07,669 [INFO] ConfigFileManager:1590 - The Die is : DIE413
2026-05-11 12:06:16,787 [INFO] ProjectBuilder:5191 - Time for Generating toolchain IDE Files: 9304mS.
2026-05-11 12:06:16,790 [INFO] ProjectBuilder:3181 - Time for Copy CMSIS : 3mS.
2026-05-11 12:06:16,796 [INFO] ProjectBuilder:3181 - Time for Copy CMSIS : 0mS.
2026-05-11 12:24:02,869 [INFO] MainUpdater:2872 - connection check result : 10
2026-05-11 12:24:03,629 [INFO] MainUpdater:2872 - connection check result : 10
2026-05-11 12:24:36,333 [INFO] MicroXplorer:468 - Change Database Path : 
2026-05-11 12:24:36,360 [INFO] MicroXplorer:498 - Change Database Version : DB.6.0.140
2026-05-11 12:25:08,205 [ERROR] ProjectManagerView:394 - 
java.lang.NullPointerException: Cannot invoke "javax.swing.JTextField.getText()" because the return value of "java.util.List.get(int)" is null
	at com.st.microxplorer.plugins.projectmanager.gui.ProjectChoiceTab$9.caretUpdate(ProjectChoiceTab.java:2678) ~[filemanager.jar:?]
	at javax.swing.text.JTextComponent.fireCaretUpdate(JTextComponent.java:408) ~[?:?]
	at javax.swing.text.JTextComponent$MutableCaretEvent.fire(JTextComponent.java:4484) ~[?:?]
	at javax.swing.text.JTextComponent$MutableCaretEvent.stateChanged(JTextComponent.java:4506) ~[?:?]
	at javax.swing.text.DefaultCaret.fireStateChanged(DefaultCaret.java:857) ~[?:?]
	at javax.swing.text.DefaultCaret.changeCaretPosition(DefaultCaret.java:1343) ~[?:?]
	at javax.swing.text.DefaultCaret.handleSetDot(DefaultCaret.java:1242) ~[?:?]
	at javax.swing.text.DefaultCaret.setDot(DefaultCaret.java:1223) ~[?:?]
	at javax.swing.text.DefaultCaret$Handler.insertUpdate(DefaultCaret.java:1819) ~[?:?]
	at javax.swing.text.AbstractDocument.fireInsertUpdate(AbstractDocument.java:227) ~[?:?]
	at javax.swing.text.AbstractDocument.handleInsertString(AbstractDocument.java:781) ~[?:?]
	at javax.swing.text.AbstractDocument.insertString(AbstractDocument.java:740) ~[?:?]
	at javax.swing.text.PlainDocument.insertString(PlainDocument.java:131) ~[?:?]
	at javax.swing.text.AbstractDocument.replace(AbstractDocument.java:699) ~[?:?]
	at javax.swing.text.JTextComponent.setText(JTextComponent.java:1725) ~[?:?]
	at com.st.microxplorer.plugins.projectmanager.gui.ProjectChoiceTab.createHeapStackFields(ProjectChoiceTab.java:979) ~[filemanager.jar:?]
	at com.st.microxplorer.plugins.projectmanager.gui.ProjectChoiceTab.buildLinkSettingsPanel(ProjectChoiceTab.java:3766) ~[filemanager.jar:?]
	at com.st.microxplorer.plugins.projectmanager.gui.ProjectChoiceTab.defineWindowsFields(ProjectChoiceTab.java:1962) ~[filemanager.jar:?]
	at com.st.microxplorer.plugins.projectmanager.gui.ProjectChoiceTab.updateSettings(ProjectChoiceTab.java:555) ~[filemanager.jar:?]
	at com.st.microxplorer.plugins.projectmanager.gui.ProjectSettingsPanel.UpdateDialog(ProjectSettingsPanel.java:245) ~[filemanager.jar:?]
	at com.st.microxplorer.plugins.projectmanager.ProjectManagerView.propertyChange(ProjectManagerView.java:391) ~[filemanager.jar:?]
	at java.beans.PropertyChangeSupport.fire(PropertyChangeSupport.java:343) ~[?:?]
	at java.beans.PropertyChangeSupport.firePropertyChange(PropertyChangeSupport.java:335) ~[?:?]
	at java.beans.PropertyChangeSupport.firePropertyChange(PropertyChangeSupport.java:268) ~[?:?]
	at com.st.microxplorer.util.MXPropertyChangeSupport.firePropertyChange(MXPropertyChangeSupport.java:54) ~[STM32CubeMX.jar:?]
	at com.st.microxplorer.mxsystem.MxSystem.closeConfig(MxSystem.java:899) ~[STM32CubeMX.jar:?]
	at com.st.microxplorer.maingui.MainPanel.closeConfig(MainPanel.java:789) ~[STM32CubeMX.jar:?]
	at com.st.microxplorer.plugins.filemanager.engine.OpenFileManager.loadConfigurationFile(OpenFileManager.java:287) ~[filemanager.jar:?]
	at com.st.microxplorer.plugins.filemanager.engine.MainFileManager.userLoadConfig(MainFileManager.java:341) ~[filemanager.jar:?]
	at com.st.microxplorer.plugins.filemanager.engine.MainFileManager.userLoadConfig(MainFileManager.java:319) ~[filemanager.jar:?]
	at com.st.microxplorer.plugins.filemanager.FileManagerView.getSpecificTask(FileManagerView.java:246) ~[filemanager.jar:?]
	at com.st.stm32cube.common.mx.editor.CubeMxEditor.getMxTabbedPaneInstance(CubeMxEditor.java:1198) ~[com.st.stm32cube.common.mx_6.14.0.202502271554/:?]
	at com.st.stm32cube.common.mx.editor.CubeMxEditor$12$1.createSwingComponent(CubeMxEditor.java:1068) ~[com.st.stm32cube.common.mx_6.14.0.202502271554/:?]
	at com.st.stm32cube.common.mx.oss.core.awtswtbridge.EmbeddedSwingComposite.doComponentCreation(EmbeddedSwingComposite.java:492) ~[com.st.stm32cube.common.mx.oss_6.14.0.202502271554/:?]
	at com.st.stm32cube.common.mx.oss.core.awtswtbridge.EmbeddedSwingComposite$4.run(EmbeddedSwingComposite.java:291) ~[com.st.stm32cube.common.mx.oss_6.14.0.202502271554/:?]
	at com.st.stm32cube.common.mx.oss.core.awtswtbridge.AwtEnvironment$2.run(AwtEnvironment.java:166) ~[com.st.stm32cube.common.mx.oss_6.14.0.202502271554/:?]
	at java.awt.event.InvocationEvent.dispatch(InvocationEvent.java:318) ~[?:?]
	at java.awt.EventQueue.dispatchEventImpl(EventQueue.java:773) ~[?:?]
	at java.awt.EventQueue$4.run(EventQueue.java:720) ~[?:?]
	at java.awt.EventQueue$4.run(EventQueue.java:714) ~[?:?]
	at java.security.AccessController.doPrivileged(AccessController.java:400) ~[?:?]
	at java.security.ProtectionDomain$JavaSecurityAccessImpl.doIntersectionPrivilege(ProtectionDomain.java:87) ~[?:?]
	at java.awt.EventQueue.dispatchEvent(EventQueue.java:742) ~[?:?]
	at java.awt.EventDispatchThread.pumpOneEventForFilters(EventDispatchThread.java:203) ~[?:?]
	at java.awt.EventDispatchThread.pumpEventsForFilter(EventDispatchThread.java:124) ~[?:?]
	at java.awt.EventDispatchThread.pumpEventsForHierarchy(EventDispatchThread.java:113) ~[?:?]
	at java.awt.EventDispatchThread.pumpEvents(EventDispatchThread.java:109) ~[?:?]
	at java.awt.EventDispatchThread.pumpEvents(EventDispatchThread.java:101) ~[?:?]
	at java.awt.EventDispatchThread.run(EventDispatchThread.java:90) ~[?:?]
2026-05-11 12:25:14,614 [WARN] ThirdParty:871 - waiting for thirdparty lock release [close project]
2026-05-11 12:25:14,614 [INFO] ThirdParty:873 - entering critical section [close project]
2026-05-11 12:25:15,446 [INFO] ThirdParty:883 - exiting critical section [close project]
2026-05-11 12:25:18,548 [INFO] PinOutPanel:1589 - setPackage(No Configuration,No Configuration)
2026-05-11 12:25:30,193 [WARN] IpParametersView:155 - Warning: This peripheral hasn't parameters
2026-05-11 12:25:35,789 [WARN] MainPanel:289 - <html><b><center>Warning: This peripheral has no parameters to be configured<br></b></html>
2026-05-11 12:25:45,484 [INFO] UtilMem:75 - Begin LoadConfig() Used Memory: 710992256 Bytes (1073741824)
2026-05-11 12:25:45,608 [INFO] MicroXplorer:468 - Change Database Path : 
2026-05-11 12:25:45,609 [INFO] MicroXplorer:498 - Change Database Version : DB.6.0.140
2026-05-11 12:25:45,621 [INFO] OpenFileManager:354 - Change cursor
2026-05-11 12:25:48,884 [INFO] RulesReader:64 - Compatibility file has been processed (301 Rules)
2026-05-11 12:25:50,718 [INFO] Mcu:2011 - Initializing MCU STM32F407V(E-G)Tx STM32F407VGTx STM32F407VGT6
2026-05-11 12:27:00,474 [INFO] Context:756 - Trying to add GPIOservice into a context  which must be forbidden
2026-05-11 12:27:30,676 [INFO] ImportTextPane:218 - (OptionalMessage_ERROR) Pin7 (VP_RIF_VS_RIF1) cannot be retrieved for this MCU
2026-05-11 12:27:40,601 [INFO] RtosManager:558 - Registered RTOS mode: class=CMSIS, group=RTOS, mode=CMSIS_V1, owner=FREERTOS
2026-05-11 12:27:40,601 [INFO] RtosManager:558 - Registered RTOS mode: class=CMSIS, group=RTOS2, mode=CMSIS_V2, owner=FREERTOS
2026-05-11 12:27:40,601 [INFO] RtosManager:558 - Registered RTOS mode: class=RTOS, group=Core, mode=CMSIS_V1, owner=FREERTOS
2026-05-11 12:27:40,601 [INFO] RtosManager:558 - Registered RTOS mode: class=RTOS, group=Core, mode=CMSIS_V2, owner=FREERTOS
2026-05-11 12:27:40,601 [WARN] ModelIntegratedComponent:184 - Missing modes for component STMicroelectronics:FreeRTOS:0.0.1:STMicroelectronics:RTOS:FreeRTOS:Core:::10.2.0:
2026-05-11 12:27:40,668 [WARN] ModelIntegratedComponent:63 - No mode defined for component null
2026-05-11 12:27:40,668 [WARN] ModelIntegratedComponent:63 - No mode defined for component null
2026-05-11 12:27:40,668 [WARN] ModelIntegratedComponent:63 - No mode defined for component null
2026-05-11 12:27:40,668 [WARN] ModelIntegratedComponent:63 - No mode defined for component null
2026-05-11 12:27:40,669 [WARN] ModelIntegratedComponent:63 - No mode defined for component null
2026-05-11 12:27:40,669 [WARN] ModelIntegratedComponent:63 - No mode defined for component null
2026-05-11 12:27:40,669 [WARN] ModelIntegratedComponent:63 - No mode defined for component null
2026-05-11 12:27:40,669 [WARN] ModelIntegratedComponent:63 - No mode defined for component null
2026-05-11 12:27:40,669 [WARN] ModelIntegratedComponent:63 - No mode defined for component null
2026-05-11 12:27:40,669 [WARN] ModelIntegratedComponent:63 - No mode defined for component null
2026-05-11 12:27:40,669 [WARN] ModelIntegratedComponent:63 - No mode defined for component null
2026-05-11 12:27:40,669 [WARN] ModelIntegratedComponent:63 - No mode defined for component null
2026-05-11 12:27:40,670 [WARN] ModelIntegratedComponent:63 - No mode defined for component null
2026-05-11 12:27:40,670 [WARN] ModelIntegratedComponent:63 - No mode defined for component null
2026-05-11 12:27:40,670 [WARN] ModelIntegratedComponent:63 - No mode defined for component null
2026-05-11 12:27:40,670 [WARN] ModelIntegratedComponent:63 - No mode defined for component null
2026-05-11 12:27:40,670 [WARN] ModelIntegratedComponent:63 - No mode defined for component null
2026-05-11 12:27:40,671 [WARN] ModelIntegratedComponent:63 - No mode defined for component null
2026-05-11 12:27:40,671 [WARN] ModelIntegratedComponent:63 - No mode defined for component null
2026-05-11 12:27:40,671 [WARN] ModelIntegratedComponent:63 - No mode defined for component null
2026-05-11 12:27:40,672 [WARN] ModelIntegratedComponent:63 - No mode defined for component null
2026-05-11 12:27:40,672 [WARN] ModelIntegratedComponent:63 - No mode defined for component null
2026-05-11 12:27:40,672 [WARN] ModelIntegratedComponent:63 - No mode defined for component null
2026-05-11 12:27:40,672 [WARN] ModelIntegratedComponent:63 - No mode defined for component null
2026-05-11 12:27:40,673 [WARN] ModelIntegratedComponent:63 - No mode defined for component null
2026-05-11 12:27:40,673 [WARN] ModelIntegratedComponent:63 - No mode defined for component null
2026-05-11 12:27:40,673 [WARN] ModelIntegratedComponent:63 - No mode defined for component null
2026-05-11 12:27:40,673 [WARN] ModelIntegratedComponent:63 - No mode defined for component null
2026-05-11 12:27:40,673 [WARN] ModelIntegratedComponent:63 - No mode defined for component null
2026-05-11 12:27:40,674 [WARN] ModelIntegratedComponent:63 - No mode defined for component null
2026-05-11 12:27:40,674 [WARN] ModelIntegratedComponent:63 - No mode defined for component null
2026-05-11 12:27:40,674 [WARN] ModelIntegratedComponent:63 - No mode defined for component null
2026-05-11 12:27:40,674 [WARN] ModelIntegratedComponent:63 - No mode defined for component null
2026-05-11 12:27:40,674 [WARN] ModelIntegratedComponent:63 - No mode defined for component null
2026-05-11 12:27:40,675 [WARN] ModelIntegratedComponent:63 - No mode defined for component null
2026-05-11 12:27:40,675 [WARN] ModelPack:524 - Component already loaded: STMicroelectronics:HAL Drivers:0.0.0:STMicroelectronics:Device:STMicro_Driver:XSPI:HAL::0.0.1:HAL_XSPI
2026-05-11 12:27:44,352 [INFO] ThirdPartyModel:298 - Start build external matchings
2026-05-11 12:28:06,326 [INFO] ThirdPartyModel:316 - End build external matchings
2026-05-11 12:28:07,054 [INFO] ImportTextPane:218 - (OptionalMessage_ERROR) IP (RCC) : Parameter (RTCHSEDivFreq_Value) has invalid value (4000000)
2026-05-11 12:28:14,739 [INFO] UtilMem:75 - End LoadConfig() Used Memory: 738282176 Bytes (1073741824)
2026-05-11 12:28:17,709 [WARN] ThirdParty:833 - waiting for thirdparty lock release [change project]
2026-05-11 12:28:17,710 [INFO] ThirdParty:835 - entering critical section [change project]
2026-05-11 12:28:17,710 [INFO] ThirdParty:1030 - CMSIS Pack Vendor :STMicroelectronics X-CUBE-AZRTOS-H7 3.5.0
2026-05-11 12:28:17,710 [INFO] ThirdParty:1030 - CMSIS Pack Vendor :STMicroelectronics X-CUBE-PM33A1 1.0.0
2026-05-11 12:28:17,710 [INFO] ThirdParty:1030 - CMSIS Pack Vendor :STMicroelectronics USBPD 4.1
2026-05-11 12:28:17,710 [INFO] ThirdParty:1030 - CMSIS Pack Vendor :STMicroelectronics X-CUBE-NFC9 1.0.0
2026-05-11 12:28:17,710 [INFO] ThirdParty:1030 - CMSIS Pack Vendor :STMicroelectronics USB_HOST 2.0.0
2026-05-11 12:28:17,710 [INFO] ThirdParty:1030 - CMSIS Pack Vendor :STMicroelectronics X-CUBE-AZRTOS-F4 1.1.0
2026-05-11 12:28:17,710 [INFO] ThirdParty:1030 - CMSIS Pack Vendor :STMicroelectronics LIBJPEG 8.0.0
2026-05-11 12:28:17,711 [INFO] ThirdParty:1030 - CMSIS Pack Vendor :STMicroelectronics FP-ATR-ASTRA1 2.0.2
2026-05-11 12:28:17,711 [INFO] ThirdParty:1030 - CMSIS Pack Vendor :STMicroelectronics X-CUBE-BLE1 7.1.0
2026-05-11 12:28:17,711 [INFO] ThirdParty:1030 - CMSIS Pack Vendor :STMicroelectronics X-CUBE-SMBUS 2.1.0
2026-05-11 12:28:17,711 [INFO] ThirdParty:1030 - CMSIS Pack Vendor :wolfSSL I-CUBE-wolfMQTT 1.19.2
2026-05-11 12:28:17,711 [INFO] ThirdParty:1030 - CMSIS Pack Vendor :STMicroelectronics USB_DEVICE 3.0.0
2026-05-11 12:28:17,711 [INFO] ThirdParty:1030 - CMSIS Pack Vendor :STMicroelectronics X-CUBE-ISPU 2.1.0
2026-05-11 12:28:17,711 [INFO] ThirdParty:1030 - CMSIS Pack Vendor :STMicroelectronics X-CUBE-EEPRMA1 5.2.0
2026-05-11 12:28:17,711 [INFO] ThirdParty:1030 - CMSIS Pack Vendor :STMicroelectronics X-CUBE-BLEMGR 4.1.0
2026-05-11 12:28:17,711 [INFO] ThirdParty:1030 - CMSIS Pack Vendor :STMicroelectronics eDS-WB_DPC_TT-BIDIR 2.1.1
2026-05-11 12:28:17,711 [INFO] ThirdParty:1030 - CMSIS Pack Vendor :STMicroelectronics X-CUBE-AZRTOS-WB 2.0.0
2026-05-11 12:28:17,711 [INFO] ThirdParty:1030 - CMSIS Pack Vendor :wolfSSL I-CUBE-wolfSSL 5.8.4
2026-05-11 12:28:17,711 [INFO] ThirdParty:1030 - CMSIS Pack Vendor :STMicroelectronics X-CUBE-NFC12 1.0.0
2026-05-11 12:28:17,711 [INFO] ThirdParty:1030 - CMSIS Pack Vendor :STMicroelectronics X-CUBE-AZRTOS-F7 1.1.0
2026-05-11 12:28:17,711 [INFO] ThirdParty:1030 - CMSIS Pack Vendor :STMicroelectronics X-CUBE-AZRTOS-L5 2.0.0
2026-05-11 12:28:17,711 [INFO] ThirdParty:1030 - CMSIS Pack Vendor :STMicroelectronics USB_DEVICE 2.0.0
2026-05-11 12:28:17,711 [INFO] ThirdParty:1030 - CMSIS Pack Vendor :quantropi X-CUBE-qispace-sdk-base 2.1.0
2026-05-11 12:28:17,711 [INFO] ThirdParty:1030 - CMSIS Pack Vendor :STMicroelectronics X-CUBE-MEMS1 12.0.0
2026-05-11 12:28:17,711 [INFO] ThirdParty:1030 - CMSIS Pack Vendor :STMicroelectronics X-CUBE-STSE01 2.0.0
2026-05-11 12:28:17,712 [INFO] ThirdParty:1030 - CMSIS Pack Vendor :STMicroelectronics FreeRTOS 0.0.1
2026-05-11 12:28:17,819 [INFO] ThirdParty:1030 - CMSIS Pack Vendor :STMicroelectronics X-CUBE-AZRTOS-G0 1.1.0
2026-05-11 12:28:17,819 [INFO] ThirdParty:1030 - CMSIS Pack Vendor :STMicroelectronics X-CUBE-NFC4 3.0.0
2026-05-11 12:28:17,819 [INFO] ThirdParty:1030 - CMSIS Pack Vendor :STMicroelectronics X-CUBE-SUBG2 5.0.0
2026-05-11 12:28:17,819 [INFO] ThirdParty:1030 - CMSIS Pack Vendor :STMicroelectronics STM32_WPAN 1.0.0
2026-05-11 12:28:17,819 [INFO] ThirdParty:1030 - CMSIS Pack Vendor :STMicroelectronics eDS-WB_DPC_VIENNA 1.2.0
2026-05-11 12:28:17,819 [INFO] ThirdParty:1030 - CMSIS Pack Vendor :EmbeddedOffice I-CUBE-FS-RTOS 1.0.1
2026-05-11 12:28:17,819 [INFO] ThirdParty:1030 - CMSIS Pack Vendor :STMicroelectronics lwIP 2.0.3
2026-05-11 12:28:17,819 [INFO] ThirdParty:1030 - CMSIS Pack Vendor :STMicroelectronics eDS-WB_DPC_3PH2L-BIDIR 1.1.1
2026-05-11 12:28:17,819 [INFO] ThirdParty:1030 - CMSIS Pack Vendor :STMicroelectronics USB_HOST 1.0.0
2026-05-11 12:28:17,820 [INFO] ThirdParty:1030 - CMSIS Pack Vendor :STMicroelectronics X-CUBE-AZRTOS-G4 2.0.0
2026-05-11 12:28:17,821 [INFO] ThirdParty:1030 - CMSIS Pack Vendor :STMicroelectronics PDM2PCM 3.1.0
2026-05-11 12:28:17,821 [INFO] ThirdParty:1030 - CMSIS Pack Vendor :STMicroelectronics PDM2PCM 3.3.0
2026-05-11 12:28:17,821 [INFO] ThirdParty:1030 - CMSIS Pack Vendor :wolfSSL I-CUBE-wolfTPM 3.8.0
2026-05-11 12:28:17,822 [INFO] ThirdParty:1030 - CMSIS Pack Vendor :STMicroelectronics X-CUBE-DISPLAY 3.0.0
2026-05-11 12:28:17,822 [INFO] ThirdParty:1030 - CMSIS Pack Vendor :wolfSSL I-CUBE-wolfSSH 1.4.20
2026-05-11 12:28:17,822 [INFO] ThirdParty:1030 - CMSIS Pack Vendor :STMicroelectronics X-CUBE-NFC7 2.0.0
2026-05-11 12:28:17,822 [INFO] ThirdParty:1030 - CMSIS Pack Vendor :STMicroelectronics X-CUBE-GNSS1 7.1.1
2026-05-11 12:28:17,822 [INFO] ThirdParty:1030 - CMSIS Pack Vendor :STMicroelectronics X-CUBE-TCPP 4.2.0
2026-05-11 12:28:17,822 [INFO] ThirdParty:1030 - CMSIS Pack Vendor :RealThread X-CUBE-RT-Thread_Nano 4.1.1
2026-05-11 12:28:17,823 [INFO] ThirdParty:1030 - CMSIS Pack Vendor :STMicroelectronics FP-ATR-SIGFOX1 3.2.0
2026-05-11 12:28:17,823 [INFO] ThirdParty:1030 - CMSIS Pack Vendor :STMicroelectronics X-CUBE-NFC10 1.0.0
2026-05-11 12:28:17,823 [INFO] ThirdParty:1030 - CMSIS Pack Vendor :STMicroelectronics HAL Drivers 0.0.0
2026-05-11 12:28:17,824 [INFO] ThirdParty:1030 - CMSIS Pack Vendor :STMicroelectronics MBEDTLS 2.16.2
2026-05-11 12:28:17,825 [INFO] ThirdParty:1030 - CMSIS Pack Vendor :STMicroelectronics X-CUBE-ST60 1.1.0
2026-05-11 12:28:17,825 [INFO] ThirdParty:1030 - CMSIS Pack Vendor :STMicroelectronics X-CUBE-ALS 1.0.2
2026-05-11 12:28:17,825 [INFO] ThirdParty:1030 - CMSIS Pack Vendor :emotas I-CUBE-CANOPEN 1.3.0
2026-05-11 12:28:17,825 [INFO] ThirdParty:1030 - CMSIS Pack Vendor :STMicroelectronics MBEDTLS 2.14.1
2026-05-11 12:28:17,825 [INFO] ThirdParty:1030 - CMSIS Pack Vendor :STMicroelectronics X-CUBE-GNSS1 7.1.0
2026-05-11 12:28:17,825 [INFO] ThirdParty:1030 - CMSIS Pack Vendor :ITTIA_DB I-CUBE-ITTIADB 8.9.0
2026-05-11 12:28:17,825 [INFO] ThirdParty:1030 - CMSIS Pack Vendor :Cesanta I-CUBE-Mongoose 7.21.0
2026-05-11 12:28:17,825 [INFO] ThirdParty:1030 - CMSIS Pack Vendor :STMicroelectronics X-CUBE-TOUCHGFX 4.26.1
2026-05-11 12:28:17,825 [INFO] ThirdParty:1030 - CMSIS Pack Vendor :STMicroelectronics X-CUBE-NFC6 3.2.0
2026-05-11 12:28:17,825 [INFO] ThirdParty:1030 - CMSIS Pack Vendor :STMicroelectronics X-CUBE-AI 10.2.0
2026-05-11 12:28:17,826 [INFO] ThirdParty:1030 - CMSIS Pack Vendor :STMicroelectronics FP-SNS-STAIOTCFT 1.0.0
2026-05-11 12:28:17,826 [INFO] ThirdParty:1030 - CMSIS Pack Vendor :STMicroelectronics ThreadX 1.0.0
2026-05-11 12:28:17,826 [INFO] ThirdParty:1030 - CMSIS Pack Vendor :STMicroelectronics FP-SNS-SMARTAG2 1.2.0
2026-05-11 12:28:17,826 [INFO] ThirdParty:1030 - CMSIS Pack Vendor :STMicroelectronics X-CUBE-MEMS1 12.1.0
2026-05-11 12:28:17,826 [INFO] ThirdParty:1030 - CMSIS Pack Vendor :STMicroelectronics FP-SNS-FLIGHT1 5.1.0
2026-05-11 12:28:17,826 [INFO] ThirdParty:1030 - CMSIS Pack Vendor :STMicroelectronics X-CUBE-AZRTOS-WL 2.0.0
2026-05-11 12:28:17,826 [INFO] ThirdParty:1030 - CMSIS Pack Vendor :SEGGER I-CUBE-embOS 1.3.1
2026-05-11 12:28:17,826 [INFO] ThirdParty:1030 - CMSIS Pack Vendor :STMicroelectronics X-CUBE-ALGOBUILD 1.4.0
2026-05-11 12:28:17,826 [INFO] ThirdParty:1030 - CMSIS Pack Vendor :STMicroelectronics X-CUBE-DPower 1.3.0
2026-05-11 12:28:17,826 [INFO] ThirdParty:1030 - CMSIS Pack Vendor :STMicroelectronics USB_DEVICE 1.0.0
2026-05-11 12:28:17,827 [INFO] ThirdParty:1030 - CMSIS Pack Vendor :STMicroelectronics X-CUBE-AZRTOS-H7RS 1.2.0
2026-05-11 12:28:17,827 [INFO] ThirdParty:1030 - CMSIS Pack Vendor :STMicroelectronics X-CUBE-AZRTOS-L4 2.0.0
2026-05-11 12:28:17,827 [INFO] ThirdParty:1030 - CMSIS Pack Vendor :STMicroelectronics ThreadX 0.0.2
2026-05-11 12:28:17,827 [INFO] ThirdParty:1030 - CMSIS Pack Vendor :STMicroelectronics lwIP 2.1.2
2026-05-11 12:28:17,827 [INFO] ThirdParty:1030 - CMSIS Pack Vendor :STMicroelectronics X-CUBE-SFXS2LP1 4.0.0
2026-05-11 12:28:17,827 [INFO] ThirdParty:1030 - CMSIS Pack Vendor :STMicroelectronics X-CUBE-BLE2 3.3.0
2026-05-11 12:28:17,827 [INFO] ThirdParty:1030 - CMSIS Pack Vendor :Avnet-IOTCONNECT X-CUBE-iotc-st67-sdk 1.0.0
2026-05-11 12:28:17,827 [INFO] ThirdParty:1030 - CMSIS Pack Vendor :STMicroelectronics X-CUBE-TOF1 3.4.3
2026-05-11 12:28:17,827 [INFO] ThirdParty:1030 - CMSIS Pack Vendor :Infineon AIROC-Wi-Fi-Bluetooth-STM32 1.8.0
2026-05-11 12:28:17,827 [INFO] ThirdParty:1030 - CMSIS Pack Vendor :STMicroelectronics PDM2PCM 3.2.0
2026-05-11 12:28:17,828 [INFO] ThirdParty:1030 - CMSIS Pack Vendor :STMicroelectronics X-CUBE-WB05N 2.1.0
2026-05-11 12:28:17,828 [INFO] ThirdParty:841 - exiting critical section [change project]
2026-05-11 12:28:43,045 [INFO] PinOutPanel:1589 - setPackage(No Configuration,No Configuration)
2026-05-11 12:28:43,612 [INFO] PinOutPanel:1589 - setPackage(STM32F407VGTx,LQFP100)
2026-05-11 12:28:55,099 [INFO] UtilMem:75 - Before build in PCC Used Memory: 761882824 Bytes (1073741824)
2026-05-11 12:29:01,618 [INFO] UtilMem:75 - After build in PCC Used Memory: 760284520 Bytes (1073741824)
2026-05-11 12:29:02,011 [INFO] IPUIPlugin:80 - create IPUIPlugin
2026-05-11 12:29:02,012 [INFO] IPUIPlugin:80 - create IPUIPlugin
2026-05-11 12:29:02,012 [INFO] IPUIPlugin:80 - create IPUIPlugin
2026-05-11 12:29:02,013 [INFO] IPUIPlugin:80 - create IPUIPlugin
2026-05-11 12:29:02,014 [INFO] IPUIPlugin:80 - create IPUIPlugin
2026-05-11 12:29:02,039 [INFO] IPUIPlugin:80 - create IPUIPlugin
2026-05-11 12:29:02,040 [INFO] IPUIPlugin:80 - create IPUIPlugin
2026-05-11 12:29:02,041 [INFO] IPUIPlugin:80 - create IPUIPlugin
2026-05-11 12:29:02,041 [INFO] IPUIPlugin:80 - create IPUIPlugin
2026-05-11 12:29:02,115 [INFO] IPUIPlugin:80 - create IPUIPlugin
2026-05-11 12:29:02,117 [INFO] IPUIPlugin:80 - create IPUIPlugin
2026-05-11 12:29:02,149 [INFO] IPUIPlugin:80 - create IPUIPlugin
2026-05-11 12:29:02,203 [INFO] IPUIPlugin:80 - create IPUIPlugin
2026-05-11 12:29:02,204 [INFO] IPUIPlugin:80 - create IPUIPlugin
2026-05-11 12:29:02,205 [INFO] IPUIPlugin:80 - create IPUIPlugin
2026-05-11 12:29:02,205 [INFO] IPUIPlugin:80 - create IPUIPlugin
2026-05-11 12:29:02,205 [INFO] IPUIPlugin:80 - create IPUIPlugin
2026-05-11 12:29:02,205 [INFO] IPUIPlugin:80 - create IPUIPlugin
2026-05-11 12:29:02,206 [INFO] IPUIPlugin:80 - create IPUIPlugin
2026-05-11 12:29:02,206 [INFO] IPUIPlugin:80 - create IPUIPlugin
2026-05-11 12:29:02,206 [INFO] IPUIPlugin:80 - create IPUIPlugin
2026-05-11 12:29:02,206 [INFO] IPUIPlugin:80 - create IPUIPlugin
2026-05-11 12:29:02,207 [INFO] IPUIPlugin:80 - create IPUIPlugin
2026-05-11 12:29:02,207 [INFO] IPUIPlugin:80 - create IPUIPlugin
2026-05-11 12:29:02,207 [INFO] IPUIPlugin:80 - create IPUIPlugin
2026-05-11 12:29:02,208 [INFO] IPUIPlugin:80 - create IPUIPlugin
2026-05-11 12:29:02,208 [INFO] IPUIPlugin:80 - create IPUIPlugin
2026-05-11 12:29:02,208 [INFO] IPUIPlugin:80 - create IPUIPlugin
2026-05-11 12:29:02,209 [INFO] IPUIPlugin:80 - create IPUIPlugin
2026-05-11 12:29:02,209 [INFO] IPUIPlugin:80 - create IPUIPlugin
2026-05-11 12:29:02,209 [INFO] IPUIPlugin:80 - create IPUIPlugin
2026-05-11 12:29:02,210 [INFO] IPUIPlugin:80 - create IPUIPlugin
2026-05-11 12:29:02,210 [INFO] IPUIPlugin:80 - create IPUIPlugin
2026-05-11 12:29:02,211 [INFO] IPUIPlugin:80 - create IPUIPlugin
2026-05-11 12:29:02,211 [INFO] IPUIPlugin:80 - create IPUIPlugin
2026-05-11 12:29:02,211 [INFO] IPUIPlugin:80 - create IPUIPlugin
2026-05-11 12:29:02,212 [INFO] IPUIPlugin:80 - create IPUIPlugin
2026-05-11 12:29:02,212 [INFO] IPUIPlugin:80 - create IPUIPlugin
2026-05-11 12:29:02,214 [INFO] IPUIPlugin:80 - create IPUIPlugin
2026-05-11 12:29:02,215 [INFO] IPUIPlugin:80 - create IPUIPlugin
2026-05-11 12:29:02,216 [INFO] IPUIPlugin:80 - create IPUIPlugin
2026-05-11 12:29:02,217 [INFO] IPUIPlugin:80 - create IPUIPlugin
2026-05-11 12:29:02,218 [INFO] IPUIPlugin:80 - create IPUIPlugin
2026-05-11 12:29:02,218 [INFO] IPUIPlugin:80 - create IPUIPlugin
2026-05-11 12:29:02,219 [INFO] IPUIPlugin:80 - create IPUIPlugin
2026-05-11 12:29:02,219 [INFO] IPUIPlugin:80 - create IPUIPlugin
2026-05-11 12:29:02,219 [INFO] IPUIPlugin:80 - create IPUIPlugin
2026-05-11 12:29:02,220 [INFO] IPUIPlugin:80 - create IPUIPlugin
2026-05-11 12:29:02,220 [INFO] IPUIPlugin:80 - create IPUIPlugin
2026-05-11 12:29:02,221 [INFO] IPUIPlugin:80 - create IPUIPlugin
2026-05-11 12:29:02,222 [INFO] IPUIPlugin:80 - create IPUIPlugin
2026-05-11 12:29:02,222 [INFO] IPUIPlugin:80 - create IPUIPlugin
2026-05-11 12:29:02,223 [INFO] IPUIPlugin:80 - create IPUIPlugin
2026-05-11 12:29:02,223 [INFO] IPUIPlugin:80 - create IPUIPlugin
2026-05-11 12:29:02,224 [INFO] IPUIPlugin:80 - create IPUIPlugin
2026-05-11 12:29:02,224 [INFO] IPUIPlugin:80 - create IPUIPlugin
2026-05-11 12:29:02,225 [INFO] IPUIPlugin:80 - create IPUIPlugin
2026-05-11 12:29:02,225 [INFO] IPUIPlugin:80 - create IPUIPlugin
2026-05-11 12:29:03,610 [INFO] ApiDbMcu:508 - Load IP Config File for PDM2PCM
2026-05-11 12:29:08,008 [INFO] CADModel:165 - CPN selected for project levelSTM32F407VGT6
2026-05-11 12:29:08,060 [INFO] CADModel:114 - Register for checkConnection events
2026-05-11 12:29:08,386 [INFO] OpenFileManager:385 - Restore cursor
2026-05-11 12:37:12,560 [ERROR] LogOutputStream:75 - [STDERR_REDIRECT] 
2026-05-11 12:38:20,910 [INFO] Activator:176 - 


2026-05-11 12:38:20,916 [INFO] Activator:177 - !SESSION log4j initialized
2026-05-11 12:38:39,959 [INFO] LogOutputStream:77 - [STDOUT_REDIRECT] 
2026-05-11 12:38:45,281 [INFO] ApplicationProperties:184 - Using Application install path: C:\ST\STM32CubeIDE_1.18.0\STM32CubeIDE\plugins\com.st.stm32cube.common.mx_6.14.0.202502271554
2026-05-11 12:38:45,338 [INFO] DbMcusXml:78 - Set database path to: C:\ST\STM32CubeIDE_1.18.0\STM32CubeIDE\plugins\com.st.stm32cube.common.mx_6.14.0.202502271554\\db\/mcu/
2026-05-11 12:38:45,339 [INFO] ApiDb:274 - Set plugin database path to: C:\ST\STM32CubeIDE_1.18.0\STM32CubeIDE\plugins\com.st.stm32cube.common.mx_6.14.0.202502271554\\db\/plugins/boardmanager/
2026-05-11 12:38:45,339 [WARN] ApiDb:259 - Overriding images path with different value:  => C:\ST\STM32CubeIDE_1.18.0\STM32CubeIDE\plugins\com.st.stm32cube.common.mx_6.14.0.202502271554\\db\/plugins/mcufinder/images/
2026-05-11 12:38:45,369 [INFO] ApiDb:250 - Set database path to: C:\Users\hp\.stmcufinder\plugins\mcufinder//mcu/
2026-05-11 12:38:45,372 [INFO] DbMcusAds:125 - Set database path to: C:\Users\hp\.stmcufinder\plugins\mcufinder//mcu/
2026-05-11 12:38:45,381 [INFO] CrossReferenceDbSqlite:203 - Set database path to: C:\Users\hp\.stmcufinder\plugins\mcufinder//mcu/cs/
2026-05-11 12:38:45,694 [INFO] RulesReader:64 - Compatibility file has been processed (301 Rules)
2026-05-11 12:38:46,074 [INFO] DbMcusXml:78 - Set database path to: C:\ST\STM32CubeIDE_1.18.0\STM32CubeIDE\plugins\com.st.stm32cube.common.mx_6.14.0.202502271554\\db\/mcu/
2026-05-11 12:38:46,074 [INFO] ApiDb:274 - Set plugin database path to: C:\ST\STM32CubeIDE_1.18.0\STM32CubeIDE\plugins\com.st.stm32cube.common.mx_6.14.0.202502271554\\db\/plugins/boardmanager/
2026-05-11 12:38:46,075 [INFO] ApiDb:261 - Set plugin images path to: C:\ST\STM32CubeIDE_1.18.0\STM32CubeIDE\plugins\com.st.stm32cube.common.mx_6.14.0.202502271554\\db\/plugins/mcufinder/images/
2026-05-11 12:38:46,075 [WARN] DbFile:41 - Overriding database path with different value: C:\Users\hp\.stmcufinder\plugins\mcufinder/ => C:\Users\hp\.stmcufinder\plugins\mcufinder
2026-05-11 12:38:46,076 [INFO] ApiDb:250 - Set database path to: C:\Users\hp\.stmcufinder\plugins\mcufinder//mcu/
2026-05-11 12:38:46,077 [WARN] DbFile:41 - Overriding database path with different value: C:\Users\hp\.stmcufinder\plugins\mcufinder/ => C:\Users\hp\.stmcufinder\plugins\mcufinder
2026-05-11 12:38:46,077 [INFO] DbMcusAds:125 - Set database path to: C:\Users\hp\.stmcufinder\plugins\mcufinder//mcu/
2026-05-11 12:38:46,077 [WARN] DbFile:41 - Overriding database path with different value: C:\Users\hp\.stmcufinder\plugins\mcufinder/ => C:\Users\hp\.stmcufinder\plugins\mcufinder
2026-05-11 12:38:46,077 [WARN] DbFile:41 - Overriding database path with different value: C:\Users\hp\.stmcufinder\plugins\mcufinder/ => C:\Users\hp\.stmcufinder\plugins\mcufinder
2026-05-11 12:38:46,077 [INFO] CrossReferenceDbSqlite:203 - Set database path to: C:\Users\hp\.stmcufinder\plugins\mcufinder//mcu/cs/
2026-05-11 12:38:46,353 [INFO] MainPanel:272 - HeapMemory: 268435456
2026-05-11 12:38:46,803 [INFO] DbMcusXml:78 - Set database path to: C:\ST\STM32CubeIDE_1.18.0\STM32CubeIDE\plugins\com.st.stm32cube.common.mx_6.14.0.202502271554\\db\/mcu/
2026-05-11 12:38:46,804 [INFO] ApiDb:274 - Set plugin database path to: C:\ST\STM32CubeIDE_1.18.0\STM32CubeIDE\plugins\com.st.stm32cube.common.mx_6.14.0.202502271554\\db\/plugins/boardmanager/
2026-05-11 12:38:46,804 [INFO] ApiDb:261 - Set plugin images path to: C:\ST\STM32CubeIDE_1.18.0\STM32CubeIDE\plugins\com.st.stm32cube.common.mx_6.14.0.202502271554\\db\/plugins/mcufinder/images/
2026-05-11 12:38:46,805 [WARN] DbFile:41 - Overriding database path with different value: C:\Users\hp\.stmcufinder\plugins\mcufinder/ => C:\Users\hp\.stmcufinder\plugins\mcufinder
2026-05-11 12:38:46,805 [INFO] ApiDb:250 - Set database path to: C:\Users\hp\.stmcufinder\plugins\mcufinder//mcu/
2026-05-11 12:38:46,805 [WARN] DbFile:41 - Overriding database path with different value: C:\Users\hp\.stmcufinder\plugins\mcufinder/ => C:\Users\hp\.stmcufinder\plugins\mcufinder
2026-05-11 12:38:46,805 [INFO] DbMcusAds:125 - Set database path to: C:\Users\hp\.stmcufinder\plugins\mcufinder//mcu/
2026-05-11 12:38:46,806 [WARN] DbFile:41 - Overriding database path with different value: C:\Users\hp\.stmcufinder\plugins\mcufinder/ => C:\Users\hp\.stmcufinder\plugins\mcufinder
2026-05-11 12:38:46,806 [WARN] DbFile:41 - Overriding database path with different value: C:\Users\hp\.stmcufinder\plugins\mcufinder/ => C:\Users\hp\.stmcufinder\plugins\mcufinder
2026-05-11 12:38:46,806 [INFO] CrossReferenceDbSqlite:203 - Set database path to: C:\Users\hp\.stmcufinder\plugins\mcufinder//mcu/cs/
2026-05-11 12:38:46,879 [INFO] ApplicationProperties:184 - Using Application install path: C:\ST\STM32CubeIDE_1.18.0\STM32CubeIDE\plugins\com.st.stm32cube.common.mx_6.14.0.202502271554
2026-05-11 12:38:46,883 [INFO] PluginManage:196 - Search for loadable plugins [exclusion list=, ]
2026-05-11 12:38:46,891 [INFO] PluginManage:310 - Check plugin analytics
2026-05-11 12:38:47,587 [INFO] AnalyticsPlugin:253 - Accepted Software Licenses: 
2026-05-11 12:38:47,588 [INFO] AnalyticsPlugin:255 - Accepted CMSIS Pack Licenses: 
2026-05-11 12:38:47,590 [INFO] AnalyticsPlugin:257 - Accepted Firmware Licenses: FW.F4.1.28.0,FW.L4.1.18.0
2026-05-11 12:38:47,607 [INFO] PluginManage:359 - Loaded plugin analytics (category:tool,tabindex:-1)
2026-05-11 12:38:47,609 [INFO] PluginManage:310 - Check plugin cadmodel
2026-05-11 12:38:47,637 [INFO] CADModel:105 - Init CAD model plugin
2026-05-11 12:38:47,638 [INFO] PluginManage:359 - Loaded plugin cadmodel (category:power,tabindex:5)
2026-05-11 12:38:47,639 [INFO] PluginManage:310 - Check plugin clock
2026-05-11 12:38:47,687 [INFO] PluginManage:359 - Loaded plugin clock (category:base,tabindex:2)
2026-05-11 12:38:47,688 [INFO] PluginManage:310 - Check plugin ddr
2026-05-11 12:38:47,701 [INFO] PluginManage:359 - Loaded plugin ddr (category:tool,tabindex:6)
2026-05-11 12:38:47,702 [INFO] PluginManage:310 - Check plugin filemanager
2026-05-11 12:38:48,160 [INFO] PluginManage:359 - Loaded plugin filemanager (category:base,tabindex:10)
2026-05-11 12:38:48,160 [INFO] PluginManage:310 - Check plugin ipmanager
2026-05-11 12:38:48,190 [INFO] PluginManage:359 - Loaded plugin ipmanager (category:base,tabindex:5)
2026-05-11 12:38:48,191 [INFO] PluginManage:310 - Check plugin lpbam
2026-05-11 12:38:48,219 [INFO] PluginManage:359 - Loaded plugin lpbam (category:base,tabindex:0)
2026-05-11 12:38:48,219 [INFO] PluginManage:310 - Check plugin memorymap
2026-05-11 12:38:48,279 [INFO] PluginManage:359 - Loaded plugin memorymap (category:base,tabindex:4)
2026-05-11 12:38:48,279 [INFO] PluginManage:310 - Check plugin pinoutandconfiguration
2026-05-11 12:38:48,313 [INFO] PluginManage:359 - Loaded plugin pinoutandconfiguration (category:base,tabindex:1)
2026-05-11 12:38:48,314 [INFO] PluginManage:310 - Check plugin pinoutconfig
2026-05-11 12:38:48,611 [WARN] SupportedApi:132 - Cannot load RTOS API schema: s4s-elt-must-match.1: The content of 'definitions' must match (annotation?, (simpleType | complexType)?, (unique | key | keyref)*)). A problem was found starting at: attribute.
2026-05-11 12:38:49,161 [INFO] PluginManage:359 - Loaded plugin pinoutconfig (category:base,tabindex:0)
2026-05-11 12:38:49,162 [INFO] PluginManage:310 - Check plugin power
2026-05-11 12:38:49,257 [INFO] PluginManage:359 - Loaded plugin power (category:power,tabindex:4)
2026-05-11 12:38:49,258 [INFO] PluginManage:310 - Check plugin projectmanager
2026-05-11 12:38:49,316 [INFO] PluginManage:359 - Loaded plugin projectmanager (category:projectmanager,tabindex:4)
2026-05-11 12:38:49,317 [INFO] PluginManage:310 - Check plugin rif
2026-05-11 12:38:49,352 [INFO] PluginManage:359 - Loaded plugin rif (category:base,tabindex:3)
2026-05-11 12:38:49,353 [INFO] PluginManage:310 - Check plugin thirdparty
2026-05-11 12:38:49,878 [INFO] PluginManage:359 - Loaded plugin thirdparty (category:base,tabindex:-1)
2026-05-11 12:38:49,877 [WARN] IntegrityCheckThread:84 - waiting for thirdparty lock release [integrity check]
2026-05-11 12:38:49,879 [INFO] IntegrityCheckThread:86 - entering critical section [integrity check]
2026-05-11 12:38:49,879 [INFO] PluginManage:310 - Check plugin tools
2026-05-11 12:38:49,880 [INFO] ThirdPartyUpdaterWithRetryManager:70 - Updater plugin not ready yet. [1/15]
2026-05-11 12:38:49,893 [INFO] PluginManage:359 - Loaded plugin tools (category:base,tabindex:7)
2026-05-11 12:38:49,894 [INFO] PluginManage:310 - Check plugin tutovideos
2026-05-11 12:38:50,608 [INFO] PluginManage:359 - Loaded plugin tutovideos (category:base,tabindex:-1)
2026-05-11 12:38:50,609 [INFO] PluginManage:310 - Check plugin updater
2026-05-11 12:38:50,686 [INFO] PluginManage:359 - Loaded plugin updater (category:base,tabindex:12)
2026-05-11 12:38:50,686 [INFO] PluginManage:310 - Check plugin userauth
2026-05-11 12:38:50,702 [INFO] UserAuth:118 - Init User Auth plugin
2026-05-11 12:38:50,704 [INFO] PluginManage:359 - Loaded plugin userauth (category:base,tabindex:14)
2026-05-11 12:38:50,707 [INFO] PluginManage:283 - PluginManage : Loaded plugins [18]
2026-05-11 12:38:51,488 [INFO] PinOutPanel:1589 - setPackage(No Configuration,No Configuration)
2026-05-11 12:38:51,760 [INFO] CADModel:165 - CPN selected for project level
2026-05-11 12:38:51,760 [INFO] CADModel:114 - Register for checkConnection events
2026-05-11 12:38:51,826 [INFO] IPUIPlugin:80 - create IPUIPlugin
2026-05-11 12:38:51,827 [INFO] PluginManager:220 - loadIPPluginJar : add adc
2026-05-11 12:38:51,839 [INFO] IPUIPlugin:80 - create IPUIPlugin
2026-05-11 12:38:51,840 [INFO] PluginManager:220 - loadIPPluginJar : add aes
2026-05-11 12:38:51,852 [INFO] IPUIPlugin:80 - create IPUIPlugin
2026-05-11 12:38:51,853 [INFO] PluginManager:220 - loadIPPluginJar : add can
2026-05-11 12:38:51,861 [INFO] IPUIPlugin:80 - create IPUIPlugin
2026-05-11 12:38:51,861 [INFO] PluginManager:220 - loadIPPluginJar : add comp
2026-05-11 12:38:51,872 [INFO] IPUIPlugin:80 - create IPUIPlugin
2026-05-11 12:38:51,872 [INFO] PluginManager:220 - loadIPPluginJar : add cryp
2026-05-11 12:38:51,886 [INFO] IPUIPlugin:80 - create IPUIPlugin
2026-05-11 12:38:51,887 [INFO] PluginManager:220 - loadIPPluginJar : add ddr_ctrl_phy
2026-05-11 12:38:51,896 [INFO] IPUIPlugin:80 - create IPUIPlugin
2026-05-11 12:38:51,897 [INFO] PluginManager:220 - loadIPPluginJar : add dfsdm
2026-05-11 12:38:51,916 [INFO] IPUIPlugin:80 - create IPUIPlugin
2026-05-11 12:38:51,918 [INFO] PluginManager:220 - loadIPPluginJar : add dma
2026-05-11 12:38:51,929 [INFO] IPUIPlugin:80 - create IPUIPlugin
2026-05-11 12:38:51,930 [INFO] PluginManager:220 - loadIPPluginJar : add dma3
2026-05-11 12:38:51,942 [INFO] IPUIPlugin:80 - create IPUIPlugin
2026-05-11 12:38:51,942 [INFO] PluginManager:220 - loadIPPluginJar : add extmemmanager
2026-05-11 12:38:51,948 [INFO] IPUIPlugin:80 - create IPUIPlugin
2026-05-11 12:38:51,949 [INFO] PluginManager:220 - loadIPPluginJar : add fatfs
2026-05-11 12:38:51,965 [INFO] IPUIPlugin:80 - create IPUIPlugin
2026-05-11 12:38:51,965 [INFO] PluginManager:220 - loadIPPluginJar : add fmc
2026-05-11 12:38:51,984 [INFO] IPUIPlugin:80 - create IPUIPlugin
2026-05-11 12:38:51,985 [INFO] PluginManager:220 - loadIPPluginJar : add freertos
2026-05-11 12:38:51,991 [INFO] IPUIPlugin:80 - create IPUIPlugin
2026-05-11 12:38:51,992 [INFO] PluginManager:220 - loadIPPluginJar : add genericplugin
2026-05-11 12:38:52,003 [INFO] IPUIPlugin:80 - create IPUIPlugin
2026-05-11 12:38:52,003 [INFO] PluginManager:220 - loadIPPluginJar : add gfxmmu
2026-05-11 12:38:52,019 [INFO] IPUIPlugin:80 - create IPUIPlugin
2026-05-11 12:38:52,020 [INFO] PluginManager:220 - loadIPPluginJar : add gic
2026-05-11 12:38:52,036 [INFO] IPUIPlugin:80 - create IPUIPlugin
2026-05-11 12:38:52,036 [INFO] PluginManager:220 - loadIPPluginJar : add gpio
2026-05-11 12:38:52,046 [INFO] IPUIPlugin:80 - create IPUIPlugin
2026-05-11 12:38:52,046 [INFO] PluginManager:220 - loadIPPluginJar : add gtzc
2026-05-11 12:38:52,058 [INFO] IPUIPlugin:80 - create IPUIPlugin
2026-05-11 12:38:52,059 [INFO] PluginManager:220 - loadIPPluginJar : add hash
2026-05-11 12:38:52,071 [INFO] IPUIPlugin:80 - create IPUIPlugin
2026-05-11 12:38:52,072 [INFO] PluginManager:220 - loadIPPluginJar : add i2c
2026-05-11 12:38:52,083 [INFO] IPUIPlugin:80 - create IPUIPlugin
2026-05-11 12:38:52,084 [INFO] PluginManager:220 - loadIPPluginJar : add i2s
2026-05-11 12:38:52,099 [INFO] IPUIPlugin:80 - create IPUIPlugin
2026-05-11 12:38:52,099 [INFO] PluginManager:220 - loadIPPluginJar : add i3c
2026-05-11 12:38:52,112 [INFO] IPUIPlugin:80 - create IPUIPlugin
2026-05-11 12:38:52,113 [INFO] PluginManager:220 - loadIPPluginJar : add ipddr
2026-05-11 12:38:52,143 [INFO] IPUIPlugin:80 - create IPUIPlugin
2026-05-11 12:38:52,144 [INFO] PluginManager:220 - loadIPPluginJar : add linkedlist
2026-05-11 12:38:52,161 [INFO] IPUIPlugin:80 - create IPUIPlugin
2026-05-11 12:38:52,162 [INFO] PluginManager:220 - loadIPPluginJar : add lorawan
2026-05-11 12:38:52,170 [INFO] IPUIPlugin:80 - create IPUIPlugin
2026-05-11 12:38:52,171 [INFO] PluginManager:220 - loadIPPluginJar : add ltdc
2026-05-11 12:38:52,195 [INFO] IPUIPlugin:80 - create IPUIPlugin
2026-05-11 12:38:52,196 [INFO] PluginManager:220 - loadIPPluginJar : add mdma
2026-05-11 12:38:52,214 [INFO] IPUIPlugin:80 - create IPUIPlugin
2026-05-11 12:38:52,215 [INFO] PluginManager:220 - loadIPPluginJar : add nvic
2026-05-11 12:38:52,229 [INFO] IPUIPlugin:80 - create IPUIPlugin
2026-05-11 12:38:52,230 [INFO] PluginManager:220 - loadIPPluginJar : add opamp
2026-05-11 12:38:52,244 [INFO] IPUIPlugin:80 - create IPUIPlugin
2026-05-11 12:38:52,245 [INFO] PluginManager:220 - loadIPPluginJar : add openamp
2026-05-11 12:38:52,259 [INFO] IPUIPlugin:80 - create IPUIPlugin
2026-05-11 12:38:52,259 [INFO] PluginManager:220 - loadIPPluginJar : add pdm2pcm
2026-05-11 12:38:52,288 [INFO] IPUIPlugin:80 - create IPUIPlugin
2026-05-11 12:38:52,300 [INFO] PluginManager:220 - loadIPPluginJar : add plateformsettings
2026-05-11 12:38:52,308 [INFO] IPUIPlugin:80 - create IPUIPlugin
2026-05-11 12:38:52,309 [INFO] PluginManager:220 - loadIPPluginJar : add quadspi
2026-05-11 12:38:52,315 [INFO] IPUIPlugin:80 - create IPUIPlugin
2026-05-11 12:38:52,318 [INFO] PluginManager:220 - loadIPPluginJar : add radio
2026-05-11 12:38:52,333 [INFO] IPUIPlugin:80 - create IPUIPlugin
2026-05-11 12:38:52,333 [INFO] PluginManager:220 - loadIPPluginJar : add resmgrutility
2026-05-11 12:38:52,343 [INFO] IPUIPlugin:80 - create IPUIPlugin
2026-05-11 12:38:52,344 [INFO] PluginManager:220 - loadIPPluginJar : add sai
2026-05-11 12:38:52,352 [INFO] IPUIPlugin:80 - create IPUIPlugin
2026-05-11 12:38:52,353 [INFO] PluginManager:220 - loadIPPluginJar : add spi
2026-05-11 12:38:52,370 [INFO] IPUIPlugin:80 - create IPUIPlugin
2026-05-11 12:38:52,371 [INFO] PluginManager:220 - loadIPPluginJar : add stm32_wpan
2026-05-11 12:38:52,378 [INFO] IPUIPlugin:80 - create IPUIPlugin
2026-05-11 12:38:52,379 [INFO] PluginManager:220 - loadIPPluginJar : add tim
2026-05-11 12:38:52,390 [INFO] IPUIPlugin:80 - create IPUIPlugin
2026-05-11 12:38:52,391 [INFO] PluginManager:220 - loadIPPluginJar : add touchsensing
2026-05-11 12:38:52,399 [INFO] IPUIPlugin:80 - create IPUIPlugin
2026-05-11 12:38:52,400 [INFO] PluginManager:220 - loadIPPluginJar : add tracer_emb
2026-05-11 12:38:52,407 [INFO] IPUIPlugin:80 - create IPUIPlugin
2026-05-11 12:38:52,408 [INFO] PluginManager:220 - loadIPPluginJar : add ts
2026-05-11 12:38:52,415 [INFO] IPUIPlugin:80 - create IPUIPlugin
2026-05-11 12:38:52,415 [INFO] PluginManager:220 - loadIPPluginJar : add tsc
2026-05-11 12:38:52,423 [INFO] IPUIPlugin:80 - create IPUIPlugin
2026-05-11 12:38:52,423 [INFO] PluginManager:220 - loadIPPluginJar : add ucpd
2026-05-11 12:38:52,433 [INFO] IPUIPlugin:80 - create IPUIPlugin
2026-05-11 12:38:52,434 [INFO] PluginManager:220 - loadIPPluginJar : add usart
2026-05-11 12:38:52,446 [INFO] IPUIPlugin:80 - create IPUIPlugin
2026-05-11 12:38:52,446 [INFO] PluginManager:220 - loadIPPluginJar : add usbx
2026-05-11 12:38:52,769 [FATAL] Updater:351 - Updater called before beeing initialized
2026-05-11 12:38:52,854 [INFO] RulesReader:64 - Compatibility file has been processed (301 Rules)
2026-05-11 12:38:52,883 [INFO] ThirdPartyUpdaterWithRetryManager:70 - Updater plugin not ready yet. [2/15]
2026-05-11 12:38:52,886 [INFO] RulesReader:64 - Compatibility file has been processed (301 Rules)
2026-05-11 12:38:52,918 [INFO] CADModel:165 - CPN selected for project level
2026-05-11 12:38:52,918 [INFO] CADModel:114 - Register for checkConnection events
2026-05-11 12:38:52,919 [FATAL] Updater:351 - Updater called before beeing initialized
2026-05-11 12:38:52,919 [ERROR] CADModel:125 - Updater not yet initialized, retry later 
2026-05-11 12:38:53,592 [FATAL] Updater:351 - Updater called before beeing initialized
2026-05-11 12:38:53,602 [INFO] CADModel:165 - CPN selected for project level
2026-05-11 12:38:53,603 [INFO] CADModel:114 - Register for checkConnection events
2026-05-11 12:38:53,603 [FATAL] Updater:351 - Updater called before beeing initialized
2026-05-11 12:38:53,604 [ERROR] CADModel:125 - Updater not yet initialized, retry later 
2026-05-11 12:38:53,621 [FATAL] Updater:351 - Updater called before beeing initialized
2026-05-11 12:38:54,141 [FATAL] Updater:351 - Updater called before beeing initialized
2026-05-11 12:38:54,153 [INFO] DbMcusAds:53 - JSON generation date=Mon Apr 27 13:44:29 IST 2026 (1777277669683)
2026-05-11 12:38:54,154 [FATAL] Updater:351 - Updater called before beeing initialized
2026-05-11 12:38:54,245 [WARN] DetailPanel:346 - Failed to get advertising image, set to default
2026-05-11 12:38:54,809 [FATAL] Updater:351 - Updater called before beeing initialized
2026-05-11 12:38:54,813 [FATAL] Updater:351 - Updater called before beeing initialized
2026-05-11 12:38:54,814 [FATAL] Updater:351 - Updater called before beeing initialized
2026-05-11 12:38:54,814 [WARN] DetailPanel:346 - Failed to get advertising image, set to default
2026-05-11 12:38:54,817 [FATAL] Updater:351 - Updater called before beeing initialized
2026-05-11 12:38:54,992 [ERROR] Updater:1198 - MainUpdater not yet initialized. External WinMGr cannot be set.
2026-05-11 12:38:54,999 [INFO] Updater:1134 - Updater Version found : 6.14.0
2026-05-11 12:38:55,070 [INFO] ApplicationProperties:184 - Using Application install path: C:\ST\STM32CubeIDE_1.18.0\STM32CubeIDE\plugins\com.st.stm32cube.common.mx_6.14.0.202502271554
2026-05-11 12:38:55,883 [FATAL] Updater:351 - Updater called before beeing initialized
2026-05-11 12:38:55,885 [ERROR] IntegrityCheckThread:130 - Cannot retrieve database content from updater: error 21
2026-05-11 12:38:55,886 [INFO] ThirdParty:978 - Integrity check success = false
2026-05-11 12:38:55,887 [INFO] IntegrityCheckThread:100 - exiting critical section [integrity check]
2026-05-11 12:38:55,887 [INFO] IntegrityCheckThread:103 - End integrity checks thread
2026-05-11 12:38:56,939 [INFO] MainUpdater:2872 - connection check result : 10
2026-05-11 12:38:56,941 [INFO] MainUpdater:289 - Updater Check For Update Now.
2026-05-11 12:38:56,942 [INFO] MicroXplorer:498 - Change Database Version : DB.6.0.140
2026-05-11 12:38:56,967 [INFO] McuFinderGlobals:63 - Set McuFinder mode to 2 (CubeIDE integrated)
2026-05-11 12:38:56,968 [INFO] UserAuth:171 - activating auth plugin
2026-05-11 12:38:56,980 [INFO] UserAuth:486 - Internet connection configuration mode: 1
2026-05-11 12:38:57,095 [INFO] JxBrowserEngine:152 - Initiate JxBrowser Engine with user profile folder
2026-05-11 12:38:57,339 [INFO] CheckServerUpdateThread:120 - End of CheckServer Thread
2026-05-11 12:39:00,712 [INFO] WebApp:169 - Instantiating new browser for Auth
2026-05-11 12:39:02,989 [INFO] WebApp:463 - Apply proxy settings
2026-05-11 12:39:02,991 [INFO] WebApp:548 - Chromium requires no authentication
2026-05-11 12:39:03,035 [INFO] WebApp:491 - Direct internet connection detected
2026-05-11 12:39:03,153 [INFO] WebApp:894 - Register for checkConnection events
2026-05-11 12:39:03,154 [INFO] WebApp:463 - Apply proxy settings
2026-05-11 12:39:03,156 [INFO] WebApp:548 - Chromium requires no authentication
2026-05-11 12:39:03,158 [INFO] WebApp:491 - Direct internet connection detected
2026-05-11 12:39:03,777 [INFO] WebApp:225 - Starting web application
2026-05-11 12:39:03,779 [INFO] WebApp:593 - Web application path used C:\ST\STM32CubeIDE_1.18.0\STM32CubeIDE\plugins\com.st.stm32cube.common.mx_6.14.0.202502271554\db\plugins\mcufinder\reactClient1\index.html
2026-05-11 12:39:03,883 [INFO] WebApp:191 - Connection restablished
2026-05-11 12:41:40,020 [INFO] McuFinderGlobals:63 - Set McuFinder mode to 2 (CubeIDE integrated)
2026-05-11 12:41:40,038 [INFO] MainUpdater:2872 - connection check result : 10
2026-05-11 12:41:40,041 [INFO] MainUpdater:2872 - connection check result : 10
2026-05-11 12:41:40,168 [INFO] MicroXplorer:468 - Change Database Path : 
2026-05-11 12:41:40,169 [INFO] MicroXplorer:498 - Change Database Version : DB.6.0.140
2026-05-11 12:41:40,210 [WARN] ThirdParty:871 - waiting for thirdparty lock release [close project]
2026-05-11 12:41:40,211 [INFO] ThirdParty:873 - entering critical section [close project]
2026-05-11 12:41:40,215 [INFO] ThirdParty:883 - exiting critical section [close project]
2026-05-11 12:41:40,226 [INFO] PinOutPanel:1589 - setPackage(No Configuration,No Configuration)
2026-05-11 12:41:40,255 [INFO] UtilMem:75 - Begin LoadConfig() Used Memory: 708509704 Bytes (1073741824)
2026-05-11 12:41:40,260 [INFO] MicroXplorer:468 - Change Database Path : 
2026-05-11 12:41:40,261 [INFO] MicroXplorer:498 - Change Database Version : DB.6.0.140
2026-05-11 12:41:40,261 [INFO] OpenFileManager:354 - Change cursor
2026-05-11 12:41:40,329 [WARN] IntegrityCheckThread:84 - waiting for thirdparty lock release [integrity check]
2026-05-11 12:41:40,329 [INFO] IntegrityCheckThread:86 - entering critical section [integrity check]
2026-05-11 12:41:41,985 [WARN] PackLoader:240 - Cannot read IP mode file for STMicroelectronics.X-CUBE-AZRTOS-H7.3.5.0
2026-05-11 12:41:42,025 [WARN] PackLoader:240 - Cannot read IP mode file for STMicroelectronics.FP-ATR-ASTRA1.2.0.2
2026-05-11 12:41:42,062 [WARN] PackLoader:240 - Cannot read IP mode file for STMicroelectronics.X-CUBE-SMBUS.2.1.0
2026-05-11 12:41:42,122 [WARN] PackLoader:240 - Cannot read IP mode file for STMicroelectronics.X-CUBE-AZRTOS-F7.1.1.0
2026-05-11 12:41:42,148 [ERROR] Engine:466 - C:\Users\hp\.stm32cubemx\thirdparties\pdsc\STMicroelectronics.FP-SNS-MOTENV1.5.1.0.pdsc: PDSC version is not supported
2026-05-11 12:41:42,162 [ERROR] Engine:466 - C:\Users\hp\.stm32cubemx\thirdparties\pdsc\WES.I-CUBE-Cesium.1.4.0.pdsc: PDSC version is not supported
2026-05-11 12:41:42,189 [WARN] PackLoader:240 - Cannot read IP mode file for STMicroelectronics.X-CUBE-DISPLAY.3.0.0
2026-05-11 12:41:42,230 [WARN] PackLoader:240 - Cannot read IP mode file for STMicroelectronics.X-CUBE-GNSS1.7.1.1
2026-05-11 12:41:42,242 [ERROR] Engine:466 - C:\Users\hp\.stm32cubemx\thirdparties\pdsc\STMicroelectronics.FP-SNS-MOTENVWB1.1.5.0.pdsc: PDSC version is not supported
2026-05-11 12:41:42,260 [WARN] PackLoader:240 - Cannot read IP mode file for STMicroelectronics.X-CUBE-NFC10.1.0.0
2026-05-11 12:41:42,281 [WARN] PackLoader:240 - Cannot read IP mode file for STMicroelectronics.X-CUBE-ST60.1.1.0
2026-05-11 12:41:42,303 [WARN] PackLoader:240 - Cannot read IP mode file for emotas.I-CUBE-CANOPEN.1.3.0
2026-05-11 12:41:42,319 [WARN] PackLoader:240 - Cannot read IP mode file for STMicroelectronics.X-CUBE-GNSS1.7.1.0
2026-05-11 12:41:42,330 [ERROR] Engine:466 - C:\Users\hp\.stm32cubemx\thirdparties\pdsc\STMicroelectronics.FP-SNS-STBOX1.2.1.0.pdsc: PDSC version is not supported
2026-05-11 12:41:42,345 [WARN] PackLoader:240 - Cannot read IP mode file for STMicroelectronics.FP-SNS-SMARTAG2.1.2.0
2026-05-11 12:41:42,360 [WARN] PackLoader:240 - Cannot read IP mode file for STMicroelectronics.FP-SNS-FLIGHT1.5.1.0
2026-05-11 12:41:42,388 [INFO] LogOutputStream:77 - [STDOUT_REDIRECT] 1 : Invalid condition id : UX_CORESTACK_Condition cause : null
2026-05-11 12:41:42,390 [INFO] LogOutputStream:77 - [STDOUT_REDIRECT] 1 : Invalid condition id : UX_CORESTACK_Condition cause : null
2026-05-11 12:41:42,394 [INFO] LogOutputStream:77 - [STDOUT_REDIRECT] 1 : Invalid condition id : UX_CORESTACK_Condition cause : null
2026-05-11 12:41:42,397 [INFO] LogOutputStream:77 - [STDOUT_REDIRECT] 1 : Invalid condition id : UX_CORESTACK_Condition cause : null
2026-05-11 12:41:42,401 [INFO] LogOutputStream:77 - [STDOUT_REDIRECT] 1 : Invalid condition id : UX_CORESTACK_Condition cause : null
2026-05-11 12:41:42,409 [WARN] PackLoader:240 - Cannot read IP mode file for STMicroelectronics.X-CUBE-AZRTOS-WL.2.0.0
2026-05-11 12:41:42,459 [WARN] PackLoader:240 - Cannot read IP mode file for STMicroelectronics.X-CUBE-AZRTOS-H7RS.1.2.0
2026-05-11 12:41:42,483 [WARN] PackLoader:240 - Cannot read IP mode file for STMicroelectronics.X-CUBE-BLE2.3.3.0
2026-05-11 12:41:42,604 [WARN] PackLoader:240 - Cannot read IP mode file for Infineon.AIROC-Wi-Fi-Bluetooth-STM32.1.8.0
2026-05-11 12:41:42,640 [WARN] PackLoader:240 - Cannot read IP mode file for STMicroelectronics.X-CUBE-NFC9.1.0.0
2026-05-11 12:41:42,657 [WARN] PackLoader:240 - Cannot read IP mode file for STMicroelectronics.X-CUBE-BLE1.7.1.0
2026-05-11 12:41:42,675 [WARN] PackLoader:240 - Cannot read IP mode file for wolfSSL.I-CUBE-wolfMQTT.1.19.2
2026-05-11 12:41:42,692 [WARN] PackLoader:240 - Cannot read IP mode file for STMicroelectronics.X-CUBE-EEPRMA1.5.2.0
2026-05-11 12:41:42,708 [WARN] PackLoader:240 - Cannot read IP mode file for wolfSSL.I-CUBE-wolfSSL.5.8.4
2026-05-11 12:41:42,716 [ERROR] Engine:466 - C:\Users\hp\.stm32cubemx\thirdparties\pdsc\STMicroelectronics.FP-SNS-STAIOTCFT.1.1.0.pdsc: PDSC version is not supported
2026-05-11 12:41:42,855 [WARN] PackLoader:240 - Cannot read IP mode file for STMicroelectronics.X-CUBE-MEMS1.12.0.0
2026-05-11 12:41:43,152 [WARN] PackLoader:240 - Cannot read IP mode file for STMicroelectronics.X-CUBE-AZRTOS-G0.1.1.0
2026-05-11 12:41:43,179 [WARN] PackLoader:240 - Cannot read IP mode file for STMicroelectronics.X-CUBE-NFC4.3.0.0
2026-05-11 12:41:43,211 [WARN] PackLoader:240 - Cannot read IP mode file for EmbeddedOffice.I-CUBE-FS-RTOS.1.0.1
2026-05-11 12:41:43,233 [WARN] PackLoader:240 - Cannot read IP mode file for wolfSSL.I-CUBE-wolfTPM.3.8.0
2026-05-11 12:41:43,258 [WARN] PackLoader:240 - Cannot read IP mode file for STMicroelectronics.X-CUBE-TCPP.4.2.0
2026-05-11 12:41:43,291 [WARN] PackLoader:240 - Cannot read IP mode file for RealThread.X-CUBE-RT-Thread_Nano.4.1.1
2026-05-11 12:41:43,318 [WARN] PackLoader:240 - Cannot read IP mode file for STMicroelectronics.FP-ATR-SIGFOX1.3.2.0
2026-05-11 12:41:43,329 [ERROR] Engine:466 - C:\Users\hp\.stm32cubemx\thirdparties\pdsc\STMicroelectronics.X-CUBE-FREERTOS.1.5.0.pdsc: PDSC version is not supported
2026-05-11 12:41:43,353 [WARN] PackLoader:240 - Cannot read IP mode file for ITTIA_DB.I-CUBE-ITTIADB.8.9.0
2026-05-11 12:41:43,368 [WARN] PackLoader:240 - Cannot read IP mode file for Cesanta.I-CUBE-Mongoose.7.21.0
2026-05-11 12:41:43,389 [WARN] PackLoader:240 - Cannot read IP mode file for STMicroelectronics.X-CUBE-NFC6.3.2.0
2026-05-11 12:41:43,408 [WARN] PackLoader:240 - Cannot read IP mode file for STMicroelectronics.X-CUBE-AI.10.2.0
2026-05-11 12:41:43,495 [WARN] PackLoader:240 - Cannot read IP mode file for STMicroelectronics.X-CUBE-MEMS1.12.1.0
2026-05-11 12:41:43,725 [WARN] PackLoader:240 - Cannot read IP mode file for SEGGER.I-CUBE-embOS.1.3.1
2026-05-11 12:41:43,833 [WARN] PackLoader:240 - Cannot read IP mode file for STMicroelectronics.X-CUBE-ALGOBUILD.1.4.0
2026-05-11 12:41:43,842 [WARN] PackLoader:240 - Cannot read IP mode file for STMicroelectronics.X-CUBE-PM33A1.1.0.0
2026-05-11 12:41:43,873 [WARN] PackLoader:240 - Cannot read IP mode file for STMicroelectronics.X-CUBE-AZRTOS-F4.1.1.0
2026-05-11 12:41:43,889 [WARN] PackLoader:240 - Cannot read IP mode file for STMicroelectronics.X-CUBE-ISPU.2.1.0
2026-05-11 12:41:43,902 [ERROR] Engine:466 - C:\Users\hp\.stm32cubemx\thirdparties\pdsc\STMicroelectronics.X-CUBE-IPS.3.2.0.pdsc: PDSC version is not supported
2026-05-11 12:41:43,911 [WARN] PackLoader:240 - Cannot read IP mode file for STMicroelectronics.eDS-WB_DPC_TT-BIDIR.2.1.1
2026-05-11 12:41:43,930 [WARN] PackLoader:240 - Cannot read IP mode file for STMicroelectronics.X-CUBE-NFC12.1.0.0
2026-05-11 12:41:43,967 [WARN] PackLoader:240 - Cannot read IP mode file for STMicroelectronics.X-CUBE-AZRTOS-L5.2.0.0
2026-05-11 12:41:43,984 [WARN] PackLoader:240 - Cannot read IP mode file for STMicroelectronics.eDS-WB_DPC_VIENNA.1.2.0
2026-05-11 12:41:43,995 [WARN] PackLoader:240 - Cannot read IP mode file for STMicroelectronics.eDS-WB_DPC_3PH2L-BIDIR.1.1.1
2026-05-11 12:41:44,005 [ERROR] Engine:466 - C:\Users\hp\.stm32cubemx\thirdparties\pdsc\STMicroelectronics.X-CUBE-ST67W61.1.3.0.pdsc: PDSC version is not supported
2026-05-11 12:41:44,020 [WARN] PackLoader:240 - Cannot read IP mode file for STMicroelectronics.X-CUBE-TOUCHGFX.4.26.1
2026-05-11 12:41:44,037 [WARN] PackLoader:240 - Cannot read IP mode file for STMicroelectronics.FP-SNS-STAIOTCFT.1.0.0
2026-05-11 12:41:44,054 [WARN] PackLoader:240 - Cannot read IP mode file for STMicroelectronics.X-CUBE-DPower.1.3.0
2026-05-11 12:41:44,102 [WARN] ConditionMgr:438 - getConditionDescription Invalid condition id : LAN8742 Phy interface Condition cause : null
2026-05-11 12:41:44,104 [WARN] PackLoader:240 - Cannot read IP mode file for STMicroelectronics.X-CUBE-AZRTOS-L4.2.0.0
2026-05-11 12:41:44,107 [WARN] ConditionMgr:1044 - genDependencies : Invalid condition id : LAN8742 Phy interface Condition cause : null
2026-05-11 12:41:44,108 [WARN] ConditionMgr:1044 - genDependencies : Invalid condition id : LAN8742 Phy interface Condition cause : null
2026-05-11 12:41:44,109 [WARN] ConditionMgr:1044 - genDependencies : Invalid condition id : LAN8742 Phy interface Condition cause : null
2026-05-11 12:41:44,128 [WARN] PackLoader:240 - Cannot read IP mode file for STMicroelectronics.X-CUBE-SFXS2LP1.4.0.0
2026-05-11 12:41:44,149 [WARN] PackLoader:240 - Cannot read IP mode file for STMicroelectronics.X-CUBE-WB05N.2.1.0
2026-05-11 12:41:44,162 [ERROR] Engine:466 - C:\Users\hp\.stm32cubemx\thirdparties\pdsc\STMicroelectronics.X-CUBE-ST67W61.1.2.0.pdsc: PDSC version is not supported
2026-05-11 12:41:44,189 [WARN] PackLoader:240 - Cannot read IP mode file for STMicroelectronics.X-CUBE-BLEMGR.4.1.0
2026-05-11 12:41:44,230 [WARN] ConditionMgr:438 - getConditionDescription Invalid condition id : UX DEVICE CLASS RTOS Condition cause : null
2026-05-11 12:41:44,232 [WARN] ConditionMgr:438 - getConditionDescription Invalid condition id : UX DEVICE CLASS RTOS Condition cause : null
2026-05-11 12:41:44,238 [WARN] PackLoader:240 - Cannot read IP mode file for STMicroelectronics.X-CUBE-AZRTOS-WB.2.0.0
2026-05-11 12:41:44,240 [WARN] ConditionMgr:1044 - genDependencies : Invalid condition id : UX DEVICE CLASS RTOS Condition cause : null
2026-05-11 12:41:44,241 [WARN] ConditionMgr:1044 - genDependencies : Invalid condition id : UX DEVICE CLASS RTOS Condition cause : null
2026-05-11 12:41:44,242 [WARN] ConditionMgr:1044 - genDependencies : Invalid condition id : UX DEVICE CLASS RTOS Condition cause : null
2026-05-11 12:41:44,243 [WARN] ConditionMgr:1044 - genDependencies : Invalid condition id : UX DEVICE CLASS RTOS Condition cause : null
2026-05-11 12:41:44,244 [WARN] ConditionMgr:1044 - genDependencies : Invalid condition id : UX DEVICE CLASS RTOS Condition cause : null
2026-05-11 12:41:44,263 [WARN] ConditionMgr:438 - getConditionDescription Invalid condition id : Cortex-A Device cause : null
2026-05-11 12:41:44,312 [WARN] ConditionMgr:1044 - genDependencies : Invalid condition id : Cortex-A Device cause : null
2026-05-11 12:41:44,312 [WARN] ConditionMgr:1044 - genDependencies : Invalid condition id : Cortex-A Device cause : null
2026-05-11 12:41:44,314 [WARN] ConditionMgr:1044 - genDependencies : Invalid condition id : Cortex-A Device cause : null
2026-05-11 12:41:44,336 [WARN] PackLoader:240 - Cannot read IP mode file for STMicroelectronics.X-CUBE-STSE01.2.0.0
2026-05-11 12:41:44,366 [WARN] PackLoader:240 - Cannot read IP mode file for STMicroelectronics.X-CUBE-SUBG2.5.0.0
2026-05-11 12:41:44,447 [WARN] PackLoader:240 - Cannot read IP mode file for STMicroelectronics.X-CUBE-AZRTOS-G4.2.0.0
2026-05-11 12:41:44,461 [WARN] PackLoader:240 - Cannot read IP mode file for wolfSSL.I-CUBE-wolfSSH.1.4.20
2026-05-11 12:41:44,475 [WARN] PackLoader:240 - Cannot read IP mode file for STMicroelectronics.X-CUBE-NFC7.2.0.0
2026-05-11 12:41:44,487 [WARN] PackLoader:240 - Cannot read IP mode file for STMicroelectronics.X-CUBE-ALS.1.0.2
2026-05-11 12:41:44,507 [WARN] PackLoader:240 - Cannot read IP mode file for STMicroelectronics.X-CUBE-TOF1.3.4.3
2026-05-11 12:41:44,523 [INFO] ThirdParty:978 - Integrity check success = true
2026-05-11 12:41:44,523 [INFO] IntegrityCheckThread:100 - exiting critical section [integrity check]
2026-05-11 12:41:44,524 [INFO] IntegrityCheckThread:103 - End integrity checks thread
2026-05-11 12:41:44,557 [INFO] Mcu:2011 - Initializing MCU STM32F407V(E-G)Tx STM32F407VGTx STM32F407VGT6
2026-05-11 12:41:49,835 [INFO] Context:756 - Trying to add GPIOservice into a context  which must be forbidden
2026-05-11 12:41:51,748 [INFO] ImportTextPane:218 - (OptionalMessage_ERROR) Pin1 (VP_RIF_VS_RIF1) cannot be retrieved for this MCU
2026-05-11 12:41:52,359 [INFO] RtosManager:558 - Registered RTOS mode: class=CMSIS, group=RTOS, mode=CMSIS_V1, owner=FREERTOS
2026-05-11 12:41:52,360 [INFO] RtosManager:558 - Registered RTOS mode: class=CMSIS, group=RTOS2, mode=CMSIS_V2, owner=FREERTOS
2026-05-11 12:41:52,360 [INFO] RtosManager:558 - Registered RTOS mode: class=RTOS, group=Core, mode=CMSIS_V1, owner=FREERTOS
2026-05-11 12:41:52,360 [INFO] RtosManager:558 - Registered RTOS mode: class=RTOS, group=Core, mode=CMSIS_V2, owner=FREERTOS
2026-05-11 12:41:52,361 [WARN] ModelIntegratedComponent:184 - Missing modes for component STMicroelectronics:FreeRTOS:0.0.1:STMicroelectronics:RTOS:FreeRTOS:Core:::10.2.0:
2026-05-11 12:41:52,409 [WARN] ModelIntegratedComponent:63 - No mode defined for component null
2026-05-11 12:41:52,410 [WARN] ModelIntegratedComponent:63 - No mode defined for component null
2026-05-11 12:41:52,410 [WARN] ModelIntegratedComponent:63 - No mode defined for component null
2026-05-11 12:41:52,410 [WARN] ModelIntegratedComponent:63 - No mode defined for component null
2026-05-11 12:41:52,410 [WARN] ModelIntegratedComponent:63 - No mode defined for component null
2026-05-11 12:41:52,410 [WARN] ModelIntegratedComponent:63 - No mode defined for component null
2026-05-11 12:41:52,410 [WARN] ModelIntegratedComponent:63 - No mode defined for component null
2026-05-11 12:41:52,410 [WARN] ModelIntegratedComponent:63 - No mode defined for component null
2026-05-11 12:41:52,411 [WARN] ModelIntegratedComponent:63 - No mode defined for component null
2026-05-11 12:41:52,411 [WARN] ModelIntegratedComponent:63 - No mode defined for component null
2026-05-11 12:41:52,411 [WARN] ModelIntegratedComponent:63 - No mode defined for component null
2026-05-11 12:41:52,411 [WARN] ModelIntegratedComponent:63 - No mode defined for component null
2026-05-11 12:41:52,411 [WARN] ModelIntegratedComponent:63 - No mode defined for component null
2026-05-11 12:41:52,411 [WARN] ModelIntegratedComponent:63 - No mode defined for component null
2026-05-11 12:41:52,411 [WARN] ModelIntegratedComponent:63 - No mode defined for component null
2026-05-11 12:41:52,411 [WARN] ModelIntegratedComponent:63 - No mode defined for component null
2026-05-11 12:41:52,412 [WARN] ModelIntegratedComponent:63 - No mode defined for component null
2026-05-11 12:41:52,412 [WARN] ModelIntegratedComponent:63 - No mode defined for component null
2026-05-11 12:41:52,412 [WARN] ModelIntegratedComponent:63 - No mode defined for component null
2026-05-11 12:41:52,412 [WARN] ModelIntegratedComponent:63 - No mode defined for component null
2026-05-11 12:41:52,412 [WARN] ModelIntegratedComponent:63 - No mode defined for component null
2026-05-11 12:41:52,412 [WARN] ModelIntegratedComponent:63 - No mode defined for component null
2026-05-11 12:41:52,412 [WARN] ModelIntegratedComponent:63 - No mode defined for component null
2026-05-11 12:41:52,412 [WARN] ModelIntegratedComponent:63 - No mode defined for component null
2026-05-11 12:41:52,412 [WARN] ModelIntegratedComponent:63 - No mode defined for component null
2026-05-11 12:41:52,413 [WARN] ModelIntegratedComponent:63 - No mode defined for component null
2026-05-11 12:41:52,413 [WARN] ModelIntegratedComponent:63 - No mode defined for component null
2026-05-11 12:41:52,413 [WARN] ModelIntegratedComponent:63 - No mode defined for component null
2026-05-11 12:41:52,413 [WARN] ModelIntegratedComponent:63 - No mode defined for component null
2026-05-11 12:41:52,413 [WARN] ModelIntegratedComponent:63 - No mode defined for component null
2026-05-11 12:41:52,413 [WARN] ModelIntegratedComponent:63 - No mode defined for component null
2026-05-11 12:41:52,413 [WARN] ModelIntegratedComponent:63 - No mode defined for component null
2026-05-11 12:41:52,413 [WARN] ModelIntegratedComponent:63 - No mode defined for component null
2026-05-11 12:41:52,414 [WARN] ModelIntegratedComponent:63 - No mode defined for component null
2026-05-11 12:41:52,414 [WARN] ModelIntegratedComponent:63 - No mode defined for component null
2026-05-11 12:41:52,414 [WARN] ModelPack:524 - Component already loaded: STMicroelectronics:HAL Drivers:0.0.0:STMicroelectronics:Device:STMicro_Driver:XSPI:HAL::0.0.1:HAL_XSPI
2026-05-11 12:41:52,608 [INFO] ThirdPartyModel:298 - Start build external matchings
2026-05-11 12:41:53,679 [INFO] ThirdPartyModel:316 - End build external matchings
2026-05-11 12:41:54,811 [INFO] ApiDb:581 - Connected to CubeFinder SQLite database (C:\Users\hp\.stmcufinder\plugins\mcufinder\mcu\cube-finder-db.db)
2026-05-11 12:41:55,128 [INFO] ApiDb:668 - CubeFinder database Data Model version=2.1
2026-05-11 12:41:55,129 [INFO] ApiDb:669 - CubeFinder database Configuration version=3.0.42
2026-05-11 12:41:55,129 [INFO] ApiDb:670 - CubeFinder database generation date=2026-05-06 (1778060171)
2026-05-11 12:41:55,129 [INFO] ApiDb:671 - CubeFinder database FW Pack versions=[FP-ATR-ASTRA1_V2.0.0, FP-SNS-FLIGHT1_V5.1.0, FP-SNS-MOTENV1_V5.1.0, FP-SNS-MOTENVWB1_V1.5.0, FP-SNS-SMARTAG2_V1.2.0, FP-SNS-STBOX1_V2.1.0, STM32Cube_FW_C0_V1.4.0, STM32Cube_FW_F4_V1.28.3, STM32Cube_FW_F7_V1.17.4, STM32Cube_FW_G0_V1.6.3, STM32Cube_FW_G4_V1.6.2, STM32Cube_FW_H5_V1.6.0, STM32Cube_FW_H7RS_V1.3.0, STM32Cube_FW_H7_V1.13.0, STM32Cube_FW_L0_V1.12.2, STM32Cube_FW_L4_V1.18.2, STM32Cube_FW_L5_V1.6.0, STM32Cube_FW_N6_V1.3.0, STM32Cube_FW_U0_V1.3.0, STM32Cube_FW_U3_V1.3.0, STM32Cube_FW_U5_V1.8.0, STM32Cube_FW_WB0_V1.4.0, STM32Cube_FW_WBA_V1.9.0, STM32Cube_FW_WB_V1.24.0, STM32Cube_FW_WL3_V1.4.0, STM32Cube_FW_WL_V1.5.0, X-CUBE-ALGOBUILD_V1.4.0, X-CUBE-ALS_V1.0.2, X-CUBE-AZRTOS-F4_V1.1.0, X-CUBE-AZRTOS-F7_V1.1.0, X-CUBE-AZRTOS-G0_V1.1.0, X-CUBE-AZRTOS-G4_V2.0.0, X-CUBE-AZRTOS-H7RS_V1.1.0, X-CUBE-AZRTOS-H7_V3.5.0, X-CUBE-AZRTOS-L4_V2.0.0, X-CUBE-AZRTOS-L5_V2.0.0, X-CUBE-AZRTOS-WB_V2.0.0, X-CUBE-AZRTOS-WL_V2.0.0, X-CUBE-BLE1_V7.1.0, X-CUBE-BLE2_V3.3.0, X-CUBE-BLEMGR_V4.1.0, X-CUBE-EEPRMA1_V5.2.0, X-CUBE-FREERTOS_V1.5.0, X-CUBE-GNSS1_V6.0.0, X-CUBE-MEMS1_V12.0.0, X-CUBE-NFC4_V3.0.0, X-CUBE-NFC7_V2.0.0, X-CUBE-SFXS2LP1_V4.0.0, X-CUBE-ST67W61_V1.2.0, X-CUBE-SUBG2_V5.0.0, X-CUBE-TOF1_V3.4.3]
2026-05-11 12:41:55,638 [INFO] DbBoardsSqlite:226 - include board P-NUCLEO-WB55-NUCLEO as a kit item of type 'Nucleo-64'
2026-05-11 12:41:55,640 [INFO] DbBoardsSqlite:226 - include board P-NUCLEO-WB55-USBDONGLE as a kit item of type 'Nucleo USB Dongle'
2026-05-11 12:41:55,647 [INFO] DbBoardsSqlite:226 - include board STEVAL-IDP005V1 as a kit item of type 'Evaluation Board'
2026-05-11 12:41:55,648 [INFO] DbBoardsSqlite:226 - include board STEVAL-IDP005V2 as a kit item of type 'Evaluation Board'
2026-05-11 12:41:59,553 [INFO] ApiDb:240 - Found 895 in-development CPN: [B-G473E-ZEST1S, B-WB1M-WPAN1, B-WBA5M-WPAN, B-WL5M-SUBG1, NUCLEO-C031C6, NUCLEO-C051C8, NUCLEO-C071RB, NUCLEO-C092RC, NUCLEO-H503RB, NUCLEO-H533RE, NUCLEO-H563ZI, NUCLEO-H7S3L8, NUCLEO-N657X0-Q, NUCLEO-U031R8, NUCLEO-U083RC, NUCLEO-U385RG-Q, NUCLEO-U545RE-Q, NUCLEO-U5A5ZJ-Q, NUCLEO-WB05KZ, NUCLEO-WB07CC, NUCLEO-WB09KE, NUCLEO-WBA52CG, NUCLEO-WBA55CG, NUCLEO-WBA65RI, NUCLEO-WL33CC1, NUCLEO-WL33CC2, STEVAL-PROTEUS1, STEVAL-SMARTAG2, STEVAL-STWINBX1, STM320518-EVAL, STM32C0116-DK, STM32C011D6Y3TR, STM32C011D6Y6TR, STM32C011F4P3, STM32C011F4P6, STM32C011F4U3, STM32C011F4U6TR, STM32C011F6P3, STM32C011F6P6, STM32C011F6U3, STM32C011F6U6TR, STM32C011J4M3, STM32C011J4M6, STM32C011J6M3, STM32C011J6M6, STM32C0316-DK, STM32C031C4T3, STM32C031C4T6, STM32C031C4U3, STM32C031C4U6, STM32C031C6T3, STM32C031C6T6, STM32C031C6U3, STM32C031C6U6, STM32C031F4P3, STM32C031F4P6, STM32C031F6P3, STM32C031F6P6, STM32C031G4U3, STM32C031G4U6, STM32C031G6U3, STM32C031G6U6, STM32C031K4T3, STM32C031K4T6, STM32C031K4U3, STM32C031K4U6, STM32C031K6T3, STM32C031K6T6, STM32C031K6U3, STM32C031K6U6, STM32C051C6T6, STM32C051C6U6, STM32C051C8T6, STM32C051C8U6, STM32C051D8Y6TR, STM32C051F6P6, STM32C051F8P6, STM32C051G6U6, STM32C051G8U6, STM32C051K6T6, STM32C051K6U6, STM32C051K8T6, STM32C071C8T6, STM32C071C8T6N, STM32C071C8U6, STM32C071C8U6N, STM32C071CBT6, STM32C071CBT6N, STM32C071CBU6, STM32C071CBU6N, STM32C071F8P6, STM32C071F8P6N, STM32C071FBP6, STM32C071FBP6N, STM32C071FBY6TR, STM32C071G8U6, STM32C071G8U6N, STM32C071GBU6, STM32C071GBU6N, STM32C071K8T6, STM32C071K8T6N, STM32C071K8U6, STM32C071K8U6N, STM32C071KBT6, STM32C071KBT6N, STM32C071KBU6, STM32C071KBU6N, STM32C071R8T6, STM32C071R8T6N, STM32C071RBI6N, STM32C071RBT6, STM32C071RBT6N, STM32C091CBT6, STM32C091CBU6, STM32C091CCT6, STM32C091CCU6, STM32C091ECY6TR, STM32C091FBP6, STM32C091FCP6, STM32C091GBU6, STM32C091GCU6, STM32C091KBT6, STM32C091KBU6, STM32C091KCT6, STM32C091KCU6, STM32C091RBT6, STM32C091RCI6, STM32C091RCT6, STM32C092CBT6, STM32C092CBU6, STM32C092CCT6, STM32C092CCU6, STM32C092ECY6TR, STM32C092FBP6, STM32C092FCP6, STM32C092GBU6, STM32C092GCU6, STM32C092KBT6, STM32C092KBU6, STM32C092KCT6, STM32C092KCU6, STM32C092RBT6, STM32C092RCI6, STM32C092RCT6, STM32G071K8TXN, STM32G071K8UXN, STM32G081GBU6N, STM32G081KBT6N, STM32G081KBUXN, STM32G0B1CCT6N, STM32G0B1KCT6, STM32G0B1NEY6TR, STM32G0B1RCT6N, STM32G0C1CCT6, STM32G0C1CCT6N, STM32G0C1CCU6N, STM32G0C1CET6N, STM32G0C1CEU6N, STM32G0C1KCT6, STM32G0C1NEY6TR, STM32G0C1RCI6N, STM32G0C1RCT6N, STM32G0C1REI6N, STM32G0C1RET6N, STM32G0C1VCI6, STM32G0C1VEI6, STM32G411C6T3, STM32G411C6T6, STM32G411C6U3, STM32G411C6U6, STM32G411C8T3, STM32G411C8T6, STM32G411C8U3, STM32G411C8U6, STM32G411CBT3, STM32G411CBT6, STM32G411CBU3, STM32G411CBU6, STM32G411CCT3, STM32G411CCT6, STM32G411CCU3, STM32G411CCU6, STM32G411K6T3, STM32G411K6T6, STM32G411K6U3, STM32G411K6U6, STM32G411K8T3, STM32G411K8T6, STM32G411K8U3, STM32G411K8U6, STM32G411KBT3, STM32G411KBT6, STM32G411KBU3, STM32G411KBU6, STM32G411M6T3, STM32G411M6T6, STM32G411M8T3, STM32G411M8T6, STM32G411MBT3, STM32G411MBT6, STM32G411MCT3, STM32G411MCT6, STM32G411R6T3, STM32G411R6T6, STM32G411R8T3, STM32G411R8T6, STM32G411RBT3, STM32G411RBT6, STM32G411RCT3, STM32G411RCT6, STM32G414CBT3, STM32G414CBT6, STM32G414CBU3, STM32G414CBU6, STM32G414CCT3, STM32G414CCT6, STM32G414CCU3, STM32G414CCU6, STM32G414MBT3, STM32G414MBT6, STM32G414MCT3, STM32G414MCT6, STM32G414RBT3, STM32G414RBT6, STM32G414RCT3, STM32G414RCT6, STM32G414VBT3, STM32G414VBT6, STM32G414VCT3, STM32G414VCT6, STM32G431CBT3Z, STM32G431RBT3Z, STM32G471CCT6, STM32G471CCU6, STM32G471CET3, STM32G471CET6, STM32G471CEU3, STM32G471CEU6, STM32G471MCT6, STM32G471MET3, STM32G471MET6, STM32G471MEY6TR, STM32G471QCT6, STM32G471QET3, STM32G471RCT6, STM32G471RET3, STM32G471RET6, STM32G471VCH6, STM32G471VCI6, STM32G471VCT6, STM32G471VEH3, STM32G471VEH6, STM32G471VEI3, STM32G471VEI6, STM32G471VET3, STM32G471VET6, STM32G473QET3Z, STM32G473RET3Z, STM32G474CCT6, STM32G491RET3Z, STM32H503CBT6, STM32H503CBU6, STM32H503EBY6TR, STM32H503KBU6, STM32H503RBT6, STM32H523CCT6, STM32H523CCU6, STM32H523CET6, STM32H523CEU6, STM32H523HEY6TR, STM32H523RCT6, STM32H523RET6, STM32H523VCI6, STM32H523VCT6, STM32H523VEI6, STM32H523VET6, STM32H523ZCJ6, STM32H523ZCT6, STM32H523ZEJ6, STM32H523ZET6, STM32H533CET6, STM32H533CEU6, STM32H533HEY6TR, STM32H533RET6, STM32H533VEI6, STM32H533VET6, STM32H533ZEJ6, STM32H533ZET6, STM32H562AGI6, STM32H562AII6, STM32H562IGK6, STM32H562IGT6, STM32H562IIK6, STM32H562IIT6, STM32H562RGT6, STM32H562RGV6, STM32H562RIT6, STM32H562RIV6, STM32H562VGT6, STM32H562VIT6, STM32H562ZGT6, STM32H562ZIT6, STM32H563AGI6, STM32H563AII3Q, STM32H563AII6, STM32H563IGK6, STM32H563IGT6, STM32H563IIK3Q, STM32H563IIK6, STM32H563IIT3Q, STM32H563IIT6, STM32H563MIY3QTR, STM32H563RGT6, STM32H563RGV6, STM32H563RIT6, STM32H563RIV6, STM32H563VGT6, STM32H563VIT3Q, STM32H563VIT6, STM32H563ZGT6, STM32H563ZIT3Q, STM32H563ZIT6, STM32H573AII3Q, STM32H573AII6, STM32H573I-DK, STM32H573IIK3Q, STM32H573IIK6, STM32H573IIT3Q, STM32H573IIT6, STM32H573MIY3QTR, STM32H573RIT6, STM32H573RIV6, STM32H573VIT3Q, STM32H573VIT6, STM32H573ZIT3Q, STM32H573ZIT6, STM32H7R3A8I6, STM32H7R3I8K6, STM32H7R3I8T6, STM32H7R3L8H6, STM32H7R3L8H6H, STM32H7R3R8V6, STM32H7R3V8H6, STM32H7R3V8T6, STM32H7R3V8Y6TR, STM32H7R3Z8J6, STM32H7R3Z8T6, STM32H7R7A8I6, STM32H7R7I8K6, STM32H7R7I8T6, STM32H7R7L8H6, STM32H7R7L8H6H, STM32H7R7Z8J6, STM32H7S3A8I6, STM32H7S3I8K6, STM32H7S3I8T6, STM32H7S3L8H6, STM32H7S3L8H6H, STM32H7S3R8V6, STM32H7S3V8H6, STM32H7S3V8T6, STM32H7S3V8Y6TR, STM32H7S3Z8J6, STM32H7S3Z8T6, STM32H7S78-DK, STM32H7S7A8I6, STM32H7S7I8K6, STM32H7S7I8T6, STM32H7S7L8H6, STM32H7S7L8H6H, STM32H7S7Z8J6, STM32L4R5QGI6STR, STM32MP131AAE3, STM32MP131AAF3, STM32MP131AAG3, STM32MP131CAE3, STM32MP131CAF3, STM32MP131CAG3, STM32MP131DAE7, STM32MP131DAF7, STM32MP131DAG7, STM32MP131FAE7, STM32MP131FAF7, STM32MP131FAG7, STM32MP133AAE3, STM32MP133AAF3, STM32MP133AAG3, STM32MP133CAE3, STM32MP133CAF3, STM32MP133CAG3, STM32MP133DAE7, STM32MP133DAF7, STM32MP133DAG7, STM32MP133FAE7, STM32MP133FAF7, STM32MP133FAG7, STM32MP135AAE3, STM32MP135AAF3, STM32MP135AAG3, STM32MP135CAE3, STM32MP135CAF3, STM32MP135CAG3, STM32MP135DAE7, STM32MP135DAF7, STM32MP135DAG7, STM32MP135F-DK, STM32MP135FAE7, STM32MP135FAF7, STM32MP135FAF7T, STM32MP135FAF7U, STM32MP135FAG7, STM32MP231AAJ3, STM32MP231AAK3, STM32MP231AAL3, STM32MP231CAJ3, STM32MP231CAK3, STM32MP231CAL3, STM32MP231DAJ3, STM32MP231DAK3, STM32MP231DAL3, STM32MP231FAJ3, STM32MP231FAK3, STM32MP231FAL3, STM32MP233AAJ3, STM32MP233AAK3, STM32MP233AAL3, STM32MP233CAJ3, STM32MP233CAK3, STM32MP233CAL3, STM32MP233DAJ3, STM32MP233DAK3, STM32MP233DAL3, STM32MP233FAJ3, STM32MP233FAK3, STM32MP233FAL3, STM32MP235AAJ3, STM32MP235AAK3, STM32MP235AAL3, STM32MP235CAJ3, STM32MP235CAK3, STM32MP235CAL3, STM32MP235DAJ3, STM32MP235DAK3, STM32MP235DAL3, STM32MP235FAJ3, STM32MP235FAK3, STM32MP235FAL3, STM32MP251AAI3, STM32MP251AAJ3, STM32MP251AAK3, STM32MP251AAL3, STM32MP251CAI3, STM32MP251CAJ3, STM32MP251CAK3, STM32MP251CAL3, STM32MP251DAI3, STM32MP251DAJ3, STM32MP251DAK3, STM32MP251DAL3, STM32MP251FAI3, STM32MP251FAJ3, STM32MP251FAK3, STM32MP251FAL3, STM32MP253AAI3, STM32MP253AAJ3, STM32MP253AAK3, STM32MP253AAL3, STM32MP253CAI3, STM32MP253CAJ3, STM32MP253CAK3, STM32MP253CAL3, STM32MP253DAI3, STM32MP253DAJ3, STM32MP253DAK3, STM32MP253DAL3, STM32MP253FAI3, STM32MP253FAJ3, STM32MP253FAK3, STM32MP253FAL3, STM32MP255AAI3, STM32MP255AAJ3, STM32MP255AAK3, STM32MP255AAL3, STM32MP255CAI3, STM32MP255CAJ3, STM32MP255CAK3, STM32MP255CAL3, STM32MP255DAI3, STM32MP255DAJ3, STM32MP255DAK3, STM32MP255DAL3, STM32MP255FAI3, STM32MP255FAJ3, STM32MP255FAK3, STM32MP255FAL3, STM32MP257AAI3, STM32MP257AAJ3, STM32MP257AAK3, STM32MP257AAL3, STM32MP257CAI3, STM32MP257CAJ3, STM32MP257CAK3, STM32MP257CAL3, STM32MP257DAI3, STM32MP257DAJ3, STM32MP257DAK3, STM32MP257DAL3, STM32MP257F-DK, STM32MP257F-EV1, STM32MP257FAI3, STM32MP257FAJ3, STM32MP257FAK3, STM32MP257FAL3, STM32N645A0H3Q, STM32N645B0H3Q, STM32N645I0H3Q, STM32N645L0H3Q, STM32N645X0H3Q, STM32N645Z0H3Q, STM32N647A0H3Q, STM32N647B0H3Q, STM32N647I0H3Q, STM32N647L0H3Q, STM32N647X0H3Q, STM32N647Z0H3Q, STM32N655A0H3Q, STM32N655B0H3Q, STM32N655I0H3Q, STM32N655L0H3Q, STM32N655X0H3Q, STM32N655Z0H3Q, STM32N6570-DK, STM32N657A0H3Q, STM32N657B0H3Q, STM32N657I0H3Q, STM32N657L0H3Q, STM32N657X0H3Q, STM32N657Z0H3Q, STM32U031C6T6, STM32U031C6U6, STM32U031C8T6, STM32U031C8U6, STM32U031F4P6, STM32U031F6P6, STM32U031F8P6, STM32U031G6Y6TR, STM32U031G8Y6TR, STM32U031K4U6, STM32U031K6U6, STM32U031K8U6, STM32U031R6I6, STM32U031R6T6, STM32U031R8I6, STM32U031R8T6, STM32U073C8T6, STM32U073C8U6, STM32U073CBT6, STM32U073CBU6, STM32U073CCT6, STM32U073CCU6, STM32U073H8Y6TR, STM32U073HBY6TR, STM32U073HCY6TR, STM32U073K8U6, STM32U073KBU6, STM32U073KCU6, STM32U073M8I6, STM32U073M8T6, STM32U073MBI6, STM32U073MBT6, STM32U073MCI6, STM32U073MCT6, STM32U073R8I6, STM32U073R8T6, STM32U073RBI6, STM32U073RBT6, STM32U073RCI6, STM32U073RCT6, STM32U083C-DK, STM32U083CCT6, STM32U083CCU6, STM32U083HCY6TR, STM32U083KCU6, STM32U083MCI6, STM32U083MCT6, STM32U083RCI6, STM32U083RCT6, STM32U375CET6, STM32U375CET6Q, STM32U375CEU6, STM32U375CEU6Q, STM32U375CEY6QTR, STM32U375CGT6, STM32U375CGT6Q, STM32U375CGU6, STM32U375CGU6Q, STM32U375CGY6QTR, STM32U375KEU6, STM32U375KGU6, STM32U375REI6, STM32U375REI6Q, STM32U375RET6, STM32U375RET6Q, STM32U375REY6GTR, STM32U375REY6QTR, STM32U375RGI6, STM32U375RGI6Q, STM32U375RGT6, STM32U375RGT6Q, STM32U375RGY6GTR, STM32U375RGY6QTR, STM32U375VEI6, STM32U375VEI6Q, STM32U375VET6, STM32U375VET6Q, STM32U375VGI6, STM32U375VGI6Q, STM32U375VGT6, STM32U375VGT6Q, STM32U385CGT6, STM32U385CGT6Q, STM32U385CGU6, STM32U385CGU6Q, STM32U385CGY6QTR, STM32U385KGU6, STM32U385RGI6, STM32U385RGI6Q, STM32U385RGT6, STM32U385RGT6Q, STM32U385RGY6GTR, STM32U385RGY6QTR, STM32U385VGI6, STM32U385VGI6Q, STM32U385VGT6, STM32U385VGT6Q, STM32U535CBT6, STM32U535CBT6Q, STM32U535CBU6, STM32U535CBU6Q, STM32U535CCT6, STM32U535CCT6Q, STM32U535CCU6, STM32U535CCU6Q, STM32U535CET6, STM32U535CET6Q, STM32U535CEU6, STM32U535CEU6Q, STM32U535JEY6QTR, STM32U535NCY6QTR, STM32U535NEY6QTR, STM32U535RBI6, STM32U535RBI6Q, STM32U535RBT6, STM32U535RBT6Q, STM32U535RCI6, STM32U535RCI6Q, STM32U535RCT6, STM32U535RCT6Q, STM32U535REI6, STM32U535REI6Q, STM32U535RET6, STM32U535RET6Q, STM32U535VCI6, STM32U535VCI6Q, STM32U535VCT6, STM32U535VCT6Q, STM32U535VEI6, STM32U535VEI6Q, STM32U535VET6, STM32U535VET6Q, STM32U545CET6, STM32U545CET6Q, STM32U545CEU6, STM32U545CEU6Q, STM32U545JEY6QTR, STM32U545NEY6QTR, STM32U545REI6, STM32U545REI6Q, STM32U545RET6, STM32U545RET6Q, STM32U545VEI6, STM32U545VEI6Q, STM32U545VET6, STM32U545VET6Q, STM32U595AIH6, STM32U595AIH6Q, STM32U595AJH6, STM32U595AJH6Q, STM32U595QII6, STM32U595QII6Q, STM32U595QJI6, STM32U595QJI6Q, STM32U595RIT6, STM32U595RIT6Q, STM32U595RJT6, STM32U595RJT6Q, STM32U595VIT6, STM32U595VIT6Q, STM32U595VJT6, STM32U595VJT6Q, STM32U595ZIT6, STM32U595ZIT6Q, STM32U595ZIY6QTR, STM32U595ZJT6, STM32U595ZJT6Q, STM32U595ZJY6QTR, STM32U599BJY6QTR, STM32U599NIH6Q, STM32U599NJH6Q, STM32U599VIT6Q, STM32U599VJT6, STM32U599VJT6Q, STM32U599ZIT6Q, STM32U599ZIY6QTR, STM32U599ZJT6Q, STM32U599ZJY6QTR, STM32U5A5AJH6, STM32U5A5AJH6Q, STM32U5A5QII3Q , STM32U5A5QJI6, STM32U5A5QJI6Q, STM32U5A5RJT6, STM32U5A5RJT6Q, STM32U5A5VJT6, STM32U5A5VJT6Q, STM32U5A5ZJT6, STM32U5A5ZJT6Q, STM32U5A5ZJY6QTR, STM32U5A9BJY6QTR, STM32U5A9J-DK, STM32U5A9NJH6Q, STM32U5A9VJT6Q, STM32U5A9ZJT6Q, STM32U5A9ZJY6QTR, STM32U5F7VIT6, STM32U5F7VIT6Q, STM32U5F7VJT6, STM32U5F7VJT6Q, STM32U5F9BJY6QTR, STM32U5F9NJH6Q, STM32U5F9VIT6Q, STM32U5F9VJT6Q, STM32U5F9ZIJ6QTR, STM32U5F9ZIT6Q, STM32U5F9ZJJ6QTR, STM32U5F9ZJT6Q, STM32U5G7VJT6, STM32U5G7VJT6Q, STM32U5G9BJY6QTR, STM32U5G9J-DK1, STM32U5G9J-DK2, STM32U5G9NJH6Q, STM32U5G9VJT6Q, STM32U5G9ZJJ6QTR, STM32U5G9ZJT6Q, STM32WB05KZV6TR, STM32WB05KZV7TR, STM32WB05TZF6TR, STM32WB05TZF7TR, STM32WB06CCF6TR, STM32WB06CCF7TR, STM32WB06CCV6TR, STM32WB06CCV7TR, STM32WB06KCV6TR, STM32WB06KCV7TR, STM32WB07CCF6TR, STM32WB07CCF7TR, STM32WB07CCV6TR, STM32WB07CCV7TR, STM32WB07KCV6TR, STM32WB07KCV7TR, STM32WB09KEV6TR, STM32WB09KEV7TR, STM32WB09TEF6TR, STM32WB09TEF7TR, STM32WB1MMCH6, STM32WBA50KGU6, STM32WBA50KGU6TR, STM32WBA52CEU6, STM32WBA52CEU6TR, STM32WBA52CEU7, STM32WBA52CEU7TR, STM32WBA52CGU6, STM32WBA52CGU6TR, STM32WBA52CGU6U, STM32WBA52CGU7, STM32WBA52CGU7TR, STM32WBA52KEU6, STM32WBA52KEU6TR, STM32WBA52KGU6, STM32WBA52KGU6TR, STM32WBA54CEU6, STM32WBA54CEU6TR, STM32WBA54CEU7, STM32WBA54CEU7TR, STM32WBA54CGU6, STM32WBA54CGU6TR, STM32WBA54CGU7, STM32WBA54CGU7TR, STM32WBA54KEU6, STM32WBA54KEU6TR, STM32WBA54KEU7, STM32WBA54KEU7TR, STM32WBA54KGU6, STM32WBA54KGU6TR, STM32WBA54KGU7, STM32WBA54KGU7TR, STM32WBA55CEU6, STM32WBA55CEU6TR, STM32WBA55CEU7, STM32WBA55CEU7TR, STM32WBA55CGU6, STM32WBA55CGU6TR, STM32WBA55CGU6U, STM32WBA55CGU7, STM32WBA55CGU7TR, STM32WBA55G-DK1, STM32WBA55HEF6, STM32WBA55HEF7, STM32WBA55HGF6, STM32WBA55HGF7, STM32WBA55UEI6, STM32WBA55UEI6TR, STM32WBA55UEI7, STM32WBA55UEI7TR, STM32WBA55UGI6, STM32WBA55UGI6TR, STM32WBA55UGI7, STM32WBA55UGI7TR, STM32WBA5MJGH6TR, STM32WBA62CGU6, STM32WBA62CIU6, STM32WBA62MGF6, STM32WBA62MIF6, STM32WBA62PGI6, STM32WBA62PII6, STM32WBA63CGU6, STM32WBA63CGU7, STM32WBA63CIU6, STM32WBA63CIU7, STM32WBA64CGU6, STM32WBA64CGU7, STM32WBA64CIU6, STM32WBA64CIU7, STM32WBA65CGU6, STM32WBA65CGU7, STM32WBA65CIU6, STM32WBA65CIU7, STM32WBA65I-DK1, STM32WBA65MGF6, STM32WBA65MGF7, STM32WBA65MIF6, STM32WBA65MIF7, STM32WBA65PGI6, STM32WBA65PGI7, STM32WBA65PII6, STM32WBA65PII7, STM32WBA65RGV6, STM32WBA65RGV7, STM32WBA65RIV6, STM32WBA65RIV7, STM32WL30K8V6, STM32WL30KBV6, STM32WL31C8V6, STM32WL31CBV6, STM32WL31K8V6, STM32WL31KBV6, STM32WL33C8V6, STM32WL33C8V6TR, STM32WL33C8V7, STM32WL33C8V7TR, STM32WL33CBV6, STM32WL33CBV6TR, STM32WL33CBV7, STM32WL33CBV7TR, STM32WL33CCV6, STM32WL33CCV6TR, STM32WL33CCV7, STM32WL33CCV7A, STM32WL33CCV7ATR, STM32WL33CCV7TR, STM32WL33K8V6, STM32WL33K8V6TR, STM32WL33K8V7, STM32WL33K8V7TR, STM32WL33KBV6, STM32WL33KBV6TR, STM32WL33KBV7, STM32WL33KBV7TR, STM32WL33KCV6, STM32WL33KCV6TR, STM32WL33KCV7, STM32WL33KCV7TR, STM32WL5MOCH6, STM32WL5MOCH6TR]
2026-05-11 12:41:59,564 [INFO] ApiDb:668 - CubeFinder database Data Model version=2.1
2026-05-11 12:41:59,565 [INFO] ApiDb:669 - CubeFinder database Configuration version=3.0.42
2026-05-11 12:41:59,566 [INFO] ApiDb:670 - CubeFinder database generation date=2026-05-06 (1778060171)
2026-05-11 12:41:59,567 [INFO] ApiDb:671 - CubeFinder database FW Pack versions=[FP-ATR-ASTRA1_V2.0.0, FP-SNS-FLIGHT1_V5.1.0, FP-SNS-MOTENV1_V5.1.0, FP-SNS-MOTENVWB1_V1.5.0, FP-SNS-SMARTAG2_V1.2.0, FP-SNS-STBOX1_V2.1.0, STM32Cube_FW_C0_V1.4.0, STM32Cube_FW_F4_V1.28.3, STM32Cube_FW_F7_V1.17.4, STM32Cube_FW_G0_V1.6.3, STM32Cube_FW_G4_V1.6.2, STM32Cube_FW_H5_V1.6.0, STM32Cube_FW_H7RS_V1.3.0, STM32Cube_FW_H7_V1.13.0, STM32Cube_FW_L0_V1.12.2, STM32Cube_FW_L4_V1.18.2, STM32Cube_FW_L5_V1.6.0, STM32Cube_FW_N6_V1.3.0, STM32Cube_FW_U0_V1.3.0, STM32Cube_FW_U3_V1.3.0, STM32Cube_FW_U5_V1.8.0, STM32Cube_FW_WB0_V1.4.0, STM32Cube_FW_WBA_V1.9.0, STM32Cube_FW_WB_V1.24.0, STM32Cube_FW_WL3_V1.4.0, STM32Cube_FW_WL_V1.5.0, X-CUBE-ALGOBUILD_V1.4.0, X-CUBE-ALS_V1.0.2, X-CUBE-AZRTOS-F4_V1.1.0, X-CUBE-AZRTOS-F7_V1.1.0, X-CUBE-AZRTOS-G0_V1.1.0, X-CUBE-AZRTOS-G4_V2.0.0, X-CUBE-AZRTOS-H7RS_V1.1.0, X-CUBE-AZRTOS-H7_V3.5.0, X-CUBE-AZRTOS-L4_V2.0.0, X-CUBE-AZRTOS-L5_V2.0.0, X-CUBE-AZRTOS-WB_V2.0.0, X-CUBE-AZRTOS-WL_V2.0.0, X-CUBE-BLE1_V7.1.0, X-CUBE-BLE2_V3.3.0, X-CUBE-BLEMGR_V4.1.0, X-CUBE-EEPRMA1_V5.2.0, X-CUBE-FREERTOS_V1.5.0, X-CUBE-GNSS1_V6.0.0, X-CUBE-MEMS1_V12.0.0, X-CUBE-NFC4_V3.0.0, X-CUBE-NFC7_V2.0.0, X-CUBE-SFXS2LP1_V4.0.0, X-CUBE-ST67W61_V1.2.0, X-CUBE-SUBG2_V5.0.0, X-CUBE-TOF1_V3.4.3]
2026-05-11 12:42:05,440 [INFO] ApiDb:240 - Found 895 in-development CPN: [B-G473E-ZEST1S, B-WB1M-WPAN1, B-WBA5M-WPAN, B-WL5M-SUBG1, NUCLEO-C031C6, NUCLEO-C051C8, NUCLEO-C071RB, NUCLEO-C092RC, NUCLEO-H503RB, NUCLEO-H533RE, NUCLEO-H563ZI, NUCLEO-H7S3L8, NUCLEO-N657X0-Q, NUCLEO-U031R8, NUCLEO-U083RC, NUCLEO-U385RG-Q, NUCLEO-U545RE-Q, NUCLEO-U5A5ZJ-Q, NUCLEO-WB05KZ, NUCLEO-WB07CC, NUCLEO-WB09KE, NUCLEO-WBA52CG, NUCLEO-WBA55CG, NUCLEO-WBA65RI, NUCLEO-WL33CC1, NUCLEO-WL33CC2, STEVAL-PROTEUS1, STEVAL-SMARTAG2, STEVAL-STWINBX1, STM320518-EVAL, STM32C0116-DK, STM32C011D6Y3TR, STM32C011D6Y6TR, STM32C011F4P3, STM32C011F4P6, STM32C011F4U3, STM32C011F4U6TR, STM32C011F6P3, STM32C011F6P6, STM32C011F6U3, STM32C011F6U6TR, STM32C011J4M3, STM32C011J4M6, STM32C011J6M3, STM32C011J6M6, STM32C0316-DK, STM32C031C4T3, STM32C031C4T6, STM32C031C4U3, STM32C031C4U6, STM32C031C6T3, STM32C031C6T6, STM32C031C6U3, STM32C031C6U6, STM32C031F4P3, STM32C031F4P6, STM32C031F6P3, STM32C031F6P6, STM32C031G4U3, STM32C031G4U6, STM32C031G6U3, STM32C031G6U6, STM32C031K4T3, STM32C031K4T6, STM32C031K4U3, STM32C031K4U6, STM32C031K6T3, STM32C031K6T6, STM32C031K6U3, STM32C031K6U6, STM32C051C6T6, STM32C051C6U6, STM32C051C8T6, STM32C051C8U6, STM32C051D8Y6TR, STM32C051F6P6, STM32C051F8P6, STM32C051G6U6, STM32C051G8U6, STM32C051K6T6, STM32C051K6U6, STM32C051K8T6, STM32C071C8T6, STM32C071C8T6N, STM32C071C8U6, STM32C071C8U6N, STM32C071CBT6, STM32C071CBT6N, STM32C071CBU6, STM32C071CBU6N, STM32C071F8P6, STM32C071F8P6N, STM32C071FBP6, STM32C071FBP6N, STM32C071FBY6TR, STM32C071G8U6, STM32C071G8U6N, STM32C071GBU6, STM32C071GBU6N, STM32C071K8T6, STM32C071K8T6N, STM32C071K8U6, STM32C071K8U6N, STM32C071KBT6, STM32C071KBT6N, STM32C071KBU6, STM32C071KBU6N, STM32C071R8T6, STM32C071R8T6N, STM32C071RBI6N, STM32C071RBT6, STM32C071RBT6N, STM32C091CBT6, STM32C091CBU6, STM32C091CCT6, STM32C091CCU6, STM32C091ECY6TR, STM32C091FBP6, STM32C091FCP6, STM32C091GBU6, STM32C091GCU6, STM32C091KBT6, STM32C091KBU6, STM32C091KCT6, STM32C091KCU6, STM32C091RBT6, STM32C091RCI6, STM32C091RCT6, STM32C092CBT6, STM32C092CBU6, STM32C092CCT6, STM32C092CCU6, STM32C092ECY6TR, STM32C092FBP6, STM32C092FCP6, STM32C092GBU6, STM32C092GCU6, STM32C092KBT6, STM32C092KBU6, STM32C092KCT6, STM32C092KCU6, STM32C092RBT6, STM32C092RCI6, STM32C092RCT6, STM32G071K8TXN, STM32G071K8UXN, STM32G081GBU6N, STM32G081KBT6N, STM32G081KBUXN, STM32G0B1CCT6N, STM32G0B1KCT6, STM32G0B1NEY6TR, STM32G0B1RCT6N, STM32G0C1CCT6, STM32G0C1CCT6N, STM32G0C1CCU6N, STM32G0C1CET6N, STM32G0C1CEU6N, STM32G0C1KCT6, STM32G0C1NEY6TR, STM32G0C1RCI6N, STM32G0C1RCT6N, STM32G0C1REI6N, STM32G0C1RET6N, STM32G0C1VCI6, STM32G0C1VEI6, STM32G411C6T3, STM32G411C6T6, STM32G411C6U3, STM32G411C6U6, STM32G411C8T3, STM32G411C8T6, STM32G411C8U3, STM32G411C8U6, STM32G411CBT3, STM32G411CBT6, STM32G411CBU3, STM32G411CBU6, STM32G411CCT3, STM32G411CCT6, STM32G411CCU3, STM32G411CCU6, STM32G411K6T3, STM32G411K6T6, STM32G411K6U3, STM32G411K6U6, STM32G411K8T3, STM32G411K8T6, STM32G411K8U3, STM32G411K8U6, STM32G411KBT3, STM32G411KBT6, STM32G411KBU3, STM32G411KBU6, STM32G411M6T3, STM32G411M6T6, STM32G411M8T3, STM32G411M8T6, STM32G411MBT3, STM32G411MBT6, STM32G411MCT3, STM32G411MCT6, STM32G411R6T3, STM32G411R6T6, STM32G411R8T3, STM32G411R8T6, STM32G411RBT3, STM32G411RBT6, STM32G411RCT3, STM32G411RCT6, STM32G414CBT3, STM32G414CBT6, STM32G414CBU3, STM32G414CBU6, STM32G414CCT3, STM32G414CCT6, STM32G414CCU3, STM32G414CCU6, STM32G414MBT3, STM32G414MBT6, STM32G414MCT3, STM32G414MCT6, STM32G414RBT3, STM32G414RBT6, STM32G414RCT3, STM32G414RCT6, STM32G414VBT3, STM32G414VBT6, STM32G414VCT3, STM32G414VCT6, STM32G431CBT3Z, STM32G431RBT3Z, STM32G471CCT6, STM32G471CCU6, STM32G471CET3, STM32G471CET6, STM32G471CEU3, STM32G471CEU6, STM32G471MCT6, STM32G471MET3, STM32G471MET6, STM32G471MEY6TR, STM32G471QCT6, STM32G471QET3, STM32G471RCT6, STM32G471RET3, STM32G471RET6, STM32G471VCH6, STM32G471VCI6, STM32G471VCT6, STM32G471VEH3, STM32G471VEH6, STM32G471VEI3, STM32G471VEI6, STM32G471VET3, STM32G471VET6, STM32G473QET3Z, STM32G473RET3Z, STM32G474CCT6, STM32G491RET3Z, STM32H503CBT6, STM32H503CBU6, STM32H503EBY6TR, STM32H503KBU6, STM32H503RBT6, STM32H523CCT6, STM32H523CCU6, STM32H523CET6, STM32H523CEU6, STM32H523HEY6TR, STM32H523RCT6, STM32H523RET6, STM32H523VCI6, STM32H523VCT6, STM32H523VEI6, STM32H523VET6, STM32H523ZCJ6, STM32H523ZCT6, STM32H523ZEJ6, STM32H523ZET6, STM32H533CET6, STM32H533CEU6, STM32H533HEY6TR, STM32H533RET6, STM32H533VEI6, STM32H533VET6, STM32H533ZEJ6, STM32H533ZET6, STM32H562AGI6, STM32H562AII6, STM32H562IGK6, STM32H562IGT6, STM32H562IIK6, STM32H562IIT6, STM32H562RGT6, STM32H562RGV6, STM32H562RIT6, STM32H562RIV6, STM32H562VGT6, STM32H562VIT6, STM32H562ZGT6, STM32H562ZIT6, STM32H563AGI6, STM32H563AII3Q, STM32H563AII6, STM32H563IGK6, STM32H563IGT6, STM32H563IIK3Q, STM32H563IIK6, STM32H563IIT3Q, STM32H563IIT6, STM32H563MIY3QTR, STM32H563RGT6, STM32H563RGV6, STM32H563RIT6, STM32H563RIV6, STM32H563VGT6, STM32H563VIT3Q, STM32H563VIT6, STM32H563ZGT6, STM32H563ZIT3Q, STM32H563ZIT6, STM32H573AII3Q, STM32H573AII6, STM32H573I-DK, STM32H573IIK3Q, STM32H573IIK6, STM32H573IIT3Q, STM32H573IIT6, STM32H573MIY3QTR, STM32H573RIT6, STM32H573RIV6, STM32H573VIT3Q, STM32H573VIT6, STM32H573ZIT3Q, STM32H573ZIT6, STM32H7R3A8I6, STM32H7R3I8K6, STM32H7R3I8T6, STM32H7R3L8H6, STM32H7R3L8H6H, STM32H7R3R8V6, STM32H7R3V8H6, STM32H7R3V8T6, STM32H7R3V8Y6TR, STM32H7R3Z8J6, STM32H7R3Z8T6, STM32H7R7A8I6, STM32H7R7I8K6, STM32H7R7I8T6, STM32H7R7L8H6, STM32H7R7L8H6H, STM32H7R7Z8J6, STM32H7S3A8I6, STM32H7S3I8K6, STM32H7S3I8T6, STM32H7S3L8H6, STM32H7S3L8H6H, STM32H7S3R8V6, STM32H7S3V8H6, STM32H7S3V8T6, STM32H7S3V8Y6TR, STM32H7S3Z8J6, STM32H7S3Z8T6, STM32H7S78-DK, STM32H7S7A8I6, STM32H7S7I8K6, STM32H7S7I8T6, STM32H7S7L8H6, STM32H7S7L8H6H, STM32H7S7Z8J6, STM32L4R5QGI6STR, STM32MP131AAE3, STM32MP131AAF3, STM32MP131AAG3, STM32MP131CAE3, STM32MP131CAF3, STM32MP131CAG3, STM32MP131DAE7, STM32MP131DAF7, STM32MP131DAG7, STM32MP131FAE7, STM32MP131FAF7, STM32MP131FAG7, STM32MP133AAE3, STM32MP133AAF3, STM32MP133AAG3, STM32MP133CAE3, STM32MP133CAF3, STM32MP133CAG3, STM32MP133DAE7, STM32MP133DAF7, STM32MP133DAG7, STM32MP133FAE7, STM32MP133FAF7, STM32MP133FAG7, STM32MP135AAE3, STM32MP135AAF3, STM32MP135AAG3, STM32MP135CAE3, STM32MP135CAF3, STM32MP135CAG3, STM32MP135DAE7, STM32MP135DAF7, STM32MP135DAG7, STM32MP135F-DK, STM32MP135FAE7, STM32MP135FAF7, STM32MP135FAF7T, STM32MP135FAF7U, STM32MP135FAG7, STM32MP231AAJ3, STM32MP231AAK3, STM32MP231AAL3, STM32MP231CAJ3, STM32MP231CAK3, STM32MP231CAL3, STM32MP231DAJ3, STM32MP231DAK3, STM32MP231DAL3, STM32MP231FAJ3, STM32MP231FAK3, STM32MP231FAL3, STM32MP233AAJ3, STM32MP233AAK3, STM32MP233AAL3, STM32MP233CAJ3, STM32MP233CAK3, STM32MP233CAL3, STM32MP233DAJ3, STM32MP233DAK3, STM32MP233DAL3, STM32MP233FAJ3, STM32MP233FAK3, STM32MP233FAL3, STM32MP235AAJ3, STM32MP235AAK3, STM32MP235AAL3, STM32MP235CAJ3, STM32MP235CAK3, STM32MP235CAL3, STM32MP235DAJ3, STM32MP235DAK3, STM32MP235DAL3, STM32MP235FAJ3, STM32MP235FAK3, STM32MP235FAL3, STM32MP251AAI3, STM32MP251AAJ3, STM32MP251AAK3, STM32MP251AAL3, STM32MP251CAI3, STM32MP251CAJ3, STM32MP251CAK3, STM32MP251CAL3, STM32MP251DAI3, STM32MP251DAJ3, STM32MP251DAK3, STM32MP251DAL3, STM32MP251FAI3, STM32MP251FAJ3, STM32MP251FAK3, STM32MP251FAL3, STM32MP253AAI3, STM32MP253AAJ3, STM32MP253AAK3, STM32MP253AAL3, STM32MP253CAI3, STM32MP253CAJ3, STM32MP253CAK3, STM32MP253CAL3, STM32MP253DAI3, STM32MP253DAJ3, STM32MP253DAK3, STM32MP253DAL3, STM32MP253FAI3, STM32MP253FAJ3, STM32MP253FAK3, STM32MP253FAL3, STM32MP255AAI3, STM32MP255AAJ3, STM32MP255AAK3, STM32MP255AAL3, STM32MP255CAI3, STM32MP255CAJ3, STM32MP255CAK3, STM32MP255CAL3, STM32MP255DAI3, STM32MP255DAJ3, STM32MP255DAK3, STM32MP255DAL3, STM32MP255FAI3, STM32MP255FAJ3, STM32MP255FAK3, STM32MP255FAL3, STM32MP257AAI3, STM32MP257AAJ3, STM32MP257AAK3, STM32MP257AAL3, STM32MP257CAI3, STM32MP257CAJ3, STM32MP257CAK3, STM32MP257CAL3, STM32MP257DAI3, STM32MP257DAJ3, STM32MP257DAK3, STM32MP257DAL3, STM32MP257F-DK, STM32MP257F-EV1, STM32MP257FAI3, STM32MP257FAJ3, STM32MP257FAK3, STM32MP257FAL3, STM32N645A0H3Q, STM32N645B0H3Q, STM32N645I0H3Q, STM32N645L0H3Q, STM32N645X0H3Q, STM32N645Z0H3Q, STM32N647A0H3Q, STM32N647B0H3Q, STM32N647I0H3Q, STM32N647L0H3Q, STM32N647X0H3Q, STM32N647Z0H3Q, STM32N655A0H3Q, STM32N655B0H3Q, STM32N655I0H3Q, STM32N655L0H3Q, STM32N655X0H3Q, STM32N655Z0H3Q, STM32N6570-DK, STM32N657A0H3Q, STM32N657B0H3Q, STM32N657I0H3Q, STM32N657L0H3Q, STM32N657X0H3Q, STM32N657Z0H3Q, STM32U031C6T6, STM32U031C6U6, STM32U031C8T6, STM32U031C8U6, STM32U031F4P6, STM32U031F6P6, STM32U031F8P6, STM32U031G6Y6TR, STM32U031G8Y6TR, STM32U031K4U6, STM32U031K6U6, STM32U031K8U6, STM32U031R6I6, STM32U031R6T6, STM32U031R8I6, STM32U031R8T6, STM32U073C8T6, STM32U073C8U6, STM32U073CBT6, STM32U073CBU6, STM32U073CCT6, STM32U073CCU6, STM32U073H8Y6TR, STM32U073HBY6TR, STM32U073HCY6TR, STM32U073K8U6, STM32U073KBU6, STM32U073KCU6, STM32U073M8I6, STM32U073M8T6, STM32U073MBI6, STM32U073MBT6, STM32U073MCI6, STM32U073MCT6, STM32U073R8I6, STM32U073R8T6, STM32U073RBI6, STM32U073RBT6, STM32U073RCI6, STM32U073RCT6, STM32U083C-DK, STM32U083CCT6, STM32U083CCU6, STM32U083HCY6TR, STM32U083KCU6, STM32U083MCI6, STM32U083MCT6, STM32U083RCI6, STM32U083RCT6, STM32U375CET6, STM32U375CET6Q, STM32U375CEU6, STM32U375CEU6Q, STM32U375CEY6QTR, STM32U375CGT6, STM32U375CGT6Q, STM32U375CGU6, STM32U375CGU6Q, STM32U375CGY6QTR, STM32U375KEU6, STM32U375KGU6, STM32U375REI6, STM32U375REI6Q, STM32U375RET6, STM32U375RET6Q, STM32U375REY6GTR, STM32U375REY6QTR, STM32U375RGI6, STM32U375RGI6Q, STM32U375RGT6, STM32U375RGT6Q, STM32U375RGY6GTR, STM32U375RGY6QTR, STM32U375VEI6, STM32U375VEI6Q, STM32U375VET6, STM32U375VET6Q, STM32U375VGI6, STM32U375VGI6Q, STM32U375VGT6, STM32U375VGT6Q, STM32U385CGT6, STM32U385CGT6Q, STM32U385CGU6, STM32U385CGU6Q, STM32U385CGY6QTR, STM32U385KGU6, STM32U385RGI6, STM32U385RGI6Q, STM32U385RGT6, STM32U385RGT6Q, STM32U385RGY6GTR, STM32U385RGY6QTR, STM32U385VGI6, STM32U385VGI6Q, STM32U385VGT6, STM32U385VGT6Q, STM32U535CBT6, STM32U535CBT6Q, STM32U535CBU6, STM32U535CBU6Q, STM32U535CCT6, STM32U535CCT6Q, STM32U535CCU6, STM32U535CCU6Q, STM32U535CET6, STM32U535CET6Q, STM32U535CEU6, STM32U535CEU6Q, STM32U535JEY6QTR, STM32U535NCY6QTR, STM32U535NEY6QTR, STM32U535RBI6, STM32U535RBI6Q, STM32U535RBT6, STM32U535RBT6Q, STM32U535RCI6, STM32U535RCI6Q, STM32U535RCT6, STM32U535RCT6Q, STM32U535REI6, STM32U535REI6Q, STM32U535RET6, STM32U535RET6Q, STM32U535VCI6, STM32U535VCI6Q, STM32U535VCT6, STM32U535VCT6Q, STM32U535VEI6, STM32U535VEI6Q, STM32U535VET6, STM32U535VET6Q, STM32U545CET6, STM32U545CET6Q, STM32U545CEU6, STM32U545CEU6Q, STM32U545JEY6QTR, STM32U545NEY6QTR, STM32U545REI6, STM32U545REI6Q, STM32U545RET6, STM32U545RET6Q, STM32U545VEI6, STM32U545VEI6Q, STM32U545VET6, STM32U545VET6Q, STM32U595AIH6, STM32U595AIH6Q, STM32U595AJH6, STM32U595AJH6Q, STM32U595QII6, STM32U595QII6Q, STM32U595QJI6, STM32U595QJI6Q, STM32U595RIT6, STM32U595RIT6Q, STM32U595RJT6, STM32U595RJT6Q, STM32U595VIT6, STM32U595VIT6Q, STM32U595VJT6, STM32U595VJT6Q, STM32U595ZIT6, STM32U595ZIT6Q, STM32U595ZIY6QTR, STM32U595ZJT6, STM32U595ZJT6Q, STM32U595ZJY6QTR, STM32U599BJY6QTR, STM32U599NIH6Q, STM32U599NJH6Q, STM32U599VIT6Q, STM32U599VJT6, STM32U599VJT6Q, STM32U599ZIT6Q, STM32U599ZIY6QTR, STM32U599ZJT6Q, STM32U599ZJY6QTR, STM32U5A5AJH6, STM32U5A5AJH6Q, STM32U5A5QII3Q , STM32U5A5QJI6, STM32U5A5QJI6Q, STM32U5A5RJT6, STM32U5A5RJT6Q, STM32U5A5VJT6, STM32U5A5VJT6Q, STM32U5A5ZJT6, STM32U5A5ZJT6Q, STM32U5A5ZJY6QTR, STM32U5A9BJY6QTR, STM32U5A9J-DK, STM32U5A9NJH6Q, STM32U5A9VJT6Q, STM32U5A9ZJT6Q, STM32U5A9ZJY6QTR, STM32U5F7VIT6, STM32U5F7VIT6Q, STM32U5F7VJT6, STM32U5F7VJT6Q, STM32U5F9BJY6QTR, STM32U5F9NJH6Q, STM32U5F9VIT6Q, STM32U5F9VJT6Q, STM32U5F9ZIJ6QTR, STM32U5F9ZIT6Q, STM32U5F9ZJJ6QTR, STM32U5F9ZJT6Q, STM32U5G7VJT6, STM32U5G7VJT6Q, STM32U5G9BJY6QTR, STM32U5G9J-DK1, STM32U5G9J-DK2, STM32U5G9NJH6Q, STM32U5G9VJT6Q, STM32U5G9ZJJ6QTR, STM32U5G9ZJT6Q, STM32WB05KZV6TR, STM32WB05KZV7TR, STM32WB05TZF6TR, STM32WB05TZF7TR, STM32WB06CCF6TR, STM32WB06CCF7TR, STM32WB06CCV6TR, STM32WB06CCV7TR, STM32WB06KCV6TR, STM32WB06KCV7TR, STM32WB07CCF6TR, STM32WB07CCF7TR, STM32WB07CCV6TR, STM32WB07CCV7TR, STM32WB07KCV6TR, STM32WB07KCV7TR, STM32WB09KEV6TR, STM32WB09KEV7TR, STM32WB09TEF6TR, STM32WB09TEF7TR, STM32WB1MMCH6, STM32WBA50KGU6, STM32WBA50KGU6TR, STM32WBA52CEU6, STM32WBA52CEU6TR, STM32WBA52CEU7, STM32WBA52CEU7TR, STM32WBA52CGU6, STM32WBA52CGU6TR, STM32WBA52CGU6U, STM32WBA52CGU7, STM32WBA52CGU7TR, STM32WBA52KEU6, STM32WBA52KEU6TR, STM32WBA52KGU6, STM32WBA52KGU6TR, STM32WBA54CEU6, STM32WBA54CEU6TR, STM32WBA54CEU7, STM32WBA54CEU7TR, STM32WBA54CGU6, STM32WBA54CGU6TR, STM32WBA54CGU7, STM32WBA54CGU7TR, STM32WBA54KEU6, STM32WBA54KEU6TR, STM32WBA54KEU7, STM32WBA54KEU7TR, STM32WBA54KGU6, STM32WBA54KGU6TR, STM32WBA54KGU7, STM32WBA54KGU7TR, STM32WBA55CEU6, STM32WBA55CEU6TR, STM32WBA55CEU7, STM32WBA55CEU7TR, STM32WBA55CGU6, STM32WBA55CGU6TR, STM32WBA55CGU6U, STM32WBA55CGU7, STM32WBA55CGU7TR, STM32WBA55G-DK1, STM32WBA55HEF6, STM32WBA55HEF7, STM32WBA55HGF6, STM32WBA55HGF7, STM32WBA55UEI6, STM32WBA55UEI6TR, STM32WBA55UEI7, STM32WBA55UEI7TR, STM32WBA55UGI6, STM32WBA55UGI6TR, STM32WBA55UGI7, STM32WBA55UGI7TR, STM32WBA5MJGH6TR, STM32WBA62CGU6, STM32WBA62CIU6, STM32WBA62MGF6, STM32WBA62MIF6, STM32WBA62PGI6, STM32WBA62PII6, STM32WBA63CGU6, STM32WBA63CGU7, STM32WBA63CIU6, STM32WBA63CIU7, STM32WBA64CGU6, STM32WBA64CGU7, STM32WBA64CIU6, STM32WBA64CIU7, STM32WBA65CGU6, STM32WBA65CGU7, STM32WBA65CIU6, STM32WBA65CIU7, STM32WBA65I-DK1, STM32WBA65MGF6, STM32WBA65MGF7, STM32WBA65MIF6, STM32WBA65MIF7, STM32WBA65PGI6, STM32WBA65PGI7, STM32WBA65PII6, STM32WBA65PII7, STM32WBA65RGV6, STM32WBA65RGV7, STM32WBA65RIV6, STM32WBA65RIV7, STM32WL30K8V6, STM32WL30KBV6, STM32WL31C8V6, STM32WL31CBV6, STM32WL31K8V6, STM32WL31KBV6, STM32WL33C8V6, STM32WL33C8V6TR, STM32WL33C8V7, STM32WL33C8V7TR, STM32WL33CBV6, STM32WL33CBV6TR, STM32WL33CBV7, STM32WL33CBV7TR, STM32WL33CCV6, STM32WL33CCV6TR, STM32WL33CCV7, STM32WL33CCV7A, STM32WL33CCV7ATR, STM32WL33CCV7TR, STM32WL33K8V6, STM32WL33K8V6TR, STM32WL33K8V7, STM32WL33K8V7TR, STM32WL33KBV6, STM32WL33KBV6TR, STM32WL33KBV7, STM32WL33KBV7TR, STM32WL33KCV6, STM32WL33KCV6TR, STM32WL33KCV7, STM32WL33KCV7TR, STM32WL5MOCH6, STM32WL5MOCH6TR]
2026-05-11 12:42:05,459 [INFO] DbMcus:218 - Found 5082 MCUs, 4964 are supported
2026-05-11 12:42:05,463 [INFO] ApiDb:423 - Load user favorites file C:\Users\hp/.stm32cubeide/favorites.mcus.txt: 0 item(s)
2026-05-11 12:42:05,465 [INFO] ApiDb:427 - User favorites MCUs=[]
2026-05-11 12:42:05,465 [INFO] DbMcus:224 - Set 0 / 0 favorites MCUs
2026-05-11 12:42:08,170 [INFO] BoardInfo:889 - No configuration file found for board NUCLEO-H5E5ZJ
2026-05-11 12:42:08,174 [INFO] DbBoards:161 - Board is not supported: NUCLEO-H5E5ZJ
2026-05-11 12:42:08,376 [INFO] BoardInfo:889 - No configuration file found for board NUCLEO-U3C5ZI-Q
2026-05-11 12:42:08,380 [INFO] DbBoards:161 - Board is not supported: NUCLEO-U3C5ZI-Q
2026-05-11 12:42:08,432 [INFO] BoardInfo:889 - No configuration file found for board NUCLEO-WBA25CE1
2026-05-11 12:42:08,436 [INFO] DbBoards:161 - Board is not supported: NUCLEO-WBA25CE1
2026-05-11 12:42:08,475 [INFO] BoardInfo:889 - No configuration file found for board NUCLEO-WL3RKB1
2026-05-11 12:42:08,482 [INFO] DbBoards:161 - Board is not supported: NUCLEO-WL3RKB1
2026-05-11 12:42:08,486 [INFO] BoardInfo:889 - No configuration file found for board NUCLEO-WL3RKB2
2026-05-11 12:42:08,492 [INFO] DbBoards:161 - Board is not supported: NUCLEO-WL3RKB2
2026-05-11 12:42:08,535 [INFO] BoardInfo:889 - No configuration file found for board P-NUCLEO-WB55
2026-05-11 12:42:08,541 [INFO] DbBoards:161 - Kit is not supported: P-NUCLEO-WB55
2026-05-11 12:42:08,564 [INFO] BoardInfo:889 - No configuration file found for board STEVAL-BFA001V1B
2026-05-11 12:42:08,568 [INFO] DbBoards:161 - Kit is not supported: STEVAL-BFA001V1B
2026-05-11 12:42:08,571 [INFO] BoardInfo:889 - No configuration file found for board STEVAL-BFA001V2B
2026-05-11 12:42:08,576 [INFO] DbBoards:161 - Kit is not supported: STEVAL-BFA001V2B
2026-05-11 12:42:08,947 [INFO] BoardInfo:889 - No configuration file found for board STM32H5F5J-DK
2026-05-11 12:42:08,951 [INFO] DbBoards:161 - Board is not supported: STM32H5F5J-DK
2026-05-11 12:42:09,149 [INFO] BoardInfo:889 - No configuration file found for board STM32MP215F-DK
2026-05-11 12:42:09,152 [INFO] DbBoards:161 - Board is not supported: STM32MP215F-DK
2026-05-11 12:42:09,222 [INFO] DbBoards:168 - Found 218 boards, 208 are supported
2026-05-11 12:42:09,222 [INFO] DbBoards:169 - Found 218 boards, 43 of them is supported for  Bsp
2026-05-11 12:42:09,236 [INFO] ApiDb:423 - Load user favorites file C:\Users\hp/.stm32cubeide/favorites.boards.txt: 0 item(s)
2026-05-11 12:42:09,236 [INFO] ApiDb:427 - User favorites Boards=[]
2026-05-11 12:42:09,236 [INFO] DbBoards:198 - Set 0 / 0 favorites Boards
2026-05-11 12:42:09,365 [INFO] UtilMem:75 - End LoadConfig() Used Memory: 855830584 Bytes (1073741824)
2026-05-11 12:42:10,246 [WARN] ThirdParty:833 - waiting for thirdparty lock release [change project]
2026-05-11 12:42:10,246 [INFO] ThirdParty:835 - entering critical section [change project]
2026-05-11 12:42:10,247 [INFO] ThirdParty:1030 - CMSIS Pack Vendor :STMicroelectronics X-CUBE-AZRTOS-H7 3.5.0
2026-05-11 12:42:10,247 [INFO] ThirdParty:1030 - CMSIS Pack Vendor :STMicroelectronics X-CUBE-PM33A1 1.0.0
2026-05-11 12:42:10,247 [INFO] ThirdParty:1030 - CMSIS Pack Vendor :STMicroelectronics USBPD 4.1
2026-05-11 12:42:10,247 [INFO] ThirdParty:1030 - CMSIS Pack Vendor :STMicroelectronics X-CUBE-NFC9 1.0.0
2026-05-11 12:42:10,247 [INFO] ThirdParty:1030 - CMSIS Pack Vendor :STMicroelectronics USB_HOST 2.0.0
2026-05-11 12:42:10,247 [INFO] ThirdParty:1030 - CMSIS Pack Vendor :STMicroelectronics X-CUBE-AZRTOS-F4 1.1.0
2026-05-11 12:42:10,247 [INFO] ThirdParty:1030 - CMSIS Pack Vendor :STMicroelectronics LIBJPEG 8.0.0
2026-05-11 12:42:10,248 [INFO] ThirdParty:1030 - CMSIS Pack Vendor :STMicroelectronics FP-ATR-ASTRA1 2.0.2
2026-05-11 12:42:10,248 [INFO] ThirdParty:1030 - CMSIS Pack Vendor :STMicroelectronics X-CUBE-BLE1 7.1.0
2026-05-11 12:42:10,248 [INFO] ThirdParty:1030 - CMSIS Pack Vendor :STMicroelectronics X-CUBE-SMBUS 2.1.0
2026-05-11 12:42:10,248 [INFO] ThirdParty:1030 - CMSIS Pack Vendor :wolfSSL I-CUBE-wolfMQTT 1.19.2
2026-05-11 12:42:10,248 [INFO] ThirdParty:1030 - CMSIS Pack Vendor :STMicroelectronics USB_DEVICE 3.0.0
2026-05-11 12:42:10,248 [INFO] ThirdParty:1030 - CMSIS Pack Vendor :STMicroelectronics X-CUBE-ISPU 2.1.0
2026-05-11 12:42:10,248 [INFO] ThirdParty:1030 - CMSIS Pack Vendor :STMicroelectronics X-CUBE-EEPRMA1 5.2.0
2026-05-11 12:42:10,248 [INFO] ThirdParty:1030 - CMSIS Pack Vendor :STMicroelectronics X-CUBE-BLEMGR 4.1.0
2026-05-11 12:42:10,248 [INFO] ThirdParty:1030 - CMSIS Pack Vendor :STMicroelectronics eDS-WB_DPC_TT-BIDIR 2.1.1
2026-05-11 12:42:10,248 [INFO] ThirdParty:1030 - CMSIS Pack Vendor :STMicroelectronics X-CUBE-AZRTOS-WB 2.0.0
2026-05-11 12:42:10,248 [INFO] ThirdParty:1030 - CMSIS Pack Vendor :wolfSSL I-CUBE-wolfSSL 5.8.4
2026-05-11 12:42:10,249 [INFO] ThirdParty:1030 - CMSIS Pack Vendor :STMicroelectronics X-CUBE-NFC12 1.0.0
2026-05-11 12:42:10,249 [INFO] ThirdParty:1030 - CMSIS Pack Vendor :STMicroelectronics X-CUBE-AZRTOS-F7 1.1.0
2026-05-11 12:42:10,249 [INFO] ThirdParty:1030 - CMSIS Pack Vendor :STMicroelectronics X-CUBE-AZRTOS-L5 2.0.0
2026-05-11 12:42:10,249 [INFO] ThirdParty:1030 - CMSIS Pack Vendor :STMicroelectronics USB_DEVICE 2.0.0
2026-05-11 12:42:10,249 [INFO] ThirdParty:1030 - CMSIS Pack Vendor :quantropi X-CUBE-qispace-sdk-base 2.1.0
2026-05-11 12:42:10,249 [INFO] ThirdParty:1030 - CMSIS Pack Vendor :STMicroelectronics X-CUBE-MEMS1 12.0.0
2026-05-11 12:42:10,249 [INFO] ThirdParty:1030 - CMSIS Pack Vendor :STMicroelectronics X-CUBE-STSE01 2.0.0
2026-05-11 12:42:10,249 [INFO] ThirdParty:1030 - CMSIS Pack Vendor :STMicroelectronics FreeRTOS 0.0.1
2026-05-11 12:42:10,249 [INFO] ThirdParty:1030 - CMSIS Pack Vendor :STMicroelectronics X-CUBE-AZRTOS-G0 1.1.0
2026-05-11 12:42:10,249 [INFO] ThirdParty:1030 - CMSIS Pack Vendor :STMicroelectronics X-CUBE-NFC4 3.0.0
2026-05-11 12:42:10,250 [INFO] ThirdParty:1030 - CMSIS Pack Vendor :STMicroelectronics X-CUBE-SUBG2 5.0.0
2026-05-11 12:42:10,250 [INFO] ThirdParty:1030 - CMSIS Pack Vendor :STMicroelectronics STM32_WPAN 1.0.0
2026-05-11 12:42:10,250 [INFO] ThirdParty:1030 - CMSIS Pack Vendor :STMicroelectronics eDS-WB_DPC_VIENNA 1.2.0
2026-05-11 12:42:10,250 [INFO] ThirdParty:1030 - CMSIS Pack Vendor :EmbeddedOffice I-CUBE-FS-RTOS 1.0.1
2026-05-11 12:42:10,250 [INFO] ThirdParty:1030 - CMSIS Pack Vendor :STMicroelectronics lwIP 2.0.3
2026-05-11 12:42:10,250 [INFO] ThirdParty:1030 - CMSIS Pack Vendor :STMicroelectronics eDS-WB_DPC_3PH2L-BIDIR 1.1.1
2026-05-11 12:42:10,250 [INFO] ThirdParty:1030 - CMSIS Pack Vendor :STMicroelectronics USB_HOST 1.0.0
2026-05-11 12:42:10,250 [INFO] ThirdParty:1030 - CMSIS Pack Vendor :STMicroelectronics X-CUBE-AZRTOS-G4 2.0.0
2026-05-11 12:42:10,250 [INFO] ThirdParty:1030 - CMSIS Pack Vendor :STMicroelectronics PDM2PCM 3.1.0
2026-05-11 12:42:10,250 [INFO] ThirdParty:1030 - CMSIS Pack Vendor :STMicroelectronics PDM2PCM 3.3.0
2026-05-11 12:42:10,250 [INFO] ThirdParty:1030 - CMSIS Pack Vendor :wolfSSL I-CUBE-wolfTPM 3.8.0
2026-05-11 12:42:10,251 [INFO] ThirdParty:1030 - CMSIS Pack Vendor :STMicroelectronics X-CUBE-DISPLAY 3.0.0
2026-05-11 12:42:10,251 [INFO] ThirdParty:1030 - CMSIS Pack Vendor :wolfSSL I-CUBE-wolfSSH 1.4.20
2026-05-11 12:42:10,251 [INFO] ThirdParty:1030 - CMSIS Pack Vendor :STMicroelectronics X-CUBE-NFC7 2.0.0
2026-05-11 12:42:10,251 [INFO] ThirdParty:1030 - CMSIS Pack Vendor :STMicroelectronics X-CUBE-GNSS1 7.1.1
2026-05-11 12:42:10,251 [INFO] ThirdParty:1030 - CMSIS Pack Vendor :STMicroelectronics X-CUBE-TCPP 4.2.0
2026-05-11 12:42:10,251 [INFO] ThirdParty:1030 - CMSIS Pack Vendor :RealThread X-CUBE-RT-Thread_Nano 4.1.1
2026-05-11 12:42:10,251 [INFO] ThirdParty:1030 - CMSIS Pack Vendor :STMicroelectronics FP-ATR-SIGFOX1 3.2.0
2026-05-11 12:42:10,251 [INFO] ThirdParty:1030 - CMSIS Pack Vendor :STMicroelectronics X-CUBE-NFC10 1.0.0
2026-05-11 12:42:10,251 [INFO] ThirdParty:1030 - CMSIS Pack Vendor :STMicroelectronics HAL Drivers 0.0.0
2026-05-11 12:42:10,251 [INFO] ThirdParty:1030 - CMSIS Pack Vendor :STMicroelectronics MBEDTLS 2.16.2
2026-05-11 12:42:10,251 [INFO] ThirdParty:1030 - CMSIS Pack Vendor :STMicroelectronics X-CUBE-ST60 1.1.0
2026-05-11 12:42:10,251 [INFO] ThirdParty:1030 - CMSIS Pack Vendor :STMicroelectronics X-CUBE-ALS 1.0.2
2026-05-11 12:42:10,251 [INFO] ThirdParty:1030 - CMSIS Pack Vendor :emotas I-CUBE-CANOPEN 1.3.0
2026-05-11 12:42:10,251 [INFO] ThirdParty:1030 - CMSIS Pack Vendor :STMicroelectronics MBEDTLS 2.14.1
2026-05-11 12:42:10,252 [INFO] ThirdParty:1030 - CMSIS Pack Vendor :STMicroelectronics X-CUBE-GNSS1 7.1.0
2026-05-11 12:42:10,252 [INFO] ThirdParty:1030 - CMSIS Pack Vendor :ITTIA_DB I-CUBE-ITTIADB 8.9.0
2026-05-11 12:42:10,252 [INFO] ThirdParty:1030 - CMSIS Pack Vendor :Cesanta I-CUBE-Mongoose 7.21.0
2026-05-11 12:42:10,252 [INFO] ThirdParty:1030 - CMSIS Pack Vendor :STMicroelectronics X-CUBE-TOUCHGFX 4.26.1
2026-05-11 12:42:10,253 [INFO] ThirdParty:1030 - CMSIS Pack Vendor :STMicroelectronics X-CUBE-NFC6 3.2.0
2026-05-11 12:42:10,253 [INFO] ThirdParty:1030 - CMSIS Pack Vendor :STMicroelectronics X-CUBE-AI 10.2.0
2026-05-11 12:42:10,253 [INFO] ThirdParty:1030 - CMSIS Pack Vendor :STMicroelectronics FP-SNS-STAIOTCFT 1.0.0
2026-05-11 12:42:10,253 [INFO] ThirdParty:1030 - CMSIS Pack Vendor :STMicroelectronics ThreadX 1.0.0
2026-05-11 12:42:10,255 [INFO] ThirdParty:1030 - CMSIS Pack Vendor :STMicroelectronics FP-SNS-SMARTAG2 1.2.0
2026-05-11 12:42:10,255 [INFO] ThirdParty:1030 - CMSIS Pack Vendor :STMicroelectronics X-CUBE-MEMS1 12.1.0
2026-05-11 12:42:10,255 [INFO] ThirdParty:1030 - CMSIS Pack Vendor :STMicroelectronics FP-SNS-FLIGHT1 5.1.0
2026-05-11 12:42:10,255 [INFO] ThirdParty:1030 - CMSIS Pack Vendor :STMicroelectronics X-CUBE-AZRTOS-WL 2.0.0
2026-05-11 12:42:10,255 [INFO] ThirdParty:1030 - CMSIS Pack Vendor :SEGGER I-CUBE-embOS 1.3.1
2026-05-11 12:42:10,257 [INFO] ThirdParty:1030 - CMSIS Pack Vendor :STMicroelectronics X-CUBE-ALGOBUILD 1.4.0
2026-05-11 12:42:10,258 [INFO] ThirdParty:1030 - CMSIS Pack Vendor :STMicroelectronics X-CUBE-DPower 1.3.0
2026-05-11 12:42:10,259 [INFO] ThirdParty:1030 - CMSIS Pack Vendor :STMicroelectronics USB_DEVICE 1.0.0
2026-05-11 12:42:10,259 [INFO] ThirdParty:1030 - CMSIS Pack Vendor :STMicroelectronics X-CUBE-AZRTOS-H7RS 1.2.0
2026-05-11 12:42:10,260 [INFO] ThirdParty:1030 - CMSIS Pack Vendor :STMicroelectronics X-CUBE-AZRTOS-L4 2.0.0
2026-05-11 12:42:10,260 [INFO] ThirdParty:1030 - CMSIS Pack Vendor :STMicroelectronics ThreadX 0.0.2
2026-05-11 12:42:10,260 [INFO] ThirdParty:1030 - CMSIS Pack Vendor :STMicroelectronics lwIP 2.1.2
2026-05-11 12:42:10,260 [INFO] ThirdParty:1030 - CMSIS Pack Vendor :STMicroelectronics X-CUBE-SFXS2LP1 4.0.0
2026-05-11 12:42:10,260 [INFO] ThirdParty:1030 - CMSIS Pack Vendor :STMicroelectronics X-CUBE-BLE2 3.3.0
2026-05-11 12:42:10,260 [INFO] ThirdParty:1030 - CMSIS Pack Vendor :Avnet-IOTCONNECT X-CUBE-iotc-st67-sdk 1.0.0
2026-05-11 12:42:10,261 [INFO] ThirdParty:1030 - CMSIS Pack Vendor :STMicroelectronics X-CUBE-TOF1 3.4.3
2026-05-11 12:42:10,261 [INFO] ThirdParty:1030 - CMSIS Pack Vendor :Infineon AIROC-Wi-Fi-Bluetooth-STM32 1.8.0
2026-05-11 12:42:10,261 [INFO] ThirdParty:1030 - CMSIS Pack Vendor :STMicroelectronics PDM2PCM 3.2.0
2026-05-11 12:42:10,261 [INFO] ThirdParty:1030 - CMSIS Pack Vendor :STMicroelectronics X-CUBE-WB05N 2.1.0
2026-05-11 12:42:10,261 [INFO] ThirdParty:841 - exiting critical section [change project]
2026-05-11 12:42:12,113 [INFO] PinOutPanel:1589 - setPackage(No Configuration,No Configuration)
2026-05-11 12:42:12,117 [INFO] PinOutPanel:1589 - setPackage(STM32F407VGTx,LQFP100)
2026-05-11 12:42:14,387 [INFO] UtilMem:75 - Before build in PCC Used Memory: 844105728 Bytes (1073741824)
2026-05-11 12:42:17,489 [INFO] UtilMem:75 - After build in PCC Used Memory: 919076864 Bytes (1073741824)
2026-05-11 12:42:17,578 [INFO] IPUIPlugin:80 - create IPUIPlugin
2026-05-11 12:42:17,578 [INFO] IPUIPlugin:80 - create IPUIPlugin
2026-05-11 12:42:17,579 [INFO] IPUIPlugin:80 - create IPUIPlugin
2026-05-11 12:42:17,579 [INFO] IPUIPlugin:80 - create IPUIPlugin
2026-05-11 12:42:17,579 [INFO] IPUIPlugin:80 - create IPUIPlugin
2026-05-11 12:42:17,580 [INFO] IPUIPlugin:80 - create IPUIPlugin
2026-05-11 12:42:17,581 [INFO] IPUIPlugin:80 - create IPUIPlugin
2026-05-11 12:42:17,582 [INFO] IPUIPlugin:80 - create IPUIPlugin
2026-05-11 12:42:17,583 [INFO] IPUIPlugin:80 - create IPUIPlugin
2026-05-11 12:42:17,584 [INFO] IPUIPlugin:80 - create IPUIPlugin
2026-05-11 12:42:17,585 [INFO] IPUIPlugin:80 - create IPUIPlugin
2026-05-11 12:42:17,587 [INFO] IPUIPlugin:80 - create IPUIPlugin
2026-05-11 12:42:17,587 [INFO] IPUIPlugin:80 - create IPUIPlugin
2026-05-11 12:42:17,588 [INFO] IPUIPlugin:80 - create IPUIPlugin
2026-05-11 12:42:17,588 [INFO] IPUIPlugin:80 - create IPUIPlugin
2026-05-11 12:42:17,589 [INFO] IPUIPlugin:80 - create IPUIPlugin
2026-05-11 12:42:17,589 [INFO] IPUIPlugin:80 - create IPUIPlugin
2026-05-11 12:42:17,590 [INFO] IPUIPlugin:80 - create IPUIPlugin
2026-05-11 12:42:17,590 [INFO] IPUIPlugin:80 - create IPUIPlugin
2026-05-11 12:42:17,591 [INFO] IPUIPlugin:80 - create IPUIPlugin
2026-05-11 12:42:17,592 [INFO] IPUIPlugin:80 - create IPUIPlugin
2026-05-11 12:42:17,592 [INFO] IPUIPlugin:80 - create IPUIPlugin
2026-05-11 12:42:17,593 [INFO] IPUIPlugin:80 - create IPUIPlugin
2026-05-11 12:42:17,593 [INFO] IPUIPlugin:80 - create IPUIPlugin
2026-05-11 12:42:17,594 [INFO] IPUIPlugin:80 - create IPUIPlugin
2026-05-11 12:42:17,595 [INFO] IPUIPlugin:80 - create IPUIPlugin
2026-05-11 12:42:17,595 [INFO] IPUIPlugin:80 - create IPUIPlugin
2026-05-11 12:42:17,596 [INFO] IPUIPlugin:80 - create IPUIPlugin
2026-05-11 12:42:17,597 [INFO] IPUIPlugin:80 - create IPUIPlugin
2026-05-11 12:42:17,597 [INFO] IPUIPlugin:80 - create IPUIPlugin
2026-05-11 12:42:17,597 [INFO] IPUIPlugin:80 - create IPUIPlugin
2026-05-11 12:42:17,598 [INFO] IPUIPlugin:80 - create IPUIPlugin
2026-05-11 12:42:17,598 [INFO] IPUIPlugin:80 - create IPUIPlugin
2026-05-11 12:42:17,600 [INFO] IPUIPlugin:80 - create IPUIPlugin
2026-05-11 12:42:17,601 [INFO] IPUIPlugin:80 - create IPUIPlugin
2026-05-11 12:42:17,602 [INFO] IPUIPlugin:80 - create IPUIPlugin
2026-05-11 12:42:17,602 [INFO] IPUIPlugin:80 - create IPUIPlugin
2026-05-11 12:42:17,603 [INFO] IPUIPlugin:80 - create IPUIPlugin
2026-05-11 12:42:17,604 [INFO] IPUIPlugin:80 - create IPUIPlugin
2026-05-11 12:42:17,604 [INFO] IPUIPlugin:80 - create IPUIPlugin
2026-05-11 12:42:17,604 [INFO] IPUIPlugin:80 - create IPUIPlugin
2026-05-11 12:42:17,605 [INFO] IPUIPlugin:80 - create IPUIPlugin
2026-05-11 12:42:17,605 [INFO] IPUIPlugin:80 - create IPUIPlugin
2026-05-11 12:42:17,606 [INFO] IPUIPlugin:80 - create IPUIPlugin
2026-05-11 12:42:17,606 [INFO] IPUIPlugin:80 - create IPUIPlugin
2026-05-11 12:42:17,607 [INFO] IPUIPlugin:80 - create IPUIPlugin
2026-05-11 12:42:17,607 [INFO] IPUIPlugin:80 - create IPUIPlugin
2026-05-11 12:42:17,608 [INFO] IPUIPlugin:80 - create IPUIPlugin
2026-05-11 12:42:17,608 [INFO] IPUIPlugin:80 - create IPUIPlugin
2026-05-11 12:42:17,609 [INFO] IPUIPlugin:80 - create IPUIPlugin
2026-05-11 12:42:17,610 [INFO] IPUIPlugin:80 - create IPUIPlugin
2026-05-11 12:42:17,610 [INFO] IPUIPlugin:80 - create IPUIPlugin
2026-05-11 12:42:17,611 [INFO] IPUIPlugin:80 - create IPUIPlugin
2026-05-11 12:42:17,612 [INFO] IPUIPlugin:80 - create IPUIPlugin
2026-05-11 12:42:17,613 [INFO] IPUIPlugin:80 - create IPUIPlugin
2026-05-11 12:42:17,614 [INFO] IPUIPlugin:80 - create IPUIPlugin
2026-05-11 12:42:17,614 [INFO] IPUIPlugin:80 - create IPUIPlugin
2026-05-11 12:42:17,615 [INFO] IPUIPlugin:80 - create IPUIPlugin
2026-05-11 12:42:18,045 [INFO] ApiDbMcu:508 - Load IP Config File for PDM2PCM
2026-05-11 12:42:18,710 [INFO] CADModel:165 - CPN selected for project levelSTM32F407VGT6
2026-05-11 12:42:18,710 [INFO] CADModel:114 - Register for checkConnection events
2026-05-11 12:42:18,831 [INFO] OpenFileManager:385 - Restore cursor
2026-05-11 12:48:49,016 [WARN] IP:2250 - I2C_Coeff_DF not found: check if there is a RefParameter without a condition.
2026-05-11 12:48:49,019 [WARN] IP:2250 - Analog_Filter not found: check if there is a RefParameter without a condition.
2026-05-11 12:48:49,091 [WARN] IP:2250 - I2C_Coeff_DF not found: check if there is a RefParameter without a condition.
2026-05-11 12:48:49,092 [WARN] IP:2250 - Analog_Filter not found: check if there is a RefParameter without a condition.
2026-05-11 12:48:49,094 [WARN] IP:2250 - I2C_Coeff_DF not found: check if there is a RefParameter without a condition.
2026-05-11 12:48:49,095 [WARN] IP:2250 - Analog_Filter not found: check if there is a RefParameter without a condition.
2026-05-11 12:48:49,696 [WARN] IP:2250 - I2C_Coeff_DF not found: check if there is a RefParameter without a condition.
2026-05-11 12:48:49,696 [WARN] IP:2250 - Analog_Filter not found: check if there is a RefParameter without a condition.
2026-05-11 12:48:49,711 [WARN] IP:2250 - I2C_Coeff_DF not found: check if there is a RefParameter without a condition.
2026-05-11 12:48:49,712 [WARN] IP:2250 - Analog_Filter not found: check if there is a RefParameter without a condition.
2026-05-11 12:49:18,508 [INFO] UtilMem:75 - End SaveConfig() Used Memory: 762481880 Bytes (1073741824)
2026-05-11 12:49:21,878 [INFO] UtilMem:75 - End SaveConfig() Used Memory: 814377264 Bytes (1073741824)
2026-05-11 12:49:22,860 [ERROR] FilesUtils:113 - C:\Users\hp\.stmcube\.STM32CUBEMX_PLUGIN6.14.0Repository.ser (Access is denied)
2026-05-11 12:49:22,867 [ERROR] FilesUtils:157 - C:\Users\hp\.stmcube\.STM32CUBEMX_PLUGIN6.14.0Repository.ser: The process cannot access the file because it is being used by another process
2026-05-11 12:49:26,633 [INFO] UtilMem:75 - End SaveConfig() Used Memory: 917659952 Bytes (1073741824)
2026-05-11 12:49:28,362 [INFO] BlockDiagram:2775 - set Specific Code input for plugin: SYS
2026-05-11 12:49:28,363 [INFO] BlockDiagram:2775 - set Specific Code input for plugin: RCC
2026-05-11 12:49:28,363 [INFO] BlockDiagram:2775 - set Specific Code input for plugin: I2C
2026-05-11 12:49:28,363 [INFO] BlockDiagram:2775 - set Specific Code input for plugin: NVIC
2026-05-11 12:49:28,364 [INFO] BlockDiagram:2775 - set Specific Code input for plugin: GPIO
2026-05-11 12:49:28,375 [INFO] CodeGenerator:882 - code generatio: config db path: C:\ST\STM32CubeIDE_1.18.0\STM32CubeIDE\plugins\com.st.stm32cube.common.mx_6.14.0.202502271554\\db\
2026-05-11 12:49:28,387 [WARN] IP:2250 - I2C_Coeff_DF not found: check if there is a RefParameter without a condition.
2026-05-11 12:49:28,388 [WARN] IP:2250 - Analog_Filter not found: check if there is a RefParameter without a condition.
2026-05-11 12:49:28,845 [INFO] CodeEngine:263 - oldGeneratedFile, C:\Users\hp\STM32CubeIDE\workspace_1.18.0\06_HAL_I2C_TEST\MXTmpFiles\license.tmp_save
2026-05-11 12:49:30,343 [INFO] CodeEngine:287 - Generated code: C:\Users\hp\STM32CubeIDE\workspace_1.18.0\06_HAL_I2C_TEST\MXTmpFiles\license.tmp
2026-05-11 12:49:30,594 [INFO] CodeEngine:263 - oldGeneratedFile, C:\Users\hp\STM32CubeIDE\workspace_1.18.0\06_HAL_I2C_TEST\MXTmpFiles\gpio.tmp_save
2026-05-11 12:49:31,092 [INFO] CodeEngine:287 - Generated code: C:\Users\hp\STM32CubeIDE\workspace_1.18.0\06_HAL_I2C_TEST\MXTmpFiles\gpio.tmp
2026-05-11 12:49:31,492 [INFO] CodeEngine:263 - oldGeneratedFile, C:\Users\hp\STM32CubeIDE\workspace_1.18.0\06_HAL_I2C_TEST\Core\Src\stm32f4xx_it.c_save
2026-05-11 12:49:31,859 [INFO] CodeEngine:287 - Generated code: C:\Users\hp\STM32CubeIDE\workspace_1.18.0\06_HAL_I2C_TEST\Core\Src\stm32f4xx_it.c
2026-05-11 12:49:31,956 [INFO] CodeEngine:263 - oldGeneratedFile, C:\Users\hp\STM32CubeIDE\workspace_1.18.0\06_HAL_I2C_TEST\Core\Inc\stm32f4xx_it.h_save
2026-05-11 12:49:32,163 [INFO] CodeEngine:287 - Generated code: C:\Users\hp\STM32CubeIDE\workspace_1.18.0\06_HAL_I2C_TEST\Core\Inc\stm32f4xx_it.h
2026-05-11 12:49:32,252 [INFO] CodeEngine:263 - oldGeneratedFile, C:\Users\hp\STM32CubeIDE\workspace_1.18.0\06_HAL_I2C_TEST\Core\Src\stm32f4xx_hal_msp.c_save
2026-05-11 12:49:32,781 [INFO] CodeEngine:287 - Generated code: C:\Users\hp\STM32CubeIDE\workspace_1.18.0\06_HAL_I2C_TEST\Core\Src\stm32f4xx_hal_msp.c
2026-05-11 12:49:32,834 [INFO] CodeEngine:263 - oldGeneratedFile, C:\Users\hp\STM32CubeIDE\workspace_1.18.0\06_HAL_I2C_TEST\MXTmpFiles\system.tmp_save
2026-05-11 12:49:33,076 [INFO] CodeEngine:287 - Generated code: C:\Users\hp\STM32CubeIDE\workspace_1.18.0\06_HAL_I2C_TEST\MXTmpFiles\system.tmp
2026-05-11 12:49:33,157 [INFO] CodeEngine:319 - oldGeneratedFile, C:\Users\hp\STM32CubeIDE\workspace_1.18.0\06_HAL_I2C_TEST\Core\Inc\stm32f4xx_hal_conf.h_save
2026-05-11 12:49:33,353 [INFO] CodeEngine:343 - Generated code: C:\Users\hp\STM32CubeIDE\workspace_1.18.0\06_HAL_I2C_TEST\Core\Inc\stm32f4xx_hal_conf.h
2026-05-11 12:49:33,457 [INFO] ApiDbMcu:508 - Load IP Config File for I2C1
2026-05-11 12:49:33,469 [INFO] ApiDbMcu:508 - Load IP Config File for RCC
2026-05-11 12:49:33,548 [INFO] CodeEngine:263 - oldGeneratedFile, C:\Users\hp\STM32CubeIDE\workspace_1.18.0\06_HAL_I2C_TEST\Core\Inc\main.h_save
2026-05-11 12:49:33,784 [INFO] CodeEngine:287 - Generated code: C:\Users\hp\STM32CubeIDE\workspace_1.18.0\06_HAL_I2C_TEST\Core\Inc\main.h
2026-05-11 12:49:33,811 [INFO] CodeEngine:263 - oldGeneratedFile, C:\Users\hp\STM32CubeIDE\workspace_1.18.0\06_HAL_I2C_TEST\Core\Src\main.c_save
2026-05-11 12:49:34,255 [INFO] CodeEngine:287 - Generated code: C:\Users\hp\STM32CubeIDE\workspace_1.18.0\06_HAL_I2C_TEST\Core\Src\main.c
2026-05-11 12:49:40,420 [INFO] ProjectBuilder:3324 - Time for Copy HAL[1] : 5289mS.
2026-05-11 12:49:40,447 [INFO] ProjectBuilder:4912 - Project Generator version: 4.6.0-B36
2026-05-11 12:49:40,688 [INFO] ConfigFileManager:1590 - The Die is : DIE413
2026-05-11 12:49:40,745 [INFO] ApiDbMcu:508 - Load IP Config File for FATFS
2026-05-11 12:49:40,767 [INFO] ApiDbMcu:508 - Load IP Config File for FREERTOS
2026-05-11 12:49:40,783 [INFO] ApiDbMcu:508 - Load IP Config File for LIBJPEG
2026-05-11 12:49:40,805 [INFO] ApiDbMcu:508 - Load IP Config File for LWIP
2026-05-11 12:49:40,832 [INFO] ApiDbMcu:508 - Load IP Config File for MBEDTLS
2026-05-11 12:49:40,864 [INFO] ApiDbMcu:508 - Load IP Config File for USB_DEVICE
2026-05-11 12:49:40,882 [INFO] ApiDbMcu:508 - Load IP Config File for USB_HOST
2026-05-11 12:49:42,382 [INFO] LogOutputStream:77 - [STDOUT_REDIRECT] 
2026-05-11 12:49:48,108 [INFO] ProjectBuilder:5191 - Time for Generating toolchain IDE Files: 7661mS.
2026-05-11 12:49:48,115 [INFO] ProjectBuilder:3181 - Time for Copy CMSIS : 6mS.
2026-05-11 12:49:48,128 [INFO] ProjectBuilder:3181 - Time for Copy CMSIS : 0mS.
2026-05-11 13:22:37,424 [INFO] WebApp:194 - Connection lost
2026-05-11 13:22:45,163 [INFO] WebApp:191 - Connection restablished
2026-05-11 15:33:43,345 [INFO] MainUpdater:2872 - connection check result : 10
2026-05-11 15:33:43,573 [INFO] McuFinderGlobals:76 - Set McuFinderConnectedMode to true
2026-05-11 15:33:47,176 [INFO] ServerAccessManage:473 - Download File mcusAds.json._tmp_
2026-05-11 15:33:49,373 [INFO] LoadUrlFilesThread:156 - End of LoadUrlFiles Thread
2026-05-11 15:33:49,814 [INFO] ServerAccessManage:473 - Download File cube-finder-db.zip
2026-05-11 15:33:55,259 [INFO] FileExtend:242 - Unzip File : cube-finder-db.zip
2026-05-11 15:33:55,328 [INFO] FileExtend:257 - Standard Zip Deflate
2026-05-11 15:34:08,320 [INFO] LoadUrlFilesThread:156 - End of LoadUrlFiles Thread
2026-05-11 15:34:09,669 [INFO] ServerAccessManage:473 - Download File crdb.zip
2026-05-11 15:34:10,574 [INFO] FileExtend:242 - Unzip File : crdb.zip
2026-05-11 15:34:10,576 [INFO] FileExtend:257 - Standard Zip Deflate
2026-05-11 15:34:10,826 [INFO] LoadUrlFilesThread:156 - End of LoadUrlFiles Thread
2026-05-11 15:34:11,108 [INFO] ServerAccessManage:473 - Download File tutoVideoDB.zip
2026-05-11 15:34:11,175 [INFO] FileExtend:242 - Unzip File : tutoVideoDB.zip
2026-05-11 15:34:11,194 [INFO] FileExtend:257 - Standard Zip Deflate
2026-05-11 15:34:11,399 [INFO] LoadUrlFilesThread:156 - End of LoadUrlFiles Thread
2026-05-11 15:34:11,454 [WARN] DbFile:41 - Overriding database path with different value: C:\Users\hp\.stmcufinder\plugins\mcufinder/ => C:\Users\hp\.stmcufinder\plugins\mcufinder
2026-05-11 15:34:12,243 [ERROR] ServerAccessManage:1089 - Problem, file not found on Server
2026-05-11 15:34:12,260 [ERROR] ServerAccessManage:651 - Problem, file not found on Server : api_config.json.
2026-05-11 15:34:15,770 [INFO] LoadUrlFilesThread:156 - End of LoadUrlFiles Thread
2026-05-11 15:34:17,545 [INFO] DbMcusAds:53 - JSON generation date=Mon Apr 27 13:44:29 IST 2026 (1777277669683)
2026-05-11 15:34:17,629 [INFO] ApiDb:448 - Save user favorites file C:\Users\hp/.stm32cubeide/favorites.mcus.txt: 0 item(s)
2026-05-11 15:34:17,631 [INFO] ApiDb:452 - User favorites MCUs=[]
2026-05-11 15:34:18,171 [INFO] ApiDb:581 - Connected to CubeFinder SQLite database (C:\Users\hp\.stmcufinder\plugins\mcufinder\mcu\cube-finder-db.db)
2026-05-11 15:34:18,448 [INFO] ApiDb:668 - CubeFinder database Data Model version=2.1
2026-05-11 15:34:18,449 [INFO] ApiDb:669 - CubeFinder database Configuration version=3.0.42
2026-05-11 15:34:18,449 [INFO] ApiDb:670 - CubeFinder database generation date=2026-05-06 (1778060171)
2026-05-11 15:34:18,450 [INFO] ApiDb:671 - CubeFinder database FW Pack versions=[FP-ATR-ASTRA1_V2.0.0, FP-SNS-FLIGHT1_V5.1.0, FP-SNS-MOTENV1_V5.1.0, FP-SNS-MOTENVWB1_V1.5.0, FP-SNS-SMARTAG2_V1.2.0, FP-SNS-STBOX1_V2.1.0, STM32Cube_FW_C0_V1.4.0, STM32Cube_FW_F4_V1.28.3, STM32Cube_FW_F7_V1.17.4, STM32Cube_FW_G0_V1.6.3, STM32Cube_FW_G4_V1.6.2, STM32Cube_FW_H5_V1.6.0, STM32Cube_FW_H7RS_V1.3.0, STM32Cube_FW_H7_V1.13.0, STM32Cube_FW_L0_V1.12.2, STM32Cube_FW_L4_V1.18.2, STM32Cube_FW_L5_V1.6.0, STM32Cube_FW_N6_V1.3.0, STM32Cube_FW_U0_V1.3.0, STM32Cube_FW_U3_V1.3.0, STM32Cube_FW_U5_V1.8.0, STM32Cube_FW_WB0_V1.4.0, STM32Cube_FW_WBA_V1.9.0, STM32Cube_FW_WB_V1.24.0, STM32Cube_FW_WL3_V1.4.0, STM32Cube_FW_WL_V1.5.0, X-CUBE-ALGOBUILD_V1.4.0, X-CUBE-ALS_V1.0.2, X-CUBE-AZRTOS-F4_V1.1.0, X-CUBE-AZRTOS-F7_V1.1.0, X-CUBE-AZRTOS-G0_V1.1.0, X-CUBE-AZRTOS-G4_V2.0.0, X-CUBE-AZRTOS-H7RS_V1.1.0, X-CUBE-AZRTOS-H7_V3.5.0, X-CUBE-AZRTOS-L4_V2.0.0, X-CUBE-AZRTOS-L5_V2.0.0, X-CUBE-AZRTOS-WB_V2.0.0, X-CUBE-AZRTOS-WL_V2.0.0, X-CUBE-BLE1_V7.1.0, X-CUBE-BLE2_V3.3.0, X-CUBE-BLEMGR_V4.1.0, X-CUBE-EEPRMA1_V5.2.0, X-CUBE-FREERTOS_V1.5.0, X-CUBE-GNSS1_V6.0.0, X-CUBE-MEMS1_V12.0.0, X-CUBE-NFC4_V3.0.0, X-CUBE-NFC7_V2.0.0, X-CUBE-SFXS2LP1_V4.0.0, X-CUBE-ST67W61_V1.2.0, X-CUBE-SUBG2_V5.0.0, X-CUBE-TOF1_V3.4.3]
2026-05-11 15:34:27,229 [INFO] ApiDb:240 - Found 895 in-development CPN: [B-G473E-ZEST1S, B-WB1M-WPAN1, B-WBA5M-WPAN, B-WL5M-SUBG1, NUCLEO-C031C6, NUCLEO-C051C8, NUCLEO-C071RB, NUCLEO-C092RC, NUCLEO-H503RB, NUCLEO-H533RE, NUCLEO-H563ZI, NUCLEO-H7S3L8, NUCLEO-N657X0-Q, NUCLEO-U031R8, NUCLEO-U083RC, NUCLEO-U385RG-Q, NUCLEO-U545RE-Q, NUCLEO-U5A5ZJ-Q, NUCLEO-WB05KZ, NUCLEO-WB07CC, NUCLEO-WB09KE, NUCLEO-WBA52CG, NUCLEO-WBA55CG, NUCLEO-WBA65RI, NUCLEO-WL33CC1, NUCLEO-WL33CC2, STEVAL-PROTEUS1, STEVAL-SMARTAG2, STEVAL-STWINBX1, STM320518-EVAL, STM32C0116-DK, STM32C011D6Y3TR, STM32C011D6Y6TR, STM32C011F4P3, STM32C011F4P6, STM32C011F4U3, STM32C011F4U6TR, STM32C011F6P3, STM32C011F6P6, STM32C011F6U3, STM32C011F6U6TR, STM32C011J4M3, STM32C011J4M6, STM32C011J6M3, STM32C011J6M6, STM32C0316-DK, STM32C031C4T3, STM32C031C4T6, STM32C031C4U3, STM32C031C4U6, STM32C031C6T3, STM32C031C6T6, STM32C031C6U3, STM32C031C6U6, STM32C031F4P3, STM32C031F4P6, STM32C031F6P3, STM32C031F6P6, STM32C031G4U3, STM32C031G4U6, STM32C031G6U3, STM32C031G6U6, STM32C031K4T3, STM32C031K4T6, STM32C031K4U3, STM32C031K4U6, STM32C031K6T3, STM32C031K6T6, STM32C031K6U3, STM32C031K6U6, STM32C051C6T6, STM32C051C6U6, STM32C051C8T6, STM32C051C8U6, STM32C051D8Y6TR, STM32C051F6P6, STM32C051F8P6, STM32C051G6U6, STM32C051G8U6, STM32C051K6T6, STM32C051K6U6, STM32C051K8T6, STM32C071C8T6, STM32C071C8T6N, STM32C071C8U6, STM32C071C8U6N, STM32C071CBT6, STM32C071CBT6N, STM32C071CBU6, STM32C071CBU6N, STM32C071F8P6, STM32C071F8P6N, STM32C071FBP6, STM32C071FBP6N, STM32C071FBY6TR, STM32C071G8U6, STM32C071G8U6N, STM32C071GBU6, STM32C071GBU6N, STM32C071K8T6, STM32C071K8T6N, STM32C071K8U6, STM32C071K8U6N, STM32C071KBT6, STM32C071KBT6N, STM32C071KBU6, STM32C071KBU6N, STM32C071R8T6, STM32C071R8T6N, STM32C071RBI6N, STM32C071RBT6, STM32C071RBT6N, STM32C091CBT6, STM32C091CBU6, STM32C091CCT6, STM32C091CCU6, STM32C091ECY6TR, STM32C091FBP6, STM32C091FCP6, STM32C091GBU6, STM32C091GCU6, STM32C091KBT6, STM32C091KBU6, STM32C091KCT6, STM32C091KCU6, STM32C091RBT6, STM32C091RCI6, STM32C091RCT6, STM32C092CBT6, STM32C092CBU6, STM32C092CCT6, STM32C092CCU6, STM32C092ECY6TR, STM32C092FBP6, STM32C092FCP6, STM32C092GBU6, STM32C092GCU6, STM32C092KBT6, STM32C092KBU6, STM32C092KCT6, STM32C092KCU6, STM32C092RBT6, STM32C092RCI6, STM32C092RCT6, STM32G071K8TXN, STM32G071K8UXN, STM32G081GBU6N, STM32G081KBT6N, STM32G081KBUXN, STM32G0B1CCT6N, STM32G0B1KCT6, STM32G0B1NEY6TR, STM32G0B1RCT6N, STM32G0C1CCT6, STM32G0C1CCT6N, STM32G0C1CCU6N, STM32G0C1CET6N, STM32G0C1CEU6N, STM32G0C1KCT6, STM32G0C1NEY6TR, STM32G0C1RCI6N, STM32G0C1RCT6N, STM32G0C1REI6N, STM32G0C1RET6N, STM32G0C1VCI6, STM32G0C1VEI6, STM32G411C6T3, STM32G411C6T6, STM32G411C6U3, STM32G411C6U6, STM32G411C8T3, STM32G411C8T6, STM32G411C8U3, STM32G411C8U6, STM32G411CBT3, STM32G411CBT6, STM32G411CBU3, STM32G411CBU6, STM32G411CCT3, STM32G411CCT6, STM32G411CCU3, STM32G411CCU6, STM32G411K6T3, STM32G411K6T6, STM32G411K6U3, STM32G411K6U6, STM32G411K8T3, STM32G411K8T6, STM32G411K8U3, STM32G411K8U6, STM32G411KBT3, STM32G411KBT6, STM32G411KBU3, STM32G411KBU6, STM32G411M6T3, STM32G411M6T6, STM32G411M8T3, STM32G411M8T6, STM32G411MBT3, STM32G411MBT6, STM32G411MCT3, STM32G411MCT6, STM32G411R6T3, STM32G411R6T6, STM32G411R8T3, STM32G411R8T6, STM32G411RBT3, STM32G411RBT6, STM32G411RCT3, STM32G411RCT6, STM32G414CBT3, STM32G414CBT6, STM32G414CBU3, STM32G414CBU6, STM32G414CCT3, STM32G414CCT6, STM32G414CCU3, STM32G414CCU6, STM32G414MBT3, STM32G414MBT6, STM32G414MCT3, STM32G414MCT6, STM32G414RBT3, STM32G414RBT6, STM32G414RCT3, STM32G414RCT6, STM32G414VBT3, STM32G414VBT6, STM32G414VCT3, STM32G414VCT6, STM32G431CBT3Z, STM32G431RBT3Z, STM32G471CCT6, STM32G471CCU6, STM32G471CET3, STM32G471CET6, STM32G471CEU3, STM32G471CEU6, STM32G471MCT6, STM32G471MET3, STM32G471MET6, STM32G471MEY6TR, STM32G471QCT6, STM32G471QET3, STM32G471RCT6, STM32G471RET3, STM32G471RET6, STM32G471VCH6, STM32G471VCI6, STM32G471VCT6, STM32G471VEH3, STM32G471VEH6, STM32G471VEI3, STM32G471VEI6, STM32G471VET3, STM32G471VET6, STM32G473QET3Z, STM32G473RET3Z, STM32G474CCT6, STM32G491RET3Z, STM32H503CBT6, STM32H503CBU6, STM32H503EBY6TR, STM32H503KBU6, STM32H503RBT6, STM32H523CCT6, STM32H523CCU6, STM32H523CET6, STM32H523CEU6, STM32H523HEY6TR, STM32H523RCT6, STM32H523RET6, STM32H523VCI6, STM32H523VCT6, STM32H523VEI6, STM32H523VET6, STM32H523ZCJ6, STM32H523ZCT6, STM32H523ZEJ6, STM32H523ZET6, STM32H533CET6, STM32H533CEU6, STM32H533HEY6TR, STM32H533RET6, STM32H533VEI6, STM32H533VET6, STM32H533ZEJ6, STM32H533ZET6, STM32H562AGI6, STM32H562AII6, STM32H562IGK6, STM32H562IGT6, STM32H562IIK6, STM32H562IIT6, STM32H562RGT6, STM32H562RGV6, STM32H562RIT6, STM32H562RIV6, STM32H562VGT6, STM32H562VIT6, STM32H562ZGT6, STM32H562ZIT6, STM32H563AGI6, STM32H563AII3Q, STM32H563AII6, STM32H563IGK6, STM32H563IGT6, STM32H563IIK3Q, STM32H563IIK6, STM32H563IIT3Q, STM32H563IIT6, STM32H563MIY3QTR, STM32H563RGT6, STM32H563RGV6, STM32H563RIT6, STM32H563RIV6, STM32H563VGT6, STM32H563VIT3Q, STM32H563VIT6, STM32H563ZGT6, STM32H563ZIT3Q, STM32H563ZIT6, STM32H573AII3Q, STM32H573AII6, STM32H573I-DK, STM32H573IIK3Q, STM32H573IIK6, STM32H573IIT3Q, STM32H573IIT6, STM32H573MIY3QTR, STM32H573RIT6, STM32H573RIV6, STM32H573VIT3Q, STM32H573VIT6, STM32H573ZIT3Q, STM32H573ZIT6, STM32H7R3A8I6, STM32H7R3I8K6, STM32H7R3I8T6, STM32H7R3L8H6, STM32H7R3L8H6H, STM32H7R3R8V6, STM32H7R3V8H6, STM32H7R3V8T6, STM32H7R3V8Y6TR, STM32H7R3Z8J6, STM32H7R3Z8T6, STM32H7R7A8I6, STM32H7R7I8K6, STM32H7R7I8T6, STM32H7R7L8H6, STM32H7R7L8H6H, STM32H7R7Z8J6, STM32H7S3A8I6, STM32H7S3I8K6, STM32H7S3I8T6, STM32H7S3L8H6, STM32H7S3L8H6H, STM32H7S3R8V6, STM32H7S3V8H6, STM32H7S3V8T6, STM32H7S3V8Y6TR, STM32H7S3Z8J6, STM32H7S3Z8T6, STM32H7S78-DK, STM32H7S7A8I6, STM32H7S7I8K6, STM32H7S7I8T6, STM32H7S7L8H6, STM32H7S7L8H6H, STM32H7S7Z8J6, STM32L4R5QGI6STR, STM32MP131AAE3, STM32MP131AAF3, STM32MP131AAG3, STM32MP131CAE3, STM32MP131CAF3, STM32MP131CAG3, STM32MP131DAE7, STM32MP131DAF7, STM32MP131DAG7, STM32MP131FAE7, STM32MP131FAF7, STM32MP131FAG7, STM32MP133AAE3, STM32MP133AAF3, STM32MP133AAG3, STM32MP133CAE3, STM32MP133CAF3, STM32MP133CAG3, STM32MP133DAE7, STM32MP133DAF7, STM32MP133DAG7, STM32MP133FAE7, STM32MP133FAF7, STM32MP133FAG7, STM32MP135AAE3, STM32MP135AAF3, STM32MP135AAG3, STM32MP135CAE3, STM32MP135CAF3, STM32MP135CAG3, STM32MP135DAE7, STM32MP135DAF7, STM32MP135DAG7, STM32MP135F-DK, STM32MP135FAE7, STM32MP135FAF7, STM32MP135FAF7T, STM32MP135FAF7U, STM32MP135FAG7, STM32MP231AAJ3, STM32MP231AAK3, STM32MP231AAL3, STM32MP231CAJ3, STM32MP231CAK3, STM32MP231CAL3, STM32MP231DAJ3, STM32MP231DAK3, STM32MP231DAL3, STM32MP231FAJ3, STM32MP231FAK3, STM32MP231FAL3, STM32MP233AAJ3, STM32MP233AAK3, STM32MP233AAL3, STM32MP233CAJ3, STM32MP233CAK3, STM32MP233CAL3, STM32MP233DAJ3, STM32MP233DAK3, STM32MP233DAL3, STM32MP233FAJ3, STM32MP233FAK3, STM32MP233FAL3, STM32MP235AAJ3, STM32MP235AAK3, STM32MP235AAL3, STM32MP235CAJ3, STM32MP235CAK3, STM32MP235CAL3, STM32MP235DAJ3, STM32MP235DAK3, STM32MP235DAL3, STM32MP235FAJ3, STM32MP235FAK3, STM32MP235FAL3, STM32MP251AAI3, STM32MP251AAJ3, STM32MP251AAK3, STM32MP251AAL3, STM32MP251CAI3, STM32MP251CAJ3, STM32MP251CAK3, STM32MP251CAL3, STM32MP251DAI3, STM32MP251DAJ3, STM32MP251DAK3, STM32MP251DAL3, STM32MP251FAI3, STM32MP251FAJ3, STM32MP251FAK3, STM32MP251FAL3, STM32MP253AAI3, STM32MP253AAJ3, STM32MP253AAK3, STM32MP253AAL3, STM32MP253CAI3, STM32MP253CAJ3, STM32MP253CAK3, STM32MP253CAL3, STM32MP253DAI3, STM32MP253DAJ3, STM32MP253DAK3, STM32MP253DAL3, STM32MP253FAI3, STM32MP253FAJ3, STM32MP253FAK3, STM32MP253FAL3, STM32MP255AAI3, STM32MP255AAJ3, STM32MP255AAK3, STM32MP255AAL3, STM32MP255CAI3, STM32MP255CAJ3, STM32MP255CAK3, STM32MP255CAL3, STM32MP255DAI3, STM32MP255DAJ3, STM32MP255DAK3, STM32MP255DAL3, STM32MP255FAI3, STM32MP255FAJ3, STM32MP255FAK3, STM32MP255FAL3, STM32MP257AAI3, STM32MP257AAJ3, STM32MP257AAK3, STM32MP257AAL3, STM32MP257CAI3, STM32MP257CAJ3, STM32MP257CAK3, STM32MP257CAL3, STM32MP257DAI3, STM32MP257DAJ3, STM32MP257DAK3, STM32MP257DAL3, STM32MP257F-DK, STM32MP257F-EV1, STM32MP257FAI3, STM32MP257FAJ3, STM32MP257FAK3, STM32MP257FAL3, STM32N645A0H3Q, STM32N645B0H3Q, STM32N645I0H3Q, STM32N645L0H3Q, STM32N645X0H3Q, STM32N645Z0H3Q, STM32N647A0H3Q, STM32N647B0H3Q, STM32N647I0H3Q, STM32N647L0H3Q, STM32N647X0H3Q, STM32N647Z0H3Q, STM32N655A0H3Q, STM32N655B0H3Q, STM32N655I0H3Q, STM32N655L0H3Q, STM32N655X0H3Q, STM32N655Z0H3Q, STM32N6570-DK, STM32N657A0H3Q, STM32N657B0H3Q, STM32N657I0H3Q, STM32N657L0H3Q, STM32N657X0H3Q, STM32N657Z0H3Q, STM32U031C6T6, STM32U031C6U6, STM32U031C8T6, STM32U031C8U6, STM32U031F4P6, STM32U031F6P6, STM32U031F8P6, STM32U031G6Y6TR, STM32U031G8Y6TR, STM32U031K4U6, STM32U031K6U6, STM32U031K8U6, STM32U031R6I6, STM32U031R6T6, STM32U031R8I6, STM32U031R8T6, STM32U073C8T6, STM32U073C8U6, STM32U073CBT6, STM32U073CBU6, STM32U073CCT6, STM32U073CCU6, STM32U073H8Y6TR, STM32U073HBY6TR, STM32U073HCY6TR, STM32U073K8U6, STM32U073KBU6, STM32U073KCU6, STM32U073M8I6, STM32U073M8T6, STM32U073MBI6, STM32U073MBT6, STM32U073MCI6, STM32U073MCT6, STM32U073R8I6, STM32U073R8T6, STM32U073RBI6, STM32U073RBT6, STM32U073RCI6, STM32U073RCT6, STM32U083C-DK, STM32U083CCT6, STM32U083CCU6, STM32U083HCY6TR, STM32U083KCU6, STM32U083MCI6, STM32U083MCT6, STM32U083RCI6, STM32U083RCT6, STM32U375CET6, STM32U375CET6Q, STM32U375CEU6, STM32U375CEU6Q, STM32U375CEY6QTR, STM32U375CGT6, STM32U375CGT6Q, STM32U375CGU6, STM32U375CGU6Q, STM32U375CGY6QTR, STM32U375KEU6, STM32U375KGU6, STM32U375REI6, STM32U375REI6Q, STM32U375RET6, STM32U375RET6Q, STM32U375REY6GTR, STM32U375REY6QTR, STM32U375RGI6, STM32U375RGI6Q, STM32U375RGT6, STM32U375RGT6Q, STM32U375RGY6GTR, STM32U375RGY6QTR, STM32U375VEI6, STM32U375VEI6Q, STM32U375VET6, STM32U375VET6Q, STM32U375VGI6, STM32U375VGI6Q, STM32U375VGT6, STM32U375VGT6Q, STM32U385CGT6, STM32U385CGT6Q, STM32U385CGU6, STM32U385CGU6Q, STM32U385CGY6QTR, STM32U385KGU6, STM32U385RGI6, STM32U385RGI6Q, STM32U385RGT6, STM32U385RGT6Q, STM32U385RGY6GTR, STM32U385RGY6QTR, STM32U385VGI6, STM32U385VGI6Q, STM32U385VGT6, STM32U385VGT6Q, STM32U535CBT6, STM32U535CBT6Q, STM32U535CBU6, STM32U535CBU6Q, STM32U535CCT6, STM32U535CCT6Q, STM32U535CCU6, STM32U535CCU6Q, STM32U535CET6, STM32U535CET6Q, STM32U535CEU6, STM32U535CEU6Q, STM32U535JEY6QTR, STM32U535NCY6QTR, STM32U535NEY6QTR, STM32U535RBI6, STM32U535RBI6Q, STM32U535RBT6, STM32U535RBT6Q, STM32U535RCI6, STM32U535RCI6Q, STM32U535RCT6, STM32U535RCT6Q, STM32U535REI6, STM32U535REI6Q, STM32U535RET6, STM32U535RET6Q, STM32U535VCI6, STM32U535VCI6Q, STM32U535VCT6, STM32U535VCT6Q, STM32U535VEI6, STM32U535VEI6Q, STM32U535VET6, STM32U535VET6Q, STM32U545CET6, STM32U545CET6Q, STM32U545CEU6, STM32U545CEU6Q, STM32U545JEY6QTR, STM32U545NEY6QTR, STM32U545REI6, STM32U545REI6Q, STM32U545RET6, STM32U545RET6Q, STM32U545VEI6, STM32U545VEI6Q, STM32U545VET6, STM32U545VET6Q, STM32U595AIH6, STM32U595AIH6Q, STM32U595AJH6, STM32U595AJH6Q, STM32U595QII6, STM32U595QII6Q, STM32U595QJI6, STM32U595QJI6Q, STM32U595RIT6, STM32U595RIT6Q, STM32U595RJT6, STM32U595RJT6Q, STM32U595VIT6, STM32U595VIT6Q, STM32U595VJT6, STM32U595VJT6Q, STM32U595ZIT6, STM32U595ZIT6Q, STM32U595ZIY6QTR, STM32U595ZJT6, STM32U595ZJT6Q, STM32U595ZJY6QTR, STM32U599BJY6QTR, STM32U599NIH6Q, STM32U599NJH6Q, STM32U599VIT6Q, STM32U599VJT6, STM32U599VJT6Q, STM32U599ZIT6Q, STM32U599ZIY6QTR, STM32U599ZJT6Q, STM32U599ZJY6QTR, STM32U5A5AJH6, STM32U5A5AJH6Q, STM32U5A5QII3Q , STM32U5A5QJI6, STM32U5A5QJI6Q, STM32U5A5RJT6, STM32U5A5RJT6Q, STM32U5A5VJT6, STM32U5A5VJT6Q, STM32U5A5ZJT6, STM32U5A5ZJT6Q, STM32U5A5ZJY6QTR, STM32U5A9BJY6QTR, STM32U5A9J-DK, STM32U5A9NJH6Q, STM32U5A9VJT6Q, STM32U5A9ZJT6Q, STM32U5A9ZJY6QTR, STM32U5F7VIT6, STM32U5F7VIT6Q, STM32U5F7VJT6, STM32U5F7VJT6Q, STM32U5F9BJY6QTR, STM32U5F9NJH6Q, STM32U5F9VIT6Q, STM32U5F9VJT6Q, STM32U5F9ZIJ6QTR, STM32U5F9ZIT6Q, STM32U5F9ZJJ6QTR, STM32U5F9ZJT6Q, STM32U5G7VJT6, STM32U5G7VJT6Q, STM32U5G9BJY6QTR, STM32U5G9J-DK1, STM32U5G9J-DK2, STM32U5G9NJH6Q, STM32U5G9VJT6Q, STM32U5G9ZJJ6QTR, STM32U5G9ZJT6Q, STM32WB05KZV6TR, STM32WB05KZV7TR, STM32WB05TZF6TR, STM32WB05TZF7TR, STM32WB06CCF6TR, STM32WB06CCF7TR, STM32WB06CCV6TR, STM32WB06CCV7TR, STM32WB06KCV6TR, STM32WB06KCV7TR, STM32WB07CCF6TR, STM32WB07CCF7TR, STM32WB07CCV6TR, STM32WB07CCV7TR, STM32WB07KCV6TR, STM32WB07KCV7TR, STM32WB09KEV6TR, STM32WB09KEV7TR, STM32WB09TEF6TR, STM32WB09TEF7TR, STM32WB1MMCH6, STM32WBA50KGU6, STM32WBA50KGU6TR, STM32WBA52CEU6, STM32WBA52CEU6TR, STM32WBA52CEU7, STM32WBA52CEU7TR, STM32WBA52CGU6, STM32WBA52CGU6TR, STM32WBA52CGU6U, STM32WBA52CGU7, STM32WBA52CGU7TR, STM32WBA52KEU6, STM32WBA52KEU6TR, STM32WBA52KGU6, STM32WBA52KGU6TR, STM32WBA54CEU6, STM32WBA54CEU6TR, STM32WBA54CEU7, STM32WBA54CEU7TR, STM32WBA54CGU6, STM32WBA54CGU6TR, STM32WBA54CGU7, STM32WBA54CGU7TR, STM32WBA54KEU6, STM32WBA54KEU6TR, STM32WBA54KEU7, STM32WBA54KEU7TR, STM32WBA54KGU6, STM32WBA54KGU6TR, STM32WBA54KGU7, STM32WBA54KGU7TR, STM32WBA55CEU6, STM32WBA55CEU6TR, STM32WBA55CEU7, STM32WBA55CEU7TR, STM32WBA55CGU6, STM32WBA55CGU6TR, STM32WBA55CGU6U, STM32WBA55CGU7, STM32WBA55CGU7TR, STM32WBA55G-DK1, STM32WBA55HEF6, STM32WBA55HEF7, STM32WBA55HGF6, STM32WBA55HGF7, STM32WBA55UEI6, STM32WBA55UEI6TR, STM32WBA55UEI7, STM32WBA55UEI7TR, STM32WBA55UGI6, STM32WBA55UGI6TR, STM32WBA55UGI7, STM32WBA55UGI7TR, STM32WBA5MJGH6TR, STM32WBA62CGU6, STM32WBA62CIU6, STM32WBA62MGF6, STM32WBA62MIF6, STM32WBA62PGI6, STM32WBA62PII6, STM32WBA63CGU6, STM32WBA63CGU7, STM32WBA63CIU6, STM32WBA63CIU7, STM32WBA64CGU6, STM32WBA64CGU7, STM32WBA64CIU6, STM32WBA64CIU7, STM32WBA65CGU6, STM32WBA65CGU7, STM32WBA65CIU6, STM32WBA65CIU7, STM32WBA65I-DK1, STM32WBA65MGF6, STM32WBA65MGF7, STM32WBA65MIF6, STM32WBA65MIF7, STM32WBA65PGI6, STM32WBA65PGI7, STM32WBA65PII6, STM32WBA65PII7, STM32WBA65RGV6, STM32WBA65RGV7, STM32WBA65RIV6, STM32WBA65RIV7, STM32WL30K8V6, STM32WL30KBV6, STM32WL31C8V6, STM32WL31CBV6, STM32WL31K8V6, STM32WL31KBV6, STM32WL33C8V6, STM32WL33C8V6TR, STM32WL33C8V7, STM32WL33C8V7TR, STM32WL33CBV6, STM32WL33CBV6TR, STM32WL33CBV7, STM32WL33CBV7TR, STM32WL33CCV6, STM32WL33CCV6TR, STM32WL33CCV7, STM32WL33CCV7A, STM32WL33CCV7ATR, STM32WL33CCV7TR, STM32WL33K8V6, STM32WL33K8V6TR, STM32WL33K8V7, STM32WL33K8V7TR, STM32WL33KBV6, STM32WL33KBV6TR, STM32WL33KBV7, STM32WL33KBV7TR, STM32WL33KCV6, STM32WL33KCV6TR, STM32WL33KCV7, STM32WL33KCV7TR, STM32WL5MOCH6, STM32WL5MOCH6TR]
2026-05-11 15:34:27,258 [INFO] DbMcus:218 - Found 5082 MCUs, 4964 are supported
2026-05-11 15:34:27,259 [INFO] ApiDb:423 - Load user favorites file C:\Users\hp/.stm32cubeide/favorites.mcus.txt: 0 item(s)
2026-05-11 15:34:27,260 [INFO] ApiDb:427 - User favorites MCUs=[]
2026-05-11 15:34:27,260 [INFO] DbMcus:224 - Set 0 / 0 favorites MCUs
2026-05-11 15:34:29,524 [INFO] ApiDb:448 - Save user favorites file C:\Users\hp/.stm32cubeide/favorites.boards.txt: 0 item(s)
2026-05-11 15:34:29,525 [INFO] ApiDb:452 - User favorites Boards=[]
2026-05-11 15:34:29,530 [INFO] ApiDb:581 - Connected to CubeFinder SQLite database (C:\Users\hp\.stmcufinder\plugins\mcufinder\mcu\cube-finder-db.db)
2026-05-11 15:34:29,691 [INFO] ApiDb:668 - CubeFinder database Data Model version=2.1
2026-05-11 15:34:29,691 [INFO] ApiDb:669 - CubeFinder database Configuration version=3.0.42
2026-05-11 15:34:29,691 [INFO] ApiDb:670 - CubeFinder database generation date=2026-05-06 (1778060171)
2026-05-11 15:34:29,691 [INFO] ApiDb:671 - CubeFinder database FW Pack versions=[FP-ATR-ASTRA1_V2.0.0, FP-SNS-FLIGHT1_V5.1.0, FP-SNS-MOTENV1_V5.1.0, FP-SNS-MOTENVWB1_V1.5.0, FP-SNS-SMARTAG2_V1.2.0, FP-SNS-STBOX1_V2.1.0, STM32Cube_FW_C0_V1.4.0, STM32Cube_FW_F4_V1.28.3, STM32Cube_FW_F7_V1.17.4, STM32Cube_FW_G0_V1.6.3, STM32Cube_FW_G4_V1.6.2, STM32Cube_FW_H5_V1.6.0, STM32Cube_FW_H7RS_V1.3.0, STM32Cube_FW_H7_V1.13.0, STM32Cube_FW_L0_V1.12.2, STM32Cube_FW_L4_V1.18.2, STM32Cube_FW_L5_V1.6.0, STM32Cube_FW_N6_V1.3.0, STM32Cube_FW_U0_V1.3.0, STM32Cube_FW_U3_V1.3.0, STM32Cube_FW_U5_V1.8.0, STM32Cube_FW_WB0_V1.4.0, STM32Cube_FW_WBA_V1.9.0, STM32Cube_FW_WB_V1.24.0, STM32Cube_FW_WL3_V1.4.0, STM32Cube_FW_WL_V1.5.0, X-CUBE-ALGOBUILD_V1.4.0, X-CUBE-ALS_V1.0.2, X-CUBE-AZRTOS-F4_V1.1.0, X-CUBE-AZRTOS-F7_V1.1.0, X-CUBE-AZRTOS-G0_V1.1.0, X-CUBE-AZRTOS-G4_V2.0.0, X-CUBE-AZRTOS-H7RS_V1.1.0, X-CUBE-AZRTOS-H7_V3.5.0, X-CUBE-AZRTOS-L4_V2.0.0, X-CUBE-AZRTOS-L5_V2.0.0, X-CUBE-AZRTOS-WB_V2.0.0, X-CUBE-AZRTOS-WL_V2.0.0, X-CUBE-BLE1_V7.1.0, X-CUBE-BLE2_V3.3.0, X-CUBE-BLEMGR_V4.1.0, X-CUBE-EEPRMA1_V5.2.0, X-CUBE-FREERTOS_V1.5.0, X-CUBE-GNSS1_V6.0.0, X-CUBE-MEMS1_V12.0.0, X-CUBE-NFC4_V3.0.0, X-CUBE-NFC7_V2.0.0, X-CUBE-SFXS2LP1_V4.0.0, X-CUBE-ST67W61_V1.2.0, X-CUBE-SUBG2_V5.0.0, X-CUBE-TOF1_V3.4.3]
2026-05-11 15:34:29,801 [INFO] DbBoardsSqlite:226 - include board P-NUCLEO-WB55-NUCLEO as a kit item of type 'Nucleo-64'
2026-05-11 15:34:29,802 [INFO] DbBoardsSqlite:226 - include board P-NUCLEO-WB55-USBDONGLE as a kit item of type 'Nucleo USB Dongle'
2026-05-11 15:34:29,803 [INFO] DbBoardsSqlite:226 - include board STEVAL-IDP005V1 as a kit item of type 'Evaluation Board'
2026-05-11 15:34:29,804 [INFO] DbBoardsSqlite:226 - include board STEVAL-IDP005V2 as a kit item of type 'Evaluation Board'
2026-05-11 15:34:30,056 [INFO] ApiDb:240 - Found 895 in-development CPN: [B-G473E-ZEST1S, B-WB1M-WPAN1, B-WBA5M-WPAN, B-WL5M-SUBG1, NUCLEO-C031C6, NUCLEO-C051C8, NUCLEO-C071RB, NUCLEO-C092RC, NUCLEO-H503RB, NUCLEO-H533RE, NUCLEO-H563ZI, NUCLEO-H7S3L8, NUCLEO-N657X0-Q, NUCLEO-U031R8, NUCLEO-U083RC, NUCLEO-U385RG-Q, NUCLEO-U545RE-Q, NUCLEO-U5A5ZJ-Q, NUCLEO-WB05KZ, NUCLEO-WB07CC, NUCLEO-WB09KE, NUCLEO-WBA52CG, NUCLEO-WBA55CG, NUCLEO-WBA65RI, NUCLEO-WL33CC1, NUCLEO-WL33CC2, STEVAL-PROTEUS1, STEVAL-SMARTAG2, STEVAL-STWINBX1, STM320518-EVAL, STM32C0116-DK, STM32C011D6Y3TR, STM32C011D6Y6TR, STM32C011F4P3, STM32C011F4P6, STM32C011F4U3, STM32C011F4U6TR, STM32C011F6P3, STM32C011F6P6, STM32C011F6U3, STM32C011F6U6TR, STM32C011J4M3, STM32C011J4M6, STM32C011J6M3, STM32C011J6M6, STM32C0316-DK, STM32C031C4T3, STM32C031C4T6, STM32C031C4U3, STM32C031C4U6, STM32C031C6T3, STM32C031C6T6, STM32C031C6U3, STM32C031C6U6, STM32C031F4P3, STM32C031F4P6, STM32C031F6P3, STM32C031F6P6, STM32C031G4U3, STM32C031G4U6, STM32C031G6U3, STM32C031G6U6, STM32C031K4T3, STM32C031K4T6, STM32C031K4U3, STM32C031K4U6, STM32C031K6T3, STM32C031K6T6, STM32C031K6U3, STM32C031K6U6, STM32C051C6T6, STM32C051C6U6, STM32C051C8T6, STM32C051C8U6, STM32C051D8Y6TR, STM32C051F6P6, STM32C051F8P6, STM32C051G6U6, STM32C051G8U6, STM32C051K6T6, STM32C051K6U6, STM32C051K8T6, STM32C071C8T6, STM32C071C8T6N, STM32C071C8U6, STM32C071C8U6N, STM32C071CBT6, STM32C071CBT6N, STM32C071CBU6, STM32C071CBU6N, STM32C071F8P6, STM32C071F8P6N, STM32C071FBP6, STM32C071FBP6N, STM32C071FBY6TR, STM32C071G8U6, STM32C071G8U6N, STM32C071GBU6, STM32C071GBU6N, STM32C071K8T6, STM32C071K8T6N, STM32C071K8U6, STM32C071K8U6N, STM32C071KBT6, STM32C071KBT6N, STM32C071KBU6, STM32C071KBU6N, STM32C071R8T6, STM32C071R8T6N, STM32C071RBI6N, STM32C071RBT6, STM32C071RBT6N, STM32C091CBT6, STM32C091CBU6, STM32C091CCT6, STM32C091CCU6, STM32C091ECY6TR, STM32C091FBP6, STM32C091FCP6, STM32C091GBU6, STM32C091GCU6, STM32C091KBT6, STM32C091KBU6, STM32C091KCT6, STM32C091KCU6, STM32C091RBT6, STM32C091RCI6, STM32C091RCT6, STM32C092CBT6, STM32C092CBU6, STM32C092CCT6, STM32C092CCU6, STM32C092ECY6TR, STM32C092FBP6, STM32C092FCP6, STM32C092GBU6, STM32C092GCU6, STM32C092KBT6, STM32C092KBU6, STM32C092KCT6, STM32C092KCU6, STM32C092RBT6, STM32C092RCI6, STM32C092RCT6, STM32G071K8TXN, STM32G071K8UXN, STM32G081GBU6N, STM32G081KBT6N, STM32G081KBUXN, STM32G0B1CCT6N, STM32G0B1KCT6, STM32G0B1NEY6TR, STM32G0B1RCT6N, STM32G0C1CCT6, STM32G0C1CCT6N, STM32G0C1CCU6N, STM32G0C1CET6N, STM32G0C1CEU6N, STM32G0C1KCT6, STM32G0C1NEY6TR, STM32G0C1RCI6N, STM32G0C1RCT6N, STM32G0C1REI6N, STM32G0C1RET6N, STM32G0C1VCI6, STM32G0C1VEI6, STM32G411C6T3, STM32G411C6T6, STM32G411C6U3, STM32G411C6U6, STM32G411C8T3, STM32G411C8T6, STM32G411C8U3, STM32G411C8U6, STM32G411CBT3, STM32G411CBT6, STM32G411CBU3, STM32G411CBU6, STM32G411CCT3, STM32G411CCT6, STM32G411CCU3, STM32G411CCU6, STM32G411K6T3, STM32G411K6T6, STM32G411K6U3, STM32G411K6U6, STM32G411K8T3, STM32G411K8T6, STM32G411K8U3, STM32G411K8U6, STM32G411KBT3, STM32G411KBT6, STM32G411KBU3, STM32G411KBU6, STM32G411M6T3, STM32G411M6T6, STM32G411M8T3, STM32G411M8T6, STM32G411MBT3, STM32G411MBT6, STM32G411MCT3, STM32G411MCT6, STM32G411R6T3, STM32G411R6T6, STM32G411R8T3, STM32G411R8T6, STM32G411RBT3, STM32G411RBT6, STM32G411RCT3, STM32G411RCT6, STM32G414CBT3, STM32G414CBT6, STM32G414CBU3, STM32G414CBU6, STM32G414CCT3, STM32G414CCT6, STM32G414CCU3, STM32G414CCU6, STM32G414MBT3, STM32G414MBT6, STM32G414MCT3, STM32G414MCT6, STM32G414RBT3, STM32G414RBT6, STM32G414RCT3, STM32G414RCT6, STM32G414VBT3, STM32G414VBT6, STM32G414VCT3, STM32G414VCT6, STM32G431CBT3Z, STM32G431RBT3Z, STM32G471CCT6, STM32G471CCU6, STM32G471CET3, STM32G471CET6, STM32G471CEU3, STM32G471CEU6, STM32G471MCT6, STM32G471MET3, STM32G471MET6, STM32G471MEY6TR, STM32G471QCT6, STM32G471QET3, STM32G471RCT6, STM32G471RET3, STM32G471RET6, STM32G471VCH6, STM32G471VCI6, STM32G471VCT6, STM32G471VEH3, STM32G471VEH6, STM32G471VEI3, STM32G471VEI6, STM32G471VET3, STM32G471VET6, STM32G473QET3Z, STM32G473RET3Z, STM32G474CCT6, STM32G491RET3Z, STM32H503CBT6, STM32H503CBU6, STM32H503EBY6TR, STM32H503KBU6, STM32H503RBT6, STM32H523CCT6, STM32H523CCU6, STM32H523CET6, STM32H523CEU6, STM32H523HEY6TR, STM32H523RCT6, STM32H523RET6, STM32H523VCI6, STM32H523VCT6, STM32H523VEI6, STM32H523VET6, STM32H523ZCJ6, STM32H523ZCT6, STM32H523ZEJ6, STM32H523ZET6, STM32H533CET6, STM32H533CEU6, STM32H533HEY6TR, STM32H533RET6, STM32H533VEI6, STM32H533VET6, STM32H533ZEJ6, STM32H533ZET6, STM32H562AGI6, STM32H562AII6, STM32H562IGK6, STM32H562IGT6, STM32H562IIK6, STM32H562IIT6, STM32H562RGT6, STM32H562RGV6, STM32H562RIT6, STM32H562RIV6, STM32H562VGT6, STM32H562VIT6, STM32H562ZGT6, STM32H562ZIT6, STM32H563AGI6, STM32H563AII3Q, STM32H563AII6, STM32H563IGK6, STM32H563IGT6, STM32H563IIK3Q, STM32H563IIK6, STM32H563IIT3Q, STM32H563IIT6, STM32H563MIY3QTR, STM32H563RGT6, STM32H563RGV6, STM32H563RIT6, STM32H563RIV6, STM32H563VGT6, STM32H563VIT3Q, STM32H563VIT6, STM32H563ZGT6, STM32H563ZIT3Q, STM32H563ZIT6, STM32H573AII3Q, STM32H573AII6, STM32H573I-DK, STM32H573IIK3Q, STM32H573IIK6, STM32H573IIT3Q, STM32H573IIT6, STM32H573MIY3QTR, STM32H573RIT6, STM32H573RIV6, STM32H573VIT3Q, STM32H573VIT6, STM32H573ZIT3Q, STM32H573ZIT6, STM32H7R3A8I6, STM32H7R3I8K6, STM32H7R3I8T6, STM32H7R3L8H6, STM32H7R3L8H6H, STM32H7R3R8V6, STM32H7R3V8H6, STM32H7R3V8T6, STM32H7R3V8Y6TR, STM32H7R3Z8J6, STM32H7R3Z8T6, STM32H7R7A8I6, STM32H7R7I8K6, STM32H7R7I8T6, STM32H7R7L8H6, STM32H7R7L8H6H, STM32H7R7Z8J6, STM32H7S3A8I6, STM32H7S3I8K6, STM32H7S3I8T6, STM32H7S3L8H6, STM32H7S3L8H6H, STM32H7S3R8V6, STM32H7S3V8H6, STM32H7S3V8T6, STM32H7S3V8Y6TR, STM32H7S3Z8J6, STM32H7S3Z8T6, STM32H7S78-DK, STM32H7S7A8I6, STM32H7S7I8K6, STM32H7S7I8T6, STM32H7S7L8H6, STM32H7S7L8H6H, STM32H7S7Z8J6, STM32L4R5QGI6STR, STM32MP131AAE3, STM32MP131AAF3, STM32MP131AAG3, STM32MP131CAE3, STM32MP131CAF3, STM32MP131CAG3, STM32MP131DAE7, STM32MP131DAF7, STM32MP131DAG7, STM32MP131FAE7, STM32MP131FAF7, STM32MP131FAG7, STM32MP133AAE3, STM32MP133AAF3, STM32MP133AAG3, STM32MP133CAE3, STM32MP133CAF3, STM32MP133CAG3, STM32MP133DAE7, STM32MP133DAF7, STM32MP133DAG7, STM32MP133FAE7, STM32MP133FAF7, STM32MP133FAG7, STM32MP135AAE3, STM32MP135AAF3, STM32MP135AAG3, STM32MP135CAE3, STM32MP135CAF3, STM32MP135CAG3, STM32MP135DAE7, STM32MP135DAF7, STM32MP135DAG7, STM32MP135F-DK, STM32MP135FAE7, STM32MP135FAF7, STM32MP135FAF7T, STM32MP135FAF7U, STM32MP135FAG7, STM32MP231AAJ3, STM32MP231AAK3, STM32MP231AAL3, STM32MP231CAJ3, STM32MP231CAK3, STM32MP231CAL3, STM32MP231DAJ3, STM32MP231DAK3, STM32MP231DAL3, STM32MP231FAJ3, STM32MP231FAK3, STM32MP231FAL3, STM32MP233AAJ3, STM32MP233AAK3, STM32MP233AAL3, STM32MP233CAJ3, STM32MP233CAK3, STM32MP233CAL3, STM32MP233DAJ3, STM32MP233DAK3, STM32MP233DAL3, STM32MP233FAJ3, STM32MP233FAK3, STM32MP233FAL3, STM32MP235AAJ3, STM32MP235AAK3, STM32MP235AAL3, STM32MP235CAJ3, STM32MP235CAK3, STM32MP235CAL3, STM32MP235DAJ3, STM32MP235DAK3, STM32MP235DAL3, STM32MP235FAJ3, STM32MP235FAK3, STM32MP235FAL3, STM32MP251AAI3, STM32MP251AAJ3, STM32MP251AAK3, STM32MP251AAL3, STM32MP251CAI3, STM32MP251CAJ3, STM32MP251CAK3, STM32MP251CAL3, STM32MP251DAI3, STM32MP251DAJ3, STM32MP251DAK3, STM32MP251DAL3, STM32MP251FAI3, STM32MP251FAJ3, STM32MP251FAK3, STM32MP251FAL3, STM32MP253AAI3, STM32MP253AAJ3, STM32MP253AAK3, STM32MP253AAL3, STM32MP253CAI3, STM32MP253CAJ3, STM32MP253CAK3, STM32MP253CAL3, STM32MP253DAI3, STM32MP253DAJ3, STM32MP253DAK3, STM32MP253DAL3, STM32MP253FAI3, STM32MP253FAJ3, STM32MP253FAK3, STM32MP253FAL3, STM32MP255AAI3, STM32MP255AAJ3, STM32MP255AAK3, STM32MP255AAL3, STM32MP255CAI3, STM32MP255CAJ3, STM32MP255CAK3, STM32MP255CAL3, STM32MP255DAI3, STM32MP255DAJ3, STM32MP255DAK3, STM32MP255DAL3, STM32MP255FAI3, STM32MP255FAJ3, STM32MP255FAK3, STM32MP255FAL3, STM32MP257AAI3, STM32MP257AAJ3, STM32MP257AAK3, STM32MP257AAL3, STM32MP257CAI3, STM32MP257CAJ3, STM32MP257CAK3, STM32MP257CAL3, STM32MP257DAI3, STM32MP257DAJ3, STM32MP257DAK3, STM32MP257DAL3, STM32MP257F-DK, STM32MP257F-EV1, STM32MP257FAI3, STM32MP257FAJ3, STM32MP257FAK3, STM32MP257FAL3, STM32N645A0H3Q, STM32N645B0H3Q, STM32N645I0H3Q, STM32N645L0H3Q, STM32N645X0H3Q, STM32N645Z0H3Q, STM32N647A0H3Q, STM32N647B0H3Q, STM32N647I0H3Q, STM32N647L0H3Q, STM32N647X0H3Q, STM32N647Z0H3Q, STM32N655A0H3Q, STM32N655B0H3Q, STM32N655I0H3Q, STM32N655L0H3Q, STM32N655X0H3Q, STM32N655Z0H3Q, STM32N6570-DK, STM32N657A0H3Q, STM32N657B0H3Q, STM32N657I0H3Q, STM32N657L0H3Q, STM32N657X0H3Q, STM32N657Z0H3Q, STM32U031C6T6, STM32U031C6U6, STM32U031C8T6, STM32U031C8U6, STM32U031F4P6, STM32U031F6P6, STM32U031F8P6, STM32U031G6Y6TR, STM32U031G8Y6TR, STM32U031K4U6, STM32U031K6U6, STM32U031K8U6, STM32U031R6I6, STM32U031R6T6, STM32U031R8I6, STM32U031R8T6, STM32U073C8T6, STM32U073C8U6, STM32U073CBT6, STM32U073CBU6, STM32U073CCT6, STM32U073CCU6, STM32U073H8Y6TR, STM32U073HBY6TR, STM32U073HCY6TR, STM32U073K8U6, STM32U073KBU6, STM32U073KCU6, STM32U073M8I6, STM32U073M8T6, STM32U073MBI6, STM32U073MBT6, STM32U073MCI6, STM32U073MCT6, STM32U073R8I6, STM32U073R8T6, STM32U073RBI6, STM32U073RBT6, STM32U073RCI6, STM32U073RCT6, STM32U083C-DK, STM32U083CCT6, STM32U083CCU6, STM32U083HCY6TR, STM32U083KCU6, STM32U083MCI6, STM32U083MCT6, STM32U083RCI6, STM32U083RCT6, STM32U375CET6, STM32U375CET6Q, STM32U375CEU6, STM32U375CEU6Q, STM32U375CEY6QTR, STM32U375CGT6, STM32U375CGT6Q, STM32U375CGU6, STM32U375CGU6Q, STM32U375CGY6QTR, STM32U375KEU6, STM32U375KGU6, STM32U375REI6, STM32U375REI6Q, STM32U375RET6, STM32U375RET6Q, STM32U375REY6GTR, STM32U375REY6QTR, STM32U375RGI6, STM32U375RGI6Q, STM32U375RGT6, STM32U375RGT6Q, STM32U375RGY6GTR, STM32U375RGY6QTR, STM32U375VEI6, STM32U375VEI6Q, STM32U375VET6, STM32U375VET6Q, STM32U375VGI6, STM32U375VGI6Q, STM32U375VGT6, STM32U375VGT6Q, STM32U385CGT6, STM32U385CGT6Q, STM32U385CGU6, STM32U385CGU6Q, STM32U385CGY6QTR, STM32U385KGU6, STM32U385RGI6, STM32U385RGI6Q, STM32U385RGT6, STM32U385RGT6Q, STM32U385RGY6GTR, STM32U385RGY6QTR, STM32U385VGI6, STM32U385VGI6Q, STM32U385VGT6, STM32U385VGT6Q, STM32U535CBT6, STM32U535CBT6Q, STM32U535CBU6, STM32U535CBU6Q, STM32U535CCT6, STM32U535CCT6Q, STM32U535CCU6, STM32U535CCU6Q, STM32U535CET6, STM32U535CET6Q, STM32U535CEU6, STM32U535CEU6Q, STM32U535JEY6QTR, STM32U535NCY6QTR, STM32U535NEY6QTR, STM32U535RBI6, STM32U535RBI6Q, STM32U535RBT6, STM32U535RBT6Q, STM32U535RCI6, STM32U535RCI6Q, STM32U535RCT6, STM32U535RCT6Q, STM32U535REI6, STM32U535REI6Q, STM32U535RET6, STM32U535RET6Q, STM32U535VCI6, STM32U535VCI6Q, STM32U535VCT6, STM32U535VCT6Q, STM32U535VEI6, STM32U535VEI6Q, STM32U535VET6, STM32U535VET6Q, STM32U545CET6, STM32U545CET6Q, STM32U545CEU6, STM32U545CEU6Q, STM32U545JEY6QTR, STM32U545NEY6QTR, STM32U545REI6, STM32U545REI6Q, STM32U545RET6, STM32U545RET6Q, STM32U545VEI6, STM32U545VEI6Q, STM32U545VET6, STM32U545VET6Q, STM32U595AIH6, STM32U595AIH6Q, STM32U595AJH6, STM32U595AJH6Q, STM32U595QII6, STM32U595QII6Q, STM32U595QJI6, STM32U595QJI6Q, STM32U595RIT6, STM32U595RIT6Q, STM32U595RJT6, STM32U595RJT6Q, STM32U595VIT6, STM32U595VIT6Q, STM32U595VJT6, STM32U595VJT6Q, STM32U595ZIT6, STM32U595ZIT6Q, STM32U595ZIY6QTR, STM32U595ZJT6, STM32U595ZJT6Q, STM32U595ZJY6QTR, STM32U599BJY6QTR, STM32U599NIH6Q, STM32U599NJH6Q, STM32U599VIT6Q, STM32U599VJT6, STM32U599VJT6Q, STM32U599ZIT6Q, STM32U599ZIY6QTR, STM32U599ZJT6Q, STM32U599ZJY6QTR, STM32U5A5AJH6, STM32U5A5AJH6Q, STM32U5A5QII3Q , STM32U5A5QJI6, STM32U5A5QJI6Q, STM32U5A5RJT6, STM32U5A5RJT6Q, STM32U5A5VJT6, STM32U5A5VJT6Q, STM32U5A5ZJT6, STM32U5A5ZJT6Q, STM32U5A5ZJY6QTR, STM32U5A9BJY6QTR, STM32U5A9J-DK, STM32U5A9NJH6Q, STM32U5A9VJT6Q, STM32U5A9ZJT6Q, STM32U5A9ZJY6QTR, STM32U5F7VIT6, STM32U5F7VIT6Q, STM32U5F7VJT6, STM32U5F7VJT6Q, STM32U5F9BJY6QTR, STM32U5F9NJH6Q, STM32U5F9VIT6Q, STM32U5F9VJT6Q, STM32U5F9ZIJ6QTR, STM32U5F9ZIT6Q, STM32U5F9ZJJ6QTR, STM32U5F9ZJT6Q, STM32U5G7VJT6, STM32U5G7VJT6Q, STM32U5G9BJY6QTR, STM32U5G9J-DK1, STM32U5G9J-DK2, STM32U5G9NJH6Q, STM32U5G9VJT6Q, STM32U5G9ZJJ6QTR, STM32U5G9ZJT6Q, STM32WB05KZV6TR, STM32WB05KZV7TR, STM32WB05TZF6TR, STM32WB05TZF7TR, STM32WB06CCF6TR, STM32WB06CCF7TR, STM32WB06CCV6TR, STM32WB06CCV7TR, STM32WB06KCV6TR, STM32WB06KCV7TR, STM32WB07CCF6TR, STM32WB07CCF7TR, STM32WB07CCV6TR, STM32WB07CCV7TR, STM32WB07KCV6TR, STM32WB07KCV7TR, STM32WB09KEV6TR, STM32WB09KEV7TR, STM32WB09TEF6TR, STM32WB09TEF7TR, STM32WB1MMCH6, STM32WBA50KGU6, STM32WBA50KGU6TR, STM32WBA52CEU6, STM32WBA52CEU6TR, STM32WBA52CEU7, STM32WBA52CEU7TR, STM32WBA52CGU6, STM32WBA52CGU6TR, STM32WBA52CGU6U, STM32WBA52CGU7, STM32WBA52CGU7TR, STM32WBA52KEU6, STM32WBA52KEU6TR, STM32WBA52KGU6, STM32WBA52KGU6TR, STM32WBA54CEU6, STM32WBA54CEU6TR, STM32WBA54CEU7, STM32WBA54CEU7TR, STM32WBA54CGU6, STM32WBA54CGU6TR, STM32WBA54CGU7, STM32WBA54CGU7TR, STM32WBA54KEU6, STM32WBA54KEU6TR, STM32WBA54KEU7, STM32WBA54KEU7TR, STM32WBA54KGU6, STM32WBA54KGU6TR, STM32WBA54KGU7, STM32WBA54KGU7TR, STM32WBA55CEU6, STM32WBA55CEU6TR, STM32WBA55CEU7, STM32WBA55CEU7TR, STM32WBA55CGU6, STM32WBA55CGU6TR, STM32WBA55CGU6U, STM32WBA55CGU7, STM32WBA55CGU7TR, STM32WBA55G-DK1, STM32WBA55HEF6, STM32WBA55HEF7, STM32WBA55HGF6, STM32WBA55HGF7, STM32WBA55UEI6, STM32WBA55UEI6TR, STM32WBA55UEI7, STM32WBA55UEI7TR, STM32WBA55UGI6, STM32WBA55UGI6TR, STM32WBA55UGI7, STM32WBA55UGI7TR, STM32WBA5MJGH6TR, STM32WBA62CGU6, STM32WBA62CIU6, STM32WBA62MGF6, STM32WBA62MIF6, STM32WBA62PGI6, STM32WBA62PII6, STM32WBA63CGU6, STM32WBA63CGU7, STM32WBA63CIU6, STM32WBA63CIU7, STM32WBA64CGU6, STM32WBA64CGU7, STM32WBA64CIU6, STM32WBA64CIU7, STM32WBA65CGU6, STM32WBA65CGU7, STM32WBA65CIU6, STM32WBA65CIU7, STM32WBA65I-DK1, STM32WBA65MGF6, STM32WBA65MGF7, STM32WBA65MIF6, STM32WBA65MIF7, STM32WBA65PGI6, STM32WBA65PGI7, STM32WBA65PII6, STM32WBA65PII7, STM32WBA65RGV6, STM32WBA65RGV7, STM32WBA65RIV6, STM32WBA65RIV7, STM32WL30K8V6, STM32WL30KBV6, STM32WL31C8V6, STM32WL31CBV6, STM32WL31K8V6, STM32WL31KBV6, STM32WL33C8V6, STM32WL33C8V6TR, STM32WL33C8V7, STM32WL33C8V7TR, STM32WL33CBV6, STM32WL33CBV6TR, STM32WL33CBV7, STM32WL33CBV7TR, STM32WL33CCV6, STM32WL33CCV6TR, STM32WL33CCV7, STM32WL33CCV7A, STM32WL33CCV7ATR, STM32WL33CCV7TR, STM32WL33K8V6, STM32WL33K8V6TR, STM32WL33K8V7, STM32WL33K8V7TR, STM32WL33KBV6, STM32WL33KBV6TR, STM32WL33KBV7, STM32WL33KBV7TR, STM32WL33KCV6, STM32WL33KCV6TR, STM32WL33KCV7, STM32WL33KCV7TR, STM32WL5MOCH6, STM32WL5MOCH6TR]
2026-05-11 15:34:30,638 [INFO] BoardInfo:889 - No configuration file found for board NUCLEO-H5E5ZJ
2026-05-11 15:34:30,642 [INFO] DbBoards:161 - Board is not supported: NUCLEO-H5E5ZJ
2026-05-11 15:34:30,837 [INFO] BoardInfo:889 - No configuration file found for board NUCLEO-U3C5ZI-Q
2026-05-11 15:34:30,840 [INFO] DbBoards:161 - Board is not supported: NUCLEO-U3C5ZI-Q
2026-05-11 15:34:30,888 [INFO] BoardInfo:889 - No configuration file found for board NUCLEO-WBA25CE1
2026-05-11 15:34:30,891 [INFO] DbBoards:161 - Board is not supported: NUCLEO-WBA25CE1
2026-05-11 15:34:30,922 [INFO] BoardInfo:889 - No configuration file found for board NUCLEO-WL3RKB1
2026-05-11 15:34:30,925 [INFO] DbBoards:161 - Board is not supported: NUCLEO-WL3RKB1
2026-05-11 15:34:30,928 [INFO] BoardInfo:889 - No configuration file found for board NUCLEO-WL3RKB2
2026-05-11 15:34:30,933 [INFO] DbBoards:161 - Board is not supported: NUCLEO-WL3RKB2
2026-05-11 15:34:31,001 [INFO] BoardInfo:889 - No configuration file found for board P-NUCLEO-WB55
2026-05-11 15:34:31,004 [INFO] DbBoards:161 - Kit is not supported: P-NUCLEO-WB55
2026-05-11 15:34:31,023 [INFO] BoardInfo:889 - No configuration file found for board STEVAL-BFA001V1B
2026-05-11 15:34:31,027 [INFO] DbBoards:161 - Kit is not supported: STEVAL-BFA001V1B
2026-05-11 15:34:31,031 [INFO] BoardInfo:889 - No configuration file found for board STEVAL-BFA001V2B
2026-05-11 15:34:31,034 [INFO] DbBoards:161 - Kit is not supported: STEVAL-BFA001V2B
2026-05-11 15:34:31,438 [INFO] BoardInfo:889 - No configuration file found for board STM32H5F5J-DK
2026-05-11 15:34:31,441 [INFO] DbBoards:161 - Board is not supported: STM32H5F5J-DK
2026-05-11 15:34:31,641 [INFO] BoardInfo:889 - No configuration file found for board STM32MP215F-DK
2026-05-11 15:34:31,648 [INFO] DbBoards:161 - Board is not supported: STM32MP215F-DK
2026-05-11 15:34:31,781 [INFO] DbBoards:168 - Found 218 boards, 208 are supported
2026-05-11 15:34:31,782 [INFO] DbBoards:169 - Found 218 boards, 43 of them is supported for  Bsp
2026-05-11 15:34:31,805 [INFO] ApiDb:423 - Load user favorites file C:\Users\hp/.stm32cubeide/favorites.boards.txt: 0 item(s)
2026-05-11 15:34:31,805 [INFO] ApiDb:427 - User favorites Boards=[]
2026-05-11 15:34:31,806 [INFO] DbBoards:198 - Set 0 / 0 favorites Boards
2026-05-11 15:34:32,905 [ERROR] TargetSelectorAdapter:267 - Unable to refresh data
2026-05-11 15:34:34,799 [INFO] McuFinderGlobals:76 - Set McuFinderConnectedMode to true
2026-05-11 15:34:35,003 [INFO] MultiScanPanel:200 - Auto-refresh data requested => check proxy status ongoing
2026-05-11 15:34:35,050 [INFO] FinderPluginLoader:95 - Searching for filters in installed packs
2026-05-11 15:34:46,173 [INFO] LoadUrlFilesThread:185 - End of LoadServerUrlFiles without Thread
2026-05-11 15:34:46,726 [INFO] DetailPanel:341 - Set advertising image to C:/Users/hp/STM32Cube/Repository/\en.prom-stm32wba2-stm32-nucleo-board-0426.png
2026-05-11 15:35:06,152 [INFO] MultiScanPanel:200 - Auto-refresh data requested => check proxy status ongoing
2026-05-11 15:35:06,977 [INFO] LoadUrlFilesThread:185 - End of LoadServerUrlFiles without Thread
2026-05-11 15:35:06,978 [INFO] DetailPanel:341 - Set advertising image to C:/Users/hp/STM32Cube/Repository/\en.prom-stm32wba2-stm32-nucleo-board-0426.png
2026-05-11 15:35:07,016 [INFO] DbBoards:642 - Loading board mini-images...
2026-05-11 15:35:17,886 [INFO] DbBoards:665 - Loaded 218 board mini-images
2026-05-11 15:52:45,046 [INFO] MainUpdater:2872 - connection check result : 10
2026-05-11 15:52:45,048 [INFO] MainUpdater:2872 - connection check result : 10
2026-05-11 15:52:47,085 [INFO] MicroXplorer:468 - Change Database Path : 
2026-05-11 15:52:47,086 [INFO] MicroXplorer:498 - Change Database Version : DB.6.0.140
2026-05-11 15:52:47,988 [ERROR] ProjectManagerView:394 - 
java.lang.NullPointerException: Cannot invoke "javax.swing.JTextField.getText()" because the return value of "java.util.List.get(int)" is null
	at com.st.microxplorer.plugins.projectmanager.gui.ProjectChoiceTab$9.caretUpdate(ProjectChoiceTab.java:2678) ~[filemanager.jar:?]
	at javax.swing.text.JTextComponent.fireCaretUpdate(JTextComponent.java:408) ~[?:?]
	at javax.swing.text.JTextComponent$MutableCaretEvent.fire(JTextComponent.java:4484) ~[?:?]
	at javax.swing.text.JTextComponent$MutableCaretEvent.stateChanged(JTextComponent.java:4506) ~[?:?]
	at javax.swing.text.DefaultCaret.fireStateChanged(DefaultCaret.java:857) ~[?:?]
	at javax.swing.text.DefaultCaret.changeCaretPosition(DefaultCaret.java:1343) ~[?:?]
	at javax.swing.text.DefaultCaret.handleSetDot(DefaultCaret.java:1242) ~[?:?]
	at javax.swing.text.DefaultCaret.setDot(DefaultCaret.java:1223) ~[?:?]
	at javax.swing.text.DefaultCaret$Handler.insertUpdate(DefaultCaret.java:1819) ~[?:?]
	at javax.swing.text.AbstractDocument.fireInsertUpdate(AbstractDocument.java:227) ~[?:?]
	at javax.swing.text.AbstractDocument.handleInsertString(AbstractDocument.java:781) ~[?:?]
	at javax.swing.text.AbstractDocument.insertString(AbstractDocument.java:740) ~[?:?]
	at javax.swing.text.PlainDocument.insertString(PlainDocument.java:131) ~[?:?]
	at javax.swing.text.AbstractDocument.replace(AbstractDocument.java:699) ~[?:?]
	at javax.swing.text.JTextComponent.setText(JTextComponent.java:1725) ~[?:?]
	at com.st.microxplorer.plugins.projectmanager.gui.ProjectChoiceTab.createHeapStackFields(ProjectChoiceTab.java:979) ~[filemanager.jar:?]
	at com.st.microxplorer.plugins.projectmanager.gui.ProjectChoiceTab.buildLinkSettingsPanel(ProjectChoiceTab.java:3766) ~[filemanager.jar:?]
	at com.st.microxplorer.plugins.projectmanager.gui.ProjectChoiceTab.defineWindowsFields(ProjectChoiceTab.java:1962) ~[filemanager.jar:?]
	at com.st.microxplorer.plugins.projectmanager.gui.ProjectChoiceTab.updateSettings(ProjectChoiceTab.java:555) ~[filemanager.jar:?]
	at com.st.microxplorer.plugins.projectmanager.gui.ProjectSettingsPanel.UpdateDialog(ProjectSettingsPanel.java:245) ~[filemanager.jar:?]
	at com.st.microxplorer.plugins.projectmanager.ProjectManagerView.propertyChange(ProjectManagerView.java:391) ~[filemanager.jar:?]
	at java.beans.PropertyChangeSupport.fire(PropertyChangeSupport.java:343) ~[?:?]
	at java.beans.PropertyChangeSupport.firePropertyChange(PropertyChangeSupport.java:335) ~[?:?]
	at java.beans.PropertyChangeSupport.firePropertyChange(PropertyChangeSupport.java:268) ~[?:?]
	at com.st.microxplorer.util.MXPropertyChangeSupport.firePropertyChange(MXPropertyChangeSupport.java:54) ~[STM32CubeMX.jar:?]
	at com.st.microxplorer.mxsystem.MxSystem.closeConfig(MxSystem.java:899) ~[STM32CubeMX.jar:?]
	at com.st.microxplorer.maingui.MainPanel.closeConfig(MainPanel.java:789) ~[STM32CubeMX.jar:?]
	at com.st.microxplorer.plugins.filemanager.engine.OpenFileManager.loadConfigurationFile(OpenFileManager.java:287) ~[filemanager.jar:?]
	at com.st.microxplorer.plugins.filemanager.engine.MainFileManager.userLoadConfig(MainFileManager.java:341) ~[filemanager.jar:?]
	at com.st.microxplorer.plugins.filemanager.FileManagerView.getSpecificTask(FileManagerView.java:250) ~[filemanager.jar:?]
	at com.st.stm32cube.common.mx.editor.CubeMxEditor.getMxTabbedPaneInstance(CubeMxEditor.java:1191) ~[com.st.stm32cube.common.mx_6.14.0.202502271554/:?]
	at com.st.stm32cube.common.mx.editor.CubeMxEditor$12$1.createSwingComponent(CubeMxEditor.java:1068) ~[com.st.stm32cube.common.mx_6.14.0.202502271554/:?]
	at com.st.stm32cube.common.mx.oss.core.awtswtbridge.EmbeddedSwingComposite.doComponentCreation(EmbeddedSwingComposite.java:492) ~[com.st.stm32cube.common.mx.oss_6.14.0.202502271554/:?]
	at com.st.stm32cube.common.mx.oss.core.awtswtbridge.EmbeddedSwingComposite$4.run(EmbeddedSwingComposite.java:291) ~[com.st.stm32cube.common.mx.oss_6.14.0.202502271554/:?]
	at com.st.stm32cube.common.mx.oss.core.awtswtbridge.AwtEnvironment$2.run(AwtEnvironment.java:166) ~[com.st.stm32cube.common.mx.oss_6.14.0.202502271554/:?]
	at java.awt.event.InvocationEvent.dispatch(InvocationEvent.java:318) ~[?:?]
	at java.awt.EventQueue.dispatchEventImpl(EventQueue.java:773) ~[?:?]
	at java.awt.EventQueue$4.run(EventQueue.java:720) ~[?:?]
	at java.awt.EventQueue$4.run(EventQueue.java:714) ~[?:?]
	at java.security.AccessController.doPrivileged(AccessController.java:400) ~[?:?]
	at java.security.ProtectionDomain$JavaSecurityAccessImpl.doIntersectionPrivilege(ProtectionDomain.java:87) ~[?:?]
	at java.awt.EventQueue.dispatchEvent(EventQueue.java:742) ~[?:?]
	at java.awt.EventDispatchThread.pumpOneEventForFilters(EventDispatchThread.java:203) ~[?:?]
	at java.awt.EventDispatchThread.pumpEventsForFilter(EventDispatchThread.java:124) ~[?:?]
	at java.awt.EventDispatchThread.pumpEventsForHierarchy(EventDispatchThread.java:113) ~[?:?]
	at java.awt.EventDispatchThread.pumpEvents(EventDispatchThread.java:109) ~[?:?]
	at java.awt.EventDispatchThread.pumpEvents(EventDispatchThread.java:101) ~[?:?]
	at java.awt.EventDispatchThread.run(EventDispatchThread.java:90) ~[?:?]
2026-05-11 15:52:48,405 [WARN] ThirdParty:871 - waiting for thirdparty lock release [close project]
2026-05-11 15:52:48,406 [INFO] ThirdParty:873 - entering critical section [close project]
2026-05-11 15:52:48,406 [INFO] ThirdParty:883 - exiting critical section [close project]
2026-05-11 15:52:48,687 [INFO] PinOutPanel:1589 - setPackage(No Configuration,No Configuration)
2026-05-11 15:52:49,423 [WARN] IpParametersView:155 - Warning: This peripheral hasn't parameters
2026-05-11 15:52:50,089 [WARN] MainPanel:289 - <html><b><center>Warning: This peripheral has no parameters to be configured<br></b></html>
2026-05-11 15:52:50,834 [INFO] UtilMem:75 - Begin LoadConfig() Used Memory: 973250944 Bytes (1073741824)
2026-05-11 15:52:50,854 [INFO] OpenFileManager:354 - Change cursor
2026-05-11 15:52:51,263 [INFO] RulesReader:64 - Compatibility file has been processed (301 Rules)
2026-05-11 15:52:51,370 [INFO] ProjectFactory:442 - No CPN specified for board STM32F407G-DISC1 => set CPN to STM32F407VGT6
2026-05-11 15:52:51,370 [INFO] Mcu:2011 - Initializing MCU STM32F407V(E-G)Tx STM32F407VGTx STM32F407VGT6
2026-05-11 15:53:01,946 [INFO] Context:756 - Trying to add GPIOservice into a context  which must be forbidden
2026-05-11 15:53:04,994 [INFO] Rule:224 - rule 117617 - U5Cobra4M][GTZC] default value MPCBB3 and MPCBB5 - Not Secured memory - MPCBB1 is applicable
2026-05-11 15:53:04,995 [INFO] Rule:224 - rule 117617 - U5Cobra4M][GTZC] default value MPCBB3 and MPCBB5 - Not Secured memory - MPCBB1 is applicable
2026-05-11 15:53:04,995 [INFO] Rule:224 - rule 117617 - U5Cobra4M][GTZC] default value MPCBB3 and MPCBB5 - Not Secured memory - MPCBB2 is applicable
2026-05-11 15:53:04,995 [INFO] Rule:224 - rule 117617 - U5Cobra4M][GTZC] default value MPCBB3 and MPCBB5 - Not Secured memory - MPCBB2 is applicable
2026-05-11 15:53:04,995 [INFO] Rule:224 - rule 117617 - U5Cobra4M][GTZC] default value MPCBB3 and MPCBB5 - Not Secured memory - MPCBB3 is applicable
2026-05-11 15:53:04,995 [INFO] Rule:224 - rule 117617 - U5Cobra4M][GTZC] default value MPCBB3 and MPCBB5 - Not Secured memory - MPCBB3 is applicable
2026-05-11 15:53:04,995 [INFO] Rule:224 - rule 117617 - U5Cobra4M][GTZC] default value MPCBB3 and MPCBB5 - Not Secured memory - MPCBB4 is applicable
2026-05-11 15:53:04,995 [INFO] Rule:224 - rule 117617 - U5Cobra4M][GTZC] default value MPCBB3 and MPCBB5 - Not Secured memory - MPCBB4 is applicable
2026-05-11 15:53:04,995 [INFO] Rule:224 - rule 117617 - U5Cobra4M][GTZC] default value MPCBB3 and MPCBB5 - Secured memory - MPCBB1 is applicable
2026-05-11 15:53:04,995 [INFO] Rule:224 - rule 117617 - U5Cobra4M][GTZC] default value MPCBB3 and MPCBB5 - Secured memory - MPCBB2 is applicable
2026-05-11 15:53:04,996 [INFO] Rule:224 - rule 117617 - U5Cobra4M][GTZC] default value MPCBB3 and MPCBB5 - Secured memory - MPCBB3 is applicable
2026-05-11 15:53:04,996 [INFO] Rule:224 - rule 117617 - U5Cobra4M][GTZC] default value MPCBB3 and MPCBB5 - Secured memory - MPCBB4 is applicable
2026-05-11 15:53:04,996 [INFO] Rule:224 - rule 117617 - U5Cobra4M][GTZC] default value MPCBB3 and MPCBB5 - Privileged memory - MPCBB1 is applicable
2026-05-11 15:53:04,996 [INFO] Rule:224 - rule 117617 - U5Cobra4M][GTZC] default value MPCBB3 and MPCBB5 - Privileged memory - MPCBB2 is applicable
2026-05-11 15:53:04,996 [INFO] Rule:224 - rule 117617 - U5Cobra4M][GTZC] default value MPCBB3 and MPCBB5 - Privileged memory - MPCBB3 is applicable
2026-05-11 15:53:04,996 [INFO] Rule:224 - rule 117617 - U5Cobra4M][GTZC] default value MPCBB3 and MPCBB5 - Privileged memory - MPCBB4 is applicable
2026-05-11 15:53:04,996 [INFO] Rule:224 - rule 117617 - U5Cobra4M][GTZC] default value MPCBB3 and MPCBB5 - Not Privileged memory - MPCBB1 is applicable
2026-05-11 15:53:04,996 [INFO] Rule:224 - rule 117617 - U5Cobra4M][GTZC] default value MPCBB3 and MPCBB5 - Not Privileged memory - MPCBB2 is applicable
2026-05-11 15:53:04,996 [INFO] Rule:224 - rule 117617 - U5Cobra4M][GTZC] default value MPCBB3 and MPCBB5 - Not Privileged memory - MPCBB3 is applicable
2026-05-11 15:53:04,997 [INFO] Rule:224 - rule 117617 - U5Cobra4M][GTZC] default value MPCBB3 and MPCBB5 - Not Privileged memory - MPCBB4 is applicable
2026-05-11 15:53:04,997 [INFO] Rule:224 - rule 117617 - U5Cobra4M][GTZC] default value MPCBB3 and MPCBB5 - Privileged memory - MPCBB1 is applicable
2026-05-11 15:53:04,997 [INFO] Rule:224 - rule 117617 - U5Cobra4M][GTZC] default value MPCBB3 and MPCBB5 - Privileged memory - MPCBB2 is applicable
2026-05-11 15:53:04,997 [INFO] Rule:224 - rule 117617 - U5Cobra4M][GTZC] default value MPCBB3 and MPCBB5 - Privileged memory - MPCBB3 is applicable
2026-05-11 15:53:04,997 [INFO] Rule:224 - rule 117617 - U5Cobra4M][GTZC] default value MPCBB3 and MPCBB5 - Privileged memory - MPCBB4 is applicable
2026-05-11 15:53:04,997 [INFO] Rule:224 - rule 117617 - U5Cobra4M][GTZC] default value MPCBB3 and MPCBB5 - Privileged memory - MPCBB1 is applicable
2026-05-11 15:53:04,997 [INFO] Rule:224 - rule 117617 - U5Cobra4M][GTZC] default value MPCBB3 and MPCBB5 - Privileged memory - MPCBB2 is applicable
2026-05-11 15:53:04,997 [INFO] Rule:224 - rule 117617 - U5Cobra4M][GTZC] default value MPCBB3 and MPCBB5 - Privileged memory - MPCBB3 is applicable
2026-05-11 15:53:04,997 [INFO] Rule:224 - rule 117617 - U5Cobra4M][GTZC] default value MPCBB3 and MPCBB5 - Privileged memory - MPCBB4 is applicable
2026-05-11 15:53:04,997 [INFO] Rule:224 - rule 117617 - U5Cobra4M][GTZC] default value MPCBB3 and MPCBB5 - Not Privileged memory - MPCBB1 is applicable
2026-05-11 15:53:04,998 [INFO] Rule:224 - rule 117617 - U5Cobra4M][GTZC] default value MPCBB3 and MPCBB5 - Not Privileged memory - MPCBB2 is applicable
2026-05-11 15:53:04,998 [INFO] Rule:224 - rule 117617 - U5Cobra4M][GTZC] default value MPCBB3 and MPCBB5 - Not Privileged memory - MPCBB3 is applicable
2026-05-11 15:53:04,998 [INFO] Rule:224 - rule 117617 - U5Cobra4M][GTZC] default value MPCBB3 and MPCBB5 - Not Privileged memory - MPCBB4 is applicable
2026-05-11 15:53:04,998 [INFO] Rule:224 - rule 117617 - U5Cobra4M][GTZC] default value MPCBB3 and MPCBB5 - Privileged memory - MPCBB1 is applicable
2026-05-11 15:53:04,998 [INFO] Rule:224 - rule 117617 - U5Cobra4M][GTZC] default value MPCBB3 and MPCBB5 - Privileged memory - MPCBB2 is applicable
2026-05-11 15:53:04,998 [INFO] Rule:224 - rule 117617 - U5Cobra4M][GTZC] default value MPCBB3 and MPCBB5 - Privileged memory - MPCBB3 is applicable
2026-05-11 15:53:04,998 [INFO] Rule:224 - rule 117617 - U5Cobra4M][GTZC] default value MPCBB3 and MPCBB5 - Privileged memory - MPCBB4 is applicable
2026-05-11 15:53:04,998 [INFO] Rule:224 - rule Rename SubGHz_Phy SUBGHZ_APPLICATION SUBGHZ_PINGPONG to SUBGHZ_ADV_APPLICATION is applicable
2026-05-11 15:53:04,998 [INFO] Rule:224 - rule Rename Enabled to IBEACON is applicable
2026-05-11 15:53:04,999 [INFO] Rule:224 - rule GTZC_S instance for project manager is applicable
2026-05-11 15:53:04,999 [INFO] Rule:224 - rule GTZC_S instance for context M33S is applicable
2026-05-11 15:53:04,999 [INFO] Rule:224 - rule GTZC_S instance value for IP GTZC is applicable
2026-05-11 15:53:04,999 [INFO] Rule:224 - rule GTZC_S instance for mcu.IP is applicable
2026-05-11 15:53:04,999 [INFO] Rule:224 - rule GTZC_S instance for VP is applicable
2026-05-11 15:53:04,999 [INFO] Rule:224 - rule GTZC_S instance for signal is applicable
2026-05-11 15:53:04,999 [INFO] Rule:224 - rule GTZC_S instance for mcu.Pin is applicable
2026-05-11 15:53:04,999 [INFO] Rule:224 - rule GTZC_S instance for VP is applicable
2026-05-11 15:53:04,999 [INFO] Rule:224 - rule GTZC_S instance for signal is applicable
2026-05-11 15:53:04,999 [INFO] Rule:224 - rule GTZC_S instance for mcu is applicable
2026-05-11 15:53:04,999 [INFO] Rule:224 - rule GTZC_S instance for mcu.Pin is applicable
2026-05-11 15:53:05,000 [INFO] Rule:224 - rule GTZC_S instance value for IP GTZC is applicable
2026-05-11 15:53:05,000 [INFO] Rule:224 - rule GTZC_S instance for project manager is applicable
2026-05-11 15:53:05,000 [INFO] Rule:224 - rule GTZC_S instance for context M33S is applicable
2026-05-11 15:53:05,000 [INFO] Rule:224 - rule GTZC_S instance for VP is applicable
2026-05-11 15:53:05,000 [INFO] Rule:224 - rule GTZC_S instance for signal is applicable
2026-05-11 15:53:05,000 [INFO] Rule:224 - rule SPDIFRX instance for mcu is applicable
2026-05-11 15:53:05,000 [INFO] Rule:224 - rule Rename Tracer Mode is applicable
2026-05-11 15:53:05,000 [INFO] Rule:224 - rule SPDIFRX instance value for IP SPDIFRX is applicable
2026-05-11 15:53:05,000 [INFO] Rule:224 - rule SPDIFRX instance for signal is applicable
2026-05-11 15:53:05,000 [INFO] Rule:224 - rule SPDIFRX instance for project manager is applicable
2026-05-11 15:53:05,001 [INFO] Rule:224 - rule SPDIFRX instance for project manager is applicable
2026-05-11 15:53:05,001 [INFO] Rule:224 - rule ADC Scan  fix with FW F7 is applicable
2026-05-11 15:53:05,001 [INFO] Rule:224 - rule ADC Scan  fix with FW F7 is applicable
2026-05-11 15:53:05,001 [INFO] Rule:224 - rule WakeUp0 Mode is applicable
2026-05-11 15:53:05,001 [INFO] Rule:224 - rule WakeUp0 SIGNAL is applicable
2026-05-11 15:53:05,001 [INFO] Rule:224 - rule WakeUp1 Mode is applicable
2026-05-11 15:53:05,001 [INFO] Rule:224 - rule WakeUp1 SIGNAL is applicable
2026-05-11 15:53:05,001 [INFO] Rule:224 - rule WakeUp2 Mode is applicable
2026-05-11 15:53:05,001 [INFO] Rule:224 - rule WakeUp2 SIGNAL is applicable
2026-05-11 15:53:05,002 [INFO] Rule:224 - rule WakeUp4 Mode is applicable
2026-05-11 15:53:05,002 [INFO] Rule:224 - rule WakeUp4 SIGNAL is applicable
2026-05-11 15:53:05,002 [INFO] Rule:224 - rule WakeUp5 Mode is applicable
2026-05-11 15:53:05,002 [INFO] Rule:224 - rule WakeUp5 SIGNAL is applicable
2026-05-11 15:53:05,002 [INFO] Rule:224 - rule Add RTC Activate Clock Source is applicable
2026-05-11 15:53:05,002 [INFO] Rule:224 - rule Add RTC Activate Calendar 1 is applicable
2026-05-11 15:53:05,002 [INFO] Rule:224 - rule Add RTC Activate Calendar 2 is applicable
2026-05-11 15:53:05,002 [INFO] Rule:224 - rule Add RTC Activate Calendar 3 is applicable
2026-05-11 15:53:05,002 [INFO] Rule:224 - rule UART/USART TX Mode is applicable
2026-05-11 15:53:05,002 [INFO] Rule:224 - rule UART/USART RX Mode is applicable
2026-05-11 15:53:05,002 [INFO] Rule:224 - rule UART/USART RX TX Mode is applicable
2026-05-11 15:53:05,003 [INFO] Rule:224 - rule UART/USART PARITY NONE is applicable
2026-05-11 15:53:05,003 [INFO] Rule:224 - rule UART/USART PARITY EVEN is applicable
2026-05-11 15:53:05,003 [INFO] Rule:224 - rule UART/USART PARITY ODD is applicable
2026-05-11 15:53:05,003 [INFO] Rule:224 - rule USART StopBits 1 is applicable
2026-05-11 15:53:05,003 [INFO] Rule:224 - rule USART StopBits 2 is applicable
2026-05-11 15:53:05,003 [INFO] Rule:224 - rule USART StopBits 1.5 is applicable
2026-05-11 15:53:05,003 [INFO] Rule:224 - rule USART StopBits 0.5 is applicable
2026-05-11 15:53:05,003 [INFO] Rule:224 - rule UART/USART WORD LENGTH 7 is applicable
2026-05-11 15:53:05,003 [INFO] Rule:224 - rule UART/USART WORD LENGTH 8 is applicable
2026-05-11 15:53:05,003 [INFO] Rule:224 - rule UART/USART WORD LENGTH 9 is applicable
2026-05-11 15:53:05,004 [INFO] Rule:224 - rule Rename FMC NAND NCE signal is applicable
2026-05-11 15:53:05,004 [INFO] Rule:224 - rule Rename FMC NAND INT signal is applicable
2026-05-11 15:53:05,005 [INFO] Rule:224 - rule Change Default Value for LSE Drive Capability for WB family is applicable
2026-05-11 15:53:05,006 [INFO] Rule:224 - rule Change Default Value for ADC Clock Prescaler G0 family is applicable
2026-05-11 15:53:05,006 [INFO] Rule:224 - rule Change Default Value for ADC ExternalTrigConv L4 family is applicable
2026-05-11 15:53:05,006 [INFO] Rule:224 - rule Change Default Value for ADC ExternalTrigInjecConv L4 family is applicable
2026-05-11 15:53:05,007 [INFO] Rule:224 - rule Change Default Value for ADC ExternalTrigConv F3 family is applicable
2026-05-11 15:53:05,007 [INFO] Rule:224 - rule Change Default Value for ADC ExternalTrigInjecConv F3 family is applicable
2026-05-11 15:53:05,007 [INFO] Rule:224 - rule Change Default Value for ADC ExternalTrigConv Goldfish serie is applicable
2026-05-11 15:53:05,007 [INFO] Rule:224 - rule Change Default Value for ADC ExternalTrigInjecConv Goldfish serie is applicable
2026-05-11 15:53:05,007 [INFO] Rule:224 - rule Change Default Value for ADC ExternalTrigConv L0 family is applicable
2026-05-11 15:53:05,007 [INFO] Rule:224 - rule Change Default Value for ADC ExternalTrigConv F0 family is applicable
2026-05-11 15:53:05,007 [INFO] Rule:224 - rule Change Default Value for ADC ExternalTrigConvn L1 family is applicable
2026-05-11 15:53:05,007 [INFO] Rule:224 - rule Change Default Value for ADC ExternalTrigInjecConv L1 family is applicable
2026-05-11 15:53:05,007 [INFO] Rule:224 - rule Change Default Value for ADC ExternalTrigConv F1 family is applicable
2026-05-11 15:53:05,008 [INFO] Rule:224 - rule Change Default Value for ADC ExternalTrigInjecConv F1 family is applicable
2026-05-11 15:53:05,008 [INFO] Rule:224 - rule Change Default Value for ADC ExternalTrigConv F7 family is applicable
2026-05-11 15:53:05,008 [INFO] Rule:224 - rule Change Default Value for ADC ExternalTrigInjecConv F7 family is applicable
2026-05-11 15:53:05,008 [INFO] Rule:224 - rule Change Default Value for ADC ExternalTrigConv F4 and F2 family is applicable
2026-05-11 15:53:05,008 [INFO] Rule:224 - rule Change Default Value for ADC ExternalTrigInjecConv F4 and F2 family is applicable
2026-05-11 15:53:05,008 [INFO] Rule:224 - rule ADC SamplingTime fix with FW L0  is applicable
2026-05-11 15:53:05,008 [INFO] Rule:224 - rule ADC SamplingTime fix with FW L0  is applicable
2026-05-11 15:53:05,008 [INFO] Rule:224 - rule ADC SamplingTime fix with FW L0 is applicable
2026-05-11 15:53:05,008 [INFO] Rule:224 - rule ADC SamplingTime fix with FW L0 is applicable
2026-05-11 15:53:05,008 [INFO] Rule:224 - rule ADC SamplingTime fix with FW L0  is applicable
2026-05-11 15:53:05,009 [INFO] Rule:224 - rule ADC SamplingTime fix with FW L0 is applicable
2026-05-11 15:53:05,009 [INFO] Rule:224 - rule Rename USB_OE Signal is applicable
2026-05-11 15:53:05,009 [INFO] Rule:224 - rule Rename Activate_OE Mode is applicable
2026-05-11 15:53:05,009 [INFO] Rule:224 - rule Rename DIE462/DIE415 pin PC14/OSC32_IN -> PC14-OSC32_IN (PC14) is applicable
2026-05-11 15:53:05,009 [INFO] Rule:224 - rule Rename DIE462/DIE415 pin PC15/OSC32_OUT -> PC15-OSC32_OUT (PC15) is applicable
2026-05-11 15:53:05,009 [INFO] Rule:224 - rule Rename DIE462/DIE415 pin PH0/OSC_IN -> PH0-OSC_IN (PH0) is applicable
2026-05-11 15:53:05,009 [INFO] Rule:224 - rule Rename DIE462/DIE415 pin PH1/OSC_OUT -> PH1-OSC_OUT (PH1) is applicable
2026-05-11 15:53:05,009 [INFO] Rule:224 - rule Rename DIE462 pin PA13 -> PA13 (JTMS/SWDIO) is applicable
2026-05-11 15:53:05,009 [INFO] Rule:224 - rule Rename DIE415 pin PA13 -> PA13 (JTMS/SWDIO) is applicable
2026-05-11 15:53:05,009 [INFO] Rule:224 - rule Rename DIE462 pin PA14 -> PA14 (JTCK/SWCLK) is applicable
2026-05-11 15:53:05,010 [INFO] Rule:224 - rule Rename DIE415 pin PA14 -> PA14 (JTCK/SWCLK) is applicable
2026-05-11 15:53:05,010 [INFO] Rule:224 - rule Rename DIE462/DIE415 pin PA15 -> PA15 (JTDI) is applicable
2026-05-11 15:53:05,010 [INFO] Rule:224 - rule Rename DIE462 pin PB3 -> PB3 (JTD0/TRACESWO) is applicable
2026-05-11 15:53:05,010 [INFO] Rule:224 - rule Rename DIE415 pin PB3 -> PB3 (JTD0-TRACESWO) is applicable
2026-05-11 15:53:05,010 [INFO] Rule:224 - rule Rename DIE462/DIE415 pin PB4 -> PB4 (NJTRST) is applicable
2026-05-11 15:53:05,010 [INFO] Rule:224 - rule Rename DIE462 pin PH3/BOOT0 -> PH3-BOOT0 (BOOT0) is applicable
2026-05-11 15:53:05,010 [INFO] Rule:224 - rule Rename CRYP DataEncryptionTypesList to Algorithm is applicable
2026-05-11 15:53:05,010 [INFO] Rule:224 - rule Rename AES DataEncryptionTypesList to Algorithm is applicable
2026-05-11 15:53:05,010 [INFO] Rule:224 - rule Rename TDESECB to CRYP_TDES_ECB is applicable
2026-05-11 15:53:05,010 [INFO] Rule:224 - rule Rename TDESCBC to CRYP_TDES_CBC is applicable
2026-05-11 15:53:05,010 [INFO] Rule:224 - rule Rename DESECB to CRYP_DES_ECB is applicable
2026-05-11 15:53:05,011 [INFO] Rule:224 - rule Rename DESCBC to CRYP_DES_CBC is applicable
2026-05-11 15:53:05,011 [INFO] Rule:224 - rule Rename AESECB to CRYP_AES_ECB is applicable
2026-05-11 15:53:05,011 [INFO] Rule:224 - rule Rename AESCBC to CRYP_AES_CBC is applicable
2026-05-11 15:53:05,011 [INFO] Rule:224 - rule Rename AESCTR to CRYP_AES_CTR is applicable
2026-05-11 15:53:05,011 [INFO] Rule:224 - rule Rename AESGCM to CRYP_AES_GCM is applicable
2026-05-11 15:53:05,011 [INFO] Rule:224 - rule Rename AESCCM to CRYP_AES_CCM is applicable
2026-05-11 15:53:05,011 [INFO] Rule:224 - rule Rename CAN TimeSeg1 to BS1 is applicable
2026-05-11 15:53:05,011 [INFO] Rule:224 - rule Rename CAN TimeSeg2 to BS2 is applicable
2026-05-11 15:53:05,011 [INFO] Rule:224 - rule Rename CAN SyncJumpWidth to SJW is applicable
2026-05-11 15:53:05,011 [INFO] Rule:224 - rule TimeTriggeredMode to TTCM is applicable
2026-05-11 15:53:05,011 [INFO] Rule:224 - rule Rename CAN AutoBusOff to ABOM is applicable
2026-05-11 15:53:05,012 [INFO] Rule:224 - rule Rename CAN AutoWakeUp to AWUM is applicable
2026-05-11 15:53:05,012 [INFO] Rule:224 - rule Rename CAN AutoRetransmission to NART is applicable
2026-05-11 15:53:05,012 [INFO] Rule:224 - rule Rename CAN ReceiveFifoLocked to RFLM is applicable
2026-05-11 15:53:05,012 [INFO] Rule:224 - rule Rename CAN TransmitFifoPriority to TXFP is applicable
2026-05-11 15:53:05,012 [INFO] Rule:224 - rule Rename HRTIMER HRTIM_OUTPUTFAULTLEVEL_HIGH in HRTIMER HRTIM_OUTPUTFAULTLEVEL_HIGHZ is applicable
2026-05-11 15:53:05,012 [INFO] Rule:224 - rule Rename TIMER TIM_CLEARINPUTSOURCE_OCREFCLR in  TIMER TIM_CLEARINPUTSOURCE_NONE for F7 family is applicable
2026-05-11 15:53:05,012 [INFO] Rule:224 - rule FDCAN_R1 - Rename FDCAN mode Master into Classic is applicable
2026-05-11 15:53:05,012 [INFO] Rule:224 - rule FDCAN_R2 - Rename FDCAN mode Slave into Classic is applicable
2026-05-11 15:53:05,012 [INFO] Rule:224 - rule FDCAN1_R3 - if PA10.Mode=FullDuplex, add Pin PA12 is applicable
2026-05-11 15:53:05,012 [INFO] Rule:224 - rule FDCAN1_R3 - if PA9.Mode=FullDuplex, add Pin PA11 is applicable
2026-05-11 15:53:05,012 [INFO] Rule:224 - rule FDCAN1_R3 - Alternatepin_1 - if PE1.Mode=FullDuplex, add Pin PB9 is applicable
2026-05-11 15:53:05,012 [INFO] Rule:224 - rule FDCAN1_R3 - Alternatepin_1 - if PE0.Mode=FullDuplex, add Pin PB8 is applicable
2026-05-11 15:53:05,012 [INFO] Rule:224 - rule FDCAN1_R3 - Alternatepin_2 - if PD5.Mode=FullDuplex, add Pin PD1 is applicable
2026-05-11 15:53:05,013 [INFO] Rule:224 - rule FDCAN1_R3 - Alternatepin_2 - if PD4.Mode=FullDuplex, add Pin PD0 is applicable
2026-05-11 15:53:05,013 [INFO] Rule:224 - rule FDCAN1_R4 - Rename Mode FullDuplex into Enable FDCAN_TXFD for pin PA10 is applicable
2026-05-11 15:53:05,013 [INFO] Rule:224 - rule FDCAN1_R4 - Rename Mode FullDuplex into Enable FDCAN_TXFD for pin PA9 is applicable
2026-05-11 15:53:05,013 [INFO] Rule:224 - rule FDCAN1_R4 - Alternatepin_1 - Rename Mode FullDuplex into Enable FDCAN_TXFD for pin PE1 is applicable
2026-05-11 15:53:05,013 [INFO] Rule:224 - rule FDCAN1_R4 - Alternatepin_1 - Rename Mode FullDuplex into Enable FDCAN_TXFD for pin PE0 is applicable
2026-05-11 15:53:05,013 [INFO] Rule:224 - rule FDCAN1_R4 - Alternatepin_2 - Rename Mode FullDuplex into Enable FDCAN_TXFD for pin PD5 is applicable
2026-05-11 15:53:05,013 [INFO] Rule:224 - rule FDCAN1_R4 - Alternatepin_2 - Rename Mode FullDuplex into Enable FDCAN_TXFD for pin PD4 is applicable
2026-05-11 15:53:05,013 [INFO] Rule:224 - rule FDCAN2_R3 - if PD10.Mode=FullDuplex, add Pin PB13 is applicable
2026-05-11 15:53:05,013 [INFO] Rule:224 - rule FDCAN2_R3 - if PD9.Mode=FullDuplex, add Pin PB12 is applicable
2026-05-11 15:53:05,013 [INFO] Rule:224 - rule FDCAN2_R3 - Alternatepin_1 - if PB7.Mode=FullDuplex, add Pin PB6 is applicable
2026-05-11 15:53:05,013 [INFO] Rule:224 - rule FDCAN2_R3 - Alternatepin_1 - if PD9.Mode=FullDuplex, add Pin PB12 is applicable
2026-05-11 15:53:05,013 [INFO] Rule:224 - rule FDCAN2_R4 - Rename Mode FullDuplex into Enable FDCAN_TXFD for pin PD10 is applicable
2026-05-11 15:53:05,013 [INFO] Rule:224 - rule FDCAN2_R4 - Rename Mode FullDuplex into Enable FDCAN_TXFD for pin PD9 is applicable
2026-05-11 15:53:05,014 [INFO] Rule:224 - rule FDCAN2_R4 - Alternatepin_1 - Rename Mode FullDuplex into Enable FDCAN_TXFD for pin PB7 is applicable
2026-05-11 15:53:05,014 [INFO] Rule:224 - rule FDCAN2_R4 - Alternatepin_1 - Rename Mode FullDuplex into Enable FDCAN_TXFD for pin PD6 is applicable
2026-05-11 15:53:05,014 [INFO] Rule:224 - rule USART TxPinLevelInvertParam Mode is applicable
2026-05-11 15:53:05,014 [INFO] Rule:224 - rule USART RxPinLevelInvertParam Mode is applicable
2026-05-11 15:53:05,014 [INFO] Rule:224 - rule USART DataInvertParam Mode is applicable
2026-05-11 15:53:05,014 [INFO] Rule:224 - rule USART SwapParam Mode is applicable
2026-05-11 15:53:05,014 [INFO] Rule:224 - rule USART OverrunDisableParam Mode is applicable
2026-05-11 15:53:05,014 [INFO] Rule:224 - rule USART DMADisableonRxErrorParam Mode is applicable
2026-05-11 15:53:05,014 [INFO] Rule:224 - rule USART MSBFirstParam Mode is applicable
2026-05-11 15:53:05,014 [INFO] Rule:224 - rule Update MwName for USB_DEVICE is applicable
2026-05-11 15:53:05,014 [INFO] Rule:224 - rule Change PWR_Regulator_Voltage_Scale Default Value for RCC  H7 family is applicable
2026-05-11 15:53:05,014 [INFO] Rule:224 - rule UART/USART IPParameter rename Prescaler parameter to ClockPrescaler is applicable
2026-05-11 15:53:05,014 [INFO] Rule:224 - rule UART/USART Prescaler rename Prescaler parameter to ClockPrescaler is applicable
2026-05-11 15:53:05,014 [INFO] Rule:224 - rule TIM1CLockSelection is applicable
2026-05-11 15:53:05,015 [INFO] Rule:224 - rule TIM15CLockSelection is applicable
2026-05-11 15:53:05,015 [INFO] Rule:224 - rule align RCC SDMMC3CLockSelection default value on MP1 is applicable
2026-05-11 15:53:05,015 [INFO] Rule:224 - rule align RCC SDMMC12CLockSelection default value on MP1 is applicable
2026-05-11 15:53:05,015 [INFO] Rule:224 - rule align RCC QSPICLockSelection default value on MP1 is applicable
2026-05-11 15:53:05,015 [INFO] Rule:224 - rule align RCC QSPICLockSelection default value on MP1 is applicable
2026-05-11 15:53:05,015 [INFO] Rule:224 - rule align RCC SPI6CLockSelection default value on MP1 is applicable
2026-05-11 15:53:05,015 [INFO] Rule:224 - rule align RCC LPTIM23CLockSelection default value on MP1 is applicable
2026-05-11 15:53:05,015 [INFO] Rule:224 - rule align RCC LPTIM1CLockSelection default value on MP1 is applicable
2026-05-11 15:53:05,015 [INFO] Rule:224 - rule align RCC USART1CLockSelection default value on MP1 is applicable
2026-05-11 15:53:05,015 [INFO] Rule:224 - rule align RCC USART24CLockSelection default value on MP1 is applicable
2026-05-11 15:53:05,015 [INFO] Rule:224 - rule align RCC USART6CLockSelection default value on MP1 is applicable
2026-05-11 15:53:05,015 [INFO] Rule:224 - rule align RCC UART78CLockSelection default value on MP1 is applicable
2026-05-11 15:53:05,015 [INFO] Rule:224 - rule align RCC USART35CLockSelection default value on MP1 is applicable
2026-05-11 15:53:05,015 [INFO] Rule:224 - rule align RCC SPI45CLockSelection default value on MP1 is applicable
2026-05-11 15:53:05,015 [INFO] Rule:224 - rule align RCC I2C46CLockSelection BCLK value on MP1 is applicable
2026-05-11 15:53:05,016 [INFO] Rule:224 - rule align RCC SPI45CLockSelection default value on MP1 is applicable
2026-05-11 15:53:05,016 [INFO] Rule:224 - rule align RCC I2C12CLockSelection default value on MP1 is applicable
2026-05-11 15:53:05,016 [INFO] Rule:224 - rule align RCC I2C35CLockSelection default value on MP1 is applicable
2026-05-11 15:53:05,016 [INFO] Rule:224 - rule align RCC LPTIM45CLockSelection default value on MP1 is applicable
2026-05-11 15:53:05,016 [INFO] Rule:224 - rule Rename DCMI PIXCK signal is applicable
2026-05-11 15:53:05,016 [INFO] Rule:224 - rule Change Default Value for I2C46CLockSelection MP1 family is applicable
2026-05-11 15:53:05,016 [INFO] Rule:224 - rule Change Default Value for UART for G4, G0 and WB families is applicable
2026-05-11 15:53:05,016 [INFO] Rule:224 - rule Change Default Value for USART for G4, G0 and WB families is applicable
2026-05-11 15:53:05,016 [INFO] Rule:224 - rule Change Default Value for USART for G4 family is applicable
2026-05-11 15:53:05,016 [INFO] Rule:224 - rule Change USART1CLockSelection refparam name for MP1 is applicable
2026-05-11 15:53:05,016 [INFO] Rule:224 - rule Change USART2CLockSelection refparam name for MP1 is applicable
2026-05-11 15:53:05,016 [INFO] Rule:224 - rule Change USART3CLockSelection refparam name for MP1 is applicable
2026-05-11 15:53:05,016 [INFO] Rule:224 - rule Change UART4CLockSelection refparam name for MP1 is applicable
2026-05-11 15:53:05,016 [INFO] Rule:224 - rule Change UART5CLockSelection refparam name for MP1 is applicable
2026-05-11 15:53:05,016 [INFO] Rule:224 - rule Change LPUART1CLockSelection refparam name for MP1 is applicable
2026-05-11 15:53:05,017 [INFO] Rule:224 - rule Change LPTIM1CLockSelection refparam name for MP1 is applicable
2026-05-11 15:53:05,017 [INFO] Rule:224 - rule Change LPTIM2CLockSelection refparam name for MP1 is applicable
2026-05-11 15:53:05,017 [INFO] Rule:224 - rule Change RCC_MCO1Source refparam name for MP1 is applicable
2026-05-11 15:53:05,017 [INFO] Rule:224 - rule Change LSCOSource1 refparam name for MP1 is applicable
2026-05-11 15:53:05,017 [INFO] Rule:224 - rule Change SMPSCLockSelection refparam name for MP1 is applicable
2026-05-11 15:53:05,017 [INFO] Rule:224 - rule Change LPTIM3CLockSelection refparam name for MP1 is applicable
2026-05-11 15:53:05,017 [INFO] Rule:224 - rule Change MPCBB* Default Template Mode to Parameters is applicable
2026-05-11 15:53:05,017 [INFO] Rule:224 - rule Change MPCWM* or MPCBB* Secure Mode to Parameters is applicable
2026-05-11 15:53:05,017 [INFO] Rule:224 - rule Change MPCWM* or MPCBB* No Secure Mode to Parameters is applicable
2026-05-11 15:53:05,017 [INFO] Rule:224 - rule Change TZSC IP Secure Mode to Parameters is applicable
2026-05-11 15:53:05,017 [INFO] Rule:224 - rule Change TZSC IP No Secure Mode to Parameters is applicable
2026-05-11 15:53:05,017 [INFO] Rule:224 - rule Change TZSC IP Privilege Mode to Parameters is applicable
2026-05-11 15:53:05,017 [INFO] Rule:224 - rule Change TZSC IP No Privilege Mode to Parameters is applicable
2026-05-11 15:53:05,017 [INFO] Rule:224 - rule Change TZIC IT Secure Mode to Parameters is applicable
2026-05-11 15:53:05,017 [INFO] Rule:224 - rule Change TZIC IT No Secure Mode to Parameters is applicable
2026-05-11 15:53:05,018 [INFO] Rule:224 - rule Add MPCBB1_NonSecureArea_Start_Address value with referenced to MPCBB1_NonSecureArea_Start value is applicable
2026-05-11 15:53:05,018 [INFO] Rule:224 - rule Add MPCBB2_NonSecureArea_Start_Address value with referenced to MPCBB2_NonSecureArea_Start value is applicable
2026-05-11 15:53:05,018 [INFO] Rule:224 - rule Add MPCWM1_NonSecureArea*_Start_Address value with referenced to MPCWM1_NonSecureArea*_Start value is applicable
2026-05-11 15:53:05,018 [INFO] Rule:224 - rule Add MPCWM2_NonSecureArea*_Start_Address value with referenced to MPCWM2_NonSecureArea*_Start value is applicable
2026-05-11 15:53:05,018 [INFO] Rule:224 - rule Add MPCWM3_NonSecureArea_Start_Address value with referenced to MPCWM3_NonSecureArea_Start value is applicable
2026-05-11 15:53:05,018 [INFO] Rule:224 - rule Change Default Value for PLL1UserDefinedConfig is applicable
2026-05-11 15:53:05,018 [INFO] Rule:224 - rule Change GPIO_PuPd Default Value for USART in async mode is applicable
2026-05-11 15:53:05,018 [INFO] Rule:224 - rule Change SMPSDivider Default Value is applicable
2026-05-11 15:53:05,018 [INFO] Rule:224 - rule OPAMP is applicable
2026-05-11 15:53:05,018 [INFO] Rule:224 - rule LPUART IPParameter rename Prescaler parameter to ClockPrescaler for STM32H7 is applicable
2026-05-11 15:53:05,018 [INFO] Rule:224 - rule LPUART IPParameter rename Prescaler parameter to ClockPrescaler for STM32H7 is applicable
2026-05-11 15:53:05,018 [INFO] Rule:224 - rule LPUART IPParameter rename Prescaler parameter to ClockPrescaler for STM32WB is applicable
2026-05-11 15:53:05,018 [INFO] Rule:224 - rule LPUART IPParameter rename Prescaler parameter to ClockPrescaler for STM32WB is applicable
2026-05-11 15:53:05,018 [INFO] Rule:224 - rule LPUART IPParameter rename Prescaler parameter to ClockPrescaler for STM32G4 is applicable
2026-05-11 15:53:05,018 [INFO] Rule:224 - rule LPUART IPParameter rename Prescaler parameter to ClockPrescaler for STM32G4 is applicable
2026-05-11 15:53:05,019 [INFO] Rule:224 - rule LPUART IPParameter rename Prescaler parameter to ClockPrescaler for STM32L5 is applicable
2026-05-11 15:53:05,019 [INFO] Rule:224 - rule LPUART IPParameter rename Prescaler parameter to ClockPrescaler for STM32L5 is applicable
2026-05-11 15:53:05,019 [INFO] Rule:224 - rule LPUART IPParameter rename Prescaler parameter to ClockPrescaler for STM32G4 is applicable
2026-05-11 15:53:05,019 [INFO] Rule:224 - rule LPUART IPParameter rename Prescaler parameter to ClockPrescaler for STM32G4 is applicable
2026-05-11 15:53:05,019 [INFO] Rule:224 - rule USB device lib V2.5.3 for L0 rename USBD_SUPPORT_USER_STRING parameter to USBD_SUPPORT_USER_STRING_DESC4 is applicable
2026-05-11 15:53:05,019 [INFO] Rule:224 - rule I2SCLockSelection clock entry align is applicable
2026-05-11 15:53:05,019 [INFO] Rule:224 - rule Assign TIMx context if used as SYS timebase is applicable
2026-05-11 15:53:05,019 [INFO] Rule:224 - rule Change GPIO_Pu Default Value for I2C is applicable
2026-05-11 15:53:05,019 [INFO] Rule:224 - rule Change GPIO_Pu Default Value for SMBus is applicable
2026-05-11 15:53:05,019 [INFO] Rule:224 - rule change FDCAN default value is applicable
2026-05-11 15:53:05,019 [INFO] Rule:224 - rule Change mode sai is applicable
2026-05-11 15:53:05,020 [INFO] Rule:224 - rule **Change sai mode is applicable
2026-05-11 15:53:05,020 [INFO] Rule:224 - rule Rename STM32WPAN CFG_BLE_IRK to CFG_BLE_IR is applicable
2026-05-11 15:53:05,020 [INFO] Rule:224 - rule Rename STM32WPAN CFG_BLE_ERK to CFG_BLE_ER is applicable
2026-05-11 15:53:05,020 [INFO] Rule:224 - rule Rename STM32WPAN CFG_BLE_IRK_HEX to CFG_BLE_IR_HEX is applicable
2026-05-11 15:53:05,020 [INFO] Rule:224 - rule Rename STM32WPAN CFG_BLE_ERK_HEX to CFG_BLE_ER_HEX is applicable
2026-05-11 15:53:05,020 [INFO] Rule:224 - rule Adapt Old IOC before rework replace old CORTEX_M33/CORTEX_M55 attributes by the new one. is applicable
2026-05-11 15:53:05,020 [INFO] Rule:224 - rule Rename parametre of RCC RCC_APBDBG_DIV2 to RCC_TIMPRES_DIV2 is applicable
2026-05-11 15:53:05,020 [INFO] Rule:224 - rule Rename DIE493 pin PA10 [PA12] -> PA10 is applicable
2026-05-11 15:53:05,020 [INFO] Rule:224 - rule Rename DIE493 pin PA9 [PA11] -> PA9 is applicable
2026-05-11 15:53:05,593 [INFO] DbConfProperties:307 - Apply Compatibility (50/266 Rules)
2026-05-11 15:53:05,676 [INFO] ImportTextPane:218 - (OptionalMessage_ERROR) Unable to find key (Mcu.ThirdPartyNb) in loaded IOC file
2026-05-11 15:53:05,681 [INFO] ImportTextPane:218 - (OptionalMessage_ERROR) Pin35 (VP_RIF_VS_RIF1) cannot be retrieved for this MCU
2026-05-11 15:53:07,225 [INFO] RtosManager:558 - Registered RTOS mode: class=CMSIS, group=RTOS, mode=CMSIS_V1, owner=FREERTOS
2026-05-11 15:53:07,226 [INFO] RtosManager:558 - Registered RTOS mode: class=CMSIS, group=RTOS2, mode=CMSIS_V2, owner=FREERTOS
2026-05-11 15:53:07,226 [INFO] RtosManager:558 - Registered RTOS mode: class=RTOS, group=Core, mode=CMSIS_V1, owner=FREERTOS
2026-05-11 15:53:07,226 [INFO] RtosManager:558 - Registered RTOS mode: class=RTOS, group=Core, mode=CMSIS_V2, owner=FREERTOS
2026-05-11 15:53:07,226 [WARN] ModelIntegratedComponent:184 - Missing modes for component STMicroelectronics:FreeRTOS:0.0.1:STMicroelectronics:RTOS:FreeRTOS:Core:::10.2.0:
2026-05-11 15:53:07,277 [WARN] ModelIntegratedComponent:63 - No mode defined for component null
2026-05-11 15:53:07,277 [WARN] ModelIntegratedComponent:63 - No mode defined for component null
2026-05-11 15:53:07,277 [WARN] ModelIntegratedComponent:63 - No mode defined for component null
2026-05-11 15:53:07,278 [WARN] ModelIntegratedComponent:63 - No mode defined for component null
2026-05-11 15:53:07,278 [WARN] ModelIntegratedComponent:63 - No mode defined for component null
2026-05-11 15:53:07,278 [WARN] ModelIntegratedComponent:63 - No mode defined for component null
2026-05-11 15:53:07,278 [WARN] ModelIntegratedComponent:63 - No mode defined for component null
2026-05-11 15:53:07,278 [WARN] ModelIntegratedComponent:63 - No mode defined for component null
2026-05-11 15:53:07,278 [WARN] ModelIntegratedComponent:63 - No mode defined for component null
2026-05-11 15:53:07,278 [WARN] ModelIntegratedComponent:63 - No mode defined for component null
2026-05-11 15:53:07,278 [WARN] ModelIntegratedComponent:63 - No mode defined for component null
2026-05-11 15:53:07,278 [WARN] ModelIntegratedComponent:63 - No mode defined for component null
2026-05-11 15:53:07,278 [WARN] ModelIntegratedComponent:63 - No mode defined for component null
2026-05-11 15:53:07,279 [WARN] ModelIntegratedComponent:63 - No mode defined for component null
2026-05-11 15:53:07,279 [WARN] ModelIntegratedComponent:63 - No mode defined for component null
2026-05-11 15:53:07,279 [WARN] ModelIntegratedComponent:63 - No mode defined for component null
2026-05-11 15:53:07,279 [WARN] ModelIntegratedComponent:63 - No mode defined for component null
2026-05-11 15:53:07,279 [WARN] ModelIntegratedComponent:63 - No mode defined for component null
2026-05-11 15:53:07,279 [WARN] ModelIntegratedComponent:63 - No mode defined for component null
2026-05-11 15:53:07,279 [WARN] ModelIntegratedComponent:63 - No mode defined for component null
2026-05-11 15:53:07,279 [WARN] ModelIntegratedComponent:63 - No mode defined for component null
2026-05-11 15:53:07,279 [WARN] ModelIntegratedComponent:63 - No mode defined for component null
2026-05-11 15:53:07,279 [WARN] ModelIntegratedComponent:63 - No mode defined for component null
2026-05-11 15:53:07,279 [WARN] ModelIntegratedComponent:63 - No mode defined for component null
2026-05-11 15:53:07,279 [WARN] ModelIntegratedComponent:63 - No mode defined for component null
2026-05-11 15:53:07,279 [WARN] ModelIntegratedComponent:63 - No mode defined for component null
2026-05-11 15:53:07,280 [WARN] ModelIntegratedComponent:63 - No mode defined for component null
2026-05-11 15:53:07,280 [WARN] ModelIntegratedComponent:63 - No mode defined for component null
2026-05-11 15:53:07,280 [WARN] ModelIntegratedComponent:63 - No mode defined for component null
2026-05-11 15:53:07,280 [WARN] ModelIntegratedComponent:63 - No mode defined for component null
2026-05-11 15:53:07,280 [WARN] ModelIntegratedComponent:63 - No mode defined for component null
2026-05-11 15:53:07,280 [WARN] ModelIntegratedComponent:63 - No mode defined for component null
2026-05-11 15:53:07,280 [WARN] ModelIntegratedComponent:63 - No mode defined for component null
2026-05-11 15:53:07,280 [WARN] ModelIntegratedComponent:63 - No mode defined for component null
2026-05-11 15:53:07,280 [WARN] ModelIntegratedComponent:63 - No mode defined for component null
2026-05-11 15:53:07,281 [WARN] ModelPack:524 - Component already loaded: STMicroelectronics:HAL Drivers:0.0.0:STMicroelectronics:Device:STMicro_Driver:XSPI:HAL::0.0.1:HAL_XSPI
2026-05-11 15:53:07,646 [INFO] ThirdPartyModel:298 - Start build external matchings
2026-05-11 15:53:09,805 [INFO] ThirdPartyModel:316 - End build external matchings
2026-05-11 15:53:10,013 [INFO] ImportTextPane:218 - (OptionalMessage_ERROR) IP (RCC) : Parameter (RTCHSEDivFreq_Value) has invalid value (4000000)
2026-05-11 15:53:11,392 [INFO] UtilMem:75 - End LoadConfig() Used Memory: 989108992 Bytes (1073741824)
2026-05-11 15:53:12,577 [WARN] ThirdParty:833 - waiting for thirdparty lock release [change project]
2026-05-11 15:53:12,578 [INFO] ThirdParty:835 - entering critical section [change project]
2026-05-11 15:53:12,578 [INFO] ThirdParty:1030 - CMSIS Pack Vendor :STMicroelectronics X-CUBE-AZRTOS-H7 3.5.0
2026-05-11 15:53:12,578 [INFO] ThirdParty:1030 - CMSIS Pack Vendor :STMicroelectronics X-CUBE-PM33A1 1.0.0
2026-05-11 15:53:12,578 [INFO] ThirdParty:1030 - CMSIS Pack Vendor :STMicroelectronics USBPD 4.1
2026-05-11 15:53:12,578 [INFO] ThirdParty:1030 - CMSIS Pack Vendor :STMicroelectronics X-CUBE-NFC9 1.0.0
2026-05-11 15:53:12,578 [INFO] ThirdParty:1030 - CMSIS Pack Vendor :STMicroelectronics USB_HOST 2.0.0
2026-05-11 15:53:12,578 [INFO] ThirdParty:1030 - CMSIS Pack Vendor :STMicroelectronics X-CUBE-AZRTOS-F4 1.1.0
2026-05-11 15:53:12,578 [INFO] ThirdParty:1030 - CMSIS Pack Vendor :STMicroelectronics LIBJPEG 8.0.0
2026-05-11 15:53:12,578 [INFO] ThirdParty:1030 - CMSIS Pack Vendor :STMicroelectronics FP-ATR-ASTRA1 2.0.2
2026-05-11 15:53:12,578 [INFO] ThirdParty:1030 - CMSIS Pack Vendor :STMicroelectronics X-CUBE-BLE1 7.1.0
2026-05-11 15:53:12,578 [INFO] ThirdParty:1030 - CMSIS Pack Vendor :STMicroelectronics X-CUBE-SMBUS 2.1.0
2026-05-11 15:53:12,579 [INFO] ThirdParty:1030 - CMSIS Pack Vendor :wolfSSL I-CUBE-wolfMQTT 1.19.2
2026-05-11 15:53:12,579 [INFO] ThirdParty:1030 - CMSIS Pack Vendor :STMicroelectronics USB_DEVICE 3.0.0
2026-05-11 15:53:12,579 [INFO] ThirdParty:1030 - CMSIS Pack Vendor :STMicroelectronics X-CUBE-ISPU 2.1.0
2026-05-11 15:53:12,579 [INFO] ThirdParty:1030 - CMSIS Pack Vendor :STMicroelectronics X-CUBE-EEPRMA1 5.2.0
2026-05-11 15:53:12,579 [INFO] ThirdParty:1030 - CMSIS Pack Vendor :STMicroelectronics X-CUBE-BLEMGR 4.1.0
2026-05-11 15:53:12,579 [INFO] ThirdParty:1030 - CMSIS Pack Vendor :STMicroelectronics eDS-WB_DPC_TT-BIDIR 2.1.1
2026-05-11 15:53:12,579 [INFO] ThirdParty:1030 - CMSIS Pack Vendor :STMicroelectronics X-CUBE-AZRTOS-WB 2.0.0
2026-05-11 15:53:12,579 [INFO] ThirdParty:1030 - CMSIS Pack Vendor :wolfSSL I-CUBE-wolfSSL 5.8.4
2026-05-11 15:53:12,579 [INFO] ThirdParty:1030 - CMSIS Pack Vendor :STMicroelectronics X-CUBE-NFC12 1.0.0
2026-05-11 15:53:12,579 [INFO] ThirdParty:1030 - CMSIS Pack Vendor :STMicroelectronics X-CUBE-AZRTOS-F7 1.1.0
2026-05-11 15:53:12,579 [INFO] ThirdParty:1030 - CMSIS Pack Vendor :STMicroelectronics X-CUBE-AZRTOS-L5 2.0.0
2026-05-11 15:53:12,579 [INFO] ThirdParty:1030 - CMSIS Pack Vendor :STMicroelectronics USB_DEVICE 2.0.0
2026-05-11 15:53:12,579 [INFO] ThirdParty:1030 - CMSIS Pack Vendor :quantropi X-CUBE-qispace-sdk-base 2.1.0
2026-05-11 15:53:12,579 [INFO] ThirdParty:1030 - CMSIS Pack Vendor :STMicroelectronics X-CUBE-MEMS1 12.0.0
2026-05-11 15:53:12,579 [INFO] ThirdParty:1030 - CMSIS Pack Vendor :STMicroelectronics X-CUBE-STSE01 2.0.0
2026-05-11 15:53:12,590 [INFO] ThirdParty:1030 - CMSIS Pack Vendor :STMicroelectronics FreeRTOS 0.0.1
2026-05-11 15:53:12,590 [INFO] ThirdParty:1030 - CMSIS Pack Vendor :STMicroelectronics X-CUBE-AZRTOS-G0 1.1.0
2026-05-11 15:53:12,590 [INFO] ThirdParty:1030 - CMSIS Pack Vendor :STMicroelectronics X-CUBE-NFC4 3.0.0
2026-05-11 15:53:12,590 [INFO] ThirdParty:1030 - CMSIS Pack Vendor :STMicroelectronics X-CUBE-SUBG2 5.0.0
2026-05-11 15:53:12,590 [INFO] ThirdParty:1030 - CMSIS Pack Vendor :STMicroelectronics STM32_WPAN 1.0.0
2026-05-11 15:53:12,590 [INFO] ThirdParty:1030 - CMSIS Pack Vendor :STMicroelectronics eDS-WB_DPC_VIENNA 1.2.0
2026-05-11 15:53:12,590 [INFO] ThirdParty:1030 - CMSIS Pack Vendor :EmbeddedOffice I-CUBE-FS-RTOS 1.0.1
2026-05-11 15:53:12,591 [INFO] ThirdParty:1030 - CMSIS Pack Vendor :STMicroelectronics lwIP 2.0.3
2026-05-11 15:53:12,591 [INFO] ThirdParty:1030 - CMSIS Pack Vendor :STMicroelectronics eDS-WB_DPC_3PH2L-BIDIR 1.1.1
2026-05-11 15:53:12,591 [INFO] ThirdParty:1030 - CMSIS Pack Vendor :STMicroelectronics USB_HOST 1.0.0
2026-05-11 15:53:12,591 [INFO] ThirdParty:1030 - CMSIS Pack Vendor :STMicroelectronics X-CUBE-AZRTOS-G4 2.0.0
2026-05-11 15:53:12,591 [INFO] ThirdParty:1030 - CMSIS Pack Vendor :STMicroelectronics PDM2PCM 3.1.0
2026-05-11 15:53:12,591 [INFO] ThirdParty:1030 - CMSIS Pack Vendor :STMicroelectronics PDM2PCM 3.3.0
2026-05-11 15:53:12,591 [INFO] ThirdParty:1030 - CMSIS Pack Vendor :wolfSSL I-CUBE-wolfTPM 3.8.0
2026-05-11 15:53:12,591 [INFO] ThirdParty:1030 - CMSIS Pack Vendor :STMicroelectronics X-CUBE-DISPLAY 3.0.0
2026-05-11 15:53:12,591 [INFO] ThirdParty:1030 - CMSIS Pack Vendor :wolfSSL I-CUBE-wolfSSH 1.4.20
2026-05-11 15:53:12,592 [INFO] ThirdParty:1030 - CMSIS Pack Vendor :STMicroelectronics X-CUBE-NFC7 2.0.0
2026-05-11 15:53:12,592 [INFO] ThirdParty:1030 - CMSIS Pack Vendor :STMicroelectronics X-CUBE-GNSS1 7.1.1
2026-05-11 15:53:12,592 [INFO] ThirdParty:1030 - CMSIS Pack Vendor :STMicroelectronics X-CUBE-TCPP 4.2.0
2026-05-11 15:53:12,592 [INFO] ThirdParty:1030 - CMSIS Pack Vendor :RealThread X-CUBE-RT-Thread_Nano 4.1.1
2026-05-11 15:53:12,592 [INFO] ThirdParty:1030 - CMSIS Pack Vendor :STMicroelectronics FP-ATR-SIGFOX1 3.2.0
2026-05-11 15:53:12,592 [INFO] ThirdParty:1030 - CMSIS Pack Vendor :STMicroelectronics X-CUBE-NFC10 1.0.0
2026-05-11 15:53:12,592 [INFO] ThirdParty:1030 - CMSIS Pack Vendor :STMicroelectronics HAL Drivers 0.0.0
2026-05-11 15:53:12,592 [INFO] ThirdParty:1030 - CMSIS Pack Vendor :STMicroelectronics MBEDTLS 2.16.2
2026-05-11 15:53:12,592 [INFO] ThirdParty:1030 - CMSIS Pack Vendor :STMicroelectronics X-CUBE-ST60 1.1.0
2026-05-11 15:53:12,592 [INFO] ThirdParty:1030 - CMSIS Pack Vendor :STMicroelectronics X-CUBE-ALS 1.0.2
2026-05-11 15:53:12,592 [INFO] ThirdParty:1030 - CMSIS Pack Vendor :emotas I-CUBE-CANOPEN 1.3.0
2026-05-11 15:53:12,592 [INFO] ThirdParty:1030 - CMSIS Pack Vendor :STMicroelectronics MBEDTLS 2.14.1
2026-05-11 15:53:12,593 [INFO] ThirdParty:1030 - CMSIS Pack Vendor :STMicroelectronics X-CUBE-GNSS1 7.1.0
2026-05-11 15:53:12,593 [INFO] ThirdParty:1030 - CMSIS Pack Vendor :ITTIA_DB I-CUBE-ITTIADB 8.9.0
2026-05-11 15:53:12,593 [INFO] ThirdParty:1030 - CMSIS Pack Vendor :Cesanta I-CUBE-Mongoose 7.21.0
2026-05-11 15:53:12,593 [INFO] ThirdParty:1030 - CMSIS Pack Vendor :STMicroelectronics X-CUBE-TOUCHGFX 4.26.1
2026-05-11 15:53:12,593 [INFO] ThirdParty:1030 - CMSIS Pack Vendor :STMicroelectronics X-CUBE-NFC6 3.2.0
2026-05-11 15:53:12,593 [INFO] ThirdParty:1030 - CMSIS Pack Vendor :STMicroelectronics X-CUBE-AI 10.2.0
2026-05-11 15:53:12,593 [INFO] ThirdParty:1030 - CMSIS Pack Vendor :STMicroelectronics FP-SNS-STAIOTCFT 1.0.0
2026-05-11 15:53:12,593 [INFO] ThirdParty:1030 - CMSIS Pack Vendor :STMicroelectronics ThreadX 1.0.0
2026-05-11 15:53:12,593 [INFO] ThirdParty:1030 - CMSIS Pack Vendor :STMicroelectronics FP-SNS-SMARTAG2 1.2.0
2026-05-11 15:53:12,593 [INFO] ThirdParty:1030 - CMSIS Pack Vendor :STMicroelectronics X-CUBE-MEMS1 12.1.0
2026-05-11 15:53:12,593 [INFO] ThirdParty:1030 - CMSIS Pack Vendor :STMicroelectronics FP-SNS-FLIGHT1 5.1.0
2026-05-11 15:53:12,593 [INFO] ThirdParty:1030 - CMSIS Pack Vendor :STMicroelectronics X-CUBE-AZRTOS-WL 2.0.0
2026-05-11 15:53:12,593 [INFO] ThirdParty:1030 - CMSIS Pack Vendor :SEGGER I-CUBE-embOS 1.3.1
2026-05-11 15:53:12,593 [INFO] ThirdParty:1030 - CMSIS Pack Vendor :STMicroelectronics X-CUBE-ALGOBUILD 1.4.0
2026-05-11 15:53:12,594 [INFO] ThirdParty:1030 - CMSIS Pack Vendor :STMicroelectronics X-CUBE-DPower 1.3.0
2026-05-11 15:53:12,594 [INFO] ThirdParty:1030 - CMSIS Pack Vendor :STMicroelectronics USB_DEVICE 1.0.0
2026-05-11 15:53:12,594 [INFO] ThirdParty:1030 - CMSIS Pack Vendor :STMicroelectronics X-CUBE-AZRTOS-H7RS 1.2.0
2026-05-11 15:53:12,594 [INFO] ThirdParty:1030 - CMSIS Pack Vendor :STMicroelectronics X-CUBE-AZRTOS-L4 2.0.0
2026-05-11 15:53:12,594 [INFO] ThirdParty:1030 - CMSIS Pack Vendor :STMicroelectronics ThreadX 0.0.2
2026-05-11 15:53:12,594 [INFO] ThirdParty:1030 - CMSIS Pack Vendor :STMicroelectronics lwIP 2.1.2
2026-05-11 15:53:12,594 [INFO] ThirdParty:1030 - CMSIS Pack Vendor :STMicroelectronics X-CUBE-SFXS2LP1 4.0.0
2026-05-11 15:53:12,594 [INFO] ThirdParty:1030 - CMSIS Pack Vendor :STMicroelectronics X-CUBE-BLE2 3.3.0
2026-05-11 15:53:12,594 [INFO] ThirdParty:1030 - CMSIS Pack Vendor :Avnet-IOTCONNECT X-CUBE-iotc-st67-sdk 1.0.0
2026-05-11 15:53:12,594 [INFO] ThirdParty:1030 - CMSIS Pack Vendor :STMicroelectronics X-CUBE-TOF1 3.4.3
2026-05-11 15:53:12,594 [INFO] ThirdParty:1030 - CMSIS Pack Vendor :Infineon AIROC-Wi-Fi-Bluetooth-STM32 1.8.0
2026-05-11 15:53:12,594 [INFO] ThirdParty:1030 - CMSIS Pack Vendor :STMicroelectronics PDM2PCM 3.2.0
2026-05-11 15:53:12,613 [INFO] ThirdParty:1030 - CMSIS Pack Vendor :STMicroelectronics X-CUBE-WB05N 2.1.0
2026-05-11 15:53:12,614 [INFO] ThirdParty:841 - exiting critical section [change project]
2026-05-11 15:53:17,086 [INFO] PinOutPanel:1589 - setPackage(No Configuration,No Configuration)
2026-05-11 15:53:17,178 [INFO] PinOutPanel:1589 - setPackage(STM32F407VGTx,LQFP100)
2026-05-11 15:53:19,316 [INFO] UtilMem:75 - Before build in PCC Used Memory: 1002123408 Bytes (1073741824)
2026-05-11 15:53:24,891 [INFO] UtilMem:75 - After build in PCC Used Memory: 1000605208 Bytes (1073741824)
2026-05-11 15:53:25,059 [INFO] ApiDbMcu:508 - Load IP Config File for USB_HOST
2026-05-11 15:53:25,171 [WARN] BspModel:444 - BSP dependency skipped because of component: name='IOExpander', api='Unknown'
2026-05-11 15:53:25,433 [INFO] IPUIPlugin:80 - create IPUIPlugin
2026-05-11 15:53:25,434 [INFO] IPUIPlugin:80 - create IPUIPlugin
2026-05-11 15:53:25,434 [INFO] IPUIPlugin:80 - create IPUIPlugin
2026-05-11 15:53:25,434 [INFO] IPUIPlugin:80 - create IPUIPlugin
2026-05-11 15:53:25,434 [INFO] IPUIPlugin:80 - create IPUIPlugin
2026-05-11 15:53:25,435 [INFO] IPUIPlugin:80 - create IPUIPlugin
2026-05-11 15:53:25,436 [INFO] IPUIPlugin:80 - create IPUIPlugin
2026-05-11 15:53:25,437 [INFO] IPUIPlugin:80 - create IPUIPlugin
2026-05-11 15:53:25,455 [INFO] IPUIPlugin:80 - create IPUIPlugin
2026-05-11 15:53:25,456 [INFO] IPUIPlugin:80 - create IPUIPlugin
2026-05-11 15:53:25,456 [INFO] IPUIPlugin:80 - create IPUIPlugin
2026-05-11 15:53:25,470 [INFO] IPUIPlugin:80 - create IPUIPlugin
2026-05-11 15:53:25,471 [INFO] IPUIPlugin:80 - create IPUIPlugin
2026-05-11 15:53:25,471 [INFO] IPUIPlugin:80 - create IPUIPlugin
2026-05-11 15:53:25,472 [INFO] IPUIPlugin:80 - create IPUIPlugin
2026-05-11 15:53:25,472 [INFO] IPUIPlugin:80 - create IPUIPlugin
2026-05-11 15:53:25,472 [INFO] IPUIPlugin:80 - create IPUIPlugin
2026-05-11 15:53:25,472 [INFO] IPUIPlugin:80 - create IPUIPlugin
2026-05-11 15:53:25,473 [INFO] IPUIPlugin:80 - create IPUIPlugin
2026-05-11 15:53:25,473 [INFO] IPUIPlugin:80 - create IPUIPlugin
2026-05-11 15:53:25,473 [INFO] IPUIPlugin:80 - create IPUIPlugin
2026-05-11 15:53:25,473 [INFO] IPUIPlugin:80 - create IPUIPlugin
2026-05-11 15:53:25,474 [INFO] IPUIPlugin:80 - create IPUIPlugin
2026-05-11 15:53:25,474 [INFO] IPUIPlugin:80 - create IPUIPlugin
2026-05-11 15:53:25,474 [INFO] IPUIPlugin:80 - create IPUIPlugin
2026-05-11 15:53:25,475 [INFO] IPUIPlugin:80 - create IPUIPlugin
2026-05-11 15:53:25,475 [INFO] IPUIPlugin:80 - create IPUIPlugin
2026-05-11 15:53:25,475 [INFO] IPUIPlugin:80 - create IPUIPlugin
2026-05-11 15:53:25,476 [INFO] IPUIPlugin:80 - create IPUIPlugin
2026-05-11 15:53:25,505 [INFO] IPUIPlugin:80 - create IPUIPlugin
2026-05-11 15:53:25,506 [INFO] IPUIPlugin:80 - create IPUIPlugin
2026-05-11 15:53:25,506 [INFO] IPUIPlugin:80 - create IPUIPlugin
2026-05-11 15:53:25,507 [INFO] IPUIPlugin:80 - create IPUIPlugin
2026-05-11 15:53:25,508 [INFO] IPUIPlugin:80 - create IPUIPlugin
2026-05-11 15:53:25,509 [INFO] IPUIPlugin:80 - create IPUIPlugin
2026-05-11 15:53:25,509 [INFO] IPUIPlugin:80 - create IPUIPlugin
2026-05-11 15:53:25,510 [INFO] IPUIPlugin:80 - create IPUIPlugin
2026-05-11 15:53:25,510 [INFO] IPUIPlugin:80 - create IPUIPlugin
2026-05-11 15:53:25,510 [INFO] IPUIPlugin:80 - create IPUIPlugin
2026-05-11 15:53:25,511 [INFO] IPUIPlugin:80 - create IPUIPlugin
2026-05-11 15:53:25,511 [INFO] IPUIPlugin:80 - create IPUIPlugin
2026-05-11 15:53:25,511 [INFO] IPUIPlugin:80 - create IPUIPlugin
2026-05-11 15:53:25,512 [INFO] IPUIPlugin:80 - create IPUIPlugin
2026-05-11 15:53:25,512 [INFO] IPUIPlugin:80 - create IPUIPlugin
2026-05-11 15:53:25,513 [INFO] IPUIPlugin:80 - create IPUIPlugin
2026-05-11 15:53:25,513 [INFO] IPUIPlugin:80 - create IPUIPlugin
2026-05-11 15:53:25,513 [INFO] IPUIPlugin:80 - create IPUIPlugin
2026-05-11 15:53:25,514 [INFO] IPUIPlugin:80 - create IPUIPlugin
2026-05-11 15:53:25,514 [INFO] IPUIPlugin:80 - create IPUIPlugin
2026-05-11 15:53:25,515 [INFO] IPUIPlugin:80 - create IPUIPlugin
2026-05-11 15:53:25,515 [INFO] IPUIPlugin:80 - create IPUIPlugin
2026-05-11 15:53:25,516 [INFO] IPUIPlugin:80 - create IPUIPlugin
2026-05-11 15:53:25,516 [INFO] IPUIPlugin:80 - create IPUIPlugin
2026-05-11 15:53:25,517 [INFO] IPUIPlugin:80 - create IPUIPlugin
2026-05-11 15:53:25,517 [INFO] IPUIPlugin:80 - create IPUIPlugin
2026-05-11 15:53:25,518 [INFO] IPUIPlugin:80 - create IPUIPlugin
2026-05-11 15:53:25,519 [INFO] IPUIPlugin:80 - create IPUIPlugin
2026-05-11 15:53:25,521 [INFO] IPUIPlugin:80 - create IPUIPlugin
2026-05-11 15:53:25,628 [INFO] ApiDbMcu:508 - Load IP Config File for PDM2PCM
2026-05-11 15:53:25,639 [WARN] IP:2250 - I2C_Coeff_DF not found: check if there is a RefParameter without a condition.
2026-05-11 15:53:25,639 [WARN] IP:2250 - Analog_Filter not found: check if there is a RefParameter without a condition.
2026-05-11 15:53:26,010 [INFO] I2sManager:658 - 9.6E7
2026-05-11 15:53:26,039 [INFO] I2sManager:195 - I2S Clock Value : 9.6E7
2026-05-11 15:53:26,094 [INFO] I2sManager:553 - AudioClock : 93750Divider : 2Odd : 0
2026-05-11 15:53:26,511 [INFO] CADModel:165 - CPN selected for project levelSTM32F407VGT6
2026-05-11 15:53:26,511 [INFO] CADModel:114 - Register for checkConnection events
2026-05-11 15:53:26,574 [INFO] OpenFileManager:385 - Restore cursor
2026-05-11 15:53:27,039 [WARN] IP:2250 - I2C_Coeff_DF not found: check if there is a RefParameter without a condition.
2026-05-11 15:53:27,039 [WARN] IP:2250 - Analog_Filter not found: check if there is a RefParameter without a condition.
2026-05-11 15:53:27,040 [WARN] IP:2250 - I2C_Coeff_DF not found: check if there is a RefParameter without a condition.
2026-05-11 15:53:27,040 [WARN] IP:2250 - Analog_Filter not found: check if there is a RefParameter without a condition.
2026-05-11 15:53:29,659 [INFO] UtilMem:75 - End SaveConfig() Used Memory: 1044993320 Bytes (1073741824)
2026-05-11 15:53:30,051 [INFO] UtilMem:75 - End SaveConfig() Used Memory: 1016113296 Bytes (1073741824)
2026-05-11 15:53:31,421 [INFO] BlockDiagram:2775 - set Specific Code input for plugin: SPI
2026-05-11 15:53:31,422 [INFO] BlockDiagram:2775 - set Specific Code input for plugin: I2S
2026-05-11 15:53:31,422 [INFO] BlockDiagram:2775 - set Specific Code input for plugin: SYS
2026-05-11 15:53:31,422 [INFO] BlockDiagram:2775 - set Specific Code input for plugin: RCC
2026-05-11 15:53:31,422 [INFO] BlockDiagram:2775 - set Specific Code input for plugin: I2C
2026-05-11 15:53:31,422 [INFO] BlockDiagram:2775 - set Specific Code input for plugin: USB_OTG_FS
2026-05-11 15:53:31,422 [INFO] BlockDiagram:2775 - set Specific Code input for plugin: NVIC
2026-05-11 15:53:31,422 [INFO] BlockDiagram:2775 - set Specific Code input for plugin: USB_HOST
2026-05-11 15:53:31,423 [INFO] BlockDiagram:2775 - set Specific Code input for plugin: GPIO
2026-05-11 15:53:31,426 [INFO] CodeGenerator:882 - code generatio: config db path: C:\ST\STM32CubeIDE_1.18.0\STM32CubeIDE\plugins\com.st.stm32cube.common.mx_6.14.0.202502271554\\db\
2026-05-11 15:53:31,719 [WARN] IP:2250 - I2C_Coeff_DF not found: check if there is a RefParameter without a condition.
2026-05-11 15:53:31,719 [WARN] IP:2250 - Analog_Filter not found: check if there is a RefParameter without a condition.
2026-05-11 15:53:32,371 [INFO] CodeEngine:263 - oldGeneratedFile, C:\Users\hp\STM32CubeIDE\workspace_1.18.0\13_HAL_TIMERS_DELAY\MXTmpFiles\license.tmp_save
2026-05-11 15:53:34,104 [INFO] CodeEngine:287 - Generated code: C:\Users\hp\STM32CubeIDE\workspace_1.18.0\13_HAL_TIMERS_DELAY\MXTmpFiles\license.tmp
2026-05-11 15:53:34,437 [INFO] CodeEngine:263 - oldGeneratedFile, C:\Users\hp\STM32CubeIDE\workspace_1.18.0\13_HAL_TIMERS_DELAY\MXTmpFiles\gpio.tmp_save
2026-05-11 15:53:35,647 [INFO] CodeEngine:287 - Generated code: C:\Users\hp\STM32CubeIDE\workspace_1.18.0\13_HAL_TIMERS_DELAY\MXTmpFiles\gpio.tmp
2026-05-11 15:53:37,223 [WARN] IPConfigManager:3174 - Warning: the RefConfig PWREx_EnableUSBVoltageDetector is not available in your config.xml file
2026-05-11 15:53:37,264 [INFO] CodeEngine:263 - oldGeneratedFile, C:\Users\hp\STM32CubeIDE\workspace_1.18.0\13_HAL_TIMERS_DELAY\MXTmpFiles\usb_otg_fs_vars.tmp_save
2026-05-11 15:53:37,868 [INFO] CodeEngine:287 - Generated code: C:\Users\hp\STM32CubeIDE\workspace_1.18.0\13_HAL_TIMERS_DELAY\MXTmpFiles\usb_otg_fs_vars.tmp
2026-05-11 15:53:37,881 [INFO] CodeEngine:263 - oldGeneratedFile, C:\Users\hp\STM32CubeIDE\workspace_1.18.0\13_HAL_TIMERS_DELAY\MXTmpFiles\usb_otg_fs_inc.tmp_save
2026-05-11 15:53:37,993 [INFO] CodeEngine:287 - Generated code: C:\Users\hp\STM32CubeIDE\workspace_1.18.0\13_HAL_TIMERS_DELAY\MXTmpFiles\usb_otg_fs_inc.tmp
2026-05-11 15:53:38,003 [INFO] CodeEngine:263 - oldGeneratedFile, C:\Users\hp\STM32CubeIDE\workspace_1.18.0\13_HAL_TIMERS_DELAY\MXTmpFiles\usb_otg_fs_HalInit.tmp_save
2026-05-11 15:53:38,162 [INFO] CodeEngine:287 - Generated code: C:\Users\hp\STM32CubeIDE\workspace_1.18.0\13_HAL_TIMERS_DELAY\MXTmpFiles\usb_otg_fs_HalInit.tmp
2026-05-11 15:53:38,176 [INFO] CodeEngine:263 - oldGeneratedFile, C:\Users\hp\STM32CubeIDE\workspace_1.18.0\13_HAL_TIMERS_DELAY\MXTmpFiles\usb_otg_fs_Msp.tmp_save
2026-05-11 15:53:38,391 [INFO] CodeEngine:287 - Generated code: C:\Users\hp\STM32CubeIDE\workspace_1.18.0\13_HAL_TIMERS_DELAY\MXTmpFiles\usb_otg_fs_Msp.tmp
2026-05-11 15:53:39,726 [INFO] CodeEngine:263 - oldGeneratedFile, C:\Users\hp\STM32CubeIDE\workspace_1.18.0\13_HAL_TIMERS_DELAY\USB_HOST\App\usb_host.c_save
2026-05-11 15:53:39,993 [INFO] CodeEngine:287 - Generated code: C:\Users\hp\STM32CubeIDE\workspace_1.18.0\13_HAL_TIMERS_DELAY\USB_HOST\App\usb_host.c
2026-05-11 15:53:40,002 [INFO] CodeEngine:263 - oldGeneratedFile, C:\Users\hp\STM32CubeIDE\workspace_1.18.0\13_HAL_TIMERS_DELAY\USB_HOST\App\usb_host.h_save
2026-05-11 15:53:40,129 [INFO] CodeEngine:287 - Generated code: C:\Users\hp\STM32CubeIDE\workspace_1.18.0\13_HAL_TIMERS_DELAY\USB_HOST\App\usb_host.h
2026-05-11 15:53:40,140 [INFO] CodeEngine:263 - oldGeneratedFile, C:\Users\hp\STM32CubeIDE\workspace_1.18.0\13_HAL_TIMERS_DELAY\USB_HOST\Target\usbh_conf.h_save
2026-05-11 15:53:40,344 [INFO] CodeEngine:287 - Generated code: C:\Users\hp\STM32CubeIDE\workspace_1.18.0\13_HAL_TIMERS_DELAY\USB_HOST\Target\usbh_conf.h
2026-05-11 15:53:40,356 [INFO] CodeEngine:263 - oldGeneratedFile, C:\Users\hp\STM32CubeIDE\workspace_1.18.0\13_HAL_TIMERS_DELAY\USB_HOST\Target\usbh_conf.c_save
2026-05-11 15:53:40,479 [INFO] CodeEngine:287 - Generated code: C:\Users\hp\STM32CubeIDE\workspace_1.18.0\13_HAL_TIMERS_DELAY\USB_HOST\Target\usbh_conf.c
2026-05-11 15:53:40,494 [INFO] CodeEngine:263 - oldGeneratedFile, C:\Users\hp\STM32CubeIDE\workspace_1.18.0\13_HAL_TIMERS_DELAY\USB_HOST\Target\usbh_platform.c_save
2026-05-11 15:53:40,599 [INFO] CodeEngine:287 - Generated code: C:\Users\hp\STM32CubeIDE\workspace_1.18.0\13_HAL_TIMERS_DELAY\USB_HOST\Target\usbh_platform.c
2026-05-11 15:53:40,609 [INFO] CodeEngine:263 - oldGeneratedFile, C:\Users\hp\STM32CubeIDE\workspace_1.18.0\13_HAL_TIMERS_DELAY\USB_HOST\Target\usbh_platform.h_save
2026-05-11 15:53:40,715 [INFO] CodeEngine:287 - Generated code: C:\Users\hp\STM32CubeIDE\workspace_1.18.0\13_HAL_TIMERS_DELAY\USB_HOST\Target\usbh_platform.h
2026-05-11 15:53:40,747 [INFO] CodeEngine:263 - oldGeneratedFile, C:\Users\hp\STM32CubeIDE\workspace_1.18.0\13_HAL_TIMERS_DELAY\Core\Src\stm32f4xx_it.c_save
2026-05-11 15:53:41,450 [INFO] CodeEngine:287 - Generated code: C:\Users\hp\STM32CubeIDE\workspace_1.18.0\13_HAL_TIMERS_DELAY\Core\Src\stm32f4xx_it.c
2026-05-11 15:53:41,464 [INFO] CodeEngine:263 - oldGeneratedFile, C:\Users\hp\STM32CubeIDE\workspace_1.18.0\13_HAL_TIMERS_DELAY\Core\Inc\stm32f4xx_it.h_save
2026-05-11 15:53:41,578 [INFO] CodeEngine:287 - Generated code: C:\Users\hp\STM32CubeIDE\workspace_1.18.0\13_HAL_TIMERS_DELAY\Core\Inc\stm32f4xx_it.h
2026-05-11 15:53:41,657 [INFO] CodeEngine:263 - oldGeneratedFile, C:\Users\hp\STM32CubeIDE\workspace_1.18.0\13_HAL_TIMERS_DELAY\Core\Src\stm32f4xx_hal_msp.c_save
2026-05-11 15:53:41,894 [INFO] CodeEngine:287 - Generated code: C:\Users\hp\STM32CubeIDE\workspace_1.18.0\13_HAL_TIMERS_DELAY\Core\Src\stm32f4xx_hal_msp.c
2026-05-11 15:53:41,905 [INFO] CodeEngine:263 - oldGeneratedFile, C:\Users\hp\STM32CubeIDE\workspace_1.18.0\13_HAL_TIMERS_DELAY\MXTmpFiles\system.tmp_save
2026-05-11 15:53:42,023 [INFO] CodeEngine:287 - Generated code: C:\Users\hp\STM32CubeIDE\workspace_1.18.0\13_HAL_TIMERS_DELAY\MXTmpFiles\system.tmp
2026-05-11 15:53:42,115 [INFO] CodeEngine:319 - oldGeneratedFile, C:\Users\hp\STM32CubeIDE\workspace_1.18.0\13_HAL_TIMERS_DELAY\Core\Inc\stm32f4xx_hal_conf.h_save
2026-05-11 15:53:42,257 [INFO] CodeEngine:343 - Generated code: C:\Users\hp\STM32CubeIDE\workspace_1.18.0\13_HAL_TIMERS_DELAY\Core\Inc\stm32f4xx_hal_conf.h
2026-05-11 15:53:42,445 [INFO] ApiDbMcu:508 - Load IP Config File for I2C1
2026-05-11 15:53:42,449 [INFO] ApiDbMcu:508 - Load IP Config File for I2S3
2026-05-11 15:53:42,454 [INFO] ApiDbMcu:508 - Load IP Config File for SPI1
2026-05-11 15:53:42,460 [INFO] ApiDbMcu:508 - Load IP Config File for RCC
2026-05-11 15:53:42,510 [INFO] CodeEngine:263 - oldGeneratedFile, C:\Users\hp\STM32CubeIDE\workspace_1.18.0\13_HAL_TIMERS_DELAY\Core\Inc\main.h_save
2026-05-11 15:53:52,830 [INFO] CodeEngine:287 - Generated code: C:\Users\hp\STM32CubeIDE\workspace_1.18.0\13_HAL_TIMERS_DELAY\Core\Inc\main.h
2026-05-11 15:53:52,842 [INFO] CodeEngine:263 - oldGeneratedFile, C:\Users\hp\STM32CubeIDE\workspace_1.18.0\13_HAL_TIMERS_DELAY\Core\Src\main.c_save
2026-05-11 15:53:53,287 [INFO] CodeEngine:287 - Generated code: C:\Users\hp\STM32CubeIDE\workspace_1.18.0\13_HAL_TIMERS_DELAY\Core\Src\main.c
2026-05-11 15:53:55,554 [ERROR] ProjectBuilder:7054 - Problem during Copy of File LICENSE.txt
2026-05-11 15:53:55,906 [ERROR] ProjectBuilder:7054 - Problem during Copy of File LICENSE.txt
2026-05-11 15:53:56,129 [ERROR] ProjectBuilder:7054 - Problem during Copy of File LICENSE.txt
2026-05-11 15:53:56,228 [ERROR] ProjectBuilder:7054 - Problem during Copy of File LICENSE.txt
2026-05-11 15:53:56,282 [ERROR] ProjectBuilder:7054 - Problem during Copy of File LICENSE.txt
2026-05-11 15:53:56,306 [ERROR] ProjectBuilder:7054 - Problem during Copy of File LICENSE.txt
2026-05-11 15:53:57,126 [INFO] ProjectBuilder:3324 - Time for Copy HAL[1] : 3137mS.
2026-05-11 15:53:57,228 [INFO] ProjectBuilder:4912 - Project Generator version: 4.6.0-B36
2026-05-11 15:53:57,641 [INFO] ConfigFileManager:1590 - The Die is : DIE413
2026-05-11 15:53:57,653 [INFO] ApiDbMcu:508 - Load IP Config File for FATFS
2026-05-11 15:53:57,670 [INFO] ApiDbMcu:508 - Load IP Config File for FREERTOS
2026-05-11 15:53:57,677 [INFO] ApiDbMcu:508 - Load IP Config File for LIBJPEG
2026-05-11 15:53:57,689 [INFO] ApiDbMcu:508 - Load IP Config File for LWIP
2026-05-11 15:53:57,735 [INFO] ApiDbMcu:508 - Load IP Config File for MBEDTLS
2026-05-11 15:53:57,750 [INFO] ApiDbMcu:508 - Load IP Config File for USB_DEVICE
2026-05-11 15:54:10,784 [INFO] ProjectBuilder:5191 - Time for Generating toolchain IDE Files: 13555mS.
2026-05-11 15:54:10,817 [INFO] ProjectBuilder:3181 - Time for Copy CMSIS : 33mS.
2026-05-11 15:54:10,831 [INFO] ProjectBuilder:3181 - Time for Copy CMSIS : 0mS.
2026-05-11 15:54:15,696 [INFO] McuFinderGlobals:76 - Set McuFinderConnectedMode to true
2026-05-11 15:54:15,703 [INFO] ApiDb:448 - Save user favorites file C:\Users\hp/.stm32cubeide/favorites.mcus.txt: 0 item(s)
2026-05-11 15:54:15,704 [INFO] ApiDb:452 - User favorites MCUs=[]
2026-05-11 15:54:15,743 [INFO] ApiDb:448 - Save user favorites file C:\Users\hp/.stm32cubeide/favorites.boards.txt: 0 item(s)
2026-05-11 15:54:15,743 [INFO] ApiDb:452 - User favorites Boards=[]
2026-05-11 16:02:50,370 [INFO] UtilMem:75 - End SaveConfig() Used Memory: 696693616 Bytes (1073741824)
2026-05-11 16:02:53,851 [INFO] UtilMem:75 - End SaveConfig() Used Memory: 712875176 Bytes (1073741824)
2026-05-11 16:03:06,867 [INFO] UtilMem:75 - End SaveConfig() Used Memory: 710588712 Bytes (1073741824)
2026-05-11 16:03:07,606 [INFO] BlockDiagram:2775 - set Specific Code input for plugin: TIM1_8
2026-05-11 16:03:07,607 [INFO] BlockDiagram:2775 - set Specific Code input for plugin: SYS
2026-05-11 16:03:07,607 [INFO] BlockDiagram:2775 - set Specific Code input for plugin: RCC
2026-05-11 16:03:07,639 [INFO] BlockDiagram:2775 - set Specific Code input for plugin: NVIC
2026-05-11 16:03:07,641 [INFO] BlockDiagram:2775 - set Specific Code input for plugin: GPIO
2026-05-11 16:03:07,659 [INFO] CodeGenerator:882 - code generatio: config db path: C:\ST\STM32CubeIDE_1.18.0\STM32CubeIDE\plugins\com.st.stm32cube.common.mx_6.14.0.202502271554\\db\
2026-05-11 16:03:07,943 [INFO] CodeEngine:263 - oldGeneratedFile, C:\Users\hp\STM32CubeIDE\workspace_1.18.0\13_HAL_TIMERS_DELAY\MXTmpFiles\license.tmp_save
2026-05-11 16:03:08,733 [INFO] CodeEngine:287 - Generated code: C:\Users\hp\STM32CubeIDE\workspace_1.18.0\13_HAL_TIMERS_DELAY\MXTmpFiles\license.tmp
2026-05-11 16:03:08,804 [INFO] CodeEngine:263 - oldGeneratedFile, C:\Users\hp\STM32CubeIDE\workspace_1.18.0\13_HAL_TIMERS_DELAY\MXTmpFiles\gpio.tmp_save
2026-05-11 16:03:09,195 [INFO] CodeEngine:287 - Generated code: C:\Users\hp\STM32CubeIDE\workspace_1.18.0\13_HAL_TIMERS_DELAY\MXTmpFiles\gpio.tmp
2026-05-11 16:03:09,636 [INFO] CodeEngine:263 - oldGeneratedFile, C:\Users\hp\STM32CubeIDE\workspace_1.18.0\13_HAL_TIMERS_DELAY\Core\Src\stm32f4xx_it.c_save
2026-05-11 16:03:10,209 [INFO] CodeEngine:287 - Generated code: C:\Users\hp\STM32CubeIDE\workspace_1.18.0\13_HAL_TIMERS_DELAY\Core\Src\stm32f4xx_it.c
2026-05-11 16:03:10,235 [INFO] CodeEngine:263 - oldGeneratedFile, C:\Users\hp\STM32CubeIDE\workspace_1.18.0\13_HAL_TIMERS_DELAY\Core\Inc\stm32f4xx_it.h_save
2026-05-11 16:03:10,881 [INFO] CodeEngine:287 - Generated code: C:\Users\hp\STM32CubeIDE\workspace_1.18.0\13_HAL_TIMERS_DELAY\Core\Inc\stm32f4xx_it.h
2026-05-11 16:03:10,928 [INFO] CodeEngine:263 - oldGeneratedFile, C:\Users\hp\STM32CubeIDE\workspace_1.18.0\13_HAL_TIMERS_DELAY\Core\Src\stm32f4xx_hal_msp.c_save
2026-05-11 16:03:11,240 [INFO] CodeEngine:287 - Generated code: C:\Users\hp\STM32CubeIDE\workspace_1.18.0\13_HAL_TIMERS_DELAY\Core\Src\stm32f4xx_hal_msp.c
2026-05-11 16:03:11,258 [INFO] CodeEngine:263 - oldGeneratedFile, C:\Users\hp\STM32CubeIDE\workspace_1.18.0\13_HAL_TIMERS_DELAY\MXTmpFiles\system.tmp_save
2026-05-11 16:03:11,378 [INFO] CodeEngine:287 - Generated code: C:\Users\hp\STM32CubeIDE\workspace_1.18.0\13_HAL_TIMERS_DELAY\MXTmpFiles\system.tmp
2026-05-11 16:03:11,421 [INFO] CodeEngine:319 - oldGeneratedFile, C:\Users\hp\STM32CubeIDE\workspace_1.18.0\13_HAL_TIMERS_DELAY\Core\Inc\stm32f4xx_hal_conf.h_save
2026-05-11 16:03:11,595 [INFO] CodeEngine:343 - Generated code: C:\Users\hp\STM32CubeIDE\workspace_1.18.0\13_HAL_TIMERS_DELAY\Core\Inc\stm32f4xx_hal_conf.h
2026-05-11 16:03:11,827 [INFO] ApiDbMcu:508 - Load IP Config File for TIM2
2026-05-11 16:03:11,830 [WARN] IPConfigManager:3747 - IP not found : TIM
2026-05-11 16:03:11,832 [WARN] CodeGenerator:4198 - IP not found : null
2026-05-11 16:03:11,875 [INFO] CodeEngine:263 - oldGeneratedFile, C:\Users\hp\STM32CubeIDE\workspace_1.18.0\13_HAL_TIMERS_DELAY\Core\Inc\main.h_save
2026-05-11 16:03:12,163 [INFO] CodeEngine:287 - Generated code: C:\Users\hp\STM32CubeIDE\workspace_1.18.0\13_HAL_TIMERS_DELAY\Core\Inc\main.h
2026-05-11 16:03:12,205 [INFO] CodeEngine:263 - oldGeneratedFile, C:\Users\hp\STM32CubeIDE\workspace_1.18.0\13_HAL_TIMERS_DELAY\Core\Src\main.c_save
2026-05-11 16:03:12,617 [INFO] CodeEngine:287 - Generated code: C:\Users\hp\STM32CubeIDE\workspace_1.18.0\13_HAL_TIMERS_DELAY\Core\Src\main.c
2026-05-11 16:03:15,578 [ERROR] ProjectBuilder:7054 - Problem during Copy of File LICENSE.txt
2026-05-11 16:03:15,584 [ERROR] ProjectBuilder:7054 - Problem during Copy of File LICENSE.txt
2026-05-11 16:03:15,934 [INFO] ProjectBuilder:3324 - Time for Copy HAL[1] : 2419mS.
2026-05-11 16:03:15,939 [INFO] ProjectBuilder:4912 - Project Generator version: 4.6.0-B36
2026-05-11 16:03:16,197 [INFO] ConfigFileManager:1590 - The Die is : DIE413
2026-05-11 16:03:22,900 [INFO] ProjectBuilder:5191 - Time for Generating toolchain IDE Files: 6962mS.
2026-05-11 16:03:22,906 [INFO] ProjectBuilder:3181 - Time for Copy CMSIS : 5mS.
2026-05-11 16:03:22,917 [INFO] ProjectBuilder:3181 - Time for Copy CMSIS : 0mS.
2026-05-11 17:22:01,554 [INFO] MainUpdater:2872 - connection check result : 10
2026-05-11 17:22:01,555 [INFO] McuFinderGlobals:76 - Set McuFinderConnectedMode to true
2026-05-11 17:22:03,400 [INFO] ServerAccessManage:473 - Download File mcusAds.json._tmp_
2026-05-11 17:22:03,552 [INFO] LoadUrlFilesThread:156 - End of LoadUrlFiles Thread
2026-05-11 17:22:04,049 [INFO] ServerAccessManage:473 - Download File cube-finder-db.zip
2026-05-11 17:22:10,064 [INFO] FileExtend:242 - Unzip File : cube-finder-db.zip
2026-05-11 17:22:10,064 [INFO] FileExtend:257 - Standard Zip Deflate
2026-05-11 17:22:18,821 [INFO] LoadUrlFilesThread:156 - End of LoadUrlFiles Thread
2026-05-11 17:22:19,949 [INFO] ServerAccessManage:473 - Download File crdb.zip
2026-05-11 17:22:20,856 [INFO] FileExtend:242 - Unzip File : crdb.zip
2026-05-11 17:22:20,856 [INFO] FileExtend:257 - Standard Zip Deflate
2026-05-11 17:22:21,325 [INFO] LoadUrlFilesThread:156 - End of LoadUrlFiles Thread
2026-05-11 17:22:21,516 [INFO] ServerAccessManage:473 - Download File tutoVideoDB.zip
2026-05-11 17:22:21,559 [INFO] FileExtend:242 - Unzip File : tutoVideoDB.zip
2026-05-11 17:22:21,609 [INFO] FileExtend:257 - Standard Zip Deflate
2026-05-11 17:22:21,871 [INFO] LoadUrlFilesThread:156 - End of LoadUrlFiles Thread
2026-05-11 17:22:21,937 [WARN] DbFile:41 - Overriding database path with different value: C:\Users\hp\.stmcufinder\plugins\mcufinder/ => C:\Users\hp\.stmcufinder\plugins\mcufinder
2026-05-11 17:22:22,829 [ERROR] ServerAccessManage:1089 - Problem, file not found on Server
2026-05-11 17:22:22,830 [ERROR] ServerAccessManage:651 - Problem, file not found on Server : api_config.json.
2026-05-11 17:22:25,976 [INFO] LoadUrlFilesThread:156 - End of LoadUrlFiles Thread
2026-05-11 17:22:27,698 [INFO] DbMcusAds:53 - JSON generation date=Mon Apr 27 13:44:29 IST 2026 (1777277669683)
2026-05-11 17:22:27,803 [INFO] ApiDb:448 - Save user favorites file C:\Users\hp/.stm32cubeide/favorites.mcus.txt: 0 item(s)
2026-05-11 17:22:27,803 [INFO] ApiDb:452 - User favorites MCUs=[]
2026-05-11 17:22:28,450 [INFO] ApiDb:581 - Connected to CubeFinder SQLite database (C:\Users\hp\.stmcufinder\plugins\mcufinder\mcu\cube-finder-db.db)
2026-05-11 17:22:28,576 [INFO] ApiDb:668 - CubeFinder database Data Model version=2.1
2026-05-11 17:22:28,576 [INFO] ApiDb:669 - CubeFinder database Configuration version=3.0.42
2026-05-11 17:22:28,576 [INFO] ApiDb:670 - CubeFinder database generation date=2026-05-06 (1778060171)
2026-05-11 17:22:28,576 [INFO] ApiDb:671 - CubeFinder database FW Pack versions=[FP-ATR-ASTRA1_V2.0.0, FP-SNS-FLIGHT1_V5.1.0, FP-SNS-MOTENV1_V5.1.0, FP-SNS-MOTENVWB1_V1.5.0, FP-SNS-SMARTAG2_V1.2.0, FP-SNS-STBOX1_V2.1.0, STM32Cube_FW_C0_V1.4.0, STM32Cube_FW_F4_V1.28.3, STM32Cube_FW_F7_V1.17.4, STM32Cube_FW_G0_V1.6.3, STM32Cube_FW_G4_V1.6.2, STM32Cube_FW_H5_V1.6.0, STM32Cube_FW_H7RS_V1.3.0, STM32Cube_FW_H7_V1.13.0, STM32Cube_FW_L0_V1.12.2, STM32Cube_FW_L4_V1.18.2, STM32Cube_FW_L5_V1.6.0, STM32Cube_FW_N6_V1.3.0, STM32Cube_FW_U0_V1.3.0, STM32Cube_FW_U3_V1.3.0, STM32Cube_FW_U5_V1.8.0, STM32Cube_FW_WB0_V1.4.0, STM32Cube_FW_WBA_V1.9.0, STM32Cube_FW_WB_V1.24.0, STM32Cube_FW_WL3_V1.4.0, STM32Cube_FW_WL_V1.5.0, X-CUBE-ALGOBUILD_V1.4.0, X-CUBE-ALS_V1.0.2, X-CUBE-AZRTOS-F4_V1.1.0, X-CUBE-AZRTOS-F7_V1.1.0, X-CUBE-AZRTOS-G0_V1.1.0, X-CUBE-AZRTOS-G4_V2.0.0, X-CUBE-AZRTOS-H7RS_V1.1.0, X-CUBE-AZRTOS-H7_V3.5.0, X-CUBE-AZRTOS-L4_V2.0.0, X-CUBE-AZRTOS-L5_V2.0.0, X-CUBE-AZRTOS-WB_V2.0.0, X-CUBE-AZRTOS-WL_V2.0.0, X-CUBE-BLE1_V7.1.0, X-CUBE-BLE2_V3.3.0, X-CUBE-BLEMGR_V4.1.0, X-CUBE-EEPRMA1_V5.2.0, X-CUBE-FREERTOS_V1.5.0, X-CUBE-GNSS1_V6.0.0, X-CUBE-MEMS1_V12.0.0, X-CUBE-NFC4_V3.0.0, X-CUBE-NFC7_V2.0.0, X-CUBE-SFXS2LP1_V4.0.0, X-CUBE-ST67W61_V1.2.0, X-CUBE-SUBG2_V5.0.0, X-CUBE-TOF1_V3.4.3]
2026-05-11 17:22:32,201 [INFO] ApiDb:240 - Found 895 in-development CPN: [B-G473E-ZEST1S, B-WB1M-WPAN1, B-WBA5M-WPAN, B-WL5M-SUBG1, NUCLEO-C031C6, NUCLEO-C051C8, NUCLEO-C071RB, NUCLEO-C092RC, NUCLEO-H503RB, NUCLEO-H533RE, NUCLEO-H563ZI, NUCLEO-H7S3L8, NUCLEO-N657X0-Q, NUCLEO-U031R8, NUCLEO-U083RC, NUCLEO-U385RG-Q, NUCLEO-U545RE-Q, NUCLEO-U5A5ZJ-Q, NUCLEO-WB05KZ, NUCLEO-WB07CC, NUCLEO-WB09KE, NUCLEO-WBA52CG, NUCLEO-WBA55CG, NUCLEO-WBA65RI, NUCLEO-WL33CC1, NUCLEO-WL33CC2, STEVAL-PROTEUS1, STEVAL-SMARTAG2, STEVAL-STWINBX1, STM320518-EVAL, STM32C0116-DK, STM32C011D6Y3TR, STM32C011D6Y6TR, STM32C011F4P3, STM32C011F4P6, STM32C011F4U3, STM32C011F4U6TR, STM32C011F6P3, STM32C011F6P6, STM32C011F6U3, STM32C011F6U6TR, STM32C011J4M3, STM32C011J4M6, STM32C011J6M3, STM32C011J6M6, STM32C0316-DK, STM32C031C4T3, STM32C031C4T6, STM32C031C4U3, STM32C031C4U6, STM32C031C6T3, STM32C031C6T6, STM32C031C6U3, STM32C031C6U6, STM32C031F4P3, STM32C031F4P6, STM32C031F6P3, STM32C031F6P6, STM32C031G4U3, STM32C031G4U6, STM32C031G6U3, STM32C031G6U6, STM32C031K4T3, STM32C031K4T6, STM32C031K4U3, STM32C031K4U6, STM32C031K6T3, STM32C031K6T6, STM32C031K6U3, STM32C031K6U6, STM32C051C6T6, STM32C051C6U6, STM32C051C8T6, STM32C051C8U6, STM32C051D8Y6TR, STM32C051F6P6, STM32C051F8P6, STM32C051G6U6, STM32C051G8U6, STM32C051K6T6, STM32C051K6U6, STM32C051K8T6, STM32C071C8T6, STM32C071C8T6N, STM32C071C8U6, STM32C071C8U6N, STM32C071CBT6, STM32C071CBT6N, STM32C071CBU6, STM32C071CBU6N, STM32C071F8P6, STM32C071F8P6N, STM32C071FBP6, STM32C071FBP6N, STM32C071FBY6TR, STM32C071G8U6, STM32C071G8U6N, STM32C071GBU6, STM32C071GBU6N, STM32C071K8T6, STM32C071K8T6N, STM32C071K8U6, STM32C071K8U6N, STM32C071KBT6, STM32C071KBT6N, STM32C071KBU6, STM32C071KBU6N, STM32C071R8T6, STM32C071R8T6N, STM32C071RBI6N, STM32C071RBT6, STM32C071RBT6N, STM32C091CBT6, STM32C091CBU6, STM32C091CCT6, STM32C091CCU6, STM32C091ECY6TR, STM32C091FBP6, STM32C091FCP6, STM32C091GBU6, STM32C091GCU6, STM32C091KBT6, STM32C091KBU6, STM32C091KCT6, STM32C091KCU6, STM32C091RBT6, STM32C091RCI6, STM32C091RCT6, STM32C092CBT6, STM32C092CBU6, STM32C092CCT6, STM32C092CCU6, STM32C092ECY6TR, STM32C092FBP6, STM32C092FCP6, STM32C092GBU6, STM32C092GCU6, STM32C092KBT6, STM32C092KBU6, STM32C092KCT6, STM32C092KCU6, STM32C092RBT6, STM32C092RCI6, STM32C092RCT6, STM32G071K8TXN, STM32G071K8UXN, STM32G081GBU6N, STM32G081KBT6N, STM32G081KBUXN, STM32G0B1CCT6N, STM32G0B1KCT6, STM32G0B1NEY6TR, STM32G0B1RCT6N, STM32G0C1CCT6, STM32G0C1CCT6N, STM32G0C1CCU6N, STM32G0C1CET6N, STM32G0C1CEU6N, STM32G0C1KCT6, STM32G0C1NEY6TR, STM32G0C1RCI6N, STM32G0C1RCT6N, STM32G0C1REI6N, STM32G0C1RET6N, STM32G0C1VCI6, STM32G0C1VEI6, STM32G411C6T3, STM32G411C6T6, STM32G411C6U3, STM32G411C6U6, STM32G411C8T3, STM32G411C8T6, STM32G411C8U3, STM32G411C8U6, STM32G411CBT3, STM32G411CBT6, STM32G411CBU3, STM32G411CBU6, STM32G411CCT3, STM32G411CCT6, STM32G411CCU3, STM32G411CCU6, STM32G411K6T3, STM32G411K6T6, STM32G411K6U3, STM32G411K6U6, STM32G411K8T3, STM32G411K8T6, STM32G411K8U3, STM32G411K8U6, STM32G411KBT3, STM32G411KBT6, STM32G411KBU3, STM32G411KBU6, STM32G411M6T3, STM32G411M6T6, STM32G411M8T3, STM32G411M8T6, STM32G411MBT3, STM32G411MBT6, STM32G411MCT3, STM32G411MCT6, STM32G411R6T3, STM32G411R6T6, STM32G411R8T3, STM32G411R8T6, STM32G411RBT3, STM32G411RBT6, STM32G411RCT3, STM32G411RCT6, STM32G414CBT3, STM32G414CBT6, STM32G414CBU3, STM32G414CBU6, STM32G414CCT3, STM32G414CCT6, STM32G414CCU3, STM32G414CCU6, STM32G414MBT3, STM32G414MBT6, STM32G414MCT3, STM32G414MCT6, STM32G414RBT3, STM32G414RBT6, STM32G414RCT3, STM32G414RCT6, STM32G414VBT3, STM32G414VBT6, STM32G414VCT3, STM32G414VCT6, STM32G431CBT3Z, STM32G431RBT3Z, STM32G471CCT6, STM32G471CCU6, STM32G471CET3, STM32G471CET6, STM32G471CEU3, STM32G471CEU6, STM32G471MCT6, STM32G471MET3, STM32G471MET6, STM32G471MEY6TR, STM32G471QCT6, STM32G471QET3, STM32G471RCT6, STM32G471RET3, STM32G471RET6, STM32G471VCH6, STM32G471VCI6, STM32G471VCT6, STM32G471VEH3, STM32G471VEH6, STM32G471VEI3, STM32G471VEI6, STM32G471VET3, STM32G471VET6, STM32G473QET3Z, STM32G473RET3Z, STM32G474CCT6, STM32G491RET3Z, STM32H503CBT6, STM32H503CBU6, STM32H503EBY6TR, STM32H503KBU6, STM32H503RBT6, STM32H523CCT6, STM32H523CCU6, STM32H523CET6, STM32H523CEU6, STM32H523HEY6TR, STM32H523RCT6, STM32H523RET6, STM32H523VCI6, STM32H523VCT6, STM32H523VEI6, STM32H523VET6, STM32H523ZCJ6, STM32H523ZCT6, STM32H523ZEJ6, STM32H523ZET6, STM32H533CET6, STM32H533CEU6, STM32H533HEY6TR, STM32H533RET6, STM32H533VEI6, STM32H533VET6, STM32H533ZEJ6, STM32H533ZET6, STM32H562AGI6, STM32H562AII6, STM32H562IGK6, STM32H562IGT6, STM32H562IIK6, STM32H562IIT6, STM32H562RGT6, STM32H562RGV6, STM32H562RIT6, STM32H562RIV6, STM32H562VGT6, STM32H562VIT6, STM32H562ZGT6, STM32H562ZIT6, STM32H563AGI6, STM32H563AII3Q, STM32H563AII6, STM32H563IGK6, STM32H563IGT6, STM32H563IIK3Q, STM32H563IIK6, STM32H563IIT3Q, STM32H563IIT6, STM32H563MIY3QTR, STM32H563RGT6, STM32H563RGV6, STM32H563RIT6, STM32H563RIV6, STM32H563VGT6, STM32H563VIT3Q, STM32H563VIT6, STM32H563ZGT6, STM32H563ZIT3Q, STM32H563ZIT6, STM32H573AII3Q, STM32H573AII6, STM32H573I-DK, STM32H573IIK3Q, STM32H573IIK6, STM32H573IIT3Q, STM32H573IIT6, STM32H573MIY3QTR, STM32H573RIT6, STM32H573RIV6, STM32H573VIT3Q, STM32H573VIT6, STM32H573ZIT3Q, STM32H573ZIT6, STM32H7R3A8I6, STM32H7R3I8K6, STM32H7R3I8T6, STM32H7R3L8H6, STM32H7R3L8H6H, STM32H7R3R8V6, STM32H7R3V8H6, STM32H7R3V8T6, STM32H7R3V8Y6TR, STM32H7R3Z8J6, STM32H7R3Z8T6, STM32H7R7A8I6, STM32H7R7I8K6, STM32H7R7I8T6, STM32H7R7L8H6, STM32H7R7L8H6H, STM32H7R7Z8J6, STM32H7S3A8I6, STM32H7S3I8K6, STM32H7S3I8T6, STM32H7S3L8H6, STM32H7S3L8H6H, STM32H7S3R8V6, STM32H7S3V8H6, STM32H7S3V8T6, STM32H7S3V8Y6TR, STM32H7S3Z8J6, STM32H7S3Z8T6, STM32H7S78-DK, STM32H7S7A8I6, STM32H7S7I8K6, STM32H7S7I8T6, STM32H7S7L8H6, STM32H7S7L8H6H, STM32H7S7Z8J6, STM32L4R5QGI6STR, STM32MP131AAE3, STM32MP131AAF3, STM32MP131AAG3, STM32MP131CAE3, STM32MP131CAF3, STM32MP131CAG3, STM32MP131DAE7, STM32MP131DAF7, STM32MP131DAG7, STM32MP131FAE7, STM32MP131FAF7, STM32MP131FAG7, STM32MP133AAE3, STM32MP133AAF3, STM32MP133AAG3, STM32MP133CAE3, STM32MP133CAF3, STM32MP133CAG3, STM32MP133DAE7, STM32MP133DAF7, STM32MP133DAG7, STM32MP133FAE7, STM32MP133FAF7, STM32MP133FAG7, STM32MP135AAE3, STM32MP135AAF3, STM32MP135AAG3, STM32MP135CAE3, STM32MP135CAF3, STM32MP135CAG3, STM32MP135DAE7, STM32MP135DAF7, STM32MP135DAG7, STM32MP135F-DK, STM32MP135FAE7, STM32MP135FAF7, STM32MP135FAF7T, STM32MP135FAF7U, STM32MP135FAG7, STM32MP231AAJ3, STM32MP231AAK3, STM32MP231AAL3, STM32MP231CAJ3, STM32MP231CAK3, STM32MP231CAL3, STM32MP231DAJ3, STM32MP231DAK3, STM32MP231DAL3, STM32MP231FAJ3, STM32MP231FAK3, STM32MP231FAL3, STM32MP233AAJ3, STM32MP233AAK3, STM32MP233AAL3, STM32MP233CAJ3, STM32MP233CAK3, STM32MP233CAL3, STM32MP233DAJ3, STM32MP233DAK3, STM32MP233DAL3, STM32MP233FAJ3, STM32MP233FAK3, STM32MP233FAL3, STM32MP235AAJ3, STM32MP235AAK3, STM32MP235AAL3, STM32MP235CAJ3, STM32MP235CAK3, STM32MP235CAL3, STM32MP235DAJ3, STM32MP235DAK3, STM32MP235DAL3, STM32MP235FAJ3, STM32MP235FAK3, STM32MP235FAL3, STM32MP251AAI3, STM32MP251AAJ3, STM32MP251AAK3, STM32MP251AAL3, STM32MP251CAI3, STM32MP251CAJ3, STM32MP251CAK3, STM32MP251CAL3, STM32MP251DAI3, STM32MP251DAJ3, STM32MP251DAK3, STM32MP251DAL3, STM32MP251FAI3, STM32MP251FAJ3, STM32MP251FAK3, STM32MP251FAL3, STM32MP253AAI3, STM32MP253AAJ3, STM32MP253AAK3, STM32MP253AAL3, STM32MP253CAI3, STM32MP253CAJ3, STM32MP253CAK3, STM32MP253CAL3, STM32MP253DAI3, STM32MP253DAJ3, STM32MP253DAK3, STM32MP253DAL3, STM32MP253FAI3, STM32MP253FAJ3, STM32MP253FAK3, STM32MP253FAL3, STM32MP255AAI3, STM32MP255AAJ3, STM32MP255AAK3, STM32MP255AAL3, STM32MP255CAI3, STM32MP255CAJ3, STM32MP255CAK3, STM32MP255CAL3, STM32MP255DAI3, STM32MP255DAJ3, STM32MP255DAK3, STM32MP255DAL3, STM32MP255FAI3, STM32MP255FAJ3, STM32MP255FAK3, STM32MP255FAL3, STM32MP257AAI3, STM32MP257AAJ3, STM32MP257AAK3, STM32MP257AAL3, STM32MP257CAI3, STM32MP257CAJ3, STM32MP257CAK3, STM32MP257CAL3, STM32MP257DAI3, STM32MP257DAJ3, STM32MP257DAK3, STM32MP257DAL3, STM32MP257F-DK, STM32MP257F-EV1, STM32MP257FAI3, STM32MP257FAJ3, STM32MP257FAK3, STM32MP257FAL3, STM32N645A0H3Q, STM32N645B0H3Q, STM32N645I0H3Q, STM32N645L0H3Q, STM32N645X0H3Q, STM32N645Z0H3Q, STM32N647A0H3Q, STM32N647B0H3Q, STM32N647I0H3Q, STM32N647L0H3Q, STM32N647X0H3Q, STM32N647Z0H3Q, STM32N655A0H3Q, STM32N655B0H3Q, STM32N655I0H3Q, STM32N655L0H3Q, STM32N655X0H3Q, STM32N655Z0H3Q, STM32N6570-DK, STM32N657A0H3Q, STM32N657B0H3Q, STM32N657I0H3Q, STM32N657L0H3Q, STM32N657X0H3Q, STM32N657Z0H3Q, STM32U031C6T6, STM32U031C6U6, STM32U031C8T6, STM32U031C8U6, STM32U031F4P6, STM32U031F6P6, STM32U031F8P6, STM32U031G6Y6TR, STM32U031G8Y6TR, STM32U031K4U6, STM32U031K6U6, STM32U031K8U6, STM32U031R6I6, STM32U031R6T6, STM32U031R8I6, STM32U031R8T6, STM32U073C8T6, STM32U073C8U6, STM32U073CBT6, STM32U073CBU6, STM32U073CCT6, STM32U073CCU6, STM32U073H8Y6TR, STM32U073HBY6TR, STM32U073HCY6TR, STM32U073K8U6, STM32U073KBU6, STM32U073KCU6, STM32U073M8I6, STM32U073M8T6, STM32U073MBI6, STM32U073MBT6, STM32U073MCI6, STM32U073MCT6, STM32U073R8I6, STM32U073R8T6, STM32U073RBI6, STM32U073RBT6, STM32U073RCI6, STM32U073RCT6, STM32U083C-DK, STM32U083CCT6, STM32U083CCU6, STM32U083HCY6TR, STM32U083KCU6, STM32U083MCI6, STM32U083MCT6, STM32U083RCI6, STM32U083RCT6, STM32U375CET6, STM32U375CET6Q, STM32U375CEU6, STM32U375CEU6Q, STM32U375CEY6QTR, STM32U375CGT6, STM32U375CGT6Q, STM32U375CGU6, STM32U375CGU6Q, STM32U375CGY6QTR, STM32U375KEU6, STM32U375KGU6, STM32U375REI6, STM32U375REI6Q, STM32U375RET6, STM32U375RET6Q, STM32U375REY6GTR, STM32U375REY6QTR, STM32U375RGI6, STM32U375RGI6Q, STM32U375RGT6, STM32U375RGT6Q, STM32U375RGY6GTR, STM32U375RGY6QTR, STM32U375VEI6, STM32U375VEI6Q, STM32U375VET6, STM32U375VET6Q, STM32U375VGI6, STM32U375VGI6Q, STM32U375VGT6, STM32U375VGT6Q, STM32U385CGT6, STM32U385CGT6Q, STM32U385CGU6, STM32U385CGU6Q, STM32U385CGY6QTR, STM32U385KGU6, STM32U385RGI6, STM32U385RGI6Q, STM32U385RGT6, STM32U385RGT6Q, STM32U385RGY6GTR, STM32U385RGY6QTR, STM32U385VGI6, STM32U385VGI6Q, STM32U385VGT6, STM32U385VGT6Q, STM32U535CBT6, STM32U535CBT6Q, STM32U535CBU6, STM32U535CBU6Q, STM32U535CCT6, STM32U535CCT6Q, STM32U535CCU6, STM32U535CCU6Q, STM32U535CET6, STM32U535CET6Q, STM32U535CEU6, STM32U535CEU6Q, STM32U535JEY6QTR, STM32U535NCY6QTR, STM32U535NEY6QTR, STM32U535RBI6, STM32U535RBI6Q, STM32U535RBT6, STM32U535RBT6Q, STM32U535RCI6, STM32U535RCI6Q, STM32U535RCT6, STM32U535RCT6Q, STM32U535REI6, STM32U535REI6Q, STM32U535RET6, STM32U535RET6Q, STM32U535VCI6, STM32U535VCI6Q, STM32U535VCT6, STM32U535VCT6Q, STM32U535VEI6, STM32U535VEI6Q, STM32U535VET6, STM32U535VET6Q, STM32U545CET6, STM32U545CET6Q, STM32U545CEU6, STM32U545CEU6Q, STM32U545JEY6QTR, STM32U545NEY6QTR, STM32U545REI6, STM32U545REI6Q, STM32U545RET6, STM32U545RET6Q, STM32U545VEI6, STM32U545VEI6Q, STM32U545VET6, STM32U545VET6Q, STM32U595AIH6, STM32U595AIH6Q, STM32U595AJH6, STM32U595AJH6Q, STM32U595QII6, STM32U595QII6Q, STM32U595QJI6, STM32U595QJI6Q, STM32U595RIT6, STM32U595RIT6Q, STM32U595RJT6, STM32U595RJT6Q, STM32U595VIT6, STM32U595VIT6Q, STM32U595VJT6, STM32U595VJT6Q, STM32U595ZIT6, STM32U595ZIT6Q, STM32U595ZIY6QTR, STM32U595ZJT6, STM32U595ZJT6Q, STM32U595ZJY6QTR, STM32U599BJY6QTR, STM32U599NIH6Q, STM32U599NJH6Q, STM32U599VIT6Q, STM32U599VJT6, STM32U599VJT6Q, STM32U599ZIT6Q, STM32U599ZIY6QTR, STM32U599ZJT6Q, STM32U599ZJY6QTR, STM32U5A5AJH6, STM32U5A5AJH6Q, STM32U5A5QII3Q , STM32U5A5QJI6, STM32U5A5QJI6Q, STM32U5A5RJT6, STM32U5A5RJT6Q, STM32U5A5VJT6, STM32U5A5VJT6Q, STM32U5A5ZJT6, STM32U5A5ZJT6Q, STM32U5A5ZJY6QTR, STM32U5A9BJY6QTR, STM32U5A9J-DK, STM32U5A9NJH6Q, STM32U5A9VJT6Q, STM32U5A9ZJT6Q, STM32U5A9ZJY6QTR, STM32U5F7VIT6, STM32U5F7VIT6Q, STM32U5F7VJT6, STM32U5F7VJT6Q, STM32U5F9BJY6QTR, STM32U5F9NJH6Q, STM32U5F9VIT6Q, STM32U5F9VJT6Q, STM32U5F9ZIJ6QTR, STM32U5F9ZIT6Q, STM32U5F9ZJJ6QTR, STM32U5F9ZJT6Q, STM32U5G7VJT6, STM32U5G7VJT6Q, STM32U5G9BJY6QTR, STM32U5G9J-DK1, STM32U5G9J-DK2, STM32U5G9NJH6Q, STM32U5G9VJT6Q, STM32U5G9ZJJ6QTR, STM32U5G9ZJT6Q, STM32WB05KZV6TR, STM32WB05KZV7TR, STM32WB05TZF6TR, STM32WB05TZF7TR, STM32WB06CCF6TR, STM32WB06CCF7TR, STM32WB06CCV6TR, STM32WB06CCV7TR, STM32WB06KCV6TR, STM32WB06KCV7TR, STM32WB07CCF6TR, STM32WB07CCF7TR, STM32WB07CCV6TR, STM32WB07CCV7TR, STM32WB07KCV6TR, STM32WB07KCV7TR, STM32WB09KEV6TR, STM32WB09KEV7TR, STM32WB09TEF6TR, STM32WB09TEF7TR, STM32WB1MMCH6, STM32WBA50KGU6, STM32WBA50KGU6TR, STM32WBA52CEU6, STM32WBA52CEU6TR, STM32WBA52CEU7, STM32WBA52CEU7TR, STM32WBA52CGU6, STM32WBA52CGU6TR, STM32WBA52CGU6U, STM32WBA52CGU7, STM32WBA52CGU7TR, STM32WBA52KEU6, STM32WBA52KEU6TR, STM32WBA52KGU6, STM32WBA52KGU6TR, STM32WBA54CEU6, STM32WBA54CEU6TR, STM32WBA54CEU7, STM32WBA54CEU7TR, STM32WBA54CGU6, STM32WBA54CGU6TR, STM32WBA54CGU7, STM32WBA54CGU7TR, STM32WBA54KEU6, STM32WBA54KEU6TR, STM32WBA54KEU7, STM32WBA54KEU7TR, STM32WBA54KGU6, STM32WBA54KGU6TR, STM32WBA54KGU7, STM32WBA54KGU7TR, STM32WBA55CEU6, STM32WBA55CEU6TR, STM32WBA55CEU7, STM32WBA55CEU7TR, STM32WBA55CGU6, STM32WBA55CGU6TR, STM32WBA55CGU6U, STM32WBA55CGU7, STM32WBA55CGU7TR, STM32WBA55G-DK1, STM32WBA55HEF6, STM32WBA55HEF7, STM32WBA55HGF6, STM32WBA55HGF7, STM32WBA55UEI6, STM32WBA55UEI6TR, STM32WBA55UEI7, STM32WBA55UEI7TR, STM32WBA55UGI6, STM32WBA55UGI6TR, STM32WBA55UGI7, STM32WBA55UGI7TR, STM32WBA5MJGH6TR, STM32WBA62CGU6, STM32WBA62CIU6, STM32WBA62MGF6, STM32WBA62MIF6, STM32WBA62PGI6, STM32WBA62PII6, STM32WBA63CGU6, STM32WBA63CGU7, STM32WBA63CIU6, STM32WBA63CIU7, STM32WBA64CGU6, STM32WBA64CGU7, STM32WBA64CIU6, STM32WBA64CIU7, STM32WBA65CGU6, STM32WBA65CGU7, STM32WBA65CIU6, STM32WBA65CIU7, STM32WBA65I-DK1, STM32WBA65MGF6, STM32WBA65MGF7, STM32WBA65MIF6, STM32WBA65MIF7, STM32WBA65PGI6, STM32WBA65PGI7, STM32WBA65PII6, STM32WBA65PII7, STM32WBA65RGV6, STM32WBA65RGV7, STM32WBA65RIV6, STM32WBA65RIV7, STM32WL30K8V6, STM32WL30KBV6, STM32WL31C8V6, STM32WL31CBV6, STM32WL31K8V6, STM32WL31KBV6, STM32WL33C8V6, STM32WL33C8V6TR, STM32WL33C8V7, STM32WL33C8V7TR, STM32WL33CBV6, STM32WL33CBV6TR, STM32WL33CBV7, STM32WL33CBV7TR, STM32WL33CCV6, STM32WL33CCV6TR, STM32WL33CCV7, STM32WL33CCV7A, STM32WL33CCV7ATR, STM32WL33CCV7TR, STM32WL33K8V6, STM32WL33K8V6TR, STM32WL33K8V7, STM32WL33K8V7TR, STM32WL33KBV6, STM32WL33KBV6TR, STM32WL33KBV7, STM32WL33KBV7TR, STM32WL33KCV6, STM32WL33KCV6TR, STM32WL33KCV7, STM32WL33KCV7TR, STM32WL5MOCH6, STM32WL5MOCH6TR]
2026-05-11 17:22:32,245 [INFO] DbMcus:218 - Found 5082 MCUs, 4964 are supported
2026-05-11 17:22:32,264 [INFO] ApiDb:423 - Load user favorites file C:\Users\hp/.stm32cubeide/favorites.mcus.txt: 0 item(s)
2026-05-11 17:22:32,264 [INFO] ApiDb:427 - User favorites MCUs=[]
2026-05-11 17:22:32,264 [INFO] DbMcus:224 - Set 0 / 0 favorites MCUs
2026-05-11 17:22:34,831 [INFO] ApiDb:448 - Save user favorites file C:\Users\hp/.stm32cubeide/favorites.boards.txt: 0 item(s)
2026-05-11 17:22:34,832 [INFO] ApiDb:452 - User favorites Boards=[]
2026-05-11 17:22:34,892 [INFO] ApiDb:581 - Connected to CubeFinder SQLite database (C:\Users\hp\.stmcufinder\plugins\mcufinder\mcu\cube-finder-db.db)
2026-05-11 17:22:35,001 [INFO] ApiDb:668 - CubeFinder database Data Model version=2.1
2026-05-11 17:22:35,001 [INFO] ApiDb:669 - CubeFinder database Configuration version=3.0.42
2026-05-11 17:22:35,002 [INFO] ApiDb:670 - CubeFinder database generation date=2026-05-06 (1778060171)
2026-05-11 17:22:35,002 [INFO] ApiDb:671 - CubeFinder database FW Pack versions=[FP-ATR-ASTRA1_V2.0.0, FP-SNS-FLIGHT1_V5.1.0, FP-SNS-MOTENV1_V5.1.0, FP-SNS-MOTENVWB1_V1.5.0, FP-SNS-SMARTAG2_V1.2.0, FP-SNS-STBOX1_V2.1.0, STM32Cube_FW_C0_V1.4.0, STM32Cube_FW_F4_V1.28.3, STM32Cube_FW_F7_V1.17.4, STM32Cube_FW_G0_V1.6.3, STM32Cube_FW_G4_V1.6.2, STM32Cube_FW_H5_V1.6.0, STM32Cube_FW_H7RS_V1.3.0, STM32Cube_FW_H7_V1.13.0, STM32Cube_FW_L0_V1.12.2, STM32Cube_FW_L4_V1.18.2, STM32Cube_FW_L5_V1.6.0, STM32Cube_FW_N6_V1.3.0, STM32Cube_FW_U0_V1.3.0, STM32Cube_FW_U3_V1.3.0, STM32Cube_FW_U5_V1.8.0, STM32Cube_FW_WB0_V1.4.0, STM32Cube_FW_WBA_V1.9.0, STM32Cube_FW_WB_V1.24.0, STM32Cube_FW_WL3_V1.4.0, STM32Cube_FW_WL_V1.5.0, X-CUBE-ALGOBUILD_V1.4.0, X-CUBE-ALS_V1.0.2, X-CUBE-AZRTOS-F4_V1.1.0, X-CUBE-AZRTOS-F7_V1.1.0, X-CUBE-AZRTOS-G0_V1.1.0, X-CUBE-AZRTOS-G4_V2.0.0, X-CUBE-AZRTOS-H7RS_V1.1.0, X-CUBE-AZRTOS-H7_V3.5.0, X-CUBE-AZRTOS-L4_V2.0.0, X-CUBE-AZRTOS-L5_V2.0.0, X-CUBE-AZRTOS-WB_V2.0.0, X-CUBE-AZRTOS-WL_V2.0.0, X-CUBE-BLE1_V7.1.0, X-CUBE-BLE2_V3.3.0, X-CUBE-BLEMGR_V4.1.0, X-CUBE-EEPRMA1_V5.2.0, X-CUBE-FREERTOS_V1.5.0, X-CUBE-GNSS1_V6.0.0, X-CUBE-MEMS1_V12.0.0, X-CUBE-NFC4_V3.0.0, X-CUBE-NFC7_V2.0.0, X-CUBE-SFXS2LP1_V4.0.0, X-CUBE-ST67W61_V1.2.0, X-CUBE-SUBG2_V5.0.0, X-CUBE-TOF1_V3.4.3]
2026-05-11 17:22:35,114 [INFO] DbBoardsSqlite:226 - include board P-NUCLEO-WB55-NUCLEO as a kit item of type 'Nucleo-64'
2026-05-11 17:22:35,114 [INFO] DbBoardsSqlite:226 - include board P-NUCLEO-WB55-USBDONGLE as a kit item of type 'Nucleo USB Dongle'
2026-05-11 17:22:35,115 [INFO] DbBoardsSqlite:226 - include board STEVAL-IDP005V1 as a kit item of type 'Evaluation Board'
2026-05-11 17:22:35,115 [INFO] DbBoardsSqlite:226 - include board STEVAL-IDP005V2 as a kit item of type 'Evaluation Board'
2026-05-11 17:22:37,018 [INFO] ApiDb:240 - Found 895 in-development CPN: [B-G473E-ZEST1S, B-WB1M-WPAN1, B-WBA5M-WPAN, B-WL5M-SUBG1, NUCLEO-C031C6, NUCLEO-C051C8, NUCLEO-C071RB, NUCLEO-C092RC, NUCLEO-H503RB, NUCLEO-H533RE, NUCLEO-H563ZI, NUCLEO-H7S3L8, NUCLEO-N657X0-Q, NUCLEO-U031R8, NUCLEO-U083RC, NUCLEO-U385RG-Q, NUCLEO-U545RE-Q, NUCLEO-U5A5ZJ-Q, NUCLEO-WB05KZ, NUCLEO-WB07CC, NUCLEO-WB09KE, NUCLEO-WBA52CG, NUCLEO-WBA55CG, NUCLEO-WBA65RI, NUCLEO-WL33CC1, NUCLEO-WL33CC2, STEVAL-PROTEUS1, STEVAL-SMARTAG2, STEVAL-STWINBX1, STM320518-EVAL, STM32C0116-DK, STM32C011D6Y3TR, STM32C011D6Y6TR, STM32C011F4P3, STM32C011F4P6, STM32C011F4U3, STM32C011F4U6TR, STM32C011F6P3, STM32C011F6P6, STM32C011F6U3, STM32C011F6U6TR, STM32C011J4M3, STM32C011J4M6, STM32C011J6M3, STM32C011J6M6, STM32C0316-DK, STM32C031C4T3, STM32C031C4T6, STM32C031C4U3, STM32C031C4U6, STM32C031C6T3, STM32C031C6T6, STM32C031C6U3, STM32C031C6U6, STM32C031F4P3, STM32C031F4P6, STM32C031F6P3, STM32C031F6P6, STM32C031G4U3, STM32C031G4U6, STM32C031G6U3, STM32C031G6U6, STM32C031K4T3, STM32C031K4T6, STM32C031K4U3, STM32C031K4U6, STM32C031K6T3, STM32C031K6T6, STM32C031K6U3, STM32C031K6U6, STM32C051C6T6, STM32C051C6U6, STM32C051C8T6, STM32C051C8U6, STM32C051D8Y6TR, STM32C051F6P6, STM32C051F8P6, STM32C051G6U6, STM32C051G8U6, STM32C051K6T6, STM32C051K6U6, STM32C051K8T6, STM32C071C8T6, STM32C071C8T6N, STM32C071C8U6, STM32C071C8U6N, STM32C071CBT6, STM32C071CBT6N, STM32C071CBU6, STM32C071CBU6N, STM32C071F8P6, STM32C071F8P6N, STM32C071FBP6, STM32C071FBP6N, STM32C071FBY6TR, STM32C071G8U6, STM32C071G8U6N, STM32C071GBU6, STM32C071GBU6N, STM32C071K8T6, STM32C071K8T6N, STM32C071K8U6, STM32C071K8U6N, STM32C071KBT6, STM32C071KBT6N, STM32C071KBU6, STM32C071KBU6N, STM32C071R8T6, STM32C071R8T6N, STM32C071RBI6N, STM32C071RBT6, STM32C071RBT6N, STM32C091CBT6, STM32C091CBU6, STM32C091CCT6, STM32C091CCU6, STM32C091ECY6TR, STM32C091FBP6, STM32C091FCP6, STM32C091GBU6, STM32C091GCU6, STM32C091KBT6, STM32C091KBU6, STM32C091KCT6, STM32C091KCU6, STM32C091RBT6, STM32C091RCI6, STM32C091RCT6, STM32C092CBT6, STM32C092CBU6, STM32C092CCT6, STM32C092CCU6, STM32C092ECY6TR, STM32C092FBP6, STM32C092FCP6, STM32C092GBU6, STM32C092GCU6, STM32C092KBT6, STM32C092KBU6, STM32C092KCT6, STM32C092KCU6, STM32C092RBT6, STM32C092RCI6, STM32C092RCT6, STM32G071K8TXN, STM32G071K8UXN, STM32G081GBU6N, STM32G081KBT6N, STM32G081KBUXN, STM32G0B1CCT6N, STM32G0B1KCT6, STM32G0B1NEY6TR, STM32G0B1RCT6N, STM32G0C1CCT6, STM32G0C1CCT6N, STM32G0C1CCU6N, STM32G0C1CET6N, STM32G0C1CEU6N, STM32G0C1KCT6, STM32G0C1NEY6TR, STM32G0C1RCI6N, STM32G0C1RCT6N, STM32G0C1REI6N, STM32G0C1RET6N, STM32G0C1VCI6, STM32G0C1VEI6, STM32G411C6T3, STM32G411C6T6, STM32G411C6U3, STM32G411C6U6, STM32G411C8T3, STM32G411C8T6, STM32G411C8U3, STM32G411C8U6, STM32G411CBT3, STM32G411CBT6, STM32G411CBU3, STM32G411CBU6, STM32G411CCT3, STM32G411CCT6, STM32G411CCU3, STM32G411CCU6, STM32G411K6T3, STM32G411K6T6, STM32G411K6U3, STM32G411K6U6, STM32G411K8T3, STM32G411K8T6, STM32G411K8U3, STM32G411K8U6, STM32G411KBT3, STM32G411KBT6, STM32G411KBU3, STM32G411KBU6, STM32G411M6T3, STM32G411M6T6, STM32G411M8T3, STM32G411M8T6, STM32G411MBT3, STM32G411MBT6, STM32G411MCT3, STM32G411MCT6, STM32G411R6T3, STM32G411R6T6, STM32G411R8T3, STM32G411R8T6, STM32G411RBT3, STM32G411RBT6, STM32G411RCT3, STM32G411RCT6, STM32G414CBT3, STM32G414CBT6, STM32G414CBU3, STM32G414CBU6, STM32G414CCT3, STM32G414CCT6, STM32G414CCU3, STM32G414CCU6, STM32G414MBT3, STM32G414MBT6, STM32G414MCT3, STM32G414MCT6, STM32G414RBT3, STM32G414RBT6, STM32G414RCT3, STM32G414RCT6, STM32G414VBT3, STM32G414VBT6, STM32G414VCT3, STM32G414VCT6, STM32G431CBT3Z, STM32G431RBT3Z, STM32G471CCT6, STM32G471CCU6, STM32G471CET3, STM32G471CET6, STM32G471CEU3, STM32G471CEU6, STM32G471MCT6, STM32G471MET3, STM32G471MET6, STM32G471MEY6TR, STM32G471QCT6, STM32G471QET3, STM32G471RCT6, STM32G471RET3, STM32G471RET6, STM32G471VCH6, STM32G471VCI6, STM32G471VCT6, STM32G471VEH3, STM32G471VEH6, STM32G471VEI3, STM32G471VEI6, STM32G471VET3, STM32G471VET6, STM32G473QET3Z, STM32G473RET3Z, STM32G474CCT6, STM32G491RET3Z, STM32H503CBT6, STM32H503CBU6, STM32H503EBY6TR, STM32H503KBU6, STM32H503RBT6, STM32H523CCT6, STM32H523CCU6, STM32H523CET6, STM32H523CEU6, STM32H523HEY6TR, STM32H523RCT6, STM32H523RET6, STM32H523VCI6, STM32H523VCT6, STM32H523VEI6, STM32H523VET6, STM32H523ZCJ6, STM32H523ZCT6, STM32H523ZEJ6, STM32H523ZET6, STM32H533CET6, STM32H533CEU6, STM32H533HEY6TR, STM32H533RET6, STM32H533VEI6, STM32H533VET6, STM32H533ZEJ6, STM32H533ZET6, STM32H562AGI6, STM32H562AII6, STM32H562IGK6, STM32H562IGT6, STM32H562IIK6, STM32H562IIT6, STM32H562RGT6, STM32H562RGV6, STM32H562RIT6, STM32H562RIV6, STM32H562VGT6, STM32H562VIT6, STM32H562ZGT6, STM32H562ZIT6, STM32H563AGI6, STM32H563AII3Q, STM32H563AII6, STM32H563IGK6, STM32H563IGT6, STM32H563IIK3Q, STM32H563IIK6, STM32H563IIT3Q, STM32H563IIT6, STM32H563MIY3QTR, STM32H563RGT6, STM32H563RGV6, STM32H563RIT6, STM32H563RIV6, STM32H563VGT6, STM32H563VIT3Q, STM32H563VIT6, STM32H563ZGT6, STM32H563ZIT3Q, STM32H563ZIT6, STM32H573AII3Q, STM32H573AII6, STM32H573I-DK, STM32H573IIK3Q, STM32H573IIK6, STM32H573IIT3Q, STM32H573IIT6, STM32H573MIY3QTR, STM32H573RIT6, STM32H573RIV6, STM32H573VIT3Q, STM32H573VIT6, STM32H573ZIT3Q, STM32H573ZIT6, STM32H7R3A8I6, STM32H7R3I8K6, STM32H7R3I8T6, STM32H7R3L8H6, STM32H7R3L8H6H, STM32H7R3R8V6, STM32H7R3V8H6, STM32H7R3V8T6, STM32H7R3V8Y6TR, STM32H7R3Z8J6, STM32H7R3Z8T6, STM32H7R7A8I6, STM32H7R7I8K6, STM32H7R7I8T6, STM32H7R7L8H6, STM32H7R7L8H6H, STM32H7R7Z8J6, STM32H7S3A8I6, STM32H7S3I8K6, STM32H7S3I8T6, STM32H7S3L8H6, STM32H7S3L8H6H, STM32H7S3R8V6, STM32H7S3V8H6, STM32H7S3V8T6, STM32H7S3V8Y6TR, STM32H7S3Z8J6, STM32H7S3Z8T6, STM32H7S78-DK, STM32H7S7A8I6, STM32H7S7I8K6, STM32H7S7I8T6, STM32H7S7L8H6, STM32H7S7L8H6H, STM32H7S7Z8J6, STM32L4R5QGI6STR, STM32MP131AAE3, STM32MP131AAF3, STM32MP131AAG3, STM32MP131CAE3, STM32MP131CAF3, STM32MP131CAG3, STM32MP131DAE7, STM32MP131DAF7, STM32MP131DAG7, STM32MP131FAE7, STM32MP131FAF7, STM32MP131FAG7, STM32MP133AAE3, STM32MP133AAF3, STM32MP133AAG3, STM32MP133CAE3, STM32MP133CAF3, STM32MP133CAG3, STM32MP133DAE7, STM32MP133DAF7, STM32MP133DAG7, STM32MP133FAE7, STM32MP133FAF7, STM32MP133FAG7, STM32MP135AAE3, STM32MP135AAF3, STM32MP135AAG3, STM32MP135CAE3, STM32MP135CAF3, STM32MP135CAG3, STM32MP135DAE7, STM32MP135DAF7, STM32MP135DAG7, STM32MP135F-DK, STM32MP135FAE7, STM32MP135FAF7, STM32MP135FAF7T, STM32MP135FAF7U, STM32MP135FAG7, STM32MP231AAJ3, STM32MP231AAK3, STM32MP231AAL3, STM32MP231CAJ3, STM32MP231CAK3, STM32MP231CAL3, STM32MP231DAJ3, STM32MP231DAK3, STM32MP231DAL3, STM32MP231FAJ3, STM32MP231FAK3, STM32MP231FAL3, STM32MP233AAJ3, STM32MP233AAK3, STM32MP233AAL3, STM32MP233CAJ3, STM32MP233CAK3, STM32MP233CAL3, STM32MP233DAJ3, STM32MP233DAK3, STM32MP233DAL3, STM32MP233FAJ3, STM32MP233FAK3, STM32MP233FAL3, STM32MP235AAJ3, STM32MP235AAK3, STM32MP235AAL3, STM32MP235CAJ3, STM32MP235CAK3, STM32MP235CAL3, STM32MP235DAJ3, STM32MP235DAK3, STM32MP235DAL3, STM32MP235FAJ3, STM32MP235FAK3, STM32MP235FAL3, STM32MP251AAI3, STM32MP251AAJ3, STM32MP251AAK3, STM32MP251AAL3, STM32MP251CAI3, STM32MP251CAJ3, STM32MP251CAK3, STM32MP251CAL3, STM32MP251DAI3, STM32MP251DAJ3, STM32MP251DAK3, STM32MP251DAL3, STM32MP251FAI3, STM32MP251FAJ3, STM32MP251FAK3, STM32MP251FAL3, STM32MP253AAI3, STM32MP253AAJ3, STM32MP253AAK3, STM32MP253AAL3, STM32MP253CAI3, STM32MP253CAJ3, STM32MP253CAK3, STM32MP253CAL3, STM32MP253DAI3, STM32MP253DAJ3, STM32MP253DAK3, STM32MP253DAL3, STM32MP253FAI3, STM32MP253FAJ3, STM32MP253FAK3, STM32MP253FAL3, STM32MP255AAI3, STM32MP255AAJ3, STM32MP255AAK3, STM32MP255AAL3, STM32MP255CAI3, STM32MP255CAJ3, STM32MP255CAK3, STM32MP255CAL3, STM32MP255DAI3, STM32MP255DAJ3, STM32MP255DAK3, STM32MP255DAL3, STM32MP255FAI3, STM32MP255FAJ3, STM32MP255FAK3, STM32MP255FAL3, STM32MP257AAI3, STM32MP257AAJ3, STM32MP257AAK3, STM32MP257AAL3, STM32MP257CAI3, STM32MP257CAJ3, STM32MP257CAK3, STM32MP257CAL3, STM32MP257DAI3, STM32MP257DAJ3, STM32MP257DAK3, STM32MP257DAL3, STM32MP257F-DK, STM32MP257F-EV1, STM32MP257FAI3, STM32MP257FAJ3, STM32MP257FAK3, STM32MP257FAL3, STM32N645A0H3Q, STM32N645B0H3Q, STM32N645I0H3Q, STM32N645L0H3Q, STM32N645X0H3Q, STM32N645Z0H3Q, STM32N647A0H3Q, STM32N647B0H3Q, STM32N647I0H3Q, STM32N647L0H3Q, STM32N647X0H3Q, STM32N647Z0H3Q, STM32N655A0H3Q, STM32N655B0H3Q, STM32N655I0H3Q, STM32N655L0H3Q, STM32N655X0H3Q, STM32N655Z0H3Q, STM32N6570-DK, STM32N657A0H3Q, STM32N657B0H3Q, STM32N657I0H3Q, STM32N657L0H3Q, STM32N657X0H3Q, STM32N657Z0H3Q, STM32U031C6T6, STM32U031C6U6, STM32U031C8T6, STM32U031C8U6, STM32U031F4P6, STM32U031F6P6, STM32U031F8P6, STM32U031G6Y6TR, STM32U031G8Y6TR, STM32U031K4U6, STM32U031K6U6, STM32U031K8U6, STM32U031R6I6, STM32U031R6T6, STM32U031R8I6, STM32U031R8T6, STM32U073C8T6, STM32U073C8U6, STM32U073CBT6, STM32U073CBU6, STM32U073CCT6, STM32U073CCU6, STM32U073H8Y6TR, STM32U073HBY6TR, STM32U073HCY6TR, STM32U073K8U6, STM32U073KBU6, STM32U073KCU6, STM32U073M8I6, STM32U073M8T6, STM32U073MBI6, STM32U073MBT6, STM32U073MCI6, STM32U073MCT6, STM32U073R8I6, STM32U073R8T6, STM32U073RBI6, STM32U073RBT6, STM32U073RCI6, STM32U073RCT6, STM32U083C-DK, STM32U083CCT6, STM32U083CCU6, STM32U083HCY6TR, STM32U083KCU6, STM32U083MCI6, STM32U083MCT6, STM32U083RCI6, STM32U083RCT6, STM32U375CET6, STM32U375CET6Q, STM32U375CEU6, STM32U375CEU6Q, STM32U375CEY6QTR, STM32U375CGT6, STM32U375CGT6Q, STM32U375CGU6, STM32U375CGU6Q, STM32U375CGY6QTR, STM32U375KEU6, STM32U375KGU6, STM32U375REI6, STM32U375REI6Q, STM32U375RET6, STM32U375RET6Q, STM32U375REY6GTR, STM32U375REY6QTR, STM32U375RGI6, STM32U375RGI6Q, STM32U375RGT6, STM32U375RGT6Q, STM32U375RGY6GTR, STM32U375RGY6QTR, STM32U375VEI6, STM32U375VEI6Q, STM32U375VET6, STM32U375VET6Q, STM32U375VGI6, STM32U375VGI6Q, STM32U375VGT6, STM32U375VGT6Q, STM32U385CGT6, STM32U385CGT6Q, STM32U385CGU6, STM32U385CGU6Q, STM32U385CGY6QTR, STM32U385KGU6, STM32U385RGI6, STM32U385RGI6Q, STM32U385RGT6, STM32U385RGT6Q, STM32U385RGY6GTR, STM32U385RGY6QTR, STM32U385VGI6, STM32U385VGI6Q, STM32U385VGT6, STM32U385VGT6Q, STM32U535CBT6, STM32U535CBT6Q, STM32U535CBU6, STM32U535CBU6Q, STM32U535CCT6, STM32U535CCT6Q, STM32U535CCU6, STM32U535CCU6Q, STM32U535CET6, STM32U535CET6Q, STM32U535CEU6, STM32U535CEU6Q, STM32U535JEY6QTR, STM32U535NCY6QTR, STM32U535NEY6QTR, STM32U535RBI6, STM32U535RBI6Q, STM32U535RBT6, STM32U535RBT6Q, STM32U535RCI6, STM32U535RCI6Q, STM32U535RCT6, STM32U535RCT6Q, STM32U535REI6, STM32U535REI6Q, STM32U535RET6, STM32U535RET6Q, STM32U535VCI6, STM32U535VCI6Q, STM32U535VCT6, STM32U535VCT6Q, STM32U535VEI6, STM32U535VEI6Q, STM32U535VET6, STM32U535VET6Q, STM32U545CET6, STM32U545CET6Q, STM32U545CEU6, STM32U545CEU6Q, STM32U545JEY6QTR, STM32U545NEY6QTR, STM32U545REI6, STM32U545REI6Q, STM32U545RET6, STM32U545RET6Q, STM32U545VEI6, STM32U545VEI6Q, STM32U545VET6, STM32U545VET6Q, STM32U595AIH6, STM32U595AIH6Q, STM32U595AJH6, STM32U595AJH6Q, STM32U595QII6, STM32U595QII6Q, STM32U595QJI6, STM32U595QJI6Q, STM32U595RIT6, STM32U595RIT6Q, STM32U595RJT6, STM32U595RJT6Q, STM32U595VIT6, STM32U595VIT6Q, STM32U595VJT6, STM32U595VJT6Q, STM32U595ZIT6, STM32U595ZIT6Q, STM32U595ZIY6QTR, STM32U595ZJT6, STM32U595ZJT6Q, STM32U595ZJY6QTR, STM32U599BJY6QTR, STM32U599NIH6Q, STM32U599NJH6Q, STM32U599VIT6Q, STM32U599VJT6, STM32U599VJT6Q, STM32U599ZIT6Q, STM32U599ZIY6QTR, STM32U599ZJT6Q, STM32U599ZJY6QTR, STM32U5A5AJH6, STM32U5A5AJH6Q, STM32U5A5QII3Q , STM32U5A5QJI6, STM32U5A5QJI6Q, STM32U5A5RJT6, STM32U5A5RJT6Q, STM32U5A5VJT6, STM32U5A5VJT6Q, STM32U5A5ZJT6, STM32U5A5ZJT6Q, STM32U5A5ZJY6QTR, STM32U5A9BJY6QTR, STM32U5A9J-DK, STM32U5A9NJH6Q, STM32U5A9VJT6Q, STM32U5A9ZJT6Q, STM32U5A9ZJY6QTR, STM32U5F7VIT6, STM32U5F7VIT6Q, STM32U5F7VJT6, STM32U5F7VJT6Q, STM32U5F9BJY6QTR, STM32U5F9NJH6Q, STM32U5F9VIT6Q, STM32U5F9VJT6Q, STM32U5F9ZIJ6QTR, STM32U5F9ZIT6Q, STM32U5F9ZJJ6QTR, STM32U5F9ZJT6Q, STM32U5G7VJT6, STM32U5G7VJT6Q, STM32U5G9BJY6QTR, STM32U5G9J-DK1, STM32U5G9J-DK2, STM32U5G9NJH6Q, STM32U5G9VJT6Q, STM32U5G9ZJJ6QTR, STM32U5G9ZJT6Q, STM32WB05KZV6TR, STM32WB05KZV7TR, STM32WB05TZF6TR, STM32WB05TZF7TR, STM32WB06CCF6TR, STM32WB06CCF7TR, STM32WB06CCV6TR, STM32WB06CCV7TR, STM32WB06KCV6TR, STM32WB06KCV7TR, STM32WB07CCF6TR, STM32WB07CCF7TR, STM32WB07CCV6TR, STM32WB07CCV7TR, STM32WB07KCV6TR, STM32WB07KCV7TR, STM32WB09KEV6TR, STM32WB09KEV7TR, STM32WB09TEF6TR, STM32WB09TEF7TR, STM32WB1MMCH6, STM32WBA50KGU6, STM32WBA50KGU6TR, STM32WBA52CEU6, STM32WBA52CEU6TR, STM32WBA52CEU7, STM32WBA52CEU7TR, STM32WBA52CGU6, STM32WBA52CGU6TR, STM32WBA52CGU6U, STM32WBA52CGU7, STM32WBA52CGU7TR, STM32WBA52KEU6, STM32WBA52KEU6TR, STM32WBA52KGU6, STM32WBA52KGU6TR, STM32WBA54CEU6, STM32WBA54CEU6TR, STM32WBA54CEU7, STM32WBA54CEU7TR, STM32WBA54CGU6, STM32WBA54CGU6TR, STM32WBA54CGU7, STM32WBA54CGU7TR, STM32WBA54KEU6, STM32WBA54KEU6TR, STM32WBA54KEU7, STM32WBA54KEU7TR, STM32WBA54KGU6, STM32WBA54KGU6TR, STM32WBA54KGU7, STM32WBA54KGU7TR, STM32WBA55CEU6, STM32WBA55CEU6TR, STM32WBA55CEU7, STM32WBA55CEU7TR, STM32WBA55CGU6, STM32WBA55CGU6TR, STM32WBA55CGU6U, STM32WBA55CGU7, STM32WBA55CGU7TR, STM32WBA55G-DK1, STM32WBA55HEF6, STM32WBA55HEF7, STM32WBA55HGF6, STM32WBA55HGF7, STM32WBA55UEI6, STM32WBA55UEI6TR, STM32WBA55UEI7, STM32WBA55UEI7TR, STM32WBA55UGI6, STM32WBA55UGI6TR, STM32WBA55UGI7, STM32WBA55UGI7TR, STM32WBA5MJGH6TR, STM32WBA62CGU6, STM32WBA62CIU6, STM32WBA62MGF6, STM32WBA62MIF6, STM32WBA62PGI6, STM32WBA62PII6, STM32WBA63CGU6, STM32WBA63CGU7, STM32WBA63CIU6, STM32WBA63CIU7, STM32WBA64CGU6, STM32WBA64CGU7, STM32WBA64CIU6, STM32WBA64CIU7, STM32WBA65CGU6, STM32WBA65CGU7, STM32WBA65CIU6, STM32WBA65CIU7, STM32WBA65I-DK1, STM32WBA65MGF6, STM32WBA65MGF7, STM32WBA65MIF6, STM32WBA65MIF7, STM32WBA65PGI6, STM32WBA65PGI7, STM32WBA65PII6, STM32WBA65PII7, STM32WBA65RGV6, STM32WBA65RGV7, STM32WBA65RIV6, STM32WBA65RIV7, STM32WL30K8V6, STM32WL30KBV6, STM32WL31C8V6, STM32WL31CBV6, STM32WL31K8V6, STM32WL31KBV6, STM32WL33C8V6, STM32WL33C8V6TR, STM32WL33C8V7, STM32WL33C8V7TR, STM32WL33CBV6, STM32WL33CBV6TR, STM32WL33CBV7, STM32WL33CBV7TR, STM32WL33CCV6, STM32WL33CCV6TR, STM32WL33CCV7, STM32WL33CCV7A, STM32WL33CCV7ATR, STM32WL33CCV7TR, STM32WL33K8V6, STM32WL33K8V6TR, STM32WL33K8V7, STM32WL33K8V7TR, STM32WL33KBV6, STM32WL33KBV6TR, STM32WL33KBV7, STM32WL33KBV7TR, STM32WL33KCV6, STM32WL33KCV6TR, STM32WL33KCV7, STM32WL33KCV7TR, STM32WL5MOCH6, STM32WL5MOCH6TR]
2026-05-11 17:22:37,343 [INFO] BoardInfo:889 - No configuration file found for board NUCLEO-H5E5ZJ
2026-05-11 17:22:37,346 [INFO] DbBoards:161 - Board is not supported: NUCLEO-H5E5ZJ
2026-05-11 17:22:37,527 [INFO] BoardInfo:889 - No configuration file found for board NUCLEO-U3C5ZI-Q
2026-05-11 17:22:37,529 [INFO] DbBoards:161 - Board is not supported: NUCLEO-U3C5ZI-Q
2026-05-11 17:22:37,569 [INFO] BoardInfo:889 - No configuration file found for board NUCLEO-WBA25CE1
2026-05-11 17:22:37,572 [INFO] DbBoards:161 - Board is not supported: NUCLEO-WBA25CE1
2026-05-11 17:22:37,593 [INFO] BoardInfo:889 - No configuration file found for board NUCLEO-WL3RKB1
2026-05-11 17:22:37,596 [INFO] DbBoards:161 - Board is not supported: NUCLEO-WL3RKB1
2026-05-11 17:22:37,598 [INFO] BoardInfo:889 - No configuration file found for board NUCLEO-WL3RKB2
2026-05-11 17:22:37,601 [INFO] DbBoards:161 - Board is not supported: NUCLEO-WL3RKB2
2026-05-11 17:22:37,618 [INFO] BoardInfo:889 - No configuration file found for board P-NUCLEO-WB55
2026-05-11 17:22:37,622 [INFO] DbBoards:161 - Kit is not supported: P-NUCLEO-WB55
2026-05-11 17:22:37,634 [INFO] BoardInfo:889 - No configuration file found for board STEVAL-BFA001V1B
2026-05-11 17:22:37,637 [INFO] DbBoards:161 - Kit is not supported: STEVAL-BFA001V1B
2026-05-11 17:22:37,640 [INFO] BoardInfo:889 - No configuration file found for board STEVAL-BFA001V2B
2026-05-11 17:22:37,642 [INFO] DbBoards:161 - Kit is not supported: STEVAL-BFA001V2B
2026-05-11 17:22:37,964 [INFO] BoardInfo:889 - No configuration file found for board STM32H5F5J-DK
2026-05-11 17:22:37,967 [INFO] DbBoards:161 - Board is not supported: STM32H5F5J-DK
2026-05-11 17:22:38,146 [INFO] BoardInfo:889 - No configuration file found for board STM32MP215F-DK
2026-05-11 17:22:38,149 [INFO] DbBoards:161 - Board is not supported: STM32MP215F-DK
2026-05-11 17:22:38,192 [INFO] DbBoards:168 - Found 218 boards, 208 are supported
2026-05-11 17:22:38,192 [INFO] DbBoards:169 - Found 218 boards, 43 of them is supported for  Bsp
2026-05-11 17:22:38,209 [INFO] ApiDb:423 - Load user favorites file C:\Users\hp/.stm32cubeide/favorites.boards.txt: 0 item(s)
2026-05-11 17:22:38,209 [INFO] ApiDb:427 - User favorites Boards=[]
2026-05-11 17:22:38,209 [INFO] DbBoards:198 - Set 0 / 0 favorites Boards
2026-05-11 17:22:39,480 [ERROR] TargetSelectorAdapter:267 - Unable to refresh data
2026-05-11 17:22:39,652 [INFO] McuFinderGlobals:76 - Set McuFinderConnectedMode to true
2026-05-11 17:22:39,796 [INFO] MultiScanPanel:200 - Auto-refresh data requested => check proxy status ongoing
2026-05-11 17:22:39,797 [INFO] FinderPluginLoader:95 - Searching for filters in installed packs
2026-05-11 17:22:45,110 [INFO] LoadUrlFilesThread:185 - End of LoadServerUrlFiles without Thread
2026-05-11 17:22:45,111 [INFO] DetailPanel:341 - Set advertising image to C:/Users/hp/STM32Cube/Repository/\en.prom-stm32wba2-stm32-nucleo-board-0426.png
2026-05-11 17:23:52,740 [INFO] MultiScanPanel:200 - Auto-refresh data requested => check proxy status ongoing
2026-05-11 17:23:52,884 [INFO] LoadUrlFilesThread:185 - End of LoadServerUrlFiles without Thread
2026-05-11 17:23:52,884 [INFO] DetailPanel:341 - Set advertising image to C:/Users/hp/STM32Cube/Repository/\en.prom-stm32wba2-stm32-nucleo-board-0426.png
2026-05-11 17:23:52,911 [INFO] DbBoards:642 - Loading board mini-images...
2026-05-11 17:24:02,058 [INFO] DbBoards:665 - Loaded 218 board mini-images
2026-05-11 17:25:51,997 [INFO] MainUpdater:2872 - connection check result : 10
2026-05-11 17:25:51,997 [INFO] MainUpdater:2872 - connection check result : 10
2026-05-11 17:25:53,413 [INFO] MicroXplorer:468 - Change Database Path : 
2026-05-11 17:25:53,413 [INFO] MicroXplorer:498 - Change Database Version : DB.6.0.140
2026-05-11 17:25:54,121 [ERROR] ProjectManagerView:394 - 
java.lang.NullPointerException: Cannot invoke "javax.swing.JTextField.getText()" because the return value of "java.util.List.get(int)" is null
	at com.st.microxplorer.plugins.projectmanager.gui.ProjectChoiceTab$9.caretUpdate(ProjectChoiceTab.java:2678) ~[filemanager.jar:?]
	at javax.swing.text.JTextComponent.fireCaretUpdate(JTextComponent.java:408) ~[?:?]
	at javax.swing.text.JTextComponent$MutableCaretEvent.fire(JTextComponent.java:4484) ~[?:?]
	at javax.swing.text.JTextComponent$MutableCaretEvent.stateChanged(JTextComponent.java:4506) ~[?:?]
	at javax.swing.text.DefaultCaret.fireStateChanged(DefaultCaret.java:857) ~[?:?]
	at javax.swing.text.DefaultCaret.changeCaretPosition(DefaultCaret.java:1343) ~[?:?]
	at javax.swing.text.DefaultCaret.handleSetDot(DefaultCaret.java:1242) ~[?:?]
	at javax.swing.text.DefaultCaret.setDot(DefaultCaret.java:1223) ~[?:?]
	at javax.swing.text.DefaultCaret$Handler.insertUpdate(DefaultCaret.java:1819) ~[?:?]
	at javax.swing.text.AbstractDocument.fireInsertUpdate(AbstractDocument.java:227) ~[?:?]
	at javax.swing.text.AbstractDocument.handleInsertString(AbstractDocument.java:781) ~[?:?]
	at javax.swing.text.AbstractDocument.insertString(AbstractDocument.java:740) ~[?:?]
	at javax.swing.text.PlainDocument.insertString(PlainDocument.java:131) ~[?:?]
	at javax.swing.text.AbstractDocument.replace(AbstractDocument.java:699) ~[?:?]
	at javax.swing.text.JTextComponent.setText(JTextComponent.java:1725) ~[?:?]
	at com.st.microxplorer.plugins.projectmanager.gui.ProjectChoiceTab.createHeapStackFields(ProjectChoiceTab.java:979) ~[filemanager.jar:?]
	at com.st.microxplorer.plugins.projectmanager.gui.ProjectChoiceTab.buildLinkSettingsPanel(ProjectChoiceTab.java:3766) ~[filemanager.jar:?]
	at com.st.microxplorer.plugins.projectmanager.gui.ProjectChoiceTab.defineWindowsFields(ProjectChoiceTab.java:1962) ~[filemanager.jar:?]
	at com.st.microxplorer.plugins.projectmanager.gui.ProjectChoiceTab.updateSettings(ProjectChoiceTab.java:555) ~[filemanager.jar:?]
	at com.st.microxplorer.plugins.projectmanager.gui.ProjectSettingsPanel.UpdateDialog(ProjectSettingsPanel.java:245) ~[filemanager.jar:?]
	at com.st.microxplorer.plugins.projectmanager.ProjectManagerView.propertyChange(ProjectManagerView.java:391) ~[filemanager.jar:?]
	at java.beans.PropertyChangeSupport.fire(PropertyChangeSupport.java:343) ~[?:?]
	at java.beans.PropertyChangeSupport.firePropertyChange(PropertyChangeSupport.java:335) ~[?:?]
	at java.beans.PropertyChangeSupport.firePropertyChange(PropertyChangeSupport.java:268) ~[?:?]
	at com.st.microxplorer.util.MXPropertyChangeSupport.firePropertyChange(MXPropertyChangeSupport.java:54) ~[STM32CubeMX.jar:?]
	at com.st.microxplorer.mxsystem.MxSystem.closeConfig(MxSystem.java:899) ~[STM32CubeMX.jar:?]
	at com.st.microxplorer.maingui.MainPanel.closeConfig(MainPanel.java:789) ~[STM32CubeMX.jar:?]
	at com.st.microxplorer.plugins.filemanager.engine.OpenFileManager.loadConfigurationFile(OpenFileManager.java:287) ~[filemanager.jar:?]
	at com.st.microxplorer.plugins.filemanager.engine.MainFileManager.userLoadConfig(MainFileManager.java:341) ~[filemanager.jar:?]
	at com.st.microxplorer.plugins.filemanager.FileManagerView.getSpecificTask(FileManagerView.java:250) ~[filemanager.jar:?]
	at com.st.stm32cube.common.mx.editor.CubeMxEditor.getMxTabbedPaneInstance(CubeMxEditor.java:1191) ~[com.st.stm32cube.common.mx_6.14.0.202502271554/:?]
	at com.st.stm32cube.common.mx.editor.CubeMxEditor$12$1.createSwingComponent(CubeMxEditor.java:1068) ~[com.st.stm32cube.common.mx_6.14.0.202502271554/:?]
	at com.st.stm32cube.common.mx.oss.core.awtswtbridge.EmbeddedSwingComposite.doComponentCreation(EmbeddedSwingComposite.java:492) ~[com.st.stm32cube.common.mx.oss_6.14.0.202502271554/:?]
	at com.st.stm32cube.common.mx.oss.core.awtswtbridge.EmbeddedSwingComposite$4.run(EmbeddedSwingComposite.java:291) ~[com.st.stm32cube.common.mx.oss_6.14.0.202502271554/:?]
	at com.st.stm32cube.common.mx.oss.core.awtswtbridge.AwtEnvironment$2.run(AwtEnvironment.java:166) ~[com.st.stm32cube.common.mx.oss_6.14.0.202502271554/:?]
	at java.awt.event.InvocationEvent.dispatch(InvocationEvent.java:318) ~[?:?]
	at java.awt.EventQueue.dispatchEventImpl(EventQueue.java:773) ~[?:?]
	at java.awt.EventQueue$4.run(EventQueue.java:720) ~[?:?]
	at java.awt.EventQueue$4.run(EventQueue.java:714) ~[?:?]
	at java.security.AccessController.doPrivileged(AccessController.java:400) ~[?:?]
	at java.security.ProtectionDomain$JavaSecurityAccessImpl.doIntersectionPrivilege(ProtectionDomain.java:87) ~[?:?]
	at java.awt.EventQueue.dispatchEvent(EventQueue.java:742) ~[?:?]
	at java.awt.EventDispatchThread.pumpOneEventForFilters(EventDispatchThread.java:203) ~[?:?]
	at java.awt.EventDispatchThread.pumpEventsForFilter(EventDispatchThread.java:124) ~[?:?]
	at java.awt.EventDispatchThread.pumpEventsForHierarchy(EventDispatchThread.java:113) ~[?:?]
	at java.awt.EventDispatchThread.pumpEvents(EventDispatchThread.java:109) ~[?:?]
	at java.awt.EventDispatchThread.pumpEvents(EventDispatchThread.java:101) ~[?:?]
	at java.awt.EventDispatchThread.run(EventDispatchThread.java:90) ~[?:?]
2026-05-11 17:25:54,159 [WARN] ThirdParty:871 - waiting for thirdparty lock release [close project]
2026-05-11 17:25:54,159 [INFO] ThirdParty:873 - entering critical section [close project]
2026-05-11 17:25:54,172 [INFO] ThirdParty:883 - exiting critical section [close project]
2026-05-11 17:25:54,176 [INFO] PinOutPanel:1589 - setPackage(No Configuration,No Configuration)
2026-05-11 17:25:54,271 [WARN] IpParametersView:155 - Warning: This peripheral hasn't parameters
2026-05-11 17:25:54,333 [WARN] MainPanel:289 - <html><b><center>Warning: This peripheral has no parameters to be configured<br></b></html>
2026-05-11 17:25:54,358 [INFO] UtilMem:75 - Begin LoadConfig() Used Memory: 731497752 Bytes (1073741824)
2026-05-11 17:25:54,360 [INFO] OpenFileManager:354 - Change cursor
2026-05-11 17:25:54,516 [INFO] RulesReader:64 - Compatibility file has been processed (301 Rules)
2026-05-11 17:25:54,743 [INFO] ProjectFactory:442 - No CPN specified for board STM32F407G-DISC1 => set CPN to STM32F407VGT6
2026-05-11 17:25:54,743 [INFO] Mcu:2011 - Initializing MCU STM32F407V(E-G)Tx STM32F407VGTx STM32F407VGT6
2026-05-11 17:26:01,106 [INFO] Context:756 - Trying to add GPIOservice into a context  which must be forbidden
2026-05-11 17:26:04,239 [INFO] Rule:224 - rule 117617 - U5Cobra4M][GTZC] default value MPCBB3 and MPCBB5 - Not Secured memory - MPCBB1 is applicable
2026-05-11 17:26:04,239 [INFO] Rule:224 - rule 117617 - U5Cobra4M][GTZC] default value MPCBB3 and MPCBB5 - Not Secured memory - MPCBB1 is applicable
2026-05-11 17:26:04,239 [INFO] Rule:224 - rule 117617 - U5Cobra4M][GTZC] default value MPCBB3 and MPCBB5 - Not Secured memory - MPCBB2 is applicable
2026-05-11 17:26:04,239 [INFO] Rule:224 - rule 117617 - U5Cobra4M][GTZC] default value MPCBB3 and MPCBB5 - Not Secured memory - MPCBB2 is applicable
2026-05-11 17:26:04,240 [INFO] Rule:224 - rule 117617 - U5Cobra4M][GTZC] default value MPCBB3 and MPCBB5 - Not Secured memory - MPCBB3 is applicable
2026-05-11 17:26:04,240 [INFO] Rule:224 - rule 117617 - U5Cobra4M][GTZC] default value MPCBB3 and MPCBB5 - Not Secured memory - MPCBB3 is applicable
2026-05-11 17:26:04,240 [INFO] Rule:224 - rule 117617 - U5Cobra4M][GTZC] default value MPCBB3 and MPCBB5 - Not Secured memory - MPCBB4 is applicable
2026-05-11 17:26:04,240 [INFO] Rule:224 - rule 117617 - U5Cobra4M][GTZC] default value MPCBB3 and MPCBB5 - Not Secured memory - MPCBB4 is applicable
2026-05-11 17:26:04,240 [INFO] Rule:224 - rule 117617 - U5Cobra4M][GTZC] default value MPCBB3 and MPCBB5 - Secured memory - MPCBB1 is applicable
2026-05-11 17:26:04,240 [INFO] Rule:224 - rule 117617 - U5Cobra4M][GTZC] default value MPCBB3 and MPCBB5 - Secured memory - MPCBB2 is applicable
2026-05-11 17:26:04,240 [INFO] Rule:224 - rule 117617 - U5Cobra4M][GTZC] default value MPCBB3 and MPCBB5 - Secured memory - MPCBB3 is applicable
2026-05-11 17:26:04,240 [INFO] Rule:224 - rule 117617 - U5Cobra4M][GTZC] default value MPCBB3 and MPCBB5 - Secured memory - MPCBB4 is applicable
2026-05-11 17:26:04,240 [INFO] Rule:224 - rule 117617 - U5Cobra4M][GTZC] default value MPCBB3 and MPCBB5 - Privileged memory - MPCBB1 is applicable
2026-05-11 17:26:04,240 [INFO] Rule:224 - rule 117617 - U5Cobra4M][GTZC] default value MPCBB3 and MPCBB5 - Privileged memory - MPCBB2 is applicable
2026-05-11 17:26:04,240 [INFO] Rule:224 - rule 117617 - U5Cobra4M][GTZC] default value MPCBB3 and MPCBB5 - Privileged memory - MPCBB3 is applicable
2026-05-11 17:26:04,240 [INFO] Rule:224 - rule 117617 - U5Cobra4M][GTZC] default value MPCBB3 and MPCBB5 - Privileged memory - MPCBB4 is applicable
2026-05-11 17:26:04,240 [INFO] Rule:224 - rule 117617 - U5Cobra4M][GTZC] default value MPCBB3 and MPCBB5 - Not Privileged memory - MPCBB1 is applicable
2026-05-11 17:26:04,240 [INFO] Rule:224 - rule 117617 - U5Cobra4M][GTZC] default value MPCBB3 and MPCBB5 - Not Privileged memory - MPCBB2 is applicable
2026-05-11 17:26:04,240 [INFO] Rule:224 - rule 117617 - U5Cobra4M][GTZC] default value MPCBB3 and MPCBB5 - Not Privileged memory - MPCBB3 is applicable
2026-05-11 17:26:04,240 [INFO] Rule:224 - rule 117617 - U5Cobra4M][GTZC] default value MPCBB3 and MPCBB5 - Not Privileged memory - MPCBB4 is applicable
2026-05-11 17:26:04,240 [INFO] Rule:224 - rule 117617 - U5Cobra4M][GTZC] default value MPCBB3 and MPCBB5 - Privileged memory - MPCBB1 is applicable
2026-05-11 17:26:04,241 [INFO] Rule:224 - rule 117617 - U5Cobra4M][GTZC] default value MPCBB3 and MPCBB5 - Privileged memory - MPCBB2 is applicable
2026-05-11 17:26:04,241 [INFO] Rule:224 - rule 117617 - U5Cobra4M][GTZC] default value MPCBB3 and MPCBB5 - Privileged memory - MPCBB3 is applicable
2026-05-11 17:26:04,241 [INFO] Rule:224 - rule 117617 - U5Cobra4M][GTZC] default value MPCBB3 and MPCBB5 - Privileged memory - MPCBB4 is applicable
2026-05-11 17:26:04,241 [INFO] Rule:224 - rule 117617 - U5Cobra4M][GTZC] default value MPCBB3 and MPCBB5 - Privileged memory - MPCBB1 is applicable
2026-05-11 17:26:04,241 [INFO] Rule:224 - rule 117617 - U5Cobra4M][GTZC] default value MPCBB3 and MPCBB5 - Privileged memory - MPCBB2 is applicable
2026-05-11 17:26:04,241 [INFO] Rule:224 - rule 117617 - U5Cobra4M][GTZC] default value MPCBB3 and MPCBB5 - Privileged memory - MPCBB3 is applicable
2026-05-11 17:26:04,241 [INFO] Rule:224 - rule 117617 - U5Cobra4M][GTZC] default value MPCBB3 and MPCBB5 - Privileged memory - MPCBB4 is applicable
2026-05-11 17:26:04,241 [INFO] Rule:224 - rule 117617 - U5Cobra4M][GTZC] default value MPCBB3 and MPCBB5 - Not Privileged memory - MPCBB1 is applicable
2026-05-11 17:26:04,241 [INFO] Rule:224 - rule 117617 - U5Cobra4M][GTZC] default value MPCBB3 and MPCBB5 - Not Privileged memory - MPCBB2 is applicable
2026-05-11 17:26:04,241 [INFO] Rule:224 - rule 117617 - U5Cobra4M][GTZC] default value MPCBB3 and MPCBB5 - Not Privileged memory - MPCBB3 is applicable
2026-05-11 17:26:04,241 [INFO] Rule:224 - rule 117617 - U5Cobra4M][GTZC] default value MPCBB3 and MPCBB5 - Not Privileged memory - MPCBB4 is applicable
2026-05-11 17:26:04,241 [INFO] Rule:224 - rule 117617 - U5Cobra4M][GTZC] default value MPCBB3 and MPCBB5 - Privileged memory - MPCBB1 is applicable
2026-05-11 17:26:04,241 [INFO] Rule:224 - rule 117617 - U5Cobra4M][GTZC] default value MPCBB3 and MPCBB5 - Privileged memory - MPCBB2 is applicable
2026-05-11 17:26:04,241 [INFO] Rule:224 - rule 117617 - U5Cobra4M][GTZC] default value MPCBB3 and MPCBB5 - Privileged memory - MPCBB3 is applicable
2026-05-11 17:26:04,241 [INFO] Rule:224 - rule 117617 - U5Cobra4M][GTZC] default value MPCBB3 and MPCBB5 - Privileged memory - MPCBB4 is applicable
2026-05-11 17:26:04,241 [INFO] Rule:224 - rule Rename SubGHz_Phy SUBGHZ_APPLICATION SUBGHZ_PINGPONG to SUBGHZ_ADV_APPLICATION is applicable
2026-05-11 17:26:04,241 [INFO] Rule:224 - rule Rename Enabled to IBEACON is applicable
2026-05-11 17:26:04,241 [INFO] Rule:224 - rule GTZC_S instance for project manager is applicable
2026-05-11 17:26:04,241 [INFO] Rule:224 - rule GTZC_S instance for context M33S is applicable
2026-05-11 17:26:04,242 [INFO] Rule:224 - rule GTZC_S instance value for IP GTZC is applicable
2026-05-11 17:26:04,242 [INFO] Rule:224 - rule GTZC_S instance for mcu.IP is applicable
2026-05-11 17:26:04,242 [INFO] Rule:224 - rule GTZC_S instance for VP is applicable
2026-05-11 17:26:04,242 [INFO] Rule:224 - rule GTZC_S instance for signal is applicable
2026-05-11 17:26:04,242 [INFO] Rule:224 - rule GTZC_S instance for mcu.Pin is applicable
2026-05-11 17:26:04,242 [INFO] Rule:224 - rule GTZC_S instance for VP is applicable
2026-05-11 17:26:04,242 [INFO] Rule:224 - rule GTZC_S instance for signal is applicable
2026-05-11 17:26:04,242 [INFO] Rule:224 - rule GTZC_S instance for mcu is applicable
2026-05-11 17:26:04,242 [INFO] Rule:224 - rule GTZC_S instance for mcu.Pin is applicable
2026-05-11 17:26:04,242 [INFO] Rule:224 - rule GTZC_S instance value for IP GTZC is applicable
2026-05-11 17:26:04,242 [INFO] Rule:224 - rule GTZC_S instance for project manager is applicable
2026-05-11 17:26:04,242 [INFO] Rule:224 - rule GTZC_S instance for context M33S is applicable
2026-05-11 17:26:04,242 [INFO] Rule:224 - rule GTZC_S instance for VP is applicable
2026-05-11 17:26:04,242 [INFO] Rule:224 - rule GTZC_S instance for signal is applicable
2026-05-11 17:26:04,242 [INFO] Rule:224 - rule SPDIFRX instance for mcu is applicable
2026-05-11 17:26:04,242 [INFO] Rule:224 - rule Rename Tracer Mode is applicable
2026-05-11 17:26:04,242 [INFO] Rule:224 - rule SPDIFRX instance value for IP SPDIFRX is applicable
2026-05-11 17:26:04,242 [INFO] Rule:224 - rule SPDIFRX instance for signal is applicable
2026-05-11 17:26:04,242 [INFO] Rule:224 - rule SPDIFRX instance for project manager is applicable
2026-05-11 17:26:04,242 [INFO] Rule:224 - rule SPDIFRX instance for project manager is applicable
2026-05-11 17:26:04,242 [INFO] Rule:224 - rule ADC Scan  fix with FW F7 is applicable
2026-05-11 17:26:04,243 [INFO] Rule:224 - rule ADC Scan  fix with FW F7 is applicable
2026-05-11 17:26:04,243 [INFO] Rule:224 - rule WakeUp0 Mode is applicable
2026-05-11 17:26:04,243 [INFO] Rule:224 - rule WakeUp0 SIGNAL is applicable
2026-05-11 17:26:04,243 [INFO] Rule:224 - rule WakeUp1 Mode is applicable
2026-05-11 17:26:04,243 [INFO] Rule:224 - rule WakeUp1 SIGNAL is applicable
2026-05-11 17:26:04,243 [INFO] Rule:224 - rule WakeUp2 Mode is applicable
2026-05-11 17:26:04,243 [INFO] Rule:224 - rule WakeUp2 SIGNAL is applicable
2026-05-11 17:26:04,243 [INFO] Rule:224 - rule WakeUp4 Mode is applicable
2026-05-11 17:26:04,243 [INFO] Rule:224 - rule WakeUp4 SIGNAL is applicable
2026-05-11 17:26:04,243 [INFO] Rule:224 - rule WakeUp5 Mode is applicable
2026-05-11 17:26:04,243 [INFO] Rule:224 - rule WakeUp5 SIGNAL is applicable
2026-05-11 17:26:04,243 [INFO] Rule:224 - rule Add RTC Activate Clock Source is applicable
2026-05-11 17:26:04,243 [INFO] Rule:224 - rule Add RTC Activate Calendar 1 is applicable
2026-05-11 17:26:04,243 [INFO] Rule:224 - rule Add RTC Activate Calendar 2 is applicable
2026-05-11 17:26:04,243 [INFO] Rule:224 - rule Add RTC Activate Calendar 3 is applicable
2026-05-11 17:26:04,244 [INFO] Rule:224 - rule UART/USART TX Mode is applicable
2026-05-11 17:26:04,244 [INFO] Rule:224 - rule UART/USART RX Mode is applicable
2026-05-11 17:26:04,244 [INFO] Rule:224 - rule UART/USART RX TX Mode is applicable
2026-05-11 17:26:04,244 [INFO] Rule:224 - rule UART/USART PARITY NONE is applicable
2026-05-11 17:26:04,244 [INFO] Rule:224 - rule UART/USART PARITY EVEN is applicable
2026-05-11 17:26:04,244 [INFO] Rule:224 - rule UART/USART PARITY ODD is applicable
2026-05-11 17:26:04,244 [INFO] Rule:224 - rule USART StopBits 1 is applicable
2026-05-11 17:26:04,244 [INFO] Rule:224 - rule USART StopBits 2 is applicable
2026-05-11 17:26:04,244 [INFO] Rule:224 - rule USART StopBits 1.5 is applicable
2026-05-11 17:26:04,244 [INFO] Rule:224 - rule USART StopBits 0.5 is applicable
2026-05-11 17:26:04,244 [INFO] Rule:224 - rule UART/USART WORD LENGTH 7 is applicable
2026-05-11 17:26:04,244 [INFO] Rule:224 - rule UART/USART WORD LENGTH 8 is applicable
2026-05-11 17:26:04,244 [INFO] Rule:224 - rule UART/USART WORD LENGTH 9 is applicable
2026-05-11 17:26:04,244 [INFO] Rule:224 - rule Rename FMC NAND NCE signal is applicable
2026-05-11 17:26:04,244 [INFO] Rule:224 - rule Rename FMC NAND INT signal is applicable
2026-05-11 17:26:04,244 [INFO] Rule:224 - rule Change Default Value for LSE Drive Capability for WB family is applicable
2026-05-11 17:26:04,244 [INFO] Rule:224 - rule Change Default Value for ADC Clock Prescaler G0 family is applicable
2026-05-11 17:26:04,244 [INFO] Rule:224 - rule Change Default Value for ADC ExternalTrigConv L4 family is applicable
2026-05-11 17:26:04,244 [INFO] Rule:224 - rule Change Default Value for ADC ExternalTrigInjecConv L4 family is applicable
2026-05-11 17:26:04,244 [INFO] Rule:224 - rule Change Default Value for ADC ExternalTrigConv F3 family is applicable
2026-05-11 17:26:04,245 [INFO] Rule:224 - rule Change Default Value for ADC ExternalTrigInjecConv F3 family is applicable
2026-05-11 17:26:04,245 [INFO] Rule:224 - rule Change Default Value for ADC ExternalTrigConv Goldfish serie is applicable
2026-05-11 17:26:04,245 [INFO] Rule:224 - rule Change Default Value for ADC ExternalTrigInjecConv Goldfish serie is applicable
2026-05-11 17:26:04,245 [INFO] Rule:224 - rule Change Default Value for ADC ExternalTrigConv L0 family is applicable
2026-05-11 17:26:04,245 [INFO] Rule:224 - rule Change Default Value for ADC ExternalTrigConv F0 family is applicable
2026-05-11 17:26:04,245 [INFO] Rule:224 - rule Change Default Value for ADC ExternalTrigConvn L1 family is applicable
2026-05-11 17:26:04,245 [INFO] Rule:224 - rule Change Default Value for ADC ExternalTrigInjecConv L1 family is applicable
2026-05-11 17:26:04,245 [INFO] Rule:224 - rule Change Default Value for ADC ExternalTrigConv F1 family is applicable
2026-05-11 17:26:04,245 [INFO] Rule:224 - rule Change Default Value for ADC ExternalTrigInjecConv F1 family is applicable
2026-05-11 17:26:04,245 [INFO] Rule:224 - rule Change Default Value for ADC ExternalTrigConv F7 family is applicable
2026-05-11 17:26:04,245 [INFO] Rule:224 - rule Change Default Value for ADC ExternalTrigInjecConv F7 family is applicable
2026-05-11 17:26:04,245 [INFO] Rule:224 - rule Change Default Value for ADC ExternalTrigConv F4 and F2 family is applicable
2026-05-11 17:26:04,245 [INFO] Rule:224 - rule Change Default Value for ADC ExternalTrigInjecConv F4 and F2 family is applicable
2026-05-11 17:26:04,245 [INFO] Rule:224 - rule ADC SamplingTime fix with FW L0  is applicable
2026-05-11 17:26:04,245 [INFO] Rule:224 - rule ADC SamplingTime fix with FW L0  is applicable
2026-05-11 17:26:04,245 [INFO] Rule:224 - rule ADC SamplingTime fix with FW L0 is applicable
2026-05-11 17:26:04,245 [INFO] Rule:224 - rule ADC SamplingTime fix with FW L0 is applicable
2026-05-11 17:26:04,245 [INFO] Rule:224 - rule ADC SamplingTime fix with FW L0  is applicable
2026-05-11 17:26:04,245 [INFO] Rule:224 - rule ADC SamplingTime fix with FW L0 is applicable
2026-05-11 17:26:04,245 [INFO] Rule:224 - rule Rename USB_OE Signal is applicable
2026-05-11 17:26:04,245 [INFO] Rule:224 - rule Rename Activate_OE Mode is applicable
2026-05-11 17:26:04,246 [INFO] Rule:224 - rule Rename DIE462/DIE415 pin PC14/OSC32_IN -> PC14-OSC32_IN (PC14) is applicable
2026-05-11 17:26:04,246 [INFO] Rule:224 - rule Rename DIE462/DIE415 pin PC15/OSC32_OUT -> PC15-OSC32_OUT (PC15) is applicable
2026-05-11 17:26:04,246 [INFO] Rule:224 - rule Rename DIE462/DIE415 pin PH0/OSC_IN -> PH0-OSC_IN (PH0) is applicable
2026-05-11 17:26:04,246 [INFO] Rule:224 - rule Rename DIE462/DIE415 pin PH1/OSC_OUT -> PH1-OSC_OUT (PH1) is applicable
2026-05-11 17:26:04,246 [INFO] Rule:224 - rule Rename DIE462 pin PA13 -> PA13 (JTMS/SWDIO) is applicable
2026-05-11 17:26:04,246 [INFO] Rule:224 - rule Rename DIE415 pin PA13 -> PA13 (JTMS/SWDIO) is applicable
2026-05-11 17:26:04,246 [INFO] Rule:224 - rule Rename DIE462 pin PA14 -> PA14 (JTCK/SWCLK) is applicable
2026-05-11 17:26:04,246 [INFO] Rule:224 - rule Rename DIE415 pin PA14 -> PA14 (JTCK/SWCLK) is applicable
2026-05-11 17:26:04,246 [INFO] Rule:224 - rule Rename DIE462/DIE415 pin PA15 -> PA15 (JTDI) is applicable
2026-05-11 17:26:04,246 [INFO] Rule:224 - rule Rename DIE462 pin PB3 -> PB3 (JTD0/TRACESWO) is applicable
2026-05-11 17:26:04,246 [INFO] Rule:224 - rule Rename DIE415 pin PB3 -> PB3 (JTD0-TRACESWO) is applicable
2026-05-11 17:26:04,246 [INFO] Rule:224 - rule Rename DIE462/DIE415 pin PB4 -> PB4 (NJTRST) is applicable
2026-05-11 17:26:04,246 [INFO] Rule:224 - rule Rename DIE462 pin PH3/BOOT0 -> PH3-BOOT0 (BOOT0) is applicable
2026-05-11 17:26:04,246 [INFO] Rule:224 - rule Rename CRYP DataEncryptionTypesList to Algorithm is applicable
2026-05-11 17:26:04,246 [INFO] Rule:224 - rule Rename AES DataEncryptionTypesList to Algorithm is applicable
2026-05-11 17:26:04,246 [INFO] Rule:224 - rule Rename TDESECB to CRYP_TDES_ECB is applicable
2026-05-11 17:26:04,246 [INFO] Rule:224 - rule Rename TDESCBC to CRYP_TDES_CBC is applicable
2026-05-11 17:26:04,246 [INFO] Rule:224 - rule Rename DESECB to CRYP_DES_ECB is applicable
2026-05-11 17:26:04,246 [INFO] Rule:224 - rule Rename DESCBC to CRYP_DES_CBC is applicable
2026-05-11 17:26:04,246 [INFO] Rule:224 - rule Rename AESECB to CRYP_AES_ECB is applicable
2026-05-11 17:26:04,247 [INFO] Rule:224 - rule Rename AESCBC to CRYP_AES_CBC is applicable
2026-05-11 17:26:04,247 [INFO] Rule:224 - rule Rename AESCTR to CRYP_AES_CTR is applicable
2026-05-11 17:26:04,247 [INFO] Rule:224 - rule Rename AESGCM to CRYP_AES_GCM is applicable
2026-05-11 17:26:04,247 [INFO] Rule:224 - rule Rename AESCCM to CRYP_AES_CCM is applicable
2026-05-11 17:26:04,247 [INFO] Rule:224 - rule Rename CAN TimeSeg1 to BS1 is applicable
2026-05-11 17:26:04,247 [INFO] Rule:224 - rule Rename CAN TimeSeg2 to BS2 is applicable
2026-05-11 17:26:04,247 [INFO] Rule:224 - rule Rename CAN SyncJumpWidth to SJW is applicable
2026-05-11 17:26:04,247 [INFO] Rule:224 - rule TimeTriggeredMode to TTCM is applicable
2026-05-11 17:26:04,247 [INFO] Rule:224 - rule Rename CAN AutoBusOff to ABOM is applicable
2026-05-11 17:26:04,248 [INFO] Rule:224 - rule Rename CAN AutoWakeUp to AWUM is applicable
2026-05-11 17:26:04,248 [INFO] Rule:224 - rule Rename CAN AutoRetransmission to NART is applicable
2026-05-11 17:26:04,248 [INFO] Rule:224 - rule Rename CAN ReceiveFifoLocked to RFLM is applicable
2026-05-11 17:26:04,248 [INFO] Rule:224 - rule Rename CAN TransmitFifoPriority to TXFP is applicable
2026-05-11 17:26:04,248 [INFO] Rule:224 - rule Rename HRTIMER HRTIM_OUTPUTFAULTLEVEL_HIGH in HRTIMER HRTIM_OUTPUTFAULTLEVEL_HIGHZ is applicable
2026-05-11 17:26:04,248 [INFO] Rule:224 - rule Rename TIMER TIM_CLEARINPUTSOURCE_OCREFCLR in  TIMER TIM_CLEARINPUTSOURCE_NONE for F7 family is applicable
2026-05-11 17:26:04,248 [INFO] Rule:224 - rule FDCAN_R1 - Rename FDCAN mode Master into Classic is applicable
2026-05-11 17:26:04,248 [INFO] Rule:224 - rule FDCAN_R2 - Rename FDCAN mode Slave into Classic is applicable
2026-05-11 17:26:04,248 [INFO] Rule:224 - rule FDCAN1_R3 - if PA10.Mode=FullDuplex, add Pin PA12 is applicable
2026-05-11 17:26:04,249 [INFO] Rule:224 - rule FDCAN1_R3 - if PA9.Mode=FullDuplex, add Pin PA11 is applicable
2026-05-11 17:26:04,249 [INFO] Rule:224 - rule FDCAN1_R3 - Alternatepin_1 - if PE1.Mode=FullDuplex, add Pin PB9 is applicable
2026-05-11 17:26:04,249 [INFO] Rule:224 - rule FDCAN1_R3 - Alternatepin_1 - if PE0.Mode=FullDuplex, add Pin PB8 is applicable
2026-05-11 17:26:04,249 [INFO] Rule:224 - rule FDCAN1_R3 - Alternatepin_2 - if PD5.Mode=FullDuplex, add Pin PD1 is applicable
2026-05-11 17:26:04,249 [INFO] Rule:224 - rule FDCAN1_R3 - Alternatepin_2 - if PD4.Mode=FullDuplex, add Pin PD0 is applicable
2026-05-11 17:26:04,250 [INFO] Rule:224 - rule FDCAN1_R4 - Rename Mode FullDuplex into Enable FDCAN_TXFD for pin PA10 is applicable
2026-05-11 17:26:04,250 [INFO] Rule:224 - rule FDCAN1_R4 - Rename Mode FullDuplex into Enable FDCAN_TXFD for pin PA9 is applicable
2026-05-11 17:26:04,250 [INFO] Rule:224 - rule FDCAN1_R4 - Alternatepin_1 - Rename Mode FullDuplex into Enable FDCAN_TXFD for pin PE1 is applicable
2026-05-11 17:26:04,250 [INFO] Rule:224 - rule FDCAN1_R4 - Alternatepin_1 - Rename Mode FullDuplex into Enable FDCAN_TXFD for pin PE0 is applicable
2026-05-11 17:26:04,250 [INFO] Rule:224 - rule FDCAN1_R4 - Alternatepin_2 - Rename Mode FullDuplex into Enable FDCAN_TXFD for pin PD5 is applicable
2026-05-11 17:26:04,250 [INFO] Rule:224 - rule FDCAN1_R4 - Alternatepin_2 - Rename Mode FullDuplex into Enable FDCAN_TXFD for pin PD4 is applicable
2026-05-11 17:26:04,250 [INFO] Rule:224 - rule FDCAN2_R3 - if PD10.Mode=FullDuplex, add Pin PB13 is applicable
2026-05-11 17:26:04,250 [INFO] Rule:224 - rule FDCAN2_R3 - if PD9.Mode=FullDuplex, add Pin PB12 is applicable
2026-05-11 17:26:04,250 [INFO] Rule:224 - rule FDCAN2_R3 - Alternatepin_1 - if PB7.Mode=FullDuplex, add Pin PB6 is applicable
2026-05-11 17:26:04,250 [INFO] Rule:224 - rule FDCAN2_R3 - Alternatepin_1 - if PD9.Mode=FullDuplex, add Pin PB12 is applicable
2026-05-11 17:26:04,250 [INFO] Rule:224 - rule FDCAN2_R4 - Rename Mode FullDuplex into Enable FDCAN_TXFD for pin PD10 is applicable
2026-05-11 17:26:04,250 [INFO] Rule:224 - rule FDCAN2_R4 - Rename Mode FullDuplex into Enable FDCAN_TXFD for pin PD9 is applicable
2026-05-11 17:26:04,250 [INFO] Rule:224 - rule FDCAN2_R4 - Alternatepin_1 - Rename Mode FullDuplex into Enable FDCAN_TXFD for pin PB7 is applicable
2026-05-11 17:26:04,250 [INFO] Rule:224 - rule FDCAN2_R4 - Alternatepin_1 - Rename Mode FullDuplex into Enable FDCAN_TXFD for pin PD6 is applicable
2026-05-11 17:26:04,250 [INFO] Rule:224 - rule USART TxPinLevelInvertParam Mode is applicable
2026-05-11 17:26:04,250 [INFO] Rule:224 - rule USART RxPinLevelInvertParam Mode is applicable
2026-05-11 17:26:04,250 [INFO] Rule:224 - rule USART DataInvertParam Mode is applicable
2026-05-11 17:26:04,250 [INFO] Rule:224 - rule USART SwapParam Mode is applicable
2026-05-11 17:26:04,250 [INFO] Rule:224 - rule USART OverrunDisableParam Mode is applicable
2026-05-11 17:26:04,250 [INFO] Rule:224 - rule USART DMADisableonRxErrorParam Mode is applicable
2026-05-11 17:26:04,250 [INFO] Rule:224 - rule USART MSBFirstParam Mode is applicable
2026-05-11 17:26:04,251 [INFO] Rule:224 - rule Update MwName for USB_DEVICE is applicable
2026-05-11 17:26:04,251 [INFO] Rule:224 - rule Change PWR_Regulator_Voltage_Scale Default Value for RCC  H7 family is applicable
2026-05-11 17:26:04,251 [INFO] Rule:224 - rule UART/USART IPParameter rename Prescaler parameter to ClockPrescaler is applicable
2026-05-11 17:26:04,251 [INFO] Rule:224 - rule UART/USART Prescaler rename Prescaler parameter to ClockPrescaler is applicable
2026-05-11 17:26:04,251 [INFO] Rule:224 - rule TIM1CLockSelection is applicable
2026-05-11 17:26:04,251 [INFO] Rule:224 - rule TIM15CLockSelection is applicable
2026-05-11 17:26:04,251 [INFO] Rule:224 - rule align RCC SDMMC3CLockSelection default value on MP1 is applicable
2026-05-11 17:26:04,251 [INFO] Rule:224 - rule align RCC SDMMC12CLockSelection default value on MP1 is applicable
2026-05-11 17:26:04,251 [INFO] Rule:224 - rule align RCC QSPICLockSelection default value on MP1 is applicable
2026-05-11 17:26:04,251 [INFO] Rule:224 - rule align RCC QSPICLockSelection default value on MP1 is applicable
2026-05-11 17:26:04,251 [INFO] Rule:224 - rule align RCC SPI6CLockSelection default value on MP1 is applicable
2026-05-11 17:26:04,251 [INFO] Rule:224 - rule align RCC LPTIM23CLockSelection default value on MP1 is applicable
2026-05-11 17:26:04,251 [INFO] Rule:224 - rule align RCC LPTIM1CLockSelection default value on MP1 is applicable
2026-05-11 17:26:04,251 [INFO] Rule:224 - rule align RCC USART1CLockSelection default value on MP1 is applicable
2026-05-11 17:26:04,251 [INFO] Rule:224 - rule align RCC USART24CLockSelection default value on MP1 is applicable
2026-05-11 17:26:04,251 [INFO] Rule:224 - rule align RCC USART6CLockSelection default value on MP1 is applicable
2026-05-11 17:26:04,251 [INFO] Rule:224 - rule align RCC UART78CLockSelection default value on MP1 is applicable
2026-05-11 17:26:04,251 [INFO] Rule:224 - rule align RCC USART35CLockSelection default value on MP1 is applicable
2026-05-11 17:26:04,252 [INFO] Rule:224 - rule align RCC SPI45CLockSelection default value on MP1 is applicable
2026-05-11 17:26:04,252 [INFO] Rule:224 - rule align RCC I2C46CLockSelection BCLK value on MP1 is applicable
2026-05-11 17:26:04,252 [INFO] Rule:224 - rule align RCC SPI45CLockSelection default value on MP1 is applicable
2026-05-11 17:26:04,252 [INFO] Rule:224 - rule align RCC I2C12CLockSelection default value on MP1 is applicable
2026-05-11 17:26:04,252 [INFO] Rule:224 - rule align RCC I2C35CLockSelection default value on MP1 is applicable
2026-05-11 17:26:04,252 [INFO] Rule:224 - rule align RCC LPTIM45CLockSelection default value on MP1 is applicable
2026-05-11 17:26:04,252 [INFO] Rule:224 - rule Rename DCMI PIXCK signal is applicable
2026-05-11 17:26:04,252 [INFO] Rule:224 - rule Change Default Value for I2C46CLockSelection MP1 family is applicable
2026-05-11 17:26:04,252 [INFO] Rule:224 - rule Change Default Value for UART for G4, G0 and WB families is applicable
2026-05-11 17:26:04,252 [INFO] Rule:224 - rule Change Default Value for USART for G4, G0 and WB families is applicable
2026-05-11 17:26:04,252 [INFO] Rule:224 - rule Change Default Value for USART for G4 family is applicable
2026-05-11 17:26:04,252 [INFO] Rule:224 - rule Change USART1CLockSelection refparam name for MP1 is applicable
2026-05-11 17:26:04,252 [INFO] Rule:224 - rule Change USART2CLockSelection refparam name for MP1 is applicable
2026-05-11 17:26:04,252 [INFO] Rule:224 - rule Change USART3CLockSelection refparam name for MP1 is applicable
2026-05-11 17:26:04,252 [INFO] Rule:224 - rule Change UART4CLockSelection refparam name for MP1 is applicable
2026-05-11 17:26:04,252 [INFO] Rule:224 - rule Change UART5CLockSelection refparam name for MP1 is applicable
2026-05-11 17:26:04,252 [INFO] Rule:224 - rule Change LPUART1CLockSelection refparam name for MP1 is applicable
2026-05-11 17:26:04,252 [INFO] Rule:224 - rule Change LPTIM1CLockSelection refparam name for MP1 is applicable
2026-05-11 17:26:04,252 [INFO] Rule:224 - rule Change LPTIM2CLockSelection refparam name for MP1 is applicable
2026-05-11 17:26:04,252 [INFO] Rule:224 - rule Change RCC_MCO1Source refparam name for MP1 is applicable
2026-05-11 17:26:04,252 [INFO] Rule:224 - rule Change LSCOSource1 refparam name for MP1 is applicable
2026-05-11 17:26:04,252 [INFO] Rule:224 - rule Change SMPSCLockSelection refparam name for MP1 is applicable
2026-05-11 17:26:04,253 [INFO] Rule:224 - rule Change LPTIM3CLockSelection refparam name for MP1 is applicable
2026-05-11 17:26:04,253 [INFO] Rule:224 - rule Change MPCBB* Default Template Mode to Parameters is applicable
2026-05-11 17:26:04,253 [INFO] Rule:224 - rule Change MPCWM* or MPCBB* Secure Mode to Parameters is applicable
2026-05-11 17:26:04,253 [INFO] Rule:224 - rule Change MPCWM* or MPCBB* No Secure Mode to Parameters is applicable
2026-05-11 17:26:04,253 [INFO] Rule:224 - rule Change TZSC IP Secure Mode to Parameters is applicable
2026-05-11 17:26:04,253 [INFO] Rule:224 - rule Change TZSC IP No Secure Mode to Parameters is applicable
2026-05-11 17:26:04,253 [INFO] Rule:224 - rule Change TZSC IP Privilege Mode to Parameters is applicable
2026-05-11 17:26:04,253 [INFO] Rule:224 - rule Change TZSC IP No Privilege Mode to Parameters is applicable
2026-05-11 17:26:04,253 [INFO] Rule:224 - rule Change TZIC IT Secure Mode to Parameters is applicable
2026-05-11 17:26:04,253 [INFO] Rule:224 - rule Change TZIC IT No Secure Mode to Parameters is applicable
2026-05-11 17:26:04,253 [INFO] Rule:224 - rule Add MPCBB1_NonSecureArea_Start_Address value with referenced to MPCBB1_NonSecureArea_Start value is applicable
2026-05-11 17:26:04,253 [INFO] Rule:224 - rule Add MPCBB2_NonSecureArea_Start_Address value with referenced to MPCBB2_NonSecureArea_Start value is applicable
2026-05-11 17:26:04,253 [INFO] Rule:224 - rule Add MPCWM1_NonSecureArea*_Start_Address value with referenced to MPCWM1_NonSecureArea*_Start value is applicable
2026-05-11 17:26:04,253 [INFO] Rule:224 - rule Add MPCWM2_NonSecureArea*_Start_Address value with referenced to MPCWM2_NonSecureArea*_Start value is applicable
2026-05-11 17:26:04,253 [INFO] Rule:224 - rule Add MPCWM3_NonSecureArea_Start_Address value with referenced to MPCWM3_NonSecureArea_Start value is applicable
2026-05-11 17:26:04,253 [INFO] Rule:224 - rule Change Default Value for PLL1UserDefinedConfig is applicable
2026-05-11 17:26:04,253 [INFO] Rule:224 - rule Change GPIO_PuPd Default Value for USART in async mode is applicable
2026-05-11 17:26:04,253 [INFO] Rule:224 - rule Change SMPSDivider Default Value is applicable
2026-05-11 17:26:04,253 [INFO] Rule:224 - rule OPAMP is applicable
2026-05-11 17:26:04,253 [INFO] Rule:224 - rule LPUART IPParameter rename Prescaler parameter to ClockPrescaler for STM32H7 is applicable
2026-05-11 17:26:04,253 [INFO] Rule:224 - rule LPUART IPParameter rename Prescaler parameter to ClockPrescaler for STM32H7 is applicable
2026-05-11 17:26:04,253 [INFO] Rule:224 - rule LPUART IPParameter rename Prescaler parameter to ClockPrescaler for STM32WB is applicable
2026-05-11 17:26:04,254 [INFO] Rule:224 - rule LPUART IPParameter rename Prescaler parameter to ClockPrescaler for STM32WB is applicable
2026-05-11 17:26:04,254 [INFO] Rule:224 - rule LPUART IPParameter rename Prescaler parameter to ClockPrescaler for STM32G4 is applicable
2026-05-11 17:26:04,254 [INFO] Rule:224 - rule LPUART IPParameter rename Prescaler parameter to ClockPrescaler for STM32G4 is applicable
2026-05-11 17:26:04,254 [INFO] Rule:224 - rule LPUART IPParameter rename Prescaler parameter to ClockPrescaler for STM32L5 is applicable
2026-05-11 17:26:04,254 [INFO] Rule:224 - rule LPUART IPParameter rename Prescaler parameter to ClockPrescaler for STM32L5 is applicable
2026-05-11 17:26:04,254 [INFO] Rule:224 - rule LPUART IPParameter rename Prescaler parameter to ClockPrescaler for STM32G4 is applicable
2026-05-11 17:26:04,254 [INFO] Rule:224 - rule LPUART IPParameter rename Prescaler parameter to ClockPrescaler for STM32G4 is applicable
2026-05-11 17:26:04,254 [INFO] Rule:224 - rule USB device lib V2.5.3 for L0 rename USBD_SUPPORT_USER_STRING parameter to USBD_SUPPORT_USER_STRING_DESC4 is applicable
2026-05-11 17:26:04,254 [INFO] Rule:224 - rule I2SCLockSelection clock entry align is applicable
2026-05-11 17:26:04,254 [INFO] Rule:224 - rule Assign TIMx context if used as SYS timebase is applicable
2026-05-11 17:26:04,254 [INFO] Rule:224 - rule Change GPIO_Pu Default Value for I2C is applicable
2026-05-11 17:26:04,254 [INFO] Rule:224 - rule Change GPIO_Pu Default Value for SMBus is applicable
2026-05-11 17:26:04,254 [INFO] Rule:224 - rule change FDCAN default value is applicable
2026-05-11 17:26:04,254 [INFO] Rule:224 - rule Change mode sai is applicable
2026-05-11 17:26:04,254 [INFO] Rule:224 - rule **Change sai mode is applicable
2026-05-11 17:26:04,254 [INFO] Rule:224 - rule Rename STM32WPAN CFG_BLE_IRK to CFG_BLE_IR is applicable
2026-05-11 17:26:04,254 [INFO] Rule:224 - rule Rename STM32WPAN CFG_BLE_ERK to CFG_BLE_ER is applicable
2026-05-11 17:26:04,254 [INFO] Rule:224 - rule Rename STM32WPAN CFG_BLE_IRK_HEX to CFG_BLE_IR_HEX is applicable
2026-05-11 17:26:04,254 [INFO] Rule:224 - rule Rename STM32WPAN CFG_BLE_ERK_HEX to CFG_BLE_ER_HEX is applicable
2026-05-11 17:26:04,254 [INFO] Rule:224 - rule Adapt Old IOC before rework replace old CORTEX_M33/CORTEX_M55 attributes by the new one. is applicable
2026-05-11 17:26:04,254 [INFO] Rule:224 - rule Rename parametre of RCC RCC_APBDBG_DIV2 to RCC_TIMPRES_DIV2 is applicable
2026-05-11 17:26:04,254 [INFO] Rule:224 - rule Rename DIE493 pin PA10 [PA12] -> PA10 is applicable
2026-05-11 17:26:04,255 [INFO] Rule:224 - rule Rename DIE493 pin PA9 [PA11] -> PA9 is applicable
2026-05-11 17:26:04,312 [INFO] DbConfProperties:307 - Apply Compatibility (50/266 Rules)
2026-05-11 17:26:04,364 [INFO] ImportTextPane:218 - (OptionalMessage_ERROR) Unable to find key (Mcu.ThirdPartyNb) in loaded IOC file
2026-05-11 17:26:04,392 [INFO] ImportTextPane:218 - (OptionalMessage_ERROR) Pin35 (VP_RIF_VS_RIF1) cannot be retrieved for this MCU
2026-05-11 17:26:04,922 [INFO] RtosManager:558 - Registered RTOS mode: class=CMSIS, group=RTOS, mode=CMSIS_V1, owner=FREERTOS
2026-05-11 17:26:04,923 [INFO] RtosManager:558 - Registered RTOS mode: class=CMSIS, group=RTOS2, mode=CMSIS_V2, owner=FREERTOS
2026-05-11 17:26:04,923 [INFO] RtosManager:558 - Registered RTOS mode: class=RTOS, group=Core, mode=CMSIS_V1, owner=FREERTOS
2026-05-11 17:26:04,923 [INFO] RtosManager:558 - Registered RTOS mode: class=RTOS, group=Core, mode=CMSIS_V2, owner=FREERTOS
2026-05-11 17:26:04,923 [WARN] ModelIntegratedComponent:184 - Missing modes for component STMicroelectronics:FreeRTOS:0.0.1:STMicroelectronics:RTOS:FreeRTOS:Core:::10.2.0:
2026-05-11 17:26:04,962 [WARN] ModelIntegratedComponent:63 - No mode defined for component null
2026-05-11 17:26:04,962 [WARN] ModelIntegratedComponent:63 - No mode defined for component null
2026-05-11 17:26:04,962 [WARN] ModelIntegratedComponent:63 - No mode defined for component null
2026-05-11 17:26:04,962 [WARN] ModelIntegratedComponent:63 - No mode defined for component null
2026-05-11 17:26:04,962 [WARN] ModelIntegratedComponent:63 - No mode defined for component null
2026-05-11 17:26:04,962 [WARN] ModelIntegratedComponent:63 - No mode defined for component null
2026-05-11 17:26:04,962 [WARN] ModelIntegratedComponent:63 - No mode defined for component null
2026-05-11 17:26:04,962 [WARN] ModelIntegratedComponent:63 - No mode defined for component null
2026-05-11 17:26:04,962 [WARN] ModelIntegratedComponent:63 - No mode defined for component null
2026-05-11 17:26:04,962 [WARN] ModelIntegratedComponent:63 - No mode defined for component null
2026-05-11 17:26:04,962 [WARN] ModelIntegratedComponent:63 - No mode defined for component null
2026-05-11 17:26:04,962 [WARN] ModelIntegratedComponent:63 - No mode defined for component null
2026-05-11 17:26:04,962 [WARN] ModelIntegratedComponent:63 - No mode defined for component null
2026-05-11 17:26:04,963 [WARN] ModelIntegratedComponent:63 - No mode defined for component null
2026-05-11 17:26:04,963 [WARN] ModelIntegratedComponent:63 - No mode defined for component null
2026-05-11 17:26:04,963 [WARN] ModelIntegratedComponent:63 - No mode defined for component null
2026-05-11 17:26:04,963 [WARN] ModelIntegratedComponent:63 - No mode defined for component null
2026-05-11 17:26:04,963 [WARN] ModelIntegratedComponent:63 - No mode defined for component null
2026-05-11 17:26:04,963 [WARN] ModelIntegratedComponent:63 - No mode defined for component null
2026-05-11 17:26:04,964 [WARN] ModelIntegratedComponent:63 - No mode defined for component null
2026-05-11 17:26:04,964 [WARN] ModelIntegratedComponent:63 - No mode defined for component null
2026-05-11 17:26:04,964 [WARN] ModelIntegratedComponent:63 - No mode defined for component null
2026-05-11 17:26:04,964 [WARN] ModelIntegratedComponent:63 - No mode defined for component null
2026-05-11 17:26:04,964 [WARN] ModelIntegratedComponent:63 - No mode defined for component null
2026-05-11 17:26:04,964 [WARN] ModelIntegratedComponent:63 - No mode defined for component null
2026-05-11 17:26:04,964 [WARN] ModelIntegratedComponent:63 - No mode defined for component null
2026-05-11 17:26:04,964 [WARN] ModelIntegratedComponent:63 - No mode defined for component null
2026-05-11 17:26:04,964 [WARN] ModelIntegratedComponent:63 - No mode defined for component null
2026-05-11 17:26:04,965 [WARN] ModelIntegratedComponent:63 - No mode defined for component null
2026-05-11 17:26:04,965 [WARN] ModelIntegratedComponent:63 - No mode defined for component null
2026-05-11 17:26:04,965 [WARN] ModelIntegratedComponent:63 - No mode defined for component null
2026-05-11 17:26:04,965 [WARN] ModelIntegratedComponent:63 - No mode defined for component null
2026-05-11 17:26:04,965 [WARN] ModelIntegratedComponent:63 - No mode defined for component null
2026-05-11 17:26:04,965 [WARN] ModelIntegratedComponent:63 - No mode defined for component null
2026-05-11 17:26:04,965 [WARN] ModelIntegratedComponent:63 - No mode defined for component null
2026-05-11 17:26:04,998 [WARN] ModelPack:524 - Component already loaded: STMicroelectronics:HAL Drivers:0.0.0:STMicroelectronics:Device:STMicro_Driver:XSPI:HAL::0.0.1:HAL_XSPI
2026-05-11 17:26:05,159 [INFO] ThirdPartyModel:298 - Start build external matchings
2026-05-11 17:26:06,954 [INFO] ThirdPartyModel:316 - End build external matchings
2026-05-11 17:26:07,067 [INFO] ImportTextPane:218 - (OptionalMessage_ERROR) IP (RCC) : Parameter (RTCHSEDivFreq_Value) has invalid value (4000000)
2026-05-11 17:26:07,942 [INFO] UtilMem:75 - End LoadConfig() Used Memory: 729717552 Bytes (1073741824)
2026-05-11 17:26:08,265 [WARN] ThirdParty:833 - waiting for thirdparty lock release [change project]
2026-05-11 17:26:08,265 [INFO] ThirdParty:835 - entering critical section [change project]
2026-05-11 17:26:08,265 [INFO] ThirdParty:1030 - CMSIS Pack Vendor :STMicroelectronics X-CUBE-AZRTOS-H7 3.5.0
2026-05-11 17:26:08,265 [INFO] ThirdParty:1030 - CMSIS Pack Vendor :STMicroelectronics X-CUBE-PM33A1 1.0.0
2026-05-11 17:26:08,265 [INFO] ThirdParty:1030 - CMSIS Pack Vendor :STMicroelectronics USBPD 4.1
2026-05-11 17:26:08,266 [INFO] ThirdParty:1030 - CMSIS Pack Vendor :STMicroelectronics X-CUBE-NFC9 1.0.0
2026-05-11 17:26:08,266 [INFO] ThirdParty:1030 - CMSIS Pack Vendor :STMicroelectronics USB_HOST 2.0.0
2026-05-11 17:26:08,266 [INFO] ThirdParty:1030 - CMSIS Pack Vendor :STMicroelectronics X-CUBE-AZRTOS-F4 1.1.0
2026-05-11 17:26:08,266 [INFO] ThirdParty:1030 - CMSIS Pack Vendor :STMicroelectronics LIBJPEG 8.0.0
2026-05-11 17:26:08,266 [INFO] ThirdParty:1030 - CMSIS Pack Vendor :STMicroelectronics FP-ATR-ASTRA1 2.0.2
2026-05-11 17:26:08,266 [INFO] ThirdParty:1030 - CMSIS Pack Vendor :STMicroelectronics X-CUBE-BLE1 7.1.0
2026-05-11 17:26:08,266 [INFO] ThirdParty:1030 - CMSIS Pack Vendor :STMicroelectronics X-CUBE-SMBUS 2.1.0
2026-05-11 17:26:08,266 [INFO] ThirdParty:1030 - CMSIS Pack Vendor :wolfSSL I-CUBE-wolfMQTT 1.19.2
2026-05-11 17:26:08,266 [INFO] ThirdParty:1030 - CMSIS Pack Vendor :STMicroelectronics USB_DEVICE 3.0.0
2026-05-11 17:26:08,266 [INFO] ThirdParty:1030 - CMSIS Pack Vendor :STMicroelectronics X-CUBE-ISPU 2.1.0
2026-05-11 17:26:08,266 [INFO] ThirdParty:1030 - CMSIS Pack Vendor :STMicroelectronics X-CUBE-EEPRMA1 5.2.0
2026-05-11 17:26:08,266 [INFO] ThirdParty:1030 - CMSIS Pack Vendor :STMicroelectronics X-CUBE-BLEMGR 4.1.0
2026-05-11 17:26:08,266 [INFO] ThirdParty:1030 - CMSIS Pack Vendor :STMicroelectronics eDS-WB_DPC_TT-BIDIR 2.1.1
2026-05-11 17:26:08,266 [INFO] ThirdParty:1030 - CMSIS Pack Vendor :STMicroelectronics X-CUBE-AZRTOS-WB 2.0.0
2026-05-11 17:26:08,266 [INFO] ThirdParty:1030 - CMSIS Pack Vendor :wolfSSL I-CUBE-wolfSSL 5.8.4
2026-05-11 17:26:08,266 [INFO] ThirdParty:1030 - CMSIS Pack Vendor :STMicroelectronics X-CUBE-NFC12 1.0.0
2026-05-11 17:26:08,266 [INFO] ThirdParty:1030 - CMSIS Pack Vendor :STMicroelectronics X-CUBE-AZRTOS-F7 1.1.0
2026-05-11 17:26:08,266 [INFO] ThirdParty:1030 - CMSIS Pack Vendor :STMicroelectronics X-CUBE-AZRTOS-L5 2.0.0
2026-05-11 17:26:08,267 [INFO] ThirdParty:1030 - CMSIS Pack Vendor :STMicroelectronics USB_DEVICE 2.0.0
2026-05-11 17:26:08,267 [INFO] ThirdParty:1030 - CMSIS Pack Vendor :quantropi X-CUBE-qispace-sdk-base 2.1.0
2026-05-11 17:26:08,267 [INFO] ThirdParty:1030 - CMSIS Pack Vendor :STMicroelectronics X-CUBE-MEMS1 12.0.0
2026-05-11 17:26:08,267 [INFO] ThirdParty:1030 - CMSIS Pack Vendor :STMicroelectronics X-CUBE-STSE01 2.0.0
2026-05-11 17:26:08,267 [INFO] ThirdParty:1030 - CMSIS Pack Vendor :STMicroelectronics FreeRTOS 0.0.1
2026-05-11 17:26:08,267 [INFO] ThirdParty:1030 - CMSIS Pack Vendor :STMicroelectronics X-CUBE-AZRTOS-G0 1.1.0
2026-05-11 17:26:08,267 [INFO] ThirdParty:1030 - CMSIS Pack Vendor :STMicroelectronics X-CUBE-NFC4 3.0.0
2026-05-11 17:26:08,267 [INFO] ThirdParty:1030 - CMSIS Pack Vendor :STMicroelectronics X-CUBE-SUBG2 5.0.0
2026-05-11 17:26:08,267 [INFO] ThirdParty:1030 - CMSIS Pack Vendor :STMicroelectronics STM32_WPAN 1.0.0
2026-05-11 17:26:08,267 [INFO] ThirdParty:1030 - CMSIS Pack Vendor :STMicroelectronics eDS-WB_DPC_VIENNA 1.2.0
2026-05-11 17:26:08,267 [INFO] ThirdParty:1030 - CMSIS Pack Vendor :EmbeddedOffice I-CUBE-FS-RTOS 1.0.1
2026-05-11 17:26:08,267 [INFO] ThirdParty:1030 - CMSIS Pack Vendor :STMicroelectronics lwIP 2.0.3
2026-05-11 17:26:08,267 [INFO] ThirdParty:1030 - CMSIS Pack Vendor :STMicroelectronics eDS-WB_DPC_3PH2L-BIDIR 1.1.1
2026-05-11 17:26:08,267 [INFO] ThirdParty:1030 - CMSIS Pack Vendor :STMicroelectronics USB_HOST 1.0.0
2026-05-11 17:26:08,267 [INFO] ThirdParty:1030 - CMSIS Pack Vendor :STMicroelectronics X-CUBE-AZRTOS-G4 2.0.0
2026-05-11 17:26:08,267 [INFO] ThirdParty:1030 - CMSIS Pack Vendor :STMicroelectronics PDM2PCM 3.1.0
2026-05-11 17:26:08,267 [INFO] ThirdParty:1030 - CMSIS Pack Vendor :STMicroelectronics PDM2PCM 3.3.0
2026-05-11 17:26:08,268 [INFO] ThirdParty:1030 - CMSIS Pack Vendor :wolfSSL I-CUBE-wolfTPM 3.8.0
2026-05-11 17:26:08,268 [INFO] ThirdParty:1030 - CMSIS Pack Vendor :STMicroelectronics X-CUBE-DISPLAY 3.0.0
2026-05-11 17:26:08,268 [INFO] ThirdParty:1030 - CMSIS Pack Vendor :wolfSSL I-CUBE-wolfSSH 1.4.20
2026-05-11 17:26:08,268 [INFO] ThirdParty:1030 - CMSIS Pack Vendor :STMicroelectronics X-CUBE-NFC7 2.0.0
2026-05-11 17:26:08,268 [INFO] ThirdParty:1030 - CMSIS Pack Vendor :STMicroelectronics X-CUBE-GNSS1 7.1.1
2026-05-11 17:26:08,268 [INFO] ThirdParty:1030 - CMSIS Pack Vendor :STMicroelectronics X-CUBE-TCPP 4.2.0
2026-05-11 17:26:08,268 [INFO] ThirdParty:1030 - CMSIS Pack Vendor :RealThread X-CUBE-RT-Thread_Nano 4.1.1
2026-05-11 17:26:08,268 [INFO] ThirdParty:1030 - CMSIS Pack Vendor :STMicroelectronics FP-ATR-SIGFOX1 3.2.0
2026-05-11 17:26:08,268 [INFO] ThirdParty:1030 - CMSIS Pack Vendor :STMicroelectronics X-CUBE-NFC10 1.0.0
2026-05-11 17:26:08,268 [INFO] ThirdParty:1030 - CMSIS Pack Vendor :STMicroelectronics HAL Drivers 0.0.0
2026-05-11 17:26:08,268 [INFO] ThirdParty:1030 - CMSIS Pack Vendor :STMicroelectronics MBEDTLS 2.16.2
2026-05-11 17:26:08,268 [INFO] ThirdParty:1030 - CMSIS Pack Vendor :STMicroelectronics X-CUBE-ST60 1.1.0
2026-05-11 17:26:08,268 [INFO] ThirdParty:1030 - CMSIS Pack Vendor :STMicroelectronics X-CUBE-ALS 1.0.2
2026-05-11 17:26:08,268 [INFO] ThirdParty:1030 - CMSIS Pack Vendor :emotas I-CUBE-CANOPEN 1.3.0
2026-05-11 17:26:08,268 [INFO] ThirdParty:1030 - CMSIS Pack Vendor :STMicroelectronics MBEDTLS 2.14.1
2026-05-11 17:26:08,268 [INFO] ThirdParty:1030 - CMSIS Pack Vendor :STMicroelectronics X-CUBE-GNSS1 7.1.0
2026-05-11 17:26:08,268 [INFO] ThirdParty:1030 - CMSIS Pack Vendor :ITTIA_DB I-CUBE-ITTIADB 8.9.0
2026-05-11 17:26:08,268 [INFO] ThirdParty:1030 - CMSIS Pack Vendor :Cesanta I-CUBE-Mongoose 7.21.0
2026-05-11 17:26:08,268 [INFO] ThirdParty:1030 - CMSIS Pack Vendor :STMicroelectronics X-CUBE-TOUCHGFX 4.26.1
2026-05-11 17:26:08,268 [INFO] ThirdParty:1030 - CMSIS Pack Vendor :STMicroelectronics X-CUBE-NFC6 3.2.0
2026-05-11 17:26:08,268 [INFO] ThirdParty:1030 - CMSIS Pack Vendor :STMicroelectronics X-CUBE-AI 10.2.0
2026-05-11 17:26:08,268 [INFO] ThirdParty:1030 - CMSIS Pack Vendor :STMicroelectronics FP-SNS-STAIOTCFT 1.0.0
2026-05-11 17:26:08,268 [INFO] ThirdParty:1030 - CMSIS Pack Vendor :STMicroelectronics ThreadX 1.0.0
2026-05-11 17:26:08,268 [INFO] ThirdParty:1030 - CMSIS Pack Vendor :STMicroelectronics FP-SNS-SMARTAG2 1.2.0
2026-05-11 17:26:08,268 [INFO] ThirdParty:1030 - CMSIS Pack Vendor :STMicroelectronics X-CUBE-MEMS1 12.1.0
2026-05-11 17:26:08,268 [INFO] ThirdParty:1030 - CMSIS Pack Vendor :STMicroelectronics FP-SNS-FLIGHT1 5.1.0
2026-05-11 17:26:08,268 [INFO] ThirdParty:1030 - CMSIS Pack Vendor :STMicroelectronics X-CUBE-AZRTOS-WL 2.0.0
2026-05-11 17:26:08,268 [INFO] ThirdParty:1030 - CMSIS Pack Vendor :SEGGER I-CUBE-embOS 1.3.1
2026-05-11 17:26:08,268 [INFO] ThirdParty:1030 - CMSIS Pack Vendor :STMicroelectronics X-CUBE-ALGOBUILD 1.4.0
2026-05-11 17:26:08,268 [INFO] ThirdParty:1030 - CMSIS Pack Vendor :STMicroelectronics X-CUBE-DPower 1.3.0
2026-05-11 17:26:08,268 [INFO] ThirdParty:1030 - CMSIS Pack Vendor :STMicroelectronics USB_DEVICE 1.0.0
2026-05-11 17:26:08,268 [INFO] ThirdParty:1030 - CMSIS Pack Vendor :STMicroelectronics X-CUBE-AZRTOS-H7RS 1.2.0
2026-05-11 17:26:08,269 [INFO] ThirdParty:1030 - CMSIS Pack Vendor :STMicroelectronics X-CUBE-AZRTOS-L4 2.0.0
2026-05-11 17:26:08,269 [INFO] ThirdParty:1030 - CMSIS Pack Vendor :STMicroelectronics ThreadX 0.0.2
2026-05-11 17:26:08,269 [INFO] ThirdParty:1030 - CMSIS Pack Vendor :STMicroelectronics lwIP 2.1.2
2026-05-11 17:26:08,269 [INFO] ThirdParty:1030 - CMSIS Pack Vendor :STMicroelectronics X-CUBE-SFXS2LP1 4.0.0
2026-05-11 17:26:08,269 [INFO] ThirdParty:1030 - CMSIS Pack Vendor :STMicroelectronics X-CUBE-BLE2 3.3.0
2026-05-11 17:26:08,269 [INFO] ThirdParty:1030 - CMSIS Pack Vendor :Avnet-IOTCONNECT X-CUBE-iotc-st67-sdk 1.0.0
2026-05-11 17:26:08,269 [INFO] ThirdParty:1030 - CMSIS Pack Vendor :STMicroelectronics X-CUBE-TOF1 3.4.3
2026-05-11 17:26:08,269 [INFO] ThirdParty:1030 - CMSIS Pack Vendor :Infineon AIROC-Wi-Fi-Bluetooth-STM32 1.8.0
2026-05-11 17:26:08,269 [INFO] ThirdParty:1030 - CMSIS Pack Vendor :STMicroelectronics PDM2PCM 3.2.0
2026-05-11 17:26:08,269 [INFO] ThirdParty:1030 - CMSIS Pack Vendor :STMicroelectronics X-CUBE-WB05N 2.1.0
2026-05-11 17:26:08,269 [INFO] ThirdParty:841 - exiting critical section [change project]
2026-05-11 17:26:09,103 [INFO] PinOutPanel:1589 - setPackage(No Configuration,No Configuration)
2026-05-11 17:26:09,217 [INFO] PinOutPanel:1589 - setPackage(STM32F407VGTx,LQFP100)
2026-05-11 17:26:10,366 [INFO] UtilMem:75 - Before build in PCC Used Memory: 941183496 Bytes (1073741824)
2026-05-11 17:26:11,778 [INFO] UtilMem:75 - After build in PCC Used Memory: 988895752 Bytes (1073741824)
2026-05-11 17:26:11,915 [INFO] ApiDbMcu:508 - Load IP Config File for USB_HOST
2026-05-11 17:26:11,916 [WARN] BspModel:444 - BSP dependency skipped because of component: name='IOExpander', api='Unknown'
2026-05-11 17:26:11,959 [INFO] IPUIPlugin:80 - create IPUIPlugin
2026-05-11 17:26:11,959 [INFO] IPUIPlugin:80 - create IPUIPlugin
2026-05-11 17:26:11,959 [INFO] IPUIPlugin:80 - create IPUIPlugin
2026-05-11 17:26:11,959 [INFO] IPUIPlugin:80 - create IPUIPlugin
2026-05-11 17:26:11,959 [INFO] IPUIPlugin:80 - create IPUIPlugin
2026-05-11 17:26:11,997 [INFO] IPUIPlugin:80 - create IPUIPlugin
2026-05-11 17:26:11,997 [INFO] IPUIPlugin:80 - create IPUIPlugin
2026-05-11 17:26:11,998 [INFO] IPUIPlugin:80 - create IPUIPlugin
2026-05-11 17:26:11,998 [INFO] IPUIPlugin:80 - create IPUIPlugin
2026-05-11 17:26:11,998 [INFO] IPUIPlugin:80 - create IPUIPlugin
2026-05-11 17:26:12,003 [INFO] IPUIPlugin:80 - create IPUIPlugin
2026-05-11 17:26:12,004 [INFO] IPUIPlugin:80 - create IPUIPlugin
2026-05-11 17:26:12,004 [INFO] IPUIPlugin:80 - create IPUIPlugin
2026-05-11 17:26:12,004 [INFO] IPUIPlugin:80 - create IPUIPlugin
2026-05-11 17:26:12,004 [INFO] IPUIPlugin:80 - create IPUIPlugin
2026-05-11 17:26:12,195 [INFO] IPUIPlugin:80 - create IPUIPlugin
2026-05-11 17:26:12,195 [INFO] IPUIPlugin:80 - create IPUIPlugin
2026-05-11 17:26:12,196 [INFO] IPUIPlugin:80 - create IPUIPlugin
2026-05-11 17:26:12,196 [INFO] IPUIPlugin:80 - create IPUIPlugin
2026-05-11 17:26:12,196 [INFO] IPUIPlugin:80 - create IPUIPlugin
2026-05-11 17:26:12,197 [INFO] IPUIPlugin:80 - create IPUIPlugin
2026-05-11 17:26:12,197 [INFO] IPUIPlugin:80 - create IPUIPlugin
2026-05-11 17:26:12,197 [INFO] IPUIPlugin:80 - create IPUIPlugin
2026-05-11 17:26:12,198 [INFO] IPUIPlugin:80 - create IPUIPlugin
2026-05-11 17:26:12,198 [INFO] IPUIPlugin:80 - create IPUIPlugin
2026-05-11 17:26:12,198 [INFO] IPUIPlugin:80 - create IPUIPlugin
2026-05-11 17:26:12,198 [INFO] IPUIPlugin:80 - create IPUIPlugin
2026-05-11 17:26:12,198 [INFO] IPUIPlugin:80 - create IPUIPlugin
2026-05-11 17:26:12,199 [INFO] IPUIPlugin:80 - create IPUIPlugin
2026-05-11 17:26:12,199 [INFO] IPUIPlugin:80 - create IPUIPlugin
2026-05-11 17:26:12,199 [INFO] IPUIPlugin:80 - create IPUIPlugin
2026-05-11 17:26:12,199 [INFO] IPUIPlugin:80 - create IPUIPlugin
2026-05-11 17:26:12,199 [INFO] IPUIPlugin:80 - create IPUIPlugin
2026-05-11 17:26:12,200 [INFO] IPUIPlugin:80 - create IPUIPlugin
2026-05-11 17:26:12,200 [INFO] IPUIPlugin:80 - create IPUIPlugin
2026-05-11 17:26:12,200 [INFO] IPUIPlugin:80 - create IPUIPlugin
2026-05-11 17:26:12,200 [INFO] IPUIPlugin:80 - create IPUIPlugin
2026-05-11 17:26:12,201 [INFO] IPUIPlugin:80 - create IPUIPlugin
2026-05-11 17:26:12,201 [INFO] IPUIPlugin:80 - create IPUIPlugin
2026-05-11 17:26:12,201 [INFO] IPUIPlugin:80 - create IPUIPlugin
2026-05-11 17:26:12,201 [INFO] IPUIPlugin:80 - create IPUIPlugin
2026-05-11 17:26:12,202 [INFO] IPUIPlugin:80 - create IPUIPlugin
2026-05-11 17:26:12,202 [INFO] IPUIPlugin:80 - create IPUIPlugin
2026-05-11 17:26:12,202 [INFO] IPUIPlugin:80 - create IPUIPlugin
2026-05-11 17:26:12,202 [INFO] IPUIPlugin:80 - create IPUIPlugin
2026-05-11 17:26:12,203 [INFO] IPUIPlugin:80 - create IPUIPlugin
2026-05-11 17:26:12,203 [INFO] IPUIPlugin:80 - create IPUIPlugin
2026-05-11 17:26:12,203 [INFO] IPUIPlugin:80 - create IPUIPlugin
2026-05-11 17:26:12,204 [INFO] IPUIPlugin:80 - create IPUIPlugin
2026-05-11 17:26:12,204 [INFO] IPUIPlugin:80 - create IPUIPlugin
2026-05-11 17:26:12,204 [INFO] IPUIPlugin:80 - create IPUIPlugin
2026-05-11 17:26:12,205 [INFO] IPUIPlugin:80 - create IPUIPlugin
2026-05-11 17:26:12,205 [INFO] IPUIPlugin:80 - create IPUIPlugin
2026-05-11 17:26:12,205 [INFO] IPUIPlugin:80 - create IPUIPlugin
2026-05-11 17:26:12,206 [INFO] IPUIPlugin:80 - create IPUIPlugin
2026-05-11 17:26:12,206 [INFO] IPUIPlugin:80 - create IPUIPlugin
2026-05-11 17:26:12,207 [INFO] IPUIPlugin:80 - create IPUIPlugin
2026-05-11 17:26:12,208 [INFO] IPUIPlugin:80 - create IPUIPlugin
2026-05-11 17:26:12,233 [INFO] ApiDbMcu:508 - Load IP Config File for PDM2PCM
2026-05-11 17:26:12,269 [WARN] IP:2250 - I2C_Coeff_DF not found: check if there is a RefParameter without a condition.
2026-05-11 17:26:12,269 [WARN] IP:2250 - Analog_Filter not found: check if there is a RefParameter without a condition.
2026-05-11 17:26:12,276 [INFO] I2sManager:658 - 9.6E7
2026-05-11 17:26:12,276 [INFO] I2sManager:195 - I2S Clock Value : 9.6E7
2026-05-11 17:26:12,277 [INFO] I2sManager:553 - AudioClock : 93750Divider : 2Odd : 0
2026-05-11 17:26:12,506 [INFO] CADModel:165 - CPN selected for project levelSTM32F407VGT6
2026-05-11 17:26:12,506 [INFO] CADModel:114 - Register for checkConnection events
2026-05-11 17:26:12,571 [INFO] OpenFileManager:385 - Restore cursor
2026-05-11 17:26:13,071 [WARN] IP:2250 - I2C_Coeff_DF not found: check if there is a RefParameter without a condition.
2026-05-11 17:26:13,071 [WARN] IP:2250 - Analog_Filter not found: check if there is a RefParameter without a condition.
2026-05-11 17:26:13,072 [WARN] IP:2250 - I2C_Coeff_DF not found: check if there is a RefParameter without a condition.
2026-05-11 17:26:13,072 [WARN] IP:2250 - Analog_Filter not found: check if there is a RefParameter without a condition.
2026-05-11 17:26:13,749 [INFO] UtilMem:75 - End SaveConfig() Used Memory: 744472280 Bytes (1073741824)
2026-05-11 17:26:13,979 [INFO] UtilMem:75 - End SaveConfig() Used Memory: 766111072 Bytes (1073741824)
2026-05-11 17:26:14,678 [INFO] BlockDiagram:2775 - set Specific Code input for plugin: SPI
2026-05-11 17:26:14,679 [INFO] BlockDiagram:2775 - set Specific Code input for plugin: I2S
2026-05-11 17:26:14,679 [INFO] BlockDiagram:2775 - set Specific Code input for plugin: SYS
2026-05-11 17:26:14,679 [INFO] BlockDiagram:2775 - set Specific Code input for plugin: RCC
2026-05-11 17:26:14,679 [INFO] BlockDiagram:2775 - set Specific Code input for plugin: I2C
2026-05-11 17:26:14,679 [INFO] BlockDiagram:2775 - set Specific Code input for plugin: USB_OTG_FS
2026-05-11 17:26:14,679 [INFO] BlockDiagram:2775 - set Specific Code input for plugin: NVIC
2026-05-11 17:26:14,679 [INFO] BlockDiagram:2775 - set Specific Code input for plugin: USB_HOST
2026-05-11 17:26:14,680 [INFO] BlockDiagram:2775 - set Specific Code input for plugin: GPIO
2026-05-11 17:26:14,691 [INFO] CodeGenerator:882 - code generatio: config db path: C:\ST\STM32CubeIDE_1.18.0\STM32CubeIDE\plugins\com.st.stm32cube.common.mx_6.14.0.202502271554\\db\
2026-05-11 17:26:15,216 [WARN] IP:2250 - I2C_Coeff_DF not found: check if there is a RefParameter without a condition.
2026-05-11 17:26:15,216 [WARN] IP:2250 - Analog_Filter not found: check if there is a RefParameter without a condition.
2026-05-11 17:26:15,454 [INFO] CodeEngine:263 - oldGeneratedFile, C:\Users\hp\STM32CubeIDE\workspace_1.18.0\14_HAL_Systic_Timer\MXTmpFiles\license.tmp_save
2026-05-11 17:26:16,192 [INFO] CodeEngine:287 - Generated code: C:\Users\hp\STM32CubeIDE\workspace_1.18.0\14_HAL_Systic_Timer\MXTmpFiles\license.tmp
2026-05-11 17:26:16,740 [INFO] CodeEngine:263 - oldGeneratedFile, C:\Users\hp\STM32CubeIDE\workspace_1.18.0\14_HAL_Systic_Timer\MXTmpFiles\gpio.tmp_save
2026-05-11 17:26:17,118 [INFO] CodeEngine:287 - Generated code: C:\Users\hp\STM32CubeIDE\workspace_1.18.0\14_HAL_Systic_Timer\MXTmpFiles\gpio.tmp
2026-05-11 17:26:17,389 [WARN] IPConfigManager:3174 - Warning: the RefConfig PWREx_EnableUSBVoltageDetector is not available in your config.xml file
2026-05-11 17:26:17,417 [INFO] CodeEngine:263 - oldGeneratedFile, C:\Users\hp\STM32CubeIDE\workspace_1.18.0\14_HAL_Systic_Timer\MXTmpFiles\usb_otg_fs_vars.tmp_save
2026-05-11 17:26:17,588 [INFO] CodeEngine:287 - Generated code: C:\Users\hp\STM32CubeIDE\workspace_1.18.0\14_HAL_Systic_Timer\MXTmpFiles\usb_otg_fs_vars.tmp
2026-05-11 17:26:17,597 [INFO] CodeEngine:263 - oldGeneratedFile, C:\Users\hp\STM32CubeIDE\workspace_1.18.0\14_HAL_Systic_Timer\MXTmpFiles\usb_otg_fs_inc.tmp_save
2026-05-11 17:26:17,749 [INFO] CodeEngine:287 - Generated code: C:\Users\hp\STM32CubeIDE\workspace_1.18.0\14_HAL_Systic_Timer\MXTmpFiles\usb_otg_fs_inc.tmp
2026-05-11 17:26:17,765 [INFO] CodeEngine:263 - oldGeneratedFile, C:\Users\hp\STM32CubeIDE\workspace_1.18.0\14_HAL_Systic_Timer\MXTmpFiles\usb_otg_fs_HalInit.tmp_save
2026-05-11 17:26:17,950 [INFO] CodeEngine:287 - Generated code: C:\Users\hp\STM32CubeIDE\workspace_1.18.0\14_HAL_Systic_Timer\MXTmpFiles\usb_otg_fs_HalInit.tmp
2026-05-11 17:26:17,965 [INFO] CodeEngine:263 - oldGeneratedFile, C:\Users\hp\STM32CubeIDE\workspace_1.18.0\14_HAL_Systic_Timer\MXTmpFiles\usb_otg_fs_Msp.tmp_save
2026-05-11 17:26:18,214 [INFO] CodeEngine:287 - Generated code: C:\Users\hp\STM32CubeIDE\workspace_1.18.0\14_HAL_Systic_Timer\MXTmpFiles\usb_otg_fs_Msp.tmp
2026-05-11 17:26:18,753 [INFO] CodeEngine:263 - oldGeneratedFile, C:\Users\hp\STM32CubeIDE\workspace_1.18.0\14_HAL_Systic_Timer\USB_HOST\App\usb_host.c_save
2026-05-11 17:26:18,919 [INFO] CodeEngine:287 - Generated code: C:\Users\hp\STM32CubeIDE\workspace_1.18.0\14_HAL_Systic_Timer\USB_HOST\App\usb_host.c
2026-05-11 17:26:18,936 [INFO] CodeEngine:263 - oldGeneratedFile, C:\Users\hp\STM32CubeIDE\workspace_1.18.0\14_HAL_Systic_Timer\USB_HOST\App\usb_host.h_save
2026-05-11 17:26:19,079 [INFO] CodeEngine:287 - Generated code: C:\Users\hp\STM32CubeIDE\workspace_1.18.0\14_HAL_Systic_Timer\USB_HOST\App\usb_host.h
2026-05-11 17:26:19,092 [INFO] CodeEngine:263 - oldGeneratedFile, C:\Users\hp\STM32CubeIDE\workspace_1.18.0\14_HAL_Systic_Timer\USB_HOST\Target\usbh_conf.h_save
2026-05-11 17:26:19,228 [INFO] CodeEngine:287 - Generated code: C:\Users\hp\STM32CubeIDE\workspace_1.18.0\14_HAL_Systic_Timer\USB_HOST\Target\usbh_conf.h
2026-05-11 17:26:19,320 [INFO] CodeEngine:263 - oldGeneratedFile, C:\Users\hp\STM32CubeIDE\workspace_1.18.0\14_HAL_Systic_Timer\USB_HOST\Target\usbh_conf.c_save
2026-05-11 17:26:19,449 [INFO] CodeEngine:287 - Generated code: C:\Users\hp\STM32CubeIDE\workspace_1.18.0\14_HAL_Systic_Timer\USB_HOST\Target\usbh_conf.c
2026-05-11 17:26:19,463 [INFO] CodeEngine:263 - oldGeneratedFile, C:\Users\hp\STM32CubeIDE\workspace_1.18.0\14_HAL_Systic_Timer\USB_HOST\Target\usbh_platform.c_save
2026-05-11 17:26:19,579 [INFO] CodeEngine:287 - Generated code: C:\Users\hp\STM32CubeIDE\workspace_1.18.0\14_HAL_Systic_Timer\USB_HOST\Target\usbh_platform.c
2026-05-11 17:26:19,592 [INFO] CodeEngine:263 - oldGeneratedFile, C:\Users\hp\STM32CubeIDE\workspace_1.18.0\14_HAL_Systic_Timer\USB_HOST\Target\usbh_platform.h_save
2026-05-11 17:26:19,713 [INFO] CodeEngine:287 - Generated code: C:\Users\hp\STM32CubeIDE\workspace_1.18.0\14_HAL_Systic_Timer\USB_HOST\Target\usbh_platform.h
2026-05-11 17:26:19,778 [INFO] CodeEngine:263 - oldGeneratedFile, C:\Users\hp\STM32CubeIDE\workspace_1.18.0\14_HAL_Systic_Timer\Core\Src\stm32f4xx_it.c_save
2026-05-11 17:26:20,056 [INFO] CodeEngine:287 - Generated code: C:\Users\hp\STM32CubeIDE\workspace_1.18.0\14_HAL_Systic_Timer\Core\Src\stm32f4xx_it.c
2026-05-11 17:26:20,069 [INFO] CodeEngine:263 - oldGeneratedFile, C:\Users\hp\STM32CubeIDE\workspace_1.18.0\14_HAL_Systic_Timer\Core\Inc\stm32f4xx_it.h_save
2026-05-11 17:26:20,185 [INFO] CodeEngine:287 - Generated code: C:\Users\hp\STM32CubeIDE\workspace_1.18.0\14_HAL_Systic_Timer\Core\Inc\stm32f4xx_it.h
2026-05-11 17:26:20,331 [INFO] CodeEngine:263 - oldGeneratedFile, C:\Users\hp\STM32CubeIDE\workspace_1.18.0\14_HAL_Systic_Timer\Core\Src\stm32f4xx_hal_msp.c_save
2026-05-11 17:26:20,579 [INFO] CodeEngine:287 - Generated code: C:\Users\hp\STM32CubeIDE\workspace_1.18.0\14_HAL_Systic_Timer\Core\Src\stm32f4xx_hal_msp.c
2026-05-11 17:26:20,604 [INFO] CodeEngine:263 - oldGeneratedFile, C:\Users\hp\STM32CubeIDE\workspace_1.18.0\14_HAL_Systic_Timer\MXTmpFiles\system.tmp_save
2026-05-11 17:26:20,726 [INFO] CodeEngine:287 - Generated code: C:\Users\hp\STM32CubeIDE\workspace_1.18.0\14_HAL_Systic_Timer\MXTmpFiles\system.tmp
2026-05-11 17:26:20,757 [INFO] CodeEngine:319 - oldGeneratedFile, C:\Users\hp\STM32CubeIDE\workspace_1.18.0\14_HAL_Systic_Timer\Core\Inc\stm32f4xx_hal_conf.h_save
2026-05-11 17:26:20,880 [INFO] CodeEngine:343 - Generated code: C:\Users\hp\STM32CubeIDE\workspace_1.18.0\14_HAL_Systic_Timer\Core\Inc\stm32f4xx_hal_conf.h
2026-05-11 17:26:20,941 [INFO] ApiDbMcu:508 - Load IP Config File for I2C1
2026-05-11 17:26:20,946 [INFO] ApiDbMcu:508 - Load IP Config File for I2S3
2026-05-11 17:26:20,951 [INFO] ApiDbMcu:508 - Load IP Config File for SPI1
2026-05-11 17:26:20,957 [INFO] ApiDbMcu:508 - Load IP Config File for RCC
2026-05-11 17:26:20,984 [INFO] CodeEngine:263 - oldGeneratedFile, C:\Users\hp\STM32CubeIDE\workspace_1.18.0\14_HAL_Systic_Timer\Core\Inc\main.h_save
2026-05-11 17:26:21,134 [INFO] CodeEngine:287 - Generated code: C:\Users\hp\STM32CubeIDE\workspace_1.18.0\14_HAL_Systic_Timer\Core\Inc\main.h
2026-05-11 17:26:21,147 [INFO] CodeEngine:263 - oldGeneratedFile, C:\Users\hp\STM32CubeIDE\workspace_1.18.0\14_HAL_Systic_Timer\Core\Src\main.c_save
2026-05-11 17:26:21,351 [INFO] CodeEngine:287 - Generated code: C:\Users\hp\STM32CubeIDE\workspace_1.18.0\14_HAL_Systic_Timer\Core\Src\main.c
2026-05-11 17:26:23,468 [ERROR] ProjectBuilder:7054 - Problem during Copy of File LICENSE.txt
2026-05-11 17:26:23,827 [ERROR] ProjectBuilder:7054 - Problem during Copy of File LICENSE.txt
2026-05-11 17:26:24,105 [ERROR] ProjectBuilder:7054 - Problem during Copy of File LICENSE.txt
2026-05-11 17:26:24,147 [ERROR] ProjectBuilder:7054 - Problem during Copy of File LICENSE.txt
2026-05-11 17:26:24,154 [ERROR] ProjectBuilder:7054 - Problem during Copy of File LICENSE.txt
2026-05-11 17:26:24,241 [ERROR] ProjectBuilder:7054 - Problem during Copy of File LICENSE.txt
2026-05-11 17:26:24,718 [INFO] ProjectBuilder:3324 - Time for Copy HAL[1] : 2732mS.
2026-05-11 17:26:24,856 [INFO] ProjectBuilder:4912 - Project Generator version: 4.6.0-B36
2026-05-11 17:26:25,033 [INFO] ConfigFileManager:1590 - The Die is : DIE413
2026-05-11 17:26:25,082 [INFO] ApiDbMcu:508 - Load IP Config File for FATFS
2026-05-11 17:26:25,092 [INFO] ApiDbMcu:508 - Load IP Config File for FREERTOS
2026-05-11 17:26:25,097 [INFO] ApiDbMcu:508 - Load IP Config File for LIBJPEG
2026-05-11 17:26:25,108 [INFO] ApiDbMcu:508 - Load IP Config File for LWIP
2026-05-11 17:26:25,117 [INFO] ApiDbMcu:508 - Load IP Config File for MBEDTLS
2026-05-11 17:26:25,129 [INFO] ApiDbMcu:508 - Load IP Config File for USB_DEVICE
2026-05-11 17:26:37,212 [INFO] ProjectBuilder:5191 - Time for Generating toolchain IDE Files: 12354mS.
2026-05-11 17:26:37,215 [INFO] ProjectBuilder:3181 - Time for Copy CMSIS : 3mS.
2026-05-11 17:26:37,248 [INFO] ProjectBuilder:3181 - Time for Copy CMSIS : 0mS.
2026-05-11 17:26:39,455 [INFO] McuFinderGlobals:76 - Set McuFinderConnectedMode to true
2026-05-11 17:26:39,586 [INFO] ApiDb:448 - Save user favorites file C:\Users\hp/.stm32cubeide/favorites.mcus.txt: 0 item(s)
2026-05-11 17:26:39,586 [INFO] ApiDb:452 - User favorites MCUs=[]
2026-05-11 17:26:39,590 [INFO] ApiDb:448 - Save user favorites file C:\Users\hp/.stm32cubeide/favorites.boards.txt: 0 item(s)
2026-05-11 17:26:39,590 [INFO] ApiDb:452 - User favorites Boards=[]
2026-05-11 17:42:57,895 [INFO] UtilMem:75 - End SaveConfig() Used Memory: 881680920 Bytes (1073741824)
2026-05-11 17:43:00,874 [INFO] UtilMem:75 - End SaveConfig() Used Memory: 948113048 Bytes (1073741824)
2026-05-11 17:43:05,253 [INFO] UtilMem:75 - End SaveConfig() Used Memory: 728444344 Bytes (1073741824)
2026-05-11 17:43:05,962 [INFO] BlockDiagram:2775 - set Specific Code input for plugin: SYS
2026-05-11 17:43:05,962 [INFO] BlockDiagram:2775 - set Specific Code input for plugin: RCC
2026-05-11 17:43:05,962 [INFO] BlockDiagram:2775 - set Specific Code input for plugin: NVIC
2026-05-11 17:43:05,963 [INFO] BlockDiagram:2775 - set Specific Code input for plugin: GPIO
2026-05-11 17:43:05,989 [INFO] CodeGenerator:882 - code generatio: config db path: C:\ST\STM32CubeIDE_1.18.0\STM32CubeIDE\plugins\com.st.stm32cube.common.mx_6.14.0.202502271554\\db\
2026-05-11 17:43:06,336 [INFO] CodeEngine:263 - oldGeneratedFile, C:\Users\hp\STM32CubeIDE\workspace_1.18.0\14_HAL_Systic_Timer\MXTmpFiles\license.tmp_save
2026-05-11 17:43:06,550 [INFO] CodeEngine:287 - Generated code: C:\Users\hp\STM32CubeIDE\workspace_1.18.0\14_HAL_Systic_Timer\MXTmpFiles\license.tmp
2026-05-11 17:43:06,620 [INFO] CodeEngine:263 - oldGeneratedFile, C:\Users\hp\STM32CubeIDE\workspace_1.18.0\14_HAL_Systic_Timer\MXTmpFiles\gpio.tmp_save
2026-05-11 17:43:06,896 [INFO] CodeEngine:287 - Generated code: C:\Users\hp\STM32CubeIDE\workspace_1.18.0\14_HAL_Systic_Timer\MXTmpFiles\gpio.tmp
2026-05-11 17:43:07,230 [INFO] CodeEngine:263 - oldGeneratedFile, C:\Users\hp\STM32CubeIDE\workspace_1.18.0\14_HAL_Systic_Timer\Core\Src\stm32f4xx_it.c_save
2026-05-11 17:43:07,792 [INFO] CodeEngine:287 - Generated code: C:\Users\hp\STM32CubeIDE\workspace_1.18.0\14_HAL_Systic_Timer\Core\Src\stm32f4xx_it.c
2026-05-11 17:43:07,878 [INFO] CodeEngine:263 - oldGeneratedFile, C:\Users\hp\STM32CubeIDE\workspace_1.18.0\14_HAL_Systic_Timer\Core\Inc\stm32f4xx_it.h_save
2026-05-11 17:43:08,316 [INFO] CodeEngine:287 - Generated code: C:\Users\hp\STM32CubeIDE\workspace_1.18.0\14_HAL_Systic_Timer\Core\Inc\stm32f4xx_it.h
2026-05-11 17:43:08,370 [INFO] CodeEngine:263 - oldGeneratedFile, C:\Users\hp\STM32CubeIDE\workspace_1.18.0\14_HAL_Systic_Timer\Core\Src\stm32f4xx_hal_msp.c_save
2026-05-11 17:43:08,714 [INFO] CodeEngine:287 - Generated code: C:\Users\hp\STM32CubeIDE\workspace_1.18.0\14_HAL_Systic_Timer\Core\Src\stm32f4xx_hal_msp.c
2026-05-11 17:43:08,728 [INFO] CodeEngine:263 - oldGeneratedFile, C:\Users\hp\STM32CubeIDE\workspace_1.18.0\14_HAL_Systic_Timer\MXTmpFiles\system.tmp_save
2026-05-11 17:43:08,818 [INFO] CodeEngine:287 - Generated code: C:\Users\hp\STM32CubeIDE\workspace_1.18.0\14_HAL_Systic_Timer\MXTmpFiles\system.tmp
2026-05-11 17:43:08,872 [INFO] CodeEngine:319 - oldGeneratedFile, C:\Users\hp\STM32CubeIDE\workspace_1.18.0\14_HAL_Systic_Timer\Core\Inc\stm32f4xx_hal_conf.h_save
2026-05-11 17:43:09,012 [INFO] CodeEngine:343 - Generated code: C:\Users\hp\STM32CubeIDE\workspace_1.18.0\14_HAL_Systic_Timer\Core\Inc\stm32f4xx_hal_conf.h
2026-05-11 17:43:09,167 [INFO] CodeEngine:263 - oldGeneratedFile, C:\Users\hp\STM32CubeIDE\workspace_1.18.0\14_HAL_Systic_Timer\Core\Inc\main.h_save
2026-05-11 17:43:09,400 [INFO] CodeEngine:287 - Generated code: C:\Users\hp\STM32CubeIDE\workspace_1.18.0\14_HAL_Systic_Timer\Core\Inc\main.h
2026-05-11 17:43:09,423 [INFO] CodeEngine:263 - oldGeneratedFile, C:\Users\hp\STM32CubeIDE\workspace_1.18.0\14_HAL_Systic_Timer\Core\Src\main.c_save
2026-05-11 17:43:09,592 [INFO] CodeEngine:287 - Generated code: C:\Users\hp\STM32CubeIDE\workspace_1.18.0\14_HAL_Systic_Timer\Core\Src\main.c
2026-05-11 17:43:11,450 [ERROR] ProjectBuilder:7054 - Problem during Copy of File LICENSE.txt
2026-05-11 17:43:11,641 [ERROR] ProjectBuilder:7054 - Problem during Copy of File LICENSE.txt
2026-05-11 17:43:11,907 [ERROR] ProjectBuilder:7054 - Problem during Copy of File LICENSE.txt
2026-05-11 17:43:11,941 [ERROR] ProjectBuilder:7054 - Problem during Copy of File LICENSE.txt
2026-05-11 17:43:12,245 [INFO] ProjectBuilder:3324 - Time for Copy HAL[1] : 1809mS.
2026-05-11 17:43:12,306 [INFO] ProjectBuilder:4912 - Project Generator version: 4.6.0-B36
2026-05-11 17:43:12,486 [INFO] ConfigFileManager:1590 - The Die is : DIE413
2026-05-11 17:43:19,041 [INFO] ProjectBuilder:5191 - Time for Generating toolchain IDE Files: 6736mS.
2026-05-11 17:43:19,045 [INFO] ProjectBuilder:3181 - Time for Copy CMSIS : 3mS.
2026-05-11 17:43:19,051 [INFO] ProjectBuilder:3181 - Time for Copy CMSIS : 1mS.
2026-05-11 17:44:04,066 [INFO] MainUpdater:2872 - connection check result : 10
2026-05-11 17:44:04,067 [INFO] MainUpdater:2872 - connection check result : 10
2026-05-11 17:44:04,696 [INFO] MicroXplorer:468 - Change Database Path : 
2026-05-11 17:44:04,696 [INFO] MicroXplorer:498 - Change Database Version : DB.6.0.140
2026-05-11 17:44:04,982 [ERROR] ProjectManagerView:394 - 
java.lang.NullPointerException: Cannot invoke "javax.swing.JTextField.getText()" because the return value of "java.util.List.get(int)" is null
	at com.st.microxplorer.plugins.projectmanager.gui.ProjectChoiceTab$9.caretUpdate(ProjectChoiceTab.java:2678) ~[filemanager.jar:?]
	at javax.swing.text.JTextComponent.fireCaretUpdate(JTextComponent.java:408) ~[?:?]
	at javax.swing.text.JTextComponent$MutableCaretEvent.fire(JTextComponent.java:4484) ~[?:?]
	at javax.swing.text.JTextComponent$MutableCaretEvent.stateChanged(JTextComponent.java:4506) ~[?:?]
	at javax.swing.text.DefaultCaret.fireStateChanged(DefaultCaret.java:857) ~[?:?]
	at javax.swing.text.DefaultCaret.changeCaretPosition(DefaultCaret.java:1343) ~[?:?]
	at javax.swing.text.DefaultCaret.handleSetDot(DefaultCaret.java:1242) ~[?:?]
	at javax.swing.text.DefaultCaret.setDot(DefaultCaret.java:1223) ~[?:?]
	at javax.swing.text.DefaultCaret$Handler.insertUpdate(DefaultCaret.java:1819) ~[?:?]
	at javax.swing.text.AbstractDocument.fireInsertUpdate(AbstractDocument.java:227) ~[?:?]
	at javax.swing.text.AbstractDocument.handleInsertString(AbstractDocument.java:781) ~[?:?]
	at javax.swing.text.AbstractDocument.insertString(AbstractDocument.java:740) ~[?:?]
	at javax.swing.text.PlainDocument.insertString(PlainDocument.java:131) ~[?:?]
	at javax.swing.text.AbstractDocument.replace(AbstractDocument.java:699) ~[?:?]
	at javax.swing.text.JTextComponent.setText(JTextComponent.java:1725) ~[?:?]
	at com.st.microxplorer.plugins.projectmanager.gui.ProjectChoiceTab.createHeapStackFields(ProjectChoiceTab.java:979) ~[filemanager.jar:?]
	at com.st.microxplorer.plugins.projectmanager.gui.ProjectChoiceTab.buildLinkSettingsPanel(ProjectChoiceTab.java:3766) ~[filemanager.jar:?]
	at com.st.microxplorer.plugins.projectmanager.gui.ProjectChoiceTab.defineWindowsFields(ProjectChoiceTab.java:1962) ~[filemanager.jar:?]
	at com.st.microxplorer.plugins.projectmanager.gui.ProjectChoiceTab.updateSettings(ProjectChoiceTab.java:555) ~[filemanager.jar:?]
	at com.st.microxplorer.plugins.projectmanager.gui.ProjectSettingsPanel.UpdateDialog(ProjectSettingsPanel.java:245) ~[filemanager.jar:?]
	at com.st.microxplorer.plugins.projectmanager.ProjectManagerView.propertyChange(ProjectManagerView.java:391) ~[filemanager.jar:?]
	at java.beans.PropertyChangeSupport.fire(PropertyChangeSupport.java:343) ~[?:?]
	at java.beans.PropertyChangeSupport.firePropertyChange(PropertyChangeSupport.java:335) ~[?:?]
	at java.beans.PropertyChangeSupport.firePropertyChange(PropertyChangeSupport.java:268) ~[?:?]
	at com.st.microxplorer.util.MXPropertyChangeSupport.firePropertyChange(MXPropertyChangeSupport.java:54) ~[STM32CubeMX.jar:?]
	at com.st.microxplorer.mxsystem.MxSystem.closeConfig(MxSystem.java:899) ~[STM32CubeMX.jar:?]
	at com.st.microxplorer.maingui.MainPanel.closeConfig(MainPanel.java:789) ~[STM32CubeMX.jar:?]
	at com.st.microxplorer.plugins.filemanager.engine.OpenFileManager.loadConfigurationFile(OpenFileManager.java:287) ~[filemanager.jar:?]
	at com.st.microxplorer.plugins.filemanager.engine.MainFileManager.userLoadConfig(MainFileManager.java:341) ~[filemanager.jar:?]
	at com.st.microxplorer.plugins.filemanager.engine.MainFileManager.userLoadConfig(MainFileManager.java:319) ~[filemanager.jar:?]
	at com.st.microxplorer.plugins.filemanager.FileManagerView.getSpecificTask(FileManagerView.java:246) ~[filemanager.jar:?]
	at com.st.stm32cube.common.mx.editor.CubeMxEditor.getMxTabbedPaneInstance(CubeMxEditor.java:1198) ~[com.st.stm32cube.common.mx_6.14.0.202502271554/:?]
	at com.st.stm32cube.common.mx.editor.CubeMxEditor$12$1.createSwingComponent(CubeMxEditor.java:1068) ~[com.st.stm32cube.common.mx_6.14.0.202502271554/:?]
	at com.st.stm32cube.common.mx.oss.core.awtswtbridge.EmbeddedSwingComposite.doComponentCreation(EmbeddedSwingComposite.java:492) ~[com.st.stm32cube.common.mx.oss_6.14.0.202502271554/:?]
	at com.st.stm32cube.common.mx.oss.core.awtswtbridge.EmbeddedSwingComposite$4.run(EmbeddedSwingComposite.java:291) ~[com.st.stm32cube.common.mx.oss_6.14.0.202502271554/:?]
	at com.st.stm32cube.common.mx.oss.core.awtswtbridge.AwtEnvironment$2.run(AwtEnvironment.java:166) ~[com.st.stm32cube.common.mx.oss_6.14.0.202502271554/:?]
	at java.awt.event.InvocationEvent.dispatch(InvocationEvent.java:318) ~[?:?]
	at java.awt.EventQueue.dispatchEventImpl(EventQueue.java:773) ~[?:?]
	at java.awt.EventQueue$4.run(EventQueue.java:720) ~[?:?]
	at java.awt.EventQueue$4.run(EventQueue.java:714) ~[?:?]
	at java.security.AccessController.doPrivileged(AccessController.java:400) ~[?:?]
	at java.security.ProtectionDomain$JavaSecurityAccessImpl.doIntersectionPrivilege(ProtectionDomain.java:87) ~[?:?]
	at java.awt.EventQueue.dispatchEvent(EventQueue.java:742) ~[?:?]
	at java.awt.EventDispatchThread.pumpOneEventForFilters(EventDispatchThread.java:203) ~[?:?]
	at java.awt.EventDispatchThread.pumpEventsForFilter(EventDispatchThread.java:124) ~[?:?]
	at java.awt.EventDispatchThread.pumpEventsForHierarchy(EventDispatchThread.java:113) ~[?:?]
	at java.awt.EventDispatchThread.pumpEvents(EventDispatchThread.java:109) ~[?:?]
	at java.awt.EventDispatchThread.pumpEvents(EventDispatchThread.java:101) ~[?:?]
	at java.awt.EventDispatchThread.run(EventDispatchThread.java:90) ~[?:?]
2026-05-11 17:44:05,363 [WARN] ThirdParty:871 - waiting for thirdparty lock release [close project]
2026-05-11 17:44:05,364 [INFO] ThirdParty:873 - entering critical section [close project]
2026-05-11 17:44:05,364 [INFO] ThirdParty:883 - exiting critical section [close project]
2026-05-11 17:44:05,707 [INFO] PinOutPanel:1589 - setPackage(No Configuration,No Configuration)
2026-05-11 17:44:05,941 [WARN] IpParametersView:155 - Warning: This peripheral hasn't parameters
2026-05-11 17:44:06,036 [WARN] MainPanel:289 - <html><b><center>Warning: This peripheral has no parameters to be configured<br></b></html>
2026-05-11 17:44:06,260 [INFO] UtilMem:75 - Begin LoadConfig() Used Memory: 722854784 Bytes (1073741824)
2026-05-11 17:44:06,261 [INFO] MicroXplorer:468 - Change Database Path : 
2026-05-11 17:44:06,261 [INFO] MicroXplorer:498 - Change Database Version : DB.6.0.140
2026-05-11 17:44:06,261 [INFO] OpenFileManager:354 - Change cursor
2026-05-11 17:44:06,402 [INFO] RulesReader:64 - Compatibility file has been processed (301 Rules)
2026-05-11 17:44:06,843 [INFO] Mcu:2011 - Initializing MCU STM32F407V(E-G)Tx STM32F407VGTx STM32F407VGT6
2026-05-11 17:44:17,046 [INFO] Context:756 - Trying to add GPIOservice into a context  which must be forbidden
2026-05-11 17:44:21,581 [INFO] ImportTextPane:218 - (OptionalMessage_ERROR) Pin5 (VP_RIF_VS_RIF1) cannot be retrieved for this MCU
2026-05-11 17:44:22,663 [INFO] RtosManager:558 - Registered RTOS mode: class=CMSIS, group=RTOS, mode=CMSIS_V1, owner=FREERTOS
2026-05-11 17:44:22,663 [INFO] RtosManager:558 - Registered RTOS mode: class=CMSIS, group=RTOS2, mode=CMSIS_V2, owner=FREERTOS
2026-05-11 17:44:22,664 [INFO] RtosManager:558 - Registered RTOS mode: class=RTOS, group=Core, mode=CMSIS_V1, owner=FREERTOS
2026-05-11 17:44:22,664 [INFO] RtosManager:558 - Registered RTOS mode: class=RTOS, group=Core, mode=CMSIS_V2, owner=FREERTOS
2026-05-11 17:44:22,664 [WARN] ModelIntegratedComponent:184 - Missing modes for component STMicroelectronics:FreeRTOS:0.0.1:STMicroelectronics:RTOS:FreeRTOS:Core:::10.2.0:
2026-05-11 17:44:22,733 [WARN] ModelIntegratedComponent:63 - No mode defined for component null
2026-05-11 17:44:22,733 [WARN] ModelIntegratedComponent:63 - No mode defined for component null
2026-05-11 17:44:22,733 [WARN] ModelIntegratedComponent:63 - No mode defined for component null
2026-05-11 17:44:22,733 [WARN] ModelIntegratedComponent:63 - No mode defined for component null
2026-05-11 17:44:22,733 [WARN] ModelIntegratedComponent:63 - No mode defined for component null
2026-05-11 17:44:22,733 [WARN] ModelIntegratedComponent:63 - No mode defined for component null
2026-05-11 17:44:22,734 [WARN] ModelIntegratedComponent:63 - No mode defined for component null
2026-05-11 17:44:22,734 [WARN] ModelIntegratedComponent:63 - No mode defined for component null
2026-05-11 17:44:22,734 [WARN] ModelIntegratedComponent:63 - No mode defined for component null
2026-05-11 17:44:22,734 [WARN] ModelIntegratedComponent:63 - No mode defined for component null
2026-05-11 17:44:22,734 [WARN] ModelIntegratedComponent:63 - No mode defined for component null
2026-05-11 17:44:22,734 [WARN] ModelIntegratedComponent:63 - No mode defined for component null
2026-05-11 17:44:22,734 [WARN] ModelIntegratedComponent:63 - No mode defined for component null
2026-05-11 17:44:22,734 [WARN] ModelIntegratedComponent:63 - No mode defined for component null
2026-05-11 17:44:22,734 [WARN] ModelIntegratedComponent:63 - No mode defined for component null
2026-05-11 17:44:22,735 [WARN] ModelIntegratedComponent:63 - No mode defined for component null
2026-05-11 17:44:22,735 [WARN] ModelIntegratedComponent:63 - No mode defined for component null
2026-05-11 17:44:22,735 [WARN] ModelIntegratedComponent:63 - No mode defined for component null
2026-05-11 17:44:22,735 [WARN] ModelIntegratedComponent:63 - No mode defined for component null
2026-05-11 17:44:22,735 [WARN] ModelIntegratedComponent:63 - No mode defined for component null
2026-05-11 17:44:22,735 [WARN] ModelIntegratedComponent:63 - No mode defined for component null
2026-05-11 17:44:22,735 [WARN] ModelIntegratedComponent:63 - No mode defined for component null
2026-05-11 17:44:22,821 [WARN] ModelIntegratedComponent:63 - No mode defined for component null
2026-05-11 17:44:22,821 [WARN] ModelIntegratedComponent:63 - No mode defined for component null
2026-05-11 17:44:22,821 [WARN] ModelIntegratedComponent:63 - No mode defined for component null
2026-05-11 17:44:22,821 [WARN] ModelIntegratedComponent:63 - No mode defined for component null
2026-05-11 17:44:22,822 [WARN] ModelIntegratedComponent:63 - No mode defined for component null
2026-05-11 17:44:22,822 [WARN] ModelIntegratedComponent:63 - No mode defined for component null
2026-05-11 17:44:22,823 [WARN] ModelIntegratedComponent:63 - No mode defined for component null
2026-05-11 17:44:22,823 [WARN] ModelIntegratedComponent:63 - No mode defined for component null
2026-05-11 17:44:22,823 [WARN] ModelIntegratedComponent:63 - No mode defined for component null
2026-05-11 17:44:22,823 [WARN] ModelIntegratedComponent:63 - No mode defined for component null
2026-05-11 17:44:22,823 [WARN] ModelIntegratedComponent:63 - No mode defined for component null
2026-05-11 17:44:22,823 [WARN] ModelIntegratedComponent:63 - No mode defined for component null
2026-05-11 17:44:22,823 [WARN] ModelIntegratedComponent:63 - No mode defined for component null
2026-05-11 17:44:22,824 [WARN] ModelPack:524 - Component already loaded: STMicroelectronics:HAL Drivers:0.0.0:STMicroelectronics:Device:STMicro_Driver:XSPI:HAL::0.0.1:HAL_XSPI
2026-05-11 17:44:23,381 [INFO] ThirdPartyModel:298 - Start build external matchings
2026-05-11 17:44:27,605 [INFO] ThirdPartyModel:316 - End build external matchings
2026-05-11 17:44:27,720 [INFO] ImportTextPane:218 - (OptionalMessage_ERROR) IP (RCC) : Parameter (RTCHSEDivFreq_Value) has invalid value (4000000)
2026-05-11 17:44:28,628 [INFO] UtilMem:75 - End LoadConfig() Used Memory: 793351136 Bytes (1073741824)
2026-05-11 17:44:28,895 [WARN] ThirdParty:833 - waiting for thirdparty lock release [change project]
2026-05-11 17:44:28,896 [INFO] ThirdParty:835 - entering critical section [change project]
2026-05-11 17:44:28,896 [INFO] ThirdParty:1030 - CMSIS Pack Vendor :STMicroelectronics X-CUBE-AZRTOS-H7 3.5.0
2026-05-11 17:44:28,896 [INFO] ThirdParty:1030 - CMSIS Pack Vendor :STMicroelectronics X-CUBE-PM33A1 1.0.0
2026-05-11 17:44:28,896 [INFO] ThirdParty:1030 - CMSIS Pack Vendor :STMicroelectronics USBPD 4.1
2026-05-11 17:44:28,896 [INFO] ThirdParty:1030 - CMSIS Pack Vendor :STMicroelectronics X-CUBE-NFC9 1.0.0
2026-05-11 17:44:28,896 [INFO] ThirdParty:1030 - CMSIS Pack Vendor :STMicroelectronics USB_HOST 2.0.0
2026-05-11 17:44:28,896 [INFO] ThirdParty:1030 - CMSIS Pack Vendor :STMicroelectronics X-CUBE-AZRTOS-F4 1.1.0
2026-05-11 17:44:28,897 [INFO] ThirdParty:1030 - CMSIS Pack Vendor :STMicroelectronics LIBJPEG 8.0.0
2026-05-11 17:44:28,897 [INFO] ThirdParty:1030 - CMSIS Pack Vendor :STMicroelectronics FP-ATR-ASTRA1 2.0.2
2026-05-11 17:44:28,897 [INFO] ThirdParty:1030 - CMSIS Pack Vendor :STMicroelectronics X-CUBE-BLE1 7.1.0
2026-05-11 17:44:28,897 [INFO] ThirdParty:1030 - CMSIS Pack Vendor :STMicroelectronics X-CUBE-SMBUS 2.1.0
2026-05-11 17:44:28,897 [INFO] ThirdParty:1030 - CMSIS Pack Vendor :wolfSSL I-CUBE-wolfMQTT 1.19.2
2026-05-11 17:44:28,897 [INFO] ThirdParty:1030 - CMSIS Pack Vendor :STMicroelectronics USB_DEVICE 3.0.0
2026-05-11 17:44:28,897 [INFO] ThirdParty:1030 - CMSIS Pack Vendor :STMicroelectronics X-CUBE-ISPU 2.1.0
2026-05-11 17:44:28,897 [INFO] ThirdParty:1030 - CMSIS Pack Vendor :STMicroelectronics X-CUBE-EEPRMA1 5.2.0
2026-05-11 17:44:28,897 [INFO] ThirdParty:1030 - CMSIS Pack Vendor :STMicroelectronics X-CUBE-BLEMGR 4.1.0
2026-05-11 17:44:28,897 [INFO] ThirdParty:1030 - CMSIS Pack Vendor :STMicroelectronics eDS-WB_DPC_TT-BIDIR 2.1.1
2026-05-11 17:44:28,897 [INFO] ThirdParty:1030 - CMSIS Pack Vendor :STMicroelectronics X-CUBE-AZRTOS-WB 2.0.0
2026-05-11 17:44:28,897 [INFO] ThirdParty:1030 - CMSIS Pack Vendor :wolfSSL I-CUBE-wolfSSL 5.8.4
2026-05-11 17:44:28,898 [INFO] ThirdParty:1030 - CMSIS Pack Vendor :STMicroelectronics X-CUBE-NFC12 1.0.0
2026-05-11 17:44:28,898 [INFO] ThirdParty:1030 - CMSIS Pack Vendor :STMicroelectronics X-CUBE-AZRTOS-F7 1.1.0
2026-05-11 17:44:28,898 [INFO] ThirdParty:1030 - CMSIS Pack Vendor :STMicroelectronics X-CUBE-AZRTOS-L5 2.0.0
2026-05-11 17:44:28,898 [INFO] ThirdParty:1030 - CMSIS Pack Vendor :STMicroelectronics USB_DEVICE 2.0.0
2026-05-11 17:44:28,898 [INFO] ThirdParty:1030 - CMSIS Pack Vendor :quantropi X-CUBE-qispace-sdk-base 2.1.0
2026-05-11 17:44:28,898 [INFO] ThirdParty:1030 - CMSIS Pack Vendor :STMicroelectronics X-CUBE-MEMS1 12.0.0
2026-05-11 17:44:28,898 [INFO] ThirdParty:1030 - CMSIS Pack Vendor :STMicroelectronics X-CUBE-STSE01 2.0.0
2026-05-11 17:44:28,898 [INFO] ThirdParty:1030 - CMSIS Pack Vendor :STMicroelectronics FreeRTOS 0.0.1
2026-05-11 17:44:28,898 [INFO] ThirdParty:1030 - CMSIS Pack Vendor :STMicroelectronics X-CUBE-AZRTOS-G0 1.1.0
2026-05-11 17:44:28,899 [INFO] ThirdParty:1030 - CMSIS Pack Vendor :STMicroelectronics X-CUBE-NFC4 3.0.0
2026-05-11 17:44:28,899 [INFO] ThirdParty:1030 - CMSIS Pack Vendor :STMicroelectronics X-CUBE-SUBG2 5.0.0
2026-05-11 17:44:28,899 [INFO] ThirdParty:1030 - CMSIS Pack Vendor :STMicroelectronics STM32_WPAN 1.0.0
2026-05-11 17:44:28,899 [INFO] ThirdParty:1030 - CMSIS Pack Vendor :STMicroelectronics eDS-WB_DPC_VIENNA 1.2.0
2026-05-11 17:44:28,899 [INFO] ThirdParty:1030 - CMSIS Pack Vendor :EmbeddedOffice I-CUBE-FS-RTOS 1.0.1
2026-05-11 17:44:28,899 [INFO] ThirdParty:1030 - CMSIS Pack Vendor :STMicroelectronics lwIP 2.0.3
2026-05-11 17:44:28,899 [INFO] ThirdParty:1030 - CMSIS Pack Vendor :STMicroelectronics eDS-WB_DPC_3PH2L-BIDIR 1.1.1
2026-05-11 17:44:28,899 [INFO] ThirdParty:1030 - CMSIS Pack Vendor :STMicroelectronics USB_HOST 1.0.0
2026-05-11 17:44:28,899 [INFO] ThirdParty:1030 - CMSIS Pack Vendor :STMicroelectronics X-CUBE-AZRTOS-G4 2.0.0
2026-05-11 17:44:28,899 [INFO] ThirdParty:1030 - CMSIS Pack Vendor :STMicroelectronics PDM2PCM 3.1.0
2026-05-11 17:44:28,900 [INFO] ThirdParty:1030 - CMSIS Pack Vendor :STMicroelectronics PDM2PCM 3.3.0
2026-05-11 17:44:28,900 [INFO] ThirdParty:1030 - CMSIS Pack Vendor :wolfSSL I-CUBE-wolfTPM 3.8.0
2026-05-11 17:44:28,900 [INFO] ThirdParty:1030 - CMSIS Pack Vendor :STMicroelectronics X-CUBE-DISPLAY 3.0.0
2026-05-11 17:44:28,900 [INFO] ThirdParty:1030 - CMSIS Pack Vendor :wolfSSL I-CUBE-wolfSSH 1.4.20
2026-05-11 17:44:28,900 [INFO] ThirdParty:1030 - CMSIS Pack Vendor :STMicroelectronics X-CUBE-NFC7 2.0.0
2026-05-11 17:44:28,900 [INFO] ThirdParty:1030 - CMSIS Pack Vendor :STMicroelectronics X-CUBE-GNSS1 7.1.1
2026-05-11 17:44:28,900 [INFO] ThirdParty:1030 - CMSIS Pack Vendor :STMicroelectronics X-CUBE-TCPP 4.2.0
2026-05-11 17:44:28,900 [INFO] ThirdParty:1030 - CMSIS Pack Vendor :RealThread X-CUBE-RT-Thread_Nano 4.1.1
2026-05-11 17:44:28,900 [INFO] ThirdParty:1030 - CMSIS Pack Vendor :STMicroelectronics FP-ATR-SIGFOX1 3.2.0
2026-05-11 17:44:28,901 [INFO] ThirdParty:1030 - CMSIS Pack Vendor :STMicroelectronics X-CUBE-NFC10 1.0.0
2026-05-11 17:44:28,901 [INFO] ThirdParty:1030 - CMSIS Pack Vendor :STMicroelectronics HAL Drivers 0.0.0
2026-05-11 17:44:28,901 [INFO] ThirdParty:1030 - CMSIS Pack Vendor :STMicroelectronics MBEDTLS 2.16.2
2026-05-11 17:44:28,901 [INFO] ThirdParty:1030 - CMSIS Pack Vendor :STMicroelectronics X-CUBE-ST60 1.1.0
2026-05-11 17:44:28,902 [INFO] ThirdParty:1030 - CMSIS Pack Vendor :STMicroelectronics X-CUBE-ALS 1.0.2
2026-05-11 17:44:28,902 [INFO] ThirdParty:1030 - CMSIS Pack Vendor :emotas I-CUBE-CANOPEN 1.3.0
2026-05-11 17:44:28,902 [INFO] ThirdParty:1030 - CMSIS Pack Vendor :STMicroelectronics MBEDTLS 2.14.1
2026-05-11 17:44:28,902 [INFO] ThirdParty:1030 - CMSIS Pack Vendor :STMicroelectronics X-CUBE-GNSS1 7.1.0
2026-05-11 17:44:28,902 [INFO] ThirdParty:1030 - CMSIS Pack Vendor :ITTIA_DB I-CUBE-ITTIADB 8.9.0
2026-05-11 17:44:28,902 [INFO] ThirdParty:1030 - CMSIS Pack Vendor :Cesanta I-CUBE-Mongoose 7.21.0
2026-05-11 17:44:28,902 [INFO] ThirdParty:1030 - CMSIS Pack Vendor :STMicroelectronics X-CUBE-TOUCHGFX 4.26.1
2026-05-11 17:44:28,902 [INFO] ThirdParty:1030 - CMSIS Pack Vendor :STMicroelectronics X-CUBE-NFC6 3.2.0
2026-05-11 17:44:28,902 [INFO] ThirdParty:1030 - CMSIS Pack Vendor :STMicroelectronics X-CUBE-AI 10.2.0
2026-05-11 17:44:28,902 [INFO] ThirdParty:1030 - CMSIS Pack Vendor :STMicroelectronics FP-SNS-STAIOTCFT 1.0.0
2026-05-11 17:44:28,902 [INFO] ThirdParty:1030 - CMSIS Pack Vendor :STMicroelectronics ThreadX 1.0.0
2026-05-11 17:44:28,902 [INFO] ThirdParty:1030 - CMSIS Pack Vendor :STMicroelectronics FP-SNS-SMARTAG2 1.2.0
2026-05-11 17:44:28,903 [INFO] ThirdParty:1030 - CMSIS Pack Vendor :STMicroelectronics X-CUBE-MEMS1 12.1.0
2026-05-11 17:44:28,903 [INFO] ThirdParty:1030 - CMSIS Pack Vendor :STMicroelectronics FP-SNS-FLIGHT1 5.1.0
2026-05-11 17:44:28,903 [INFO] ThirdParty:1030 - CMSIS Pack Vendor :STMicroelectronics X-CUBE-AZRTOS-WL 2.0.0
2026-05-11 17:44:28,903 [INFO] ThirdParty:1030 - CMSIS Pack Vendor :SEGGER I-CUBE-embOS 1.3.1
2026-05-11 17:44:28,904 [INFO] ThirdParty:1030 - CMSIS Pack Vendor :STMicroelectronics X-CUBE-ALGOBUILD 1.4.0
2026-05-11 17:44:28,904 [INFO] ThirdParty:1030 - CMSIS Pack Vendor :STMicroelectronics X-CUBE-DPower 1.3.0
2026-05-11 17:44:28,904 [INFO] ThirdParty:1030 - CMSIS Pack Vendor :STMicroelectronics USB_DEVICE 1.0.0
2026-05-11 17:44:28,904 [INFO] ThirdParty:1030 - CMSIS Pack Vendor :STMicroelectronics X-CUBE-AZRTOS-H7RS 1.2.0
2026-05-11 17:44:28,904 [INFO] ThirdParty:1030 - CMSIS Pack Vendor :STMicroelectronics X-CUBE-AZRTOS-L4 2.0.0
2026-05-11 17:44:28,904 [INFO] ThirdParty:1030 - CMSIS Pack Vendor :STMicroelectronics ThreadX 0.0.2
2026-05-11 17:44:28,904 [INFO] ThirdParty:1030 - CMSIS Pack Vendor :STMicroelectronics lwIP 2.1.2
2026-05-11 17:44:28,904 [INFO] ThirdParty:1030 - CMSIS Pack Vendor :STMicroelectronics X-CUBE-SFXS2LP1 4.0.0
2026-05-11 17:44:28,904 [INFO] ThirdParty:1030 - CMSIS Pack Vendor :STMicroelectronics X-CUBE-BLE2 3.3.0
2026-05-11 17:44:28,904 [INFO] ThirdParty:1030 - CMSIS Pack Vendor :Avnet-IOTCONNECT X-CUBE-iotc-st67-sdk 1.0.0
2026-05-11 17:44:28,904 [INFO] ThirdParty:1030 - CMSIS Pack Vendor :STMicroelectronics X-CUBE-TOF1 3.4.3
2026-05-11 17:44:28,904 [INFO] ThirdParty:1030 - CMSIS Pack Vendor :Infineon AIROC-Wi-Fi-Bluetooth-STM32 1.8.0
2026-05-11 17:44:28,904 [INFO] ThirdParty:1030 - CMSIS Pack Vendor :STMicroelectronics PDM2PCM 3.2.0
2026-05-11 17:44:28,904 [INFO] ThirdParty:1030 - CMSIS Pack Vendor :STMicroelectronics X-CUBE-WB05N 2.1.0
2026-05-11 17:44:28,904 [INFO] ThirdParty:841 - exiting critical section [change project]
2026-05-11 17:44:30,336 [INFO] PinOutPanel:1589 - setPackage(No Configuration,No Configuration)
2026-05-11 17:44:30,356 [INFO] PinOutPanel:1589 - setPackage(STM32F407VGTx,LQFP100)
2026-05-11 17:44:31,652 [INFO] UtilMem:75 - Before build in PCC Used Memory: 750427936 Bytes (1073741824)
2026-05-11 17:44:33,227 [INFO] UtilMem:75 - After build in PCC Used Memory: 795516704 Bytes (1073741824)
2026-05-11 17:44:33,265 [INFO] IPUIPlugin:80 - create IPUIPlugin
2026-05-11 17:44:33,265 [INFO] IPUIPlugin:80 - create IPUIPlugin
2026-05-11 17:44:33,265 [INFO] IPUIPlugin:80 - create IPUIPlugin
2026-05-11 17:44:33,265 [INFO] IPUIPlugin:80 - create IPUIPlugin
2026-05-11 17:44:33,265 [INFO] IPUIPlugin:80 - create IPUIPlugin
2026-05-11 17:44:33,266 [INFO] IPUIPlugin:80 - create IPUIPlugin
2026-05-11 17:44:33,266 [INFO] IPUIPlugin:80 - create IPUIPlugin
2026-05-11 17:44:33,266 [INFO] IPUIPlugin:80 - create IPUIPlugin
2026-05-11 17:44:33,267 [INFO] IPUIPlugin:80 - create IPUIPlugin
2026-05-11 17:44:33,267 [INFO] IPUIPlugin:80 - create IPUIPlugin
2026-05-11 17:44:33,267 [INFO] IPUIPlugin:80 - create IPUIPlugin
2026-05-11 17:44:33,267 [INFO] IPUIPlugin:80 - create IPUIPlugin
2026-05-11 17:44:33,267 [INFO] IPUIPlugin:80 - create IPUIPlugin
2026-05-11 17:44:33,268 [INFO] IPUIPlugin:80 - create IPUIPlugin
2026-05-11 17:44:33,268 [INFO] IPUIPlugin:80 - create IPUIPlugin
2026-05-11 17:44:33,268 [INFO] IPUIPlugin:80 - create IPUIPlugin
2026-05-11 17:44:33,268 [INFO] IPUIPlugin:80 - create IPUIPlugin
2026-05-11 17:44:33,268 [INFO] IPUIPlugin:80 - create IPUIPlugin
2026-05-11 17:44:33,268 [INFO] IPUIPlugin:80 - create IPUIPlugin
2026-05-11 17:44:33,269 [INFO] IPUIPlugin:80 - create IPUIPlugin
2026-05-11 17:44:33,269 [INFO] IPUIPlugin:80 - create IPUIPlugin
2026-05-11 17:44:33,269 [INFO] IPUIPlugin:80 - create IPUIPlugin
2026-05-11 17:44:33,269 [INFO] IPUIPlugin:80 - create IPUIPlugin
2026-05-11 17:44:33,269 [INFO] IPUIPlugin:80 - create IPUIPlugin
2026-05-11 17:44:33,269 [INFO] IPUIPlugin:80 - create IPUIPlugin
2026-05-11 17:44:33,270 [INFO] IPUIPlugin:80 - create IPUIPlugin
2026-05-11 17:44:33,270 [INFO] IPUIPlugin:80 - create IPUIPlugin
2026-05-11 17:44:33,270 [INFO] IPUIPlugin:80 - create IPUIPlugin
2026-05-11 17:44:33,270 [INFO] IPUIPlugin:80 - create IPUIPlugin
2026-05-11 17:44:33,271 [INFO] IPUIPlugin:80 - create IPUIPlugin
2026-05-11 17:44:33,271 [INFO] IPUIPlugin:80 - create IPUIPlugin
2026-05-11 17:44:33,271 [INFO] IPUIPlugin:80 - create IPUIPlugin
2026-05-11 17:44:33,271 [INFO] IPUIPlugin:80 - create IPUIPlugin
2026-05-11 17:44:33,272 [INFO] IPUIPlugin:80 - create IPUIPlugin
2026-05-11 17:44:33,272 [INFO] IPUIPlugin:80 - create IPUIPlugin
2026-05-11 17:44:33,272 [INFO] IPUIPlugin:80 - create IPUIPlugin
2026-05-11 17:44:33,272 [INFO] IPUIPlugin:80 - create IPUIPlugin
2026-05-11 17:44:33,273 [INFO] IPUIPlugin:80 - create IPUIPlugin
2026-05-11 17:44:33,273 [INFO] IPUIPlugin:80 - create IPUIPlugin
2026-05-11 17:44:33,273 [INFO] IPUIPlugin:80 - create IPUIPlugin
2026-05-11 17:44:33,273 [INFO] IPUIPlugin:80 - create IPUIPlugin
2026-05-11 17:44:33,274 [INFO] IPUIPlugin:80 - create IPUIPlugin
2026-05-11 17:44:33,274 [INFO] IPUIPlugin:80 - create IPUIPlugin
2026-05-11 17:44:33,274 [INFO] IPUIPlugin:80 - create IPUIPlugin
2026-05-11 17:44:33,275 [INFO] IPUIPlugin:80 - create IPUIPlugin
2026-05-11 17:44:33,275 [INFO] IPUIPlugin:80 - create IPUIPlugin
2026-05-11 17:44:33,275 [INFO] IPUIPlugin:80 - create IPUIPlugin
2026-05-11 17:44:33,276 [INFO] IPUIPlugin:80 - create IPUIPlugin
2026-05-11 17:44:33,276 [INFO] IPUIPlugin:80 - create IPUIPlugin
2026-05-11 17:44:33,276 [INFO] IPUIPlugin:80 - create IPUIPlugin
2026-05-11 17:44:33,277 [INFO] IPUIPlugin:80 - create IPUIPlugin
2026-05-11 17:44:33,277 [INFO] IPUIPlugin:80 - create IPUIPlugin
2026-05-11 17:44:33,278 [INFO] IPUIPlugin:80 - create IPUIPlugin
2026-05-11 17:44:33,363 [INFO] IPUIPlugin:80 - create IPUIPlugin
2026-05-11 17:44:33,364 [INFO] IPUIPlugin:80 - create IPUIPlugin
2026-05-11 17:44:33,366 [INFO] IPUIPlugin:80 - create IPUIPlugin
2026-05-11 17:44:33,367 [INFO] IPUIPlugin:80 - create IPUIPlugin
2026-05-11 17:44:33,367 [INFO] IPUIPlugin:80 - create IPUIPlugin
2026-05-11 17:44:33,469 [INFO] ApiDbMcu:508 - Load IP Config File for PDM2PCM
2026-05-11 17:44:33,553 [INFO] CADModel:165 - CPN selected for project levelSTM32F407VGT6
2026-05-11 17:44:33,553 [INFO] CADModel:114 - Register for checkConnection events
2026-05-11 17:44:33,637 [INFO] OpenFileManager:385 - Restore cursor
2026-05-11 17:46:15,158 [INFO] UtilMem:75 - End SaveConfig() Used Memory: 780818232 Bytes (1073741824)
2026-05-11 17:46:16,281 [INFO] BlockDiagram:2775 - set Specific Code input for plugin: TIM1_8
2026-05-11 17:46:16,282 [INFO] BlockDiagram:2775 - set Specific Code input for plugin: SYS
2026-05-11 17:46:16,283 [INFO] BlockDiagram:2775 - set Specific Code input for plugin: RCC
2026-05-11 17:46:16,283 [INFO] BlockDiagram:2775 - set Specific Code input for plugin: NVIC
2026-05-11 17:46:16,287 [INFO] BlockDiagram:2775 - set Specific Code input for plugin: GPIO
2026-05-11 17:46:16,292 [INFO] CodeGenerator:882 - code generatio: config db path: C:\ST\STM32CubeIDE_1.18.0\STM32CubeIDE\plugins\com.st.stm32cube.common.mx_6.14.0.202502271554\\db\
2026-05-11 17:46:16,661 [INFO] CodeEngine:263 - oldGeneratedFile, C:\Users\hp\STM32CubeIDE\workspace_1.18.0\13_HAL_TIMERS_DELAY\MXTmpFiles\license.tmp_save
2026-05-11 17:46:17,067 [INFO] CodeEngine:287 - Generated code: C:\Users\hp\STM32CubeIDE\workspace_1.18.0\13_HAL_TIMERS_DELAY\MXTmpFiles\license.tmp
2026-05-11 17:46:17,280 [INFO] CodeEngine:263 - oldGeneratedFile, C:\Users\hp\STM32CubeIDE\workspace_1.18.0\13_HAL_TIMERS_DELAY\MXTmpFiles\gpio.tmp_save
2026-05-11 17:46:17,530 [INFO] CodeEngine:287 - Generated code: C:\Users\hp\STM32CubeIDE\workspace_1.18.0\13_HAL_TIMERS_DELAY\MXTmpFiles\gpio.tmp
2026-05-11 17:46:17,961 [INFO] CodeEngine:263 - oldGeneratedFile, C:\Users\hp\STM32CubeIDE\workspace_1.18.0\13_HAL_TIMERS_DELAY\Core\Src\stm32f4xx_it.c_save
2026-05-11 17:46:18,188 [INFO] CodeEngine:287 - Generated code: C:\Users\hp\STM32CubeIDE\workspace_1.18.0\13_HAL_TIMERS_DELAY\Core\Src\stm32f4xx_it.c
2026-05-11 17:46:18,206 [INFO] CodeEngine:263 - oldGeneratedFile, C:\Users\hp\STM32CubeIDE\workspace_1.18.0\13_HAL_TIMERS_DELAY\Core\Inc\stm32f4xx_it.h_save
2026-05-11 17:46:18,363 [INFO] CodeEngine:287 - Generated code: C:\Users\hp\STM32CubeIDE\workspace_1.18.0\13_HAL_TIMERS_DELAY\Core\Inc\stm32f4xx_it.h
2026-05-11 17:46:18,408 [INFO] CodeEngine:263 - oldGeneratedFile, C:\Users\hp\STM32CubeIDE\workspace_1.18.0\13_HAL_TIMERS_DELAY\Core\Src\stm32f4xx_hal_msp.c_save
2026-05-11 17:46:18,786 [INFO] CodeEngine:287 - Generated code: C:\Users\hp\STM32CubeIDE\workspace_1.18.0\13_HAL_TIMERS_DELAY\Core\Src\stm32f4xx_hal_msp.c
2026-05-11 17:46:18,845 [INFO] CodeEngine:263 - oldGeneratedFile, C:\Users\hp\STM32CubeIDE\workspace_1.18.0\13_HAL_TIMERS_DELAY\MXTmpFiles\system.tmp_save
2026-05-11 17:46:18,988 [INFO] CodeEngine:287 - Generated code: C:\Users\hp\STM32CubeIDE\workspace_1.18.0\13_HAL_TIMERS_DELAY\MXTmpFiles\system.tmp
2026-05-11 17:46:19,093 [INFO] CodeEngine:319 - oldGeneratedFile, C:\Users\hp\STM32CubeIDE\workspace_1.18.0\13_HAL_TIMERS_DELAY\Core\Inc\stm32f4xx_hal_conf.h_save
2026-05-11 17:46:19,256 [INFO] CodeEngine:343 - Generated code: C:\Users\hp\STM32CubeIDE\workspace_1.18.0\13_HAL_TIMERS_DELAY\Core\Inc\stm32f4xx_hal_conf.h
2026-05-11 17:46:19,349 [INFO] ApiDbMcu:508 - Load IP Config File for TIM2
2026-05-11 17:46:19,357 [INFO] ApiDbMcu:508 - Load IP Config File for RCC
2026-05-11 17:46:19,360 [WARN] IPConfigManager:3747 - IP not found : TIM
2026-05-11 17:46:19,393 [WARN] CodeGenerator:4198 - IP not found : null
2026-05-11 17:46:19,416 [INFO] CodeEngine:263 - oldGeneratedFile, C:\Users\hp\STM32CubeIDE\workspace_1.18.0\13_HAL_TIMERS_DELAY\Core\Inc\main.h_save
2026-05-11 17:46:19,710 [INFO] CodeEngine:287 - Generated code: C:\Users\hp\STM32CubeIDE\workspace_1.18.0\13_HAL_TIMERS_DELAY\Core\Inc\main.h
2026-05-11 17:46:19,730 [INFO] CodeEngine:263 - oldGeneratedFile, C:\Users\hp\STM32CubeIDE\workspace_1.18.0\13_HAL_TIMERS_DELAY\Core\Src\main.c_save
2026-05-11 17:46:19,942 [INFO] CodeEngine:287 - Generated code: C:\Users\hp\STM32CubeIDE\workspace_1.18.0\13_HAL_TIMERS_DELAY\Core\Src\main.c
2026-05-11 17:46:21,793 [ERROR] ProjectBuilder:7054 - Problem during Copy of File LICENSE.txt
2026-05-11 17:46:22,008 [ERROR] ProjectBuilder:7054 - Problem during Copy of File LICENSE.txt
2026-05-11 17:46:22,109 [ERROR] ProjectBuilder:7054 - Problem during Copy of File LICENSE.txt
2026-05-11 17:46:22,445 [INFO] ProjectBuilder:3324 - Time for Copy HAL[1] : 1015mS.
2026-05-11 17:46:22,452 [INFO] ProjectBuilder:4912 - Project Generator version: 4.6.0-B36
2026-05-11 17:46:22,701 [INFO] ConfigFileManager:1590 - The Die is : DIE413
2026-05-11 17:46:22,711 [INFO] ApiDbMcu:508 - Load IP Config File for FATFS
2026-05-11 17:46:22,724 [INFO] ApiDbMcu:508 - Load IP Config File for FREERTOS
2026-05-11 17:46:22,730 [INFO] ApiDbMcu:508 - Load IP Config File for LIBJPEG
2026-05-11 17:46:22,742 [INFO] ApiDbMcu:508 - Load IP Config File for LWIP
2026-05-11 17:46:22,756 [INFO] ApiDbMcu:508 - Load IP Config File for MBEDTLS
2026-05-11 17:46:22,775 [INFO] ApiDbMcu:508 - Load IP Config File for USB_DEVICE
2026-05-11 17:46:22,785 [INFO] ApiDbMcu:508 - Load IP Config File for USB_HOST
2026-05-11 17:46:25,781 [INFO] ProjectBuilder:5191 - Time for Generating toolchain IDE Files: 3329mS.
2026-05-11 17:46:25,786 [INFO] ProjectBuilder:3181 - Time for Copy CMSIS : 3mS.
2026-05-11 17:46:25,794 [INFO] ProjectBuilder:3181 - Time for Copy CMSIS : 0mS.
2026-05-11 18:10:44,347 [ERROR] LogOutputStream:75 - [STDERR_REDIRECT] 
2026-05-11 22:04:33,175 [INFO] Activator:176 - 


2026-05-11 22:04:33,183 [INFO] Activator:177 - !SESSION log4j initialized
2026-05-11 22:04:50,257 [INFO] LogOutputStream:77 - [STDOUT_REDIRECT] 
2026-05-11 22:04:54,482 [INFO] ApplicationProperties:184 - Using Application install path: C:\ST\STM32CubeIDE_1.18.0\STM32CubeIDE\plugins\com.st.stm32cube.common.mx_6.14.0.202502271554
2026-05-11 22:04:54,559 [INFO] DbMcusXml:78 - Set database path to: C:\ST\STM32CubeIDE_1.18.0\STM32CubeIDE\plugins\com.st.stm32cube.common.mx_6.14.0.202502271554\\db\/mcu/
2026-05-11 22:04:54,561 [INFO] ApiDb:274 - Set plugin database path to: C:\ST\STM32CubeIDE_1.18.0\STM32CubeIDE\plugins\com.st.stm32cube.common.mx_6.14.0.202502271554\\db\/plugins/boardmanager/
2026-05-11 22:04:54,561 [WARN] ApiDb:259 - Overriding images path with different value:  => C:\ST\STM32CubeIDE_1.18.0\STM32CubeIDE\plugins\com.st.stm32cube.common.mx_6.14.0.202502271554\\db\/plugins/mcufinder/images/
2026-05-11 22:04:54,608 [INFO] ApiDb:250 - Set database path to: C:\Users\hp\.stmcufinder\plugins\mcufinder//mcu/
2026-05-11 22:04:54,612 [INFO] DbMcusAds:125 - Set database path to: C:\Users\hp\.stmcufinder\plugins\mcufinder//mcu/
2026-05-11 22:04:54,619 [INFO] CrossReferenceDbSqlite:203 - Set database path to: C:\Users\hp\.stmcufinder\plugins\mcufinder//mcu/cs/
2026-05-11 22:04:55,053 [INFO] RulesReader:64 - Compatibility file has been processed (301 Rules)
2026-05-11 22:04:55,483 [INFO] DbMcusXml:78 - Set database path to: C:\ST\STM32CubeIDE_1.18.0\STM32CubeIDE\plugins\com.st.stm32cube.common.mx_6.14.0.202502271554\\db\/mcu/
2026-05-11 22:04:55,483 [INFO] ApiDb:274 - Set plugin database path to: C:\ST\STM32CubeIDE_1.18.0\STM32CubeIDE\plugins\com.st.stm32cube.common.mx_6.14.0.202502271554\\db\/plugins/boardmanager/
2026-05-11 22:04:55,483 [INFO] ApiDb:261 - Set plugin images path to: C:\ST\STM32CubeIDE_1.18.0\STM32CubeIDE\plugins\com.st.stm32cube.common.mx_6.14.0.202502271554\\db\/plugins/mcufinder/images/
2026-05-11 22:04:55,485 [WARN] DbFile:41 - Overriding database path with different value: C:\Users\hp\.stmcufinder\plugins\mcufinder/ => C:\Users\hp\.stmcufinder\plugins\mcufinder
2026-05-11 22:04:55,485 [INFO] ApiDb:250 - Set database path to: C:\Users\hp\.stmcufinder\plugins\mcufinder//mcu/
2026-05-11 22:04:55,485 [WARN] DbFile:41 - Overriding database path with different value: C:\Users\hp\.stmcufinder\plugins\mcufinder/ => C:\Users\hp\.stmcufinder\plugins\mcufinder
2026-05-11 22:04:55,485 [INFO] DbMcusAds:125 - Set database path to: C:\Users\hp\.stmcufinder\plugins\mcufinder//mcu/
2026-05-11 22:04:55,485 [WARN] DbFile:41 - Overriding database path with different value: C:\Users\hp\.stmcufinder\plugins\mcufinder/ => C:\Users\hp\.stmcufinder\plugins\mcufinder
2026-05-11 22:04:55,485 [WARN] DbFile:41 - Overriding database path with different value: C:\Users\hp\.stmcufinder\plugins\mcufinder/ => C:\Users\hp\.stmcufinder\plugins\mcufinder
2026-05-11 22:04:55,485 [INFO] CrossReferenceDbSqlite:203 - Set database path to: C:\Users\hp\.stmcufinder\plugins\mcufinder//mcu/cs/
2026-05-11 22:04:55,909 [INFO] MainPanel:272 - HeapMemory: 268435456
2026-05-11 22:04:56,393 [INFO] DbMcusXml:78 - Set database path to: C:\ST\STM32CubeIDE_1.18.0\STM32CubeIDE\plugins\com.st.stm32cube.common.mx_6.14.0.202502271554\\db\/mcu/
2026-05-11 22:04:56,393 [INFO] ApiDb:274 - Set plugin database path to: C:\ST\STM32CubeIDE_1.18.0\STM32CubeIDE\plugins\com.st.stm32cube.common.mx_6.14.0.202502271554\\db\/plugins/boardmanager/
2026-05-11 22:04:56,393 [INFO] ApiDb:261 - Set plugin images path to: C:\ST\STM32CubeIDE_1.18.0\STM32CubeIDE\plugins\com.st.stm32cube.common.mx_6.14.0.202502271554\\db\/plugins/mcufinder/images/
2026-05-11 22:04:56,393 [WARN] DbFile:41 - Overriding database path with different value: C:\Users\hp\.stmcufinder\plugins\mcufinder/ => C:\Users\hp\.stmcufinder\plugins\mcufinder
2026-05-11 22:04:56,393 [INFO] ApiDb:250 - Set database path to: C:\Users\hp\.stmcufinder\plugins\mcufinder//mcu/
2026-05-11 22:04:56,393 [WARN] DbFile:41 - Overriding database path with different value: C:\Users\hp\.stmcufinder\plugins\mcufinder/ => C:\Users\hp\.stmcufinder\plugins\mcufinder
2026-05-11 22:04:56,393 [INFO] DbMcusAds:125 - Set database path to: C:\Users\hp\.stmcufinder\plugins\mcufinder//mcu/
2026-05-11 22:04:56,393 [WARN] DbFile:41 - Overriding database path with different value: C:\Users\hp\.stmcufinder\plugins\mcufinder/ => C:\Users\hp\.stmcufinder\plugins\mcufinder
2026-05-11 22:04:56,393 [WARN] DbFile:41 - Overriding database path with different value: C:\Users\hp\.stmcufinder\plugins\mcufinder/ => C:\Users\hp\.stmcufinder\plugins\mcufinder
2026-05-11 22:04:56,393 [INFO] CrossReferenceDbSqlite:203 - Set database path to: C:\Users\hp\.stmcufinder\plugins\mcufinder//mcu/cs/
2026-05-11 22:04:56,474 [INFO] ApplicationProperties:184 - Using Application install path: C:\ST\STM32CubeIDE_1.18.0\STM32CubeIDE\plugins\com.st.stm32cube.common.mx_6.14.0.202502271554
2026-05-11 22:04:56,478 [INFO] PluginManage:196 - Search for loadable plugins [exclusion list=, ]
2026-05-11 22:04:56,486 [INFO] PluginManage:310 - Check plugin analytics
2026-05-11 22:04:57,319 [INFO] AnalyticsPlugin:253 - Accepted Software Licenses: 
2026-05-11 22:04:57,319 [INFO] AnalyticsPlugin:255 - Accepted CMSIS Pack Licenses: 
2026-05-11 22:04:57,325 [INFO] AnalyticsPlugin:257 - Accepted Firmware Licenses: FW.F4.1.28.0,FW.L4.1.18.0
2026-05-11 22:04:57,341 [INFO] PluginManage:359 - Loaded plugin analytics (category:tool,tabindex:-1)
2026-05-11 22:04:57,343 [INFO] PluginManage:310 - Check plugin cadmodel
2026-05-11 22:04:57,371 [INFO] CADModel:105 - Init CAD model plugin
2026-05-11 22:04:57,373 [INFO] PluginManage:359 - Loaded plugin cadmodel (category:power,tabindex:5)
2026-05-11 22:04:57,373 [INFO] PluginManage:310 - Check plugin clock
2026-05-11 22:04:57,427 [INFO] PluginManage:359 - Loaded plugin clock (category:base,tabindex:2)
2026-05-11 22:04:57,429 [INFO] PluginManage:310 - Check plugin ddr
2026-05-11 22:04:57,439 [INFO] PluginManage:359 - Loaded plugin ddr (category:tool,tabindex:6)
2026-05-11 22:04:57,439 [INFO] PluginManage:310 - Check plugin filemanager
2026-05-11 22:04:57,936 [INFO] PluginManage:359 - Loaded plugin filemanager (category:base,tabindex:10)
2026-05-11 22:04:57,936 [INFO] PluginManage:310 - Check plugin ipmanager
2026-05-11 22:04:57,984 [INFO] PluginManage:359 - Loaded plugin ipmanager (category:base,tabindex:5)
2026-05-11 22:04:57,984 [INFO] PluginManage:310 - Check plugin lpbam
2026-05-11 22:04:58,024 [INFO] PluginManage:359 - Loaded plugin lpbam (category:base,tabindex:0)
2026-05-11 22:04:58,024 [INFO] PluginManage:310 - Check plugin memorymap
2026-05-11 22:04:58,089 [INFO] PluginManage:359 - Loaded plugin memorymap (category:base,tabindex:4)
2026-05-11 22:04:58,092 [INFO] PluginManage:310 - Check plugin pinoutandconfiguration
2026-05-11 22:04:58,127 [INFO] PluginManage:359 - Loaded plugin pinoutandconfiguration (category:base,tabindex:1)
2026-05-11 22:04:58,127 [INFO] PluginManage:310 - Check plugin pinoutconfig
2026-05-11 22:04:58,425 [WARN] SupportedApi:132 - Cannot load RTOS API schema: s4s-elt-must-match.1: The content of 'definitions' must match (annotation?, (simpleType | complexType)?, (unique | key | keyref)*)). A problem was found starting at: attribute.
2026-05-11 22:04:58,842 [INFO] PluginManage:359 - Loaded plugin pinoutconfig (category:base,tabindex:0)
2026-05-11 22:04:58,842 [INFO] PluginManage:310 - Check plugin power
2026-05-11 22:04:58,870 [INFO] PluginManage:359 - Loaded plugin power (category:power,tabindex:4)
2026-05-11 22:04:58,870 [INFO] PluginManage:310 - Check plugin projectmanager
2026-05-11 22:04:58,929 [INFO] PluginManage:359 - Loaded plugin projectmanager (category:projectmanager,tabindex:4)
2026-05-11 22:04:58,929 [INFO] PluginManage:310 - Check plugin rif
2026-05-11 22:04:58,945 [INFO] PluginManage:359 - Loaded plugin rif (category:base,tabindex:3)
2026-05-11 22:04:58,945 [INFO] PluginManage:310 - Check plugin thirdparty
2026-05-11 22:04:59,420 [INFO] PluginManage:359 - Loaded plugin thirdparty (category:base,tabindex:-1)
2026-05-11 22:04:59,420 [WARN] IntegrityCheckThread:84 - waiting for thirdparty lock release [integrity check]
2026-05-11 22:04:59,422 [INFO] IntegrityCheckThread:86 - entering critical section [integrity check]
2026-05-11 22:04:59,422 [INFO] PluginManage:310 - Check plugin tools
2026-05-11 22:04:59,423 [INFO] ThirdPartyUpdaterWithRetryManager:70 - Updater plugin not ready yet. [1/15]
2026-05-11 22:04:59,432 [INFO] PluginManage:359 - Loaded plugin tools (category:base,tabindex:7)
2026-05-11 22:04:59,432 [INFO] PluginManage:310 - Check plugin tutovideos
2026-05-11 22:05:00,119 [INFO] PluginManage:359 - Loaded plugin tutovideos (category:base,tabindex:-1)
2026-05-11 22:05:00,121 [INFO] PluginManage:310 - Check plugin updater
2026-05-11 22:05:00,217 [INFO] PluginManage:359 - Loaded plugin updater (category:base,tabindex:12)
2026-05-11 22:05:00,219 [INFO] PluginManage:310 - Check plugin userauth
2026-05-11 22:05:00,239 [INFO] UserAuth:118 - Init User Auth plugin
2026-05-11 22:05:00,246 [INFO] PluginManage:359 - Loaded plugin userauth (category:base,tabindex:14)
2026-05-11 22:05:00,246 [INFO] PluginManage:283 - PluginManage : Loaded plugins [18]
2026-05-11 22:05:01,764 [INFO] PinOutPanel:1589 - setPackage(No Configuration,No Configuration)
2026-05-11 22:05:02,296 [INFO] CADModel:165 - CPN selected for project level
2026-05-11 22:05:02,300 [INFO] CADModel:114 - Register for checkConnection events
2026-05-11 22:05:02,354 [INFO] IPUIPlugin:80 - create IPUIPlugin
2026-05-11 22:05:02,356 [INFO] PluginManager:220 - loadIPPluginJar : add adc
2026-05-11 22:05:02,366 [INFO] IPUIPlugin:80 - create IPUIPlugin
2026-05-11 22:05:02,368 [INFO] PluginManager:220 - loadIPPluginJar : add aes
2026-05-11 22:05:02,377 [INFO] IPUIPlugin:80 - create IPUIPlugin
2026-05-11 22:05:02,379 [INFO] PluginManager:220 - loadIPPluginJar : add can
2026-05-11 22:05:02,385 [INFO] IPUIPlugin:80 - create IPUIPlugin
2026-05-11 22:05:02,385 [INFO] PluginManager:220 - loadIPPluginJar : add comp
2026-05-11 22:05:02,392 [INFO] IPUIPlugin:80 - create IPUIPlugin
2026-05-11 22:05:02,394 [INFO] PluginManager:220 - loadIPPluginJar : add cryp
2026-05-11 22:05:02,404 [INFO] IPUIPlugin:80 - create IPUIPlugin
2026-05-11 22:05:02,406 [INFO] PluginManager:220 - loadIPPluginJar : add ddr_ctrl_phy
2026-05-11 22:05:02,414 [INFO] IPUIPlugin:80 - create IPUIPlugin
2026-05-11 22:05:02,414 [INFO] PluginManager:220 - loadIPPluginJar : add dfsdm
2026-05-11 22:05:02,420 [INFO] IPUIPlugin:80 - create IPUIPlugin
2026-05-11 22:05:02,420 [INFO] PluginManager:220 - loadIPPluginJar : add dma
2026-05-11 22:05:02,436 [INFO] ThirdPartyUpdaterWithRetryManager:70 - Updater plugin not ready yet. [2/15]
2026-05-11 22:05:02,436 [INFO] IPUIPlugin:80 - create IPUIPlugin
2026-05-11 22:05:02,436 [INFO] PluginManager:220 - loadIPPluginJar : add dma3
2026-05-11 22:05:02,445 [INFO] IPUIPlugin:80 - create IPUIPlugin
2026-05-11 22:05:02,445 [INFO] PluginManager:220 - loadIPPluginJar : add extmemmanager
2026-05-11 22:05:02,451 [INFO] IPUIPlugin:80 - create IPUIPlugin
2026-05-11 22:05:02,451 [INFO] PluginManager:220 - loadIPPluginJar : add fatfs
2026-05-11 22:05:02,466 [INFO] IPUIPlugin:80 - create IPUIPlugin
2026-05-11 22:05:02,466 [INFO] PluginManager:220 - loadIPPluginJar : add fmc
2026-05-11 22:05:02,481 [INFO] IPUIPlugin:80 - create IPUIPlugin
2026-05-11 22:05:02,483 [INFO] PluginManager:220 - loadIPPluginJar : add freertos
2026-05-11 22:05:02,487 [INFO] IPUIPlugin:80 - create IPUIPlugin
2026-05-11 22:05:02,487 [INFO] PluginManager:220 - loadIPPluginJar : add genericplugin
2026-05-11 22:05:02,497 [INFO] IPUIPlugin:80 - create IPUIPlugin
2026-05-11 22:05:02,497 [INFO] PluginManager:220 - loadIPPluginJar : add gfxmmu
2026-05-11 22:05:02,512 [INFO] IPUIPlugin:80 - create IPUIPlugin
2026-05-11 22:05:02,512 [INFO] PluginManager:220 - loadIPPluginJar : add gic
2026-05-11 22:05:02,527 [INFO] IPUIPlugin:80 - create IPUIPlugin
2026-05-11 22:05:02,530 [INFO] PluginManager:220 - loadIPPluginJar : add gpio
2026-05-11 22:05:02,559 [INFO] IPUIPlugin:80 - create IPUIPlugin
2026-05-11 22:05:02,559 [INFO] PluginManager:220 - loadIPPluginJar : add gtzc
2026-05-11 22:05:02,569 [INFO] IPUIPlugin:80 - create IPUIPlugin
2026-05-11 22:05:02,569 [INFO] PluginManager:220 - loadIPPluginJar : add hash
2026-05-11 22:05:02,581 [INFO] IPUIPlugin:80 - create IPUIPlugin
2026-05-11 22:05:02,581 [INFO] PluginManager:220 - loadIPPluginJar : add i2c
2026-05-11 22:05:02,591 [INFO] IPUIPlugin:80 - create IPUIPlugin
2026-05-11 22:05:02,591 [INFO] PluginManager:220 - loadIPPluginJar : add i2s
2026-05-11 22:05:02,600 [INFO] IPUIPlugin:80 - create IPUIPlugin
2026-05-11 22:05:02,603 [INFO] PluginManager:220 - loadIPPluginJar : add i3c
2026-05-11 22:05:02,612 [INFO] IPUIPlugin:80 - create IPUIPlugin
2026-05-11 22:05:02,612 [INFO] PluginManager:220 - loadIPPluginJar : add ipddr
2026-05-11 22:05:02,636 [INFO] IPUIPlugin:80 - create IPUIPlugin
2026-05-11 22:05:02,636 [INFO] PluginManager:220 - loadIPPluginJar : add linkedlist
2026-05-11 22:05:02,646 [INFO] IPUIPlugin:80 - create IPUIPlugin
2026-05-11 22:05:02,646 [INFO] PluginManager:220 - loadIPPluginJar : add lorawan
2026-05-11 22:05:02,654 [INFO] IPUIPlugin:80 - create IPUIPlugin
2026-05-11 22:05:02,654 [INFO] PluginManager:220 - loadIPPluginJar : add ltdc
2026-05-11 22:05:02,672 [INFO] IPUIPlugin:80 - create IPUIPlugin
2026-05-11 22:05:02,672 [INFO] PluginManager:220 - loadIPPluginJar : add mdma
2026-05-11 22:05:02,685 [INFO] IPUIPlugin:80 - create IPUIPlugin
2026-05-11 22:05:02,685 [INFO] PluginManager:220 - loadIPPluginJar : add nvic
2026-05-11 22:05:02,694 [INFO] IPUIPlugin:80 - create IPUIPlugin
2026-05-11 22:05:02,694 [INFO] PluginManager:220 - loadIPPluginJar : add opamp
2026-05-11 22:05:02,706 [INFO] IPUIPlugin:80 - create IPUIPlugin
2026-05-11 22:05:02,706 [INFO] PluginManager:220 - loadIPPluginJar : add openamp
2026-05-11 22:05:02,708 [INFO] IPUIPlugin:80 - create IPUIPlugin
2026-05-11 22:05:02,708 [INFO] PluginManager:220 - loadIPPluginJar : add pdm2pcm
2026-05-11 22:05:02,734 [INFO] IPUIPlugin:80 - create IPUIPlugin
2026-05-11 22:05:02,742 [INFO] PluginManager:220 - loadIPPluginJar : add plateformsettings
2026-05-11 22:05:02,749 [INFO] IPUIPlugin:80 - create IPUIPlugin
2026-05-11 22:05:02,749 [INFO] PluginManager:220 - loadIPPluginJar : add quadspi
2026-05-11 22:05:02,754 [INFO] IPUIPlugin:80 - create IPUIPlugin
2026-05-11 22:05:02,756 [INFO] PluginManager:220 - loadIPPluginJar : add radio
2026-05-11 22:05:02,772 [INFO] IPUIPlugin:80 - create IPUIPlugin
2026-05-11 22:05:02,772 [INFO] PluginManager:220 - loadIPPluginJar : add resmgrutility
2026-05-11 22:05:02,784 [INFO] IPUIPlugin:80 - create IPUIPlugin
2026-05-11 22:05:02,784 [INFO] PluginManager:220 - loadIPPluginJar : add sai
2026-05-11 22:05:02,792 [INFO] IPUIPlugin:80 - create IPUIPlugin
2026-05-11 22:05:02,794 [INFO] PluginManager:220 - loadIPPluginJar : add spi
2026-05-11 22:05:02,812 [INFO] IPUIPlugin:80 - create IPUIPlugin
2026-05-11 22:05:02,812 [INFO] PluginManager:220 - loadIPPluginJar : add stm32_wpan
2026-05-11 22:05:02,822 [INFO] IPUIPlugin:80 - create IPUIPlugin
2026-05-11 22:05:02,822 [INFO] PluginManager:220 - loadIPPluginJar : add tim
2026-05-11 22:05:02,836 [INFO] IPUIPlugin:80 - create IPUIPlugin
2026-05-11 22:05:02,838 [INFO] PluginManager:220 - loadIPPluginJar : add touchsensing
2026-05-11 22:05:02,844 [INFO] IPUIPlugin:80 - create IPUIPlugin
2026-05-11 22:05:02,846 [INFO] PluginManager:220 - loadIPPluginJar : add tracer_emb
2026-05-11 22:05:02,852 [INFO] IPUIPlugin:80 - create IPUIPlugin
2026-05-11 22:05:02,852 [INFO] PluginManager:220 - loadIPPluginJar : add ts
2026-05-11 22:05:02,862 [INFO] IPUIPlugin:80 - create IPUIPlugin
2026-05-11 22:05:02,862 [INFO] PluginManager:220 - loadIPPluginJar : add tsc
2026-05-11 22:05:02,870 [INFO] IPUIPlugin:80 - create IPUIPlugin
2026-05-11 22:05:02,870 [INFO] PluginManager:220 - loadIPPluginJar : add ucpd
2026-05-11 22:05:02,878 [INFO] IPUIPlugin:80 - create IPUIPlugin
2026-05-11 22:05:02,878 [INFO] PluginManager:220 - loadIPPluginJar : add usart
2026-05-11 22:05:02,885 [INFO] IPUIPlugin:80 - create IPUIPlugin
2026-05-11 22:05:02,885 [INFO] PluginManager:220 - loadIPPluginJar : add usbx
2026-05-11 22:05:03,229 [FATAL] Updater:351 - Updater called before beeing initialized
2026-05-11 22:05:03,308 [INFO] RulesReader:64 - Compatibility file has been processed (301 Rules)
2026-05-11 22:05:03,338 [INFO] RulesReader:64 - Compatibility file has been processed (301 Rules)
2026-05-11 22:05:03,359 [INFO] CADModel:165 - CPN selected for project level
2026-05-11 22:05:03,359 [INFO] CADModel:114 - Register for checkConnection events
2026-05-11 22:05:03,359 [FATAL] Updater:351 - Updater called before beeing initialized
2026-05-11 22:05:03,359 [ERROR] CADModel:125 - Updater not yet initialized, retry later 
2026-05-11 22:05:04,086 [FATAL] Updater:351 - Updater called before beeing initialized
2026-05-11 22:05:04,106 [INFO] CADModel:165 - CPN selected for project level
2026-05-11 22:05:04,106 [INFO] CADModel:114 - Register for checkConnection events
2026-05-11 22:05:04,108 [FATAL] Updater:351 - Updater called before beeing initialized
2026-05-11 22:05:04,108 [ERROR] CADModel:125 - Updater not yet initialized, retry later 
2026-05-11 22:05:04,129 [FATAL] Updater:351 - Updater called before beeing initialized
2026-05-11 22:05:04,982 [FATAL] Updater:351 - Updater called before beeing initialized
2026-05-11 22:05:04,995 [INFO] DbMcusAds:53 - JSON generation date=Mon Apr 27 13:44:29 IST 2026 (1777277669683)
2026-05-11 22:05:04,995 [FATAL] Updater:351 - Updater called before beeing initialized
2026-05-11 22:05:05,210 [WARN] DetailPanel:346 - Failed to get advertising image, set to default
2026-05-11 22:05:05,463 [INFO] ThirdPartyUpdaterWithRetryManager:70 - Updater plugin not ready yet. [3/15]
2026-05-11 22:05:06,444 [FATAL] Updater:351 - Updater called before beeing initialized
2026-05-11 22:05:06,451 [FATAL] Updater:351 - Updater called before beeing initialized
2026-05-11 22:05:06,451 [FATAL] Updater:351 - Updater called before beeing initialized
2026-05-11 22:05:06,451 [WARN] DetailPanel:346 - Failed to get advertising image, set to default
2026-05-11 22:05:06,455 [FATAL] Updater:351 - Updater called before beeing initialized
2026-05-11 22:05:06,664 [ERROR] Updater:1198 - MainUpdater not yet initialized. External WinMGr cannot be set.
2026-05-11 22:05:06,672 [INFO] Updater:1134 - Updater Version found : 6.14.0
2026-05-11 22:05:06,718 [INFO] ApplicationProperties:184 - Using Application install path: C:\ST\STM32CubeIDE_1.18.0\STM32CubeIDE\plugins\com.st.stm32cube.common.mx_6.14.0.202502271554
2026-05-11 22:05:07,824 [INFO] MainUpdater:2872 - connection check result : 10
2026-05-11 22:05:07,824 [INFO] MainUpdater:3566 - Updater definition file requires update
2026-05-11 22:05:07,831 [INFO] MainUpdater:289 - Updater Check For Update Now.
2026-05-11 22:05:07,831 [INFO] MicroXplorer:498 - Change Database Version : DB.6.0.140
2026-05-11 22:05:07,833 [INFO] McuFinderGlobals:63 - Set McuFinder mode to 2 (CubeIDE integrated)
2026-05-11 22:05:07,833 [INFO] UserAuth:171 - activating auth plugin
2026-05-11 22:05:07,853 [INFO] UserAuth:486 - Internet connection configuration mode: 1
2026-05-11 22:05:07,900 [INFO] ServerAccessManage:473 - Download File updaters.zip
2026-05-11 22:05:07,932 [INFO] JxBrowserEngine:152 - Initiate JxBrowser Engine with user profile folder
2026-05-11 22:05:08,091 [INFO] FileExtend:242 - Unzip File : updaters.zip
2026-05-11 22:05:08,091 [INFO] FileExtend:257 - Standard Zip Deflate
2026-05-11 22:05:08,468 [WARN] MainUpdater:1193 - Updater busy. Cannot search thirdparties
2026-05-11 22:05:08,472 [INFO] ThirdPartyUpdaterWithRetryManager:96 - Updater plugin is busy. [1/15]
2026-05-11 22:05:10,700 [INFO] ServerAccessManage:473 - Download File PacksControlFlags.xml
2026-05-11 22:05:12,856 [INFO] ServerAccessManage:473 - Download File cubemx.pidx
2026-05-11 22:05:13,122 [WARN] MainUpdater:1193 - Updater busy. Cannot search thirdparties
2026-05-11 22:05:13,122 [INFO] ThirdPartyUpdaterWithRetryManager:96 - Updater plugin is busy. [2/15]
2026-05-11 22:05:13,243 [INFO] LoadServerUpdatesThread:375 - End of LoadServerUpdate Thread
2026-05-11 22:05:13,627 [INFO] WebApp:169 - Instantiating new browser for Auth
2026-05-11 22:05:13,683 [INFO] CheckServerUpdateThread:120 - End of CheckServer Thread
2026-05-11 22:05:15,850 [INFO] WebApp:463 - Apply proxy settings
2026-05-11 22:05:15,852 [INFO] WebApp:548 - Chromium requires no authentication
2026-05-11 22:05:15,880 [INFO] WebApp:491 - Direct internet connection detected
2026-05-11 22:05:15,942 [INFO] WebApp:894 - Register for checkConnection events
2026-05-11 22:05:15,942 [INFO] WebApp:463 - Apply proxy settings
2026-05-11 22:05:15,942 [INFO] WebApp:548 - Chromium requires no authentication
2026-05-11 22:05:15,942 [INFO] WebApp:491 - Direct internet connection detected
2026-05-11 22:05:16,671 [INFO] WebApp:191 - Connection restablished
2026-05-11 22:05:16,697 [INFO] WebApp:225 - Starting web application
2026-05-11 22:05:16,699 [INFO] WebApp:593 - Web application path used C:\ST\STM32CubeIDE_1.18.0\STM32CubeIDE\plugins\com.st.stm32cube.common.mx_6.14.0.202502271554\db\plugins\mcufinder\reactClient1\index.html
2026-05-11 22:05:18,147 [WARN] PackLoader:240 - Cannot read IP mode file for STMicroelectronics.X-CUBE-AZRTOS-H7.3.5.0
2026-05-11 22:05:18,176 [WARN] PackLoader:240 - Cannot read IP mode file for STMicroelectronics.FP-ATR-ASTRA1.2.0.2
2026-05-11 22:05:18,213 [WARN] PackLoader:240 - Cannot read IP mode file for STMicroelectronics.X-CUBE-SMBUS.2.1.0
2026-05-11 22:05:18,264 [WARN] PackLoader:240 - Cannot read IP mode file for STMicroelectronics.X-CUBE-AZRTOS-F7.1.1.0
2026-05-11 22:05:18,282 [ERROR] Engine:466 - C:\Users\hp\.stm32cubemx\thirdparties\pdsc\STMicroelectronics.FP-SNS-MOTENV1.5.1.0.pdsc: PDSC version is not supported
2026-05-11 22:05:18,292 [ERROR] Engine:466 - C:\Users\hp\.stm32cubemx\thirdparties\pdsc\WES.I-CUBE-Cesium.1.4.0.pdsc: PDSC version is not supported
2026-05-11 22:05:18,331 [WARN] PackLoader:240 - Cannot read IP mode file for STMicroelectronics.X-CUBE-DISPLAY.3.0.0
2026-05-11 22:05:18,374 [WARN] PackLoader:240 - Cannot read IP mode file for STMicroelectronics.X-CUBE-GNSS1.7.1.1
2026-05-11 22:05:18,389 [ERROR] Engine:466 - C:\Users\hp\.stm32cubemx\thirdparties\pdsc\STMicroelectronics.FP-SNS-MOTENVWB1.1.5.0.pdsc: PDSC version is not supported
2026-05-11 22:05:18,408 [WARN] PackLoader:240 - Cannot read IP mode file for STMicroelectronics.X-CUBE-NFC10.1.0.0
2026-05-11 22:05:18,433 [WARN] PackLoader:240 - Cannot read IP mode file for STMicroelectronics.X-CUBE-ST60.1.1.0
2026-05-11 22:05:18,457 [WARN] PackLoader:240 - Cannot read IP mode file for emotas.I-CUBE-CANOPEN.1.3.0
2026-05-11 22:05:18,480 [WARN] PackLoader:240 - Cannot read IP mode file for STMicroelectronics.X-CUBE-GNSS1.7.1.0
2026-05-11 22:05:18,499 [ERROR] Engine:466 - C:\Users\hp\.stm32cubemx\thirdparties\pdsc\STMicroelectronics.FP-SNS-STBOX1.2.1.0.pdsc: PDSC version is not supported
2026-05-11 22:05:18,511 [WARN] PackLoader:240 - Cannot read IP mode file for STMicroelectronics.FP-SNS-SMARTAG2.1.2.0
2026-05-11 22:05:18,523 [WARN] PackLoader:240 - Cannot read IP mode file for STMicroelectronics.FP-SNS-FLIGHT1.5.1.0
2026-05-11 22:05:18,550 [INFO] LogOutputStream:77 - [STDOUT_REDIRECT] 1 : Invalid condition id : UX_CORESTACK_Condition cause : null
2026-05-11 22:05:18,551 [INFO] LogOutputStream:77 - [STDOUT_REDIRECT] 1 : Invalid condition id : UX_CORESTACK_Condition cause : null
2026-05-11 22:05:18,554 [INFO] LogOutputStream:77 - [STDOUT_REDIRECT] 1 : Invalid condition id : UX_CORESTACK_Condition cause : null
2026-05-11 22:05:18,557 [INFO] LogOutputStream:77 - [STDOUT_REDIRECT] 1 : Invalid condition id : UX_CORESTACK_Condition cause : null
2026-05-11 22:05:18,563 [INFO] LogOutputStream:77 - [STDOUT_REDIRECT] 1 : Invalid condition id : UX_CORESTACK_Condition cause : null
2026-05-11 22:05:18,574 [WARN] PackLoader:240 - Cannot read IP mode file for STMicroelectronics.X-CUBE-AZRTOS-WL.2.0.0
2026-05-11 22:05:18,665 [WARN] PackLoader:240 - Cannot read IP mode file for STMicroelectronics.X-CUBE-AZRTOS-H7RS.1.2.0
2026-05-11 22:05:18,690 [WARN] PackLoader:240 - Cannot read IP mode file for STMicroelectronics.X-CUBE-BLE2.3.3.0
2026-05-11 22:05:18,849 [WARN] PackLoader:240 - Cannot read IP mode file for Infineon.AIROC-Wi-Fi-Bluetooth-STM32.1.8.0
2026-05-11 22:05:18,880 [WARN] PackLoader:240 - Cannot read IP mode file for STMicroelectronics.X-CUBE-NFC9.1.0.0
2026-05-11 22:05:18,896 [WARN] PackLoader:240 - Cannot read IP mode file for STMicroelectronics.X-CUBE-BLE1.7.1.0
2026-05-11 22:05:18,918 [WARN] PackLoader:240 - Cannot read IP mode file for wolfSSL.I-CUBE-wolfMQTT.1.19.2
2026-05-11 22:05:18,950 [WARN] PackLoader:240 - Cannot read IP mode file for STMicroelectronics.X-CUBE-EEPRMA1.5.2.0
2026-05-11 22:05:18,971 [WARN] PackLoader:240 - Cannot read IP mode file for wolfSSL.I-CUBE-wolfSSL.5.8.4
2026-05-11 22:05:18,980 [ERROR] Engine:466 - C:\Users\hp\.stm32cubemx\thirdparties\pdsc\STMicroelectronics.FP-SNS-STAIOTCFT.1.1.0.pdsc: PDSC version is not supported
2026-05-11 22:05:19,106 [WARN] PackLoader:240 - Cannot read IP mode file for STMicroelectronics.X-CUBE-MEMS1.12.0.0
2026-05-11 22:05:19,382 [WARN] PackLoader:240 - Cannot read IP mode file for STMicroelectronics.X-CUBE-AZRTOS-G0.1.1.0
2026-05-11 22:05:19,403 [WARN] PackLoader:240 - Cannot read IP mode file for STMicroelectronics.X-CUBE-NFC4.3.0.0
2026-05-11 22:05:19,430 [WARN] PackLoader:240 - Cannot read IP mode file for EmbeddedOffice.I-CUBE-FS-RTOS.1.0.1
2026-05-11 22:05:19,443 [WARN] PackLoader:240 - Cannot read IP mode file for wolfSSL.I-CUBE-wolfTPM.3.8.0
2026-05-11 22:05:19,468 [WARN] PackLoader:240 - Cannot read IP mode file for STMicroelectronics.X-CUBE-TCPP.4.2.0
2026-05-11 22:05:19,488 [WARN] PackLoader:240 - Cannot read IP mode file for RealThread.X-CUBE-RT-Thread_Nano.4.1.1
2026-05-11 22:05:19,501 [WARN] PackLoader:240 - Cannot read IP mode file for STMicroelectronics.FP-ATR-SIGFOX1.3.2.0
2026-05-11 22:05:19,508 [ERROR] Engine:466 - C:\Users\hp\.stm32cubemx\thirdparties\pdsc\STMicroelectronics.X-CUBE-FREERTOS.1.5.0.pdsc: PDSC version is not supported
2026-05-11 22:05:19,529 [WARN] PackLoader:240 - Cannot read IP mode file for ITTIA_DB.I-CUBE-ITTIADB.8.9.0
2026-05-11 22:05:19,548 [WARN] PackLoader:240 - Cannot read IP mode file for Cesanta.I-CUBE-Mongoose.7.21.0
2026-05-11 22:05:19,574 [WARN] PackLoader:240 - Cannot read IP mode file for STMicroelectronics.X-CUBE-NFC6.3.2.0
2026-05-11 22:05:19,594 [WARN] PackLoader:240 - Cannot read IP mode file for STMicroelectronics.X-CUBE-AI.10.2.0
2026-05-11 22:05:19,709 [WARN] PackLoader:240 - Cannot read IP mode file for STMicroelectronics.X-CUBE-MEMS1.12.1.0
2026-05-11 22:05:19,920 [WARN] PackLoader:240 - Cannot read IP mode file for SEGGER.I-CUBE-embOS.1.3.1
2026-05-11 22:05:19,988 [WARN] PackLoader:240 - Cannot read IP mode file for STMicroelectronics.X-CUBE-ALGOBUILD.1.4.0
2026-05-11 22:05:20,001 [WARN] PackLoader:240 - Cannot read IP mode file for STMicroelectronics.X-CUBE-PM33A1.1.0.0
2026-05-11 22:05:20,035 [WARN] PackLoader:240 - Cannot read IP mode file for STMicroelectronics.X-CUBE-AZRTOS-F4.1.1.0
2026-05-11 22:05:20,049 [WARN] PackLoader:240 - Cannot read IP mode file for STMicroelectronics.X-CUBE-ISPU.2.1.0
2026-05-11 22:05:20,062 [ERROR] Engine:466 - C:\Users\hp\.stm32cubemx\thirdparties\pdsc\STMicroelectronics.X-CUBE-IPS.3.2.0.pdsc: PDSC version is not supported
2026-05-11 22:05:20,069 [WARN] PackLoader:240 - Cannot read IP mode file for STMicroelectronics.eDS-WB_DPC_TT-BIDIR.2.1.1
2026-05-11 22:05:20,081 [WARN] PackLoader:240 - Cannot read IP mode file for STMicroelectronics.X-CUBE-NFC12.1.0.0
2026-05-11 22:05:20,105 [WARN] PackLoader:240 - Cannot read IP mode file for STMicroelectronics.X-CUBE-AZRTOS-L5.2.0.0
2026-05-11 22:05:20,116 [WARN] PackLoader:240 - Cannot read IP mode file for STMicroelectronics.eDS-WB_DPC_VIENNA.1.2.0
2026-05-11 22:05:20,124 [WARN] PackLoader:240 - Cannot read IP mode file for STMicroelectronics.eDS-WB_DPC_3PH2L-BIDIR.1.1.1
2026-05-11 22:05:20,131 [ERROR] Engine:466 - C:\Users\hp\.stm32cubemx\thirdparties\pdsc\STMicroelectronics.X-CUBE-ST67W61.1.3.0.pdsc: PDSC version is not supported
2026-05-11 22:05:20,143 [WARN] PackLoader:240 - Cannot read IP mode file for STMicroelectronics.X-CUBE-TOUCHGFX.4.26.1
2026-05-11 22:05:20,155 [WARN] PackLoader:240 - Cannot read IP mode file for STMicroelectronics.FP-SNS-STAIOTCFT.1.0.0
2026-05-11 22:05:20,169 [WARN] PackLoader:240 - Cannot read IP mode file for STMicroelectronics.X-CUBE-DPower.1.3.0
2026-05-11 22:05:20,208 [WARN] ConditionMgr:438 - getConditionDescription Invalid condition id : LAN8742 Phy interface Condition cause : null
2026-05-11 22:05:20,209 [WARN] PackLoader:240 - Cannot read IP mode file for STMicroelectronics.X-CUBE-AZRTOS-L4.2.0.0
2026-05-11 22:05:20,212 [WARN] ConditionMgr:1044 - genDependencies : Invalid condition id : LAN8742 Phy interface Condition cause : null
2026-05-11 22:05:20,212 [WARN] ConditionMgr:1044 - genDependencies : Invalid condition id : LAN8742 Phy interface Condition cause : null
2026-05-11 22:05:20,213 [WARN] ConditionMgr:1044 - genDependencies : Invalid condition id : LAN8742 Phy interface Condition cause : null
2026-05-11 22:05:20,228 [WARN] PackLoader:240 - Cannot read IP mode file for STMicroelectronics.X-CUBE-SFXS2LP1.4.0.0
2026-05-11 22:05:20,246 [WARN] PackLoader:240 - Cannot read IP mode file for STMicroelectronics.X-CUBE-WB05N.2.1.0
2026-05-11 22:05:20,255 [ERROR] Engine:466 - C:\Users\hp\.stm32cubemx\thirdparties\pdsc\STMicroelectronics.X-CUBE-ST67W61.1.2.0.pdsc: PDSC version is not supported
2026-05-11 22:05:20,278 [WARN] PackLoader:240 - Cannot read IP mode file for STMicroelectronics.X-CUBE-BLEMGR.4.1.0
2026-05-11 22:05:20,310 [WARN] ConditionMgr:438 - getConditionDescription Invalid condition id : UX DEVICE CLASS RTOS Condition cause : null
2026-05-11 22:05:20,311 [WARN] ConditionMgr:438 - getConditionDescription Invalid condition id : UX DEVICE CLASS RTOS Condition cause : null
2026-05-11 22:05:20,314 [WARN] PackLoader:240 - Cannot read IP mode file for STMicroelectronics.X-CUBE-AZRTOS-WB.2.0.0
2026-05-11 22:05:20,315 [WARN] ConditionMgr:1044 - genDependencies : Invalid condition id : UX DEVICE CLASS RTOS Condition cause : null
2026-05-11 22:05:20,315 [WARN] ConditionMgr:1044 - genDependencies : Invalid condition id : UX DEVICE CLASS RTOS Condition cause : null
2026-05-11 22:05:20,316 [WARN] ConditionMgr:1044 - genDependencies : Invalid condition id : UX DEVICE CLASS RTOS Condition cause : null
2026-05-11 22:05:20,317 [WARN] ConditionMgr:1044 - genDependencies : Invalid condition id : UX DEVICE CLASS RTOS Condition cause : null
2026-05-11 22:05:20,317 [WARN] ConditionMgr:1044 - genDependencies : Invalid condition id : UX DEVICE CLASS RTOS Condition cause : null
2026-05-11 22:05:20,334 [WARN] ConditionMgr:438 - getConditionDescription Invalid condition id : Cortex-A Device cause : null
2026-05-11 22:05:20,359 [WARN] ConditionMgr:1044 - genDependencies : Invalid condition id : Cortex-A Device cause : null
2026-05-11 22:05:20,360 [WARN] ConditionMgr:1044 - genDependencies : Invalid condition id : Cortex-A Device cause : null
2026-05-11 22:05:20,361 [WARN] ConditionMgr:1044 - genDependencies : Invalid condition id : Cortex-A Device cause : null
2026-05-11 22:05:20,382 [WARN] PackLoader:240 - Cannot read IP mode file for STMicroelectronics.X-CUBE-STSE01.2.0.0
2026-05-11 22:05:20,407 [WARN] PackLoader:240 - Cannot read IP mode file for STMicroelectronics.X-CUBE-SUBG2.5.0.0
2026-05-11 22:05:20,441 [WARN] PackLoader:240 - Cannot read IP mode file for STMicroelectronics.X-CUBE-AZRTOS-G4.2.0.0
2026-05-11 22:05:20,467 [WARN] PackLoader:240 - Cannot read IP mode file for wolfSSL.I-CUBE-wolfSSH.1.4.20
2026-05-11 22:05:20,479 [WARN] PackLoader:240 - Cannot read IP mode file for STMicroelectronics.X-CUBE-NFC7.2.0.0
2026-05-11 22:05:20,493 [WARN] PackLoader:240 - Cannot read IP mode file for STMicroelectronics.X-CUBE-ALS.1.0.2
2026-05-11 22:05:20,512 [WARN] PackLoader:240 - Cannot read IP mode file for STMicroelectronics.X-CUBE-TOF1.3.4.3
2026-05-11 22:05:20,530 [INFO] ThirdParty:978 - Integrity check success = true
2026-05-11 22:05:20,530 [INFO] IntegrityCheckThread:100 - exiting critical section [integrity check]
2026-05-11 22:05:20,530 [INFO] IntegrityCheckThread:103 - End integrity checks thread
