2026-06-01 09:41:14,728 [INFO] Activator:176 - 


2026-06-01 09:41:14,741 [INFO] Activator:177 - !SESSION log4j initialized
2026-06-01 09:41:22,368 [INFO] LogOutputStream:77 - [STDOUT_REDIRECT] 
2026-06-01 09:41:27,212 [INFO] ApplicationProperties:184 - Using Application install path: C:\ST\STM32CubeIDE_1.18.0\STM32CubeIDE\plugins\com.st.stm32cube.common.mx_6.14.0.202502271554
2026-06-01 09:41:27,249 [INFO] DbMcusXml:78 - Set database path to: C:\ST\STM32CubeIDE_1.18.0\STM32CubeIDE\plugins\com.st.stm32cube.common.mx_6.14.0.202502271554\\db\/mcu/
2026-06-01 09:41:27,250 [INFO] ApiDb:274 - Set plugin database path to: C:\ST\STM32CubeIDE_1.18.0\STM32CubeIDE\plugins\com.st.stm32cube.common.mx_6.14.0.202502271554\\db\/plugins/boardmanager/
2026-06-01 09:41:27,251 [WARN] ApiDb:259 - Overriding images path with different value:  => C:\ST\STM32CubeIDE_1.18.0\STM32CubeIDE\plugins\com.st.stm32cube.common.mx_6.14.0.202502271554\\db\/plugins/mcufinder/images/
2026-06-01 09:41:27,271 [INFO] ApiDb:250 - Set database path to: C:\Users\hp\.stmcufinder\plugins\mcufinder//mcu/
2026-06-01 09:41:27,272 [INFO] DbMcusAds:125 - Set database path to: C:\Users\hp\.stmcufinder\plugins\mcufinder//mcu/
2026-06-01 09:41:27,277 [INFO] CrossReferenceDbSqlite:203 - Set database path to: C:\Users\hp\.stmcufinder\plugins\mcufinder//mcu/cs/
2026-06-01 09:41:27,485 [INFO] RulesReader:64 - Compatibility file has been processed (301 Rules)
2026-06-01 09:41:27,641 [INFO] DbMcusXml:78 - Set database path to: C:\ST\STM32CubeIDE_1.18.0\STM32CubeIDE\plugins\com.st.stm32cube.common.mx_6.14.0.202502271554\\db\/mcu/
2026-06-01 09:41:27,641 [INFO] ApiDb:274 - Set plugin database path to: C:\ST\STM32CubeIDE_1.18.0\STM32CubeIDE\plugins\com.st.stm32cube.common.mx_6.14.0.202502271554\\db\/plugins/boardmanager/
2026-06-01 09:41:27,641 [INFO] ApiDb:261 - Set plugin images path to: C:\ST\STM32CubeIDE_1.18.0\STM32CubeIDE\plugins\com.st.stm32cube.common.mx_6.14.0.202502271554\\db\/plugins/mcufinder/images/
2026-06-01 09:41:27,641 [WARN] DbFile:41 - Overriding database path with different value: C:\Users\hp\.stmcufinder\plugins\mcufinder/ => C:\Users\hp\.stmcufinder\plugins\mcufinder
2026-06-01 09:41:27,641 [INFO] ApiDb:250 - Set database path to: C:\Users\hp\.stmcufinder\plugins\mcufinder//mcu/
2026-06-01 09:41:27,641 [WARN] DbFile:41 - Overriding database path with different value: C:\Users\hp\.stmcufinder\plugins\mcufinder/ => C:\Users\hp\.stmcufinder\plugins\mcufinder
2026-06-01 09:41:27,642 [INFO] DbMcusAds:125 - Set database path to: C:\Users\hp\.stmcufinder\plugins\mcufinder//mcu/
2026-06-01 09:41:27,642 [WARN] DbFile:41 - Overriding database path with different value: C:\Users\hp\.stmcufinder\plugins\mcufinder/ => C:\Users\hp\.stmcufinder\plugins\mcufinder
2026-06-01 09:41:27,642 [WARN] DbFile:41 - Overriding database path with different value: C:\Users\hp\.stmcufinder\plugins\mcufinder/ => C:\Users\hp\.stmcufinder\plugins\mcufinder
2026-06-01 09:41:27,642 [INFO] CrossReferenceDbSqlite:203 - Set database path to: C:\Users\hp\.stmcufinder\plugins\mcufinder//mcu/cs/
2026-06-01 09:41:27,778 [INFO] MainPanel:272 - HeapMemory: 268435456
2026-06-01 09:41:27,943 [INFO] DbMcusXml:78 - Set database path to: C:\ST\STM32CubeIDE_1.18.0\STM32CubeIDE\plugins\com.st.stm32cube.common.mx_6.14.0.202502271554\\db\/mcu/
2026-06-01 09:41:27,944 [INFO] ApiDb:274 - Set plugin database path to: C:\ST\STM32CubeIDE_1.18.0\STM32CubeIDE\plugins\com.st.stm32cube.common.mx_6.14.0.202502271554\\db\/plugins/boardmanager/
2026-06-01 09:41:27,944 [INFO] ApiDb:261 - Set plugin images path to: C:\ST\STM32CubeIDE_1.18.0\STM32CubeIDE\plugins\com.st.stm32cube.common.mx_6.14.0.202502271554\\db\/plugins/mcufinder/images/
2026-06-01 09:41:27,944 [WARN] DbFile:41 - Overriding database path with different value: C:\Users\hp\.stmcufinder\plugins\mcufinder/ => C:\Users\hp\.stmcufinder\plugins\mcufinder
2026-06-01 09:41:27,944 [INFO] ApiDb:250 - Set database path to: C:\Users\hp\.stmcufinder\plugins\mcufinder//mcu/
2026-06-01 09:41:27,944 [WARN] DbFile:41 - Overriding database path with different value: C:\Users\hp\.stmcufinder\plugins\mcufinder/ => C:\Users\hp\.stmcufinder\plugins\mcufinder
2026-06-01 09:41:27,945 [INFO] DbMcusAds:125 - Set database path to: C:\Users\hp\.stmcufinder\plugins\mcufinder//mcu/
2026-06-01 09:41:27,945 [WARN] DbFile:41 - Overriding database path with different value: C:\Users\hp\.stmcufinder\plugins\mcufinder/ => C:\Users\hp\.stmcufinder\plugins\mcufinder
2026-06-01 09:41:27,945 [WARN] DbFile:41 - Overriding database path with different value: C:\Users\hp\.stmcufinder\plugins\mcufinder/ => C:\Users\hp\.stmcufinder\plugins\mcufinder
2026-06-01 09:41:27,945 [INFO] CrossReferenceDbSqlite:203 - Set database path to: C:\Users\hp\.stmcufinder\plugins\mcufinder//mcu/cs/
2026-06-01 09:41:27,971 [INFO] ApplicationProperties:184 - Using Application install path: C:\ST\STM32CubeIDE_1.18.0\STM32CubeIDE\plugins\com.st.stm32cube.common.mx_6.14.0.202502271554
2026-06-01 09:41:27,971 [INFO] PluginManage:196 - Search for loadable plugins [exclusion list=, ]
2026-06-01 09:41:27,971 [INFO] PluginManage:310 - Check plugin analytics
2026-06-01 09:41:28,366 [INFO] AnalyticsPlugin:253 - Accepted Software Licenses: 
2026-06-01 09:41:28,367 [INFO] AnalyticsPlugin:255 - Accepted CMSIS Pack Licenses: 
2026-06-01 09:41:28,367 [INFO] AnalyticsPlugin:257 - Accepted Firmware Licenses: FW.F4.1.28.0,FW.L4.1.18.0
2026-06-01 09:41:28,375 [INFO] PluginManage:359 - Loaded plugin analytics (category:tool,tabindex:-1)
2026-06-01 09:41:28,376 [INFO] PluginManage:310 - Check plugin cadmodel
2026-06-01 09:41:28,412 [INFO] CADModel:105 - Init CAD model plugin
2026-06-01 09:41:28,413 [INFO] PluginManage:359 - Loaded plugin cadmodel (category:power,tabindex:5)
2026-06-01 09:41:28,413 [INFO] PluginManage:310 - Check plugin clock
2026-06-01 09:41:28,458 [INFO] PluginManage:359 - Loaded plugin clock (category:base,tabindex:2)
2026-06-01 09:41:28,458 [INFO] PluginManage:310 - Check plugin ddr
2026-06-01 09:41:28,465 [INFO] PluginManage:359 - Loaded plugin ddr (category:tool,tabindex:6)
2026-06-01 09:41:28,465 [INFO] PluginManage:310 - Check plugin filemanager
2026-06-01 09:41:28,816 [INFO] PluginManage:359 - Loaded plugin filemanager (category:base,tabindex:10)
2026-06-01 09:41:28,816 [INFO] PluginManage:310 - Check plugin ipmanager
2026-06-01 09:41:28,826 [INFO] PluginManage:359 - Loaded plugin ipmanager (category:base,tabindex:5)
2026-06-01 09:41:28,826 [INFO] PluginManage:310 - Check plugin lpbam
2026-06-01 09:41:28,865 [INFO] PluginManage:359 - Loaded plugin lpbam (category:base,tabindex:0)
2026-06-01 09:41:28,865 [INFO] PluginManage:310 - Check plugin memorymap
2026-06-01 09:41:28,906 [INFO] PluginManage:359 - Loaded plugin memorymap (category:base,tabindex:4)
2026-06-01 09:41:28,906 [INFO] PluginManage:310 - Check plugin pinoutandconfiguration
2026-06-01 09:41:28,941 [INFO] PluginManage:359 - Loaded plugin pinoutandconfiguration (category:base,tabindex:1)
2026-06-01 09:41:28,942 [INFO] PluginManage:310 - Check plugin pinoutconfig
2026-06-01 09:41:29,120 [WARN] SupportedApi:132 - Cannot load RTOS API schema: s4s-elt-must-match.1: The content of 'definitions' must match (annotation?, (simpleType | complexType)?, (unique | key | keyref)*)). A problem was found starting at: attribute.
2026-06-01 09:41:29,353 [INFO] PluginManage:359 - Loaded plugin pinoutconfig (category:base,tabindex:0)
2026-06-01 09:41:29,354 [INFO] PluginManage:310 - Check plugin power
2026-06-01 09:41:29,388 [INFO] PluginManage:359 - Loaded plugin power (category:power,tabindex:4)
2026-06-01 09:41:29,389 [INFO] PluginManage:310 - Check plugin projectmanager
2026-06-01 09:41:29,411 [INFO] PluginManage:359 - Loaded plugin projectmanager (category:projectmanager,tabindex:4)
2026-06-01 09:41:29,411 [INFO] PluginManage:310 - Check plugin rif
2026-06-01 09:41:29,447 [INFO] PluginManage:359 - Loaded plugin rif (category:base,tabindex:3)
2026-06-01 09:41:29,447 [INFO] PluginManage:310 - Check plugin thirdparty
2026-06-01 09:41:30,023 [INFO] PluginManage:359 - Loaded plugin thirdparty (category:base,tabindex:-1)
2026-06-01 09:41:30,023 [WARN] IntegrityCheckThread:84 - waiting for thirdparty lock release [integrity check]
2026-06-01 09:41:30,023 [INFO] PluginManage:310 - Check plugin tools
2026-06-01 09:41:30,023 [INFO] IntegrityCheckThread:86 - entering critical section [integrity check]
2026-06-01 09:41:30,023 [INFO] ThirdPartyUpdaterWithRetryManager:70 - Updater plugin not ready yet. [1/15]
2026-06-01 09:41:30,103 [INFO] PluginManage:359 - Loaded plugin tools (category:base,tabindex:7)
2026-06-01 09:41:30,103 [INFO] PluginManage:310 - Check plugin tutovideos
2026-06-01 09:41:30,389 [INFO] PluginManage:359 - Loaded plugin tutovideos (category:base,tabindex:-1)
2026-06-01 09:41:30,390 [INFO] PluginManage:310 - Check plugin updater
2026-06-01 09:41:30,428 [INFO] PluginManage:359 - Loaded plugin updater (category:base,tabindex:12)
2026-06-01 09:41:30,428 [INFO] PluginManage:310 - Check plugin userauth
2026-06-01 09:41:30,434 [INFO] UserAuth:118 - Init User Auth plugin
2026-06-01 09:41:30,434 [INFO] PluginManage:359 - Loaded plugin userauth (category:base,tabindex:14)
2026-06-01 09:41:30,434 [INFO] PluginManage:283 - PluginManage : Loaded plugins [18]
2026-06-01 09:41:30,797 [INFO] PinOutPanel:1589 - setPackage(No Configuration,No Configuration)
2026-06-01 09:41:30,965 [INFO] CADModel:165 - CPN selected for project level
2026-06-01 09:41:30,966 [INFO] CADModel:114 - Register for checkConnection events
2026-06-01 09:41:31,013 [INFO] IPUIPlugin:80 - create IPUIPlugin
2026-06-01 09:41:31,015 [INFO] PluginManager:220 - loadIPPluginJar : add adc
2026-06-01 09:41:31,118 [INFO] IPUIPlugin:80 - create IPUIPlugin
2026-06-01 09:41:31,119 [INFO] PluginManager:220 - loadIPPluginJar : add aes
2026-06-01 09:41:31,222 [INFO] IPUIPlugin:80 - create IPUIPlugin
2026-06-01 09:41:31,222 [INFO] PluginManager:220 - loadIPPluginJar : add can
2026-06-01 09:41:31,274 [INFO] IPUIPlugin:80 - create IPUIPlugin
2026-06-01 09:41:31,275 [INFO] PluginManager:220 - loadIPPluginJar : add comp
2026-06-01 09:41:31,352 [INFO] IPUIPlugin:80 - create IPUIPlugin
2026-06-01 09:41:31,353 [INFO] PluginManager:220 - loadIPPluginJar : add cryp
2026-06-01 09:41:31,373 [INFO] IPUIPlugin:80 - create IPUIPlugin
2026-06-01 09:41:31,373 [INFO] PluginManager:220 - loadIPPluginJar : add ddr_ctrl_phy
2026-06-01 09:41:31,435 [INFO] IPUIPlugin:80 - create IPUIPlugin
2026-06-01 09:41:31,435 [INFO] PluginManager:220 - loadIPPluginJar : add dfsdm
2026-06-01 09:41:31,454 [INFO] IPUIPlugin:80 - create IPUIPlugin
2026-06-01 09:41:31,455 [INFO] PluginManager:220 - loadIPPluginJar : add dma
2026-06-01 09:41:31,530 [INFO] IPUIPlugin:80 - create IPUIPlugin
2026-06-01 09:41:31,530 [INFO] PluginManager:220 - loadIPPluginJar : add dma3
2026-06-01 09:41:31,607 [INFO] IPUIPlugin:80 - create IPUIPlugin
2026-06-01 09:41:31,607 [INFO] PluginManager:220 - loadIPPluginJar : add extmemmanager
2026-06-01 09:41:31,650 [INFO] IPUIPlugin:80 - create IPUIPlugin
2026-06-01 09:41:31,650 [INFO] PluginManager:220 - loadIPPluginJar : add fatfs
2026-06-01 09:41:31,746 [INFO] IPUIPlugin:80 - create IPUIPlugin
2026-06-01 09:41:31,747 [INFO] PluginManager:220 - loadIPPluginJar : add fmc
2026-06-01 09:41:31,769 [INFO] IPUIPlugin:80 - create IPUIPlugin
2026-06-01 09:41:31,769 [INFO] PluginManager:220 - loadIPPluginJar : add freertos
2026-06-01 09:41:31,809 [INFO] IPUIPlugin:80 - create IPUIPlugin
2026-06-01 09:41:31,810 [INFO] PluginManager:220 - loadIPPluginJar : add genericplugin
2026-06-01 09:41:31,978 [INFO] IPUIPlugin:80 - create IPUIPlugin
2026-06-01 09:41:31,980 [INFO] PluginManager:220 - loadIPPluginJar : add gfxmmu
2026-06-01 09:41:32,209 [INFO] IPUIPlugin:80 - create IPUIPlugin
2026-06-01 09:41:32,209 [INFO] PluginManager:220 - loadIPPluginJar : add gic
2026-06-01 09:41:32,230 [INFO] IPUIPlugin:80 - create IPUIPlugin
2026-06-01 09:41:32,231 [INFO] PluginManager:220 - loadIPPluginJar : add gpio
2026-06-01 09:41:32,420 [INFO] IPUIPlugin:80 - create IPUIPlugin
2026-06-01 09:41:32,420 [INFO] PluginManager:220 - loadIPPluginJar : add gtzc
2026-06-01 09:41:32,483 [INFO] IPUIPlugin:80 - create IPUIPlugin
2026-06-01 09:41:32,483 [INFO] PluginManager:220 - loadIPPluginJar : add hash
2026-06-01 09:41:32,593 [INFO] IPUIPlugin:80 - create IPUIPlugin
2026-06-01 09:41:32,594 [INFO] PluginManager:220 - loadIPPluginJar : add i2c
2026-06-01 09:41:32,673 [INFO] IPUIPlugin:80 - create IPUIPlugin
2026-06-01 09:41:32,673 [INFO] PluginManager:220 - loadIPPluginJar : add i2s
2026-06-01 09:41:32,748 [INFO] IPUIPlugin:80 - create IPUIPlugin
2026-06-01 09:41:32,748 [INFO] PluginManager:220 - loadIPPluginJar : add i3c
2026-06-01 09:41:32,939 [INFO] IPUIPlugin:80 - create IPUIPlugin
2026-06-01 09:41:32,940 [INFO] PluginManager:220 - loadIPPluginJar : add ipddr
2026-06-01 09:41:33,031 [INFO] ThirdPartyUpdaterWithRetryManager:70 - Updater plugin not ready yet. [2/15]
2026-06-01 09:41:33,121 [INFO] IPUIPlugin:80 - create IPUIPlugin
2026-06-01 09:41:33,122 [INFO] PluginManager:220 - loadIPPluginJar : add linkedlist
2026-06-01 09:41:33,191 [INFO] IPUIPlugin:80 - create IPUIPlugin
2026-06-01 09:41:33,191 [INFO] PluginManager:220 - loadIPPluginJar : add lorawan
2026-06-01 09:41:33,264 [INFO] IPUIPlugin:80 - create IPUIPlugin
2026-06-01 09:41:33,265 [INFO] PluginManager:220 - loadIPPluginJar : add ltdc
2026-06-01 09:41:33,291 [INFO] IPUIPlugin:80 - create IPUIPlugin
2026-06-01 09:41:33,291 [INFO] PluginManager:220 - loadIPPluginJar : add mdma
2026-06-01 09:41:33,313 [INFO] IPUIPlugin:80 - create IPUIPlugin
2026-06-01 09:41:33,313 [INFO] PluginManager:220 - loadIPPluginJar : add nvic
2026-06-01 09:41:33,382 [INFO] IPUIPlugin:80 - create IPUIPlugin
2026-06-01 09:41:33,382 [INFO] PluginManager:220 - loadIPPluginJar : add opamp
2026-06-01 09:41:33,503 [INFO] IPUIPlugin:80 - create IPUIPlugin
2026-06-01 09:41:33,503 [INFO] PluginManager:220 - loadIPPluginJar : add openamp
2026-06-01 09:41:33,578 [INFO] IPUIPlugin:80 - create IPUIPlugin
2026-06-01 09:41:33,578 [INFO] PluginManager:220 - loadIPPluginJar : add pdm2pcm
2026-06-01 09:41:33,604 [INFO] IPUIPlugin:80 - create IPUIPlugin
2026-06-01 09:41:33,608 [INFO] PluginManager:220 - loadIPPluginJar : add plateformsettings
2026-06-01 09:41:33,659 [INFO] IPUIPlugin:80 - create IPUIPlugin
2026-06-01 09:41:33,659 [INFO] PluginManager:220 - loadIPPluginJar : add quadspi
2026-06-01 09:41:33,712 [INFO] IPUIPlugin:80 - create IPUIPlugin
2026-06-01 09:41:33,712 [INFO] PluginManager:220 - loadIPPluginJar : add radio
2026-06-01 09:41:33,739 [INFO] IPUIPlugin:80 - create IPUIPlugin
2026-06-01 09:41:33,739 [INFO] PluginManager:220 - loadIPPluginJar : add resmgrutility
2026-06-01 09:41:33,882 [INFO] IPUIPlugin:80 - create IPUIPlugin
2026-06-01 09:41:33,882 [INFO] PluginManager:220 - loadIPPluginJar : add sai
2026-06-01 09:41:33,969 [INFO] IPUIPlugin:80 - create IPUIPlugin
2026-06-01 09:41:33,969 [INFO] PluginManager:220 - loadIPPluginJar : add spi
2026-06-01 09:41:34,132 [INFO] IPUIPlugin:80 - create IPUIPlugin
2026-06-01 09:41:34,132 [INFO] PluginManager:220 - loadIPPluginJar : add stm32_wpan
2026-06-01 09:41:34,175 [INFO] IPUIPlugin:80 - create IPUIPlugin
2026-06-01 09:41:34,175 [INFO] PluginManager:220 - loadIPPluginJar : add tim
2026-06-01 09:41:34,308 [INFO] IPUIPlugin:80 - create IPUIPlugin
2026-06-01 09:41:34,309 [INFO] PluginManager:220 - loadIPPluginJar : add touchsensing
2026-06-01 09:41:34,348 [INFO] IPUIPlugin:80 - create IPUIPlugin
2026-06-01 09:41:34,348 [INFO] PluginManager:220 - loadIPPluginJar : add tracer_emb
2026-06-01 09:41:34,406 [INFO] IPUIPlugin:80 - create IPUIPlugin
2026-06-01 09:41:34,406 [INFO] PluginManager:220 - loadIPPluginJar : add ts
2026-06-01 09:41:34,431 [INFO] IPUIPlugin:80 - create IPUIPlugin
2026-06-01 09:41:34,431 [INFO] PluginManager:220 - loadIPPluginJar : add tsc
2026-06-01 09:41:34,479 [INFO] IPUIPlugin:80 - create IPUIPlugin
2026-06-01 09:41:34,479 [INFO] PluginManager:220 - loadIPPluginJar : add ucpd
2026-06-01 09:41:34,558 [INFO] IPUIPlugin:80 - create IPUIPlugin
2026-06-01 09:41:34,558 [INFO] PluginManager:220 - loadIPPluginJar : add usart
2026-06-01 09:41:34,648 [INFO] IPUIPlugin:80 - create IPUIPlugin
2026-06-01 09:41:34,648 [INFO] PluginManager:220 - loadIPPluginJar : add usbx
2026-06-01 09:41:34,837 [FATAL] Updater:351 - Updater called before beeing initialized
2026-06-01 09:41:34,885 [INFO] RulesReader:64 - Compatibility file has been processed (301 Rules)
2026-06-01 09:41:34,906 [INFO] RulesReader:64 - Compatibility file has been processed (301 Rules)
2026-06-01 09:41:34,920 [INFO] CADModel:165 - CPN selected for project level
2026-06-01 09:41:34,922 [INFO] CADModel:114 - Register for checkConnection events
2026-06-01 09:41:34,922 [FATAL] Updater:351 - Updater called before beeing initialized
2026-06-01 09:41:34,922 [ERROR] CADModel:125 - Updater not yet initialized, retry later 
2026-06-01 09:41:35,203 [FATAL] Updater:351 - Updater called before beeing initialized
2026-06-01 09:41:35,203 [INFO] CADModel:165 - CPN selected for project level
2026-06-01 09:41:35,203 [INFO] CADModel:114 - Register for checkConnection events
2026-06-01 09:41:35,203 [FATAL] Updater:351 - Updater called before beeing initialized
2026-06-01 09:41:35,203 [ERROR] CADModel:125 - Updater not yet initialized, retry later 
2026-06-01 09:41:35,216 [FATAL] Updater:351 - Updater called before beeing initialized
2026-06-01 09:41:35,440 [FATAL] Updater:351 - Updater called before beeing initialized
2026-06-01 09:41:35,458 [INFO] DbMcusAds:53 - JSON generation date=Thu May 28 21:38:17 IST 2026 (1779984497073)
2026-06-01 09:41:35,458 [FATAL] Updater:351 - Updater called before beeing initialized
2026-06-01 09:41:35,532 [WARN] DetailPanel:346 - Failed to get advertising image, set to default
2026-06-01 09:41:35,860 [FATAL] Updater:351 - Updater called before beeing initialized
2026-06-01 09:41:35,860 [FATAL] Updater:351 - Updater called before beeing initialized
2026-06-01 09:41:35,860 [FATAL] Updater:351 - Updater called before beeing initialized
2026-06-01 09:41:35,860 [WARN] DetailPanel:346 - Failed to get advertising image, set to default
2026-06-01 09:41:35,876 [FATAL] Updater:351 - Updater called before beeing initialized
2026-06-01 09:41:35,979 [ERROR] Updater:1198 - MainUpdater not yet initialized. External WinMGr cannot be set.
2026-06-01 09:41:36,011 [INFO] Updater:1134 - Updater Version found : 6.14.0
2026-06-01 09:41:36,041 [INFO] ApplicationProperties:184 - Using Application install path: C:\ST\STM32CubeIDE_1.18.0\STM32CubeIDE\plugins\com.st.stm32cube.common.mx_6.14.0.202502271554
2026-06-01 09:41:36,045 [INFO] ThirdPartyUpdaterWithRetryManager:70 - Updater plugin not ready yet. [3/15]
2026-06-01 09:41:36,872 [INFO] MainUpdater:2872 - connection check result : 10
2026-06-01 09:41:36,874 [INFO] MainUpdater:289 - Updater Check For Update Now.
2026-06-01 09:41:36,874 [INFO] MicroXplorer:498 - Change Database Version : DB.6.0.140
2026-06-01 09:41:36,915 [INFO] McuFinderGlobals:63 - Set McuFinder mode to 2 (CubeIDE integrated)
2026-06-01 09:41:36,915 [INFO] UserAuth:171 - activating auth plugin
2026-06-01 09:41:36,922 [INFO] UserAuth:486 - Internet connection configuration mode: 1
2026-06-01 09:41:36,989 [INFO] JxBrowserEngine:152 - Initiate JxBrowser Engine with user profile folder
2026-06-01 09:41:37,264 [INFO] CheckServerUpdateThread:120 - End of CheckServer Thread
2026-06-01 09:41:40,174 [WARN] PackLoader:240 - Cannot read IP mode file for STMicroelectronics.X-CUBE-AZRTOS-H7.3.5.0
2026-06-01 09:41:40,242 [WARN] PackLoader:240 - Cannot read IP mode file for STMicroelectronics.FP-ATR-ASTRA1.2.0.2
2026-06-01 09:41:40,312 [WARN] PackLoader:240 - Cannot read IP mode file for STMicroelectronics.X-CUBE-SMBUS.2.1.0
2026-06-01 09:41:40,343 [INFO] WebApp:169 - Instantiating new browser for Auth
2026-06-01 09:41:40,528 [WARN] PackLoader:240 - Cannot read IP mode file for STMicroelectronics.X-CUBE-AZRTOS-F7.1.1.0
2026-06-01 09:41:40,581 [ERROR] Engine:466 - C:\Users\hp\.stm32cubemx\thirdparties\pdsc\STMicroelectronics.FP-SNS-MOTENV1.5.1.0.pdsc: PDSC version is not supported
2026-06-01 09:41:40,611 [ERROR] Engine:466 - C:\Users\hp\.stm32cubemx\thirdparties\pdsc\WES.I-CUBE-Cesium.1.4.0.pdsc: PDSC version is not supported
2026-06-01 09:41:40,647 [WARN] PackLoader:240 - Cannot read IP mode file for STMicroelectronics.X-CUBE-DISPLAY.3.0.0
2026-06-01 09:41:40,695 [WARN] PackLoader:240 - Cannot read IP mode file for STMicroelectronics.X-CUBE-GNSS1.7.1.1
2026-06-01 09:41:40,730 [ERROR] Engine:466 - C:\Users\hp\.stm32cubemx\thirdparties\pdsc\STMicroelectronics.FP-SNS-MOTENVWB1.1.5.0.pdsc: PDSC version is not supported
2026-06-01 09:41:40,783 [WARN] PackLoader:240 - Cannot read IP mode file for STMicroelectronics.X-CUBE-NFC10.1.0.0
2026-06-01 09:41:40,824 [WARN] PackLoader:240 - Cannot read IP mode file for STMicroelectronics.X-CUBE-ST60.1.1.0
2026-06-01 09:41:40,878 [WARN] PackLoader:240 - Cannot read IP mode file for emotas.I-CUBE-CANOPEN.1.3.0
2026-06-01 09:41:40,940 [WARN] PackLoader:240 - Cannot read IP mode file for STMicroelectronics.X-CUBE-GNSS1.7.1.0
2026-06-01 09:41:41,022 [ERROR] Engine:466 - C:\Users\hp\.stm32cubemx\thirdparties\pdsc\STMicroelectronics.FP-SNS-STBOX1.2.1.0.pdsc: PDSC version is not supported
2026-06-01 09:41:41,248 [WARN] PackLoader:240 - Cannot read IP mode file for STMicroelectronics.FP-SNS-SMARTAG2.1.2.0
2026-06-01 09:41:41,301 [WARN] PackLoader:240 - Cannot read IP mode file for STMicroelectronics.FP-SNS-FLIGHT1.5.1.0
2026-06-01 09:41:41,549 [INFO] LogOutputStream:77 - [STDOUT_REDIRECT] 1 : Invalid condition id : UX_CORESTACK_Condition cause : null
2026-06-01 09:41:41,554 [INFO] LogOutputStream:77 - [STDOUT_REDIRECT] 1 : Invalid condition id : UX_CORESTACK_Condition cause : null
2026-06-01 09:41:41,560 [INFO] LogOutputStream:77 - [STDOUT_REDIRECT] 1 : Invalid condition id : UX_CORESTACK_Condition cause : null
2026-06-01 09:41:41,563 [INFO] LogOutputStream:77 - [STDOUT_REDIRECT] 1 : Invalid condition id : UX_CORESTACK_Condition cause : null
2026-06-01 09:41:41,566 [INFO] LogOutputStream:77 - [STDOUT_REDIRECT] 1 : Invalid condition id : UX_CORESTACK_Condition cause : null
2026-06-01 09:41:41,574 [WARN] PackLoader:240 - Cannot read IP mode file for STMicroelectronics.X-CUBE-AZRTOS-WL.2.0.0
2026-06-01 09:41:41,662 [WARN] PackLoader:240 - Cannot read IP mode file for STMicroelectronics.X-CUBE-AZRTOS-H7RS.1.2.0
2026-06-01 09:41:41,735 [WARN] PackLoader:240 - Cannot read IP mode file for STMicroelectronics.X-CUBE-BLE2.3.3.0
2026-06-01 09:41:42,012 [WARN] PackLoader:240 - Cannot read IP mode file for Infineon.AIROC-Wi-Fi-Bluetooth-STM32.1.8.0
2026-06-01 09:41:42,151 [WARN] PackLoader:240 - Cannot read IP mode file for STMicroelectronics.X-CUBE-NFC9.1.0.0
2026-06-01 09:41:42,203 [WARN] PackLoader:240 - Cannot read IP mode file for STMicroelectronics.X-CUBE-BLE1.7.1.0
2026-06-01 09:41:42,275 [WARN] PackLoader:240 - Cannot read IP mode file for wolfSSL.I-CUBE-wolfMQTT.1.19.2
2026-06-01 09:41:42,349 [WARN] PackLoader:240 - Cannot read IP mode file for STMicroelectronics.X-CUBE-EEPRMA1.5.2.0
2026-06-01 09:41:42,386 [WARN] PackLoader:240 - Cannot read IP mode file for wolfSSL.I-CUBE-wolfSSL.5.8.4
2026-06-01 09:41:42,464 [ERROR] Engine:466 - C:\Users\hp\.stm32cubemx\thirdparties\pdsc\STMicroelectronics.FP-SNS-STAIOTCFT.1.1.0.pdsc: PDSC version is not supported
2026-06-01 09:41:42,581 [WARN] PackLoader:240 - Cannot read IP mode file for STMicroelectronics.X-CUBE-MEMS1.12.0.0
2026-06-01 09:41:42,840 [WARN] PackLoader:240 - Cannot read IP mode file for STMicroelectronics.X-CUBE-AZRTOS-G0.1.1.0
2026-06-01 09:41:42,986 [WARN] PackLoader:240 - Cannot read IP mode file for STMicroelectronics.X-CUBE-NFC4.3.0.0
2026-06-01 09:41:43,161 [WARN] PackLoader:240 - Cannot read IP mode file for EmbeddedOffice.I-CUBE-FS-RTOS.1.0.1
2026-06-01 09:41:43,300 [WARN] PackLoader:240 - Cannot read IP mode file for wolfSSL.I-CUBE-wolfTPM.3.8.0
2026-06-01 09:41:43,414 [WARN] PackLoader:240 - Cannot read IP mode file for STMicroelectronics.X-CUBE-TCPP.4.2.0
2026-06-01 09:41:43,466 [WARN] PackLoader:240 - Cannot read IP mode file for RealThread.X-CUBE-RT-Thread_Nano.4.1.1
2026-06-01 09:41:43,495 [INFO] WebApp:463 - Apply proxy settings
2026-06-01 09:41:43,495 [INFO] WebApp:548 - Chromium requires no authentication
2026-06-01 09:41:43,518 [WARN] PackLoader:240 - Cannot read IP mode file for STMicroelectronics.FP-ATR-SIGFOX1.3.2.0
2026-06-01 09:41:43,535 [INFO] WebApp:491 - Direct internet connection detected
2026-06-01 09:41:43,570 [ERROR] Engine:466 - C:\Users\hp\.stm32cubemx\thirdparties\pdsc\STMicroelectronics.X-CUBE-FREERTOS.1.5.0.pdsc: PDSC version is not supported
2026-06-01 09:41:43,618 [INFO] WebApp:894 - Register for checkConnection events
2026-06-01 09:41:43,618 [INFO] WebApp:463 - Apply proxy settings
2026-06-01 09:41:43,620 [INFO] WebApp:548 - Chromium requires no authentication
2026-06-01 09:41:43,622 [INFO] WebApp:491 - Direct internet connection detected
2026-06-01 09:41:43,623 [WARN] PackLoader:240 - Cannot read IP mode file for ITTIA_DB.I-CUBE-ITTIADB.8.9.0
2026-06-01 09:41:43,685 [WARN] PackLoader:240 - Cannot read IP mode file for Cesanta.I-CUBE-Mongoose.7.21.0
2026-06-01 09:41:43,730 [WARN] PackLoader:240 - Cannot read IP mode file for STMicroelectronics.X-CUBE-NFC6.3.2.0
2026-06-01 09:41:43,772 [WARN] PackLoader:240 - Cannot read IP mode file for STMicroelectronics.X-CUBE-AI.10.2.0
2026-06-01 09:41:44,045 [INFO] WebApp:191 - Connection restablished
2026-06-01 09:41:44,126 [WARN] PackLoader:240 - Cannot read IP mode file for STMicroelectronics.X-CUBE-MEMS1.12.1.0
2026-06-01 09:41:44,742 [WARN] PackLoader:240 - Cannot read IP mode file for SEGGER.I-CUBE-embOS.1.3.1
2026-06-01 09:41:44,991 [WARN] PackLoader:240 - Cannot read IP mode file for STMicroelectronics.X-CUBE-ALGOBUILD.1.4.0
2026-06-01 09:41:45,050 [WARN] PackLoader:240 - Cannot read IP mode file for STMicroelectronics.X-CUBE-PM33A1.1.0.0
2026-06-01 09:41:45,244 [WARN] PackLoader:240 - Cannot read IP mode file for STMicroelectronics.X-CUBE-AZRTOS-F4.1.1.0
2026-06-01 09:41:45,244 [INFO] WebApp:225 - Starting web application
2026-06-01 09:41:45,245 [INFO] WebApp:593 - Web application path used C:\ST\STM32CubeIDE_1.18.0\STM32CubeIDE\plugins\com.st.stm32cube.common.mx_6.14.0.202502271554\db\plugins\mcufinder\reactClient1\index.html
2026-06-01 09:41:45,299 [WARN] PackLoader:240 - Cannot read IP mode file for STMicroelectronics.X-CUBE-ISPU.2.1.0
2026-06-01 09:41:45,399 [ERROR] Engine:466 - C:\Users\hp\.stm32cubemx\thirdparties\pdsc\STMicroelectronics.X-CUBE-IPS.3.2.0.pdsc: PDSC version is not supported
2026-06-01 09:41:45,444 [WARN] PackLoader:240 - Cannot read IP mode file for STMicroelectronics.eDS-WB_DPC_TT-BIDIR.2.1.1
2026-06-01 09:41:45,698 [WARN] PackLoader:240 - Cannot read IP mode file for STMicroelectronics.X-CUBE-NFC12.1.0.0
2026-06-01 09:41:45,862 [WARN] PackLoader:240 - Cannot read IP mode file for STMicroelectronics.X-CUBE-AZRTOS-L5.2.0.0
2026-06-01 09:41:45,931 [WARN] PackLoader:240 - Cannot read IP mode file for STMicroelectronics.X-CUBE-ALGOBUILD.1.5.0
2026-06-01 09:41:45,973 [WARN] PackLoader:240 - Cannot read IP mode file for STMicroelectronics.eDS-WB_DPC_VIENNA.1.2.0
2026-06-01 09:41:46,015 [WARN] PackLoader:240 - Cannot read IP mode file for STMicroelectronics.eDS-WB_DPC_3PH2L-BIDIR.1.1.1
2026-06-01 09:41:46,088 [ERROR] Engine:466 - C:\Users\hp\.stm32cubemx\thirdparties\pdsc\STMicroelectronics.X-CUBE-ST67W61.1.3.0.pdsc: PDSC version is not supported
2026-06-01 09:41:46,124 [WARN] PackLoader:240 - Cannot read IP mode file for STMicroelectronics.X-CUBE-TOUCHGFX.4.26.1
2026-06-01 09:41:46,198 [WARN] PackLoader:240 - Cannot read IP mode file for STMicroelectronics.FP-SNS-STAIOTCFT.1.0.0
2026-06-01 09:41:46,250 [WARN] PackLoader:240 - Cannot read IP mode file for STMicroelectronics.X-CUBE-DPower.1.3.0
2026-06-01 09:41:46,737 [WARN] ConditionMgr:438 - getConditionDescription Invalid condition id : LAN8742 Phy interface Condition cause : null
2026-06-01 09:41:46,740 [WARN] PackLoader:240 - Cannot read IP mode file for STMicroelectronics.X-CUBE-AZRTOS-L4.2.0.0
2026-06-01 09:41:46,757 [WARN] ConditionMgr:1044 - genDependencies : Invalid condition id : LAN8742 Phy interface Condition cause : null
2026-06-01 09:41:46,758 [WARN] ConditionMgr:1044 - genDependencies : Invalid condition id : LAN8742 Phy interface Condition cause : null
2026-06-01 09:41:46,758 [WARN] ConditionMgr:1044 - genDependencies : Invalid condition id : LAN8742 Phy interface Condition cause : null
2026-06-01 09:41:46,892 [WARN] PackLoader:240 - Cannot read IP mode file for STMicroelectronics.X-CUBE-SFXS2LP1.4.0.0
2026-06-01 09:41:46,968 [WARN] PackLoader:240 - Cannot read IP mode file for STMicroelectronics.X-CUBE-WB05N.2.1.0
2026-06-01 09:41:47,010 [ERROR] Engine:466 - C:\Users\hp\.stm32cubemx\thirdparties\pdsc\STMicroelectronics.X-CUBE-ST67W61.1.2.0.pdsc: PDSC version is not supported
2026-06-01 09:41:47,095 [WARN] PackLoader:240 - Cannot read IP mode file for STMicroelectronics.X-CUBE-BLEMGR.4.1.0
2026-06-01 09:41:47,168 [WARN] ConditionMgr:438 - getConditionDescription Invalid condition id : UX DEVICE CLASS RTOS Condition cause : null
2026-06-01 09:41:47,170 [WARN] ConditionMgr:438 - getConditionDescription Invalid condition id : UX DEVICE CLASS RTOS Condition cause : null
2026-06-01 09:41:47,174 [WARN] PackLoader:240 - Cannot read IP mode file for STMicroelectronics.X-CUBE-AZRTOS-WB.2.0.0
2026-06-01 09:41:47,176 [WARN] ConditionMgr:1044 - genDependencies : Invalid condition id : UX DEVICE CLASS RTOS Condition cause : null
2026-06-01 09:41:47,176 [WARN] ConditionMgr:1044 - genDependencies : Invalid condition id : UX DEVICE CLASS RTOS Condition cause : null
2026-06-01 09:41:47,177 [WARN] ConditionMgr:1044 - genDependencies : Invalid condition id : UX DEVICE CLASS RTOS Condition cause : null
2026-06-01 09:41:47,178 [WARN] ConditionMgr:1044 - genDependencies : Invalid condition id : UX DEVICE CLASS RTOS Condition cause : null
2026-06-01 09:41:47,178 [WARN] ConditionMgr:1044 - genDependencies : Invalid condition id : UX DEVICE CLASS RTOS Condition cause : null
2026-06-01 09:41:47,233 [WARN] ConditionMgr:438 - getConditionDescription Invalid condition id : Cortex-A Device cause : null
2026-06-01 09:41:47,317 [WARN] ConditionMgr:1044 - genDependencies : Invalid condition id : Cortex-A Device cause : null
2026-06-01 09:41:47,317 [WARN] ConditionMgr:1044 - genDependencies : Invalid condition id : Cortex-A Device cause : null
2026-06-01 09:41:47,319 [WARN] ConditionMgr:1044 - genDependencies : Invalid condition id : Cortex-A Device cause : null
2026-06-01 09:41:47,359 [WARN] PackLoader:240 - Cannot read IP mode file for STMicroelectronics.X-CUBE-STSE01.2.0.0
2026-06-01 09:41:47,416 [WARN] PackLoader:240 - Cannot read IP mode file for STMicroelectronics.X-CUBE-SUBG2.5.0.0
2026-06-01 09:41:47,488 [WARN] PackLoader:240 - Cannot read IP mode file for STMicroelectronics.X-CUBE-AZRTOS-G4.2.0.0
2026-06-01 09:41:47,524 [WARN] PackLoader:240 - Cannot read IP mode file for wolfSSL.I-CUBE-wolfSSH.1.4.20
2026-06-01 09:41:47,563 [WARN] PackLoader:240 - Cannot read IP mode file for STMicroelectronics.X-CUBE-NFC7.2.0.0
2026-06-01 09:41:47,605 [WARN] PackLoader:240 - Cannot read IP mode file for STMicroelectronics.X-CUBE-ALS.1.0.2
2026-06-01 09:41:47,696 [WARN] PackLoader:240 - Cannot read IP mode file for STMicroelectronics.X-CUBE-TOF1.3.4.3
2026-06-01 09:41:47,744 [INFO] ThirdParty:978 - Integrity check success = true
2026-06-01 09:41:47,745 [INFO] IntegrityCheckThread:100 - exiting critical section [integrity check]
2026-06-01 09:41:47,745 [INFO] IntegrityCheckThread:103 - End integrity checks thread
2026-06-01 10:31:12,676 [INFO] WebApp:194 - Connection lost
2026-06-01 10:31:13,173 [INFO] WebApp:191 - Connection restablished
2026-06-01 10:35:29,029 [INFO] McuFinderGlobals:63 - Set McuFinder mode to 2 (CubeIDE integrated)
2026-06-01 10:35:29,081 [INFO] MainUpdater:2872 - connection check result : 10
2026-06-01 10:35:29,136 [INFO] McuFinderGlobals:76 - Set McuFinderConnectedMode to true
2026-06-01 10:35:29,661 [INFO] ServerAccessManage:473 - Download File mcusAds.json._tmp_
2026-06-01 10:35:29,792 [INFO] LoadUrlFilesThread:156 - End of LoadUrlFiles Thread
2026-06-01 10:35:30,093 [INFO] ServerAccessManage:473 - Download File cube-finder-db.zip
2026-06-01 10:35:35,805 [INFO] FileExtend:242 - Unzip File : cube-finder-db.zip
2026-06-01 10:35:35,805 [INFO] FileExtend:257 - Standard Zip Deflate
2026-06-01 10:35:37,762 [INFO] LoadUrlFilesThread:156 - End of LoadUrlFiles Thread
2026-06-01 10:35:38,651 [INFO] ServerAccessManage:473 - Download File crdb.zip
2026-06-01 10:35:39,560 [INFO] FileExtend:242 - Unzip File : crdb.zip
2026-06-01 10:35:39,561 [INFO] FileExtend:257 - Standard Zip Deflate
2026-06-01 10:35:39,713 [INFO] LoadUrlFilesThread:156 - End of LoadUrlFiles Thread
2026-06-01 10:35:39,869 [INFO] ServerAccessManage:473 - Download File tutoVideoDB.zip
2026-06-01 10:35:39,888 [INFO] FileExtend:242 - Unzip File : tutoVideoDB.zip
2026-06-01 10:35:39,889 [INFO] FileExtend:257 - Standard Zip Deflate
2026-06-01 10:35:40,017 [INFO] LoadUrlFilesThread:156 - End of LoadUrlFiles Thread
2026-06-01 10:35:40,025 [WARN] DbFile:41 - Overriding database path with different value: C:\Users\hp\.stmcufinder\plugins\mcufinder/ => C:\Users\hp\.stmcufinder\plugins\mcufinder
2026-06-01 10:35:40,596 [ERROR] ServerAccessManage:1089 - Problem, file not found on Server
2026-06-01 10:35:40,607 [ERROR] ServerAccessManage:651 - Problem, file not found on Server : api_config.json.
2026-06-01 10:36:03,901 [INFO] LoadUrlFilesThread:156 - End of LoadUrlFiles Thread
2026-06-01 10:36:24,576 [INFO] DbMcusAds:53 - JSON generation date=Thu May 28 21:38:17 IST 2026 (1779984497073)
2026-06-01 10:36:24,695 [ERROR] TargetSelectorAdapter:267 - Unable to refresh data
2026-06-01 10:36:25,899 [INFO] ApiDb:581 - Connected to CubeFinder SQLite database (C:\Users\hp\.stmcufinder\plugins\mcufinder\mcu\cube-finder-db.db)
2026-06-01 10:36:26,018 [INFO] ApiDb:668 - CubeFinder database Data Model version=2.1
2026-06-01 10:36:26,018 [INFO] ApiDb:669 - CubeFinder database Configuration version=3.0.42
2026-06-01 10:36:26,021 [INFO] ApiDb:670 - CubeFinder database generation date=2026-05-06 (1778060171)
2026-06-01 10:36:26,022 [INFO] ApiDb:671 - CubeFinder database FW Pack versions=[FP-ATR-ASTRA1_V2.0.0, FP-SNS-FLIGHT1_V5.1.0, FP-SNS-MOTENV1_V5.1.0, FP-SNS-MOTENVWB1_V1.5.0, FP-SNS-SMARTAG2_V1.2.0, FP-SNS-STBOX1_V2.1.0, STM32Cube_FW_C0_V1.4.0, STM32Cube_FW_F4_V1.28.3, STM32Cube_FW_F7_V1.17.4, STM32Cube_FW_G0_V1.6.3, STM32Cube_FW_G4_V1.6.2, STM32Cube_FW_H5_V1.6.0, STM32Cube_FW_H7RS_V1.3.0, STM32Cube_FW_H7_V1.13.0, STM32Cube_FW_L0_V1.12.2, STM32Cube_FW_L4_V1.18.2, STM32Cube_FW_L5_V1.6.0, STM32Cube_FW_N6_V1.3.0, STM32Cube_FW_U0_V1.3.0, STM32Cube_FW_U3_V1.3.0, STM32Cube_FW_U5_V1.8.0, STM32Cube_FW_WB0_V1.4.0, STM32Cube_FW_WBA_V1.9.0, STM32Cube_FW_WB_V1.24.0, STM32Cube_FW_WL3_V1.4.0, STM32Cube_FW_WL_V1.5.0, X-CUBE-ALGOBUILD_V1.4.0, X-CUBE-ALS_V1.0.2, X-CUBE-AZRTOS-F4_V1.1.0, X-CUBE-AZRTOS-F7_V1.1.0, X-CUBE-AZRTOS-G0_V1.1.0, X-CUBE-AZRTOS-G4_V2.0.0, X-CUBE-AZRTOS-H7RS_V1.1.0, X-CUBE-AZRTOS-H7_V3.5.0, X-CUBE-AZRTOS-L4_V2.0.0, X-CUBE-AZRTOS-L5_V2.0.0, X-CUBE-AZRTOS-WB_V2.0.0, X-CUBE-AZRTOS-WL_V2.0.0, X-CUBE-BLE1_V7.1.0, X-CUBE-BLE2_V3.3.0, X-CUBE-BLEMGR_V4.1.0, X-CUBE-EEPRMA1_V5.2.0, X-CUBE-FREERTOS_V1.5.0, X-CUBE-GNSS1_V6.0.0, X-CUBE-MEMS1_V12.0.0, X-CUBE-NFC4_V3.0.0, X-CUBE-NFC7_V2.0.0, X-CUBE-SFXS2LP1_V4.0.0, X-CUBE-ST67W61_V1.2.0, X-CUBE-SUBG2_V5.0.0, X-CUBE-TOF1_V3.4.3]
2026-06-01 10:36:26,145 [INFO] DbBoardsSqlite:226 - include board P-NUCLEO-WB55-NUCLEO as a kit item of type 'Nucleo-64'
2026-06-01 10:36:26,146 [INFO] DbBoardsSqlite:226 - include board P-NUCLEO-WB55-USBDONGLE as a kit item of type 'Nucleo USB Dongle'
2026-06-01 10:36:26,146 [INFO] DbBoardsSqlite:226 - include board STEVAL-IDP005V1 as a kit item of type 'Evaluation Board'
2026-06-01 10:36:26,147 [INFO] DbBoardsSqlite:226 - include board STEVAL-IDP005V2 as a kit item of type 'Evaluation Board'
2026-06-01 10:36:26,280 [INFO] ApiDb:240 - Found 895 in-development CPN: [B-G473E-ZEST1S, B-WB1M-WPAN1, B-WBA5M-WPAN, B-WL5M-SUBG1, NUCLEO-C031C6, NUCLEO-C051C8, NUCLEO-C071RB, NUCLEO-C092RC, NUCLEO-H503RB, NUCLEO-H533RE, NUCLEO-H563ZI, NUCLEO-H7S3L8, NUCLEO-N657X0-Q, NUCLEO-U031R8, NUCLEO-U083RC, NUCLEO-U385RG-Q, NUCLEO-U545RE-Q, NUCLEO-U5A5ZJ-Q, NUCLEO-WB05KZ, NUCLEO-WB07CC, NUCLEO-WB09KE, NUCLEO-WBA52CG, NUCLEO-WBA55CG, NUCLEO-WBA65RI, NUCLEO-WL33CC1, NUCLEO-WL33CC2, STEVAL-PROTEUS1, STEVAL-SMARTAG2, STEVAL-STWINBX1, STM320518-EVAL, STM32C0116-DK, STM32C011D6Y3TR, STM32C011D6Y6TR, STM32C011F4P3, STM32C011F4P6, STM32C011F4U3, STM32C011F4U6TR, STM32C011F6P3, STM32C011F6P6, STM32C011F6U3, STM32C011F6U6TR, STM32C011J4M3, STM32C011J4M6, STM32C011J6M3, STM32C011J6M6, STM32C0316-DK, STM32C031C4T3, STM32C031C4T6, STM32C031C4U3, STM32C031C4U6, STM32C031C6T3, STM32C031C6T6, STM32C031C6U3, STM32C031C6U6, STM32C031F4P3, STM32C031F4P6, STM32C031F6P3, STM32C031F6P6, STM32C031G4U3, STM32C031G4U6, STM32C031G6U3, STM32C031G6U6, STM32C031K4T3, STM32C031K4T6, STM32C031K4U3, STM32C031K4U6, STM32C031K6T3, STM32C031K6T6, STM32C031K6U3, STM32C031K6U6, STM32C051C6T6, STM32C051C6U6, STM32C051C8T6, STM32C051C8U6, STM32C051D8Y6TR, STM32C051F6P6, STM32C051F8P6, STM32C051G6U6, STM32C051G8U6, STM32C051K6T6, STM32C051K6U6, STM32C051K8T6, STM32C071C8T6, STM32C071C8T6N, STM32C071C8U6, STM32C071C8U6N, STM32C071CBT6, STM32C071CBT6N, STM32C071CBU6, STM32C071CBU6N, STM32C071F8P6, STM32C071F8P6N, STM32C071FBP6, STM32C071FBP6N, STM32C071FBY6TR, STM32C071G8U6, STM32C071G8U6N, STM32C071GBU6, STM32C071GBU6N, STM32C071K8T6, STM32C071K8T6N, STM32C071K8U6, STM32C071K8U6N, STM32C071KBT6, STM32C071KBT6N, STM32C071KBU6, STM32C071KBU6N, STM32C071R8T6, STM32C071R8T6N, STM32C071RBI6N, STM32C071RBT6, STM32C071RBT6N, STM32C091CBT6, STM32C091CBU6, STM32C091CCT6, STM32C091CCU6, STM32C091ECY6TR, STM32C091FBP6, STM32C091FCP6, STM32C091GBU6, STM32C091GCU6, STM32C091KBT6, STM32C091KBU6, STM32C091KCT6, STM32C091KCU6, STM32C091RBT6, STM32C091RCI6, STM32C091RCT6, STM32C092CBT6, STM32C092CBU6, STM32C092CCT6, STM32C092CCU6, STM32C092ECY6TR, STM32C092FBP6, STM32C092FCP6, STM32C092GBU6, STM32C092GCU6, STM32C092KBT6, STM32C092KBU6, STM32C092KCT6, STM32C092KCU6, STM32C092RBT6, STM32C092RCI6, STM32C092RCT6, STM32G071K8TXN, STM32G071K8UXN, STM32G081GBU6N, STM32G081KBT6N, STM32G081KBUXN, STM32G0B1CCT6N, STM32G0B1KCT6, STM32G0B1NEY6TR, STM32G0B1RCT6N, STM32G0C1CCT6, STM32G0C1CCT6N, STM32G0C1CCU6N, STM32G0C1CET6N, STM32G0C1CEU6N, STM32G0C1KCT6, STM32G0C1NEY6TR, STM32G0C1RCI6N, STM32G0C1RCT6N, STM32G0C1REI6N, STM32G0C1RET6N, STM32G0C1VCI6, STM32G0C1VEI6, STM32G411C6T3, STM32G411C6T6, STM32G411C6U3, STM32G411C6U6, STM32G411C8T3, STM32G411C8T6, STM32G411C8U3, STM32G411C8U6, STM32G411CBT3, STM32G411CBT6, STM32G411CBU3, STM32G411CBU6, STM32G411CCT3, STM32G411CCT6, STM32G411CCU3, STM32G411CCU6, STM32G411K6T3, STM32G411K6T6, STM32G411K6U3, STM32G411K6U6, STM32G411K8T3, STM32G411K8T6, STM32G411K8U3, STM32G411K8U6, STM32G411KBT3, STM32G411KBT6, STM32G411KBU3, STM32G411KBU6, STM32G411M6T3, STM32G411M6T6, STM32G411M8T3, STM32G411M8T6, STM32G411MBT3, STM32G411MBT6, STM32G411MCT3, STM32G411MCT6, STM32G411R6T3, STM32G411R6T6, STM32G411R8T3, STM32G411R8T6, STM32G411RBT3, STM32G411RBT6, STM32G411RCT3, STM32G411RCT6, STM32G414CBT3, STM32G414CBT6, STM32G414CBU3, STM32G414CBU6, STM32G414CCT3, STM32G414CCT6, STM32G414CCU3, STM32G414CCU6, STM32G414MBT3, STM32G414MBT6, STM32G414MCT3, STM32G414MCT6, STM32G414RBT3, STM32G414RBT6, STM32G414RCT3, STM32G414RCT6, STM32G414VBT3, STM32G414VBT6, STM32G414VCT3, STM32G414VCT6, STM32G431CBT3Z, STM32G431RBT3Z, STM32G471CCT6, STM32G471CCU6, STM32G471CET3, STM32G471CET6, STM32G471CEU3, STM32G471CEU6, STM32G471MCT6, STM32G471MET3, STM32G471MET6, STM32G471MEY6TR, STM32G471QCT6, STM32G471QET3, STM32G471RCT6, STM32G471RET3, STM32G471RET6, STM32G471VCH6, STM32G471VCI6, STM32G471VCT6, STM32G471VEH3, STM32G471VEH6, STM32G471VEI3, STM32G471VEI6, STM32G471VET3, STM32G471VET6, STM32G473QET3Z, STM32G473RET3Z, STM32G474CCT6, STM32G491RET3Z, STM32H503CBT6, STM32H503CBU6, STM32H503EBY6TR, STM32H503KBU6, STM32H503RBT6, STM32H523CCT6, STM32H523CCU6, STM32H523CET6, STM32H523CEU6, STM32H523HEY6TR, STM32H523RCT6, STM32H523RET6, STM32H523VCI6, STM32H523VCT6, STM32H523VEI6, STM32H523VET6, STM32H523ZCJ6, STM32H523ZCT6, STM32H523ZEJ6, STM32H523ZET6, STM32H533CET6, STM32H533CEU6, STM32H533HEY6TR, STM32H533RET6, STM32H533VEI6, STM32H533VET6, STM32H533ZEJ6, STM32H533ZET6, STM32H562AGI6, STM32H562AII6, STM32H562IGK6, STM32H562IGT6, STM32H562IIK6, STM32H562IIT6, STM32H562RGT6, STM32H562RGV6, STM32H562RIT6, STM32H562RIV6, STM32H562VGT6, STM32H562VIT6, STM32H562ZGT6, STM32H562ZIT6, STM32H563AGI6, STM32H563AII3Q, STM32H563AII6, STM32H563IGK6, STM32H563IGT6, STM32H563IIK3Q, STM32H563IIK6, STM32H563IIT3Q, STM32H563IIT6, STM32H563MIY3QTR, STM32H563RGT6, STM32H563RGV6, STM32H563RIT6, STM32H563RIV6, STM32H563VGT6, STM32H563VIT3Q, STM32H563VIT6, STM32H563ZGT6, STM32H563ZIT3Q, STM32H563ZIT6, STM32H573AII3Q, STM32H573AII6, STM32H573I-DK, STM32H573IIK3Q, STM32H573IIK6, STM32H573IIT3Q, STM32H573IIT6, STM32H573MIY3QTR, STM32H573RIT6, STM32H573RIV6, STM32H573VIT3Q, STM32H573VIT6, STM32H573ZIT3Q, STM32H573ZIT6, STM32H7R3A8I6, STM32H7R3I8K6, STM32H7R3I8T6, STM32H7R3L8H6, STM32H7R3L8H6H, STM32H7R3R8V6, STM32H7R3V8H6, STM32H7R3V8T6, STM32H7R3V8Y6TR, STM32H7R3Z8J6, STM32H7R3Z8T6, STM32H7R7A8I6, STM32H7R7I8K6, STM32H7R7I8T6, STM32H7R7L8H6, STM32H7R7L8H6H, STM32H7R7Z8J6, STM32H7S3A8I6, STM32H7S3I8K6, STM32H7S3I8T6, STM32H7S3L8H6, STM32H7S3L8H6H, STM32H7S3R8V6, STM32H7S3V8H6, STM32H7S3V8T6, STM32H7S3V8Y6TR, STM32H7S3Z8J6, STM32H7S3Z8T6, STM32H7S78-DK, STM32H7S7A8I6, STM32H7S7I8K6, STM32H7S7I8T6, STM32H7S7L8H6, STM32H7S7L8H6H, STM32H7S7Z8J6, STM32L4R5QGI6STR, STM32MP131AAE3, STM32MP131AAF3, STM32MP131AAG3, STM32MP131CAE3, STM32MP131CAF3, STM32MP131CAG3, STM32MP131DAE7, STM32MP131DAF7, STM32MP131DAG7, STM32MP131FAE7, STM32MP131FAF7, STM32MP131FAG7, STM32MP133AAE3, STM32MP133AAF3, STM32MP133AAG3, STM32MP133CAE3, STM32MP133CAF3, STM32MP133CAG3, STM32MP133DAE7, STM32MP133DAF7, STM32MP133DAG7, STM32MP133FAE7, STM32MP133FAF7, STM32MP133FAG7, STM32MP135AAE3, STM32MP135AAF3, STM32MP135AAG3, STM32MP135CAE3, STM32MP135CAF3, STM32MP135CAG3, STM32MP135DAE7, STM32MP135DAF7, STM32MP135DAG7, STM32MP135F-DK, STM32MP135FAE7, STM32MP135FAF7, STM32MP135FAF7T, STM32MP135FAF7U, STM32MP135FAG7, STM32MP231AAJ3, STM32MP231AAK3, STM32MP231AAL3, STM32MP231CAJ3, STM32MP231CAK3, STM32MP231CAL3, STM32MP231DAJ3, STM32MP231DAK3, STM32MP231DAL3, STM32MP231FAJ3, STM32MP231FAK3, STM32MP231FAL3, STM32MP233AAJ3, STM32MP233AAK3, STM32MP233AAL3, STM32MP233CAJ3, STM32MP233CAK3, STM32MP233CAL3, STM32MP233DAJ3, STM32MP233DAK3, STM32MP233DAL3, STM32MP233FAJ3, STM32MP233FAK3, STM32MP233FAL3, STM32MP235AAJ3, STM32MP235AAK3, STM32MP235AAL3, STM32MP235CAJ3, STM32MP235CAK3, STM32MP235CAL3, STM32MP235DAJ3, STM32MP235DAK3, STM32MP235DAL3, STM32MP235FAJ3, STM32MP235FAK3, STM32MP235FAL3, STM32MP251AAI3, STM32MP251AAJ3, STM32MP251AAK3, STM32MP251AAL3, STM32MP251CAI3, STM32MP251CAJ3, STM32MP251CAK3, STM32MP251CAL3, STM32MP251DAI3, STM32MP251DAJ3, STM32MP251DAK3, STM32MP251DAL3, STM32MP251FAI3, STM32MP251FAJ3, STM32MP251FAK3, STM32MP251FAL3, STM32MP253AAI3, STM32MP253AAJ3, STM32MP253AAK3, STM32MP253AAL3, STM32MP253CAI3, STM32MP253CAJ3, STM32MP253CAK3, STM32MP253CAL3, STM32MP253DAI3, STM32MP253DAJ3, STM32MP253DAK3, STM32MP253DAL3, STM32MP253FAI3, STM32MP253FAJ3, STM32MP253FAK3, STM32MP253FAL3, STM32MP255AAI3, STM32MP255AAJ3, STM32MP255AAK3, STM32MP255AAL3, STM32MP255CAI3, STM32MP255CAJ3, STM32MP255CAK3, STM32MP255CAL3, STM32MP255DAI3, STM32MP255DAJ3, STM32MP255DAK3, STM32MP255DAL3, STM32MP255FAI3, STM32MP255FAJ3, STM32MP255FAK3, STM32MP255FAL3, STM32MP257AAI3, STM32MP257AAJ3, STM32MP257AAK3, STM32MP257AAL3, STM32MP257CAI3, STM32MP257CAJ3, STM32MP257CAK3, STM32MP257CAL3, STM32MP257DAI3, STM32MP257DAJ3, STM32MP257DAK3, STM32MP257DAL3, STM32MP257F-DK, STM32MP257F-EV1, STM32MP257FAI3, STM32MP257FAJ3, STM32MP257FAK3, STM32MP257FAL3, STM32N645A0H3Q, STM32N645B0H3Q, STM32N645I0H3Q, STM32N645L0H3Q, STM32N645X0H3Q, STM32N645Z0H3Q, STM32N647A0H3Q, STM32N647B0H3Q, STM32N647I0H3Q, STM32N647L0H3Q, STM32N647X0H3Q, STM32N647Z0H3Q, STM32N655A0H3Q, STM32N655B0H3Q, STM32N655I0H3Q, STM32N655L0H3Q, STM32N655X0H3Q, STM32N655Z0H3Q, STM32N6570-DK, STM32N657A0H3Q, STM32N657B0H3Q, STM32N657I0H3Q, STM32N657L0H3Q, STM32N657X0H3Q, STM32N657Z0H3Q, STM32U031C6T6, STM32U031C6U6, STM32U031C8T6, STM32U031C8U6, STM32U031F4P6, STM32U031F6P6, STM32U031F8P6, STM32U031G6Y6TR, STM32U031G8Y6TR, STM32U031K4U6, STM32U031K6U6, STM32U031K8U6, STM32U031R6I6, STM32U031R6T6, STM32U031R8I6, STM32U031R8T6, STM32U073C8T6, STM32U073C8U6, STM32U073CBT6, STM32U073CBU6, STM32U073CCT6, STM32U073CCU6, STM32U073H8Y6TR, STM32U073HBY6TR, STM32U073HCY6TR, STM32U073K8U6, STM32U073KBU6, STM32U073KCU6, STM32U073M8I6, STM32U073M8T6, STM32U073MBI6, STM32U073MBT6, STM32U073MCI6, STM32U073MCT6, STM32U073R8I6, STM32U073R8T6, STM32U073RBI6, STM32U073RBT6, STM32U073RCI6, STM32U073RCT6, STM32U083C-DK, STM32U083CCT6, STM32U083CCU6, STM32U083HCY6TR, STM32U083KCU6, STM32U083MCI6, STM32U083MCT6, STM32U083RCI6, STM32U083RCT6, STM32U375CET6, STM32U375CET6Q, STM32U375CEU6, STM32U375CEU6Q, STM32U375CEY6QTR, STM32U375CGT6, STM32U375CGT6Q, STM32U375CGU6, STM32U375CGU6Q, STM32U375CGY6QTR, STM32U375KEU6, STM32U375KGU6, STM32U375REI6, STM32U375REI6Q, STM32U375RET6, STM32U375RET6Q, STM32U375REY6GTR, STM32U375REY6QTR, STM32U375RGI6, STM32U375RGI6Q, STM32U375RGT6, STM32U375RGT6Q, STM32U375RGY6GTR, STM32U375RGY6QTR, STM32U375VEI6, STM32U375VEI6Q, STM32U375VET6, STM32U375VET6Q, STM32U375VGI6, STM32U375VGI6Q, STM32U375VGT6, STM32U375VGT6Q, STM32U385CGT6, STM32U385CGT6Q, STM32U385CGU6, STM32U385CGU6Q, STM32U385CGY6QTR, STM32U385KGU6, STM32U385RGI6, STM32U385RGI6Q, STM32U385RGT6, STM32U385RGT6Q, STM32U385RGY6GTR, STM32U385RGY6QTR, STM32U385VGI6, STM32U385VGI6Q, STM32U385VGT6, STM32U385VGT6Q, STM32U535CBT6, STM32U535CBT6Q, STM32U535CBU6, STM32U535CBU6Q, STM32U535CCT6, STM32U535CCT6Q, STM32U535CCU6, STM32U535CCU6Q, STM32U535CET6, STM32U535CET6Q, STM32U535CEU6, STM32U535CEU6Q, STM32U535JEY6QTR, STM32U535NCY6QTR, STM32U535NEY6QTR, STM32U535RBI6, STM32U535RBI6Q, STM32U535RBT6, STM32U535RBT6Q, STM32U535RCI6, STM32U535RCI6Q, STM32U535RCT6, STM32U535RCT6Q, STM32U535REI6, STM32U535REI6Q, STM32U535RET6, STM32U535RET6Q, STM32U535VCI6, STM32U535VCI6Q, STM32U535VCT6, STM32U535VCT6Q, STM32U535VEI6, STM32U535VEI6Q, STM32U535VET6, STM32U535VET6Q, STM32U545CET6, STM32U545CET6Q, STM32U545CEU6, STM32U545CEU6Q, STM32U545JEY6QTR, STM32U545NEY6QTR, STM32U545REI6, STM32U545REI6Q, STM32U545RET6, STM32U545RET6Q, STM32U545VEI6, STM32U545VEI6Q, STM32U545VET6, STM32U545VET6Q, STM32U595AIH6, STM32U595AIH6Q, STM32U595AJH6, STM32U595AJH6Q, STM32U595QII6, STM32U595QII6Q, STM32U595QJI6, STM32U595QJI6Q, STM32U595RIT6, STM32U595RIT6Q, STM32U595RJT6, STM32U595RJT6Q, STM32U595VIT6, STM32U595VIT6Q, STM32U595VJT6, STM32U595VJT6Q, STM32U595ZIT6, STM32U595ZIT6Q, STM32U595ZIY6QTR, STM32U595ZJT6, STM32U595ZJT6Q, STM32U595ZJY6QTR, STM32U599BJY6QTR, STM32U599NIH6Q, STM32U599NJH6Q, STM32U599VIT6Q, STM32U599VJT6, STM32U599VJT6Q, STM32U599ZIT6Q, STM32U599ZIY6QTR, STM32U599ZJT6Q, STM32U599ZJY6QTR, STM32U5A5AJH6, STM32U5A5AJH6Q, STM32U5A5QII3Q , STM32U5A5QJI6, STM32U5A5QJI6Q, STM32U5A5RJT6, STM32U5A5RJT6Q, STM32U5A5VJT6, STM32U5A5VJT6Q, STM32U5A5ZJT6, STM32U5A5ZJT6Q, STM32U5A5ZJY6QTR, STM32U5A9BJY6QTR, STM32U5A9J-DK, STM32U5A9NJH6Q, STM32U5A9VJT6Q, STM32U5A9ZJT6Q, STM32U5A9ZJY6QTR, STM32U5F7VIT6, STM32U5F7VIT6Q, STM32U5F7VJT6, STM32U5F7VJT6Q, STM32U5F9BJY6QTR, STM32U5F9NJH6Q, STM32U5F9VIT6Q, STM32U5F9VJT6Q, STM32U5F9ZIJ6QTR, STM32U5F9ZIT6Q, STM32U5F9ZJJ6QTR, STM32U5F9ZJT6Q, STM32U5G7VJT6, STM32U5G7VJT6Q, STM32U5G9BJY6QTR, STM32U5G9J-DK1, STM32U5G9J-DK2, STM32U5G9NJH6Q, STM32U5G9VJT6Q, STM32U5G9ZJJ6QTR, STM32U5G9ZJT6Q, STM32WB05KZV6TR, STM32WB05KZV7TR, STM32WB05TZF6TR, STM32WB05TZF7TR, STM32WB06CCF6TR, STM32WB06CCF7TR, STM32WB06CCV6TR, STM32WB06CCV7TR, STM32WB06KCV6TR, STM32WB06KCV7TR, STM32WB07CCF6TR, STM32WB07CCF7TR, STM32WB07CCV6TR, STM32WB07CCV7TR, STM32WB07KCV6TR, STM32WB07KCV7TR, STM32WB09KEV6TR, STM32WB09KEV7TR, STM32WB09TEF6TR, STM32WB09TEF7TR, STM32WB1MMCH6, STM32WBA50KGU6, STM32WBA50KGU6TR, STM32WBA52CEU6, STM32WBA52CEU6TR, STM32WBA52CEU7, STM32WBA52CEU7TR, STM32WBA52CGU6, STM32WBA52CGU6TR, STM32WBA52CGU6U, STM32WBA52CGU7, STM32WBA52CGU7TR, STM32WBA52KEU6, STM32WBA52KEU6TR, STM32WBA52KGU6, STM32WBA52KGU6TR, STM32WBA54CEU6, STM32WBA54CEU6TR, STM32WBA54CEU7, STM32WBA54CEU7TR, STM32WBA54CGU6, STM32WBA54CGU6TR, STM32WBA54CGU7, STM32WBA54CGU7TR, STM32WBA54KEU6, STM32WBA54KEU6TR, STM32WBA54KEU7, STM32WBA54KEU7TR, STM32WBA54KGU6, STM32WBA54KGU6TR, STM32WBA54KGU7, STM32WBA54KGU7TR, STM32WBA55CEU6, STM32WBA55CEU6TR, STM32WBA55CEU7, STM32WBA55CEU7TR, STM32WBA55CGU6, STM32WBA55CGU6TR, STM32WBA55CGU6U, STM32WBA55CGU7, STM32WBA55CGU7TR, STM32WBA55G-DK1, STM32WBA55HEF6, STM32WBA55HEF7, STM32WBA55HGF6, STM32WBA55HGF7, STM32WBA55UEI6, STM32WBA55UEI6TR, STM32WBA55UEI7, STM32WBA55UEI7TR, STM32WBA55UGI6, STM32WBA55UGI6TR, STM32WBA55UGI7, STM32WBA55UGI7TR, STM32WBA5MJGH6TR, STM32WBA62CGU6, STM32WBA62CIU6, STM32WBA62MGF6, STM32WBA62MIF6, STM32WBA62PGI6, STM32WBA62PII6, STM32WBA63CGU6, STM32WBA63CGU7, STM32WBA63CIU6, STM32WBA63CIU7, STM32WBA64CGU6, STM32WBA64CGU7, STM32WBA64CIU6, STM32WBA64CIU7, STM32WBA65CGU6, STM32WBA65CGU7, STM32WBA65CIU6, STM32WBA65CIU7, STM32WBA65I-DK1, STM32WBA65MGF6, STM32WBA65MGF7, STM32WBA65MIF6, STM32WBA65MIF7, STM32WBA65PGI6, STM32WBA65PGI7, STM32WBA65PII6, STM32WBA65PII7, STM32WBA65RGV6, STM32WBA65RGV7, STM32WBA65RIV6, STM32WBA65RIV7, STM32WL30K8V6, STM32WL30KBV6, STM32WL31C8V6, STM32WL31CBV6, STM32WL31K8V6, STM32WL31KBV6, STM32WL33C8V6, STM32WL33C8V6TR, STM32WL33C8V7, STM32WL33C8V7TR, STM32WL33CBV6, STM32WL33CBV6TR, STM32WL33CBV7, STM32WL33CBV7TR, STM32WL33CCV6, STM32WL33CCV6TR, STM32WL33CCV7, STM32WL33CCV7A, STM32WL33CCV7ATR, STM32WL33CCV7TR, STM32WL33K8V6, STM32WL33K8V6TR, STM32WL33K8V7, STM32WL33K8V7TR, STM32WL33KBV6, STM32WL33KBV6TR, STM32WL33KBV7, STM32WL33KBV7TR, STM32WL33KCV6, STM32WL33KCV6TR, STM32WL33KCV7, STM32WL33KCV7TR, STM32WL5MOCH6, STM32WL5MOCH6TR]
2026-06-01 10:36:26,295 [INFO] ApiDb:668 - CubeFinder database Data Model version=2.1
2026-06-01 10:36:26,295 [INFO] ApiDb:669 - CubeFinder database Configuration version=3.0.42
2026-06-01 10:36:26,295 [INFO] ApiDb:670 - CubeFinder database generation date=2026-05-06 (1778060171)
2026-06-01 10:36:26,295 [INFO] ApiDb:671 - CubeFinder database FW Pack versions=[FP-ATR-ASTRA1_V2.0.0, FP-SNS-FLIGHT1_V5.1.0, FP-SNS-MOTENV1_V5.1.0, FP-SNS-MOTENVWB1_V1.5.0, FP-SNS-SMARTAG2_V1.2.0, FP-SNS-STBOX1_V2.1.0, STM32Cube_FW_C0_V1.4.0, STM32Cube_FW_F4_V1.28.3, STM32Cube_FW_F7_V1.17.4, STM32Cube_FW_G0_V1.6.3, STM32Cube_FW_G4_V1.6.2, STM32Cube_FW_H5_V1.6.0, STM32Cube_FW_H7RS_V1.3.0, STM32Cube_FW_H7_V1.13.0, STM32Cube_FW_L0_V1.12.2, STM32Cube_FW_L4_V1.18.2, STM32Cube_FW_L5_V1.6.0, STM32Cube_FW_N6_V1.3.0, STM32Cube_FW_U0_V1.3.0, STM32Cube_FW_U3_V1.3.0, STM32Cube_FW_U5_V1.8.0, STM32Cube_FW_WB0_V1.4.0, STM32Cube_FW_WBA_V1.9.0, STM32Cube_FW_WB_V1.24.0, STM32Cube_FW_WL3_V1.4.0, STM32Cube_FW_WL_V1.5.0, X-CUBE-ALGOBUILD_V1.4.0, X-CUBE-ALS_V1.0.2, X-CUBE-AZRTOS-F4_V1.1.0, X-CUBE-AZRTOS-F7_V1.1.0, X-CUBE-AZRTOS-G0_V1.1.0, X-CUBE-AZRTOS-G4_V2.0.0, X-CUBE-AZRTOS-H7RS_V1.1.0, X-CUBE-AZRTOS-H7_V3.5.0, X-CUBE-AZRTOS-L4_V2.0.0, X-CUBE-AZRTOS-L5_V2.0.0, X-CUBE-AZRTOS-WB_V2.0.0, X-CUBE-AZRTOS-WL_V2.0.0, X-CUBE-BLE1_V7.1.0, X-CUBE-BLE2_V3.3.0, X-CUBE-BLEMGR_V4.1.0, X-CUBE-EEPRMA1_V5.2.0, X-CUBE-FREERTOS_V1.5.0, X-CUBE-GNSS1_V6.0.0, X-CUBE-MEMS1_V12.0.0, X-CUBE-NFC4_V3.0.0, X-CUBE-NFC7_V2.0.0, X-CUBE-SFXS2LP1_V4.0.0, X-CUBE-ST67W61_V1.2.0, X-CUBE-SUBG2_V5.0.0, X-CUBE-TOF1_V3.4.3]
2026-06-01 10:36:30,598 [INFO] ApiDb:240 - Found 895 in-development CPN: [B-G473E-ZEST1S, B-WB1M-WPAN1, B-WBA5M-WPAN, B-WL5M-SUBG1, NUCLEO-C031C6, NUCLEO-C051C8, NUCLEO-C071RB, NUCLEO-C092RC, NUCLEO-H503RB, NUCLEO-H533RE, NUCLEO-H563ZI, NUCLEO-H7S3L8, NUCLEO-N657X0-Q, NUCLEO-U031R8, NUCLEO-U083RC, NUCLEO-U385RG-Q, NUCLEO-U545RE-Q, NUCLEO-U5A5ZJ-Q, NUCLEO-WB05KZ, NUCLEO-WB07CC, NUCLEO-WB09KE, NUCLEO-WBA52CG, NUCLEO-WBA55CG, NUCLEO-WBA65RI, NUCLEO-WL33CC1, NUCLEO-WL33CC2, STEVAL-PROTEUS1, STEVAL-SMARTAG2, STEVAL-STWINBX1, STM320518-EVAL, STM32C0116-DK, STM32C011D6Y3TR, STM32C011D6Y6TR, STM32C011F4P3, STM32C011F4P6, STM32C011F4U3, STM32C011F4U6TR, STM32C011F6P3, STM32C011F6P6, STM32C011F6U3, STM32C011F6U6TR, STM32C011J4M3, STM32C011J4M6, STM32C011J6M3, STM32C011J6M6, STM32C0316-DK, STM32C031C4T3, STM32C031C4T6, STM32C031C4U3, STM32C031C4U6, STM32C031C6T3, STM32C031C6T6, STM32C031C6U3, STM32C031C6U6, STM32C031F4P3, STM32C031F4P6, STM32C031F6P3, STM32C031F6P6, STM32C031G4U3, STM32C031G4U6, STM32C031G6U3, STM32C031G6U6, STM32C031K4T3, STM32C031K4T6, STM32C031K4U3, STM32C031K4U6, STM32C031K6T3, STM32C031K6T6, STM32C031K6U3, STM32C031K6U6, STM32C051C6T6, STM32C051C6U6, STM32C051C8T6, STM32C051C8U6, STM32C051D8Y6TR, STM32C051F6P6, STM32C051F8P6, STM32C051G6U6, STM32C051G8U6, STM32C051K6T6, STM32C051K6U6, STM32C051K8T6, STM32C071C8T6, STM32C071C8T6N, STM32C071C8U6, STM32C071C8U6N, STM32C071CBT6, STM32C071CBT6N, STM32C071CBU6, STM32C071CBU6N, STM32C071F8P6, STM32C071F8P6N, STM32C071FBP6, STM32C071FBP6N, STM32C071FBY6TR, STM32C071G8U6, STM32C071G8U6N, STM32C071GBU6, STM32C071GBU6N, STM32C071K8T6, STM32C071K8T6N, STM32C071K8U6, STM32C071K8U6N, STM32C071KBT6, STM32C071KBT6N, STM32C071KBU6, STM32C071KBU6N, STM32C071R8T6, STM32C071R8T6N, STM32C071RBI6N, STM32C071RBT6, STM32C071RBT6N, STM32C091CBT6, STM32C091CBU6, STM32C091CCT6, STM32C091CCU6, STM32C091ECY6TR, STM32C091FBP6, STM32C091FCP6, STM32C091GBU6, STM32C091GCU6, STM32C091KBT6, STM32C091KBU6, STM32C091KCT6, STM32C091KCU6, STM32C091RBT6, STM32C091RCI6, STM32C091RCT6, STM32C092CBT6, STM32C092CBU6, STM32C092CCT6, STM32C092CCU6, STM32C092ECY6TR, STM32C092FBP6, STM32C092FCP6, STM32C092GBU6, STM32C092GCU6, STM32C092KBT6, STM32C092KBU6, STM32C092KCT6, STM32C092KCU6, STM32C092RBT6, STM32C092RCI6, STM32C092RCT6, STM32G071K8TXN, STM32G071K8UXN, STM32G081GBU6N, STM32G081KBT6N, STM32G081KBUXN, STM32G0B1CCT6N, STM32G0B1KCT6, STM32G0B1NEY6TR, STM32G0B1RCT6N, STM32G0C1CCT6, STM32G0C1CCT6N, STM32G0C1CCU6N, STM32G0C1CET6N, STM32G0C1CEU6N, STM32G0C1KCT6, STM32G0C1NEY6TR, STM32G0C1RCI6N, STM32G0C1RCT6N, STM32G0C1REI6N, STM32G0C1RET6N, STM32G0C1VCI6, STM32G0C1VEI6, STM32G411C6T3, STM32G411C6T6, STM32G411C6U3, STM32G411C6U6, STM32G411C8T3, STM32G411C8T6, STM32G411C8U3, STM32G411C8U6, STM32G411CBT3, STM32G411CBT6, STM32G411CBU3, STM32G411CBU6, STM32G411CCT3, STM32G411CCT6, STM32G411CCU3, STM32G411CCU6, STM32G411K6T3, STM32G411K6T6, STM32G411K6U3, STM32G411K6U6, STM32G411K8T3, STM32G411K8T6, STM32G411K8U3, STM32G411K8U6, STM32G411KBT3, STM32G411KBT6, STM32G411KBU3, STM32G411KBU6, STM32G411M6T3, STM32G411M6T6, STM32G411M8T3, STM32G411M8T6, STM32G411MBT3, STM32G411MBT6, STM32G411MCT3, STM32G411MCT6, STM32G411R6T3, STM32G411R6T6, STM32G411R8T3, STM32G411R8T6, STM32G411RBT3, STM32G411RBT6, STM32G411RCT3, STM32G411RCT6, STM32G414CBT3, STM32G414CBT6, STM32G414CBU3, STM32G414CBU6, STM32G414CCT3, STM32G414CCT6, STM32G414CCU3, STM32G414CCU6, STM32G414MBT3, STM32G414MBT6, STM32G414MCT3, STM32G414MCT6, STM32G414RBT3, STM32G414RBT6, STM32G414RCT3, STM32G414RCT6, STM32G414VBT3, STM32G414VBT6, STM32G414VCT3, STM32G414VCT6, STM32G431CBT3Z, STM32G431RBT3Z, STM32G471CCT6, STM32G471CCU6, STM32G471CET3, STM32G471CET6, STM32G471CEU3, STM32G471CEU6, STM32G471MCT6, STM32G471MET3, STM32G471MET6, STM32G471MEY6TR, STM32G471QCT6, STM32G471QET3, STM32G471RCT6, STM32G471RET3, STM32G471RET6, STM32G471VCH6, STM32G471VCI6, STM32G471VCT6, STM32G471VEH3, STM32G471VEH6, STM32G471VEI3, STM32G471VEI6, STM32G471VET3, STM32G471VET6, STM32G473QET3Z, STM32G473RET3Z, STM32G474CCT6, STM32G491RET3Z, STM32H503CBT6, STM32H503CBU6, STM32H503EBY6TR, STM32H503KBU6, STM32H503RBT6, STM32H523CCT6, STM32H523CCU6, STM32H523CET6, STM32H523CEU6, STM32H523HEY6TR, STM32H523RCT6, STM32H523RET6, STM32H523VCI6, STM32H523VCT6, STM32H523VEI6, STM32H523VET6, STM32H523ZCJ6, STM32H523ZCT6, STM32H523ZEJ6, STM32H523ZET6, STM32H533CET6, STM32H533CEU6, STM32H533HEY6TR, STM32H533RET6, STM32H533VEI6, STM32H533VET6, STM32H533ZEJ6, STM32H533ZET6, STM32H562AGI6, STM32H562AII6, STM32H562IGK6, STM32H562IGT6, STM32H562IIK6, STM32H562IIT6, STM32H562RGT6, STM32H562RGV6, STM32H562RIT6, STM32H562RIV6, STM32H562VGT6, STM32H562VIT6, STM32H562ZGT6, STM32H562ZIT6, STM32H563AGI6, STM32H563AII3Q, STM32H563AII6, STM32H563IGK6, STM32H563IGT6, STM32H563IIK3Q, STM32H563IIK6, STM32H563IIT3Q, STM32H563IIT6, STM32H563MIY3QTR, STM32H563RGT6, STM32H563RGV6, STM32H563RIT6, STM32H563RIV6, STM32H563VGT6, STM32H563VIT3Q, STM32H563VIT6, STM32H563ZGT6, STM32H563ZIT3Q, STM32H563ZIT6, STM32H573AII3Q, STM32H573AII6, STM32H573I-DK, STM32H573IIK3Q, STM32H573IIK6, STM32H573IIT3Q, STM32H573IIT6, STM32H573MIY3QTR, STM32H573RIT6, STM32H573RIV6, STM32H573VIT3Q, STM32H573VIT6, STM32H573ZIT3Q, STM32H573ZIT6, STM32H7R3A8I6, STM32H7R3I8K6, STM32H7R3I8T6, STM32H7R3L8H6, STM32H7R3L8H6H, STM32H7R3R8V6, STM32H7R3V8H6, STM32H7R3V8T6, STM32H7R3V8Y6TR, STM32H7R3Z8J6, STM32H7R3Z8T6, STM32H7R7A8I6, STM32H7R7I8K6, STM32H7R7I8T6, STM32H7R7L8H6, STM32H7R7L8H6H, STM32H7R7Z8J6, STM32H7S3A8I6, STM32H7S3I8K6, STM32H7S3I8T6, STM32H7S3L8H6, STM32H7S3L8H6H, STM32H7S3R8V6, STM32H7S3V8H6, STM32H7S3V8T6, STM32H7S3V8Y6TR, STM32H7S3Z8J6, STM32H7S3Z8T6, STM32H7S78-DK, STM32H7S7A8I6, STM32H7S7I8K6, STM32H7S7I8T6, STM32H7S7L8H6, STM32H7S7L8H6H, STM32H7S7Z8J6, STM32L4R5QGI6STR, STM32MP131AAE3, STM32MP131AAF3, STM32MP131AAG3, STM32MP131CAE3, STM32MP131CAF3, STM32MP131CAG3, STM32MP131DAE7, STM32MP131DAF7, STM32MP131DAG7, STM32MP131FAE7, STM32MP131FAF7, STM32MP131FAG7, STM32MP133AAE3, STM32MP133AAF3, STM32MP133AAG3, STM32MP133CAE3, STM32MP133CAF3, STM32MP133CAG3, STM32MP133DAE7, STM32MP133DAF7, STM32MP133DAG7, STM32MP133FAE7, STM32MP133FAF7, STM32MP133FAG7, STM32MP135AAE3, STM32MP135AAF3, STM32MP135AAG3, STM32MP135CAE3, STM32MP135CAF3, STM32MP135CAG3, STM32MP135DAE7, STM32MP135DAF7, STM32MP135DAG7, STM32MP135F-DK, STM32MP135FAE7, STM32MP135FAF7, STM32MP135FAF7T, STM32MP135FAF7U, STM32MP135FAG7, STM32MP231AAJ3, STM32MP231AAK3, STM32MP231AAL3, STM32MP231CAJ3, STM32MP231CAK3, STM32MP231CAL3, STM32MP231DAJ3, STM32MP231DAK3, STM32MP231DAL3, STM32MP231FAJ3, STM32MP231FAK3, STM32MP231FAL3, STM32MP233AAJ3, STM32MP233AAK3, STM32MP233AAL3, STM32MP233CAJ3, STM32MP233CAK3, STM32MP233CAL3, STM32MP233DAJ3, STM32MP233DAK3, STM32MP233DAL3, STM32MP233FAJ3, STM32MP233FAK3, STM32MP233FAL3, STM32MP235AAJ3, STM32MP235AAK3, STM32MP235AAL3, STM32MP235CAJ3, STM32MP235CAK3, STM32MP235CAL3, STM32MP235DAJ3, STM32MP235DAK3, STM32MP235DAL3, STM32MP235FAJ3, STM32MP235FAK3, STM32MP235FAL3, STM32MP251AAI3, STM32MP251AAJ3, STM32MP251AAK3, STM32MP251AAL3, STM32MP251CAI3, STM32MP251CAJ3, STM32MP251CAK3, STM32MP251CAL3, STM32MP251DAI3, STM32MP251DAJ3, STM32MP251DAK3, STM32MP251DAL3, STM32MP251FAI3, STM32MP251FAJ3, STM32MP251FAK3, STM32MP251FAL3, STM32MP253AAI3, STM32MP253AAJ3, STM32MP253AAK3, STM32MP253AAL3, STM32MP253CAI3, STM32MP253CAJ3, STM32MP253CAK3, STM32MP253CAL3, STM32MP253DAI3, STM32MP253DAJ3, STM32MP253DAK3, STM32MP253DAL3, STM32MP253FAI3, STM32MP253FAJ3, STM32MP253FAK3, STM32MP253FAL3, STM32MP255AAI3, STM32MP255AAJ3, STM32MP255AAK3, STM32MP255AAL3, STM32MP255CAI3, STM32MP255CAJ3, STM32MP255CAK3, STM32MP255CAL3, STM32MP255DAI3, STM32MP255DAJ3, STM32MP255DAK3, STM32MP255DAL3, STM32MP255FAI3, STM32MP255FAJ3, STM32MP255FAK3, STM32MP255FAL3, STM32MP257AAI3, STM32MP257AAJ3, STM32MP257AAK3, STM32MP257AAL3, STM32MP257CAI3, STM32MP257CAJ3, STM32MP257CAK3, STM32MP257CAL3, STM32MP257DAI3, STM32MP257DAJ3, STM32MP257DAK3, STM32MP257DAL3, STM32MP257F-DK, STM32MP257F-EV1, STM32MP257FAI3, STM32MP257FAJ3, STM32MP257FAK3, STM32MP257FAL3, STM32N645A0H3Q, STM32N645B0H3Q, STM32N645I0H3Q, STM32N645L0H3Q, STM32N645X0H3Q, STM32N645Z0H3Q, STM32N647A0H3Q, STM32N647B0H3Q, STM32N647I0H3Q, STM32N647L0H3Q, STM32N647X0H3Q, STM32N647Z0H3Q, STM32N655A0H3Q, STM32N655B0H3Q, STM32N655I0H3Q, STM32N655L0H3Q, STM32N655X0H3Q, STM32N655Z0H3Q, STM32N6570-DK, STM32N657A0H3Q, STM32N657B0H3Q, STM32N657I0H3Q, STM32N657L0H3Q, STM32N657X0H3Q, STM32N657Z0H3Q, STM32U031C6T6, STM32U031C6U6, STM32U031C8T6, STM32U031C8U6, STM32U031F4P6, STM32U031F6P6, STM32U031F8P6, STM32U031G6Y6TR, STM32U031G8Y6TR, STM32U031K4U6, STM32U031K6U6, STM32U031K8U6, STM32U031R6I6, STM32U031R6T6, STM32U031R8I6, STM32U031R8T6, STM32U073C8T6, STM32U073C8U6, STM32U073CBT6, STM32U073CBU6, STM32U073CCT6, STM32U073CCU6, STM32U073H8Y6TR, STM32U073HBY6TR, STM32U073HCY6TR, STM32U073K8U6, STM32U073KBU6, STM32U073KCU6, STM32U073M8I6, STM32U073M8T6, STM32U073MBI6, STM32U073MBT6, STM32U073MCI6, STM32U073MCT6, STM32U073R8I6, STM32U073R8T6, STM32U073RBI6, STM32U073RBT6, STM32U073RCI6, STM32U073RCT6, STM32U083C-DK, STM32U083CCT6, STM32U083CCU6, STM32U083HCY6TR, STM32U083KCU6, STM32U083MCI6, STM32U083MCT6, STM32U083RCI6, STM32U083RCT6, STM32U375CET6, STM32U375CET6Q, STM32U375CEU6, STM32U375CEU6Q, STM32U375CEY6QTR, STM32U375CGT6, STM32U375CGT6Q, STM32U375CGU6, STM32U375CGU6Q, STM32U375CGY6QTR, STM32U375KEU6, STM32U375KGU6, STM32U375REI6, STM32U375REI6Q, STM32U375RET6, STM32U375RET6Q, STM32U375REY6GTR, STM32U375REY6QTR, STM32U375RGI6, STM32U375RGI6Q, STM32U375RGT6, STM32U375RGT6Q, STM32U375RGY6GTR, STM32U375RGY6QTR, STM32U375VEI6, STM32U375VEI6Q, STM32U375VET6, STM32U375VET6Q, STM32U375VGI6, STM32U375VGI6Q, STM32U375VGT6, STM32U375VGT6Q, STM32U385CGT6, STM32U385CGT6Q, STM32U385CGU6, STM32U385CGU6Q, STM32U385CGY6QTR, STM32U385KGU6, STM32U385RGI6, STM32U385RGI6Q, STM32U385RGT6, STM32U385RGT6Q, STM32U385RGY6GTR, STM32U385RGY6QTR, STM32U385VGI6, STM32U385VGI6Q, STM32U385VGT6, STM32U385VGT6Q, STM32U535CBT6, STM32U535CBT6Q, STM32U535CBU6, STM32U535CBU6Q, STM32U535CCT6, STM32U535CCT6Q, STM32U535CCU6, STM32U535CCU6Q, STM32U535CET6, STM32U535CET6Q, STM32U535CEU6, STM32U535CEU6Q, STM32U535JEY6QTR, STM32U535NCY6QTR, STM32U535NEY6QTR, STM32U535RBI6, STM32U535RBI6Q, STM32U535RBT6, STM32U535RBT6Q, STM32U535RCI6, STM32U535RCI6Q, STM32U535RCT6, STM32U535RCT6Q, STM32U535REI6, STM32U535REI6Q, STM32U535RET6, STM32U535RET6Q, STM32U535VCI6, STM32U535VCI6Q, STM32U535VCT6, STM32U535VCT6Q, STM32U535VEI6, STM32U535VEI6Q, STM32U535VET6, STM32U535VET6Q, STM32U545CET6, STM32U545CET6Q, STM32U545CEU6, STM32U545CEU6Q, STM32U545JEY6QTR, STM32U545NEY6QTR, STM32U545REI6, STM32U545REI6Q, STM32U545RET6, STM32U545RET6Q, STM32U545VEI6, STM32U545VEI6Q, STM32U545VET6, STM32U545VET6Q, STM32U595AIH6, STM32U595AIH6Q, STM32U595AJH6, STM32U595AJH6Q, STM32U595QII6, STM32U595QII6Q, STM32U595QJI6, STM32U595QJI6Q, STM32U595RIT6, STM32U595RIT6Q, STM32U595RJT6, STM32U595RJT6Q, STM32U595VIT6, STM32U595VIT6Q, STM32U595VJT6, STM32U595VJT6Q, STM32U595ZIT6, STM32U595ZIT6Q, STM32U595ZIY6QTR, STM32U595ZJT6, STM32U595ZJT6Q, STM32U595ZJY6QTR, STM32U599BJY6QTR, STM32U599NIH6Q, STM32U599NJH6Q, STM32U599VIT6Q, STM32U599VJT6, STM32U599VJT6Q, STM32U599ZIT6Q, STM32U599ZIY6QTR, STM32U599ZJT6Q, STM32U599ZJY6QTR, STM32U5A5AJH6, STM32U5A5AJH6Q, STM32U5A5QII3Q , STM32U5A5QJI6, STM32U5A5QJI6Q, STM32U5A5RJT6, STM32U5A5RJT6Q, STM32U5A5VJT6, STM32U5A5VJT6Q, STM32U5A5ZJT6, STM32U5A5ZJT6Q, STM32U5A5ZJY6QTR, STM32U5A9BJY6QTR, STM32U5A9J-DK, STM32U5A9NJH6Q, STM32U5A9VJT6Q, STM32U5A9ZJT6Q, STM32U5A9ZJY6QTR, STM32U5F7VIT6, STM32U5F7VIT6Q, STM32U5F7VJT6, STM32U5F7VJT6Q, STM32U5F9BJY6QTR, STM32U5F9NJH6Q, STM32U5F9VIT6Q, STM32U5F9VJT6Q, STM32U5F9ZIJ6QTR, STM32U5F9ZIT6Q, STM32U5F9ZJJ6QTR, STM32U5F9ZJT6Q, STM32U5G7VJT6, STM32U5G7VJT6Q, STM32U5G9BJY6QTR, STM32U5G9J-DK1, STM32U5G9J-DK2, STM32U5G9NJH6Q, STM32U5G9VJT6Q, STM32U5G9ZJJ6QTR, STM32U5G9ZJT6Q, STM32WB05KZV6TR, STM32WB05KZV7TR, STM32WB05TZF6TR, STM32WB05TZF7TR, STM32WB06CCF6TR, STM32WB06CCF7TR, STM32WB06CCV6TR, STM32WB06CCV7TR, STM32WB06KCV6TR, STM32WB06KCV7TR, STM32WB07CCF6TR, STM32WB07CCF7TR, STM32WB07CCV6TR, STM32WB07CCV7TR, STM32WB07KCV6TR, STM32WB07KCV7TR, STM32WB09KEV6TR, STM32WB09KEV7TR, STM32WB09TEF6TR, STM32WB09TEF7TR, STM32WB1MMCH6, STM32WBA50KGU6, STM32WBA50KGU6TR, STM32WBA52CEU6, STM32WBA52CEU6TR, STM32WBA52CEU7, STM32WBA52CEU7TR, STM32WBA52CGU6, STM32WBA52CGU6TR, STM32WBA52CGU6U, STM32WBA52CGU7, STM32WBA52CGU7TR, STM32WBA52KEU6, STM32WBA52KEU6TR, STM32WBA52KGU6, STM32WBA52KGU6TR, STM32WBA54CEU6, STM32WBA54CEU6TR, STM32WBA54CEU7, STM32WBA54CEU7TR, STM32WBA54CGU6, STM32WBA54CGU6TR, STM32WBA54CGU7, STM32WBA54CGU7TR, STM32WBA54KEU6, STM32WBA54KEU6TR, STM32WBA54KEU7, STM32WBA54KEU7TR, STM32WBA54KGU6, STM32WBA54KGU6TR, STM32WBA54KGU7, STM32WBA54KGU7TR, STM32WBA55CEU6, STM32WBA55CEU6TR, STM32WBA55CEU7, STM32WBA55CEU7TR, STM32WBA55CGU6, STM32WBA55CGU6TR, STM32WBA55CGU6U, STM32WBA55CGU7, STM32WBA55CGU7TR, STM32WBA55G-DK1, STM32WBA55HEF6, STM32WBA55HEF7, STM32WBA55HGF6, STM32WBA55HGF7, STM32WBA55UEI6, STM32WBA55UEI6TR, STM32WBA55UEI7, STM32WBA55UEI7TR, STM32WBA55UGI6, STM32WBA55UGI6TR, STM32WBA55UGI7, STM32WBA55UGI7TR, STM32WBA5MJGH6TR, STM32WBA62CGU6, STM32WBA62CIU6, STM32WBA62MGF6, STM32WBA62MIF6, STM32WBA62PGI6, STM32WBA62PII6, STM32WBA63CGU6, STM32WBA63CGU7, STM32WBA63CIU6, STM32WBA63CIU7, STM32WBA64CGU6, STM32WBA64CGU7, STM32WBA64CIU6, STM32WBA64CIU7, STM32WBA65CGU6, STM32WBA65CGU7, STM32WBA65CIU6, STM32WBA65CIU7, STM32WBA65I-DK1, STM32WBA65MGF6, STM32WBA65MGF7, STM32WBA65MIF6, STM32WBA65MIF7, STM32WBA65PGI6, STM32WBA65PGI7, STM32WBA65PII6, STM32WBA65PII7, STM32WBA65RGV6, STM32WBA65RGV7, STM32WBA65RIV6, STM32WBA65RIV7, STM32WL30K8V6, STM32WL30KBV6, STM32WL31C8V6, STM32WL31CBV6, STM32WL31K8V6, STM32WL31KBV6, STM32WL33C8V6, STM32WL33C8V6TR, STM32WL33C8V7, STM32WL33C8V7TR, STM32WL33CBV6, STM32WL33CBV6TR, STM32WL33CBV7, STM32WL33CBV7TR, STM32WL33CCV6, STM32WL33CCV6TR, STM32WL33CCV7, STM32WL33CCV7A, STM32WL33CCV7ATR, STM32WL33CCV7TR, STM32WL33K8V6, STM32WL33K8V6TR, STM32WL33K8V7, STM32WL33K8V7TR, STM32WL33KBV6, STM32WL33KBV6TR, STM32WL33KBV7, STM32WL33KBV7TR, STM32WL33KCV6, STM32WL33KCV6TR, STM32WL33KCV7, STM32WL33KCV7TR, STM32WL5MOCH6, STM32WL5MOCH6TR]
2026-06-01 10:36:30,610 [INFO] DbMcus:218 - Found 5082 MCUs, 4964 are supported
2026-06-01 10:36:30,614 [INFO] ApiDb:423 - Load user favorites file C:\Users\hp/.stm32cubeide/favorites.mcus.txt: 0 item(s)
2026-06-01 10:36:30,614 [INFO] ApiDb:427 - User favorites MCUs=[]
2026-06-01 10:36:30,615 [INFO] DbMcus:224 - Set 0 / 0 favorites MCUs
2026-06-01 10:36:32,396 [INFO] BoardInfo:889 - No configuration file found for board NUCLEO-H5E5ZJ
2026-06-01 10:36:32,399 [INFO] DbBoards:161 - Board is not supported: NUCLEO-H5E5ZJ
2026-06-01 10:36:32,563 [INFO] BoardInfo:889 - No configuration file found for board NUCLEO-U3C5ZI-Q
2026-06-01 10:36:32,565 [INFO] DbBoards:161 - Board is not supported: NUCLEO-U3C5ZI-Q
2026-06-01 10:36:32,612 [INFO] BoardInfo:889 - No configuration file found for board NUCLEO-WBA25CE1
2026-06-01 10:36:32,615 [INFO] DbBoards:161 - Board is not supported: NUCLEO-WBA25CE1
2026-06-01 10:36:32,648 [INFO] BoardInfo:889 - No configuration file found for board NUCLEO-WL3RKB1
2026-06-01 10:36:32,650 [INFO] DbBoards:161 - Board is not supported: NUCLEO-WL3RKB1
2026-06-01 10:36:32,653 [INFO] BoardInfo:889 - No configuration file found for board NUCLEO-WL3RKB2
2026-06-01 10:36:32,657 [INFO] DbBoards:161 - Board is not supported: NUCLEO-WL3RKB2
2026-06-01 10:36:32,684 [INFO] BoardInfo:889 - No configuration file found for board P-NUCLEO-WB55
2026-06-01 10:36:32,687 [INFO] DbBoards:161 - Kit is not supported: P-NUCLEO-WB55
2026-06-01 10:36:32,707 [INFO] BoardInfo:889 - No configuration file found for board STEVAL-BFA001V1B
2026-06-01 10:36:32,710 [INFO] DbBoards:161 - Kit is not supported: STEVAL-BFA001V1B
2026-06-01 10:36:32,713 [INFO] BoardInfo:889 - No configuration file found for board STEVAL-BFA001V2B
2026-06-01 10:36:32,716 [INFO] DbBoards:161 - Kit is not supported: STEVAL-BFA001V2B
2026-06-01 10:36:33,076 [INFO] BoardInfo:889 - No configuration file found for board STM32H5F5J-DK
2026-06-01 10:36:33,080 [INFO] DbBoards:161 - Board is not supported: STM32H5F5J-DK
2026-06-01 10:36:33,282 [INFO] BoardInfo:889 - No configuration file found for board STM32MP215F-DK
2026-06-01 10:36:33,285 [INFO] DbBoards:161 - Board is not supported: STM32MP215F-DK
2026-06-01 10:36:33,363 [INFO] DbBoards:168 - Found 218 boards, 208 are supported
2026-06-01 10:36:33,363 [INFO] DbBoards:169 - Found 218 boards, 43 of them is supported for  Bsp
2026-06-01 10:36:33,390 [INFO] ApiDb:423 - Load user favorites file C:\Users\hp/.stm32cubeide/favorites.boards.txt: 1 item(s)
2026-06-01 10:36:33,390 [INFO] ApiDb:427 - User favorites Boards=[STM32F407G-DISC1]
2026-06-01 10:36:33,390 [INFO] DbBoards:198 - Set 1 / 1 favorites Boards
2026-06-01 10:36:33,391 [INFO] McuFinderGlobals:76 - Set McuFinderConnectedMode to true
2026-06-01 10:36:33,411 [INFO] MultiScanPanel:200 - Auto-refresh data requested => check proxy status ongoing
2026-06-01 10:36:33,416 [INFO] FinderPluginLoader:95 - Searching for filters in installed packs
2026-06-01 10:36:35,916 [INFO] LoadUrlFilesThread:185 - End of LoadServerUrlFiles without Thread
2026-06-01 10:36:35,983 [INFO] DetailPanel:341 - Set advertising image to C:/Users/hp/STM32Cube/Repository/\en.prom-stm32wl3r-0526.jpg
2026-06-01 10:36:45,069 [INFO] MultiScanPanel:200 - Auto-refresh data requested => check proxy status ongoing
2026-06-01 10:36:45,317 [INFO] LoadUrlFilesThread:185 - End of LoadServerUrlFiles without Thread
2026-06-01 10:36:45,318 [INFO] DetailPanel:341 - Set advertising image to C:/Users/hp/STM32Cube/Repository/\en.prom-stm32wl3r-0526.jpg
2026-06-01 10:36:45,339 [INFO] DbBoards:642 - Loading board mini-images...
2026-06-01 10:36:49,432 [INFO] DbBoards:665 - Loaded 218 board mini-images
2026-06-01 10:37:55,204 [INFO] MainUpdater:2872 - connection check result : 10
2026-06-01 10:37:55,205 [INFO] MainUpdater:2872 - connection check result : 10
2026-06-01 10:37:55,265 [INFO] MicroXplorer:468 - Change Database Path : 
2026-06-01 10:37:55,265 [INFO] MicroXplorer:498 - Change Database Version : DB.6.0.140
2026-06-01 10:37:55,279 [WARN] ThirdParty:871 - waiting for thirdparty lock release [close project]
2026-06-01 10:37:55,279 [INFO] ThirdParty:873 - entering critical section [close project]
2026-06-01 10:37:55,284 [INFO] ThirdParty:883 - exiting critical section [close project]
2026-06-01 10:37:55,293 [INFO] PinOutPanel:1589 - setPackage(No Configuration,No Configuration)
2026-06-01 10:37:55,314 [INFO] UtilMem:75 - Begin LoadConfig() Used Memory: 797544128 Bytes (1073741824)
2026-06-01 10:37:55,319 [INFO] MicroXplorer:468 - Change Database Path : 
2026-06-01 10:37:55,320 [INFO] MicroXplorer:498 - Change Database Version : DB.6.0.140
2026-06-01 10:37:55,320 [INFO] OpenFileManager:354 - Change cursor
2026-06-01 10:37:55,540 [INFO] Mcu:2011 - Initializing MCU STM32F407V(E-G)Tx STM32F407VGTx STM32F407VGT6
2026-06-01 10:38:01,061 [INFO] Context:756 - Trying to add GPIOservice into a context  which must be forbidden
2026-06-01 10:38:02,300 [INFO] ImportTextPane:218 - (OptionalMessage_ERROR) Pin8 (VP_RIF_VS_RIF1) cannot be retrieved for this MCU
2026-06-01 10:38:02,736 [INFO] RtosManager:558 - Registered RTOS mode: class=CMSIS, group=RTOS, mode=CMSIS_V1, owner=FREERTOS
2026-06-01 10:38:02,736 [INFO] RtosManager:558 - Registered RTOS mode: class=CMSIS, group=RTOS2, mode=CMSIS_V2, owner=FREERTOS
2026-06-01 10:38:02,736 [INFO] RtosManager:558 - Registered RTOS mode: class=RTOS, group=Core, mode=CMSIS_V1, owner=FREERTOS
2026-06-01 10:38:02,737 [INFO] RtosManager:558 - Registered RTOS mode: class=RTOS, group=Core, mode=CMSIS_V2, owner=FREERTOS
2026-06-01 10:38:02,737 [WARN] ModelIntegratedComponent:184 - Missing modes for component STMicroelectronics:FreeRTOS:0.0.1:STMicroelectronics:RTOS:FreeRTOS:Core:::10.2.0:
2026-06-01 10:38:02,776 [WARN] ModelIntegratedComponent:63 - No mode defined for component null
2026-06-01 10:38:02,777 [WARN] ModelIntegratedComponent:63 - No mode defined for component null
2026-06-01 10:38:02,777 [WARN] ModelIntegratedComponent:63 - No mode defined for component null
2026-06-01 10:38:02,778 [WARN] ModelIntegratedComponent:63 - No mode defined for component null
2026-06-01 10:38:02,778 [WARN] ModelIntegratedComponent:63 - No mode defined for component null
2026-06-01 10:38:02,779 [WARN] ModelIntegratedComponent:63 - No mode defined for component null
2026-06-01 10:38:02,779 [WARN] ModelIntegratedComponent:63 - No mode defined for component null
2026-06-01 10:38:02,779 [WARN] ModelIntegratedComponent:63 - No mode defined for component null
2026-06-01 10:38:02,780 [WARN] ModelIntegratedComponent:63 - No mode defined for component null
2026-06-01 10:38:02,780 [WARN] ModelIntegratedComponent:63 - No mode defined for component null
2026-06-01 10:38:02,780 [WARN] ModelIntegratedComponent:63 - No mode defined for component null
2026-06-01 10:38:02,780 [WARN] ModelIntegratedComponent:63 - No mode defined for component null
2026-06-01 10:38:02,780 [WARN] ModelIntegratedComponent:63 - No mode defined for component null
2026-06-01 10:38:02,780 [WARN] ModelIntegratedComponent:63 - No mode defined for component null
2026-06-01 10:38:02,780 [WARN] ModelIntegratedComponent:63 - No mode defined for component null
2026-06-01 10:38:02,780 [WARN] ModelIntegratedComponent:63 - No mode defined for component null
2026-06-01 10:38:02,780 [WARN] ModelIntegratedComponent:63 - No mode defined for component null
2026-06-01 10:38:02,781 [WARN] ModelIntegratedComponent:63 - No mode defined for component null
2026-06-01 10:38:02,781 [WARN] ModelIntegratedComponent:63 - No mode defined for component null
2026-06-01 10:38:02,781 [WARN] ModelIntegratedComponent:63 - No mode defined for component null
2026-06-01 10:38:02,781 [WARN] ModelIntegratedComponent:63 - No mode defined for component null
2026-06-01 10:38:02,781 [WARN] ModelIntegratedComponent:63 - No mode defined for component null
2026-06-01 10:38:02,781 [WARN] ModelIntegratedComponent:63 - No mode defined for component null
2026-06-01 10:38:02,781 [WARN] ModelIntegratedComponent:63 - No mode defined for component null
2026-06-01 10:38:02,781 [WARN] ModelIntegratedComponent:63 - No mode defined for component null
2026-06-01 10:38:02,781 [WARN] ModelIntegratedComponent:63 - No mode defined for component null
2026-06-01 10:38:02,782 [WARN] ModelIntegratedComponent:63 - No mode defined for component null
2026-06-01 10:38:02,782 [WARN] ModelIntegratedComponent:63 - No mode defined for component null
2026-06-01 10:38:02,782 [WARN] ModelIntegratedComponent:63 - No mode defined for component null
2026-06-01 10:38:02,782 [WARN] ModelIntegratedComponent:63 - No mode defined for component null
2026-06-01 10:38:02,782 [WARN] ModelIntegratedComponent:63 - No mode defined for component null
2026-06-01 10:38:02,782 [WARN] ModelIntegratedComponent:63 - No mode defined for component null
2026-06-01 10:38:02,782 [WARN] ModelIntegratedComponent:63 - No mode defined for component null
2026-06-01 10:38:02,782 [WARN] ModelIntegratedComponent:63 - No mode defined for component null
2026-06-01 10:38:02,782 [WARN] ModelIntegratedComponent:63 - No mode defined for component null
2026-06-01 10:38:02,783 [WARN] ModelPack:524 - Component already loaded: STMicroelectronics:HAL Drivers:0.0.0:STMicroelectronics:Device:STMicro_Driver:XSPI:HAL::0.0.1:HAL_XSPI
2026-06-01 10:38:02,958 [INFO] ThirdPartyModel:298 - Start build external matchings
2026-06-01 10:38:04,871 [INFO] ThirdPartyModel:316 - End build external matchings
2026-06-01 10:38:04,917 [INFO] RtosManager:967 - Current active RTOS is FREERTOS [Cortex-M4NS]
2026-06-01 10:38:16,623 [INFO] UtilMem:75 - End LoadConfig() Used Memory: 714679456 Bytes (1073741824)
2026-06-01 10:38:17,090 [WARN] ThirdParty:833 - waiting for thirdparty lock release [change project]
2026-06-01 10:38:17,091 [INFO] ThirdParty:835 - entering critical section [change project]
2026-06-01 10:38:17,091 [INFO] ThirdParty:1030 - CMSIS Pack Vendor :STMicroelectronics X-CUBE-AZRTOS-H7 3.5.0
2026-06-01 10:38:17,091 [INFO] ThirdParty:1030 - CMSIS Pack Vendor :STMicroelectronics X-CUBE-PM33A1 1.0.0
2026-06-01 10:38:17,091 [INFO] ThirdParty:1030 - CMSIS Pack Vendor :STMicroelectronics USBPD 4.1
2026-06-01 10:38:17,091 [INFO] ThirdParty:1030 - CMSIS Pack Vendor :STMicroelectronics X-CUBE-NFC9 1.0.0
2026-06-01 10:38:17,091 [INFO] ThirdParty:1030 - CMSIS Pack Vendor :STMicroelectronics USB_HOST 2.0.0
2026-06-01 10:38:17,091 [INFO] ThirdParty:1030 - CMSIS Pack Vendor :STMicroelectronics X-CUBE-AZRTOS-F4 1.1.0
2026-06-01 10:38:17,092 [INFO] ThirdParty:1030 - CMSIS Pack Vendor :STMicroelectronics LIBJPEG 8.0.0
2026-06-01 10:38:17,092 [INFO] ThirdParty:1030 - CMSIS Pack Vendor :STMicroelectronics FP-ATR-ASTRA1 2.0.2
2026-06-01 10:38:17,092 [INFO] ThirdParty:1030 - CMSIS Pack Vendor :STMicroelectronics X-CUBE-BLE1 7.1.0
2026-06-01 10:38:17,092 [INFO] ThirdParty:1030 - CMSIS Pack Vendor :STMicroelectronics X-CUBE-SMBUS 2.1.0
2026-06-01 10:38:17,092 [INFO] ThirdParty:1030 - CMSIS Pack Vendor :wolfSSL I-CUBE-wolfMQTT 1.19.2
2026-06-01 10:38:17,092 [INFO] ThirdParty:1030 - CMSIS Pack Vendor :STMicroelectronics USB_DEVICE 3.0.0
2026-06-01 10:38:17,092 [INFO] ThirdParty:1030 - CMSIS Pack Vendor :STMicroelectronics X-CUBE-ISPU 2.1.0
2026-06-01 10:38:17,092 [INFO] ThirdParty:1030 - CMSIS Pack Vendor :STMicroelectronics X-CUBE-EEPRMA1 5.2.0
2026-06-01 10:38:17,092 [INFO] ThirdParty:1030 - CMSIS Pack Vendor :STMicroelectronics X-CUBE-BLEMGR 4.1.0
2026-06-01 10:38:17,092 [INFO] ThirdParty:1030 - CMSIS Pack Vendor :STMicroelectronics eDS-WB_DPC_TT-BIDIR 2.1.1
2026-06-01 10:38:17,092 [INFO] ThirdParty:1030 - CMSIS Pack Vendor :STMicroelectronics X-CUBE-AZRTOS-WB 2.0.0
2026-06-01 10:38:17,092 [INFO] ThirdParty:1030 - CMSIS Pack Vendor :wolfSSL I-CUBE-wolfSSL 5.8.4
2026-06-01 10:38:17,092 [INFO] ThirdParty:1030 - CMSIS Pack Vendor :STMicroelectronics X-CUBE-NFC12 1.0.0
2026-06-01 10:38:17,092 [INFO] ThirdParty:1030 - CMSIS Pack Vendor :STMicroelectronics X-CUBE-AZRTOS-F7 1.1.0
2026-06-01 10:38:17,092 [INFO] ThirdParty:1030 - CMSIS Pack Vendor :STMicroelectronics X-CUBE-AZRTOS-L5 2.0.0
2026-06-01 10:38:17,093 [INFO] ThirdParty:1030 - CMSIS Pack Vendor :STMicroelectronics USB_DEVICE 2.0.0
2026-06-01 10:38:17,093 [INFO] ThirdParty:1030 - CMSIS Pack Vendor :quantropi X-CUBE-qispace-sdk-base 2.1.0
2026-06-01 10:38:17,093 [INFO] ThirdParty:1030 - CMSIS Pack Vendor :STMicroelectronics X-CUBE-MEMS1 12.0.0
2026-06-01 10:38:17,093 [INFO] ThirdParty:1030 - CMSIS Pack Vendor :STMicroelectronics X-CUBE-STSE01 2.0.0
2026-06-01 10:38:17,093 [INFO] ThirdParty:1030 - CMSIS Pack Vendor :STMicroelectronics X-CUBE-ALGOBUILD 1.5.0
2026-06-01 10:38:17,093 [INFO] ThirdParty:1030 - CMSIS Pack Vendor :STMicroelectronics FreeRTOS 0.0.1
2026-06-01 10:38:17,093 [INFO] ThirdParty:1030 - CMSIS Pack Vendor :STMicroelectronics X-CUBE-AZRTOS-G0 1.1.0
2026-06-01 10:38:17,093 [INFO] ThirdParty:1030 - CMSIS Pack Vendor :STMicroelectronics X-CUBE-NFC4 3.0.0
2026-06-01 10:38:17,093 [INFO] ThirdParty:1030 - CMSIS Pack Vendor :STMicroelectronics X-CUBE-SUBG2 5.0.0
2026-06-01 10:38:17,093 [INFO] ThirdParty:1030 - CMSIS Pack Vendor :STMicroelectronics STM32_WPAN 1.0.0
2026-06-01 10:38:17,093 [INFO] ThirdParty:1030 - CMSIS Pack Vendor :STMicroelectronics eDS-WB_DPC_VIENNA 1.2.0
2026-06-01 10:38:17,093 [INFO] ThirdParty:1030 - CMSIS Pack Vendor :EmbeddedOffice I-CUBE-FS-RTOS 1.0.1
2026-06-01 10:38:17,093 [INFO] ThirdParty:1030 - CMSIS Pack Vendor :STMicroelectronics lwIP 2.0.3
2026-06-01 10:38:17,093 [INFO] ThirdParty:1030 - CMSIS Pack Vendor :STMicroelectronics eDS-WB_DPC_3PH2L-BIDIR 1.1.1
2026-06-01 10:38:17,093 [INFO] ThirdParty:1030 - CMSIS Pack Vendor :STMicroelectronics USB_HOST 1.0.0
2026-06-01 10:38:17,093 [INFO] ThirdParty:1030 - CMSIS Pack Vendor :STMicroelectronics X-CUBE-AZRTOS-G4 2.0.0
2026-06-01 10:38:17,093 [INFO] ThirdParty:1030 - CMSIS Pack Vendor :STMicroelectronics PDM2PCM 3.1.0
2026-06-01 10:38:17,094 [INFO] ThirdParty:1030 - CMSIS Pack Vendor :STMicroelectronics PDM2PCM 3.3.0
2026-06-01 10:38:17,094 [INFO] ThirdParty:1030 - CMSIS Pack Vendor :wolfSSL I-CUBE-wolfTPM 3.8.0
2026-06-01 10:38:17,094 [INFO] ThirdParty:1030 - CMSIS Pack Vendor :STMicroelectronics X-CUBE-DISPLAY 3.0.0
2026-06-01 10:38:17,094 [INFO] ThirdParty:1030 - CMSIS Pack Vendor :wolfSSL I-CUBE-wolfSSH 1.4.20
2026-06-01 10:38:17,094 [INFO] ThirdParty:1030 - CMSIS Pack Vendor :STMicroelectronics X-CUBE-NFC7 2.0.0
2026-06-01 10:38:17,094 [INFO] ThirdParty:1030 - CMSIS Pack Vendor :STMicroelectronics X-CUBE-GNSS1 7.1.1
2026-06-01 10:38:17,094 [INFO] ThirdParty:1030 - CMSIS Pack Vendor :STMicroelectronics X-CUBE-TCPP 4.2.0
2026-06-01 10:38:17,094 [INFO] ThirdParty:1030 - CMSIS Pack Vendor :RealThread X-CUBE-RT-Thread_Nano 4.1.1
2026-06-01 10:38:17,094 [INFO] ThirdParty:1030 - CMSIS Pack Vendor :STMicroelectronics FP-ATR-SIGFOX1 3.2.0
2026-06-01 10:38:17,094 [INFO] ThirdParty:1030 - CMSIS Pack Vendor :STMicroelectronics X-CUBE-NFC10 1.0.0
2026-06-01 10:38:17,094 [INFO] ThirdParty:1030 - CMSIS Pack Vendor :STMicroelectronics HAL Drivers 0.0.0
2026-06-01 10:38:17,094 [INFO] ThirdParty:1030 - CMSIS Pack Vendor :STMicroelectronics MBEDTLS 2.16.2
2026-06-01 10:38:17,094 [INFO] ThirdParty:1030 - CMSIS Pack Vendor :STMicroelectronics X-CUBE-ST60 1.1.0
2026-06-01 10:38:17,094 [INFO] ThirdParty:1030 - CMSIS Pack Vendor :STMicroelectronics X-CUBE-ALS 1.0.2
2026-06-01 10:38:17,094 [INFO] ThirdParty:1030 - CMSIS Pack Vendor :emotas I-CUBE-CANOPEN 1.3.0
2026-06-01 10:38:17,094 [INFO] ThirdParty:1030 - CMSIS Pack Vendor :STMicroelectronics MBEDTLS 2.14.1
2026-06-01 10:38:17,095 [INFO] ThirdParty:1030 - CMSIS Pack Vendor :STMicroelectronics X-CUBE-GNSS1 7.1.0
2026-06-01 10:38:17,095 [INFO] ThirdParty:1030 - CMSIS Pack Vendor :ITTIA_DB I-CUBE-ITTIADB 8.9.0
2026-06-01 10:38:17,095 [INFO] ThirdParty:1030 - CMSIS Pack Vendor :Cesanta I-CUBE-Mongoose 7.21.0
2026-06-01 10:38:17,095 [INFO] ThirdParty:1030 - CMSIS Pack Vendor :STMicroelectronics X-CUBE-TOUCHGFX 4.26.1
2026-06-01 10:38:17,095 [INFO] ThirdParty:1030 - CMSIS Pack Vendor :STMicroelectronics X-CUBE-NFC6 3.2.0
2026-06-01 10:38:17,095 [INFO] ThirdParty:1030 - CMSIS Pack Vendor :STMicroelectronics X-CUBE-AI 10.2.0
2026-06-01 10:38:17,095 [INFO] ThirdParty:1030 - CMSIS Pack Vendor :STMicroelectronics FP-SNS-STAIOTCFT 1.0.0
2026-06-01 10:38:17,095 [INFO] ThirdParty:1030 - CMSIS Pack Vendor :STMicroelectronics ThreadX 1.0.0
2026-06-01 10:38:17,095 [INFO] ThirdParty:1030 - CMSIS Pack Vendor :STMicroelectronics FP-SNS-SMARTAG2 1.2.0
2026-06-01 10:38:17,095 [INFO] ThirdParty:1030 - CMSIS Pack Vendor :STMicroelectronics X-CUBE-MEMS1 12.1.0
2026-06-01 10:38:17,095 [INFO] ThirdParty:1030 - CMSIS Pack Vendor :STMicroelectronics FP-SNS-FLIGHT1 5.1.0
2026-06-01 10:38:17,095 [INFO] ThirdParty:1030 - CMSIS Pack Vendor :STMicroelectronics X-CUBE-AZRTOS-WL 2.0.0
2026-06-01 10:38:17,096 [INFO] ThirdParty:1030 - CMSIS Pack Vendor :SEGGER I-CUBE-embOS 1.3.1
2026-06-01 10:38:17,096 [INFO] ThirdParty:1030 - CMSIS Pack Vendor :STMicroelectronics X-CUBE-ALGOBUILD 1.4.0
2026-06-01 10:38:17,096 [INFO] ThirdParty:1030 - CMSIS Pack Vendor :STMicroelectronics X-CUBE-DPower 1.3.0
2026-06-01 10:38:17,096 [INFO] ThirdParty:1030 - CMSIS Pack Vendor :STMicroelectronics USB_DEVICE 1.0.0
2026-06-01 10:38:17,096 [INFO] ThirdParty:1030 - CMSIS Pack Vendor :STMicroelectronics X-CUBE-AZRTOS-H7RS 1.2.0
2026-06-01 10:38:17,097 [INFO] ThirdParty:1030 - CMSIS Pack Vendor :STMicroelectronics X-CUBE-AZRTOS-L4 2.0.0
2026-06-01 10:38:17,097 [INFO] ThirdParty:1030 - CMSIS Pack Vendor :STMicroelectronics ThreadX 0.0.2
2026-06-01 10:38:17,097 [INFO] ThirdParty:1030 - CMSIS Pack Vendor :STMicroelectronics lwIP 2.1.2
2026-06-01 10:38:17,098 [INFO] ThirdParty:1030 - CMSIS Pack Vendor :STMicroelectronics X-CUBE-SFXS2LP1 4.0.0
2026-06-01 10:38:17,098 [INFO] ThirdParty:1030 - CMSIS Pack Vendor :STMicroelectronics X-CUBE-BLE2 3.3.0
2026-06-01 10:38:17,098 [INFO] ThirdParty:1030 - CMSIS Pack Vendor :Avnet-IOTCONNECT X-CUBE-iotc-st67-sdk 1.0.0
2026-06-01 10:38:17,098 [INFO] ThirdParty:1030 - CMSIS Pack Vendor :STMicroelectronics X-CUBE-TOF1 3.4.3
2026-06-01 10:38:17,098 [INFO] ThirdParty:1030 - CMSIS Pack Vendor :Infineon AIROC-Wi-Fi-Bluetooth-STM32 1.8.0
2026-06-01 10:38:17,098 [INFO] ThirdParty:1030 - CMSIS Pack Vendor :STMicroelectronics PDM2PCM 3.2.0
2026-06-01 10:38:17,098 [INFO] ThirdParty:1030 - CMSIS Pack Vendor :STMicroelectronics X-CUBE-WB05N 2.1.0
2026-06-01 10:38:17,099 [INFO] ThirdParty:841 - exiting critical section [change project]
2026-06-01 10:38:18,099 [INFO] PinOutPanel:1589 - setPackage(No Configuration,No Configuration)
2026-06-01 10:38:18,104 [INFO] PinOutPanel:1589 - setPackage(STM32F407VGTx,LQFP100)
2026-06-01 10:38:18,958 [INFO] UtilMem:75 - Before build in PCC Used Memory: 922795360 Bytes (1073741824)
2026-06-01 10:38:20,560 [INFO] UtilMem:75 - After build in PCC Used Memory: 721732800 Bytes (1073741824)
2026-06-01 10:38:20,780 [INFO] ApiDbMcu:508 - Load IP Config File for FREERTOS
2026-06-01 10:38:20,848 [INFO] IPUIPlugin:80 - create IPUIPlugin
2026-06-01 10:38:20,849 [INFO] IPUIPlugin:80 - create IPUIPlugin
2026-06-01 10:38:20,849 [INFO] IPUIPlugin:80 - create IPUIPlugin
2026-06-01 10:38:20,849 [INFO] IPUIPlugin:80 - create IPUIPlugin
2026-06-01 10:38:20,850 [INFO] IPUIPlugin:80 - create IPUIPlugin
2026-06-01 10:38:20,850 [INFO] IPUIPlugin:80 - create IPUIPlugin
2026-06-01 10:38:20,851 [INFO] IPUIPlugin:80 - create IPUIPlugin
2026-06-01 10:38:20,851 [INFO] IPUIPlugin:80 - create IPUIPlugin
2026-06-01 10:38:20,851 [INFO] IPUIPlugin:80 - create IPUIPlugin
2026-06-01 10:38:20,852 [INFO] IPUIPlugin:80 - create IPUIPlugin
2026-06-01 10:38:20,852 [INFO] IPUIPlugin:80 - create IPUIPlugin
2026-06-01 10:38:20,853 [INFO] IPUIPlugin:80 - create IPUIPlugin
2026-06-01 10:38:20,853 [INFO] IPUIPlugin:80 - create IPUIPlugin
2026-06-01 10:38:20,854 [INFO] IPUIPlugin:80 - create IPUIPlugin
2026-06-01 10:38:20,854 [INFO] IPUIPlugin:80 - create IPUIPlugin
2026-06-01 10:38:20,854 [INFO] IPUIPlugin:80 - create IPUIPlugin
2026-06-01 10:38:20,854 [INFO] IPUIPlugin:80 - create IPUIPlugin
2026-06-01 10:38:20,855 [INFO] IPUIPlugin:80 - create IPUIPlugin
2026-06-01 10:38:20,855 [INFO] IPUIPlugin:80 - create IPUIPlugin
2026-06-01 10:38:20,855 [INFO] IPUIPlugin:80 - create IPUIPlugin
2026-06-01 10:38:20,856 [INFO] IPUIPlugin:80 - create IPUIPlugin
2026-06-01 10:38:20,856 [INFO] IPUIPlugin:80 - create IPUIPlugin
2026-06-01 10:38:20,856 [INFO] IPUIPlugin:80 - create IPUIPlugin
2026-06-01 10:38:20,857 [INFO] IPUIPlugin:80 - create IPUIPlugin
2026-06-01 10:38:20,857 [INFO] IPUIPlugin:80 - create IPUIPlugin
2026-06-01 10:38:20,858 [INFO] IPUIPlugin:80 - create IPUIPlugin
2026-06-01 10:38:20,858 [INFO] IPUIPlugin:80 - create IPUIPlugin
2026-06-01 10:38:20,858 [INFO] IPUIPlugin:80 - create IPUIPlugin
2026-06-01 10:38:20,858 [INFO] IPUIPlugin:80 - create IPUIPlugin
2026-06-01 10:38:20,859 [INFO] IPUIPlugin:80 - create IPUIPlugin
2026-06-01 10:38:20,859 [INFO] IPUIPlugin:80 - create IPUIPlugin
2026-06-01 10:38:20,859 [INFO] IPUIPlugin:80 - create IPUIPlugin
2026-06-01 10:38:20,859 [INFO] IPUIPlugin:80 - create IPUIPlugin
2026-06-01 10:38:20,860 [INFO] IPUIPlugin:80 - create IPUIPlugin
2026-06-01 10:38:20,862 [INFO] IPUIPlugin:80 - create IPUIPlugin
2026-06-01 10:38:20,863 [INFO] IPUIPlugin:80 - create IPUIPlugin
2026-06-01 10:38:20,864 [INFO] IPUIPlugin:80 - create IPUIPlugin
2026-06-01 10:38:20,865 [INFO] IPUIPlugin:80 - create IPUIPlugin
2026-06-01 10:38:20,865 [INFO] IPUIPlugin:80 - create IPUIPlugin
2026-06-01 10:38:20,865 [INFO] IPUIPlugin:80 - create IPUIPlugin
2026-06-01 10:38:20,866 [INFO] IPUIPlugin:80 - create IPUIPlugin
2026-06-01 10:38:20,866 [INFO] IPUIPlugin:80 - create IPUIPlugin
2026-06-01 10:38:20,867 [INFO] IPUIPlugin:80 - create IPUIPlugin
2026-06-01 10:38:20,867 [INFO] IPUIPlugin:80 - create IPUIPlugin
2026-06-01 10:38:20,868 [INFO] IPUIPlugin:80 - create IPUIPlugin
2026-06-01 10:38:20,868 [INFO] IPUIPlugin:80 - create IPUIPlugin
2026-06-01 10:38:20,869 [INFO] IPUIPlugin:80 - create IPUIPlugin
2026-06-01 10:38:20,869 [INFO] IPUIPlugin:80 - create IPUIPlugin
2026-06-01 10:38:20,870 [INFO] IPUIPlugin:80 - create IPUIPlugin
2026-06-01 10:38:20,871 [INFO] IPUIPlugin:80 - create IPUIPlugin
2026-06-01 10:38:20,871 [INFO] IPUIPlugin:80 - create IPUIPlugin
2026-06-01 10:38:20,872 [INFO] IPUIPlugin:80 - create IPUIPlugin
2026-06-01 10:38:20,872 [INFO] IPUIPlugin:80 - create IPUIPlugin
2026-06-01 10:38:20,873 [INFO] IPUIPlugin:80 - create IPUIPlugin
2026-06-01 10:38:20,874 [INFO] IPUIPlugin:80 - create IPUIPlugin
2026-06-01 10:38:20,874 [INFO] IPUIPlugin:80 - create IPUIPlugin
2026-06-01 10:38:20,875 [INFO] IPUIPlugin:80 - create IPUIPlugin
2026-06-01 10:38:20,875 [INFO] IPUIPlugin:80 - create IPUIPlugin
2026-06-01 10:38:20,966 [INFO] ApiDbMcu:508 - Load IP Config File for PDM2PCM
2026-06-01 10:38:21,070 [WARN] FreeRTOS:1023 - Null or empty value: should not occur! (nothing added to the table)
2026-06-01 10:38:21,568 [INFO] CADModel:165 - CPN selected for project levelSTM32F407VGT6
2026-06-01 10:38:21,568 [INFO] CADModel:114 - Register for checkConnection events
2026-06-01 10:38:21,572 [INFO] RtosManager:725 - Active RTOS found at IOC load: FREERTOS [Cortex-M4NS]
2026-06-01 10:38:21,635 [INFO] OpenFileManager:385 - Restore cursor
2026-06-01 10:38:23,784 [INFO] UtilMem:75 - End SaveConfig() Used Memory: 911251376 Bytes (1073741824)
2026-06-01 10:38:23,905 [INFO] UtilMem:75 - End SaveConfig() Used Memory: 934593728 Bytes (1073741824)
2026-06-01 10:38:28,878 [INFO] BlockDiagram:2775 - set Specific Code input for plugin: FREERTOS
2026-06-01 10:38:28,879 [INFO] BlockDiagram:2775 - set Specific Code input for plugin: SYS
2026-06-01 10:38:28,879 [INFO] BlockDiagram:2775 - set Specific Code input for plugin: RCC
2026-06-01 10:38:28,879 [INFO] BlockDiagram:2775 - set Specific Code input for plugin: NVIC
2026-06-01 10:38:28,879 [INFO] BlockDiagram:2775 - set Specific Code input for plugin: USART
2026-06-01 10:38:28,880 [INFO] BlockDiagram:2775 - set Specific Code input for plugin: GPIO
2026-06-01 10:38:28,883 [INFO] CodeGenerator:882 - code generatio: config db path: C:\ST\STM32CubeIDE_1.18.0\STM32CubeIDE\plugins\com.st.stm32cube.common.mx_6.14.0.202502271554\\db\
2026-06-01 10:38:29,260 [INFO] CodeEngine:263 - oldGeneratedFile, C:\Users\hp\STM32CubeIDE\workspace_1.18.0\51_Queue_Management_FreeRTOS\MXTmpFiles\license.tmp_save
2026-06-01 10:38:29,844 [INFO] CodeEngine:287 - Generated code: C:\Users\hp\STM32CubeIDE\workspace_1.18.0\51_Queue_Management_FreeRTOS\MXTmpFiles\license.tmp
2026-06-01 10:38:30,045 [INFO] CodeEngine:263 - oldGeneratedFile, C:\Users\hp\STM32CubeIDE\workspace_1.18.0\51_Queue_Management_FreeRTOS\MXTmpFiles\gpio.tmp_save
2026-06-01 10:38:30,352 [INFO] CodeEngine:287 - Generated code: C:\Users\hp\STM32CubeIDE\workspace_1.18.0\51_Queue_Management_FreeRTOS\MXTmpFiles\gpio.tmp
2026-06-01 10:38:30,643 [INFO] Middleware:1452 - No code input for Bsp Dependency
2026-06-01 10:38:30,679 [INFO] CodeEngine:263 - oldGeneratedFile, C:\Users\hp\STM32CubeIDE\workspace_1.18.0\51_Queue_Management_FreeRTOS\MXTmpFiles\rtos_inc.tmp_save
2026-06-01 10:38:30,867 [INFO] CodeEngine:287 - Generated code: C:\Users\hp\STM32CubeIDE\workspace_1.18.0\51_Queue_Management_FreeRTOS\MXTmpFiles\rtos_inc.tmp
2026-06-01 10:38:30,894 [INFO] CodeEngine:263 - oldGeneratedFile, C:\Users\hp\STM32CubeIDE\workspace_1.18.0\51_Queue_Management_FreeRTOS\MXTmpFiles\rtos_vars.tmp_save
2026-06-01 10:38:31,074 [INFO] CodeEngine:287 - Generated code: C:\Users\hp\STM32CubeIDE\workspace_1.18.0\51_Queue_Management_FreeRTOS\MXTmpFiles\rtos_vars.tmp
2026-06-01 10:38:31,104 [INFO] CodeEngine:263 - oldGeneratedFile, C:\Users\hp\STM32CubeIDE\workspace_1.18.0\51_Queue_Management_FreeRTOS\MXTmpFiles\rtos_pfp.tmp_save
2026-06-01 10:38:31,272 [INFO] CodeEngine:287 - Generated code: C:\Users\hp\STM32CubeIDE\workspace_1.18.0\51_Queue_Management_FreeRTOS\MXTmpFiles\rtos_pfp.tmp
2026-06-01 10:38:31,299 [INFO] CodeEngine:263 - oldGeneratedFile, C:\Users\hp\STM32CubeIDE\workspace_1.18.0\51_Queue_Management_FreeRTOS\MXTmpFiles\rtos_obj_creat.tmp_save
2026-06-01 10:38:31,478 [INFO] CodeEngine:287 - Generated code: C:\Users\hp\STM32CubeIDE\workspace_1.18.0\51_Queue_Management_FreeRTOS\MXTmpFiles\rtos_obj_creat.tmp
2026-06-01 10:38:31,507 [INFO] CodeEngine:263 - oldGeneratedFile, C:\Users\hp\STM32CubeIDE\workspace_1.18.0\51_Queue_Management_FreeRTOS\MXTmpFiles\rtos_kernelStart.tmp_save
2026-06-01 10:38:31,674 [INFO] CodeEngine:287 - Generated code: C:\Users\hp\STM32CubeIDE\workspace_1.18.0\51_Queue_Management_FreeRTOS\MXTmpFiles\rtos_kernelStart.tmp
2026-06-01 10:38:31,709 [INFO] CodeEngine:263 - oldGeneratedFile, C:\Users\hp\STM32CubeIDE\workspace_1.18.0\51_Queue_Management_FreeRTOS\MXTmpFiles\rtos_default_thread.tmp_save
2026-06-01 10:38:31,883 [INFO] CodeEngine:287 - Generated code: C:\Users\hp\STM32CubeIDE\workspace_1.18.0\51_Queue_Management_FreeRTOS\MXTmpFiles\rtos_default_thread.tmp
2026-06-01 10:38:31,915 [INFO] CodeEngine:263 - oldGeneratedFile, C:\Users\hp\STM32CubeIDE\workspace_1.18.0\51_Queue_Management_FreeRTOS\MXTmpFiles\rtos_threads.tmp_save
2026-06-01 10:38:32,039 [INFO] CodeEngine:287 - Generated code: C:\Users\hp\STM32CubeIDE\workspace_1.18.0\51_Queue_Management_FreeRTOS\MXTmpFiles\rtos_threads.tmp
2026-06-01 10:38:32,069 [INFO] Middleware:1452 - No code input for Bsp Dependency
2026-06-01 10:38:32,089 [INFO] CodeEngine:263 - oldGeneratedFile, C:\Users\hp\STM32CubeIDE\workspace_1.18.0\51_Queue_Management_FreeRTOS\MXTmpFiles\rtos_inc.tmp_save
2026-06-01 10:38:32,207 [INFO] CodeEngine:287 - Generated code: C:\Users\hp\STM32CubeIDE\workspace_1.18.0\51_Queue_Management_FreeRTOS\MXTmpFiles\rtos_inc.tmp
2026-06-01 10:38:32,220 [INFO] CodeEngine:263 - oldGeneratedFile, C:\Users\hp\STM32CubeIDE\workspace_1.18.0\51_Queue_Management_FreeRTOS\MXTmpFiles\rtos_vars.tmp_save
2026-06-01 10:38:32,316 [INFO] CodeEngine:287 - Generated code: C:\Users\hp\STM32CubeIDE\workspace_1.18.0\51_Queue_Management_FreeRTOS\MXTmpFiles\rtos_vars.tmp
2026-06-01 10:38:32,328 [INFO] CodeEngine:263 - oldGeneratedFile, C:\Users\hp\STM32CubeIDE\workspace_1.18.0\51_Queue_Management_FreeRTOS\MXTmpFiles\rtos_pfp.tmp_save
2026-06-01 10:38:32,430 [INFO] CodeEngine:287 - Generated code: C:\Users\hp\STM32CubeIDE\workspace_1.18.0\51_Queue_Management_FreeRTOS\MXTmpFiles\rtos_pfp.tmp
2026-06-01 10:38:32,452 [INFO] CodeEngine:263 - oldGeneratedFile, C:\Users\hp\STM32CubeIDE\workspace_1.18.0\51_Queue_Management_FreeRTOS\MXTmpFiles\rtos_obj_creat.tmp_save
2026-06-01 10:38:32,551 [INFO] CodeEngine:287 - Generated code: C:\Users\hp\STM32CubeIDE\workspace_1.18.0\51_Queue_Management_FreeRTOS\MXTmpFiles\rtos_obj_creat.tmp
2026-06-01 10:38:32,562 [INFO] CodeEngine:263 - oldGeneratedFile, C:\Users\hp\STM32CubeIDE\workspace_1.18.0\51_Queue_Management_FreeRTOS\MXTmpFiles\rtos_kernelStart.tmp_save
2026-06-01 10:38:32,665 [INFO] CodeEngine:287 - Generated code: C:\Users\hp\STM32CubeIDE\workspace_1.18.0\51_Queue_Management_FreeRTOS\MXTmpFiles\rtos_kernelStart.tmp
2026-06-01 10:38:32,676 [INFO] CodeEngine:263 - oldGeneratedFile, C:\Users\hp\STM32CubeIDE\workspace_1.18.0\51_Queue_Management_FreeRTOS\MXTmpFiles\rtos_default_thread.tmp_save
2026-06-01 10:38:32,769 [INFO] CodeEngine:287 - Generated code: C:\Users\hp\STM32CubeIDE\workspace_1.18.0\51_Queue_Management_FreeRTOS\MXTmpFiles\rtos_default_thread.tmp
2026-06-01 10:38:32,780 [INFO] CodeEngine:263 - oldGeneratedFile, C:\Users\hp\STM32CubeIDE\workspace_1.18.0\51_Queue_Management_FreeRTOS\MXTmpFiles\rtos_threads.tmp_save
2026-06-01 10:38:32,863 [INFO] CodeEngine:287 - Generated code: C:\Users\hp\STM32CubeIDE\workspace_1.18.0\51_Queue_Management_FreeRTOS\MXTmpFiles\rtos_threads.tmp
2026-06-01 10:38:32,925 [INFO] CodeEngine:263 - oldGeneratedFile, C:\Users\hp\STM32CubeIDE\workspace_1.18.0\51_Queue_Management_FreeRTOS\Core\Inc\FreeRTOSConfig.h_save
2026-06-01 10:38:33,136 [INFO] CodeEngine:287 - Generated code: C:\Users\hp\STM32CubeIDE\workspace_1.18.0\51_Queue_Management_FreeRTOS\Core\Inc\FreeRTOSConfig.h
2026-06-01 10:38:33,178 [INFO] CodeEngine:263 - oldGeneratedFile, C:\Users\hp\STM32CubeIDE\workspace_1.18.0\51_Queue_Management_FreeRTOS\Core\Src\freertos.c_save
2026-06-01 10:38:33,340 [INFO] CodeEngine:287 - Generated code: C:\Users\hp\STM32CubeIDE\workspace_1.18.0\51_Queue_Management_FreeRTOS\Core\Src\freertos.c
2026-06-01 10:38:33,396 [INFO] CodeEngine:263 - oldGeneratedFile, C:\Users\hp\STM32CubeIDE\workspace_1.18.0\51_Queue_Management_FreeRTOS\Core\Src\stm32f4xx_it.c_save
2026-06-01 10:38:33,576 [INFO] CodeEngine:287 - Generated code: C:\Users\hp\STM32CubeIDE\workspace_1.18.0\51_Queue_Management_FreeRTOS\Core\Src\stm32f4xx_it.c
2026-06-01 10:38:33,637 [INFO] CodeEngine:263 - oldGeneratedFile, C:\Users\hp\STM32CubeIDE\workspace_1.18.0\51_Queue_Management_FreeRTOS\Core\Inc\stm32f4xx_it.h_save
2026-06-01 10:38:33,765 [INFO] CodeEngine:287 - Generated code: C:\Users\hp\STM32CubeIDE\workspace_1.18.0\51_Queue_Management_FreeRTOS\Core\Inc\stm32f4xx_it.h
2026-06-01 10:38:33,837 [INFO] CodeEngine:263 - oldGeneratedFile, C:\Users\hp\STM32CubeIDE\workspace_1.18.0\51_Queue_Management_FreeRTOS\Core\Src\stm32f4xx_hal_msp.c_save
2026-06-01 10:38:34,068 [INFO] CodeEngine:287 - Generated code: C:\Users\hp\STM32CubeIDE\workspace_1.18.0\51_Queue_Management_FreeRTOS\Core\Src\stm32f4xx_hal_msp.c
2026-06-01 10:38:34,091 [INFO] CodeEngine:263 - oldGeneratedFile, C:\Users\hp\STM32CubeIDE\workspace_1.18.0\51_Queue_Management_FreeRTOS\MXTmpFiles\system.tmp_save
2026-06-01 10:38:34,205 [INFO] CodeEngine:287 - Generated code: C:\Users\hp\STM32CubeIDE\workspace_1.18.0\51_Queue_Management_FreeRTOS\MXTmpFiles\system.tmp
2026-06-01 10:38:34,264 [INFO] CodeEngine:319 - oldGeneratedFile, C:\Users\hp\STM32CubeIDE\workspace_1.18.0\51_Queue_Management_FreeRTOS\Core\Inc\stm32f4xx_hal_conf.h_save
2026-06-01 10:38:34,421 [INFO] CodeEngine:343 - Generated code: C:\Users\hp\STM32CubeIDE\workspace_1.18.0\51_Queue_Management_FreeRTOS\Core\Inc\stm32f4xx_hal_conf.h
2026-06-01 10:38:34,511 [INFO] ApiDbMcu:508 - Load IP Config File for USART2
2026-06-01 10:38:34,517 [INFO] ApiDbMcu:508 - Load IP Config File for RCC
2026-06-01 10:38:34,576 [INFO] CodeEngine:263 - oldGeneratedFile, C:\Users\hp\STM32CubeIDE\workspace_1.18.0\51_Queue_Management_FreeRTOS\Core\Inc\main.h_save
2026-06-01 10:38:34,749 [INFO] CodeEngine:287 - Generated code: C:\Users\hp\STM32CubeIDE\workspace_1.18.0\51_Queue_Management_FreeRTOS\Core\Inc\main.h
2026-06-01 10:38:34,793 [INFO] CodeEngine:263 - oldGeneratedFile, C:\Users\hp\STM32CubeIDE\workspace_1.18.0\51_Queue_Management_FreeRTOS\Core\Src\main.c_save
2026-06-01 10:38:35,061 [INFO] CodeEngine:287 - Generated code: C:\Users\hp\STM32CubeIDE\workspace_1.18.0\51_Queue_Management_FreeRTOS\Core\Src\main.c
2026-06-01 10:38:36,424 [INFO] ProjectBuilder:3324 - Time for Copy HAL[1] : 958mS.
2026-06-01 10:38:36,437 [INFO] ProjectBuilder:4912 - Project Generator version: 4.6.0-B36
2026-06-01 10:38:36,608 [INFO] ConfigFileManager:1590 - The Die is : DIE413
2026-06-01 10:38:36,636 [INFO] ApiDbMcu:508 - Load IP Config File for FATFS
2026-06-01 10:38:36,659 [INFO] ApiDbMcu:508 - Load IP Config File for LIBJPEG
2026-06-01 10:38:36,687 [INFO] ApiDbMcu:508 - Load IP Config File for LWIP
2026-06-01 10:38:36,722 [INFO] ApiDbMcu:508 - Load IP Config File for MBEDTLS
2026-06-01 10:38:36,755 [INFO] ApiDbMcu:508 - Load IP Config File for USB_DEVICE
2026-06-01 10:38:36,780 [INFO] ApiDbMcu:508 - Load IP Config File for USB_HOST
2026-06-01 10:38:38,215 [INFO] LogOutputStream:77 - [STDOUT_REDIRECT] 
2026-06-01 10:38:42,369 [INFO] ProjectBuilder:5191 - Time for Generating toolchain IDE Files: 5931mS.
2026-06-01 10:38:42,372 [INFO] ProjectBuilder:3181 - Time for Copy CMSIS : 2mS.
2026-06-01 10:38:42,396 [INFO] ProjectBuilder:3181 - Time for Copy CMSIS : 1mS.
2026-06-01 10:38:44,493 [INFO] McuFinderGlobals:76 - Set McuFinderConnectedMode to true
2026-06-01 10:38:44,499 [INFO] ApiDb:448 - Save user favorites file C:\Users\hp/.stm32cubeide/favorites.mcus.txt: 0 item(s)
2026-06-01 10:38:44,500 [INFO] ApiDb:452 - User favorites MCUs=[]
2026-06-01 10:38:44,503 [INFO] ApiDb:448 - Save user favorites file C:\Users\hp/.stm32cubeide/favorites.boards.txt: 1 item(s)
2026-06-01 10:38:44,504 [INFO] ApiDb:452 - User favorites Boards=[STM32F407G-DISC1]
2026-06-01 10:40:00,624 [INFO] NvicIntPanel:101 - NVIC parent = com.st.microxplorer.plugins.ip.nvic.MultiNvicIntPanel[,0,0,0x0,invalid,layout=javax.swing.BoxLayout,alignmentX=0.0,alignmentY=0.0,border=,flags=9,maximumSize=,minimumSize=,preferredSize=]
2026-06-01 10:40:02,938 [INFO] NvicIntPanel:101 - NVIC parent = com.st.microxplorer.plugins.ip.nvic.MultiNvicIntPanel[,0,0,0x0,invalid,layout=javax.swing.BoxLayout,alignmentX=0.0,alignmentY=0.0,border=,flags=9,maximumSize=,minimumSize=,preferredSize=]
2026-06-01 10:40:49,068 [ERROR] RtosPanel:558 - Can not restore the selected Tab for FREERTOS(A reason can be that the tab is no more available.)
2026-06-01 10:40:51,722 [INFO] UtilMem:75 - End SaveConfig() Used Memory: 801764096 Bytes (1073741824)
2026-06-01 10:40:54,095 [INFO] UtilMem:75 - End SaveConfig() Used Memory: 711758088 Bytes (1073741824)
2026-06-01 10:40:57,726 [INFO] UtilMem:75 - End SaveConfig() Used Memory: 883726600 Bytes (1073741824)
2026-06-01 10:41:00,170 [INFO] BlockDiagram:2775 - set Specific Code input for plugin: FREERTOS
2026-06-01 10:41:00,171 [INFO] BlockDiagram:2775 - set Specific Code input for plugin: SYS
2026-06-01 10:41:00,171 [INFO] BlockDiagram:2775 - set Specific Code input for plugin: RCC
2026-06-01 10:41:00,172 [INFO] BlockDiagram:2775 - set Specific Code input for plugin: NVIC
2026-06-01 10:41:00,172 [INFO] BlockDiagram:2775 - set Specific Code input for plugin: USART
2026-06-01 10:41:00,174 [INFO] BlockDiagram:2775 - set Specific Code input for plugin: GPIO
2026-06-01 10:41:00,176 [INFO] CodeGenerator:882 - code generatio: config db path: C:\ST\STM32CubeIDE_1.18.0\STM32CubeIDE\plugins\com.st.stm32cube.common.mx_6.14.0.202502271554\\db\
2026-06-01 10:41:00,328 [INFO] CodeEngine:263 - oldGeneratedFile, C:\Users\hp\STM32CubeIDE\workspace_1.18.0\51_Queue_Management_FreeRTOS\MXTmpFiles\license.tmp_save
2026-06-01 10:41:00,672 [INFO] CodeEngine:287 - Generated code: C:\Users\hp\STM32CubeIDE\workspace_1.18.0\51_Queue_Management_FreeRTOS\MXTmpFiles\license.tmp
2026-06-01 10:41:00,727 [INFO] CodeEngine:263 - oldGeneratedFile, C:\Users\hp\STM32CubeIDE\workspace_1.18.0\51_Queue_Management_FreeRTOS\MXTmpFiles\gpio.tmp_save
2026-06-01 10:41:00,961 [INFO] CodeEngine:287 - Generated code: C:\Users\hp\STM32CubeIDE\workspace_1.18.0\51_Queue_Management_FreeRTOS\MXTmpFiles\gpio.tmp
2026-06-01 10:41:01,186 [INFO] Middleware:1452 - No code input for Bsp Dependency
2026-06-01 10:41:01,207 [INFO] CodeEngine:263 - oldGeneratedFile, C:\Users\hp\STM32CubeIDE\workspace_1.18.0\51_Queue_Management_FreeRTOS\MXTmpFiles\rtos_inc.tmp_save
2026-06-01 10:41:01,413 [INFO] CodeEngine:287 - Generated code: C:\Users\hp\STM32CubeIDE\workspace_1.18.0\51_Queue_Management_FreeRTOS\MXTmpFiles\rtos_inc.tmp
2026-06-01 10:41:01,424 [INFO] CodeEngine:263 - oldGeneratedFile, C:\Users\hp\STM32CubeIDE\workspace_1.18.0\51_Queue_Management_FreeRTOS\MXTmpFiles\rtos_vars.tmp_save
2026-06-01 10:41:01,570 [INFO] CodeEngine:287 - Generated code: C:\Users\hp\STM32CubeIDE\workspace_1.18.0\51_Queue_Management_FreeRTOS\MXTmpFiles\rtos_vars.tmp
2026-06-01 10:41:01,580 [INFO] CodeEngine:263 - oldGeneratedFile, C:\Users\hp\STM32CubeIDE\workspace_1.18.0\51_Queue_Management_FreeRTOS\MXTmpFiles\rtos_pfp.tmp_save
2026-06-01 10:41:01,737 [INFO] CodeEngine:287 - Generated code: C:\Users\hp\STM32CubeIDE\workspace_1.18.0\51_Queue_Management_FreeRTOS\MXTmpFiles\rtos_pfp.tmp
2026-06-01 10:41:01,747 [INFO] CodeEngine:263 - oldGeneratedFile, C:\Users\hp\STM32CubeIDE\workspace_1.18.0\51_Queue_Management_FreeRTOS\MXTmpFiles\rtos_obj_creat.tmp_save
2026-06-01 10:41:01,899 [INFO] CodeEngine:287 - Generated code: C:\Users\hp\STM32CubeIDE\workspace_1.18.0\51_Queue_Management_FreeRTOS\MXTmpFiles\rtos_obj_creat.tmp
2026-06-01 10:41:01,909 [INFO] CodeEngine:263 - oldGeneratedFile, C:\Users\hp\STM32CubeIDE\workspace_1.18.0\51_Queue_Management_FreeRTOS\MXTmpFiles\rtos_kernelStart.tmp_save
2026-06-01 10:41:02,034 [INFO] CodeEngine:287 - Generated code: C:\Users\hp\STM32CubeIDE\workspace_1.18.0\51_Queue_Management_FreeRTOS\MXTmpFiles\rtos_kernelStart.tmp
2026-06-01 10:41:02,046 [INFO] CodeEngine:263 - oldGeneratedFile, C:\Users\hp\STM32CubeIDE\workspace_1.18.0\51_Queue_Management_FreeRTOS\MXTmpFiles\rtos_default_thread.tmp_save
2026-06-01 10:41:02,160 [INFO] CodeEngine:287 - Generated code: C:\Users\hp\STM32CubeIDE\workspace_1.18.0\51_Queue_Management_FreeRTOS\MXTmpFiles\rtos_default_thread.tmp
2026-06-01 10:41:02,170 [INFO] CodeEngine:263 - oldGeneratedFile, C:\Users\hp\STM32CubeIDE\workspace_1.18.0\51_Queue_Management_FreeRTOS\MXTmpFiles\rtos_threads.tmp_save
2026-06-01 10:41:02,285 [INFO] CodeEngine:287 - Generated code: C:\Users\hp\STM32CubeIDE\workspace_1.18.0\51_Queue_Management_FreeRTOS\MXTmpFiles\rtos_threads.tmp
2026-06-01 10:41:02,318 [INFO] Middleware:1452 - No code input for Bsp Dependency
2026-06-01 10:41:02,342 [INFO] CodeEngine:263 - oldGeneratedFile, C:\Users\hp\STM32CubeIDE\workspace_1.18.0\51_Queue_Management_FreeRTOS\MXTmpFiles\rtos_inc.tmp_save
2026-06-01 10:41:02,485 [INFO] CodeEngine:287 - Generated code: C:\Users\hp\STM32CubeIDE\workspace_1.18.0\51_Queue_Management_FreeRTOS\MXTmpFiles\rtos_inc.tmp
2026-06-01 10:41:02,504 [INFO] CodeEngine:263 - oldGeneratedFile, C:\Users\hp\STM32CubeIDE\workspace_1.18.0\51_Queue_Management_FreeRTOS\MXTmpFiles\rtos_vars.tmp_save
2026-06-01 10:41:02,615 [INFO] CodeEngine:287 - Generated code: C:\Users\hp\STM32CubeIDE\workspace_1.18.0\51_Queue_Management_FreeRTOS\MXTmpFiles\rtos_vars.tmp
2026-06-01 10:41:02,629 [INFO] CodeEngine:263 - oldGeneratedFile, C:\Users\hp\STM32CubeIDE\workspace_1.18.0\51_Queue_Management_FreeRTOS\MXTmpFiles\rtos_pfp.tmp_save
2026-06-01 10:41:02,737 [INFO] CodeEngine:287 - Generated code: C:\Users\hp\STM32CubeIDE\workspace_1.18.0\51_Queue_Management_FreeRTOS\MXTmpFiles\rtos_pfp.tmp
2026-06-01 10:41:02,762 [INFO] CodeEngine:263 - oldGeneratedFile, C:\Users\hp\STM32CubeIDE\workspace_1.18.0\51_Queue_Management_FreeRTOS\MXTmpFiles\rtos_obj_creat.tmp_save
2026-06-01 10:41:02,869 [INFO] CodeEngine:287 - Generated code: C:\Users\hp\STM32CubeIDE\workspace_1.18.0\51_Queue_Management_FreeRTOS\MXTmpFiles\rtos_obj_creat.tmp
2026-06-01 10:41:02,885 [INFO] CodeEngine:263 - oldGeneratedFile, C:\Users\hp\STM32CubeIDE\workspace_1.18.0\51_Queue_Management_FreeRTOS\MXTmpFiles\rtos_kernelStart.tmp_save
2026-06-01 10:41:02,989 [INFO] CodeEngine:287 - Generated code: C:\Users\hp\STM32CubeIDE\workspace_1.18.0\51_Queue_Management_FreeRTOS\MXTmpFiles\rtos_kernelStart.tmp
2026-06-01 10:41:03,002 [INFO] CodeEngine:263 - oldGeneratedFile, C:\Users\hp\STM32CubeIDE\workspace_1.18.0\51_Queue_Management_FreeRTOS\MXTmpFiles\rtos_default_thread.tmp_save
2026-06-01 10:41:03,108 [INFO] CodeEngine:287 - Generated code: C:\Users\hp\STM32CubeIDE\workspace_1.18.0\51_Queue_Management_FreeRTOS\MXTmpFiles\rtos_default_thread.tmp
2026-06-01 10:41:03,121 [INFO] CodeEngine:263 - oldGeneratedFile, C:\Users\hp\STM32CubeIDE\workspace_1.18.0\51_Queue_Management_FreeRTOS\MXTmpFiles\rtos_threads.tmp_save
2026-06-01 10:41:03,228 [INFO] CodeEngine:287 - Generated code: C:\Users\hp\STM32CubeIDE\workspace_1.18.0\51_Queue_Management_FreeRTOS\MXTmpFiles\rtos_threads.tmp
2026-06-01 10:41:03,259 [INFO] CodeEngine:263 - oldGeneratedFile, C:\Users\hp\STM32CubeIDE\workspace_1.18.0\51_Queue_Management_FreeRTOS\Core\Inc\FreeRTOSConfig.h_save
2026-06-01 10:41:03,387 [INFO] CodeEngine:287 - Generated code: C:\Users\hp\STM32CubeIDE\workspace_1.18.0\51_Queue_Management_FreeRTOS\Core\Inc\FreeRTOSConfig.h
2026-06-01 10:41:03,424 [INFO] CodeEngine:263 - oldGeneratedFile, C:\Users\hp\STM32CubeIDE\workspace_1.18.0\51_Queue_Management_FreeRTOS\Core\Src\freertos.c_save
2026-06-01 10:41:03,551 [INFO] CodeEngine:287 - Generated code: C:\Users\hp\STM32CubeIDE\workspace_1.18.0\51_Queue_Management_FreeRTOS\Core\Src\freertos.c
2026-06-01 10:41:03,609 [INFO] CodeEngine:263 - oldGeneratedFile, C:\Users\hp\STM32CubeIDE\workspace_1.18.0\51_Queue_Management_FreeRTOS\Core\Src\stm32f4xx_it.c_save
2026-06-01 10:41:03,799 [INFO] CodeEngine:287 - Generated code: C:\Users\hp\STM32CubeIDE\workspace_1.18.0\51_Queue_Management_FreeRTOS\Core\Src\stm32f4xx_it.c
2026-06-01 10:41:03,816 [INFO] CodeEngine:263 - oldGeneratedFile, C:\Users\hp\STM32CubeIDE\workspace_1.18.0\51_Queue_Management_FreeRTOS\Core\Inc\stm32f4xx_it.h_save
2026-06-01 10:41:03,934 [INFO] CodeEngine:287 - Generated code: C:\Users\hp\STM32CubeIDE\workspace_1.18.0\51_Queue_Management_FreeRTOS\Core\Inc\stm32f4xx_it.h
2026-06-01 10:41:03,979 [INFO] CodeEngine:263 - oldGeneratedFile, C:\Users\hp\STM32CubeIDE\workspace_1.18.0\51_Queue_Management_FreeRTOS\Core\Src\stm32f4xx_hal_msp.c_save
2026-06-01 10:41:04,158 [INFO] CodeEngine:287 - Generated code: C:\Users\hp\STM32CubeIDE\workspace_1.18.0\51_Queue_Management_FreeRTOS\Core\Src\stm32f4xx_hal_msp.c
2026-06-01 10:41:04,167 [INFO] CodeEngine:263 - oldGeneratedFile, C:\Users\hp\STM32CubeIDE\workspace_1.18.0\51_Queue_Management_FreeRTOS\MXTmpFiles\system.tmp_save
2026-06-01 10:41:04,254 [INFO] CodeEngine:287 - Generated code: C:\Users\hp\STM32CubeIDE\workspace_1.18.0\51_Queue_Management_FreeRTOS\MXTmpFiles\system.tmp
2026-06-01 10:41:04,289 [INFO] CodeEngine:319 - oldGeneratedFile, C:\Users\hp\STM32CubeIDE\workspace_1.18.0\51_Queue_Management_FreeRTOS\Core\Inc\stm32f4xx_hal_conf.h_save
2026-06-01 10:41:04,445 [INFO] CodeEngine:343 - Generated code: C:\Users\hp\STM32CubeIDE\workspace_1.18.0\51_Queue_Management_FreeRTOS\Core\Inc\stm32f4xx_hal_conf.h
2026-06-01 10:41:04,547 [INFO] CodeEngine:263 - oldGeneratedFile, C:\Users\hp\STM32CubeIDE\workspace_1.18.0\51_Queue_Management_FreeRTOS\Core\Inc\main.h_save
2026-06-01 10:41:04,679 [INFO] CodeEngine:287 - Generated code: C:\Users\hp\STM32CubeIDE\workspace_1.18.0\51_Queue_Management_FreeRTOS\Core\Inc\main.h
2026-06-01 10:41:04,708 [INFO] CodeEngine:263 - oldGeneratedFile, C:\Users\hp\STM32CubeIDE\workspace_1.18.0\51_Queue_Management_FreeRTOS\Core\Src\main.c_save
2026-06-01 10:41:04,952 [INFO] CodeEngine:287 - Generated code: C:\Users\hp\STM32CubeIDE\workspace_1.18.0\51_Queue_Management_FreeRTOS\Core\Src\main.c
2026-06-01 10:41:05,807 [INFO] ProjectBuilder:3324 - Time for Copy HAL[1] : 477mS.
2026-06-01 10:41:05,816 [INFO] ProjectBuilder:4912 - Project Generator version: 4.6.0-B36
2026-06-01 10:41:05,965 [INFO] ConfigFileManager:1590 - The Die is : DIE413
2026-06-01 10:41:08,063 [INFO] ProjectBuilder:5191 - Time for Generating toolchain IDE Files: 2246mS.
2026-06-01 10:41:08,064 [INFO] ProjectBuilder:3181 - Time for Copy CMSIS : 1mS.
2026-06-01 10:41:08,080 [INFO] ProjectBuilder:3181 - Time for Copy CMSIS : 0mS.
2026-06-01 10:45:09,611 [INFO] MainUpdater:2872 - connection check result : 10
2026-06-01 10:45:09,612 [INFO] McuFinderGlobals:76 - Set McuFinderConnectedMode to true
2026-06-01 10:45:10,070 [INFO] ServerAccessManage:473 - Download File mcusAds.json._tmp_
2026-06-01 10:45:10,541 [INFO] LoadUrlFilesThread:156 - End of LoadUrlFiles Thread
2026-06-01 10:45:10,740 [INFO] ServerAccessManage:473 - Download File cube-finder-db.zip
2026-06-01 10:45:14,980 [INFO] FileExtend:242 - Unzip File : cube-finder-db.zip
2026-06-01 10:45:14,981 [INFO] FileExtend:257 - Standard Zip Deflate
2026-06-01 10:45:16,869 [INFO] LoadUrlFilesThread:156 - End of LoadUrlFiles Thread
2026-06-01 10:45:17,722 [INFO] ServerAccessManage:473 - Download File crdb.zip
2026-06-01 10:45:18,587 [INFO] FileExtend:242 - Unzip File : crdb.zip
2026-06-01 10:45:18,587 [INFO] FileExtend:257 - Standard Zip Deflate
2026-06-01 10:45:18,780 [INFO] LoadUrlFilesThread:156 - End of LoadUrlFiles Thread
2026-06-01 10:45:18,961 [INFO] ServerAccessManage:473 - Download File tutoVideoDB.zip
2026-06-01 10:45:18,980 [INFO] FileExtend:242 - Unzip File : tutoVideoDB.zip
2026-06-01 10:45:18,982 [INFO] FileExtend:257 - Standard Zip Deflate
2026-06-01 10:45:19,132 [INFO] LoadUrlFilesThread:156 - End of LoadUrlFiles Thread
2026-06-01 10:45:19,136 [WARN] DbFile:41 - Overriding database path with different value: C:\Users\hp\.stmcufinder\plugins\mcufinder/ => C:\Users\hp\.stmcufinder\plugins\mcufinder
2026-06-01 10:45:19,725 [ERROR] ServerAccessManage:1089 - Problem, file not found on Server
2026-06-01 10:45:19,727 [ERROR] ServerAccessManage:651 - Problem, file not found on Server : api_config.json.
2026-06-01 10:45:21,863 [INFO] LoadUrlFilesThread:156 - End of LoadUrlFiles Thread
2026-06-01 10:45:23,335 [INFO] DbMcusAds:53 - JSON generation date=Thu May 28 21:38:17 IST 2026 (1779984497073)
2026-06-01 10:45:23,349 [INFO] ApiDb:448 - Save user favorites file C:\Users\hp/.stm32cubeide/favorites.mcus.txt: 0 item(s)
2026-06-01 10:45:23,350 [INFO] ApiDb:452 - User favorites MCUs=[]
2026-06-01 10:45:23,367 [INFO] ApiDb:581 - Connected to CubeFinder SQLite database (C:\Users\hp\.stmcufinder\plugins\mcufinder\mcu\cube-finder-db.db)
2026-06-01 10:45:23,475 [INFO] ApiDb:668 - CubeFinder database Data Model version=2.1
2026-06-01 10:45:23,475 [INFO] ApiDb:669 - CubeFinder database Configuration version=3.0.42
2026-06-01 10:45:23,475 [INFO] ApiDb:670 - CubeFinder database generation date=2026-05-06 (1778060171)
2026-06-01 10:45:23,475 [INFO] ApiDb:671 - CubeFinder database FW Pack versions=[FP-ATR-ASTRA1_V2.0.0, FP-SNS-FLIGHT1_V5.1.0, FP-SNS-MOTENV1_V5.1.0, FP-SNS-MOTENVWB1_V1.5.0, FP-SNS-SMARTAG2_V1.2.0, FP-SNS-STBOX1_V2.1.0, STM32Cube_FW_C0_V1.4.0, STM32Cube_FW_F4_V1.28.3, STM32Cube_FW_F7_V1.17.4, STM32Cube_FW_G0_V1.6.3, STM32Cube_FW_G4_V1.6.2, STM32Cube_FW_H5_V1.6.0, STM32Cube_FW_H7RS_V1.3.0, STM32Cube_FW_H7_V1.13.0, STM32Cube_FW_L0_V1.12.2, STM32Cube_FW_L4_V1.18.2, STM32Cube_FW_L5_V1.6.0, STM32Cube_FW_N6_V1.3.0, STM32Cube_FW_U0_V1.3.0, STM32Cube_FW_U3_V1.3.0, STM32Cube_FW_U5_V1.8.0, STM32Cube_FW_WB0_V1.4.0, STM32Cube_FW_WBA_V1.9.0, STM32Cube_FW_WB_V1.24.0, STM32Cube_FW_WL3_V1.4.0, STM32Cube_FW_WL_V1.5.0, X-CUBE-ALGOBUILD_V1.4.0, X-CUBE-ALS_V1.0.2, X-CUBE-AZRTOS-F4_V1.1.0, X-CUBE-AZRTOS-F7_V1.1.0, X-CUBE-AZRTOS-G0_V1.1.0, X-CUBE-AZRTOS-G4_V2.0.0, X-CUBE-AZRTOS-H7RS_V1.1.0, X-CUBE-AZRTOS-H7_V3.5.0, X-CUBE-AZRTOS-L4_V2.0.0, X-CUBE-AZRTOS-L5_V2.0.0, X-CUBE-AZRTOS-WB_V2.0.0, X-CUBE-AZRTOS-WL_V2.0.0, X-CUBE-BLE1_V7.1.0, X-CUBE-BLE2_V3.3.0, X-CUBE-BLEMGR_V4.1.0, X-CUBE-EEPRMA1_V5.2.0, X-CUBE-FREERTOS_V1.5.0, X-CUBE-GNSS1_V6.0.0, X-CUBE-MEMS1_V12.0.0, X-CUBE-NFC4_V3.0.0, X-CUBE-NFC7_V2.0.0, X-CUBE-SFXS2LP1_V4.0.0, X-CUBE-ST67W61_V1.2.0, X-CUBE-SUBG2_V5.0.0, X-CUBE-TOF1_V3.4.3]
2026-06-01 10:45:26,758 [INFO] ApiDb:240 - Found 895 in-development CPN: [B-G473E-ZEST1S, B-WB1M-WPAN1, B-WBA5M-WPAN, B-WL5M-SUBG1, NUCLEO-C031C6, NUCLEO-C051C8, NUCLEO-C071RB, NUCLEO-C092RC, NUCLEO-H503RB, NUCLEO-H533RE, NUCLEO-H563ZI, NUCLEO-H7S3L8, NUCLEO-N657X0-Q, NUCLEO-U031R8, NUCLEO-U083RC, NUCLEO-U385RG-Q, NUCLEO-U545RE-Q, NUCLEO-U5A5ZJ-Q, NUCLEO-WB05KZ, NUCLEO-WB07CC, NUCLEO-WB09KE, NUCLEO-WBA52CG, NUCLEO-WBA55CG, NUCLEO-WBA65RI, NUCLEO-WL33CC1, NUCLEO-WL33CC2, STEVAL-PROTEUS1, STEVAL-SMARTAG2, STEVAL-STWINBX1, STM320518-EVAL, STM32C0116-DK, STM32C011D6Y3TR, STM32C011D6Y6TR, STM32C011F4P3, STM32C011F4P6, STM32C011F4U3, STM32C011F4U6TR, STM32C011F6P3, STM32C011F6P6, STM32C011F6U3, STM32C011F6U6TR, STM32C011J4M3, STM32C011J4M6, STM32C011J6M3, STM32C011J6M6, STM32C0316-DK, STM32C031C4T3, STM32C031C4T6, STM32C031C4U3, STM32C031C4U6, STM32C031C6T3, STM32C031C6T6, STM32C031C6U3, STM32C031C6U6, STM32C031F4P3, STM32C031F4P6, STM32C031F6P3, STM32C031F6P6, STM32C031G4U3, STM32C031G4U6, STM32C031G6U3, STM32C031G6U6, STM32C031K4T3, STM32C031K4T6, STM32C031K4U3, STM32C031K4U6, STM32C031K6T3, STM32C031K6T6, STM32C031K6U3, STM32C031K6U6, STM32C051C6T6, STM32C051C6U6, STM32C051C8T6, STM32C051C8U6, STM32C051D8Y6TR, STM32C051F6P6, STM32C051F8P6, STM32C051G6U6, STM32C051G8U6, STM32C051K6T6, STM32C051K6U6, STM32C051K8T6, STM32C071C8T6, STM32C071C8T6N, STM32C071C8U6, STM32C071C8U6N, STM32C071CBT6, STM32C071CBT6N, STM32C071CBU6, STM32C071CBU6N, STM32C071F8P6, STM32C071F8P6N, STM32C071FBP6, STM32C071FBP6N, STM32C071FBY6TR, STM32C071G8U6, STM32C071G8U6N, STM32C071GBU6, STM32C071GBU6N, STM32C071K8T6, STM32C071K8T6N, STM32C071K8U6, STM32C071K8U6N, STM32C071KBT6, STM32C071KBT6N, STM32C071KBU6, STM32C071KBU6N, STM32C071R8T6, STM32C071R8T6N, STM32C071RBI6N, STM32C071RBT6, STM32C071RBT6N, STM32C091CBT6, STM32C091CBU6, STM32C091CCT6, STM32C091CCU6, STM32C091ECY6TR, STM32C091FBP6, STM32C091FCP6, STM32C091GBU6, STM32C091GCU6, STM32C091KBT6, STM32C091KBU6, STM32C091KCT6, STM32C091KCU6, STM32C091RBT6, STM32C091RCI6, STM32C091RCT6, STM32C092CBT6, STM32C092CBU6, STM32C092CCT6, STM32C092CCU6, STM32C092ECY6TR, STM32C092FBP6, STM32C092FCP6, STM32C092GBU6, STM32C092GCU6, STM32C092KBT6, STM32C092KBU6, STM32C092KCT6, STM32C092KCU6, STM32C092RBT6, STM32C092RCI6, STM32C092RCT6, STM32G071K8TXN, STM32G071K8UXN, STM32G081GBU6N, STM32G081KBT6N, STM32G081KBUXN, STM32G0B1CCT6N, STM32G0B1KCT6, STM32G0B1NEY6TR, STM32G0B1RCT6N, STM32G0C1CCT6, STM32G0C1CCT6N, STM32G0C1CCU6N, STM32G0C1CET6N, STM32G0C1CEU6N, STM32G0C1KCT6, STM32G0C1NEY6TR, STM32G0C1RCI6N, STM32G0C1RCT6N, STM32G0C1REI6N, STM32G0C1RET6N, STM32G0C1VCI6, STM32G0C1VEI6, STM32G411C6T3, STM32G411C6T6, STM32G411C6U3, STM32G411C6U6, STM32G411C8T3, STM32G411C8T6, STM32G411C8U3, STM32G411C8U6, STM32G411CBT3, STM32G411CBT6, STM32G411CBU3, STM32G411CBU6, STM32G411CCT3, STM32G411CCT6, STM32G411CCU3, STM32G411CCU6, STM32G411K6T3, STM32G411K6T6, STM32G411K6U3, STM32G411K6U6, STM32G411K8T3, STM32G411K8T6, STM32G411K8U3, STM32G411K8U6, STM32G411KBT3, STM32G411KBT6, STM32G411KBU3, STM32G411KBU6, STM32G411M6T3, STM32G411M6T6, STM32G411M8T3, STM32G411M8T6, STM32G411MBT3, STM32G411MBT6, STM32G411MCT3, STM32G411MCT6, STM32G411R6T3, STM32G411R6T6, STM32G411R8T3, STM32G411R8T6, STM32G411RBT3, STM32G411RBT6, STM32G411RCT3, STM32G411RCT6, STM32G414CBT3, STM32G414CBT6, STM32G414CBU3, STM32G414CBU6, STM32G414CCT3, STM32G414CCT6, STM32G414CCU3, STM32G414CCU6, STM32G414MBT3, STM32G414MBT6, STM32G414MCT3, STM32G414MCT6, STM32G414RBT3, STM32G414RBT6, STM32G414RCT3, STM32G414RCT6, STM32G414VBT3, STM32G414VBT6, STM32G414VCT3, STM32G414VCT6, STM32G431CBT3Z, STM32G431RBT3Z, STM32G471CCT6, STM32G471CCU6, STM32G471CET3, STM32G471CET6, STM32G471CEU3, STM32G471CEU6, STM32G471MCT6, STM32G471MET3, STM32G471MET6, STM32G471MEY6TR, STM32G471QCT6, STM32G471QET3, STM32G471RCT6, STM32G471RET3, STM32G471RET6, STM32G471VCH6, STM32G471VCI6, STM32G471VCT6, STM32G471VEH3, STM32G471VEH6, STM32G471VEI3, STM32G471VEI6, STM32G471VET3, STM32G471VET6, STM32G473QET3Z, STM32G473RET3Z, STM32G474CCT6, STM32G491RET3Z, STM32H503CBT6, STM32H503CBU6, STM32H503EBY6TR, STM32H503KBU6, STM32H503RBT6, STM32H523CCT6, STM32H523CCU6, STM32H523CET6, STM32H523CEU6, STM32H523HEY6TR, STM32H523RCT6, STM32H523RET6, STM32H523VCI6, STM32H523VCT6, STM32H523VEI6, STM32H523VET6, STM32H523ZCJ6, STM32H523ZCT6, STM32H523ZEJ6, STM32H523ZET6, STM32H533CET6, STM32H533CEU6, STM32H533HEY6TR, STM32H533RET6, STM32H533VEI6, STM32H533VET6, STM32H533ZEJ6, STM32H533ZET6, STM32H562AGI6, STM32H562AII6, STM32H562IGK6, STM32H562IGT6, STM32H562IIK6, STM32H562IIT6, STM32H562RGT6, STM32H562RGV6, STM32H562RIT6, STM32H562RIV6, STM32H562VGT6, STM32H562VIT6, STM32H562ZGT6, STM32H562ZIT6, STM32H563AGI6, STM32H563AII3Q, STM32H563AII6, STM32H563IGK6, STM32H563IGT6, STM32H563IIK3Q, STM32H563IIK6, STM32H563IIT3Q, STM32H563IIT6, STM32H563MIY3QTR, STM32H563RGT6, STM32H563RGV6, STM32H563RIT6, STM32H563RIV6, STM32H563VGT6, STM32H563VIT3Q, STM32H563VIT6, STM32H563ZGT6, STM32H563ZIT3Q, STM32H563ZIT6, STM32H573AII3Q, STM32H573AII6, STM32H573I-DK, STM32H573IIK3Q, STM32H573IIK6, STM32H573IIT3Q, STM32H573IIT6, STM32H573MIY3QTR, STM32H573RIT6, STM32H573RIV6, STM32H573VIT3Q, STM32H573VIT6, STM32H573ZIT3Q, STM32H573ZIT6, STM32H7R3A8I6, STM32H7R3I8K6, STM32H7R3I8T6, STM32H7R3L8H6, STM32H7R3L8H6H, STM32H7R3R8V6, STM32H7R3V8H6, STM32H7R3V8T6, STM32H7R3V8Y6TR, STM32H7R3Z8J6, STM32H7R3Z8T6, STM32H7R7A8I6, STM32H7R7I8K6, STM32H7R7I8T6, STM32H7R7L8H6, STM32H7R7L8H6H, STM32H7R7Z8J6, STM32H7S3A8I6, STM32H7S3I8K6, STM32H7S3I8T6, STM32H7S3L8H6, STM32H7S3L8H6H, STM32H7S3R8V6, STM32H7S3V8H6, STM32H7S3V8T6, STM32H7S3V8Y6TR, STM32H7S3Z8J6, STM32H7S3Z8T6, STM32H7S78-DK, STM32H7S7A8I6, STM32H7S7I8K6, STM32H7S7I8T6, STM32H7S7L8H6, STM32H7S7L8H6H, STM32H7S7Z8J6, STM32L4R5QGI6STR, STM32MP131AAE3, STM32MP131AAF3, STM32MP131AAG3, STM32MP131CAE3, STM32MP131CAF3, STM32MP131CAG3, STM32MP131DAE7, STM32MP131DAF7, STM32MP131DAG7, STM32MP131FAE7, STM32MP131FAF7, STM32MP131FAG7, STM32MP133AAE3, STM32MP133AAF3, STM32MP133AAG3, STM32MP133CAE3, STM32MP133CAF3, STM32MP133CAG3, STM32MP133DAE7, STM32MP133DAF7, STM32MP133DAG7, STM32MP133FAE7, STM32MP133FAF7, STM32MP133FAG7, STM32MP135AAE3, STM32MP135AAF3, STM32MP135AAG3, STM32MP135CAE3, STM32MP135CAF3, STM32MP135CAG3, STM32MP135DAE7, STM32MP135DAF7, STM32MP135DAG7, STM32MP135F-DK, STM32MP135FAE7, STM32MP135FAF7, STM32MP135FAF7T, STM32MP135FAF7U, STM32MP135FAG7, STM32MP231AAJ3, STM32MP231AAK3, STM32MP231AAL3, STM32MP231CAJ3, STM32MP231CAK3, STM32MP231CAL3, STM32MP231DAJ3, STM32MP231DAK3, STM32MP231DAL3, STM32MP231FAJ3, STM32MP231FAK3, STM32MP231FAL3, STM32MP233AAJ3, STM32MP233AAK3, STM32MP233AAL3, STM32MP233CAJ3, STM32MP233CAK3, STM32MP233CAL3, STM32MP233DAJ3, STM32MP233DAK3, STM32MP233DAL3, STM32MP233FAJ3, STM32MP233FAK3, STM32MP233FAL3, STM32MP235AAJ3, STM32MP235AAK3, STM32MP235AAL3, STM32MP235CAJ3, STM32MP235CAK3, STM32MP235CAL3, STM32MP235DAJ3, STM32MP235DAK3, STM32MP235DAL3, STM32MP235FAJ3, STM32MP235FAK3, STM32MP235FAL3, STM32MP251AAI3, STM32MP251AAJ3, STM32MP251AAK3, STM32MP251AAL3, STM32MP251CAI3, STM32MP251CAJ3, STM32MP251CAK3, STM32MP251CAL3, STM32MP251DAI3, STM32MP251DAJ3, STM32MP251DAK3, STM32MP251DAL3, STM32MP251FAI3, STM32MP251FAJ3, STM32MP251FAK3, STM32MP251FAL3, STM32MP253AAI3, STM32MP253AAJ3, STM32MP253AAK3, STM32MP253AAL3, STM32MP253CAI3, STM32MP253CAJ3, STM32MP253CAK3, STM32MP253CAL3, STM32MP253DAI3, STM32MP253DAJ3, STM32MP253DAK3, STM32MP253DAL3, STM32MP253FAI3, STM32MP253FAJ3, STM32MP253FAK3, STM32MP253FAL3, STM32MP255AAI3, STM32MP255AAJ3, STM32MP255AAK3, STM32MP255AAL3, STM32MP255CAI3, STM32MP255CAJ3, STM32MP255CAK3, STM32MP255CAL3, STM32MP255DAI3, STM32MP255DAJ3, STM32MP255DAK3, STM32MP255DAL3, STM32MP255FAI3, STM32MP255FAJ3, STM32MP255FAK3, STM32MP255FAL3, STM32MP257AAI3, STM32MP257AAJ3, STM32MP257AAK3, STM32MP257AAL3, STM32MP257CAI3, STM32MP257CAJ3, STM32MP257CAK3, STM32MP257CAL3, STM32MP257DAI3, STM32MP257DAJ3, STM32MP257DAK3, STM32MP257DAL3, STM32MP257F-DK, STM32MP257F-EV1, STM32MP257FAI3, STM32MP257FAJ3, STM32MP257FAK3, STM32MP257FAL3, STM32N645A0H3Q, STM32N645B0H3Q, STM32N645I0H3Q, STM32N645L0H3Q, STM32N645X0H3Q, STM32N645Z0H3Q, STM32N647A0H3Q, STM32N647B0H3Q, STM32N647I0H3Q, STM32N647L0H3Q, STM32N647X0H3Q, STM32N647Z0H3Q, STM32N655A0H3Q, STM32N655B0H3Q, STM32N655I0H3Q, STM32N655L0H3Q, STM32N655X0H3Q, STM32N655Z0H3Q, STM32N6570-DK, STM32N657A0H3Q, STM32N657B0H3Q, STM32N657I0H3Q, STM32N657L0H3Q, STM32N657X0H3Q, STM32N657Z0H3Q, STM32U031C6T6, STM32U031C6U6, STM32U031C8T6, STM32U031C8U6, STM32U031F4P6, STM32U031F6P6, STM32U031F8P6, STM32U031G6Y6TR, STM32U031G8Y6TR, STM32U031K4U6, STM32U031K6U6, STM32U031K8U6, STM32U031R6I6, STM32U031R6T6, STM32U031R8I6, STM32U031R8T6, STM32U073C8T6, STM32U073C8U6, STM32U073CBT6, STM32U073CBU6, STM32U073CCT6, STM32U073CCU6, STM32U073H8Y6TR, STM32U073HBY6TR, STM32U073HCY6TR, STM32U073K8U6, STM32U073KBU6, STM32U073KCU6, STM32U073M8I6, STM32U073M8T6, STM32U073MBI6, STM32U073MBT6, STM32U073MCI6, STM32U073MCT6, STM32U073R8I6, STM32U073R8T6, STM32U073RBI6, STM32U073RBT6, STM32U073RCI6, STM32U073RCT6, STM32U083C-DK, STM32U083CCT6, STM32U083CCU6, STM32U083HCY6TR, STM32U083KCU6, STM32U083MCI6, STM32U083MCT6, STM32U083RCI6, STM32U083RCT6, STM32U375CET6, STM32U375CET6Q, STM32U375CEU6, STM32U375CEU6Q, STM32U375CEY6QTR, STM32U375CGT6, STM32U375CGT6Q, STM32U375CGU6, STM32U375CGU6Q, STM32U375CGY6QTR, STM32U375KEU6, STM32U375KGU6, STM32U375REI6, STM32U375REI6Q, STM32U375RET6, STM32U375RET6Q, STM32U375REY6GTR, STM32U375REY6QTR, STM32U375RGI6, STM32U375RGI6Q, STM32U375RGT6, STM32U375RGT6Q, STM32U375RGY6GTR, STM32U375RGY6QTR, STM32U375VEI6, STM32U375VEI6Q, STM32U375VET6, STM32U375VET6Q, STM32U375VGI6, STM32U375VGI6Q, STM32U375VGT6, STM32U375VGT6Q, STM32U385CGT6, STM32U385CGT6Q, STM32U385CGU6, STM32U385CGU6Q, STM32U385CGY6QTR, STM32U385KGU6, STM32U385RGI6, STM32U385RGI6Q, STM32U385RGT6, STM32U385RGT6Q, STM32U385RGY6GTR, STM32U385RGY6QTR, STM32U385VGI6, STM32U385VGI6Q, STM32U385VGT6, STM32U385VGT6Q, STM32U535CBT6, STM32U535CBT6Q, STM32U535CBU6, STM32U535CBU6Q, STM32U535CCT6, STM32U535CCT6Q, STM32U535CCU6, STM32U535CCU6Q, STM32U535CET6, STM32U535CET6Q, STM32U535CEU6, STM32U535CEU6Q, STM32U535JEY6QTR, STM32U535NCY6QTR, STM32U535NEY6QTR, STM32U535RBI6, STM32U535RBI6Q, STM32U535RBT6, STM32U535RBT6Q, STM32U535RCI6, STM32U535RCI6Q, STM32U535RCT6, STM32U535RCT6Q, STM32U535REI6, STM32U535REI6Q, STM32U535RET6, STM32U535RET6Q, STM32U535VCI6, STM32U535VCI6Q, STM32U535VCT6, STM32U535VCT6Q, STM32U535VEI6, STM32U535VEI6Q, STM32U535VET6, STM32U535VET6Q, STM32U545CET6, STM32U545CET6Q, STM32U545CEU6, STM32U545CEU6Q, STM32U545JEY6QTR, STM32U545NEY6QTR, STM32U545REI6, STM32U545REI6Q, STM32U545RET6, STM32U545RET6Q, STM32U545VEI6, STM32U545VEI6Q, STM32U545VET6, STM32U545VET6Q, STM32U595AIH6, STM32U595AIH6Q, STM32U595AJH6, STM32U595AJH6Q, STM32U595QII6, STM32U595QII6Q, STM32U595QJI6, STM32U595QJI6Q, STM32U595RIT6, STM32U595RIT6Q, STM32U595RJT6, STM32U595RJT6Q, STM32U595VIT6, STM32U595VIT6Q, STM32U595VJT6, STM32U595VJT6Q, STM32U595ZIT6, STM32U595ZIT6Q, STM32U595ZIY6QTR, STM32U595ZJT6, STM32U595ZJT6Q, STM32U595ZJY6QTR, STM32U599BJY6QTR, STM32U599NIH6Q, STM32U599NJH6Q, STM32U599VIT6Q, STM32U599VJT6, STM32U599VJT6Q, STM32U599ZIT6Q, STM32U599ZIY6QTR, STM32U599ZJT6Q, STM32U599ZJY6QTR, STM32U5A5AJH6, STM32U5A5AJH6Q, STM32U5A5QII3Q , STM32U5A5QJI6, STM32U5A5QJI6Q, STM32U5A5RJT6, STM32U5A5RJT6Q, STM32U5A5VJT6, STM32U5A5VJT6Q, STM32U5A5ZJT6, STM32U5A5ZJT6Q, STM32U5A5ZJY6QTR, STM32U5A9BJY6QTR, STM32U5A9J-DK, STM32U5A9NJH6Q, STM32U5A9VJT6Q, STM32U5A9ZJT6Q, STM32U5A9ZJY6QTR, STM32U5F7VIT6, STM32U5F7VIT6Q, STM32U5F7VJT6, STM32U5F7VJT6Q, STM32U5F9BJY6QTR, STM32U5F9NJH6Q, STM32U5F9VIT6Q, STM32U5F9VJT6Q, STM32U5F9ZIJ6QTR, STM32U5F9ZIT6Q, STM32U5F9ZJJ6QTR, STM32U5F9ZJT6Q, STM32U5G7VJT6, STM32U5G7VJT6Q, STM32U5G9BJY6QTR, STM32U5G9J-DK1, STM32U5G9J-DK2, STM32U5G9NJH6Q, STM32U5G9VJT6Q, STM32U5G9ZJJ6QTR, STM32U5G9ZJT6Q, STM32WB05KZV6TR, STM32WB05KZV7TR, STM32WB05TZF6TR, STM32WB05TZF7TR, STM32WB06CCF6TR, STM32WB06CCF7TR, STM32WB06CCV6TR, STM32WB06CCV7TR, STM32WB06KCV6TR, STM32WB06KCV7TR, STM32WB07CCF6TR, STM32WB07CCF7TR, STM32WB07CCV6TR, STM32WB07CCV7TR, STM32WB07KCV6TR, STM32WB07KCV7TR, STM32WB09KEV6TR, STM32WB09KEV7TR, STM32WB09TEF6TR, STM32WB09TEF7TR, STM32WB1MMCH6, STM32WBA50KGU6, STM32WBA50KGU6TR, STM32WBA52CEU6, STM32WBA52CEU6TR, STM32WBA52CEU7, STM32WBA52CEU7TR, STM32WBA52CGU6, STM32WBA52CGU6TR, STM32WBA52CGU6U, STM32WBA52CGU7, STM32WBA52CGU7TR, STM32WBA52KEU6, STM32WBA52KEU6TR, STM32WBA52KGU6, STM32WBA52KGU6TR, STM32WBA54CEU6, STM32WBA54CEU6TR, STM32WBA54CEU7, STM32WBA54CEU7TR, STM32WBA54CGU6, STM32WBA54CGU6TR, STM32WBA54CGU7, STM32WBA54CGU7TR, STM32WBA54KEU6, STM32WBA54KEU6TR, STM32WBA54KEU7, STM32WBA54KEU7TR, STM32WBA54KGU6, STM32WBA54KGU6TR, STM32WBA54KGU7, STM32WBA54KGU7TR, STM32WBA55CEU6, STM32WBA55CEU6TR, STM32WBA55CEU7, STM32WBA55CEU7TR, STM32WBA55CGU6, STM32WBA55CGU6TR, STM32WBA55CGU6U, STM32WBA55CGU7, STM32WBA55CGU7TR, STM32WBA55G-DK1, STM32WBA55HEF6, STM32WBA55HEF7, STM32WBA55HGF6, STM32WBA55HGF7, STM32WBA55UEI6, STM32WBA55UEI6TR, STM32WBA55UEI7, STM32WBA55UEI7TR, STM32WBA55UGI6, STM32WBA55UGI6TR, STM32WBA55UGI7, STM32WBA55UGI7TR, STM32WBA5MJGH6TR, STM32WBA62CGU6, STM32WBA62CIU6, STM32WBA62MGF6, STM32WBA62MIF6, STM32WBA62PGI6, STM32WBA62PII6, STM32WBA63CGU6, STM32WBA63CGU7, STM32WBA63CIU6, STM32WBA63CIU7, STM32WBA64CGU6, STM32WBA64CGU7, STM32WBA64CIU6, STM32WBA64CIU7, STM32WBA65CGU6, STM32WBA65CGU7, STM32WBA65CIU6, STM32WBA65CIU7, STM32WBA65I-DK1, STM32WBA65MGF6, STM32WBA65MGF7, STM32WBA65MIF6, STM32WBA65MIF7, STM32WBA65PGI6, STM32WBA65PGI7, STM32WBA65PII6, STM32WBA65PII7, STM32WBA65RGV6, STM32WBA65RGV7, STM32WBA65RIV6, STM32WBA65RIV7, STM32WL30K8V6, STM32WL30KBV6, STM32WL31C8V6, STM32WL31CBV6, STM32WL31K8V6, STM32WL31KBV6, STM32WL33C8V6, STM32WL33C8V6TR, STM32WL33C8V7, STM32WL33C8V7TR, STM32WL33CBV6, STM32WL33CBV6TR, STM32WL33CBV7, STM32WL33CBV7TR, STM32WL33CCV6, STM32WL33CCV6TR, STM32WL33CCV7, STM32WL33CCV7A, STM32WL33CCV7ATR, STM32WL33CCV7TR, STM32WL33K8V6, STM32WL33K8V6TR, STM32WL33K8V7, STM32WL33K8V7TR, STM32WL33KBV6, STM32WL33KBV6TR, STM32WL33KBV7, STM32WL33KBV7TR, STM32WL33KCV6, STM32WL33KCV6TR, STM32WL33KCV7, STM32WL33KCV7TR, STM32WL5MOCH6, STM32WL5MOCH6TR]
2026-06-01 10:45:26,764 [INFO] DbMcus:218 - Found 5082 MCUs, 4964 are supported
2026-06-01 10:45:26,765 [INFO] ApiDb:423 - Load user favorites file C:\Users\hp/.stm32cubeide/favorites.mcus.txt: 0 item(s)
2026-06-01 10:45:26,765 [INFO] ApiDb:427 - User favorites MCUs=[]
2026-06-01 10:45:26,765 [INFO] DbMcus:224 - Set 0 / 0 favorites MCUs
2026-06-01 10:45:27,705 [INFO] ApiDb:448 - Save user favorites file C:\Users\hp/.stm32cubeide/favorites.boards.txt: 1 item(s)
2026-06-01 10:45:27,705 [INFO] ApiDb:452 - User favorites Boards=[STM32F407G-DISC1]
2026-06-01 10:45:27,708 [INFO] ApiDb:581 - Connected to CubeFinder SQLite database (C:\Users\hp\.stmcufinder\plugins\mcufinder\mcu\cube-finder-db.db)
2026-06-01 10:45:27,809 [INFO] ApiDb:668 - CubeFinder database Data Model version=2.1
2026-06-01 10:45:27,809 [INFO] ApiDb:669 - CubeFinder database Configuration version=3.0.42
2026-06-01 10:45:27,809 [INFO] ApiDb:670 - CubeFinder database generation date=2026-05-06 (1778060171)
2026-06-01 10:45:27,810 [INFO] ApiDb:671 - CubeFinder database FW Pack versions=[FP-ATR-ASTRA1_V2.0.0, FP-SNS-FLIGHT1_V5.1.0, FP-SNS-MOTENV1_V5.1.0, FP-SNS-MOTENVWB1_V1.5.0, FP-SNS-SMARTAG2_V1.2.0, FP-SNS-STBOX1_V2.1.0, STM32Cube_FW_C0_V1.4.0, STM32Cube_FW_F4_V1.28.3, STM32Cube_FW_F7_V1.17.4, STM32Cube_FW_G0_V1.6.3, STM32Cube_FW_G4_V1.6.2, STM32Cube_FW_H5_V1.6.0, STM32Cube_FW_H7RS_V1.3.0, STM32Cube_FW_H7_V1.13.0, STM32Cube_FW_L0_V1.12.2, STM32Cube_FW_L4_V1.18.2, STM32Cube_FW_L5_V1.6.0, STM32Cube_FW_N6_V1.3.0, STM32Cube_FW_U0_V1.3.0, STM32Cube_FW_U3_V1.3.0, STM32Cube_FW_U5_V1.8.0, STM32Cube_FW_WB0_V1.4.0, STM32Cube_FW_WBA_V1.9.0, STM32Cube_FW_WB_V1.24.0, STM32Cube_FW_WL3_V1.4.0, STM32Cube_FW_WL_V1.5.0, X-CUBE-ALGOBUILD_V1.4.0, X-CUBE-ALS_V1.0.2, X-CUBE-AZRTOS-F4_V1.1.0, X-CUBE-AZRTOS-F7_V1.1.0, X-CUBE-AZRTOS-G0_V1.1.0, X-CUBE-AZRTOS-G4_V2.0.0, X-CUBE-AZRTOS-H7RS_V1.1.0, X-CUBE-AZRTOS-H7_V3.5.0, X-CUBE-AZRTOS-L4_V2.0.0, X-CUBE-AZRTOS-L5_V2.0.0, X-CUBE-AZRTOS-WB_V2.0.0, X-CUBE-AZRTOS-WL_V2.0.0, X-CUBE-BLE1_V7.1.0, X-CUBE-BLE2_V3.3.0, X-CUBE-BLEMGR_V4.1.0, X-CUBE-EEPRMA1_V5.2.0, X-CUBE-FREERTOS_V1.5.0, X-CUBE-GNSS1_V6.0.0, X-CUBE-MEMS1_V12.0.0, X-CUBE-NFC4_V3.0.0, X-CUBE-NFC7_V2.0.0, X-CUBE-SFXS2LP1_V4.0.0, X-CUBE-ST67W61_V1.2.0, X-CUBE-SUBG2_V5.0.0, X-CUBE-TOF1_V3.4.3]
2026-06-01 10:45:27,873 [INFO] DbBoardsSqlite:226 - include board P-NUCLEO-WB55-NUCLEO as a kit item of type 'Nucleo-64'
2026-06-01 10:45:27,874 [INFO] DbBoardsSqlite:226 - include board P-NUCLEO-WB55-USBDONGLE as a kit item of type 'Nucleo USB Dongle'
2026-06-01 10:45:27,874 [INFO] DbBoardsSqlite:226 - include board STEVAL-IDP005V1 as a kit item of type 'Evaluation Board'
2026-06-01 10:45:27,874 [INFO] DbBoardsSqlite:226 - include board STEVAL-IDP005V2 as a kit item of type 'Evaluation Board'
2026-06-01 10:45:27,968 [INFO] ApiDb:240 - Found 895 in-development CPN: [B-G473E-ZEST1S, B-WB1M-WPAN1, B-WBA5M-WPAN, B-WL5M-SUBG1, NUCLEO-C031C6, NUCLEO-C051C8, NUCLEO-C071RB, NUCLEO-C092RC, NUCLEO-H503RB, NUCLEO-H533RE, NUCLEO-H563ZI, NUCLEO-H7S3L8, NUCLEO-N657X0-Q, NUCLEO-U031R8, NUCLEO-U083RC, NUCLEO-U385RG-Q, NUCLEO-U545RE-Q, NUCLEO-U5A5ZJ-Q, NUCLEO-WB05KZ, NUCLEO-WB07CC, NUCLEO-WB09KE, NUCLEO-WBA52CG, NUCLEO-WBA55CG, NUCLEO-WBA65RI, NUCLEO-WL33CC1, NUCLEO-WL33CC2, STEVAL-PROTEUS1, STEVAL-SMARTAG2, STEVAL-STWINBX1, STM320518-EVAL, STM32C0116-DK, STM32C011D6Y3TR, STM32C011D6Y6TR, STM32C011F4P3, STM32C011F4P6, STM32C011F4U3, STM32C011F4U6TR, STM32C011F6P3, STM32C011F6P6, STM32C011F6U3, STM32C011F6U6TR, STM32C011J4M3, STM32C011J4M6, STM32C011J6M3, STM32C011J6M6, STM32C0316-DK, STM32C031C4T3, STM32C031C4T6, STM32C031C4U3, STM32C031C4U6, STM32C031C6T3, STM32C031C6T6, STM32C031C6U3, STM32C031C6U6, STM32C031F4P3, STM32C031F4P6, STM32C031F6P3, STM32C031F6P6, STM32C031G4U3, STM32C031G4U6, STM32C031G6U3, STM32C031G6U6, STM32C031K4T3, STM32C031K4T6, STM32C031K4U3, STM32C031K4U6, STM32C031K6T3, STM32C031K6T6, STM32C031K6U3, STM32C031K6U6, STM32C051C6T6, STM32C051C6U6, STM32C051C8T6, STM32C051C8U6, STM32C051D8Y6TR, STM32C051F6P6, STM32C051F8P6, STM32C051G6U6, STM32C051G8U6, STM32C051K6T6, STM32C051K6U6, STM32C051K8T6, STM32C071C8T6, STM32C071C8T6N, STM32C071C8U6, STM32C071C8U6N, STM32C071CBT6, STM32C071CBT6N, STM32C071CBU6, STM32C071CBU6N, STM32C071F8P6, STM32C071F8P6N, STM32C071FBP6, STM32C071FBP6N, STM32C071FBY6TR, STM32C071G8U6, STM32C071G8U6N, STM32C071GBU6, STM32C071GBU6N, STM32C071K8T6, STM32C071K8T6N, STM32C071K8U6, STM32C071K8U6N, STM32C071KBT6, STM32C071KBT6N, STM32C071KBU6, STM32C071KBU6N, STM32C071R8T6, STM32C071R8T6N, STM32C071RBI6N, STM32C071RBT6, STM32C071RBT6N, STM32C091CBT6, STM32C091CBU6, STM32C091CCT6, STM32C091CCU6, STM32C091ECY6TR, STM32C091FBP6, STM32C091FCP6, STM32C091GBU6, STM32C091GCU6, STM32C091KBT6, STM32C091KBU6, STM32C091KCT6, STM32C091KCU6, STM32C091RBT6, STM32C091RCI6, STM32C091RCT6, STM32C092CBT6, STM32C092CBU6, STM32C092CCT6, STM32C092CCU6, STM32C092ECY6TR, STM32C092FBP6, STM32C092FCP6, STM32C092GBU6, STM32C092GCU6, STM32C092KBT6, STM32C092KBU6, STM32C092KCT6, STM32C092KCU6, STM32C092RBT6, STM32C092RCI6, STM32C092RCT6, STM32G071K8TXN, STM32G071K8UXN, STM32G081GBU6N, STM32G081KBT6N, STM32G081KBUXN, STM32G0B1CCT6N, STM32G0B1KCT6, STM32G0B1NEY6TR, STM32G0B1RCT6N, STM32G0C1CCT6, STM32G0C1CCT6N, STM32G0C1CCU6N, STM32G0C1CET6N, STM32G0C1CEU6N, STM32G0C1KCT6, STM32G0C1NEY6TR, STM32G0C1RCI6N, STM32G0C1RCT6N, STM32G0C1REI6N, STM32G0C1RET6N, STM32G0C1VCI6, STM32G0C1VEI6, STM32G411C6T3, STM32G411C6T6, STM32G411C6U3, STM32G411C6U6, STM32G411C8T3, STM32G411C8T6, STM32G411C8U3, STM32G411C8U6, STM32G411CBT3, STM32G411CBT6, STM32G411CBU3, STM32G411CBU6, STM32G411CCT3, STM32G411CCT6, STM32G411CCU3, STM32G411CCU6, STM32G411K6T3, STM32G411K6T6, STM32G411K6U3, STM32G411K6U6, STM32G411K8T3, STM32G411K8T6, STM32G411K8U3, STM32G411K8U6, STM32G411KBT3, STM32G411KBT6, STM32G411KBU3, STM32G411KBU6, STM32G411M6T3, STM32G411M6T6, STM32G411M8T3, STM32G411M8T6, STM32G411MBT3, STM32G411MBT6, STM32G411MCT3, STM32G411MCT6, STM32G411R6T3, STM32G411R6T6, STM32G411R8T3, STM32G411R8T6, STM32G411RBT3, STM32G411RBT6, STM32G411RCT3, STM32G411RCT6, STM32G414CBT3, STM32G414CBT6, STM32G414CBU3, STM32G414CBU6, STM32G414CCT3, STM32G414CCT6, STM32G414CCU3, STM32G414CCU6, STM32G414MBT3, STM32G414MBT6, STM32G414MCT3, STM32G414MCT6, STM32G414RBT3, STM32G414RBT6, STM32G414RCT3, STM32G414RCT6, STM32G414VBT3, STM32G414VBT6, STM32G414VCT3, STM32G414VCT6, STM32G431CBT3Z, STM32G431RBT3Z, STM32G471CCT6, STM32G471CCU6, STM32G471CET3, STM32G471CET6, STM32G471CEU3, STM32G471CEU6, STM32G471MCT6, STM32G471MET3, STM32G471MET6, STM32G471MEY6TR, STM32G471QCT6, STM32G471QET3, STM32G471RCT6, STM32G471RET3, STM32G471RET6, STM32G471VCH6, STM32G471VCI6, STM32G471VCT6, STM32G471VEH3, STM32G471VEH6, STM32G471VEI3, STM32G471VEI6, STM32G471VET3, STM32G471VET6, STM32G473QET3Z, STM32G473RET3Z, STM32G474CCT6, STM32G491RET3Z, STM32H503CBT6, STM32H503CBU6, STM32H503EBY6TR, STM32H503KBU6, STM32H503RBT6, STM32H523CCT6, STM32H523CCU6, STM32H523CET6, STM32H523CEU6, STM32H523HEY6TR, STM32H523RCT6, STM32H523RET6, STM32H523VCI6, STM32H523VCT6, STM32H523VEI6, STM32H523VET6, STM32H523ZCJ6, STM32H523ZCT6, STM32H523ZEJ6, STM32H523ZET6, STM32H533CET6, STM32H533CEU6, STM32H533HEY6TR, STM32H533RET6, STM32H533VEI6, STM32H533VET6, STM32H533ZEJ6, STM32H533ZET6, STM32H562AGI6, STM32H562AII6, STM32H562IGK6, STM32H562IGT6, STM32H562IIK6, STM32H562IIT6, STM32H562RGT6, STM32H562RGV6, STM32H562RIT6, STM32H562RIV6, STM32H562VGT6, STM32H562VIT6, STM32H562ZGT6, STM32H562ZIT6, STM32H563AGI6, STM32H563AII3Q, STM32H563AII6, STM32H563IGK6, STM32H563IGT6, STM32H563IIK3Q, STM32H563IIK6, STM32H563IIT3Q, STM32H563IIT6, STM32H563MIY3QTR, STM32H563RGT6, STM32H563RGV6, STM32H563RIT6, STM32H563RIV6, STM32H563VGT6, STM32H563VIT3Q, STM32H563VIT6, STM32H563ZGT6, STM32H563ZIT3Q, STM32H563ZIT6, STM32H573AII3Q, STM32H573AII6, STM32H573I-DK, STM32H573IIK3Q, STM32H573IIK6, STM32H573IIT3Q, STM32H573IIT6, STM32H573MIY3QTR, STM32H573RIT6, STM32H573RIV6, STM32H573VIT3Q, STM32H573VIT6, STM32H573ZIT3Q, STM32H573ZIT6, STM32H7R3A8I6, STM32H7R3I8K6, STM32H7R3I8T6, STM32H7R3L8H6, STM32H7R3L8H6H, STM32H7R3R8V6, STM32H7R3V8H6, STM32H7R3V8T6, STM32H7R3V8Y6TR, STM32H7R3Z8J6, STM32H7R3Z8T6, STM32H7R7A8I6, STM32H7R7I8K6, STM32H7R7I8T6, STM32H7R7L8H6, STM32H7R7L8H6H, STM32H7R7Z8J6, STM32H7S3A8I6, STM32H7S3I8K6, STM32H7S3I8T6, STM32H7S3L8H6, STM32H7S3L8H6H, STM32H7S3R8V6, STM32H7S3V8H6, STM32H7S3V8T6, STM32H7S3V8Y6TR, STM32H7S3Z8J6, STM32H7S3Z8T6, STM32H7S78-DK, STM32H7S7A8I6, STM32H7S7I8K6, STM32H7S7I8T6, STM32H7S7L8H6, STM32H7S7L8H6H, STM32H7S7Z8J6, STM32L4R5QGI6STR, STM32MP131AAE3, STM32MP131AAF3, STM32MP131AAG3, STM32MP131CAE3, STM32MP131CAF3, STM32MP131CAG3, STM32MP131DAE7, STM32MP131DAF7, STM32MP131DAG7, STM32MP131FAE7, STM32MP131FAF7, STM32MP131FAG7, STM32MP133AAE3, STM32MP133AAF3, STM32MP133AAG3, STM32MP133CAE3, STM32MP133CAF3, STM32MP133CAG3, STM32MP133DAE7, STM32MP133DAF7, STM32MP133DAG7, STM32MP133FAE7, STM32MP133FAF7, STM32MP133FAG7, STM32MP135AAE3, STM32MP135AAF3, STM32MP135AAG3, STM32MP135CAE3, STM32MP135CAF3, STM32MP135CAG3, STM32MP135DAE7, STM32MP135DAF7, STM32MP135DAG7, STM32MP135F-DK, STM32MP135FAE7, STM32MP135FAF7, STM32MP135FAF7T, STM32MP135FAF7U, STM32MP135FAG7, STM32MP231AAJ3, STM32MP231AAK3, STM32MP231AAL3, STM32MP231CAJ3, STM32MP231CAK3, STM32MP231CAL3, STM32MP231DAJ3, STM32MP231DAK3, STM32MP231DAL3, STM32MP231FAJ3, STM32MP231FAK3, STM32MP231FAL3, STM32MP233AAJ3, STM32MP233AAK3, STM32MP233AAL3, STM32MP233CAJ3, STM32MP233CAK3, STM32MP233CAL3, STM32MP233DAJ3, STM32MP233DAK3, STM32MP233DAL3, STM32MP233FAJ3, STM32MP233FAK3, STM32MP233FAL3, STM32MP235AAJ3, STM32MP235AAK3, STM32MP235AAL3, STM32MP235CAJ3, STM32MP235CAK3, STM32MP235CAL3, STM32MP235DAJ3, STM32MP235DAK3, STM32MP235DAL3, STM32MP235FAJ3, STM32MP235FAK3, STM32MP235FAL3, STM32MP251AAI3, STM32MP251AAJ3, STM32MP251AAK3, STM32MP251AAL3, STM32MP251CAI3, STM32MP251CAJ3, STM32MP251CAK3, STM32MP251CAL3, STM32MP251DAI3, STM32MP251DAJ3, STM32MP251DAK3, STM32MP251DAL3, STM32MP251FAI3, STM32MP251FAJ3, STM32MP251FAK3, STM32MP251FAL3, STM32MP253AAI3, STM32MP253AAJ3, STM32MP253AAK3, STM32MP253AAL3, STM32MP253CAI3, STM32MP253CAJ3, STM32MP253CAK3, STM32MP253CAL3, STM32MP253DAI3, STM32MP253DAJ3, STM32MP253DAK3, STM32MP253DAL3, STM32MP253FAI3, STM32MP253FAJ3, STM32MP253FAK3, STM32MP253FAL3, STM32MP255AAI3, STM32MP255AAJ3, STM32MP255AAK3, STM32MP255AAL3, STM32MP255CAI3, STM32MP255CAJ3, STM32MP255CAK3, STM32MP255CAL3, STM32MP255DAI3, STM32MP255DAJ3, STM32MP255DAK3, STM32MP255DAL3, STM32MP255FAI3, STM32MP255FAJ3, STM32MP255FAK3, STM32MP255FAL3, STM32MP257AAI3, STM32MP257AAJ3, STM32MP257AAK3, STM32MP257AAL3, STM32MP257CAI3, STM32MP257CAJ3, STM32MP257CAK3, STM32MP257CAL3, STM32MP257DAI3, STM32MP257DAJ3, STM32MP257DAK3, STM32MP257DAL3, STM32MP257F-DK, STM32MP257F-EV1, STM32MP257FAI3, STM32MP257FAJ3, STM32MP257FAK3, STM32MP257FAL3, STM32N645A0H3Q, STM32N645B0H3Q, STM32N645I0H3Q, STM32N645L0H3Q, STM32N645X0H3Q, STM32N645Z0H3Q, STM32N647A0H3Q, STM32N647B0H3Q, STM32N647I0H3Q, STM32N647L0H3Q, STM32N647X0H3Q, STM32N647Z0H3Q, STM32N655A0H3Q, STM32N655B0H3Q, STM32N655I0H3Q, STM32N655L0H3Q, STM32N655X0H3Q, STM32N655Z0H3Q, STM32N6570-DK, STM32N657A0H3Q, STM32N657B0H3Q, STM32N657I0H3Q, STM32N657L0H3Q, STM32N657X0H3Q, STM32N657Z0H3Q, STM32U031C6T6, STM32U031C6U6, STM32U031C8T6, STM32U031C8U6, STM32U031F4P6, STM32U031F6P6, STM32U031F8P6, STM32U031G6Y6TR, STM32U031G8Y6TR, STM32U031K4U6, STM32U031K6U6, STM32U031K8U6, STM32U031R6I6, STM32U031R6T6, STM32U031R8I6, STM32U031R8T6, STM32U073C8T6, STM32U073C8U6, STM32U073CBT6, STM32U073CBU6, STM32U073CCT6, STM32U073CCU6, STM32U073H8Y6TR, STM32U073HBY6TR, STM32U073HCY6TR, STM32U073K8U6, STM32U073KBU6, STM32U073KCU6, STM32U073M8I6, STM32U073M8T6, STM32U073MBI6, STM32U073MBT6, STM32U073MCI6, STM32U073MCT6, STM32U073R8I6, STM32U073R8T6, STM32U073RBI6, STM32U073RBT6, STM32U073RCI6, STM32U073RCT6, STM32U083C-DK, STM32U083CCT6, STM32U083CCU6, STM32U083HCY6TR, STM32U083KCU6, STM32U083MCI6, STM32U083MCT6, STM32U083RCI6, STM32U083RCT6, STM32U375CET6, STM32U375CET6Q, STM32U375CEU6, STM32U375CEU6Q, STM32U375CEY6QTR, STM32U375CGT6, STM32U375CGT6Q, STM32U375CGU6, STM32U375CGU6Q, STM32U375CGY6QTR, STM32U375KEU6, STM32U375KGU6, STM32U375REI6, STM32U375REI6Q, STM32U375RET6, STM32U375RET6Q, STM32U375REY6GTR, STM32U375REY6QTR, STM32U375RGI6, STM32U375RGI6Q, STM32U375RGT6, STM32U375RGT6Q, STM32U375RGY6GTR, STM32U375RGY6QTR, STM32U375VEI6, STM32U375VEI6Q, STM32U375VET6, STM32U375VET6Q, STM32U375VGI6, STM32U375VGI6Q, STM32U375VGT6, STM32U375VGT6Q, STM32U385CGT6, STM32U385CGT6Q, STM32U385CGU6, STM32U385CGU6Q, STM32U385CGY6QTR, STM32U385KGU6, STM32U385RGI6, STM32U385RGI6Q, STM32U385RGT6, STM32U385RGT6Q, STM32U385RGY6GTR, STM32U385RGY6QTR, STM32U385VGI6, STM32U385VGI6Q, STM32U385VGT6, STM32U385VGT6Q, STM32U535CBT6, STM32U535CBT6Q, STM32U535CBU6, STM32U535CBU6Q, STM32U535CCT6, STM32U535CCT6Q, STM32U535CCU6, STM32U535CCU6Q, STM32U535CET6, STM32U535CET6Q, STM32U535CEU6, STM32U535CEU6Q, STM32U535JEY6QTR, STM32U535NCY6QTR, STM32U535NEY6QTR, STM32U535RBI6, STM32U535RBI6Q, STM32U535RBT6, STM32U535RBT6Q, STM32U535RCI6, STM32U535RCI6Q, STM32U535RCT6, STM32U535RCT6Q, STM32U535REI6, STM32U535REI6Q, STM32U535RET6, STM32U535RET6Q, STM32U535VCI6, STM32U535VCI6Q, STM32U535VCT6, STM32U535VCT6Q, STM32U535VEI6, STM32U535VEI6Q, STM32U535VET6, STM32U535VET6Q, STM32U545CET6, STM32U545CET6Q, STM32U545CEU6, STM32U545CEU6Q, STM32U545JEY6QTR, STM32U545NEY6QTR, STM32U545REI6, STM32U545REI6Q, STM32U545RET6, STM32U545RET6Q, STM32U545VEI6, STM32U545VEI6Q, STM32U545VET6, STM32U545VET6Q, STM32U595AIH6, STM32U595AIH6Q, STM32U595AJH6, STM32U595AJH6Q, STM32U595QII6, STM32U595QII6Q, STM32U595QJI6, STM32U595QJI6Q, STM32U595RIT6, STM32U595RIT6Q, STM32U595RJT6, STM32U595RJT6Q, STM32U595VIT6, STM32U595VIT6Q, STM32U595VJT6, STM32U595VJT6Q, STM32U595ZIT6, STM32U595ZIT6Q, STM32U595ZIY6QTR, STM32U595ZJT6, STM32U595ZJT6Q, STM32U595ZJY6QTR, STM32U599BJY6QTR, STM32U599NIH6Q, STM32U599NJH6Q, STM32U599VIT6Q, STM32U599VJT6, STM32U599VJT6Q, STM32U599ZIT6Q, STM32U599ZIY6QTR, STM32U599ZJT6Q, STM32U599ZJY6QTR, STM32U5A5AJH6, STM32U5A5AJH6Q, STM32U5A5QII3Q , STM32U5A5QJI6, STM32U5A5QJI6Q, STM32U5A5RJT6, STM32U5A5RJT6Q, STM32U5A5VJT6, STM32U5A5VJT6Q, STM32U5A5ZJT6, STM32U5A5ZJT6Q, STM32U5A5ZJY6QTR, STM32U5A9BJY6QTR, STM32U5A9J-DK, STM32U5A9NJH6Q, STM32U5A9VJT6Q, STM32U5A9ZJT6Q, STM32U5A9ZJY6QTR, STM32U5F7VIT6, STM32U5F7VIT6Q, STM32U5F7VJT6, STM32U5F7VJT6Q, STM32U5F9BJY6QTR, STM32U5F9NJH6Q, STM32U5F9VIT6Q, STM32U5F9VJT6Q, STM32U5F9ZIJ6QTR, STM32U5F9ZIT6Q, STM32U5F9ZJJ6QTR, STM32U5F9ZJT6Q, STM32U5G7VJT6, STM32U5G7VJT6Q, STM32U5G9BJY6QTR, STM32U5G9J-DK1, STM32U5G9J-DK2, STM32U5G9NJH6Q, STM32U5G9VJT6Q, STM32U5G9ZJJ6QTR, STM32U5G9ZJT6Q, STM32WB05KZV6TR, STM32WB05KZV7TR, STM32WB05TZF6TR, STM32WB05TZF7TR, STM32WB06CCF6TR, STM32WB06CCF7TR, STM32WB06CCV6TR, STM32WB06CCV7TR, STM32WB06KCV6TR, STM32WB06KCV7TR, STM32WB07CCF6TR, STM32WB07CCF7TR, STM32WB07CCV6TR, STM32WB07CCV7TR, STM32WB07KCV6TR, STM32WB07KCV7TR, STM32WB09KEV6TR, STM32WB09KEV7TR, STM32WB09TEF6TR, STM32WB09TEF7TR, STM32WB1MMCH6, STM32WBA50KGU6, STM32WBA50KGU6TR, STM32WBA52CEU6, STM32WBA52CEU6TR, STM32WBA52CEU7, STM32WBA52CEU7TR, STM32WBA52CGU6, STM32WBA52CGU6TR, STM32WBA52CGU6U, STM32WBA52CGU7, STM32WBA52CGU7TR, STM32WBA52KEU6, STM32WBA52KEU6TR, STM32WBA52KGU6, STM32WBA52KGU6TR, STM32WBA54CEU6, STM32WBA54CEU6TR, STM32WBA54CEU7, STM32WBA54CEU7TR, STM32WBA54CGU6, STM32WBA54CGU6TR, STM32WBA54CGU7, STM32WBA54CGU7TR, STM32WBA54KEU6, STM32WBA54KEU6TR, STM32WBA54KEU7, STM32WBA54KEU7TR, STM32WBA54KGU6, STM32WBA54KGU6TR, STM32WBA54KGU7, STM32WBA54KGU7TR, STM32WBA55CEU6, STM32WBA55CEU6TR, STM32WBA55CEU7, STM32WBA55CEU7TR, STM32WBA55CGU6, STM32WBA55CGU6TR, STM32WBA55CGU6U, STM32WBA55CGU7, STM32WBA55CGU7TR, STM32WBA55G-DK1, STM32WBA55HEF6, STM32WBA55HEF7, STM32WBA55HGF6, STM32WBA55HGF7, STM32WBA55UEI6, STM32WBA55UEI6TR, STM32WBA55UEI7, STM32WBA55UEI7TR, STM32WBA55UGI6, STM32WBA55UGI6TR, STM32WBA55UGI7, STM32WBA55UGI7TR, STM32WBA5MJGH6TR, STM32WBA62CGU6, STM32WBA62CIU6, STM32WBA62MGF6, STM32WBA62MIF6, STM32WBA62PGI6, STM32WBA62PII6, STM32WBA63CGU6, STM32WBA63CGU7, STM32WBA63CIU6, STM32WBA63CIU7, STM32WBA64CGU6, STM32WBA64CGU7, STM32WBA64CIU6, STM32WBA64CIU7, STM32WBA65CGU6, STM32WBA65CGU7, STM32WBA65CIU6, STM32WBA65CIU7, STM32WBA65I-DK1, STM32WBA65MGF6, STM32WBA65MGF7, STM32WBA65MIF6, STM32WBA65MIF7, STM32WBA65PGI6, STM32WBA65PGI7, STM32WBA65PII6, STM32WBA65PII7, STM32WBA65RGV6, STM32WBA65RGV7, STM32WBA65RIV6, STM32WBA65RIV7, STM32WL30K8V6, STM32WL30KBV6, STM32WL31C8V6, STM32WL31CBV6, STM32WL31K8V6, STM32WL31KBV6, STM32WL33C8V6, STM32WL33C8V6TR, STM32WL33C8V7, STM32WL33C8V7TR, STM32WL33CBV6, STM32WL33CBV6TR, STM32WL33CBV7, STM32WL33CBV7TR, STM32WL33CCV6, STM32WL33CCV6TR, STM32WL33CCV7, STM32WL33CCV7A, STM32WL33CCV7ATR, STM32WL33CCV7TR, STM32WL33K8V6, STM32WL33K8V6TR, STM32WL33K8V7, STM32WL33K8V7TR, STM32WL33KBV6, STM32WL33KBV6TR, STM32WL33KBV7, STM32WL33KBV7TR, STM32WL33KCV6, STM32WL33KCV6TR, STM32WL33KCV7, STM32WL33KCV7TR, STM32WL5MOCH6, STM32WL5MOCH6TR]
2026-06-01 10:45:28,191 [INFO] BoardInfo:889 - No configuration file found for board NUCLEO-H5E5ZJ
2026-06-01 10:45:28,193 [INFO] DbBoards:161 - Board is not supported: NUCLEO-H5E5ZJ
2026-06-01 10:45:28,305 [INFO] BoardInfo:889 - No configuration file found for board NUCLEO-U3C5ZI-Q
2026-06-01 10:45:28,307 [INFO] DbBoards:161 - Board is not supported: NUCLEO-U3C5ZI-Q
2026-06-01 10:45:28,334 [INFO] BoardInfo:889 - No configuration file found for board NUCLEO-WBA25CE1
2026-06-01 10:45:28,337 [INFO] DbBoards:161 - Board is not supported: NUCLEO-WBA25CE1
2026-06-01 10:45:28,359 [INFO] BoardInfo:889 - No configuration file found for board NUCLEO-WL3RKB1
2026-06-01 10:45:28,361 [INFO] DbBoards:161 - Board is not supported: NUCLEO-WL3RKB1
2026-06-01 10:45:28,363 [INFO] BoardInfo:889 - No configuration file found for board NUCLEO-WL3RKB2
2026-06-01 10:45:28,365 [INFO] DbBoards:161 - Board is not supported: NUCLEO-WL3RKB2
2026-06-01 10:45:28,380 [INFO] BoardInfo:889 - No configuration file found for board P-NUCLEO-WB55
2026-06-01 10:45:28,382 [INFO] DbBoards:161 - Kit is not supported: P-NUCLEO-WB55
2026-06-01 10:45:28,395 [INFO] BoardInfo:889 - No configuration file found for board STEVAL-BFA001V1B
2026-06-01 10:45:28,397 [INFO] DbBoards:161 - Kit is not supported: STEVAL-BFA001V1B
2026-06-01 10:45:28,399 [INFO] BoardInfo:889 - No configuration file found for board STEVAL-BFA001V2B
2026-06-01 10:45:28,402 [INFO] DbBoards:161 - Kit is not supported: STEVAL-BFA001V2B
2026-06-01 10:45:28,631 [INFO] BoardInfo:889 - No configuration file found for board STM32H5F5J-DK
2026-06-01 10:45:28,633 [INFO] DbBoards:161 - Board is not supported: STM32H5F5J-DK
2026-06-01 10:45:28,755 [INFO] BoardInfo:889 - No configuration file found for board STM32MP215F-DK
2026-06-01 10:45:28,757 [INFO] DbBoards:161 - Board is not supported: STM32MP215F-DK
2026-06-01 10:45:28,800 [INFO] DbBoards:168 - Found 218 boards, 208 are supported
2026-06-01 10:45:28,800 [INFO] DbBoards:169 - Found 218 boards, 43 of them is supported for  Bsp
2026-06-01 10:45:28,807 [INFO] ApiDb:423 - Load user favorites file C:\Users\hp/.stm32cubeide/favorites.boards.txt: 1 item(s)
2026-06-01 10:45:28,807 [INFO] ApiDb:427 - User favorites Boards=[STM32F407G-DISC1]
2026-06-01 10:45:28,807 [INFO] DbBoards:198 - Set 1 / 1 favorites Boards
2026-06-01 10:45:28,850 [ERROR] TargetSelectorAdapter:267 - Unable to refresh data
2026-06-01 10:45:28,933 [INFO] McuFinderGlobals:76 - Set McuFinderConnectedMode to true
2026-06-01 10:45:28,936 [INFO] MultiScanPanel:200 - Auto-refresh data requested => check proxy status ongoing
2026-06-01 10:45:28,936 [INFO] FinderPluginLoader:95 - Searching for filters in installed packs
2026-06-01 10:45:32,128 [INFO] LoadUrlFilesThread:185 - End of LoadServerUrlFiles without Thread
2026-06-01 10:45:32,129 [INFO] DetailPanel:341 - Set advertising image to C:/Users/hp/STM32Cube/Repository/\en.prom-stm32wl3r-0526.jpg
2026-06-01 10:45:38,018 [INFO] MultiScanPanel:200 - Auto-refresh data requested => check proxy status ongoing
2026-06-01 10:45:38,121 [INFO] LoadUrlFilesThread:185 - End of LoadServerUrlFiles without Thread
2026-06-01 10:45:38,122 [INFO] DetailPanel:341 - Set advertising image to C:/Users/hp/STM32Cube/Repository/\en.prom-stm32wl3r-0526.jpg
2026-06-01 10:45:38,134 [INFO] DbBoards:642 - Loading board mini-images...
2026-06-01 10:45:41,674 [INFO] DbBoards:665 - Loaded 218 board mini-images
2026-06-01 10:46:06,925 [INFO] MainUpdater:2872 - connection check result : 10
2026-06-01 10:46:06,926 [INFO] MainUpdater:2872 - connection check result : 10
2026-06-01 10:46:07,452 [INFO] MicroXplorer:468 - Change Database Path : 
2026-06-01 10:46:07,452 [INFO] MicroXplorer:498 - Change Database Version : DB.6.0.140
2026-06-01 10:46:07,504 [ERROR] ProjectManagerView:394 - 
java.lang.NullPointerException: Cannot invoke "javax.swing.JTextField.getText()" because the return value of "java.util.List.get(int)" is null
	at com.st.microxplorer.plugins.projectmanager.gui.ProjectChoiceTab$9.caretUpdate(ProjectChoiceTab.java:2678) ~[filemanager.jar:?]
	at javax.swing.text.JTextComponent.fireCaretUpdate(JTextComponent.java:408) ~[?:?]
	at javax.swing.text.JTextComponent$MutableCaretEvent.fire(JTextComponent.java:4484) ~[?:?]
	at javax.swing.text.JTextComponent$MutableCaretEvent.stateChanged(JTextComponent.java:4506) ~[?:?]
	at javax.swing.text.DefaultCaret.fireStateChanged(DefaultCaret.java:857) ~[?:?]
	at javax.swing.text.DefaultCaret.changeCaretPosition(DefaultCaret.java:1343) ~[?:?]
	at javax.swing.text.DefaultCaret.handleSetDot(DefaultCaret.java:1242) ~[?:?]
	at javax.swing.text.DefaultCaret.setDot(DefaultCaret.java:1223) ~[?:?]
	at javax.swing.text.DefaultCaret$Handler.insertUpdate(DefaultCaret.java:1819) ~[?:?]
	at javax.swing.text.AbstractDocument.fireInsertUpdate(AbstractDocument.java:227) ~[?:?]
	at javax.swing.text.AbstractDocument.handleInsertString(AbstractDocument.java:781) ~[?:?]
	at javax.swing.text.AbstractDocument.insertString(AbstractDocument.java:740) ~[?:?]
	at javax.swing.text.PlainDocument.insertString(PlainDocument.java:131) ~[?:?]
	at javax.swing.text.AbstractDocument.replace(AbstractDocument.java:699) ~[?:?]
	at javax.swing.text.JTextComponent.setText(JTextComponent.java:1725) ~[?:?]
	at com.st.microxplorer.plugins.projectmanager.gui.ProjectChoiceTab.createHeapStackFields(ProjectChoiceTab.java:979) ~[filemanager.jar:?]
	at com.st.microxplorer.plugins.projectmanager.gui.ProjectChoiceTab.buildLinkSettingsPanel(ProjectChoiceTab.java:3766) ~[filemanager.jar:?]
	at com.st.microxplorer.plugins.projectmanager.gui.ProjectChoiceTab.defineWindowsFields(ProjectChoiceTab.java:1962) ~[filemanager.jar:?]
	at com.st.microxplorer.plugins.projectmanager.gui.ProjectChoiceTab.updateSettings(ProjectChoiceTab.java:555) ~[filemanager.jar:?]
	at com.st.microxplorer.plugins.projectmanager.gui.ProjectSettingsPanel.UpdateDialog(ProjectSettingsPanel.java:245) ~[filemanager.jar:?]
	at com.st.microxplorer.plugins.projectmanager.ProjectManagerView.propertyChange(ProjectManagerView.java:391) ~[filemanager.jar:?]
	at java.beans.PropertyChangeSupport.fire(PropertyChangeSupport.java:343) ~[?:?]
	at java.beans.PropertyChangeSupport.firePropertyChange(PropertyChangeSupport.java:335) ~[?:?]
	at java.beans.PropertyChangeSupport.firePropertyChange(PropertyChangeSupport.java:268) ~[?:?]
	at com.st.microxplorer.util.MXPropertyChangeSupport.firePropertyChange(MXPropertyChangeSupport.java:54) ~[STM32CubeMX.jar:?]
	at com.st.microxplorer.mxsystem.MxSystem.closeConfig(MxSystem.java:899) ~[STM32CubeMX.jar:?]
	at com.st.microxplorer.maingui.MainPanel.closeConfig(MainPanel.java:789) ~[STM32CubeMX.jar:?]
	at com.st.microxplorer.plugins.filemanager.engine.OpenFileManager.loadConfigurationFile(OpenFileManager.java:287) ~[filemanager.jar:?]
	at com.st.microxplorer.plugins.filemanager.engine.MainFileManager.userLoadConfig(MainFileManager.java:341) ~[filemanager.jar:?]
	at com.st.microxplorer.plugins.filemanager.FileManagerView.getSpecificTask(FileManagerView.java:250) ~[filemanager.jar:?]
	at com.st.stm32cube.common.mx.editor.CubeMxEditor.getMxTabbedPaneInstance(CubeMxEditor.java:1191) ~[com.st.stm32cube.common.mx_6.14.0.202502271554/:?]
	at com.st.stm32cube.common.mx.editor.CubeMxEditor$12$1.createSwingComponent(CubeMxEditor.java:1068) ~[com.st.stm32cube.common.mx_6.14.0.202502271554/:?]
	at com.st.stm32cube.common.mx.oss.core.awtswtbridge.EmbeddedSwingComposite.doComponentCreation(EmbeddedSwingComposite.java:492) ~[com.st.stm32cube.common.mx.oss_6.14.0.202502271554/:?]
	at com.st.stm32cube.common.mx.oss.core.awtswtbridge.EmbeddedSwingComposite$4.run(EmbeddedSwingComposite.java:291) ~[com.st.stm32cube.common.mx.oss_6.14.0.202502271554/:?]
	at com.st.stm32cube.common.mx.oss.core.awtswtbridge.AwtEnvironment$2.run(AwtEnvironment.java:166) ~[com.st.stm32cube.common.mx.oss_6.14.0.202502271554/:?]
	at java.awt.event.InvocationEvent.dispatch(InvocationEvent.java:318) ~[?:?]
	at java.awt.EventQueue.dispatchEventImpl(EventQueue.java:773) ~[?:?]
	at java.awt.EventQueue$4.run(EventQueue.java:720) ~[?:?]
	at java.awt.EventQueue$4.run(EventQueue.java:714) ~[?:?]
	at java.security.AccessController.doPrivileged(AccessController.java:400) ~[?:?]
	at java.security.ProtectionDomain$JavaSecurityAccessImpl.doIntersectionPrivilege(ProtectionDomain.java:87) ~[?:?]
	at java.awt.EventQueue.dispatchEvent(EventQueue.java:742) ~[?:?]
	at java.awt.EventDispatchThread.pumpOneEventForFilters(EventDispatchThread.java:203) ~[?:?]
	at java.awt.EventDispatchThread.pumpEventsForFilter(EventDispatchThread.java:124) ~[?:?]
	at java.awt.EventDispatchThread.pumpEventsForHierarchy(EventDispatchThread.java:113) ~[?:?]
	at java.awt.EventDispatchThread.pumpEvents(EventDispatchThread.java:109) ~[?:?]
	at java.awt.EventDispatchThread.pumpEvents(EventDispatchThread.java:101) ~[?:?]
	at java.awt.EventDispatchThread.run(EventDispatchThread.java:90) ~[?:?]
2026-06-01 10:46:07,523 [WARN] ThirdParty:871 - waiting for thirdparty lock release [close project]
2026-06-01 10:46:07,523 [INFO] ThirdParty:873 - entering critical section [close project]
2026-06-01 10:46:07,523 [INFO] ThirdParty:883 - exiting critical section [close project]
2026-06-01 10:46:07,526 [INFO] PinOutPanel:1589 - setPackage(No Configuration,No Configuration)
2026-06-01 10:46:07,545 [WARN] IpParametersView:155 - Warning: This peripheral hasn't parameters
2026-06-01 10:46:07,561 [WARN] MainPanel:289 - <html><b><center>Warning: This peripheral has no parameters to be configured<br></b></html>
2026-06-01 10:46:07,576 [INFO] UtilMem:75 - Begin LoadConfig() Used Memory: 976658712 Bytes (1073741824)
2026-06-01 10:46:07,578 [INFO] OpenFileManager:354 - Change cursor
2026-06-01 10:46:07,670 [INFO] RulesReader:64 - Compatibility file has been processed (301 Rules)
2026-06-01 10:46:07,684 [INFO] ProjectFactory:442 - No CPN specified for board STM32F407G-DISC1 => set CPN to STM32F407VGT6
2026-06-01 10:46:07,685 [INFO] Mcu:2011 - Initializing MCU STM32F407V(E-G)Tx STM32F407VGTx STM32F407VGT6
2026-06-01 10:46:11,343 [INFO] Context:756 - Trying to add GPIOservice into a context  which must be forbidden
2026-06-01 10:46:12,775 [INFO] Rule:224 - rule 117617 - U5Cobra4M][GTZC] default value MPCBB3 and MPCBB5 - Not Secured memory - MPCBB1 is applicable
2026-06-01 10:46:12,776 [INFO] Rule:224 - rule 117617 - U5Cobra4M][GTZC] default value MPCBB3 and MPCBB5 - Not Secured memory - MPCBB1 is applicable
2026-06-01 10:46:12,776 [INFO] Rule:224 - rule 117617 - U5Cobra4M][GTZC] default value MPCBB3 and MPCBB5 - Not Secured memory - MPCBB2 is applicable
2026-06-01 10:46:12,776 [INFO] Rule:224 - rule 117617 - U5Cobra4M][GTZC] default value MPCBB3 and MPCBB5 - Not Secured memory - MPCBB2 is applicable
2026-06-01 10:46:12,776 [INFO] Rule:224 - rule 117617 - U5Cobra4M][GTZC] default value MPCBB3 and MPCBB5 - Not Secured memory - MPCBB3 is applicable
2026-06-01 10:46:12,776 [INFO] Rule:224 - rule 117617 - U5Cobra4M][GTZC] default value MPCBB3 and MPCBB5 - Not Secured memory - MPCBB3 is applicable
2026-06-01 10:46:12,777 [INFO] Rule:224 - rule 117617 - U5Cobra4M][GTZC] default value MPCBB3 and MPCBB5 - Not Secured memory - MPCBB4 is applicable
2026-06-01 10:46:12,777 [INFO] Rule:224 - rule 117617 - U5Cobra4M][GTZC] default value MPCBB3 and MPCBB5 - Not Secured memory - MPCBB4 is applicable
2026-06-01 10:46:12,777 [INFO] Rule:224 - rule 117617 - U5Cobra4M][GTZC] default value MPCBB3 and MPCBB5 - Secured memory - MPCBB1 is applicable
2026-06-01 10:46:12,778 [INFO] Rule:224 - rule 117617 - U5Cobra4M][GTZC] default value MPCBB3 and MPCBB5 - Secured memory - MPCBB2 is applicable
2026-06-01 10:46:12,778 [INFO] Rule:224 - rule 117617 - U5Cobra4M][GTZC] default value MPCBB3 and MPCBB5 - Secured memory - MPCBB3 is applicable
2026-06-01 10:46:12,779 [INFO] Rule:224 - rule 117617 - U5Cobra4M][GTZC] default value MPCBB3 and MPCBB5 - Secured memory - MPCBB4 is applicable
2026-06-01 10:46:12,779 [INFO] Rule:224 - rule 117617 - U5Cobra4M][GTZC] default value MPCBB3 and MPCBB5 - Privileged memory - MPCBB1 is applicable
2026-06-01 10:46:12,779 [INFO] Rule:224 - rule 117617 - U5Cobra4M][GTZC] default value MPCBB3 and MPCBB5 - Privileged memory - MPCBB2 is applicable
2026-06-01 10:46:12,779 [INFO] Rule:224 - rule 117617 - U5Cobra4M][GTZC] default value MPCBB3 and MPCBB5 - Privileged memory - MPCBB3 is applicable
2026-06-01 10:46:12,779 [INFO] Rule:224 - rule 117617 - U5Cobra4M][GTZC] default value MPCBB3 and MPCBB5 - Privileged memory - MPCBB4 is applicable
2026-06-01 10:46:12,780 [INFO] Rule:224 - rule 117617 - U5Cobra4M][GTZC] default value MPCBB3 and MPCBB5 - Not Privileged memory - MPCBB1 is applicable
2026-06-01 10:46:12,780 [INFO] Rule:224 - rule 117617 - U5Cobra4M][GTZC] default value MPCBB3 and MPCBB5 - Not Privileged memory - MPCBB2 is applicable
2026-06-01 10:46:12,780 [INFO] Rule:224 - rule 117617 - U5Cobra4M][GTZC] default value MPCBB3 and MPCBB5 - Not Privileged memory - MPCBB3 is applicable
2026-06-01 10:46:12,780 [INFO] Rule:224 - rule 117617 - U5Cobra4M][GTZC] default value MPCBB3 and MPCBB5 - Not Privileged memory - MPCBB4 is applicable
2026-06-01 10:46:12,780 [INFO] Rule:224 - rule 117617 - U5Cobra4M][GTZC] default value MPCBB3 and MPCBB5 - Privileged memory - MPCBB1 is applicable
2026-06-01 10:46:12,780 [INFO] Rule:224 - rule 117617 - U5Cobra4M][GTZC] default value MPCBB3 and MPCBB5 - Privileged memory - MPCBB2 is applicable
2026-06-01 10:46:12,781 [INFO] Rule:224 - rule 117617 - U5Cobra4M][GTZC] default value MPCBB3 and MPCBB5 - Privileged memory - MPCBB3 is applicable
2026-06-01 10:46:12,781 [INFO] Rule:224 - rule 117617 - U5Cobra4M][GTZC] default value MPCBB3 and MPCBB5 - Privileged memory - MPCBB4 is applicable
2026-06-01 10:46:12,781 [INFO] Rule:224 - rule 117617 - U5Cobra4M][GTZC] default value MPCBB3 and MPCBB5 - Privileged memory - MPCBB1 is applicable
2026-06-01 10:46:12,781 [INFO] Rule:224 - rule 117617 - U5Cobra4M][GTZC] default value MPCBB3 and MPCBB5 - Privileged memory - MPCBB2 is applicable
2026-06-01 10:46:12,782 [INFO] Rule:224 - rule 117617 - U5Cobra4M][GTZC] default value MPCBB3 and MPCBB5 - Privileged memory - MPCBB3 is applicable
2026-06-01 10:46:12,782 [INFO] Rule:224 - rule 117617 - U5Cobra4M][GTZC] default value MPCBB3 and MPCBB5 - Privileged memory - MPCBB4 is applicable
2026-06-01 10:46:12,782 [INFO] Rule:224 - rule 117617 - U5Cobra4M][GTZC] default value MPCBB3 and MPCBB5 - Not Privileged memory - MPCBB1 is applicable
2026-06-01 10:46:12,782 [INFO] Rule:224 - rule 117617 - U5Cobra4M][GTZC] default value MPCBB3 and MPCBB5 - Not Privileged memory - MPCBB2 is applicable
2026-06-01 10:46:12,782 [INFO] Rule:224 - rule 117617 - U5Cobra4M][GTZC] default value MPCBB3 and MPCBB5 - Not Privileged memory - MPCBB3 is applicable
2026-06-01 10:46:12,782 [INFO] Rule:224 - rule 117617 - U5Cobra4M][GTZC] default value MPCBB3 and MPCBB5 - Not Privileged memory - MPCBB4 is applicable
2026-06-01 10:46:12,782 [INFO] Rule:224 - rule 117617 - U5Cobra4M][GTZC] default value MPCBB3 and MPCBB5 - Privileged memory - MPCBB1 is applicable
2026-06-01 10:46:12,783 [INFO] Rule:224 - rule 117617 - U5Cobra4M][GTZC] default value MPCBB3 and MPCBB5 - Privileged memory - MPCBB2 is applicable
2026-06-01 10:46:12,783 [INFO] Rule:224 - rule 117617 - U5Cobra4M][GTZC] default value MPCBB3 and MPCBB5 - Privileged memory - MPCBB3 is applicable
2026-06-01 10:46:12,783 [INFO] Rule:224 - rule 117617 - U5Cobra4M][GTZC] default value MPCBB3 and MPCBB5 - Privileged memory - MPCBB4 is applicable
2026-06-01 10:46:12,783 [INFO] Rule:224 - rule Rename SubGHz_Phy SUBGHZ_APPLICATION SUBGHZ_PINGPONG to SUBGHZ_ADV_APPLICATION is applicable
2026-06-01 10:46:12,783 [INFO] Rule:224 - rule Rename Enabled to IBEACON is applicable
2026-06-01 10:46:12,783 [INFO] Rule:224 - rule GTZC_S instance for project manager is applicable
2026-06-01 10:46:12,783 [INFO] Rule:224 - rule GTZC_S instance for context M33S is applicable
2026-06-01 10:46:12,783 [INFO] Rule:224 - rule GTZC_S instance value for IP GTZC is applicable
2026-06-01 10:46:12,783 [INFO] Rule:224 - rule GTZC_S instance for mcu.IP is applicable
2026-06-01 10:46:12,784 [INFO] Rule:224 - rule GTZC_S instance for VP is applicable
2026-06-01 10:46:12,784 [INFO] Rule:224 - rule GTZC_S instance for signal is applicable
2026-06-01 10:46:12,784 [INFO] Rule:224 - rule GTZC_S instance for mcu.Pin is applicable
2026-06-01 10:46:12,784 [INFO] Rule:224 - rule GTZC_S instance for VP is applicable
2026-06-01 10:46:12,784 [INFO] Rule:224 - rule GTZC_S instance for signal is applicable
2026-06-01 10:46:12,784 [INFO] Rule:224 - rule GTZC_S instance for mcu is applicable
2026-06-01 10:46:12,785 [INFO] Rule:224 - rule GTZC_S instance for mcu.Pin is applicable
2026-06-01 10:46:12,785 [INFO] Rule:224 - rule GTZC_S instance value for IP GTZC is applicable
2026-06-01 10:46:12,785 [INFO] Rule:224 - rule GTZC_S instance for project manager is applicable
2026-06-01 10:46:12,785 [INFO] Rule:224 - rule GTZC_S instance for context M33S is applicable
2026-06-01 10:46:12,785 [INFO] Rule:224 - rule GTZC_S instance for VP is applicable
2026-06-01 10:46:12,785 [INFO] Rule:224 - rule GTZC_S instance for signal is applicable
2026-06-01 10:46:12,786 [INFO] Rule:224 - rule SPDIFRX instance for mcu is applicable
2026-06-01 10:46:12,786 [INFO] Rule:224 - rule Rename Tracer Mode is applicable
2026-06-01 10:46:12,786 [INFO] Rule:224 - rule SPDIFRX instance value for IP SPDIFRX is applicable
2026-06-01 10:46:12,786 [INFO] Rule:224 - rule SPDIFRX instance for signal is applicable
2026-06-01 10:46:12,786 [INFO] Rule:224 - rule SPDIFRX instance for project manager is applicable
2026-06-01 10:46:12,786 [INFO] Rule:224 - rule SPDIFRX instance for project manager is applicable
2026-06-01 10:46:12,786 [INFO] Rule:224 - rule ADC Scan  fix with FW F7 is applicable
2026-06-01 10:46:12,786 [INFO] Rule:224 - rule ADC Scan  fix with FW F7 is applicable
2026-06-01 10:46:12,786 [INFO] Rule:224 - rule WakeUp0 Mode is applicable
2026-06-01 10:46:12,786 [INFO] Rule:224 - rule WakeUp0 SIGNAL is applicable
2026-06-01 10:46:12,787 [INFO] Rule:224 - rule WakeUp1 Mode is applicable
2026-06-01 10:46:12,787 [INFO] Rule:224 - rule WakeUp1 SIGNAL is applicable
2026-06-01 10:46:12,787 [INFO] Rule:224 - rule WakeUp2 Mode is applicable
2026-06-01 10:46:12,787 [INFO] Rule:224 - rule WakeUp2 SIGNAL is applicable
2026-06-01 10:46:12,787 [INFO] Rule:224 - rule WakeUp4 Mode is applicable
2026-06-01 10:46:12,787 [INFO] Rule:224 - rule WakeUp4 SIGNAL is applicable
2026-06-01 10:46:12,787 [INFO] Rule:224 - rule WakeUp5 Mode is applicable
2026-06-01 10:46:12,787 [INFO] Rule:224 - rule WakeUp5 SIGNAL is applicable
2026-06-01 10:46:12,787 [INFO] Rule:224 - rule Add RTC Activate Clock Source is applicable
2026-06-01 10:46:12,788 [INFO] Rule:224 - rule Add RTC Activate Calendar 1 is applicable
2026-06-01 10:46:12,788 [INFO] Rule:224 - rule Add RTC Activate Calendar 2 is applicable
2026-06-01 10:46:12,788 [INFO] Rule:224 - rule Add RTC Activate Calendar 3 is applicable
2026-06-01 10:46:12,788 [INFO] Rule:224 - rule UART/USART TX Mode is applicable
2026-06-01 10:46:12,788 [INFO] Rule:224 - rule UART/USART RX Mode is applicable
2026-06-01 10:46:12,788 [INFO] Rule:224 - rule UART/USART RX TX Mode is applicable
2026-06-01 10:46:12,788 [INFO] Rule:224 - rule UART/USART PARITY NONE is applicable
2026-06-01 10:46:12,788 [INFO] Rule:224 - rule UART/USART PARITY EVEN is applicable
2026-06-01 10:46:12,788 [INFO] Rule:224 - rule UART/USART PARITY ODD is applicable
2026-06-01 10:46:12,788 [INFO] Rule:224 - rule USART StopBits 1 is applicable
2026-06-01 10:46:12,788 [INFO] Rule:224 - rule USART StopBits 2 is applicable
2026-06-01 10:46:12,788 [INFO] Rule:224 - rule USART StopBits 1.5 is applicable
2026-06-01 10:46:12,789 [INFO] Rule:224 - rule USART StopBits 0.5 is applicable
2026-06-01 10:46:12,789 [INFO] Rule:224 - rule UART/USART WORD LENGTH 7 is applicable
2026-06-01 10:46:12,789 [INFO] Rule:224 - rule UART/USART WORD LENGTH 8 is applicable
2026-06-01 10:46:12,789 [INFO] Rule:224 - rule UART/USART WORD LENGTH 9 is applicable
2026-06-01 10:46:12,789 [INFO] Rule:224 - rule Rename FMC NAND NCE signal is applicable
2026-06-01 10:46:12,789 [INFO] Rule:224 - rule Rename FMC NAND INT signal is applicable
2026-06-01 10:46:12,789 [INFO] Rule:224 - rule Change Default Value for LSE Drive Capability for WB family is applicable
2026-06-01 10:46:12,789 [INFO] Rule:224 - rule Change Default Value for ADC Clock Prescaler G0 family is applicable
2026-06-01 10:46:12,789 [INFO] Rule:224 - rule Change Default Value for ADC ExternalTrigConv L4 family is applicable
2026-06-01 10:46:12,789 [INFO] Rule:224 - rule Change Default Value for ADC ExternalTrigInjecConv L4 family is applicable
2026-06-01 10:46:12,789 [INFO] Rule:224 - rule Change Default Value for ADC ExternalTrigConv F3 family is applicable
2026-06-01 10:46:12,790 [INFO] Rule:224 - rule Change Default Value for ADC ExternalTrigInjecConv F3 family is applicable
2026-06-01 10:46:12,790 [INFO] Rule:224 - rule Change Default Value for ADC ExternalTrigConv Goldfish serie is applicable
2026-06-01 10:46:12,790 [INFO] Rule:224 - rule Change Default Value for ADC ExternalTrigInjecConv Goldfish serie is applicable
2026-06-01 10:46:12,790 [INFO] Rule:224 - rule Change Default Value for ADC ExternalTrigConv L0 family is applicable
2026-06-01 10:46:12,790 [INFO] Rule:224 - rule Change Default Value for ADC ExternalTrigConv F0 family is applicable
2026-06-01 10:46:12,790 [INFO] Rule:224 - rule Change Default Value for ADC ExternalTrigConvn L1 family is applicable
2026-06-01 10:46:12,790 [INFO] Rule:224 - rule Change Default Value for ADC ExternalTrigInjecConv L1 family is applicable
2026-06-01 10:46:12,790 [INFO] Rule:224 - rule Change Default Value for ADC ExternalTrigConv F1 family is applicable
2026-06-01 10:46:12,790 [INFO] Rule:224 - rule Change Default Value for ADC ExternalTrigInjecConv F1 family is applicable
2026-06-01 10:46:12,790 [INFO] Rule:224 - rule Change Default Value for ADC ExternalTrigConv F7 family is applicable
2026-06-01 10:46:12,790 [INFO] Rule:224 - rule Change Default Value for ADC ExternalTrigInjecConv F7 family is applicable
2026-06-01 10:46:12,790 [INFO] Rule:224 - rule Change Default Value for ADC ExternalTrigConv F4 and F2 family is applicable
2026-06-01 10:46:12,791 [INFO] Rule:224 - rule Change Default Value for ADC ExternalTrigInjecConv F4 and F2 family is applicable
2026-06-01 10:46:12,791 [INFO] Rule:224 - rule ADC SamplingTime fix with FW L0  is applicable
2026-06-01 10:46:12,791 [INFO] Rule:224 - rule ADC SamplingTime fix with FW L0  is applicable
2026-06-01 10:46:12,791 [INFO] Rule:224 - rule ADC SamplingTime fix with FW L0 is applicable
2026-06-01 10:46:12,791 [INFO] Rule:224 - rule ADC SamplingTime fix with FW L0 is applicable
2026-06-01 10:46:12,791 [INFO] Rule:224 - rule ADC SamplingTime fix with FW L0  is applicable
2026-06-01 10:46:12,791 [INFO] Rule:224 - rule ADC SamplingTime fix with FW L0 is applicable
2026-06-01 10:46:12,791 [INFO] Rule:224 - rule Rename USB_OE Signal is applicable
2026-06-01 10:46:12,791 [INFO] Rule:224 - rule Rename Activate_OE Mode is applicable
2026-06-01 10:46:12,791 [INFO] Rule:224 - rule Rename DIE462/DIE415 pin PC14/OSC32_IN -> PC14-OSC32_IN (PC14) is applicable
2026-06-01 10:46:12,791 [INFO] Rule:224 - rule Rename DIE462/DIE415 pin PC15/OSC32_OUT -> PC15-OSC32_OUT (PC15) is applicable
2026-06-01 10:46:12,792 [INFO] Rule:224 - rule Rename DIE462/DIE415 pin PH0/OSC_IN -> PH0-OSC_IN (PH0) is applicable
2026-06-01 10:46:12,792 [INFO] Rule:224 - rule Rename DIE462/DIE415 pin PH1/OSC_OUT -> PH1-OSC_OUT (PH1) is applicable
2026-06-01 10:46:12,792 [INFO] Rule:224 - rule Rename DIE462 pin PA13 -> PA13 (JTMS/SWDIO) is applicable
2026-06-01 10:46:12,792 [INFO] Rule:224 - rule Rename DIE415 pin PA13 -> PA13 (JTMS/SWDIO) is applicable
2026-06-01 10:46:12,792 [INFO] Rule:224 - rule Rename DIE462 pin PA14 -> PA14 (JTCK/SWCLK) is applicable
2026-06-01 10:46:12,792 [INFO] Rule:224 - rule Rename DIE415 pin PA14 -> PA14 (JTCK/SWCLK) is applicable
2026-06-01 10:46:12,792 [INFO] Rule:224 - rule Rename DIE462/DIE415 pin PA15 -> PA15 (JTDI) is applicable
2026-06-01 10:46:12,792 [INFO] Rule:224 - rule Rename DIE462 pin PB3 -> PB3 (JTD0/TRACESWO) is applicable
2026-06-01 10:46:12,792 [INFO] Rule:224 - rule Rename DIE415 pin PB3 -> PB3 (JTD0-TRACESWO) is applicable
2026-06-01 10:46:12,792 [INFO] Rule:224 - rule Rename DIE462/DIE415 pin PB4 -> PB4 (NJTRST) is applicable
2026-06-01 10:46:12,792 [INFO] Rule:224 - rule Rename DIE462 pin PH3/BOOT0 -> PH3-BOOT0 (BOOT0) is applicable
2026-06-01 10:46:12,793 [INFO] Rule:224 - rule Rename CRYP DataEncryptionTypesList to Algorithm is applicable
2026-06-01 10:46:12,793 [INFO] Rule:224 - rule Rename AES DataEncryptionTypesList to Algorithm is applicable
2026-06-01 10:46:12,793 [INFO] Rule:224 - rule Rename TDESECB to CRYP_TDES_ECB is applicable
2026-06-01 10:46:12,793 [INFO] Rule:224 - rule Rename TDESCBC to CRYP_TDES_CBC is applicable
2026-06-01 10:46:12,793 [INFO] Rule:224 - rule Rename DESECB to CRYP_DES_ECB is applicable
2026-06-01 10:46:12,793 [INFO] Rule:224 - rule Rename DESCBC to CRYP_DES_CBC is applicable
2026-06-01 10:46:12,793 [INFO] Rule:224 - rule Rename AESECB to CRYP_AES_ECB is applicable
2026-06-01 10:46:12,793 [INFO] Rule:224 - rule Rename AESCBC to CRYP_AES_CBC is applicable
2026-06-01 10:46:12,793 [INFO] Rule:224 - rule Rename AESCTR to CRYP_AES_CTR is applicable
2026-06-01 10:46:12,793 [INFO] Rule:224 - rule Rename AESGCM to CRYP_AES_GCM is applicable
2026-06-01 10:46:12,793 [INFO] Rule:224 - rule Rename AESCCM to CRYP_AES_CCM is applicable
2026-06-01 10:46:12,793 [INFO] Rule:224 - rule Rename CAN TimeSeg1 to BS1 is applicable
2026-06-01 10:46:12,793 [INFO] Rule:224 - rule Rename CAN TimeSeg2 to BS2 is applicable
2026-06-01 10:46:12,793 [INFO] Rule:224 - rule Rename CAN SyncJumpWidth to SJW is applicable
2026-06-01 10:46:12,793 [INFO] Rule:224 - rule TimeTriggeredMode to TTCM is applicable
2026-06-01 10:46:12,795 [INFO] Rule:224 - rule Rename CAN AutoBusOff to ABOM is applicable
2026-06-01 10:46:12,795 [INFO] Rule:224 - rule Rename CAN AutoWakeUp to AWUM is applicable
2026-06-01 10:46:12,795 [INFO] Rule:224 - rule Rename CAN AutoRetransmission to NART is applicable
2026-06-01 10:46:12,796 [INFO] Rule:224 - rule Rename CAN ReceiveFifoLocked to RFLM is applicable
2026-06-01 10:46:12,796 [INFO] Rule:224 - rule Rename CAN TransmitFifoPriority to TXFP is applicable
2026-06-01 10:46:12,796 [INFO] Rule:224 - rule Rename HRTIMER HRTIM_OUTPUTFAULTLEVEL_HIGH in HRTIMER HRTIM_OUTPUTFAULTLEVEL_HIGHZ is applicable
2026-06-01 10:46:12,796 [INFO] Rule:224 - rule Rename TIMER TIM_CLEARINPUTSOURCE_OCREFCLR in  TIMER TIM_CLEARINPUTSOURCE_NONE for F7 family is applicable
2026-06-01 10:46:12,796 [INFO] Rule:224 - rule FDCAN_R1 - Rename FDCAN mode Master into Classic is applicable
2026-06-01 10:46:12,796 [INFO] Rule:224 - rule FDCAN_R2 - Rename FDCAN mode Slave into Classic is applicable
2026-06-01 10:46:12,796 [INFO] Rule:224 - rule FDCAN1_R3 - if PA10.Mode=FullDuplex, add Pin PA12 is applicable
2026-06-01 10:46:12,797 [INFO] Rule:224 - rule FDCAN1_R3 - if PA9.Mode=FullDuplex, add Pin PA11 is applicable
2026-06-01 10:46:12,797 [INFO] Rule:224 - rule FDCAN1_R3 - Alternatepin_1 - if PE1.Mode=FullDuplex, add Pin PB9 is applicable
2026-06-01 10:46:12,797 [INFO] Rule:224 - rule FDCAN1_R3 - Alternatepin_1 - if PE0.Mode=FullDuplex, add Pin PB8 is applicable
2026-06-01 10:46:12,797 [INFO] Rule:224 - rule FDCAN1_R3 - Alternatepin_2 - if PD5.Mode=FullDuplex, add Pin PD1 is applicable
2026-06-01 10:46:12,797 [INFO] Rule:224 - rule FDCAN1_R3 - Alternatepin_2 - if PD4.Mode=FullDuplex, add Pin PD0 is applicable
2026-06-01 10:46:12,797 [INFO] Rule:224 - rule FDCAN1_R4 - Rename Mode FullDuplex into Enable FDCAN_TXFD for pin PA10 is applicable
2026-06-01 10:46:12,797 [INFO] Rule:224 - rule FDCAN1_R4 - Rename Mode FullDuplex into Enable FDCAN_TXFD for pin PA9 is applicable
2026-06-01 10:46:12,797 [INFO] Rule:224 - rule FDCAN1_R4 - Alternatepin_1 - Rename Mode FullDuplex into Enable FDCAN_TXFD for pin PE1 is applicable
2026-06-01 10:46:12,797 [INFO] Rule:224 - rule FDCAN1_R4 - Alternatepin_1 - Rename Mode FullDuplex into Enable FDCAN_TXFD for pin PE0 is applicable
2026-06-01 10:46:12,797 [INFO] Rule:224 - rule FDCAN1_R4 - Alternatepin_2 - Rename Mode FullDuplex into Enable FDCAN_TXFD for pin PD5 is applicable
2026-06-01 10:46:12,797 [INFO] Rule:224 - rule FDCAN1_R4 - Alternatepin_2 - Rename Mode FullDuplex into Enable FDCAN_TXFD for pin PD4 is applicable
2026-06-01 10:46:12,797 [INFO] Rule:224 - rule FDCAN2_R3 - if PD10.Mode=FullDuplex, add Pin PB13 is applicable
2026-06-01 10:46:12,798 [INFO] Rule:224 - rule FDCAN2_R3 - if PD9.Mode=FullDuplex, add Pin PB12 is applicable
2026-06-01 10:46:12,798 [INFO] Rule:224 - rule FDCAN2_R3 - Alternatepin_1 - if PB7.Mode=FullDuplex, add Pin PB6 is applicable
2026-06-01 10:46:12,798 [INFO] Rule:224 - rule FDCAN2_R3 - Alternatepin_1 - if PD9.Mode=FullDuplex, add Pin PB12 is applicable
2026-06-01 10:46:12,798 [INFO] Rule:224 - rule FDCAN2_R4 - Rename Mode FullDuplex into Enable FDCAN_TXFD for pin PD10 is applicable
2026-06-01 10:46:12,798 [INFO] Rule:224 - rule FDCAN2_R4 - Rename Mode FullDuplex into Enable FDCAN_TXFD for pin PD9 is applicable
2026-06-01 10:46:12,798 [INFO] Rule:224 - rule FDCAN2_R4 - Alternatepin_1 - Rename Mode FullDuplex into Enable FDCAN_TXFD for pin PB7 is applicable
2026-06-01 10:46:12,798 [INFO] Rule:224 - rule FDCAN2_R4 - Alternatepin_1 - Rename Mode FullDuplex into Enable FDCAN_TXFD for pin PD6 is applicable
2026-06-01 10:46:12,798 [INFO] Rule:224 - rule USART TxPinLevelInvertParam Mode is applicable
2026-06-01 10:46:12,799 [INFO] Rule:224 - rule USART RxPinLevelInvertParam Mode is applicable
2026-06-01 10:46:12,799 [INFO] Rule:224 - rule USART DataInvertParam Mode is applicable
2026-06-01 10:46:12,799 [INFO] Rule:224 - rule USART SwapParam Mode is applicable
2026-06-01 10:46:12,799 [INFO] Rule:224 - rule USART OverrunDisableParam Mode is applicable
2026-06-01 10:46:12,799 [INFO] Rule:224 - rule USART DMADisableonRxErrorParam Mode is applicable
2026-06-01 10:46:12,799 [INFO] Rule:224 - rule USART MSBFirstParam Mode is applicable
2026-06-01 10:46:12,799 [INFO] Rule:224 - rule Update MwName for USB_DEVICE is applicable
2026-06-01 10:46:12,800 [INFO] Rule:224 - rule Change PWR_Regulator_Voltage_Scale Default Value for RCC  H7 family is applicable
2026-06-01 10:46:12,800 [INFO] Rule:224 - rule UART/USART IPParameter rename Prescaler parameter to ClockPrescaler is applicable
2026-06-01 10:46:12,800 [INFO] Rule:224 - rule UART/USART Prescaler rename Prescaler parameter to ClockPrescaler is applicable
2026-06-01 10:46:12,800 [INFO] Rule:224 - rule TIM1CLockSelection is applicable
2026-06-01 10:46:12,801 [INFO] Rule:224 - rule TIM15CLockSelection is applicable
2026-06-01 10:46:12,801 [INFO] Rule:224 - rule align RCC SDMMC3CLockSelection default value on MP1 is applicable
2026-06-01 10:46:12,801 [INFO] Rule:224 - rule align RCC SDMMC12CLockSelection default value on MP1 is applicable
2026-06-01 10:46:12,801 [INFO] Rule:224 - rule align RCC QSPICLockSelection default value on MP1 is applicable
2026-06-01 10:46:12,801 [INFO] Rule:224 - rule align RCC QSPICLockSelection default value on MP1 is applicable
2026-06-01 10:46:12,801 [INFO] Rule:224 - rule align RCC SPI6CLockSelection default value on MP1 is applicable
2026-06-01 10:46:12,801 [INFO] Rule:224 - rule align RCC LPTIM23CLockSelection default value on MP1 is applicable
2026-06-01 10:46:12,801 [INFO] Rule:224 - rule align RCC LPTIM1CLockSelection default value on MP1 is applicable
2026-06-01 10:46:12,801 [INFO] Rule:224 - rule align RCC USART1CLockSelection default value on MP1 is applicable
2026-06-01 10:46:12,801 [INFO] Rule:224 - rule align RCC USART24CLockSelection default value on MP1 is applicable
2026-06-01 10:46:12,802 [INFO] Rule:224 - rule align RCC USART6CLockSelection default value on MP1 is applicable
2026-06-01 10:46:12,802 [INFO] Rule:224 - rule align RCC UART78CLockSelection default value on MP1 is applicable
2026-06-01 10:46:12,802 [INFO] Rule:224 - rule align RCC USART35CLockSelection default value on MP1 is applicable
2026-06-01 10:46:12,802 [INFO] Rule:224 - rule align RCC SPI45CLockSelection default value on MP1 is applicable
2026-06-01 10:46:12,802 [INFO] Rule:224 - rule align RCC I2C46CLockSelection BCLK value on MP1 is applicable
2026-06-01 10:46:12,802 [INFO] Rule:224 - rule align RCC SPI45CLockSelection default value on MP1 is applicable
2026-06-01 10:46:12,802 [INFO] Rule:224 - rule align RCC I2C12CLockSelection default value on MP1 is applicable
2026-06-01 10:46:12,802 [INFO] Rule:224 - rule align RCC I2C35CLockSelection default value on MP1 is applicable
2026-06-01 10:46:12,802 [INFO] Rule:224 - rule align RCC LPTIM45CLockSelection default value on MP1 is applicable
2026-06-01 10:46:12,803 [INFO] Rule:224 - rule Rename DCMI PIXCK signal is applicable
2026-06-01 10:46:12,803 [INFO] Rule:224 - rule Change Default Value for I2C46CLockSelection MP1 family is applicable
2026-06-01 10:46:12,803 [INFO] Rule:224 - rule Change Default Value for UART for G4, G0 and WB families is applicable
2026-06-01 10:46:12,803 [INFO] Rule:224 - rule Change Default Value for USART for G4, G0 and WB families is applicable
2026-06-01 10:46:12,803 [INFO] Rule:224 - rule Change Default Value for USART for G4 family is applicable
2026-06-01 10:46:12,803 [INFO] Rule:224 - rule Change USART1CLockSelection refparam name for MP1 is applicable
2026-06-01 10:46:12,803 [INFO] Rule:224 - rule Change USART2CLockSelection refparam name for MP1 is applicable
2026-06-01 10:46:12,803 [INFO] Rule:224 - rule Change USART3CLockSelection refparam name for MP1 is applicable
2026-06-01 10:46:12,804 [INFO] Rule:224 - rule Change UART4CLockSelection refparam name for MP1 is applicable
2026-06-01 10:46:12,804 [INFO] Rule:224 - rule Change UART5CLockSelection refparam name for MP1 is applicable
2026-06-01 10:46:12,804 [INFO] Rule:224 - rule Change LPUART1CLockSelection refparam name for MP1 is applicable
2026-06-01 10:46:12,804 [INFO] Rule:224 - rule Change LPTIM1CLockSelection refparam name for MP1 is applicable
2026-06-01 10:46:12,804 [INFO] Rule:224 - rule Change LPTIM2CLockSelection refparam name for MP1 is applicable
2026-06-01 10:46:12,804 [INFO] Rule:224 - rule Change RCC_MCO1Source refparam name for MP1 is applicable
2026-06-01 10:46:12,804 [INFO] Rule:224 - rule Change LSCOSource1 refparam name for MP1 is applicable
2026-06-01 10:46:12,804 [INFO] Rule:224 - rule Change SMPSCLockSelection refparam name for MP1 is applicable
2026-06-01 10:46:12,804 [INFO] Rule:224 - rule Change LPTIM3CLockSelection refparam name for MP1 is applicable
2026-06-01 10:46:12,804 [INFO] Rule:224 - rule Change MPCBB* Default Template Mode to Parameters is applicable
2026-06-01 10:46:12,805 [INFO] Rule:224 - rule Change MPCWM* or MPCBB* Secure Mode to Parameters is applicable
2026-06-01 10:46:12,805 [INFO] Rule:224 - rule Change MPCWM* or MPCBB* No Secure Mode to Parameters is applicable
2026-06-01 10:46:12,805 [INFO] Rule:224 - rule Change TZSC IP Secure Mode to Parameters is applicable
2026-06-01 10:46:12,805 [INFO] Rule:224 - rule Change TZSC IP No Secure Mode to Parameters is applicable
2026-06-01 10:46:12,805 [INFO] Rule:224 - rule Change TZSC IP Privilege Mode to Parameters is applicable
2026-06-01 10:46:12,805 [INFO] Rule:224 - rule Change TZSC IP No Privilege Mode to Parameters is applicable
2026-06-01 10:46:12,805 [INFO] Rule:224 - rule Change TZIC IT Secure Mode to Parameters is applicable
2026-06-01 10:46:12,805 [INFO] Rule:224 - rule Change TZIC IT No Secure Mode to Parameters is applicable
2026-06-01 10:46:12,805 [INFO] Rule:224 - rule Add MPCBB1_NonSecureArea_Start_Address value with referenced to MPCBB1_NonSecureArea_Start value is applicable
2026-06-01 10:46:12,805 [INFO] Rule:224 - rule Add MPCBB2_NonSecureArea_Start_Address value with referenced to MPCBB2_NonSecureArea_Start value is applicable
2026-06-01 10:46:12,806 [INFO] Rule:224 - rule Add MPCWM1_NonSecureArea*_Start_Address value with referenced to MPCWM1_NonSecureArea*_Start value is applicable
2026-06-01 10:46:12,806 [INFO] Rule:224 - rule Add MPCWM2_NonSecureArea*_Start_Address value with referenced to MPCWM2_NonSecureArea*_Start value is applicable
2026-06-01 10:46:12,806 [INFO] Rule:224 - rule Add MPCWM3_NonSecureArea_Start_Address value with referenced to MPCWM3_NonSecureArea_Start value is applicable
2026-06-01 10:46:12,806 [INFO] Rule:224 - rule Change Default Value for PLL1UserDefinedConfig is applicable
2026-06-01 10:46:12,806 [INFO] Rule:224 - rule Change GPIO_PuPd Default Value for USART in async mode is applicable
2026-06-01 10:46:12,806 [INFO] Rule:224 - rule Change SMPSDivider Default Value is applicable
2026-06-01 10:46:12,806 [INFO] Rule:224 - rule OPAMP is applicable
2026-06-01 10:46:12,806 [INFO] Rule:224 - rule LPUART IPParameter rename Prescaler parameter to ClockPrescaler for STM32H7 is applicable
2026-06-01 10:46:12,806 [INFO] Rule:224 - rule LPUART IPParameter rename Prescaler parameter to ClockPrescaler for STM32H7 is applicable
2026-06-01 10:46:12,807 [INFO] Rule:224 - rule LPUART IPParameter rename Prescaler parameter to ClockPrescaler for STM32WB is applicable
2026-06-01 10:46:12,807 [INFO] Rule:224 - rule LPUART IPParameter rename Prescaler parameter to ClockPrescaler for STM32WB is applicable
2026-06-01 10:46:12,807 [INFO] Rule:224 - rule LPUART IPParameter rename Prescaler parameter to ClockPrescaler for STM32G4 is applicable
2026-06-01 10:46:12,807 [INFO] Rule:224 - rule LPUART IPParameter rename Prescaler parameter to ClockPrescaler for STM32G4 is applicable
2026-06-01 10:46:12,807 [INFO] Rule:224 - rule LPUART IPParameter rename Prescaler parameter to ClockPrescaler for STM32L5 is applicable
2026-06-01 10:46:12,807 [INFO] Rule:224 - rule LPUART IPParameter rename Prescaler parameter to ClockPrescaler for STM32L5 is applicable
2026-06-01 10:46:12,807 [INFO] Rule:224 - rule LPUART IPParameter rename Prescaler parameter to ClockPrescaler for STM32G4 is applicable
2026-06-01 10:46:12,808 [INFO] Rule:224 - rule LPUART IPParameter rename Prescaler parameter to ClockPrescaler for STM32G4 is applicable
2026-06-01 10:46:12,808 [INFO] Rule:224 - rule USB device lib V2.5.3 for L0 rename USBD_SUPPORT_USER_STRING parameter to USBD_SUPPORT_USER_STRING_DESC4 is applicable
2026-06-01 10:46:12,808 [INFO] Rule:224 - rule I2SCLockSelection clock entry align is applicable
2026-06-01 10:46:12,808 [INFO] Rule:224 - rule Assign TIMx context if used as SYS timebase is applicable
2026-06-01 10:46:12,808 [INFO] Rule:224 - rule Change GPIO_Pu Default Value for I2C is applicable
2026-06-01 10:46:12,808 [INFO] Rule:224 - rule Change GPIO_Pu Default Value for SMBus is applicable
2026-06-01 10:46:12,808 [INFO] Rule:224 - rule change FDCAN default value is applicable
2026-06-01 10:46:12,808 [INFO] Rule:224 - rule Change mode sai is applicable
2026-06-01 10:46:12,808 [INFO] Rule:224 - rule **Change sai mode is applicable
2026-06-01 10:46:12,808 [INFO] Rule:224 - rule Rename STM32WPAN CFG_BLE_IRK to CFG_BLE_IR is applicable
2026-06-01 10:46:12,809 [INFO] Rule:224 - rule Rename STM32WPAN CFG_BLE_ERK to CFG_BLE_ER is applicable
2026-06-01 10:46:12,809 [INFO] Rule:224 - rule Rename STM32WPAN CFG_BLE_IRK_HEX to CFG_BLE_IR_HEX is applicable
2026-06-01 10:46:12,809 [INFO] Rule:224 - rule Rename STM32WPAN CFG_BLE_ERK_HEX to CFG_BLE_ER_HEX is applicable
2026-06-01 10:46:12,809 [INFO] Rule:224 - rule Adapt Old IOC before rework replace old CORTEX_M33/CORTEX_M55 attributes by the new one. is applicable
2026-06-01 10:46:12,809 [INFO] Rule:224 - rule Rename parametre of RCC RCC_APBDBG_DIV2 to RCC_TIMPRES_DIV2 is applicable
2026-06-01 10:46:12,809 [INFO] Rule:224 - rule Rename DIE493 pin PA10 [PA12] -> PA10 is applicable
2026-06-01 10:46:12,809 [INFO] Rule:224 - rule Rename DIE493 pin PA9 [PA11] -> PA9 is applicable
2026-06-01 10:46:12,900 [INFO] DbConfProperties:307 - Apply Compatibility (50/266 Rules)
2026-06-01 10:46:12,946 [INFO] ImportTextPane:218 - (OptionalMessage_ERROR) Unable to find key (Mcu.ThirdPartyNb) in loaded IOC file
2026-06-01 10:46:12,957 [INFO] ImportTextPane:218 - (OptionalMessage_ERROR) Pin35 (VP_RIF_VS_RIF1) cannot be retrieved for this MCU
2026-06-01 10:46:13,441 [INFO] RtosManager:558 - Registered RTOS mode: class=CMSIS, group=RTOS, mode=CMSIS_V1, owner=FREERTOS
2026-06-01 10:46:13,442 [INFO] RtosManager:558 - Registered RTOS mode: class=CMSIS, group=RTOS2, mode=CMSIS_V2, owner=FREERTOS
2026-06-01 10:46:13,442 [INFO] RtosManager:558 - Registered RTOS mode: class=RTOS, group=Core, mode=CMSIS_V1, owner=FREERTOS
2026-06-01 10:46:13,442 [INFO] RtosManager:558 - Registered RTOS mode: class=RTOS, group=Core, mode=CMSIS_V2, owner=FREERTOS
2026-06-01 10:46:13,442 [WARN] ModelIntegratedComponent:184 - Missing modes for component STMicroelectronics:FreeRTOS:0.0.1:STMicroelectronics:RTOS:FreeRTOS:Core:::10.2.0:
2026-06-01 10:46:13,463 [WARN] ModelIntegratedComponent:63 - No mode defined for component null
2026-06-01 10:46:13,463 [WARN] ModelIntegratedComponent:63 - No mode defined for component null
2026-06-01 10:46:13,463 [WARN] ModelIntegratedComponent:63 - No mode defined for component null
2026-06-01 10:46:13,464 [WARN] ModelIntegratedComponent:63 - No mode defined for component null
2026-06-01 10:46:13,464 [WARN] ModelIntegratedComponent:63 - No mode defined for component null
2026-06-01 10:46:13,464 [WARN] ModelIntegratedComponent:63 - No mode defined for component null
2026-06-01 10:46:13,464 [WARN] ModelIntegratedComponent:63 - No mode defined for component null
2026-06-01 10:46:13,464 [WARN] ModelIntegratedComponent:63 - No mode defined for component null
2026-06-01 10:46:13,465 [WARN] ModelIntegratedComponent:63 - No mode defined for component null
2026-06-01 10:46:13,465 [WARN] ModelIntegratedComponent:63 - No mode defined for component null
2026-06-01 10:46:13,465 [WARN] ModelIntegratedComponent:63 - No mode defined for component null
2026-06-01 10:46:13,465 [WARN] ModelIntegratedComponent:63 - No mode defined for component null
2026-06-01 10:46:13,466 [WARN] ModelIntegratedComponent:63 - No mode defined for component null
2026-06-01 10:46:13,466 [WARN] ModelIntegratedComponent:63 - No mode defined for component null
2026-06-01 10:46:13,466 [WARN] ModelIntegratedComponent:63 - No mode defined for component null
2026-06-01 10:46:13,466 [WARN] ModelIntegratedComponent:63 - No mode defined for component null
2026-06-01 10:46:13,466 [WARN] ModelIntegratedComponent:63 - No mode defined for component null
2026-06-01 10:46:13,466 [WARN] ModelIntegratedComponent:63 - No mode defined for component null
2026-06-01 10:46:13,466 [WARN] ModelIntegratedComponent:63 - No mode defined for component null
2026-06-01 10:46:13,466 [WARN] ModelIntegratedComponent:63 - No mode defined for component null
2026-06-01 10:46:13,466 [WARN] ModelIntegratedComponent:63 - No mode defined for component null
2026-06-01 10:46:13,466 [WARN] ModelIntegratedComponent:63 - No mode defined for component null
2026-06-01 10:46:13,466 [WARN] ModelIntegratedComponent:63 - No mode defined for component null
2026-06-01 10:46:13,467 [WARN] ModelIntegratedComponent:63 - No mode defined for component null
2026-06-01 10:46:13,467 [WARN] ModelIntegratedComponent:63 - No mode defined for component null
2026-06-01 10:46:13,467 [WARN] ModelIntegratedComponent:63 - No mode defined for component null
2026-06-01 10:46:13,467 [WARN] ModelIntegratedComponent:63 - No mode defined for component null
2026-06-01 10:46:13,467 [WARN] ModelIntegratedComponent:63 - No mode defined for component null
2026-06-01 10:46:13,467 [WARN] ModelIntegratedComponent:63 - No mode defined for component null
2026-06-01 10:46:13,467 [WARN] ModelIntegratedComponent:63 - No mode defined for component null
2026-06-01 10:46:13,467 [WARN] ModelIntegratedComponent:63 - No mode defined for component null
2026-06-01 10:46:13,467 [WARN] ModelIntegratedComponent:63 - No mode defined for component null
2026-06-01 10:46:13,467 [WARN] ModelIntegratedComponent:63 - No mode defined for component null
2026-06-01 10:46:13,467 [WARN] ModelIntegratedComponent:63 - No mode defined for component null
2026-06-01 10:46:13,467 [WARN] ModelIntegratedComponent:63 - No mode defined for component null
2026-06-01 10:46:13,468 [WARN] ModelPack:524 - Component already loaded: STMicroelectronics:HAL Drivers:0.0.0:STMicroelectronics:Device:STMicro_Driver:XSPI:HAL::0.0.1:HAL_XSPI
2026-06-01 10:46:13,715 [INFO] ThirdPartyModel:298 - Start build external matchings
2026-06-01 10:46:15,009 [INFO] ThirdPartyModel:316 - End build external matchings
2026-06-01 10:46:15,057 [INFO] ImportTextPane:218 - (OptionalMessage_ERROR) IP (RCC) : Parameter (RTCHSEDivFreq_Value) has invalid value (4000000)
2026-06-01 10:46:15,844 [INFO] UtilMem:75 - End LoadConfig() Used Memory: 867547280 Bytes (1073741824)
2026-06-01 10:46:16,120 [WARN] ThirdParty:833 - waiting for thirdparty lock release [change project]
2026-06-01 10:46:16,121 [INFO] ThirdParty:835 - entering critical section [change project]
2026-06-01 10:46:16,121 [INFO] ThirdParty:1030 - CMSIS Pack Vendor :STMicroelectronics X-CUBE-AZRTOS-H7 3.5.0
2026-06-01 10:46:16,121 [INFO] ThirdParty:1030 - CMSIS Pack Vendor :STMicroelectronics X-CUBE-PM33A1 1.0.0
2026-06-01 10:46:16,121 [INFO] ThirdParty:1030 - CMSIS Pack Vendor :STMicroelectronics USBPD 4.1
2026-06-01 10:46:16,121 [INFO] ThirdParty:1030 - CMSIS Pack Vendor :STMicroelectronics X-CUBE-NFC9 1.0.0
2026-06-01 10:46:16,121 [INFO] ThirdParty:1030 - CMSIS Pack Vendor :STMicroelectronics USB_HOST 2.0.0
2026-06-01 10:46:16,121 [INFO] ThirdParty:1030 - CMSIS Pack Vendor :STMicroelectronics X-CUBE-AZRTOS-F4 1.1.0
2026-06-01 10:46:16,121 [INFO] ThirdParty:1030 - CMSIS Pack Vendor :STMicroelectronics LIBJPEG 8.0.0
2026-06-01 10:46:16,121 [INFO] ThirdParty:1030 - CMSIS Pack Vendor :STMicroelectronics FP-ATR-ASTRA1 2.0.2
2026-06-01 10:46:16,122 [INFO] ThirdParty:1030 - CMSIS Pack Vendor :STMicroelectronics X-CUBE-BLE1 7.1.0
2026-06-01 10:46:16,122 [INFO] ThirdParty:1030 - CMSIS Pack Vendor :STMicroelectronics X-CUBE-SMBUS 2.1.0
2026-06-01 10:46:16,122 [INFO] ThirdParty:1030 - CMSIS Pack Vendor :wolfSSL I-CUBE-wolfMQTT 1.19.2
2026-06-01 10:46:16,122 [INFO] ThirdParty:1030 - CMSIS Pack Vendor :STMicroelectronics USB_DEVICE 3.0.0
2026-06-01 10:46:16,122 [INFO] ThirdParty:1030 - CMSIS Pack Vendor :STMicroelectronics X-CUBE-ISPU 2.1.0
2026-06-01 10:46:16,122 [INFO] ThirdParty:1030 - CMSIS Pack Vendor :STMicroelectronics X-CUBE-EEPRMA1 5.2.0
2026-06-01 10:46:16,122 [INFO] ThirdParty:1030 - CMSIS Pack Vendor :STMicroelectronics X-CUBE-BLEMGR 4.1.0
2026-06-01 10:46:16,122 [INFO] ThirdParty:1030 - CMSIS Pack Vendor :STMicroelectronics eDS-WB_DPC_TT-BIDIR 2.1.1
2026-06-01 10:46:16,122 [INFO] ThirdParty:1030 - CMSIS Pack Vendor :STMicroelectronics X-CUBE-AZRTOS-WB 2.0.0
2026-06-01 10:46:16,122 [INFO] ThirdParty:1030 - CMSIS Pack Vendor :wolfSSL I-CUBE-wolfSSL 5.8.4
2026-06-01 10:46:16,122 [INFO] ThirdParty:1030 - CMSIS Pack Vendor :STMicroelectronics X-CUBE-NFC12 1.0.0
2026-06-01 10:46:16,122 [INFO] ThirdParty:1030 - CMSIS Pack Vendor :STMicroelectronics X-CUBE-AZRTOS-F7 1.1.0
2026-06-01 10:46:16,122 [INFO] ThirdParty:1030 - CMSIS Pack Vendor :STMicroelectronics X-CUBE-AZRTOS-L5 2.0.0
2026-06-01 10:46:16,122 [INFO] ThirdParty:1030 - CMSIS Pack Vendor :STMicroelectronics USB_DEVICE 2.0.0
2026-06-01 10:46:16,122 [INFO] ThirdParty:1030 - CMSIS Pack Vendor :quantropi X-CUBE-qispace-sdk-base 2.1.0
2026-06-01 10:46:16,122 [INFO] ThirdParty:1030 - CMSIS Pack Vendor :STMicroelectronics X-CUBE-MEMS1 12.0.0
2026-06-01 10:46:16,122 [INFO] ThirdParty:1030 - CMSIS Pack Vendor :STMicroelectronics X-CUBE-STSE01 2.0.0
2026-06-01 10:46:16,122 [INFO] ThirdParty:1030 - CMSIS Pack Vendor :STMicroelectronics X-CUBE-ALGOBUILD 1.5.0
2026-06-01 10:46:16,122 [INFO] ThirdParty:1030 - CMSIS Pack Vendor :STMicroelectronics FreeRTOS 0.0.1
2026-06-01 10:46:16,122 [INFO] ThirdParty:1030 - CMSIS Pack Vendor :STMicroelectronics X-CUBE-AZRTOS-G0 1.1.0
2026-06-01 10:46:16,123 [INFO] ThirdParty:1030 - CMSIS Pack Vendor :STMicroelectronics X-CUBE-NFC4 3.0.0
2026-06-01 10:46:16,123 [INFO] ThirdParty:1030 - CMSIS Pack Vendor :STMicroelectronics X-CUBE-SUBG2 5.0.0
2026-06-01 10:46:16,123 [INFO] ThirdParty:1030 - CMSIS Pack Vendor :STMicroelectronics STM32_WPAN 1.0.0
2026-06-01 10:46:16,123 [INFO] ThirdParty:1030 - CMSIS Pack Vendor :STMicroelectronics eDS-WB_DPC_VIENNA 1.2.0
2026-06-01 10:46:16,123 [INFO] ThirdParty:1030 - CMSIS Pack Vendor :EmbeddedOffice I-CUBE-FS-RTOS 1.0.1
2026-06-01 10:46:16,123 [INFO] ThirdParty:1030 - CMSIS Pack Vendor :STMicroelectronics lwIP 2.0.3
2026-06-01 10:46:16,123 [INFO] ThirdParty:1030 - CMSIS Pack Vendor :STMicroelectronics eDS-WB_DPC_3PH2L-BIDIR 1.1.1
2026-06-01 10:46:16,123 [INFO] ThirdParty:1030 - CMSIS Pack Vendor :STMicroelectronics USB_HOST 1.0.0
2026-06-01 10:46:16,123 [INFO] ThirdParty:1030 - CMSIS Pack Vendor :STMicroelectronics X-CUBE-AZRTOS-G4 2.0.0
2026-06-01 10:46:16,123 [INFO] ThirdParty:1030 - CMSIS Pack Vendor :STMicroelectronics PDM2PCM 3.1.0
2026-06-01 10:46:16,123 [INFO] ThirdParty:1030 - CMSIS Pack Vendor :STMicroelectronics PDM2PCM 3.3.0
2026-06-01 10:46:16,123 [INFO] ThirdParty:1030 - CMSIS Pack Vendor :wolfSSL I-CUBE-wolfTPM 3.8.0
2026-06-01 10:46:16,123 [INFO] ThirdParty:1030 - CMSIS Pack Vendor :STMicroelectronics X-CUBE-DISPLAY 3.0.0
2026-06-01 10:46:16,123 [INFO] ThirdParty:1030 - CMSIS Pack Vendor :wolfSSL I-CUBE-wolfSSH 1.4.20
2026-06-01 10:46:16,123 [INFO] ThirdParty:1030 - CMSIS Pack Vendor :STMicroelectronics X-CUBE-NFC7 2.0.0
2026-06-01 10:46:16,123 [INFO] ThirdParty:1030 - CMSIS Pack Vendor :STMicroelectronics X-CUBE-GNSS1 7.1.1
2026-06-01 10:46:16,123 [INFO] ThirdParty:1030 - CMSIS Pack Vendor :STMicroelectronics X-CUBE-TCPP 4.2.0
2026-06-01 10:46:16,123 [INFO] ThirdParty:1030 - CMSIS Pack Vendor :RealThread X-CUBE-RT-Thread_Nano 4.1.1
2026-06-01 10:46:16,124 [INFO] ThirdParty:1030 - CMSIS Pack Vendor :STMicroelectronics FP-ATR-SIGFOX1 3.2.0
2026-06-01 10:46:16,124 [INFO] ThirdParty:1030 - CMSIS Pack Vendor :STMicroelectronics X-CUBE-NFC10 1.0.0
2026-06-01 10:46:16,124 [INFO] ThirdParty:1030 - CMSIS Pack Vendor :STMicroelectronics HAL Drivers 0.0.0
2026-06-01 10:46:16,124 [INFO] ThirdParty:1030 - CMSIS Pack Vendor :STMicroelectronics MBEDTLS 2.16.2
2026-06-01 10:46:16,124 [INFO] ThirdParty:1030 - CMSIS Pack Vendor :STMicroelectronics X-CUBE-ST60 1.1.0
2026-06-01 10:46:16,124 [INFO] ThirdParty:1030 - CMSIS Pack Vendor :STMicroelectronics X-CUBE-ALS 1.0.2
2026-06-01 10:46:16,125 [INFO] ThirdParty:1030 - CMSIS Pack Vendor :emotas I-CUBE-CANOPEN 1.3.0
2026-06-01 10:46:16,125 [INFO] ThirdParty:1030 - CMSIS Pack Vendor :STMicroelectronics MBEDTLS 2.14.1
2026-06-01 10:46:16,125 [INFO] ThirdParty:1030 - CMSIS Pack Vendor :STMicroelectronics X-CUBE-GNSS1 7.1.0
2026-06-01 10:46:16,125 [INFO] ThirdParty:1030 - CMSIS Pack Vendor :ITTIA_DB I-CUBE-ITTIADB 8.9.0
2026-06-01 10:46:16,125 [INFO] ThirdParty:1030 - CMSIS Pack Vendor :Cesanta I-CUBE-Mongoose 7.21.0
2026-06-01 10:46:16,126 [INFO] ThirdParty:1030 - CMSIS Pack Vendor :STMicroelectronics X-CUBE-TOUCHGFX 4.26.1
2026-06-01 10:46:16,126 [INFO] ThirdParty:1030 - CMSIS Pack Vendor :STMicroelectronics X-CUBE-NFC6 3.2.0
2026-06-01 10:46:16,126 [INFO] ThirdParty:1030 - CMSIS Pack Vendor :STMicroelectronics X-CUBE-AI 10.2.0
2026-06-01 10:46:16,126 [INFO] ThirdParty:1030 - CMSIS Pack Vendor :STMicroelectronics FP-SNS-STAIOTCFT 1.0.0
2026-06-01 10:46:16,126 [INFO] ThirdParty:1030 - CMSIS Pack Vendor :STMicroelectronics ThreadX 1.0.0
2026-06-01 10:46:16,126 [INFO] ThirdParty:1030 - CMSIS Pack Vendor :STMicroelectronics FP-SNS-SMARTAG2 1.2.0
2026-06-01 10:46:16,126 [INFO] ThirdParty:1030 - CMSIS Pack Vendor :STMicroelectronics X-CUBE-MEMS1 12.1.0
2026-06-01 10:46:16,127 [INFO] ThirdParty:1030 - CMSIS Pack Vendor :STMicroelectronics FP-SNS-FLIGHT1 5.1.0
2026-06-01 10:46:16,127 [INFO] ThirdParty:1030 - CMSIS Pack Vendor :STMicroelectronics X-CUBE-AZRTOS-WL 2.0.0
2026-06-01 10:46:16,127 [INFO] ThirdParty:1030 - CMSIS Pack Vendor :SEGGER I-CUBE-embOS 1.3.1
2026-06-01 10:46:16,127 [INFO] ThirdParty:1030 - CMSIS Pack Vendor :STMicroelectronics X-CUBE-ALGOBUILD 1.4.0
2026-06-01 10:46:16,127 [INFO] ThirdParty:1030 - CMSIS Pack Vendor :STMicroelectronics X-CUBE-DPower 1.3.0
2026-06-01 10:46:16,127 [INFO] ThirdParty:1030 - CMSIS Pack Vendor :STMicroelectronics USB_DEVICE 1.0.0
2026-06-01 10:46:16,127 [INFO] ThirdParty:1030 - CMSIS Pack Vendor :STMicroelectronics X-CUBE-AZRTOS-H7RS 1.2.0
2026-06-01 10:46:16,127 [INFO] ThirdParty:1030 - CMSIS Pack Vendor :STMicroelectronics X-CUBE-AZRTOS-L4 2.0.0
2026-06-01 10:46:16,128 [INFO] ThirdParty:1030 - CMSIS Pack Vendor :STMicroelectronics ThreadX 0.0.2
2026-06-01 10:46:16,128 [INFO] ThirdParty:1030 - CMSIS Pack Vendor :STMicroelectronics lwIP 2.1.2
2026-06-01 10:46:16,128 [INFO] ThirdParty:1030 - CMSIS Pack Vendor :STMicroelectronics X-CUBE-SFXS2LP1 4.0.0
2026-06-01 10:46:16,128 [INFO] ThirdParty:1030 - CMSIS Pack Vendor :STMicroelectronics X-CUBE-BLE2 3.3.0
2026-06-01 10:46:16,128 [INFO] ThirdParty:1030 - CMSIS Pack Vendor :Avnet-IOTCONNECT X-CUBE-iotc-st67-sdk 1.0.0
2026-06-01 10:46:16,128 [INFO] ThirdParty:1030 - CMSIS Pack Vendor :STMicroelectronics X-CUBE-TOF1 3.4.3
2026-06-01 10:46:16,128 [INFO] ThirdParty:1030 - CMSIS Pack Vendor :Infineon AIROC-Wi-Fi-Bluetooth-STM32 1.8.0
2026-06-01 10:46:16,128 [INFO] ThirdParty:1030 - CMSIS Pack Vendor :STMicroelectronics PDM2PCM 3.2.0
2026-06-01 10:46:16,128 [INFO] ThirdParty:1030 - CMSIS Pack Vendor :STMicroelectronics X-CUBE-WB05N 2.1.0
2026-06-01 10:46:16,128 [INFO] ThirdParty:841 - exiting critical section [change project]
2026-06-01 10:46:16,734 [INFO] PinOutPanel:1589 - setPackage(No Configuration,No Configuration)
2026-06-01 10:46:16,736 [INFO] PinOutPanel:1589 - setPackage(STM32F407VGTx,LQFP100)
2026-06-01 10:46:17,367 [INFO] UtilMem:75 - Before build in PCC Used Memory: 912262312 Bytes (1073741824)
2026-06-01 10:46:18,344 [INFO] UtilMem:75 - After build in PCC Used Memory: 957878024 Bytes (1073741824)
2026-06-01 10:46:18,369 [INFO] ApiDbMcu:508 - Load IP Config File for USB_HOST
2026-06-01 10:46:18,387 [WARN] BspModel:444 - BSP dependency skipped because of component: name='IOExpander', api='Unknown'
2026-06-01 10:46:18,470 [INFO] IPUIPlugin:80 - create IPUIPlugin
2026-06-01 10:46:18,470 [INFO] IPUIPlugin:80 - create IPUIPlugin
2026-06-01 10:46:18,470 [INFO] IPUIPlugin:80 - create IPUIPlugin
2026-06-01 10:46:18,470 [INFO] IPUIPlugin:80 - create IPUIPlugin
2026-06-01 10:46:18,471 [INFO] IPUIPlugin:80 - create IPUIPlugin
2026-06-01 10:46:18,472 [INFO] IPUIPlugin:80 - create IPUIPlugin
2026-06-01 10:46:18,477 [INFO] IPUIPlugin:80 - create IPUIPlugin
2026-06-01 10:46:18,478 [INFO] IPUIPlugin:80 - create IPUIPlugin
2026-06-01 10:46:18,479 [INFO] IPUIPlugin:80 - create IPUIPlugin
2026-06-01 10:46:18,479 [INFO] IPUIPlugin:80 - create IPUIPlugin
2026-06-01 10:46:18,480 [INFO] IPUIPlugin:80 - create IPUIPlugin
2026-06-01 10:46:18,481 [INFO] IPUIPlugin:80 - create IPUIPlugin
2026-06-01 10:46:18,481 [INFO] IPUIPlugin:80 - create IPUIPlugin
2026-06-01 10:46:18,482 [INFO] IPUIPlugin:80 - create IPUIPlugin
2026-06-01 10:46:18,484 [INFO] IPUIPlugin:80 - create IPUIPlugin
2026-06-01 10:46:18,485 [INFO] IPUIPlugin:80 - create IPUIPlugin
2026-06-01 10:46:18,486 [INFO] IPUIPlugin:80 - create IPUIPlugin
2026-06-01 10:46:18,486 [INFO] IPUIPlugin:80 - create IPUIPlugin
2026-06-01 10:46:18,487 [INFO] IPUIPlugin:80 - create IPUIPlugin
2026-06-01 10:46:18,489 [INFO] IPUIPlugin:80 - create IPUIPlugin
2026-06-01 10:46:18,490 [INFO] IPUIPlugin:80 - create IPUIPlugin
2026-06-01 10:46:18,491 [INFO] IPUIPlugin:80 - create IPUIPlugin
2026-06-01 10:46:18,492 [INFO] IPUIPlugin:80 - create IPUIPlugin
2026-06-01 10:46:18,493 [INFO] IPUIPlugin:80 - create IPUIPlugin
2026-06-01 10:46:18,494 [INFO] IPUIPlugin:80 - create IPUIPlugin
2026-06-01 10:46:18,494 [INFO] IPUIPlugin:80 - create IPUIPlugin
2026-06-01 10:46:18,494 [INFO] IPUIPlugin:80 - create IPUIPlugin
2026-06-01 10:46:18,495 [INFO] IPUIPlugin:80 - create IPUIPlugin
2026-06-01 10:46:18,495 [INFO] IPUIPlugin:80 - create IPUIPlugin
2026-06-01 10:46:18,496 [INFO] IPUIPlugin:80 - create IPUIPlugin
2026-06-01 10:46:18,496 [INFO] IPUIPlugin:80 - create IPUIPlugin
2026-06-01 10:46:18,497 [INFO] IPUIPlugin:80 - create IPUIPlugin
2026-06-01 10:46:18,497 [INFO] IPUIPlugin:80 - create IPUIPlugin
2026-06-01 10:46:18,498 [INFO] IPUIPlugin:80 - create IPUIPlugin
2026-06-01 10:46:18,498 [INFO] IPUIPlugin:80 - create IPUIPlugin
2026-06-01 10:46:18,498 [INFO] IPUIPlugin:80 - create IPUIPlugin
2026-06-01 10:46:18,498 [INFO] IPUIPlugin:80 - create IPUIPlugin
2026-06-01 10:46:18,500 [INFO] IPUIPlugin:80 - create IPUIPlugin
2026-06-01 10:46:18,500 [INFO] IPUIPlugin:80 - create IPUIPlugin
2026-06-01 10:46:18,501 [INFO] IPUIPlugin:80 - create IPUIPlugin
2026-06-01 10:46:18,501 [INFO] IPUIPlugin:80 - create IPUIPlugin
2026-06-01 10:46:18,501 [INFO] IPUIPlugin:80 - create IPUIPlugin
2026-06-01 10:46:18,502 [INFO] IPUIPlugin:80 - create IPUIPlugin
2026-06-01 10:46:18,502 [INFO] IPUIPlugin:80 - create IPUIPlugin
2026-06-01 10:46:18,503 [INFO] IPUIPlugin:80 - create IPUIPlugin
2026-06-01 10:46:18,503 [INFO] IPUIPlugin:80 - create IPUIPlugin
2026-06-01 10:46:18,504 [INFO] IPUIPlugin:80 - create IPUIPlugin
2026-06-01 10:46:18,504 [INFO] IPUIPlugin:80 - create IPUIPlugin
2026-06-01 10:46:18,505 [INFO] IPUIPlugin:80 - create IPUIPlugin
2026-06-01 10:46:18,505 [INFO] IPUIPlugin:80 - create IPUIPlugin
2026-06-01 10:46:18,506 [INFO] IPUIPlugin:80 - create IPUIPlugin
2026-06-01 10:46:18,508 [INFO] IPUIPlugin:80 - create IPUIPlugin
2026-06-01 10:46:18,509 [INFO] IPUIPlugin:80 - create IPUIPlugin
2026-06-01 10:46:18,510 [INFO] IPUIPlugin:80 - create IPUIPlugin
2026-06-01 10:46:18,510 [INFO] IPUIPlugin:80 - create IPUIPlugin
2026-06-01 10:46:18,511 [INFO] IPUIPlugin:80 - create IPUIPlugin
2026-06-01 10:46:18,512 [INFO] IPUIPlugin:80 - create IPUIPlugin
2026-06-01 10:46:18,513 [INFO] IPUIPlugin:80 - create IPUIPlugin
2026-06-01 10:46:18,519 [INFO] ApiDbMcu:508 - Load IP Config File for PDM2PCM
2026-06-01 10:46:18,528 [WARN] IP:2250 - I2C_Coeff_DF not found: check if there is a RefParameter without a condition.
2026-06-01 10:46:18,528 [WARN] IP:2250 - Analog_Filter not found: check if there is a RefParameter without a condition.
2026-06-01 10:46:18,561 [INFO] I2sManager:658 - 9.6E7
2026-06-01 10:46:18,562 [INFO] I2sManager:195 - I2S Clock Value : 9.6E7
2026-06-01 10:46:18,569 [INFO] I2sManager:553 - AudioClock : 93750Divider : 2Odd : 0
2026-06-01 10:46:18,760 [INFO] CADModel:165 - CPN selected for project levelSTM32F407VGT6
2026-06-01 10:46:18,761 [INFO] CADModel:114 - Register for checkConnection events
2026-06-01 10:46:18,803 [INFO] OpenFileManager:385 - Restore cursor
2026-06-01 10:46:19,243 [WARN] IP:2250 - I2C_Coeff_DF not found: check if there is a RefParameter without a condition.
2026-06-01 10:46:19,244 [WARN] IP:2250 - Analog_Filter not found: check if there is a RefParameter without a condition.
2026-06-01 10:46:19,245 [WARN] IP:2250 - I2C_Coeff_DF not found: check if there is a RefParameter without a condition.
2026-06-01 10:46:19,245 [WARN] IP:2250 - Analog_Filter not found: check if there is a RefParameter without a condition.
2026-06-01 10:46:19,979 [INFO] UtilMem:75 - End SaveConfig() Used Memory: 947898768 Bytes (1073741824)
2026-06-01 10:46:20,318 [INFO] UtilMem:75 - End SaveConfig() Used Memory: 970697432 Bytes (1073741824)
2026-06-01 10:46:20,913 [INFO] BlockDiagram:2775 - set Specific Code input for plugin: SPI
2026-06-01 10:46:20,913 [INFO] BlockDiagram:2775 - set Specific Code input for plugin: I2S
2026-06-01 10:46:20,913 [INFO] BlockDiagram:2775 - set Specific Code input for plugin: SYS
2026-06-01 10:46:20,913 [INFO] BlockDiagram:2775 - set Specific Code input for plugin: RCC
2026-06-01 10:46:20,913 [INFO] BlockDiagram:2775 - set Specific Code input for plugin: I2C
2026-06-01 10:46:20,913 [INFO] BlockDiagram:2775 - set Specific Code input for plugin: USB_OTG_FS
2026-06-01 10:46:20,913 [INFO] BlockDiagram:2775 - set Specific Code input for plugin: NVIC
2026-06-01 10:46:20,913 [INFO] BlockDiagram:2775 - set Specific Code input for plugin: USB_HOST
2026-06-01 10:46:20,914 [INFO] BlockDiagram:2775 - set Specific Code input for plugin: GPIO
2026-06-01 10:46:20,917 [INFO] CodeGenerator:882 - code generatio: config db path: C:\ST\STM32CubeIDE_1.18.0\STM32CubeIDE\plugins\com.st.stm32cube.common.mx_6.14.0.202502271554\\db\
2026-06-01 10:46:20,928 [WARN] IP:2250 - I2C_Coeff_DF not found: check if there is a RefParameter without a condition.
2026-06-01 10:46:20,928 [WARN] IP:2250 - Analog_Filter not found: check if there is a RefParameter without a condition.
2026-06-01 10:46:21,235 [INFO] CodeEngine:263 - oldGeneratedFile, C:\Users\hp\STM32CubeIDE\workspace_1.18.0\51_Queue_Management_FreeRTOS\MXTmpFiles\license.tmp_save
2026-06-01 10:46:21,877 [INFO] CodeEngine:287 - Generated code: C:\Users\hp\STM32CubeIDE\workspace_1.18.0\51_Queue_Management_FreeRTOS\MXTmpFiles\license.tmp
2026-06-01 10:46:22,039 [INFO] CodeEngine:263 - oldGeneratedFile, C:\Users\hp\STM32CubeIDE\workspace_1.18.0\51_Queue_Management_FreeRTOS\MXTmpFiles\gpio.tmp_save
2026-06-01 10:46:22,495 [INFO] CodeEngine:287 - Generated code: C:\Users\hp\STM32CubeIDE\workspace_1.18.0\51_Queue_Management_FreeRTOS\MXTmpFiles\gpio.tmp
2026-06-01 10:46:23,000 [WARN] IPConfigManager:3174 - Warning: the RefConfig PWREx_EnableUSBVoltageDetector is not available in your config.xml file
2026-06-01 10:46:23,058 [INFO] CodeEngine:263 - oldGeneratedFile, C:\Users\hp\STM32CubeIDE\workspace_1.18.0\51_Queue_Management_FreeRTOS\MXTmpFiles\usb_otg_fs_vars.tmp_save
2026-06-01 10:46:23,366 [INFO] CodeEngine:287 - Generated code: C:\Users\hp\STM32CubeIDE\workspace_1.18.0\51_Queue_Management_FreeRTOS\MXTmpFiles\usb_otg_fs_vars.tmp
2026-06-01 10:46:23,394 [INFO] CodeEngine:263 - oldGeneratedFile, C:\Users\hp\STM32CubeIDE\workspace_1.18.0\51_Queue_Management_FreeRTOS\MXTmpFiles\usb_otg_fs_inc.tmp_save
2026-06-01 10:46:23,601 [INFO] CodeEngine:287 - Generated code: C:\Users\hp\STM32CubeIDE\workspace_1.18.0\51_Queue_Management_FreeRTOS\MXTmpFiles\usb_otg_fs_inc.tmp
2026-06-01 10:46:23,661 [INFO] CodeEngine:263 - oldGeneratedFile, C:\Users\hp\STM32CubeIDE\workspace_1.18.0\51_Queue_Management_FreeRTOS\MXTmpFiles\usb_otg_fs_HalInit.tmp_save
2026-06-01 10:46:23,924 [INFO] CodeEngine:287 - Generated code: C:\Users\hp\STM32CubeIDE\workspace_1.18.0\51_Queue_Management_FreeRTOS\MXTmpFiles\usb_otg_fs_HalInit.tmp
2026-06-01 10:46:23,960 [INFO] CodeEngine:263 - oldGeneratedFile, C:\Users\hp\STM32CubeIDE\workspace_1.18.0\51_Queue_Management_FreeRTOS\MXTmpFiles\usb_otg_fs_Msp.tmp_save
2026-06-01 10:46:24,218 [INFO] CodeEngine:287 - Generated code: C:\Users\hp\STM32CubeIDE\workspace_1.18.0\51_Queue_Management_FreeRTOS\MXTmpFiles\usb_otg_fs_Msp.tmp
2026-06-01 10:46:25,230 [INFO] CodeEngine:263 - oldGeneratedFile, C:\Users\hp\STM32CubeIDE\workspace_1.18.0\51_Queue_Management_FreeRTOS\USB_HOST\App\usb_host.c_save
2026-06-01 10:46:25,714 [INFO] CodeEngine:287 - Generated code: C:\Users\hp\STM32CubeIDE\workspace_1.18.0\51_Queue_Management_FreeRTOS\USB_HOST\App\usb_host.c
2026-06-01 10:46:25,758 [INFO] CodeEngine:263 - oldGeneratedFile, C:\Users\hp\STM32CubeIDE\workspace_1.18.0\51_Queue_Management_FreeRTOS\USB_HOST\App\usb_host.h_save
2026-06-01 10:46:26,001 [INFO] CodeEngine:287 - Generated code: C:\Users\hp\STM32CubeIDE\workspace_1.18.0\51_Queue_Management_FreeRTOS\USB_HOST\App\usb_host.h
2026-06-01 10:46:26,062 [INFO] CodeEngine:263 - oldGeneratedFile, C:\Users\hp\STM32CubeIDE\workspace_1.18.0\51_Queue_Management_FreeRTOS\USB_HOST\Target\usbh_conf.h_save
2026-06-01 10:46:26,317 [INFO] CodeEngine:287 - Generated code: C:\Users\hp\STM32CubeIDE\workspace_1.18.0\51_Queue_Management_FreeRTOS\USB_HOST\Target\usbh_conf.h
2026-06-01 10:46:26,357 [INFO] CodeEngine:263 - oldGeneratedFile, C:\Users\hp\STM32CubeIDE\workspace_1.18.0\51_Queue_Management_FreeRTOS\USB_HOST\Target\usbh_conf.c_save
2026-06-01 10:46:26,563 [INFO] CodeEngine:287 - Generated code: C:\Users\hp\STM32CubeIDE\workspace_1.18.0\51_Queue_Management_FreeRTOS\USB_HOST\Target\usbh_conf.c
2026-06-01 10:46:26,596 [INFO] CodeEngine:263 - oldGeneratedFile, C:\Users\hp\STM32CubeIDE\workspace_1.18.0\51_Queue_Management_FreeRTOS\USB_HOST\Target\usbh_platform.c_save
2026-06-01 10:46:26,736 [INFO] CodeEngine:287 - Generated code: C:\Users\hp\STM32CubeIDE\workspace_1.18.0\51_Queue_Management_FreeRTOS\USB_HOST\Target\usbh_platform.c
2026-06-01 10:46:26,761 [INFO] CodeEngine:263 - oldGeneratedFile, C:\Users\hp\STM32CubeIDE\workspace_1.18.0\51_Queue_Management_FreeRTOS\USB_HOST\Target\usbh_platform.h_save
2026-06-01 10:46:26,926 [INFO] CodeEngine:287 - Generated code: C:\Users\hp\STM32CubeIDE\workspace_1.18.0\51_Queue_Management_FreeRTOS\USB_HOST\Target\usbh_platform.h
2026-06-01 10:46:26,955 [INFO] CodeEngine:263 - oldGeneratedFile, C:\Users\hp\STM32CubeIDE\workspace_1.18.0\51_Queue_Management_FreeRTOS\Core\Src\stm32f4xx_it.c_save
2026-06-01 10:46:27,339 [INFO] CodeEngine:287 - Generated code: C:\Users\hp\STM32CubeIDE\workspace_1.18.0\51_Queue_Management_FreeRTOS\Core\Src\stm32f4xx_it.c
2026-06-01 10:46:27,355 [INFO] CodeEngine:263 - oldGeneratedFile, C:\Users\hp\STM32CubeIDE\workspace_1.18.0\51_Queue_Management_FreeRTOS\Core\Inc\stm32f4xx_it.h_save
2026-06-01 10:46:27,531 [INFO] CodeEngine:287 - Generated code: C:\Users\hp\STM32CubeIDE\workspace_1.18.0\51_Queue_Management_FreeRTOS\Core\Inc\stm32f4xx_it.h
2026-06-01 10:46:27,562 [INFO] CodeEngine:263 - oldGeneratedFile, C:\Users\hp\STM32CubeIDE\workspace_1.18.0\51_Queue_Management_FreeRTOS\Core\Src\stm32f4xx_hal_msp.c_save
2026-06-01 10:46:27,781 [INFO] CodeEngine:287 - Generated code: C:\Users\hp\STM32CubeIDE\workspace_1.18.0\51_Queue_Management_FreeRTOS\Core\Src\stm32f4xx_hal_msp.c
2026-06-01 10:46:27,802 [INFO] CodeEngine:263 - oldGeneratedFile, C:\Users\hp\STM32CubeIDE\workspace_1.18.0\51_Queue_Management_FreeRTOS\MXTmpFiles\system.tmp_save
2026-06-01 10:46:27,903 [INFO] CodeEngine:287 - Generated code: C:\Users\hp\STM32CubeIDE\workspace_1.18.0\51_Queue_Management_FreeRTOS\MXTmpFiles\system.tmp
2026-06-01 10:46:27,921 [INFO] CodeEngine:319 - oldGeneratedFile, C:\Users\hp\STM32CubeIDE\workspace_1.18.0\51_Queue_Management_FreeRTOS\Core\Inc\stm32f4xx_hal_conf.h_save
2026-06-01 10:46:28,096 [INFO] CodeEngine:343 - Generated code: C:\Users\hp\STM32CubeIDE\workspace_1.18.0\51_Queue_Management_FreeRTOS\Core\Inc\stm32f4xx_hal_conf.h
2026-06-01 10:46:28,163 [INFO] ApiDbMcu:508 - Load IP Config File for I2C1
2026-06-01 10:46:28,168 [INFO] ApiDbMcu:508 - Load IP Config File for I2S3
2026-06-01 10:46:28,171 [INFO] ApiDbMcu:508 - Load IP Config File for SPI1
2026-06-01 10:46:28,177 [INFO] ApiDbMcu:508 - Load IP Config File for RCC
2026-06-01 10:46:28,198 [INFO] CodeEngine:263 - oldGeneratedFile, C:\Users\hp\STM32CubeIDE\workspace_1.18.0\51_Queue_Management_FreeRTOS\Core\Inc\main.h_save
2026-06-01 10:46:28,433 [INFO] CodeEngine:287 - Generated code: C:\Users\hp\STM32CubeIDE\workspace_1.18.0\51_Queue_Management_FreeRTOS\Core\Inc\main.h
2026-06-01 10:46:28,457 [INFO] CodeEngine:263 - oldGeneratedFile, C:\Users\hp\STM32CubeIDE\workspace_1.18.0\51_Queue_Management_FreeRTOS\Core\Src\main.c_save
2026-06-01 10:46:28,655 [INFO] CodeEngine:287 - Generated code: C:\Users\hp\STM32CubeIDE\workspace_1.18.0\51_Queue_Management_FreeRTOS\Core\Src\main.c
2026-06-01 10:46:29,698 [INFO] ProjectBuilder:3324 - Time for Copy HAL[1] : 678mS.
2026-06-01 10:46:29,716 [INFO] ProjectBuilder:4912 - Project Generator version: 4.6.0-B36
2026-06-01 10:46:29,938 [INFO] ConfigFileManager:1590 - The Die is : DIE413
2026-06-01 10:46:29,944 [INFO] ApiDbMcu:508 - Load IP Config File for FATFS
2026-06-01 10:46:29,957 [INFO] ApiDbMcu:508 - Load IP Config File for FREERTOS
2026-06-01 10:46:29,960 [INFO] ApiDbMcu:508 - Load IP Config File for LIBJPEG
2026-06-01 10:46:29,975 [INFO] ApiDbMcu:508 - Load IP Config File for LWIP
2026-06-01 10:46:29,991 [INFO] ApiDbMcu:508 - Load IP Config File for MBEDTLS
2026-06-01 10:46:30,009 [INFO] ApiDbMcu:508 - Load IP Config File for USB_DEVICE
2026-06-01 10:46:37,460 [INFO] ProjectBuilder:5191 - Time for Generating toolchain IDE Files: 7744mS.
2026-06-01 10:46:37,465 [INFO] ProjectBuilder:3181 - Time for Copy CMSIS : 4mS.
2026-06-01 10:46:37,482 [INFO] ProjectBuilder:3181 - Time for Copy CMSIS : 0mS.
2026-06-01 10:46:39,122 [INFO] McuFinderGlobals:76 - Set McuFinderConnectedMode to true
2026-06-01 10:46:39,127 [INFO] ApiDb:448 - Save user favorites file C:\Users\hp/.stm32cubeide/favorites.mcus.txt: 0 item(s)
2026-06-01 10:46:39,127 [INFO] ApiDb:452 - User favorites MCUs=[]
2026-06-01 10:46:39,130 [INFO] ApiDb:448 - Save user favorites file C:\Users\hp/.stm32cubeide/favorites.boards.txt: 1 item(s)
2026-06-01 10:46:39,130 [INFO] ApiDb:452 - User favorites Boards=[STM32F407G-DISC1]
2026-06-01 10:49:53,077 [ERROR] LogOutputStream:75 - [STDERR_REDIRECT] Exception in thread "AWT-EventQueue-0" java.lang.ClassCastException: class sun.awt.windows.WEmbeddedFrame cannot be cast to class javax.swing.JFrame (sun.awt.windows.WEmbeddedFrame and javax.swing.JFrame are in module java.desktop of loader 'bootstrap')
2026-06-01 10:49:53,086 [ERROR] LogOutputStream:75 - [STDERR_REDIRECT] 	at com.st.microxplorer.plugins.clock.ClockConfigurationView.activatePlugin(ClockConfigurationView.java:425)
2026-06-01 10:49:53,089 [ERROR] LogOutputStream:75 - [STDERR_REDIRECT] 	at com.st.microxplorer.maingui.MainPanel$1.stateChanged(MainPanel.java:382)
2026-06-01 10:49:53,092 [ERROR] LogOutputStream:75 - [STDERR_REDIRECT] 	at java.desktop/javax.swing.JTabbedPane.fireStateChanged(JTabbedPane.java:446)
2026-06-01 10:49:53,094 [ERROR] LogOutputStream:75 - [STDERR_REDIRECT] 	at java.desktop/javax.swing.JTabbedPane$ModelListener.stateChanged(JTabbedPane.java:297)
2026-06-01 10:49:53,097 [ERROR] LogOutputStream:75 - [STDERR_REDIRECT] 	at java.desktop/javax.swing.DefaultSingleSelectionModel.fireStateChanged(DefaultSingleSelectionModel.java:148)
2026-06-01 10:49:53,100 [ERROR] LogOutputStream:75 - [STDERR_REDIRECT] 	at java.desktop/javax.swing.DefaultSingleSelectionModel.setSelectedIndex(DefaultSingleSelectionModel.java:79)
2026-06-01 10:49:53,102 [ERROR] LogOutputStream:75 - [STDERR_REDIRECT] 	at java.desktop/javax.swing.JTabbedPane.setSelectedIndexImpl(JTabbedPane.java:650)
2026-06-01 10:49:53,104 [ERROR] LogOutputStream:75 - [STDERR_REDIRECT] 	at java.desktop/javax.swing.JTabbedPane.setSelectedIndex(JTabbedPane.java:625)
2026-06-01 10:49:53,107 [ERROR] LogOutputStream:75 - [STDERR_REDIRECT] 	at java.desktop/javax.swing.plaf.basic.BasicTabbedPaneUI$Handler.mousePressed(BasicTabbedPaneUI.java:4140)
2026-06-01 10:49:53,109 [ERROR] LogOutputStream:75 - [STDERR_REDIRECT] 	at java.desktop/java.awt.Component.processMouseEvent(Component.java:6618)
2026-06-01 10:49:53,112 [ERROR] LogOutputStream:75 - [STDERR_REDIRECT] 	at java.desktop/javax.swing.JComponent.processMouseEvent(JComponent.java:3398)
2026-06-01 10:49:53,114 [ERROR] LogOutputStream:75 - [STDERR_REDIRECT] 	at java.desktop/java.awt.Component.processEvent(Component.java:6386)
2026-06-01 10:49:53,116 [ERROR] LogOutputStream:75 - [STDERR_REDIRECT] 	at java.desktop/java.awt.Container.processEvent(Container.java:2266)
2026-06-01 10:49:53,118 [ERROR] LogOutputStream:75 - [STDERR_REDIRECT] 	at java.desktop/java.awt.Component.dispatchEventImpl(Component.java:4996)
2026-06-01 10:49:53,119 [ERROR] LogOutputStream:75 - [STDERR_REDIRECT] 	at java.desktop/java.awt.Container.dispatchEventImpl(Container.java:2324)
2026-06-01 10:49:53,121 [ERROR] LogOutputStream:75 - [STDERR_REDIRECT] 	at java.desktop/java.awt.Component.dispatchEvent(Component.java:4828)
2026-06-01 10:49:53,123 [ERROR] LogOutputStream:75 - [STDERR_REDIRECT] 	at java.desktop/java.awt.LightweightDispatcher.retargetMouseEvent(Container.java:4948)
2026-06-01 10:49:53,126 [ERROR] LogOutputStream:75 - [STDERR_REDIRECT] 	at java.desktop/java.awt.LightweightDispatcher.processMouseEvent(Container.java:4572)
2026-06-01 10:49:53,129 [ERROR] LogOutputStream:75 - [STDERR_REDIRECT] 	at java.desktop/java.awt.LightweightDispatcher.dispatchEvent(Container.java:4516)
2026-06-01 10:49:53,131 [ERROR] LogOutputStream:75 - [STDERR_REDIRECT] 	at java.desktop/java.awt.Container.dispatchEventImpl(Container.java:2310)
2026-06-01 10:49:53,133 [ERROR] LogOutputStream:75 - [STDERR_REDIRECT] 	at java.desktop/java.awt.Component.dispatchEvent(Component.java:4828)
2026-06-01 10:49:53,134 [ERROR] LogOutputStream:75 - [STDERR_REDIRECT] 	at java.desktop/java.awt.EventQueue.dispatchEventImpl(EventQueue.java:775)
2026-06-01 10:49:53,137 [ERROR] LogOutputStream:75 - [STDERR_REDIRECT] 	at java.desktop/java.awt.EventQueue$4.run(EventQueue.java:720)
2026-06-01 10:49:53,139 [ERROR] LogOutputStream:75 - [STDERR_REDIRECT] 	at java.desktop/java.awt.EventQueue$4.run(EventQueue.java:714)
2026-06-01 10:49:53,141 [ERROR] LogOutputStream:75 - [STDERR_REDIRECT] 	at java.base/java.security.AccessController.doPrivileged(AccessController.java:400)
2026-06-01 10:49:53,146 [ERROR] LogOutputStream:75 - [STDERR_REDIRECT] 	at java.base/java.security.ProtectionDomain$JavaSecurityAccessImpl.doIntersectionPrivilege(ProtectionDomain.java:87)
2026-06-01 10:49:53,149 [ERROR] LogOutputStream:75 - [STDERR_REDIRECT] 	at java.base/java.security.ProtectionDomain$JavaSecurityAccessImpl.doIntersectionPrivilege(ProtectionDomain.java:98)
2026-06-01 10:49:53,150 [ERROR] LogOutputStream:75 - [STDERR_REDIRECT] 	at java.desktop/java.awt.EventQueue$5.run(EventQueue.java:747)
2026-06-01 10:49:53,153 [ERROR] LogOutputStream:75 - [STDERR_REDIRECT] 	at java.desktop/java.awt.EventQueue$5.run(EventQueue.java:745)
2026-06-01 10:49:53,155 [ERROR] LogOutputStream:75 - [STDERR_REDIRECT] 	at java.base/java.security.AccessController.doPrivileged(AccessController.java:400)
2026-06-01 10:49:53,157 [ERROR] LogOutputStream:75 - [STDERR_REDIRECT] 	at java.base/java.security.ProtectionDomain$JavaSecurityAccessImpl.doIntersectionPrivilege(ProtectionDomain.java:87)
2026-06-01 10:49:53,159 [ERROR] LogOutputStream:75 - [STDERR_REDIRECT] 	at java.desktop/java.awt.EventQueue.dispatchEvent(EventQueue.java:744)
2026-06-01 10:49:53,162 [ERROR] LogOutputStream:75 - [STDERR_REDIRECT] 	at java.desktop/java.awt.EventDispatchThread.pumpOneEventForFilters(EventDispatchThread.java:203)
2026-06-01 10:49:53,165 [ERROR] LogOutputStream:75 - [STDERR_REDIRECT] 	at java.desktop/java.awt.EventDispatchThread.pumpEventsForFilter(EventDispatchThread.java:124)
2026-06-01 10:49:53,167 [ERROR] LogOutputStream:75 - [STDERR_REDIRECT] 	at java.desktop/java.awt.EventDispatchThread.pumpEventsForHierarchy(EventDispatchThread.java:113)
2026-06-01 10:49:53,169 [ERROR] LogOutputStream:75 - [STDERR_REDIRECT] 	at java.desktop/java.awt.EventDispatchThread.pumpEvents(EventDispatchThread.java:109)
2026-06-01 10:49:53,170 [ERROR] LogOutputStream:75 - [STDERR_REDIRECT] 	at java.desktop/java.awt.EventDispatchThread.pumpEvents(EventDispatchThread.java:101)
2026-06-01 10:49:53,172 [ERROR] LogOutputStream:75 - [STDERR_REDIRECT] 	at java.desktop/java.awt.EventDispatchThread.run(EventDispatchThread.java:90)
2026-06-01 10:50:21,474 [INFO] NvicIntPanel:101 - NVIC parent = com.st.microxplorer.plugins.ip.nvic.MultiNvicIntPanel[,0,0,0x0,invalid,layout=javax.swing.BoxLayout,alignmentX=0.0,alignmentY=0.0,border=,flags=9,maximumSize=,minimumSize=,preferredSize=]
2026-06-01 10:50:23,534 [INFO] NvicIntPanel:101 - NVIC parent = com.st.microxplorer.plugins.ip.nvic.MultiNvicIntPanel[,0,0,0x0,invalid,layout=javax.swing.BoxLayout,alignmentX=0.0,alignmentY=0.0,border=,flags=9,maximumSize=,minimumSize=,preferredSize=]
2026-06-01 10:50:36,087 [INFO] RtosManager:967 - Current active RTOS is FREERTOS [Cortex-M4NS]
2026-06-01 10:50:36,809 [ERROR] RtosPanel:558 - Can not restore the selected Tab for FREERTOS(A reason can be that the tab is no more available.)
2026-06-01 10:50:36,904 [ERROR] RtosPanel:558 - Can not restore the selected Tab for FREERTOS(A reason can be that the tab is no more available.)
2026-06-01 10:51:45,865 [INFO] UtilMem:75 - End SaveConfig() Used Memory: 799784984 Bytes (1073741824)
2026-06-01 10:51:47,878 [INFO] UtilMem:75 - End SaveConfig() Used Memory: 865290048 Bytes (1073741824)
2026-06-01 10:51:49,743 [INFO] UtilMem:75 - End SaveConfig() Used Memory: 1005799232 Bytes (1073741824)
2026-06-01 10:51:53,955 [INFO] BlockDiagram:2775 - set Specific Code input for plugin: FREERTOS
2026-06-01 10:51:53,956 [INFO] BlockDiagram:2775 - set Specific Code input for plugin: SYS
2026-06-01 10:51:53,956 [INFO] BlockDiagram:2775 - set Specific Code input for plugin: RCC
2026-06-01 10:51:53,956 [INFO] BlockDiagram:2775 - set Specific Code input for plugin: NVIC
2026-06-01 10:51:53,956 [INFO] BlockDiagram:2775 - set Specific Code input for plugin: USART
2026-06-01 10:51:53,957 [INFO] BlockDiagram:2775 - set Specific Code input for plugin: GPIO
2026-06-01 10:51:53,958 [INFO] CodeGenerator:882 - code generatio: config db path: C:\ST\STM32CubeIDE_1.18.0\STM32CubeIDE\plugins\com.st.stm32cube.common.mx_6.14.0.202502271554\\db\
2026-06-01 10:51:54,154 [INFO] CodeEngine:263 - oldGeneratedFile, C:\Users\hp\STM32CubeIDE\workspace_1.18.0\51_Queue_Management_FreeRTOS\MXTmpFiles\license.tmp_save
2026-06-01 10:51:54,492 [INFO] CodeEngine:287 - Generated code: C:\Users\hp\STM32CubeIDE\workspace_1.18.0\51_Queue_Management_FreeRTOS\MXTmpFiles\license.tmp
2026-06-01 10:51:54,557 [INFO] CodeEngine:263 - oldGeneratedFile, C:\Users\hp\STM32CubeIDE\workspace_1.18.0\51_Queue_Management_FreeRTOS\MXTmpFiles\gpio.tmp_save
2026-06-01 10:51:54,760 [INFO] CodeEngine:287 - Generated code: C:\Users\hp\STM32CubeIDE\workspace_1.18.0\51_Queue_Management_FreeRTOS\MXTmpFiles\gpio.tmp
2026-06-01 10:51:54,977 [INFO] Middleware:1452 - No code input for Bsp Dependency
2026-06-01 10:51:54,999 [INFO] CodeEngine:263 - oldGeneratedFile, C:\Users\hp\STM32CubeIDE\workspace_1.18.0\51_Queue_Management_FreeRTOS\MXTmpFiles\rtos_inc.tmp_save
2026-06-01 10:51:55,182 [INFO] CodeEngine:287 - Generated code: C:\Users\hp\STM32CubeIDE\workspace_1.18.0\51_Queue_Management_FreeRTOS\MXTmpFiles\rtos_inc.tmp
2026-06-01 10:51:55,194 [INFO] CodeEngine:263 - oldGeneratedFile, C:\Users\hp\STM32CubeIDE\workspace_1.18.0\51_Queue_Management_FreeRTOS\MXTmpFiles\rtos_vars.tmp_save
2026-06-01 10:51:55,329 [INFO] CodeEngine:287 - Generated code: C:\Users\hp\STM32CubeIDE\workspace_1.18.0\51_Queue_Management_FreeRTOS\MXTmpFiles\rtos_vars.tmp
2026-06-01 10:51:55,341 [INFO] CodeEngine:263 - oldGeneratedFile, C:\Users\hp\STM32CubeIDE\workspace_1.18.0\51_Queue_Management_FreeRTOS\MXTmpFiles\rtos_pfp.tmp_save
2026-06-01 10:51:55,465 [INFO] CodeEngine:287 - Generated code: C:\Users\hp\STM32CubeIDE\workspace_1.18.0\51_Queue_Management_FreeRTOS\MXTmpFiles\rtos_pfp.tmp
2026-06-01 10:51:55,479 [INFO] CodeEngine:263 - oldGeneratedFile, C:\Users\hp\STM32CubeIDE\workspace_1.18.0\51_Queue_Management_FreeRTOS\MXTmpFiles\rtos_obj_creat.tmp_save
2026-06-01 10:51:55,698 [INFO] CodeEngine:287 - Generated code: C:\Users\hp\STM32CubeIDE\workspace_1.18.0\51_Queue_Management_FreeRTOS\MXTmpFiles\rtos_obj_creat.tmp
2026-06-01 10:51:55,726 [INFO] CodeEngine:263 - oldGeneratedFile, C:\Users\hp\STM32CubeIDE\workspace_1.18.0\51_Queue_Management_FreeRTOS\MXTmpFiles\rtos_kernelStart.tmp_save
2026-06-01 10:51:55,852 [INFO] CodeEngine:287 - Generated code: C:\Users\hp\STM32CubeIDE\workspace_1.18.0\51_Queue_Management_FreeRTOS\MXTmpFiles\rtos_kernelStart.tmp
2026-06-01 10:51:55,862 [INFO] CodeEngine:263 - oldGeneratedFile, C:\Users\hp\STM32CubeIDE\workspace_1.18.0\51_Queue_Management_FreeRTOS\MXTmpFiles\rtos_default_thread.tmp_save
2026-06-01 10:51:55,989 [INFO] CodeEngine:287 - Generated code: C:\Users\hp\STM32CubeIDE\workspace_1.18.0\51_Queue_Management_FreeRTOS\MXTmpFiles\rtos_default_thread.tmp
2026-06-01 10:51:56,000 [INFO] CodeEngine:263 - oldGeneratedFile, C:\Users\hp\STM32CubeIDE\workspace_1.18.0\51_Queue_Management_FreeRTOS\MXTmpFiles\rtos_threads.tmp_save
2026-06-01 10:51:56,110 [INFO] CodeEngine:287 - Generated code: C:\Users\hp\STM32CubeIDE\workspace_1.18.0\51_Queue_Management_FreeRTOS\MXTmpFiles\rtos_threads.tmp
2026-06-01 10:51:56,145 [INFO] Middleware:1452 - No code input for Bsp Dependency
2026-06-01 10:51:56,172 [INFO] CodeEngine:263 - oldGeneratedFile, C:\Users\hp\STM32CubeIDE\workspace_1.18.0\51_Queue_Management_FreeRTOS\MXTmpFiles\rtos_inc.tmp_save
2026-06-01 10:51:56,328 [INFO] CodeEngine:287 - Generated code: C:\Users\hp\STM32CubeIDE\workspace_1.18.0\51_Queue_Management_FreeRTOS\MXTmpFiles\rtos_inc.tmp
2026-06-01 10:51:56,342 [INFO] CodeEngine:263 - oldGeneratedFile, C:\Users\hp\STM32CubeIDE\workspace_1.18.0\51_Queue_Management_FreeRTOS\MXTmpFiles\rtos_vars.tmp_save
2026-06-01 10:51:56,456 [INFO] CodeEngine:287 - Generated code: C:\Users\hp\STM32CubeIDE\workspace_1.18.0\51_Queue_Management_FreeRTOS\MXTmpFiles\rtos_vars.tmp
2026-06-01 10:51:56,471 [INFO] CodeEngine:263 - oldGeneratedFile, C:\Users\hp\STM32CubeIDE\workspace_1.18.0\51_Queue_Management_FreeRTOS\MXTmpFiles\rtos_pfp.tmp_save
2026-06-01 10:51:56,602 [INFO] CodeEngine:287 - Generated code: C:\Users\hp\STM32CubeIDE\workspace_1.18.0\51_Queue_Management_FreeRTOS\MXTmpFiles\rtos_pfp.tmp
2026-06-01 10:51:56,631 [INFO] CodeEngine:263 - oldGeneratedFile, C:\Users\hp\STM32CubeIDE\workspace_1.18.0\51_Queue_Management_FreeRTOS\MXTmpFiles\rtos_obj_creat.tmp_save
2026-06-01 10:51:56,754 [INFO] CodeEngine:287 - Generated code: C:\Users\hp\STM32CubeIDE\workspace_1.18.0\51_Queue_Management_FreeRTOS\MXTmpFiles\rtos_obj_creat.tmp
2026-06-01 10:51:56,768 [INFO] CodeEngine:263 - oldGeneratedFile, C:\Users\hp\STM32CubeIDE\workspace_1.18.0\51_Queue_Management_FreeRTOS\MXTmpFiles\rtos_kernelStart.tmp_save
2026-06-01 10:51:56,875 [INFO] CodeEngine:287 - Generated code: C:\Users\hp\STM32CubeIDE\workspace_1.18.0\51_Queue_Management_FreeRTOS\MXTmpFiles\rtos_kernelStart.tmp
2026-06-01 10:51:56,889 [INFO] CodeEngine:263 - oldGeneratedFile, C:\Users\hp\STM32CubeIDE\workspace_1.18.0\51_Queue_Management_FreeRTOS\MXTmpFiles\rtos_default_thread.tmp_save
2026-06-01 10:51:57,009 [INFO] CodeEngine:287 - Generated code: C:\Users\hp\STM32CubeIDE\workspace_1.18.0\51_Queue_Management_FreeRTOS\MXTmpFiles\rtos_default_thread.tmp
2026-06-01 10:51:57,024 [INFO] CodeEngine:263 - oldGeneratedFile, C:\Users\hp\STM32CubeIDE\workspace_1.18.0\51_Queue_Management_FreeRTOS\MXTmpFiles\rtos_threads.tmp_save
2026-06-01 10:51:57,183 [INFO] CodeEngine:287 - Generated code: C:\Users\hp\STM32CubeIDE\workspace_1.18.0\51_Queue_Management_FreeRTOS\MXTmpFiles\rtos_threads.tmp
2026-06-01 10:51:57,195 [INFO] CodeEngine:263 - oldGeneratedFile, C:\Users\hp\STM32CubeIDE\workspace_1.18.0\51_Queue_Management_FreeRTOS\Core\Inc\FreeRTOSConfig.h_save
2026-06-01 10:51:57,441 [INFO] CodeEngine:287 - Generated code: C:\Users\hp\STM32CubeIDE\workspace_1.18.0\51_Queue_Management_FreeRTOS\Core\Inc\FreeRTOSConfig.h
2026-06-01 10:51:57,453 [INFO] CodeEngine:263 - oldGeneratedFile, C:\Users\hp\STM32CubeIDE\workspace_1.18.0\51_Queue_Management_FreeRTOS\Core\Src\freertos.c_save
2026-06-01 10:51:57,596 [INFO] CodeEngine:287 - Generated code: C:\Users\hp\STM32CubeIDE\workspace_1.18.0\51_Queue_Management_FreeRTOS\Core\Src\freertos.c
2026-06-01 10:51:57,658 [INFO] CodeEngine:263 - oldGeneratedFile, C:\Users\hp\STM32CubeIDE\workspace_1.18.0\51_Queue_Management_FreeRTOS\Core\Src\stm32f4xx_it.c_save
2026-06-01 10:51:57,837 [INFO] CodeEngine:287 - Generated code: C:\Users\hp\STM32CubeIDE\workspace_1.18.0\51_Queue_Management_FreeRTOS\Core\Src\stm32f4xx_it.c
2026-06-01 10:51:57,852 [INFO] CodeEngine:263 - oldGeneratedFile, C:\Users\hp\STM32CubeIDE\workspace_1.18.0\51_Queue_Management_FreeRTOS\Core\Inc\stm32f4xx_it.h_save
2026-06-01 10:51:57,966 [INFO] CodeEngine:287 - Generated code: C:\Users\hp\STM32CubeIDE\workspace_1.18.0\51_Queue_Management_FreeRTOS\Core\Inc\stm32f4xx_it.h
2026-06-01 10:51:58,030 [INFO] CodeEngine:263 - oldGeneratedFile, C:\Users\hp\STM32CubeIDE\workspace_1.18.0\51_Queue_Management_FreeRTOS\Core\Src\stm32f4xx_hal_msp.c_save
2026-06-01 10:51:58,261 [INFO] CodeEngine:287 - Generated code: C:\Users\hp\STM32CubeIDE\workspace_1.18.0\51_Queue_Management_FreeRTOS\Core\Src\stm32f4xx_hal_msp.c
2026-06-01 10:51:58,274 [INFO] CodeEngine:263 - oldGeneratedFile, C:\Users\hp\STM32CubeIDE\workspace_1.18.0\51_Queue_Management_FreeRTOS\MXTmpFiles\system.tmp_save
2026-06-01 10:51:58,383 [INFO] CodeEngine:287 - Generated code: C:\Users\hp\STM32CubeIDE\workspace_1.18.0\51_Queue_Management_FreeRTOS\MXTmpFiles\system.tmp
2026-06-01 10:51:58,432 [INFO] CodeEngine:319 - oldGeneratedFile, C:\Users\hp\STM32CubeIDE\workspace_1.18.0\51_Queue_Management_FreeRTOS\Core\Inc\stm32f4xx_hal_conf.h_save
2026-06-01 10:51:58,605 [INFO] CodeEngine:343 - Generated code: C:\Users\hp\STM32CubeIDE\workspace_1.18.0\51_Queue_Management_FreeRTOS\Core\Inc\stm32f4xx_hal_conf.h
2026-06-01 10:51:58,681 [INFO] ApiDbMcu:508 - Load IP Config File for USART2
2026-06-01 10:51:58,723 [INFO] CodeEngine:263 - oldGeneratedFile, C:\Users\hp\STM32CubeIDE\workspace_1.18.0\51_Queue_Management_FreeRTOS\Core\Inc\main.h_save
2026-06-01 10:51:58,851 [INFO] CodeEngine:287 - Generated code: C:\Users\hp\STM32CubeIDE\workspace_1.18.0\51_Queue_Management_FreeRTOS\Core\Inc\main.h
2026-06-01 10:51:58,883 [INFO] CodeEngine:263 - oldGeneratedFile, C:\Users\hp\STM32CubeIDE\workspace_1.18.0\51_Queue_Management_FreeRTOS\Core\Src\main.c_save
2026-06-01 10:51:59,130 [INFO] CodeEngine:287 - Generated code: C:\Users\hp\STM32CubeIDE\workspace_1.18.0\51_Queue_Management_FreeRTOS\Core\Src\main.c
2026-06-01 10:51:59,973 [INFO] ProjectBuilder:3324 - Time for Copy HAL[1] : 516mS.
2026-06-01 10:51:59,981 [INFO] ProjectBuilder:4912 - Project Generator version: 4.6.0-B36
2026-06-01 10:52:00,107 [INFO] ConfigFileManager:1590 - The Die is : DIE413
2026-06-01 10:52:02,665 [INFO] ProjectBuilder:5191 - Time for Generating toolchain IDE Files: 2683mS.
2026-06-01 10:52:02,666 [INFO] ProjectBuilder:3181 - Time for Copy CMSIS : 1mS.
2026-06-01 10:52:02,688 [INFO] ProjectBuilder:3181 - Time for Copy CMSIS : 0mS.
2026-06-01 11:31:15,914 [INFO] WebApp:194 - Connection lost
2026-06-01 11:31:16,793 [INFO] WebApp:191 - Connection restablished
2026-06-01 11:33:06,406 [INFO] WebApp:194 - Connection lost
2026-06-01 11:33:06,800 [INFO] WebApp:191 - Connection restablished
2026-06-01 11:40:18,995 [INFO] NvicIntPanel:101 - NVIC parent = com.st.microxplorer.plugins.ip.nvic.MultiNvicIntPanel[,0,0,0x0,invalid,layout=javax.swing.BoxLayout,alignmentX=0.0,alignmentY=0.0,border=,flags=9,maximumSize=,minimumSize=,preferredSize=]
2026-06-01 11:40:21,998 [INFO] NvicIntPanel:101 - NVIC parent = com.st.microxplorer.plugins.ip.nvic.MultiNvicIntPanel[,0,0,0x0,invalid,layout=javax.swing.BoxLayout,alignmentX=0.0,alignmentY=0.0,border=,flags=9,maximumSize=,minimumSize=,preferredSize=]
2026-06-01 11:40:23,776 [INFO] UtilMem:75 - End SaveConfig() Used Memory: 757916384 Bytes (1073741824)
2026-06-01 11:40:26,088 [INFO] UtilMem:75 - End SaveConfig() Used Memory: 786227936 Bytes (1073741824)
2026-06-01 11:40:27,664 [INFO] UtilMem:75 - End SaveConfig() Used Memory: 882170592 Bytes (1073741824)
2026-06-01 11:40:30,674 [INFO] BlockDiagram:2775 - set Specific Code input for plugin: FREERTOS
2026-06-01 11:40:30,675 [INFO] BlockDiagram:2775 - set Specific Code input for plugin: SYS
2026-06-01 11:40:30,675 [INFO] BlockDiagram:2775 - set Specific Code input for plugin: RCC
2026-06-01 11:40:30,676 [INFO] BlockDiagram:2775 - set Specific Code input for plugin: NVIC
2026-06-01 11:40:30,676 [INFO] BlockDiagram:2775 - set Specific Code input for plugin: USART
2026-06-01 11:40:30,678 [INFO] BlockDiagram:2775 - set Specific Code input for plugin: GPIO
2026-06-01 11:40:30,684 [INFO] CodeGenerator:882 - code generatio: config db path: C:\ST\STM32CubeIDE_1.18.0\STM32CubeIDE\plugins\com.st.stm32cube.common.mx_6.14.0.202502271554\\db\
2026-06-01 11:40:31,075 [INFO] CodeEngine:263 - oldGeneratedFile, C:\Users\hp\STM32CubeIDE\workspace_1.18.0\51_Queue_Management_FreeRTOS\MXTmpFiles\license.tmp_save
2026-06-01 11:40:31,805 [INFO] CodeEngine:287 - Generated code: C:\Users\hp\STM32CubeIDE\workspace_1.18.0\51_Queue_Management_FreeRTOS\MXTmpFiles\license.tmp
2026-06-01 11:40:31,925 [INFO] CodeEngine:263 - oldGeneratedFile, C:\Users\hp\STM32CubeIDE\workspace_1.18.0\51_Queue_Management_FreeRTOS\MXTmpFiles\gpio.tmp_save
2026-06-01 11:40:32,420 [INFO] CodeEngine:287 - Generated code: C:\Users\hp\STM32CubeIDE\workspace_1.18.0\51_Queue_Management_FreeRTOS\MXTmpFiles\gpio.tmp
2026-06-01 11:40:32,886 [INFO] Middleware:1452 - No code input for Bsp Dependency
2026-06-01 11:40:32,931 [INFO] CodeEngine:263 - oldGeneratedFile, C:\Users\hp\STM32CubeIDE\workspace_1.18.0\51_Queue_Management_FreeRTOS\MXTmpFiles\rtos_inc.tmp_save
2026-06-01 11:40:33,287 [INFO] CodeEngine:287 - Generated code: C:\Users\hp\STM32CubeIDE\workspace_1.18.0\51_Queue_Management_FreeRTOS\MXTmpFiles\rtos_inc.tmp
2026-06-01 11:40:33,298 [INFO] CodeEngine:263 - oldGeneratedFile, C:\Users\hp\STM32CubeIDE\workspace_1.18.0\51_Queue_Management_FreeRTOS\MXTmpFiles\rtos_vars.tmp_save
2026-06-01 11:40:33,590 [INFO] CodeEngine:287 - Generated code: C:\Users\hp\STM32CubeIDE\workspace_1.18.0\51_Queue_Management_FreeRTOS\MXTmpFiles\rtos_vars.tmp
2026-06-01 11:40:33,605 [INFO] CodeEngine:263 - oldGeneratedFile, C:\Users\hp\STM32CubeIDE\workspace_1.18.0\51_Queue_Management_FreeRTOS\MXTmpFiles\rtos_pfp.tmp_save
2026-06-01 11:40:33,860 [INFO] CodeEngine:287 - Generated code: C:\Users\hp\STM32CubeIDE\workspace_1.18.0\51_Queue_Management_FreeRTOS\MXTmpFiles\rtos_pfp.tmp
2026-06-01 11:40:33,880 [INFO] CodeEngine:263 - oldGeneratedFile, C:\Users\hp\STM32CubeIDE\workspace_1.18.0\51_Queue_Management_FreeRTOS\MXTmpFiles\rtos_obj_creat.tmp_save
2026-06-01 11:40:34,129 [INFO] CodeEngine:287 - Generated code: C:\Users\hp\STM32CubeIDE\workspace_1.18.0\51_Queue_Management_FreeRTOS\MXTmpFiles\rtos_obj_creat.tmp
2026-06-01 11:40:34,142 [INFO] CodeEngine:263 - oldGeneratedFile, C:\Users\hp\STM32CubeIDE\workspace_1.18.0\51_Queue_Management_FreeRTOS\MXTmpFiles\rtos_kernelStart.tmp_save
2026-06-01 11:40:34,312 [INFO] CodeEngine:287 - Generated code: C:\Users\hp\STM32CubeIDE\workspace_1.18.0\51_Queue_Management_FreeRTOS\MXTmpFiles\rtos_kernelStart.tmp
2026-06-01 11:40:34,331 [INFO] CodeEngine:263 - oldGeneratedFile, C:\Users\hp\STM32CubeIDE\workspace_1.18.0\51_Queue_Management_FreeRTOS\MXTmpFiles\rtos_default_thread.tmp_save
2026-06-01 11:40:34,534 [INFO] CodeEngine:287 - Generated code: C:\Users\hp\STM32CubeIDE\workspace_1.18.0\51_Queue_Management_FreeRTOS\MXTmpFiles\rtos_default_thread.tmp
2026-06-01 11:40:34,553 [INFO] CodeEngine:263 - oldGeneratedFile, C:\Users\hp\STM32CubeIDE\workspace_1.18.0\51_Queue_Management_FreeRTOS\MXTmpFiles\rtos_threads.tmp_save
2026-06-01 11:40:34,710 [INFO] CodeEngine:287 - Generated code: C:\Users\hp\STM32CubeIDE\workspace_1.18.0\51_Queue_Management_FreeRTOS\MXTmpFiles\rtos_threads.tmp
2026-06-01 11:40:34,775 [INFO] Middleware:1452 - No code input for Bsp Dependency
2026-06-01 11:40:34,813 [INFO] CodeEngine:263 - oldGeneratedFile, C:\Users\hp\STM32CubeIDE\workspace_1.18.0\51_Queue_Management_FreeRTOS\MXTmpFiles\rtos_inc.tmp_save
2026-06-01 11:40:35,028 [INFO] CodeEngine:287 - Generated code: C:\Users\hp\STM32CubeIDE\workspace_1.18.0\51_Queue_Management_FreeRTOS\MXTmpFiles\rtos_inc.tmp
2026-06-01 11:40:35,047 [INFO] CodeEngine:263 - oldGeneratedFile, C:\Users\hp\STM32CubeIDE\workspace_1.18.0\51_Queue_Management_FreeRTOS\MXTmpFiles\rtos_vars.tmp_save
2026-06-01 11:40:35,211 [INFO] CodeEngine:287 - Generated code: C:\Users\hp\STM32CubeIDE\workspace_1.18.0\51_Queue_Management_FreeRTOS\MXTmpFiles\rtos_vars.tmp
2026-06-01 11:40:35,232 [INFO] CodeEngine:263 - oldGeneratedFile, C:\Users\hp\STM32CubeIDE\workspace_1.18.0\51_Queue_Management_FreeRTOS\MXTmpFiles\rtos_pfp.tmp_save
2026-06-01 11:40:35,394 [INFO] CodeEngine:287 - Generated code: C:\Users\hp\STM32CubeIDE\workspace_1.18.0\51_Queue_Management_FreeRTOS\MXTmpFiles\rtos_pfp.tmp
2026-06-01 11:40:35,450 [INFO] CodeEngine:263 - oldGeneratedFile, C:\Users\hp\STM32CubeIDE\workspace_1.18.0\51_Queue_Management_FreeRTOS\MXTmpFiles\rtos_obj_creat.tmp_save
2026-06-01 11:40:35,623 [INFO] CodeEngine:287 - Generated code: C:\Users\hp\STM32CubeIDE\workspace_1.18.0\51_Queue_Management_FreeRTOS\MXTmpFiles\rtos_obj_creat.tmp
2026-06-01 11:40:35,647 [INFO] CodeEngine:263 - oldGeneratedFile, C:\Users\hp\STM32CubeIDE\workspace_1.18.0\51_Queue_Management_FreeRTOS\MXTmpFiles\rtos_kernelStart.tmp_save
2026-06-01 11:40:35,818 [INFO] CodeEngine:287 - Generated code: C:\Users\hp\STM32CubeIDE\workspace_1.18.0\51_Queue_Management_FreeRTOS\MXTmpFiles\rtos_kernelStart.tmp
2026-06-01 11:40:35,837 [INFO] CodeEngine:263 - oldGeneratedFile, C:\Users\hp\STM32CubeIDE\workspace_1.18.0\51_Queue_Management_FreeRTOS\MXTmpFiles\rtos_default_thread.tmp_save
2026-06-01 11:40:35,983 [INFO] CodeEngine:287 - Generated code: C:\Users\hp\STM32CubeIDE\workspace_1.18.0\51_Queue_Management_FreeRTOS\MXTmpFiles\rtos_default_thread.tmp
2026-06-01 11:40:36,000 [INFO] CodeEngine:263 - oldGeneratedFile, C:\Users\hp\STM32CubeIDE\workspace_1.18.0\51_Queue_Management_FreeRTOS\MXTmpFiles\rtos_threads.tmp_save
2026-06-01 11:40:36,137 [INFO] CodeEngine:287 - Generated code: C:\Users\hp\STM32CubeIDE\workspace_1.18.0\51_Queue_Management_FreeRTOS\MXTmpFiles\rtos_threads.tmp
2026-06-01 11:40:36,195 [INFO] CodeEngine:263 - oldGeneratedFile, C:\Users\hp\STM32CubeIDE\workspace_1.18.0\51_Queue_Management_FreeRTOS\Core\Inc\FreeRTOSConfig.h_save
2026-06-01 11:40:36,367 [INFO] CodeEngine:287 - Generated code: C:\Users\hp\STM32CubeIDE\workspace_1.18.0\51_Queue_Management_FreeRTOS\Core\Inc\FreeRTOSConfig.h
2026-06-01 11:40:36,426 [INFO] CodeEngine:263 - oldGeneratedFile, C:\Users\hp\STM32CubeIDE\workspace_1.18.0\51_Queue_Management_FreeRTOS\Core\Src\freertos.c_save
2026-06-01 11:40:36,636 [INFO] CodeEngine:287 - Generated code: C:\Users\hp\STM32CubeIDE\workspace_1.18.0\51_Queue_Management_FreeRTOS\Core\Src\freertos.c
2026-06-01 11:40:36,741 [INFO] CodeEngine:263 - oldGeneratedFile, C:\Users\hp\STM32CubeIDE\workspace_1.18.0\51_Queue_Management_FreeRTOS\Core\Src\stm32f4xx_it.c_save
2026-06-01 11:40:37,191 [INFO] CodeEngine:287 - Generated code: C:\Users\hp\STM32CubeIDE\workspace_1.18.0\51_Queue_Management_FreeRTOS\Core\Src\stm32f4xx_it.c
2026-06-01 11:40:37,211 [INFO] CodeEngine:263 - oldGeneratedFile, C:\Users\hp\STM32CubeIDE\workspace_1.18.0\51_Queue_Management_FreeRTOS\Core\Inc\stm32f4xx_it.h_save
2026-06-01 11:40:37,361 [INFO] CodeEngine:287 - Generated code: C:\Users\hp\STM32CubeIDE\workspace_1.18.0\51_Queue_Management_FreeRTOS\Core\Inc\stm32f4xx_it.h
2026-06-01 11:40:37,430 [INFO] CodeEngine:263 - oldGeneratedFile, C:\Users\hp\STM32CubeIDE\workspace_1.18.0\51_Queue_Management_FreeRTOS\Core\Src\stm32f4xx_hal_msp.c_save
2026-06-01 11:40:37,728 [INFO] CodeEngine:287 - Generated code: C:\Users\hp\STM32CubeIDE\workspace_1.18.0\51_Queue_Management_FreeRTOS\Core\Src\stm32f4xx_hal_msp.c
2026-06-01 11:40:37,744 [INFO] CodeEngine:263 - oldGeneratedFile, C:\Users\hp\STM32CubeIDE\workspace_1.18.0\51_Queue_Management_FreeRTOS\MXTmpFiles\system.tmp_save
2026-06-01 11:40:37,895 [INFO] CodeEngine:287 - Generated code: C:\Users\hp\STM32CubeIDE\workspace_1.18.0\51_Queue_Management_FreeRTOS\MXTmpFiles\system.tmp
2026-06-01 11:40:37,958 [INFO] CodeEngine:319 - oldGeneratedFile, C:\Users\hp\STM32CubeIDE\workspace_1.18.0\51_Queue_Management_FreeRTOS\Core\Inc\stm32f4xx_hal_conf.h_save
2026-06-01 11:40:38,189 [INFO] CodeEngine:343 - Generated code: C:\Users\hp\STM32CubeIDE\workspace_1.18.0\51_Queue_Management_FreeRTOS\Core\Inc\stm32f4xx_hal_conf.h
2026-06-01 11:40:38,374 [INFO] CodeEngine:263 - oldGeneratedFile, C:\Users\hp\STM32CubeIDE\workspace_1.18.0\51_Queue_Management_FreeRTOS\Core\Inc\main.h_save
2026-06-01 11:40:38,626 [INFO] CodeEngine:287 - Generated code: C:\Users\hp\STM32CubeIDE\workspace_1.18.0\51_Queue_Management_FreeRTOS\Core\Inc\main.h
2026-06-01 11:40:38,696 [INFO] CodeEngine:263 - oldGeneratedFile, C:\Users\hp\STM32CubeIDE\workspace_1.18.0\51_Queue_Management_FreeRTOS\Core\Src\main.c_save
2026-06-01 11:40:39,102 [INFO] CodeEngine:287 - Generated code: C:\Users\hp\STM32CubeIDE\workspace_1.18.0\51_Queue_Management_FreeRTOS\Core\Src\main.c
2026-06-01 11:40:40,541 [INFO] ProjectBuilder:3324 - Time for Copy HAL[1] : 870mS.
2026-06-01 11:40:40,552 [INFO] ProjectBuilder:4912 - Project Generator version: 4.6.0-B36
2026-06-01 11:40:40,826 [INFO] ConfigFileManager:1590 - The Die is : DIE413
2026-06-01 11:40:43,828 [INFO] ProjectBuilder:5191 - Time for Generating toolchain IDE Files: 3276mS.
2026-06-01 11:40:43,830 [INFO] ProjectBuilder:3181 - Time for Copy CMSIS : 1mS.
2026-06-01 11:40:43,856 [INFO] ProjectBuilder:3181 - Time for Copy CMSIS : 0mS.
2026-06-01 12:33:11,564 [INFO] WebApp:194 - Connection lost
2026-06-01 12:33:12,613 [INFO] WebApp:191 - Connection restablished
2026-06-01 12:41:41,506 [ERROR] LogOutputStream:75 - [STDERR_REDIRECT] 
