2026-05-07 14:09:39,379 [INFO] Activator:176 - 


2026-05-07 14:09:39,405 [INFO] Activator:177 - !SESSION log4j initialized
2026-05-07 14:09:50,563 [INFO] LogOutputStream:77 - [STDOUT_REDIRECT] 
2026-05-07 14:09:58,099 [INFO] ApplicationProperties:184 - Using Application install path: C:\ST\STM32CubeIDE_1.18.0\STM32CubeIDE\plugins\com.st.stm32cube.common.mx_6.14.0.202502271554
2026-05-07 14:09:58,187 [INFO] DbMcusXml:78 - Set database path to: C:\ST\STM32CubeIDE_1.18.0\STM32CubeIDE\plugins\com.st.stm32cube.common.mx_6.14.0.202502271554\\db\/mcu/
2026-05-07 14:09:58,187 [INFO] ApiDb:274 - Set plugin database path to: C:\ST\STM32CubeIDE_1.18.0\STM32CubeIDE\plugins\com.st.stm32cube.common.mx_6.14.0.202502271554\\db\/plugins/boardmanager/
2026-05-07 14:09:58,187 [WARN] ApiDb:259 - Overriding images path with different value:  => C:\ST\STM32CubeIDE_1.18.0\STM32CubeIDE\plugins\com.st.stm32cube.common.mx_6.14.0.202502271554\\db\/plugins/mcufinder/images/
2026-05-07 14:09:58,229 [INFO] ApiDb:250 - Set database path to: C:\Users\hp\.stmcufinder\plugins\mcufinder//mcu/
2026-05-07 14:09:58,234 [INFO] DbMcusAds:125 - Set database path to: C:\Users\hp\.stmcufinder\plugins\mcufinder//mcu/
2026-05-07 14:09:58,244 [INFO] CrossReferenceDbSqlite:203 - Set database path to: C:\Users\hp\.stmcufinder\plugins\mcufinder//mcu/cs/
2026-05-07 14:09:58,772 [INFO] RulesReader:64 - Compatibility file has been processed (301 Rules)
2026-05-07 14:09:59,146 [INFO] DbMcusXml:78 - Set database path to: C:\ST\STM32CubeIDE_1.18.0\STM32CubeIDE\plugins\com.st.stm32cube.common.mx_6.14.0.202502271554\\db\/mcu/
2026-05-07 14:09:59,148 [INFO] ApiDb:274 - Set plugin database path to: C:\ST\STM32CubeIDE_1.18.0\STM32CubeIDE\plugins\com.st.stm32cube.common.mx_6.14.0.202502271554\\db\/plugins/boardmanager/
2026-05-07 14:09:59,148 [INFO] ApiDb:261 - Set plugin images path to: C:\ST\STM32CubeIDE_1.18.0\STM32CubeIDE\plugins\com.st.stm32cube.common.mx_6.14.0.202502271554\\db\/plugins/mcufinder/images/
2026-05-07 14:09:59,153 [WARN] DbFile:41 - Overriding database path with different value: C:\Users\hp\.stmcufinder\plugins\mcufinder/ => C:\Users\hp\.stmcufinder\plugins\mcufinder
2026-05-07 14:09:59,156 [INFO] ApiDb:250 - Set database path to: C:\Users\hp\.stmcufinder\plugins\mcufinder//mcu/
2026-05-07 14:09:59,156 [WARN] DbFile:41 - Overriding database path with different value: C:\Users\hp\.stmcufinder\plugins\mcufinder/ => C:\Users\hp\.stmcufinder\plugins\mcufinder
2026-05-07 14:09:59,156 [INFO] DbMcusAds:125 - Set database path to: C:\Users\hp\.stmcufinder\plugins\mcufinder//mcu/
2026-05-07 14:09:59,156 [WARN] DbFile:41 - Overriding database path with different value: C:\Users\hp\.stmcufinder\plugins\mcufinder/ => C:\Users\hp\.stmcufinder\plugins\mcufinder
2026-05-07 14:09:59,156 [WARN] DbFile:41 - Overriding database path with different value: C:\Users\hp\.stmcufinder\plugins\mcufinder/ => C:\Users\hp\.stmcufinder\plugins\mcufinder
2026-05-07 14:09:59,161 [INFO] CrossReferenceDbSqlite:203 - Set database path to: C:\Users\hp\.stmcufinder\plugins\mcufinder//mcu/cs/
2026-05-07 14:09:59,738 [INFO] MainPanel:272 - HeapMemory: 268435456
2026-05-07 14:10:00,198 [INFO] DbMcusXml:78 - Set database path to: C:\ST\STM32CubeIDE_1.18.0\STM32CubeIDE\plugins\com.st.stm32cube.common.mx_6.14.0.202502271554\\db\/mcu/
2026-05-07 14:10:00,198 [INFO] ApiDb:274 - Set plugin database path to: C:\ST\STM32CubeIDE_1.18.0\STM32CubeIDE\plugins\com.st.stm32cube.common.mx_6.14.0.202502271554\\db\/plugins/boardmanager/
2026-05-07 14:10:00,198 [INFO] ApiDb:261 - Set plugin images path to: C:\ST\STM32CubeIDE_1.18.0\STM32CubeIDE\plugins\com.st.stm32cube.common.mx_6.14.0.202502271554\\db\/plugins/mcufinder/images/
2026-05-07 14:10:00,198 [WARN] DbFile:41 - Overriding database path with different value: C:\Users\hp\.stmcufinder\plugins\mcufinder/ => C:\Users\hp\.stmcufinder\plugins\mcufinder
2026-05-07 14:10:00,198 [INFO] ApiDb:250 - Set database path to: C:\Users\hp\.stmcufinder\plugins\mcufinder//mcu/
2026-05-07 14:10:00,203 [WARN] DbFile:41 - Overriding database path with different value: C:\Users\hp\.stmcufinder\plugins\mcufinder/ => C:\Users\hp\.stmcufinder\plugins\mcufinder
2026-05-07 14:10:00,204 [INFO] DbMcusAds:125 - Set database path to: C:\Users\hp\.stmcufinder\plugins\mcufinder//mcu/
2026-05-07 14:10:00,204 [WARN] DbFile:41 - Overriding database path with different value: C:\Users\hp\.stmcufinder\plugins\mcufinder/ => C:\Users\hp\.stmcufinder\plugins\mcufinder
2026-05-07 14:10:00,204 [WARN] DbFile:41 - Overriding database path with different value: C:\Users\hp\.stmcufinder\plugins\mcufinder/ => C:\Users\hp\.stmcufinder\plugins\mcufinder
2026-05-07 14:10:00,204 [INFO] CrossReferenceDbSqlite:203 - Set database path to: C:\Users\hp\.stmcufinder\plugins\mcufinder//mcu/cs/
2026-05-07 14:10:00,292 [INFO] ApplicationProperties:184 - Using Application install path: C:\ST\STM32CubeIDE_1.18.0\STM32CubeIDE\plugins\com.st.stm32cube.common.mx_6.14.0.202502271554
2026-05-07 14:10:00,297 [INFO] PluginManage:196 - Search for loadable plugins [exclusion list=, ]
2026-05-07 14:10:00,304 [INFO] PluginManage:310 - Check plugin analytics
2026-05-07 14:10:01,047 [INFO] AnalyticsPlugin:253 - Accepted Software Licenses: 
2026-05-07 14:10:01,047 [INFO] AnalyticsPlugin:255 - Accepted CMSIS Pack Licenses: 
2026-05-07 14:10:01,047 [INFO] AnalyticsPlugin:257 - Accepted Firmware Licenses: 
2026-05-07 14:10:01,057 [INFO] PluginManage:359 - Loaded plugin analytics (category:tool,tabindex:-1)
2026-05-07 14:10:01,057 [INFO] PluginManage:310 - Check plugin cadmodel
2026-05-07 14:10:01,080 [INFO] CADModel:105 - Init CAD model plugin
2026-05-07 14:10:01,080 [INFO] PluginManage:359 - Loaded plugin cadmodel (category:power,tabindex:5)
2026-05-07 14:10:01,080 [INFO] PluginManage:310 - Check plugin clock
2026-05-07 14:10:01,119 [INFO] PluginManage:359 - Loaded plugin clock (category:base,tabindex:2)
2026-05-07 14:10:01,119 [INFO] PluginManage:310 - Check plugin ddr
2026-05-07 14:10:01,128 [INFO] PluginManage:359 - Loaded plugin ddr (category:tool,tabindex:6)
2026-05-07 14:10:01,128 [INFO] PluginManage:310 - Check plugin filemanager
2026-05-07 14:10:01,751 [INFO] PluginManage:359 - Loaded plugin filemanager (category:base,tabindex:10)
2026-05-07 14:10:01,751 [INFO] PluginManage:310 - Check plugin ipmanager
2026-05-07 14:10:01,785 [INFO] PluginManage:359 - Loaded plugin ipmanager (category:base,tabindex:5)
2026-05-07 14:10:01,785 [INFO] PluginManage:310 - Check plugin lpbam
2026-05-07 14:10:01,818 [INFO] PluginManage:359 - Loaded plugin lpbam (category:base,tabindex:0)
2026-05-07 14:10:01,818 [INFO] PluginManage:310 - Check plugin memorymap
2026-05-07 14:10:01,889 [INFO] PluginManage:359 - Loaded plugin memorymap (category:base,tabindex:4)
2026-05-07 14:10:01,890 [INFO] PluginManage:310 - Check plugin pinoutandconfiguration
2026-05-07 14:10:01,936 [INFO] PluginManage:359 - Loaded plugin pinoutandconfiguration (category:base,tabindex:1)
2026-05-07 14:10:01,939 [INFO] PluginManage:310 - Check plugin pinoutconfig
2026-05-07 14:10:02,275 [WARN] SupportedApi:132 - Cannot load RTOS API schema: s4s-elt-must-match.1: The content of 'definitions' must match (annotation?, (simpleType | complexType)?, (unique | key | keyref)*)). A problem was found starting at: attribute.
2026-05-07 14:10:02,667 [INFO] PluginManage:359 - Loaded plugin pinoutconfig (category:base,tabindex:0)
2026-05-07 14:10:02,667 [INFO] PluginManage:310 - Check plugin power
2026-05-07 14:10:02,697 [INFO] PluginManage:359 - Loaded plugin power (category:power,tabindex:4)
2026-05-07 14:10:02,697 [INFO] PluginManage:310 - Check plugin projectmanager
2026-05-07 14:10:02,729 [INFO] PluginManage:359 - Loaded plugin projectmanager (category:projectmanager,tabindex:4)
2026-05-07 14:10:02,729 [INFO] PluginManage:310 - Check plugin rif
2026-05-07 14:10:02,749 [INFO] PluginManage:359 - Loaded plugin rif (category:base,tabindex:3)
2026-05-07 14:10:02,749 [INFO] PluginManage:310 - Check plugin thirdparty
2026-05-07 14:10:03,077 [INFO] PluginManage:359 - Loaded plugin thirdparty (category:base,tabindex:-1)
2026-05-07 14:10:03,077 [WARN] IntegrityCheckThread:84 - waiting for thirdparty lock release [integrity check]
2026-05-07 14:10:03,077 [INFO] PluginManage:310 - Check plugin tools
2026-05-07 14:10:03,077 [INFO] IntegrityCheckThread:86 - entering critical section [integrity check]
2026-05-07 14:10:03,080 [INFO] ThirdPartyUpdaterWithRetryManager:70 - Updater plugin not ready yet. [1/15]
2026-05-07 14:10:03,086 [INFO] PluginManage:359 - Loaded plugin tools (category:base,tabindex:7)
2026-05-07 14:10:03,086 [INFO] PluginManage:310 - Check plugin tutovideos
2026-05-07 14:10:03,570 [INFO] PluginManage:359 - Loaded plugin tutovideos (category:base,tabindex:-1)
2026-05-07 14:10:03,570 [INFO] PluginManage:310 - Check plugin updater
2026-05-07 14:10:03,620 [INFO] PluginManage:359 - Loaded plugin updater (category:base,tabindex:12)
2026-05-07 14:10:03,620 [INFO] PluginManage:310 - Check plugin userauth
2026-05-07 14:10:03,629 [INFO] UserAuth:118 - Init User Auth plugin
2026-05-07 14:10:03,635 [INFO] PluginManage:359 - Loaded plugin userauth (category:base,tabindex:14)
2026-05-07 14:10:03,635 [INFO] PluginManage:283 - PluginManage : Loaded plugins [18]
2026-05-07 14:10:04,265 [INFO] PinOutPanel:1589 - setPackage(No Configuration,No Configuration)
2026-05-07 14:10:04,607 [INFO] CADModel:165 - CPN selected for project level
2026-05-07 14:10:04,607 [INFO] CADModel:114 - Register for checkConnection events
2026-05-07 14:10:04,659 [INFO] IPUIPlugin:80 - create IPUIPlugin
2026-05-07 14:10:04,659 [INFO] PluginManager:220 - loadIPPluginJar : add adc
2026-05-07 14:10:04,672 [INFO] IPUIPlugin:80 - create IPUIPlugin
2026-05-07 14:10:04,675 [INFO] PluginManager:220 - loadIPPluginJar : add aes
2026-05-07 14:10:04,685 [INFO] IPUIPlugin:80 - create IPUIPlugin
2026-05-07 14:10:04,685 [INFO] PluginManager:220 - loadIPPluginJar : add can
2026-05-07 14:10:04,689 [INFO] IPUIPlugin:80 - create IPUIPlugin
2026-05-07 14:10:04,689 [INFO] PluginManager:220 - loadIPPluginJar : add comp
2026-05-07 14:10:04,699 [INFO] IPUIPlugin:80 - create IPUIPlugin
2026-05-07 14:10:04,699 [INFO] PluginManager:220 - loadIPPluginJar : add cryp
2026-05-07 14:10:04,715 [INFO] IPUIPlugin:80 - create IPUIPlugin
2026-05-07 14:10:04,715 [INFO] PluginManager:220 - loadIPPluginJar : add ddr_ctrl_phy
2026-05-07 14:10:04,725 [INFO] IPUIPlugin:80 - create IPUIPlugin
2026-05-07 14:10:04,725 [INFO] PluginManager:220 - loadIPPluginJar : add dfsdm
2026-05-07 14:10:04,737 [INFO] IPUIPlugin:80 - create IPUIPlugin
2026-05-07 14:10:04,740 [INFO] PluginManager:220 - loadIPPluginJar : add dma
2026-05-07 14:10:04,750 [INFO] IPUIPlugin:80 - create IPUIPlugin
2026-05-07 14:10:04,750 [INFO] PluginManager:220 - loadIPPluginJar : add dma3
2026-05-07 14:10:04,760 [INFO] IPUIPlugin:80 - create IPUIPlugin
2026-05-07 14:10:04,760 [INFO] PluginManager:220 - loadIPPluginJar : add extmemmanager
2026-05-07 14:10:04,765 [INFO] IPUIPlugin:80 - create IPUIPlugin
2026-05-07 14:10:04,767 [INFO] PluginManager:220 - loadIPPluginJar : add fatfs
2026-05-07 14:10:04,779 [INFO] IPUIPlugin:80 - create IPUIPlugin
2026-05-07 14:10:04,779 [INFO] PluginManager:220 - loadIPPluginJar : add fmc
2026-05-07 14:10:04,795 [INFO] IPUIPlugin:80 - create IPUIPlugin
2026-05-07 14:10:04,795 [INFO] PluginManager:220 - loadIPPluginJar : add freertos
2026-05-07 14:10:04,797 [INFO] IPUIPlugin:80 - create IPUIPlugin
2026-05-07 14:10:04,799 [INFO] PluginManager:220 - loadIPPluginJar : add genericplugin
2026-05-07 14:10:04,807 [INFO] IPUIPlugin:80 - create IPUIPlugin
2026-05-07 14:10:04,807 [INFO] PluginManager:220 - loadIPPluginJar : add gfxmmu
2026-05-07 14:10:04,820 [INFO] IPUIPlugin:80 - create IPUIPlugin
2026-05-07 14:10:04,820 [INFO] PluginManager:220 - loadIPPluginJar : add gic
2026-05-07 14:10:04,835 [INFO] IPUIPlugin:80 - create IPUIPlugin
2026-05-07 14:10:04,835 [INFO] PluginManager:220 - loadIPPluginJar : add gpio
2026-05-07 14:10:04,845 [INFO] IPUIPlugin:80 - create IPUIPlugin
2026-05-07 14:10:04,845 [INFO] PluginManager:220 - loadIPPluginJar : add gtzc
2026-05-07 14:10:04,853 [INFO] IPUIPlugin:80 - create IPUIPlugin
2026-05-07 14:10:04,853 [INFO] PluginManager:220 - loadIPPluginJar : add hash
2026-05-07 14:10:04,864 [INFO] IPUIPlugin:80 - create IPUIPlugin
2026-05-07 14:10:04,864 [INFO] PluginManager:220 - loadIPPluginJar : add i2c
2026-05-07 14:10:04,872 [INFO] IPUIPlugin:80 - create IPUIPlugin
2026-05-07 14:10:04,875 [INFO] PluginManager:220 - loadIPPluginJar : add i2s
2026-05-07 14:10:04,882 [INFO] IPUIPlugin:80 - create IPUIPlugin
2026-05-07 14:10:04,882 [INFO] PluginManager:220 - loadIPPluginJar : add i3c
2026-05-07 14:10:04,893 [INFO] IPUIPlugin:80 - create IPUIPlugin
2026-05-07 14:10:04,893 [INFO] PluginManager:220 - loadIPPluginJar : add ipddr
2026-05-07 14:10:04,911 [INFO] IPUIPlugin:80 - create IPUIPlugin
2026-05-07 14:10:04,911 [INFO] PluginManager:220 - loadIPPluginJar : add linkedlist
2026-05-07 14:10:04,919 [INFO] IPUIPlugin:80 - create IPUIPlugin
2026-05-07 14:10:04,921 [INFO] PluginManager:220 - loadIPPluginJar : add lorawan
2026-05-07 14:10:04,925 [INFO] IPUIPlugin:80 - create IPUIPlugin
2026-05-07 14:10:04,927 [INFO] PluginManager:220 - loadIPPluginJar : add ltdc
2026-05-07 14:10:04,944 [INFO] IPUIPlugin:80 - create IPUIPlugin
2026-05-07 14:10:04,944 [INFO] PluginManager:220 - loadIPPluginJar : add mdma
2026-05-07 14:10:04,959 [INFO] IPUIPlugin:80 - create IPUIPlugin
2026-05-07 14:10:04,959 [INFO] PluginManager:220 - loadIPPluginJar : add nvic
2026-05-07 14:10:04,969 [INFO] IPUIPlugin:80 - create IPUIPlugin
2026-05-07 14:10:04,971 [INFO] PluginManager:220 - loadIPPluginJar : add opamp
2026-05-07 14:10:04,985 [INFO] IPUIPlugin:80 - create IPUIPlugin
2026-05-07 14:10:04,985 [INFO] PluginManager:220 - loadIPPluginJar : add openamp
2026-05-07 14:10:04,997 [INFO] IPUIPlugin:80 - create IPUIPlugin
2026-05-07 14:10:04,997 [INFO] PluginManager:220 - loadIPPluginJar : add pdm2pcm
2026-05-07 14:10:05,017 [INFO] IPUIPlugin:80 - create IPUIPlugin
2026-05-07 14:10:05,024 [INFO] PluginManager:220 - loadIPPluginJar : add plateformsettings
2026-05-07 14:10:05,029 [INFO] IPUIPlugin:80 - create IPUIPlugin
2026-05-07 14:10:05,029 [INFO] PluginManager:220 - loadIPPluginJar : add quadspi
2026-05-07 14:10:05,040 [INFO] IPUIPlugin:80 - create IPUIPlugin
2026-05-07 14:10:05,043 [INFO] PluginManager:220 - loadIPPluginJar : add radio
2026-05-07 14:10:05,057 [INFO] IPUIPlugin:80 - create IPUIPlugin
2026-05-07 14:10:05,057 [INFO] PluginManager:220 - loadIPPluginJar : add resmgrutility
2026-05-07 14:10:05,066 [INFO] IPUIPlugin:80 - create IPUIPlugin
2026-05-07 14:10:05,066 [INFO] PluginManager:220 - loadIPPluginJar : add sai
2026-05-07 14:10:05,077 [INFO] IPUIPlugin:80 - create IPUIPlugin
2026-05-07 14:10:05,077 [INFO] PluginManager:220 - loadIPPluginJar : add spi
2026-05-07 14:10:05,095 [INFO] IPUIPlugin:80 - create IPUIPlugin
2026-05-07 14:10:05,095 [INFO] PluginManager:220 - loadIPPluginJar : add stm32_wpan
2026-05-07 14:10:05,103 [INFO] IPUIPlugin:80 - create IPUIPlugin
2026-05-07 14:10:05,103 [INFO] PluginManager:220 - loadIPPluginJar : add tim
2026-05-07 14:10:05,115 [INFO] IPUIPlugin:80 - create IPUIPlugin
2026-05-07 14:10:05,115 [INFO] PluginManager:220 - loadIPPluginJar : add touchsensing
2026-05-07 14:10:05,125 [INFO] IPUIPlugin:80 - create IPUIPlugin
2026-05-07 14:10:05,125 [INFO] PluginManager:220 - loadIPPluginJar : add tracer_emb
2026-05-07 14:10:05,133 [INFO] IPUIPlugin:80 - create IPUIPlugin
2026-05-07 14:10:05,135 [INFO] PluginManager:220 - loadIPPluginJar : add ts
2026-05-07 14:10:05,139 [INFO] IPUIPlugin:80 - create IPUIPlugin
2026-05-07 14:10:05,139 [INFO] PluginManager:220 - loadIPPluginJar : add tsc
2026-05-07 14:10:05,155 [INFO] IPUIPlugin:80 - create IPUIPlugin
2026-05-07 14:10:05,157 [INFO] PluginManager:220 - loadIPPluginJar : add ucpd
2026-05-07 14:10:05,179 [INFO] IPUIPlugin:80 - create IPUIPlugin
2026-05-07 14:10:05,179 [INFO] PluginManager:220 - loadIPPluginJar : add usart
2026-05-07 14:10:05,202 [INFO] IPUIPlugin:80 - create IPUIPlugin
2026-05-07 14:10:05,205 [INFO] PluginManager:220 - loadIPPluginJar : add usbx
2026-05-07 14:10:05,622 [FATAL] Updater:351 - Updater called before beeing initialized
2026-05-07 14:10:05,889 [INFO] RulesReader:64 - Compatibility file has been processed (301 Rules)
2026-05-07 14:10:05,950 [INFO] RulesReader:64 - Compatibility file has been processed (301 Rules)
2026-05-07 14:10:06,002 [INFO] CADModel:165 - CPN selected for project level
2026-05-07 14:10:06,002 [INFO] CADModel:114 - Register for checkConnection events
2026-05-07 14:10:06,004 [FATAL] Updater:351 - Updater called before beeing initialized
2026-05-07 14:10:06,005 [ERROR] CADModel:125 - Updater not yet initialized, retry later 
2026-05-07 14:10:06,088 [INFO] ThirdPartyUpdaterWithRetryManager:70 - Updater plugin not ready yet. [2/15]
2026-05-07 14:10:06,695 [FATAL] Updater:351 - Updater called before beeing initialized
2026-05-07 14:10:06,700 [INFO] CADModel:165 - CPN selected for project level
2026-05-07 14:10:06,702 [INFO] CADModel:114 - Register for checkConnection events
2026-05-07 14:10:06,702 [FATAL] Updater:351 - Updater called before beeing initialized
2026-05-07 14:10:06,702 [ERROR] CADModel:125 - Updater not yet initialized, retry later 
2026-05-07 14:10:06,711 [FATAL] Updater:351 - Updater called before beeing initialized
2026-05-07 14:10:07,137 [FATAL] Updater:351 - Updater called before beeing initialized
2026-05-07 14:10:07,150 [INFO] DbMcusAds:53 - JSON generation date=Tue Apr 07 13:03:18 IST 2026 (1775547198605)
2026-05-07 14:10:07,150 [FATAL] Updater:351 - Updater called before beeing initialized
2026-05-07 14:10:07,258 [WARN] DetailPanel:346 - Failed to get advertising image, set to default
2026-05-07 14:10:08,082 [FATAL] Updater:351 - Updater called before beeing initialized
2026-05-07 14:10:08,092 [FATAL] Updater:351 - Updater called before beeing initialized
2026-05-07 14:10:08,094 [FATAL] Updater:351 - Updater called before beeing initialized
2026-05-07 14:10:08,094 [WARN] DetailPanel:346 - Failed to get advertising image, set to default
2026-05-07 14:10:08,097 [FATAL] Updater:351 - Updater called before beeing initialized
2026-05-07 14:10:08,362 [ERROR] Updater:1198 - MainUpdater not yet initialized. External WinMGr cannot be set.
2026-05-07 14:10:08,367 [INFO] Updater:1134 - Updater Version found : 6.14.0
2026-05-07 14:10:08,443 [INFO] ApplicationProperties:184 - Using Application install path: C:\ST\STM32CubeIDE_1.18.0\STM32CubeIDE\plugins\com.st.stm32cube.common.mx_6.14.0.202502271554
2026-05-07 14:10:09,093 [FATAL] Updater:351 - Updater called before beeing initialized
2026-05-07 14:10:09,094 [ERROR] IntegrityCheckThread:130 - Cannot retrieve database content from updater: error 21
2026-05-07 14:10:09,094 [INFO] ThirdParty:978 - Integrity check success = false
2026-05-07 14:10:09,094 [INFO] IntegrityCheckThread:100 - exiting critical section [integrity check]
2026-05-07 14:10:09,094 [INFO] IntegrityCheckThread:103 - End integrity checks thread
2026-05-07 14:10:10,134 [ERROR] LogOutputStream:75 - [STDERR_REDIRECT] May 07, 2026 2:10:10 PM java.util.prefs.WindowsPreferences <init>
2026-05-07 14:10:10,137 [ERROR] LogOutputStream:75 - [STDERR_REDIRECT] WARNING: Could not open/create prefs root node Software\JavaSoft\Prefs at root 0xffffffff80000002. Windows RegCreateKeyEx(...) returned error code 5.
2026-05-07 14:10:10,137 [ERROR] LogOutputStream:75 - [STDERR_REDIRECT] 
2026-05-07 14:10:10,991 [INFO] MainUpdater:2872 - connection check result : 10
2026-05-07 14:10:10,995 [INFO] MainUpdater:289 - Updater Check For Update Now.
2026-05-07 14:10:10,995 [INFO] MicroXplorer:498 - Change Database Version : DB.6.0.140
2026-05-07 14:10:11,025 [INFO] McuFinderGlobals:63 - Set McuFinder mode to 2 (CubeIDE integrated)
2026-05-07 14:10:11,025 [INFO] UserAuth:171 - activating auth plugin
2026-05-07 14:10:11,037 [INFO] UserAuth:486 - Internet connection configuration mode: 1
2026-05-07 14:10:11,105 [INFO] JxBrowserEngine:152 - Initiate JxBrowser Engine with user profile folder
2026-05-07 14:10:11,372 [INFO] CheckServerUpdateThread:120 - End of CheckServer Thread
2026-05-07 14:10:14,025 [INFO] WebApp:169 - Instantiating new browser for Auth
2026-05-07 14:10:15,684 [INFO] WebApp:463 - Apply proxy settings
2026-05-07 14:10:15,689 [INFO] WebApp:548 - Chromium requires no authentication
2026-05-07 14:10:15,707 [INFO] WebApp:491 - Direct internet connection detected
2026-05-07 14:10:15,769 [INFO] WebApp:894 - Register for checkConnection events
2026-05-07 14:10:15,774 [INFO] WebApp:463 - Apply proxy settings
2026-05-07 14:10:15,774 [INFO] WebApp:548 - Chromium requires no authentication
2026-05-07 14:10:15,775 [INFO] WebApp:491 - Direct internet connection detected
2026-05-07 14:10:16,447 [INFO] WebApp:225 - Starting web application
2026-05-07 14:10:16,447 [INFO] WebApp:593 - Web application path used C:\ST\STM32CubeIDE_1.18.0\STM32CubeIDE\plugins\com.st.stm32cube.common.mx_6.14.0.202502271554\db\plugins\mcufinder\reactClient1\index.html
2026-05-07 14:10:16,862 [INFO] WebApp:191 - Connection restablished
2026-05-07 14:35:34,994 [INFO] WebApp:194 - Connection lost
2026-05-07 14:35:37,768 [INFO] WebApp:191 - Connection restablished
2026-05-07 14:39:44,037 [INFO] McuFinderGlobals:63 - Set McuFinder mode to 2 (CubeIDE integrated)
2026-05-07 14:39:44,178 [INFO] MainUpdater:2872 - connection check result : 10
2026-05-07 14:39:44,263 [INFO] McuFinderGlobals:76 - Set McuFinderConnectedMode to true
2026-05-07 14:39:46,347 [INFO] ServerAccessManage:473 - Download File mcusAds.json._tmp_
2026-05-07 14:39:46,503 [INFO] LoadUrlFilesThread:156 - End of LoadUrlFiles Thread
2026-05-07 14:39:47,436 [INFO] ServerAccessManage:473 - Download File cube-finder-db.zip
2026-05-07 14:39:55,273 [INFO] FileExtend:242 - Unzip File : cube-finder-db.zip
2026-05-07 14:39:55,277 [INFO] FileExtend:257 - Standard Zip Deflate
2026-05-07 14:40:01,076 [INFO] LoadUrlFilesThread:156 - End of LoadUrlFiles Thread
2026-05-07 14:40:03,083 [INFO] ServerAccessManage:473 - Download File crdb.zip
2026-05-07 14:40:09,621 [INFO] FileExtend:242 - Unzip File : crdb.zip
2026-05-07 14:40:09,623 [INFO] FileExtend:257 - Standard Zip Deflate
2026-05-07 14:40:09,789 [INFO] LoadUrlFilesThread:156 - End of LoadUrlFiles Thread
2026-05-07 14:40:09,979 [INFO] ServerAccessManage:473 - Download File tutoVideoDB.zip
2026-05-07 14:40:10,079 [INFO] FileExtend:242 - Unzip File : tutoVideoDB.zip
2026-05-07 14:40:10,081 [INFO] FileExtend:257 - Standard Zip Deflate
2026-05-07 14:40:10,204 [INFO] LoadUrlFilesThread:156 - End of LoadUrlFiles Thread
2026-05-07 14:40:10,212 [WARN] DbFile:41 - Overriding database path with different value: C:\Users\hp\.stmcufinder\plugins\mcufinder/ => C:\Users\hp\.stmcufinder\plugins\mcufinder
2026-05-07 14:40:10,336 [INFO] ServerAccessManage:473 - Download File api_config.json
2026-05-07 14:40:10,464 [INFO] LoadUrlFilesThread:156 - End of LoadUrlFiles Thread
2026-05-07 14:40:10,476 [INFO] DbMcusAds:53 - JSON generation date=Mon Apr 27 13:44:29 IST 2026 (1777277669683)
2026-05-07 14:40:10,757 [INFO] ServerAccessManage:473 - Download File 
2026-05-07 14:40:10,834 [INFO] LoadUrlFilesThread:185 - End of LoadServerUrlFiles without Thread
2026-05-07 14:40:10,840 [INFO] TargetSelectorAdapter:259 - Refresh data is successful
2026-05-07 14:40:11,432 [INFO] ApiDb:581 - Connected to CubeFinder SQLite database (C:\Users\hp\.stmcufinder\plugins\mcufinder\mcu\cube-finder-db.db)
2026-05-07 14:40:11,764 [INFO] ApiDb:668 - CubeFinder database Data Model version=2.1
2026-05-07 14:40:11,766 [INFO] ApiDb:669 - CubeFinder database Configuration version=3.0.42
2026-05-07 14:40:11,776 [INFO] ApiDb:670 - CubeFinder database generation date=2026-03-11 (1773229989)
2026-05-07 14:40:11,777 [INFO] ApiDb:671 - CubeFinder database FW Pack versions=[FP-ATR-ASTRA1_V2.0.0, FP-SNS-FLIGHT1_V5.1.0, FP-SNS-MOTENV1_V5.1.0, FP-SNS-MOTENVWB1_V1.5.0, FP-SNS-SMARTAG2_V1.2.0, FP-SNS-STBOX1_V2.1.0, STM32Cube_FW_C0_V1.4.0, STM32Cube_FW_F4_V1.28.3, STM32Cube_FW_F7_V1.17.4, STM32Cube_FW_G0_V1.6.3, STM32Cube_FW_G4_V1.6.2, STM32Cube_FW_H5_V1.6.0, STM32Cube_FW_H7RS_V1.3.0, STM32Cube_FW_H7_V1.13.0, STM32Cube_FW_L0_V1.12.2, STM32Cube_FW_L4_V1.18.2, STM32Cube_FW_L5_V1.6.0, STM32Cube_FW_N6_V1.3.0, STM32Cube_FW_U0_V1.3.0, STM32Cube_FW_U3_V1.3.0, STM32Cube_FW_U5_V1.8.0, STM32Cube_FW_WB0_V1.4.0, STM32Cube_FW_WBA_V1.9.0, STM32Cube_FW_WB_V1.24.0, STM32Cube_FW_WL3_V1.4.0, STM32Cube_FW_WL_V1.5.0, X-CUBE-ALGOBUILD_V1.4.0, X-CUBE-ALS_V1.0.2, X-CUBE-AZRTOS-F4_V1.1.0, X-CUBE-AZRTOS-F7_V1.1.0, X-CUBE-AZRTOS-G0_V1.1.0, X-CUBE-AZRTOS-G4_V2.0.0, X-CUBE-AZRTOS-H7RS_V1.1.0, X-CUBE-AZRTOS-H7_V3.4.0, X-CUBE-AZRTOS-L4_V2.0.0, X-CUBE-AZRTOS-L5_V2.0.0, X-CUBE-AZRTOS-WB_V2.0.0, X-CUBE-AZRTOS-WL_V2.0.0, X-CUBE-BLE1_V7.1.0, X-CUBE-BLE2_V3.3.0, X-CUBE-BLEMGR_V4.1.0, X-CUBE-EEPRMA1_V5.2.0, X-CUBE-FREERTOS_V1.5.0, X-CUBE-GNSS1_V6.0.0, X-CUBE-MEMS1_V12.0.0, X-CUBE-NFC4_V3.0.0, X-CUBE-NFC7_V2.0.0, X-CUBE-SFXS2LP1_V4.0.0, X-CUBE-ST67W61_V1.2.0, X-CUBE-SUBG2_V5.0.0, X-CUBE-TOF1_V3.4.3]
2026-05-07 14:40:22,931 [INFO] ApiDb:240 - Found 895 in-development CPN: [B-G473E-ZEST1S, B-WB1M-WPAN1, B-WBA5M-WPAN, B-WL5M-SUBG1, NUCLEO-C031C6, NUCLEO-C051C8, NUCLEO-C071RB, NUCLEO-C092RC, NUCLEO-H503RB, NUCLEO-H533RE, NUCLEO-H563ZI, NUCLEO-H7S3L8, NUCLEO-N657X0-Q, NUCLEO-U031R8, NUCLEO-U083RC, NUCLEO-U385RG-Q, NUCLEO-U545RE-Q, NUCLEO-U5A5ZJ-Q, NUCLEO-WB05KZ, NUCLEO-WB07CC, NUCLEO-WB09KE, NUCLEO-WBA52CG, NUCLEO-WBA55CG, NUCLEO-WBA65RI, NUCLEO-WL33CC1, NUCLEO-WL33CC2, STEVAL-PROTEUS1, STEVAL-SMARTAG2, STEVAL-STWINBX1, STM320518-EVAL, STM32C0116-DK, STM32C011D6Y3TR, STM32C011D6Y6TR, STM32C011F4P3, STM32C011F4P6, STM32C011F4U3, STM32C011F4U6TR, STM32C011F6P3, STM32C011F6P6, STM32C011F6U3, STM32C011F6U6TR, STM32C011J4M3, STM32C011J4M6, STM32C011J6M3, STM32C011J6M6, STM32C0316-DK, STM32C031C4T3, STM32C031C4T6, STM32C031C4U3, STM32C031C4U6, STM32C031C6T3, STM32C031C6T6, STM32C031C6U3, STM32C031C6U6, STM32C031F4P3, STM32C031F4P6, STM32C031F6P3, STM32C031F6P6, STM32C031G4U3, STM32C031G4U6, STM32C031G6U3, STM32C031G6U6, STM32C031K4T3, STM32C031K4T6, STM32C031K4U3, STM32C031K4U6, STM32C031K6T3, STM32C031K6T6, STM32C031K6U3, STM32C031K6U6, STM32C051C6T6, STM32C051C6U6, STM32C051C8T6, STM32C051C8U6, STM32C051D8Y6TR, STM32C051F6P6, STM32C051F8P6, STM32C051G6U6, STM32C051G8U6, STM32C051K6T6, STM32C051K6U6, STM32C051K8T6, STM32C071C8T6, STM32C071C8T6N, STM32C071C8U6, STM32C071C8U6N, STM32C071CBT6, STM32C071CBT6N, STM32C071CBU6, STM32C071CBU6N, STM32C071F8P6, STM32C071F8P6N, STM32C071FBP6, STM32C071FBP6N, STM32C071FBY6TR, STM32C071G8U6, STM32C071G8U6N, STM32C071GBU6, STM32C071GBU6N, STM32C071K8T6, STM32C071K8T6N, STM32C071K8U6, STM32C071K8U6N, STM32C071KBT6, STM32C071KBT6N, STM32C071KBU6, STM32C071KBU6N, STM32C071R8T6, STM32C071R8T6N, STM32C071RBI6N, STM32C071RBT6, STM32C071RBT6N, STM32C091CBT6, STM32C091CBU6, STM32C091CCT6, STM32C091CCU6, STM32C091ECY6TR, STM32C091FBP6, STM32C091FCP6, STM32C091GBU6, STM32C091GCU6, STM32C091KBT6, STM32C091KBU6, STM32C091KCT6, STM32C091KCU6, STM32C091RBT6, STM32C091RCI6, STM32C091RCT6, STM32C092CBT6, STM32C092CBU6, STM32C092CCT6, STM32C092CCU6, STM32C092ECY6TR, STM32C092FBP6, STM32C092FCP6, STM32C092GBU6, STM32C092GCU6, STM32C092KBT6, STM32C092KBU6, STM32C092KCT6, STM32C092KCU6, STM32C092RBT6, STM32C092RCI6, STM32C092RCT6, STM32G071K8TXN, STM32G071K8UXN, STM32G081GBU6N, STM32G081KBT6N, STM32G081KBUXN, STM32G0B1CCT6N, STM32G0B1KCT6, STM32G0B1NEY6TR, STM32G0B1RCT6N, STM32G0C1CCT6, STM32G0C1CCT6N, STM32G0C1CCU6N, STM32G0C1CET6N, STM32G0C1CEU6N, STM32G0C1KCT6, STM32G0C1NEY6TR, STM32G0C1RCI6N, STM32G0C1RCT6N, STM32G0C1REI6N, STM32G0C1RET6N, STM32G0C1VCI6, STM32G0C1VEI6, STM32G411C6T3, STM32G411C6T6, STM32G411C6U3, STM32G411C6U6, STM32G411C8T3, STM32G411C8T6, STM32G411C8U3, STM32G411C8U6, STM32G411CBT3, STM32G411CBT6, STM32G411CBU3, STM32G411CBU6, STM32G411CCT3, STM32G411CCT6, STM32G411CCU3, STM32G411CCU6, STM32G411K6T3, STM32G411K6T6, STM32G411K6U3, STM32G411K6U6, STM32G411K8T3, STM32G411K8T6, STM32G411K8U3, STM32G411K8U6, STM32G411KBT3, STM32G411KBT6, STM32G411KBU3, STM32G411KBU6, STM32G411M6T3, STM32G411M6T6, STM32G411M8T3, STM32G411M8T6, STM32G411MBT3, STM32G411MBT6, STM32G411MCT3, STM32G411MCT6, STM32G411R6T3, STM32G411R6T6, STM32G411R8T3, STM32G411R8T6, STM32G411RBT3, STM32G411RBT6, STM32G411RCT3, STM32G411RCT6, STM32G414CBT3, STM32G414CBT6, STM32G414CBU3, STM32G414CBU6, STM32G414CCT3, STM32G414CCT6, STM32G414CCU3, STM32G414CCU6, STM32G414MBT3, STM32G414MBT6, STM32G414MCT3, STM32G414MCT6, STM32G414RBT3, STM32G414RBT6, STM32G414RCT3, STM32G414RCT6, STM32G414VBT3, STM32G414VBT6, STM32G414VCT3, STM32G414VCT6, STM32G431CBT3Z, STM32G431RBT3Z, STM32G471CCT6, STM32G471CCU6, STM32G471CET3, STM32G471CET6, STM32G471CEU3, STM32G471CEU6, STM32G471MCT6, STM32G471MET3, STM32G471MET6, STM32G471MEY6TR, STM32G471QCT6, STM32G471QET3, STM32G471RCT6, STM32G471RET3, STM32G471RET6, STM32G471VCH6, STM32G471VCI6, STM32G471VCT6, STM32G471VEH3, STM32G471VEH6, STM32G471VEI3, STM32G471VEI6, STM32G471VET3, STM32G471VET6, STM32G473QET3Z, STM32G473RET3Z, STM32G474CCT6, STM32G491RET3Z, STM32H503CBT6, STM32H503CBU6, STM32H503EBY6TR, STM32H503KBU6, STM32H503RBT6, STM32H523CCT6, STM32H523CCU6, STM32H523CET6, STM32H523CEU6, STM32H523HEY6TR, STM32H523RCT6, STM32H523RET6, STM32H523VCI6, STM32H523VCT6, STM32H523VEI6, STM32H523VET6, STM32H523ZCJ6, STM32H523ZCT6, STM32H523ZEJ6, STM32H523ZET6, STM32H533CET6, STM32H533CEU6, STM32H533HEY6TR, STM32H533RET6, STM32H533VEI6, STM32H533VET6, STM32H533ZEJ6, STM32H533ZET6, STM32H562AGI6, STM32H562AII6, STM32H562IGK6, STM32H562IGT6, STM32H562IIK6, STM32H562IIT6, STM32H562RGT6, STM32H562RGV6, STM32H562RIT6, STM32H562RIV6, STM32H562VGT6, STM32H562VIT6, STM32H562ZGT6, STM32H562ZIT6, STM32H563AGI6, STM32H563AII3Q, STM32H563AII6, STM32H563IGK6, STM32H563IGT6, STM32H563IIK3Q, STM32H563IIK6, STM32H563IIT3Q, STM32H563IIT6, STM32H563MIY3QTR, STM32H563RGT6, STM32H563RGV6, STM32H563RIT6, STM32H563RIV6, STM32H563VGT6, STM32H563VIT3Q, STM32H563VIT6, STM32H563ZGT6, STM32H563ZIT3Q, STM32H563ZIT6, STM32H573AII3Q, STM32H573AII6, STM32H573I-DK, STM32H573IIK3Q, STM32H573IIK6, STM32H573IIT3Q, STM32H573IIT6, STM32H573MIY3QTR, STM32H573RIT6, STM32H573RIV6, STM32H573VIT3Q, STM32H573VIT6, STM32H573ZIT3Q, STM32H573ZIT6, STM32H7R3A8I6, STM32H7R3I8K6, STM32H7R3I8T6, STM32H7R3L8H6, STM32H7R3L8H6H, STM32H7R3R8V6, STM32H7R3V8H6, STM32H7R3V8T6, STM32H7R3V8Y6TR, STM32H7R3Z8J6, STM32H7R3Z8T6, STM32H7R7A8I6, STM32H7R7I8K6, STM32H7R7I8T6, STM32H7R7L8H6, STM32H7R7L8H6H, STM32H7R7Z8J6, STM32H7S3A8I6, STM32H7S3I8K6, STM32H7S3I8T6, STM32H7S3L8H6, STM32H7S3L8H6H, STM32H7S3R8V6, STM32H7S3V8H6, STM32H7S3V8T6, STM32H7S3V8Y6TR, STM32H7S3Z8J6, STM32H7S3Z8T6, STM32H7S78-DK, STM32H7S7A8I6, STM32H7S7I8K6, STM32H7S7I8T6, STM32H7S7L8H6, STM32H7S7L8H6H, STM32H7S7Z8J6, STM32L4R5QGI6STR, STM32MP131AAE3, STM32MP131AAF3, STM32MP131AAG3, STM32MP131CAE3, STM32MP131CAF3, STM32MP131CAG3, STM32MP131DAE7, STM32MP131DAF7, STM32MP131DAG7, STM32MP131FAE7, STM32MP131FAF7, STM32MP131FAG7, STM32MP133AAE3, STM32MP133AAF3, STM32MP133AAG3, STM32MP133CAE3, STM32MP133CAF3, STM32MP133CAG3, STM32MP133DAE7, STM32MP133DAF7, STM32MP133DAG7, STM32MP133FAE7, STM32MP133FAF7, STM32MP133FAG7, STM32MP135AAE3, STM32MP135AAF3, STM32MP135AAG3, STM32MP135CAE3, STM32MP135CAF3, STM32MP135CAG3, STM32MP135DAE7, STM32MP135DAF7, STM32MP135DAG7, STM32MP135F-DK, STM32MP135FAE7, STM32MP135FAF7, STM32MP135FAF7T, STM32MP135FAF7U, STM32MP135FAG7, STM32MP231AAJ3, STM32MP231AAK3, STM32MP231AAL3, STM32MP231CAJ3, STM32MP231CAK3, STM32MP231CAL3, STM32MP231DAJ3, STM32MP231DAK3, STM32MP231DAL3, STM32MP231FAJ3, STM32MP231FAK3, STM32MP231FAL3, STM32MP233AAJ3, STM32MP233AAK3, STM32MP233AAL3, STM32MP233CAJ3, STM32MP233CAK3, STM32MP233CAL3, STM32MP233DAJ3, STM32MP233DAK3, STM32MP233DAL3, STM32MP233FAJ3, STM32MP233FAK3, STM32MP233FAL3, STM32MP235AAJ3, STM32MP235AAK3, STM32MP235AAL3, STM32MP235CAJ3, STM32MP235CAK3, STM32MP235CAL3, STM32MP235DAJ3, STM32MP235DAK3, STM32MP235DAL3, STM32MP235FAJ3, STM32MP235FAK3, STM32MP235FAL3, STM32MP251AAI3, STM32MP251AAJ3, STM32MP251AAK3, STM32MP251AAL3, STM32MP251CAI3, STM32MP251CAJ3, STM32MP251CAK3, STM32MP251CAL3, STM32MP251DAI3, STM32MP251DAJ3, STM32MP251DAK3, STM32MP251DAL3, STM32MP251FAI3, STM32MP251FAJ3, STM32MP251FAK3, STM32MP251FAL3, STM32MP253AAI3, STM32MP253AAJ3, STM32MP253AAK3, STM32MP253AAL3, STM32MP253CAI3, STM32MP253CAJ3, STM32MP253CAK3, STM32MP253CAL3, STM32MP253DAI3, STM32MP253DAJ3, STM32MP253DAK3, STM32MP253DAL3, STM32MP253FAI3, STM32MP253FAJ3, STM32MP253FAK3, STM32MP253FAL3, STM32MP255AAI3, STM32MP255AAJ3, STM32MP255AAK3, STM32MP255AAL3, STM32MP255CAI3, STM32MP255CAJ3, STM32MP255CAK3, STM32MP255CAL3, STM32MP255DAI3, STM32MP255DAJ3, STM32MP255DAK3, STM32MP255DAL3, STM32MP255FAI3, STM32MP255FAJ3, STM32MP255FAK3, STM32MP255FAL3, STM32MP257AAI3, STM32MP257AAJ3, STM32MP257AAK3, STM32MP257AAL3, STM32MP257CAI3, STM32MP257CAJ3, STM32MP257CAK3, STM32MP257CAL3, STM32MP257DAI3, STM32MP257DAJ3, STM32MP257DAK3, STM32MP257DAL3, STM32MP257F-DK, STM32MP257F-EV1, STM32MP257FAI3, STM32MP257FAJ3, STM32MP257FAK3, STM32MP257FAL3, STM32N645A0H3Q, STM32N645B0H3Q, STM32N645I0H3Q, STM32N645L0H3Q, STM32N645X0H3Q, STM32N645Z0H3Q, STM32N647A0H3Q, STM32N647B0H3Q, STM32N647I0H3Q, STM32N647L0H3Q, STM32N647X0H3Q, STM32N647Z0H3Q, STM32N655A0H3Q, STM32N655B0H3Q, STM32N655I0H3Q, STM32N655L0H3Q, STM32N655X0H3Q, STM32N655Z0H3Q, STM32N6570-DK, STM32N657A0H3Q, STM32N657B0H3Q, STM32N657I0H3Q, STM32N657L0H3Q, STM32N657X0H3Q, STM32N657Z0H3Q, STM32U031C6T6, STM32U031C6U6, STM32U031C8T6, STM32U031C8U6, STM32U031F4P6, STM32U031F6P6, STM32U031F8P6, STM32U031G6Y6TR, STM32U031G8Y6TR, STM32U031K4U6, STM32U031K6U6, STM32U031K8U6, STM32U031R6I6, STM32U031R6T6, STM32U031R8I6, STM32U031R8T6, STM32U073C8T6, STM32U073C8U6, STM32U073CBT6, STM32U073CBU6, STM32U073CCT6, STM32U073CCU6, STM32U073H8Y6TR, STM32U073HBY6TR, STM32U073HCY6TR, STM32U073K8U6, STM32U073KBU6, STM32U073KCU6, STM32U073M8I6, STM32U073M8T6, STM32U073MBI6, STM32U073MBT6, STM32U073MCI6, STM32U073MCT6, STM32U073R8I6, STM32U073R8T6, STM32U073RBI6, STM32U073RBT6, STM32U073RCI6, STM32U073RCT6, STM32U083C-DK, STM32U083CCT6, STM32U083CCU6, STM32U083HCY6TR, STM32U083KCU6, STM32U083MCI6, STM32U083MCT6, STM32U083RCI6, STM32U083RCT6, STM32U375CET6, STM32U375CET6Q, STM32U375CEU6, STM32U375CEU6Q, STM32U375CEY6QTR, STM32U375CGT6, STM32U375CGT6Q, STM32U375CGU6, STM32U375CGU6Q, STM32U375CGY6QTR, STM32U375KEU6, STM32U375KGU6, STM32U375REI6, STM32U375REI6Q, STM32U375RET6, STM32U375RET6Q, STM32U375REY6GTR, STM32U375REY6QTR, STM32U375RGI6, STM32U375RGI6Q, STM32U375RGT6, STM32U375RGT6Q, STM32U375RGY6GTR, STM32U375RGY6QTR, STM32U375VEI6, STM32U375VEI6Q, STM32U375VET6, STM32U375VET6Q, STM32U375VGI6, STM32U375VGI6Q, STM32U375VGT6, STM32U375VGT6Q, STM32U385CGT6, STM32U385CGT6Q, STM32U385CGU6, STM32U385CGU6Q, STM32U385CGY6QTR, STM32U385KGU6, STM32U385RGI6, STM32U385RGI6Q, STM32U385RGT6, STM32U385RGT6Q, STM32U385RGY6GTR, STM32U385RGY6QTR, STM32U385VGI6, STM32U385VGI6Q, STM32U385VGT6, STM32U385VGT6Q, STM32U535CBT6, STM32U535CBT6Q, STM32U535CBU6, STM32U535CBU6Q, STM32U535CCT6, STM32U535CCT6Q, STM32U535CCU6, STM32U535CCU6Q, STM32U535CET6, STM32U535CET6Q, STM32U535CEU6, STM32U535CEU6Q, STM32U535JEY6QTR, STM32U535NCY6QTR, STM32U535NEY6QTR, STM32U535RBI6, STM32U535RBI6Q, STM32U535RBT6, STM32U535RBT6Q, STM32U535RCI6, STM32U535RCI6Q, STM32U535RCT6, STM32U535RCT6Q, STM32U535REI6, STM32U535REI6Q, STM32U535RET6, STM32U535RET6Q, STM32U535VCI6, STM32U535VCI6Q, STM32U535VCT6, STM32U535VCT6Q, STM32U535VEI6, STM32U535VEI6Q, STM32U535VET6, STM32U535VET6Q, STM32U545CET6, STM32U545CET6Q, STM32U545CEU6, STM32U545CEU6Q, STM32U545JEY6QTR, STM32U545NEY6QTR, STM32U545REI6, STM32U545REI6Q, STM32U545RET6, STM32U545RET6Q, STM32U545VEI6, STM32U545VEI6Q, STM32U545VET6, STM32U545VET6Q, STM32U595AIH6, STM32U595AIH6Q, STM32U595AJH6, STM32U595AJH6Q, STM32U595QII6, STM32U595QII6Q, STM32U595QJI6, STM32U595QJI6Q, STM32U595RIT6, STM32U595RIT6Q, STM32U595RJT6, STM32U595RJT6Q, STM32U595VIT6, STM32U595VIT6Q, STM32U595VJT6, STM32U595VJT6Q, STM32U595ZIT6, STM32U595ZIT6Q, STM32U595ZIY6QTR, STM32U595ZJT6, STM32U595ZJT6Q, STM32U595ZJY6QTR, STM32U599BJY6QTR, STM32U599NIH6Q, STM32U599NJH6Q, STM32U599VIT6Q, STM32U599VJT6, STM32U599VJT6Q, STM32U599ZIT6Q, STM32U599ZIY6QTR, STM32U599ZJT6Q, STM32U599ZJY6QTR, STM32U5A5AJH6, STM32U5A5AJH6Q, STM32U5A5QII3Q , STM32U5A5QJI6, STM32U5A5QJI6Q, STM32U5A5RJT6, STM32U5A5RJT6Q, STM32U5A5VJT6, STM32U5A5VJT6Q, STM32U5A5ZJT6, STM32U5A5ZJT6Q, STM32U5A5ZJY6QTR, STM32U5A9BJY6QTR, STM32U5A9J-DK, STM32U5A9NJH6Q, STM32U5A9VJT6Q, STM32U5A9ZJT6Q, STM32U5A9ZJY6QTR, STM32U5F7VIT6, STM32U5F7VIT6Q, STM32U5F7VJT6, STM32U5F7VJT6Q, STM32U5F9BJY6QTR, STM32U5F9NJH6Q, STM32U5F9VIT6Q, STM32U5F9VJT6Q, STM32U5F9ZIJ6QTR, STM32U5F9ZIT6Q, STM32U5F9ZJJ6QTR, STM32U5F9ZJT6Q, STM32U5G7VJT6, STM32U5G7VJT6Q, STM32U5G9BJY6QTR, STM32U5G9J-DK1, STM32U5G9J-DK2, STM32U5G9NJH6Q, STM32U5G9VJT6Q, STM32U5G9ZJJ6QTR, STM32U5G9ZJT6Q, STM32WB05KZV6TR, STM32WB05KZV7TR, STM32WB05TZF6TR, STM32WB05TZF7TR, STM32WB06CCF6TR, STM32WB06CCF7TR, STM32WB06CCV6TR, STM32WB06CCV7TR, STM32WB06KCV6TR, STM32WB06KCV7TR, STM32WB07CCF6TR, STM32WB07CCF7TR, STM32WB07CCV6TR, STM32WB07CCV7TR, STM32WB07KCV6TR, STM32WB07KCV7TR, STM32WB09KEV6TR, STM32WB09KEV7TR, STM32WB09TEF6TR, STM32WB09TEF7TR, STM32WB1MMCH6, STM32WBA50KGU6, STM32WBA50KGU6TR, STM32WBA52CEU6, STM32WBA52CEU6TR, STM32WBA52CEU7, STM32WBA52CEU7TR, STM32WBA52CGU6, STM32WBA52CGU6TR, STM32WBA52CGU6U, STM32WBA52CGU7, STM32WBA52CGU7TR, STM32WBA52KEU6, STM32WBA52KEU6TR, STM32WBA52KGU6, STM32WBA52KGU6TR, STM32WBA54CEU6, STM32WBA54CEU6TR, STM32WBA54CEU7, STM32WBA54CEU7TR, STM32WBA54CGU6, STM32WBA54CGU6TR, STM32WBA54CGU7, STM32WBA54CGU7TR, STM32WBA54KEU6, STM32WBA54KEU6TR, STM32WBA54KEU7, STM32WBA54KEU7TR, STM32WBA54KGU6, STM32WBA54KGU6TR, STM32WBA54KGU7, STM32WBA54KGU7TR, STM32WBA55CEU6, STM32WBA55CEU6TR, STM32WBA55CEU7, STM32WBA55CEU7TR, STM32WBA55CGU6, STM32WBA55CGU6TR, STM32WBA55CGU6U, STM32WBA55CGU7, STM32WBA55CGU7TR, STM32WBA55G-DK1, STM32WBA55HEF6, STM32WBA55HEF7, STM32WBA55HGF6, STM32WBA55HGF7, STM32WBA55UEI6, STM32WBA55UEI6TR, STM32WBA55UEI7, STM32WBA55UEI7TR, STM32WBA55UGI6, STM32WBA55UGI6TR, STM32WBA55UGI7, STM32WBA55UGI7TR, STM32WBA5MJGH6TR, STM32WBA62CGU6, STM32WBA62CIU6, STM32WBA62MGF6, STM32WBA62MIF6, STM32WBA62PGI6, STM32WBA62PII6, STM32WBA63CGU6, STM32WBA63CGU7, STM32WBA63CIU6, STM32WBA63CIU7, STM32WBA64CGU6, STM32WBA64CGU7, STM32WBA64CIU6, STM32WBA64CIU7, STM32WBA65CGU6, STM32WBA65CGU7, STM32WBA65CIU6, STM32WBA65CIU7, STM32WBA65I-DK1, STM32WBA65MGF6, STM32WBA65MGF7, STM32WBA65MIF6, STM32WBA65MIF7, STM32WBA65PGI6, STM32WBA65PGI7, STM32WBA65PII6, STM32WBA65PII7, STM32WBA65RGV6, STM32WBA65RGV7, STM32WBA65RIV6, STM32WBA65RIV7, STM32WL30K8V6, STM32WL30KBV6, STM32WL31C8V6, STM32WL31CBV6, STM32WL31K8V6, STM32WL31KBV6, STM32WL33C8V6, STM32WL33C8V6TR, STM32WL33C8V7, STM32WL33C8V7TR, STM32WL33CBV6, STM32WL33CBV6TR, STM32WL33CBV7, STM32WL33CBV7TR, STM32WL33CCV6, STM32WL33CCV6TR, STM32WL33CCV7, STM32WL33CCV7A, STM32WL33CCV7ATR, STM32WL33CCV7TR, STM32WL33K8V6, STM32WL33K8V6TR, STM32WL33K8V7, STM32WL33K8V7TR, STM32WL33KBV6, STM32WL33KBV6TR, STM32WL33KBV7, STM32WL33KBV7TR, STM32WL33KCV6, STM32WL33KCV6TR, STM32WL33KCV7, STM32WL33KCV7TR, STM32WL5MOCH6, STM32WL5MOCH6TR]
2026-05-07 14:40:22,964 [INFO] DbMcus:218 - Found 5051 MCUs, 4964 are supported
2026-05-07 14:40:23,026 [INFO] ApiDb:423 - Load user favorites file C:\Users\hp/.stm32cubeide/favorites.mcus.txt: 0 item(s)
2026-05-07 14:40:23,028 [INFO] ApiDb:427 - User favorites MCUs=[]
2026-05-07 14:40:23,029 [INFO] DbMcus:224 - Set 0 / 0 favorites MCUs
2026-05-07 14:40:26,160 [INFO] ApiDb:668 - CubeFinder database Data Model version=2.1
2026-05-07 14:40:26,160 [INFO] ApiDb:669 - CubeFinder database Configuration version=3.0.42
2026-05-07 14:40:26,160 [INFO] ApiDb:670 - CubeFinder database generation date=2026-03-11 (1773229989)
2026-05-07 14:40:26,160 [INFO] ApiDb:671 - CubeFinder database FW Pack versions=[FP-ATR-ASTRA1_V2.0.0, FP-SNS-FLIGHT1_V5.1.0, FP-SNS-MOTENV1_V5.1.0, FP-SNS-MOTENVWB1_V1.5.0, FP-SNS-SMARTAG2_V1.2.0, FP-SNS-STBOX1_V2.1.0, STM32Cube_FW_C0_V1.4.0, STM32Cube_FW_F4_V1.28.3, STM32Cube_FW_F7_V1.17.4, STM32Cube_FW_G0_V1.6.3, STM32Cube_FW_G4_V1.6.2, STM32Cube_FW_H5_V1.6.0, STM32Cube_FW_H7RS_V1.3.0, STM32Cube_FW_H7_V1.13.0, STM32Cube_FW_L0_V1.12.2, STM32Cube_FW_L4_V1.18.2, STM32Cube_FW_L5_V1.6.0, STM32Cube_FW_N6_V1.3.0, STM32Cube_FW_U0_V1.3.0, STM32Cube_FW_U3_V1.3.0, STM32Cube_FW_U5_V1.8.0, STM32Cube_FW_WB0_V1.4.0, STM32Cube_FW_WBA_V1.9.0, STM32Cube_FW_WB_V1.24.0, STM32Cube_FW_WL3_V1.4.0, STM32Cube_FW_WL_V1.5.0, X-CUBE-ALGOBUILD_V1.4.0, X-CUBE-ALS_V1.0.2, X-CUBE-AZRTOS-F4_V1.1.0, X-CUBE-AZRTOS-F7_V1.1.0, X-CUBE-AZRTOS-G0_V1.1.0, X-CUBE-AZRTOS-G4_V2.0.0, X-CUBE-AZRTOS-H7RS_V1.1.0, X-CUBE-AZRTOS-H7_V3.4.0, X-CUBE-AZRTOS-L4_V2.0.0, X-CUBE-AZRTOS-L5_V2.0.0, X-CUBE-AZRTOS-WB_V2.0.0, X-CUBE-AZRTOS-WL_V2.0.0, X-CUBE-BLE1_V7.1.0, X-CUBE-BLE2_V3.3.0, X-CUBE-BLEMGR_V4.1.0, X-CUBE-EEPRMA1_V5.2.0, X-CUBE-FREERTOS_V1.5.0, X-CUBE-GNSS1_V6.0.0, X-CUBE-MEMS1_V12.0.0, X-CUBE-NFC4_V3.0.0, X-CUBE-NFC7_V2.0.0, X-CUBE-SFXS2LP1_V4.0.0, X-CUBE-ST67W61_V1.2.0, X-CUBE-SUBG2_V5.0.0, X-CUBE-TOF1_V3.4.3]
2026-05-07 14:40:26,342 [INFO] DbBoardsSqlite:226 - include board P-NUCLEO-WB55-NUCLEO as a kit item of type 'Nucleo-64'
2026-05-07 14:40:26,343 [INFO] DbBoardsSqlite:226 - include board P-NUCLEO-WB55-USBDONGLE as a kit item of type 'Nucleo USB Dongle'
2026-05-07 14:40:26,345 [INFO] DbBoardsSqlite:226 - include board STEVAL-IDP005V1 as a kit item of type 'Evaluation Board'
2026-05-07 14:40:26,346 [INFO] DbBoardsSqlite:226 - include board STEVAL-IDP005V2 as a kit item of type 'Evaluation Board'
2026-05-07 14:40:26,623 [INFO] ApiDb:240 - Found 895 in-development CPN: [B-G473E-ZEST1S, B-WB1M-WPAN1, B-WBA5M-WPAN, B-WL5M-SUBG1, NUCLEO-C031C6, NUCLEO-C051C8, NUCLEO-C071RB, NUCLEO-C092RC, NUCLEO-H503RB, NUCLEO-H533RE, NUCLEO-H563ZI, NUCLEO-H7S3L8, NUCLEO-N657X0-Q, NUCLEO-U031R8, NUCLEO-U083RC, NUCLEO-U385RG-Q, NUCLEO-U545RE-Q, NUCLEO-U5A5ZJ-Q, NUCLEO-WB05KZ, NUCLEO-WB07CC, NUCLEO-WB09KE, NUCLEO-WBA52CG, NUCLEO-WBA55CG, NUCLEO-WBA65RI, NUCLEO-WL33CC1, NUCLEO-WL33CC2, STEVAL-PROTEUS1, STEVAL-SMARTAG2, STEVAL-STWINBX1, STM320518-EVAL, STM32C0116-DK, STM32C011D6Y3TR, STM32C011D6Y6TR, STM32C011F4P3, STM32C011F4P6, STM32C011F4U3, STM32C011F4U6TR, STM32C011F6P3, STM32C011F6P6, STM32C011F6U3, STM32C011F6U6TR, STM32C011J4M3, STM32C011J4M6, STM32C011J6M3, STM32C011J6M6, STM32C0316-DK, STM32C031C4T3, STM32C031C4T6, STM32C031C4U3, STM32C031C4U6, STM32C031C6T3, STM32C031C6T6, STM32C031C6U3, STM32C031C6U6, STM32C031F4P3, STM32C031F4P6, STM32C031F6P3, STM32C031F6P6, STM32C031G4U3, STM32C031G4U6, STM32C031G6U3, STM32C031G6U6, STM32C031K4T3, STM32C031K4T6, STM32C031K4U3, STM32C031K4U6, STM32C031K6T3, STM32C031K6T6, STM32C031K6U3, STM32C031K6U6, STM32C051C6T6, STM32C051C6U6, STM32C051C8T6, STM32C051C8U6, STM32C051D8Y6TR, STM32C051F6P6, STM32C051F8P6, STM32C051G6U6, STM32C051G8U6, STM32C051K6T6, STM32C051K6U6, STM32C051K8T6, STM32C071C8T6, STM32C071C8T6N, STM32C071C8U6, STM32C071C8U6N, STM32C071CBT6, STM32C071CBT6N, STM32C071CBU6, STM32C071CBU6N, STM32C071F8P6, STM32C071F8P6N, STM32C071FBP6, STM32C071FBP6N, STM32C071FBY6TR, STM32C071G8U6, STM32C071G8U6N, STM32C071GBU6, STM32C071GBU6N, STM32C071K8T6, STM32C071K8T6N, STM32C071K8U6, STM32C071K8U6N, STM32C071KBT6, STM32C071KBT6N, STM32C071KBU6, STM32C071KBU6N, STM32C071R8T6, STM32C071R8T6N, STM32C071RBI6N, STM32C071RBT6, STM32C071RBT6N, STM32C091CBT6, STM32C091CBU6, STM32C091CCT6, STM32C091CCU6, STM32C091ECY6TR, STM32C091FBP6, STM32C091FCP6, STM32C091GBU6, STM32C091GCU6, STM32C091KBT6, STM32C091KBU6, STM32C091KCT6, STM32C091KCU6, STM32C091RBT6, STM32C091RCI6, STM32C091RCT6, STM32C092CBT6, STM32C092CBU6, STM32C092CCT6, STM32C092CCU6, STM32C092ECY6TR, STM32C092FBP6, STM32C092FCP6, STM32C092GBU6, STM32C092GCU6, STM32C092KBT6, STM32C092KBU6, STM32C092KCT6, STM32C092KCU6, STM32C092RBT6, STM32C092RCI6, STM32C092RCT6, STM32G071K8TXN, STM32G071K8UXN, STM32G081GBU6N, STM32G081KBT6N, STM32G081KBUXN, STM32G0B1CCT6N, STM32G0B1KCT6, STM32G0B1NEY6TR, STM32G0B1RCT6N, STM32G0C1CCT6, STM32G0C1CCT6N, STM32G0C1CCU6N, STM32G0C1CET6N, STM32G0C1CEU6N, STM32G0C1KCT6, STM32G0C1NEY6TR, STM32G0C1RCI6N, STM32G0C1RCT6N, STM32G0C1REI6N, STM32G0C1RET6N, STM32G0C1VCI6, STM32G0C1VEI6, STM32G411C6T3, STM32G411C6T6, STM32G411C6U3, STM32G411C6U6, STM32G411C8T3, STM32G411C8T6, STM32G411C8U3, STM32G411C8U6, STM32G411CBT3, STM32G411CBT6, STM32G411CBU3, STM32G411CBU6, STM32G411CCT3, STM32G411CCT6, STM32G411CCU3, STM32G411CCU6, STM32G411K6T3, STM32G411K6T6, STM32G411K6U3, STM32G411K6U6, STM32G411K8T3, STM32G411K8T6, STM32G411K8U3, STM32G411K8U6, STM32G411KBT3, STM32G411KBT6, STM32G411KBU3, STM32G411KBU6, STM32G411M6T3, STM32G411M6T6, STM32G411M8T3, STM32G411M8T6, STM32G411MBT3, STM32G411MBT6, STM32G411MCT3, STM32G411MCT6, STM32G411R6T3, STM32G411R6T6, STM32G411R8T3, STM32G411R8T6, STM32G411RBT3, STM32G411RBT6, STM32G411RCT3, STM32G411RCT6, STM32G414CBT3, STM32G414CBT6, STM32G414CBU3, STM32G414CBU6, STM32G414CCT3, STM32G414CCT6, STM32G414CCU3, STM32G414CCU6, STM32G414MBT3, STM32G414MBT6, STM32G414MCT3, STM32G414MCT6, STM32G414RBT3, STM32G414RBT6, STM32G414RCT3, STM32G414RCT6, STM32G414VBT3, STM32G414VBT6, STM32G414VCT3, STM32G414VCT6, STM32G431CBT3Z, STM32G431RBT3Z, STM32G471CCT6, STM32G471CCU6, STM32G471CET3, STM32G471CET6, STM32G471CEU3, STM32G471CEU6, STM32G471MCT6, STM32G471MET3, STM32G471MET6, STM32G471MEY6TR, STM32G471QCT6, STM32G471QET3, STM32G471RCT6, STM32G471RET3, STM32G471RET6, STM32G471VCH6, STM32G471VCI6, STM32G471VCT6, STM32G471VEH3, STM32G471VEH6, STM32G471VEI3, STM32G471VEI6, STM32G471VET3, STM32G471VET6, STM32G473QET3Z, STM32G473RET3Z, STM32G474CCT6, STM32G491RET3Z, STM32H503CBT6, STM32H503CBU6, STM32H503EBY6TR, STM32H503KBU6, STM32H503RBT6, STM32H523CCT6, STM32H523CCU6, STM32H523CET6, STM32H523CEU6, STM32H523HEY6TR, STM32H523RCT6, STM32H523RET6, STM32H523VCI6, STM32H523VCT6, STM32H523VEI6, STM32H523VET6, STM32H523ZCJ6, STM32H523ZCT6, STM32H523ZEJ6, STM32H523ZET6, STM32H533CET6, STM32H533CEU6, STM32H533HEY6TR, STM32H533RET6, STM32H533VEI6, STM32H533VET6, STM32H533ZEJ6, STM32H533ZET6, STM32H562AGI6, STM32H562AII6, STM32H562IGK6, STM32H562IGT6, STM32H562IIK6, STM32H562IIT6, STM32H562RGT6, STM32H562RGV6, STM32H562RIT6, STM32H562RIV6, STM32H562VGT6, STM32H562VIT6, STM32H562ZGT6, STM32H562ZIT6, STM32H563AGI6, STM32H563AII3Q, STM32H563AII6, STM32H563IGK6, STM32H563IGT6, STM32H563IIK3Q, STM32H563IIK6, STM32H563IIT3Q, STM32H563IIT6, STM32H563MIY3QTR, STM32H563RGT6, STM32H563RGV6, STM32H563RIT6, STM32H563RIV6, STM32H563VGT6, STM32H563VIT3Q, STM32H563VIT6, STM32H563ZGT6, STM32H563ZIT3Q, STM32H563ZIT6, STM32H573AII3Q, STM32H573AII6, STM32H573I-DK, STM32H573IIK3Q, STM32H573IIK6, STM32H573IIT3Q, STM32H573IIT6, STM32H573MIY3QTR, STM32H573RIT6, STM32H573RIV6, STM32H573VIT3Q, STM32H573VIT6, STM32H573ZIT3Q, STM32H573ZIT6, STM32H7R3A8I6, STM32H7R3I8K6, STM32H7R3I8T6, STM32H7R3L8H6, STM32H7R3L8H6H, STM32H7R3R8V6, STM32H7R3V8H6, STM32H7R3V8T6, STM32H7R3V8Y6TR, STM32H7R3Z8J6, STM32H7R3Z8T6, STM32H7R7A8I6, STM32H7R7I8K6, STM32H7R7I8T6, STM32H7R7L8H6, STM32H7R7L8H6H, STM32H7R7Z8J6, STM32H7S3A8I6, STM32H7S3I8K6, STM32H7S3I8T6, STM32H7S3L8H6, STM32H7S3L8H6H, STM32H7S3R8V6, STM32H7S3V8H6, STM32H7S3V8T6, STM32H7S3V8Y6TR, STM32H7S3Z8J6, STM32H7S3Z8T6, STM32H7S78-DK, STM32H7S7A8I6, STM32H7S7I8K6, STM32H7S7I8T6, STM32H7S7L8H6, STM32H7S7L8H6H, STM32H7S7Z8J6, STM32L4R5QGI6STR, STM32MP131AAE3, STM32MP131AAF3, STM32MP131AAG3, STM32MP131CAE3, STM32MP131CAF3, STM32MP131CAG3, STM32MP131DAE7, STM32MP131DAF7, STM32MP131DAG7, STM32MP131FAE7, STM32MP131FAF7, STM32MP131FAG7, STM32MP133AAE3, STM32MP133AAF3, STM32MP133AAG3, STM32MP133CAE3, STM32MP133CAF3, STM32MP133CAG3, STM32MP133DAE7, STM32MP133DAF7, STM32MP133DAG7, STM32MP133FAE7, STM32MP133FAF7, STM32MP133FAG7, STM32MP135AAE3, STM32MP135AAF3, STM32MP135AAG3, STM32MP135CAE3, STM32MP135CAF3, STM32MP135CAG3, STM32MP135DAE7, STM32MP135DAF7, STM32MP135DAG7, STM32MP135F-DK, STM32MP135FAE7, STM32MP135FAF7, STM32MP135FAF7T, STM32MP135FAF7U, STM32MP135FAG7, STM32MP231AAJ3, STM32MP231AAK3, STM32MP231AAL3, STM32MP231CAJ3, STM32MP231CAK3, STM32MP231CAL3, STM32MP231DAJ3, STM32MP231DAK3, STM32MP231DAL3, STM32MP231FAJ3, STM32MP231FAK3, STM32MP231FAL3, STM32MP233AAJ3, STM32MP233AAK3, STM32MP233AAL3, STM32MP233CAJ3, STM32MP233CAK3, STM32MP233CAL3, STM32MP233DAJ3, STM32MP233DAK3, STM32MP233DAL3, STM32MP233FAJ3, STM32MP233FAK3, STM32MP233FAL3, STM32MP235AAJ3, STM32MP235AAK3, STM32MP235AAL3, STM32MP235CAJ3, STM32MP235CAK3, STM32MP235CAL3, STM32MP235DAJ3, STM32MP235DAK3, STM32MP235DAL3, STM32MP235FAJ3, STM32MP235FAK3, STM32MP235FAL3, STM32MP251AAI3, STM32MP251AAJ3, STM32MP251AAK3, STM32MP251AAL3, STM32MP251CAI3, STM32MP251CAJ3, STM32MP251CAK3, STM32MP251CAL3, STM32MP251DAI3, STM32MP251DAJ3, STM32MP251DAK3, STM32MP251DAL3, STM32MP251FAI3, STM32MP251FAJ3, STM32MP251FAK3, STM32MP251FAL3, STM32MP253AAI3, STM32MP253AAJ3, STM32MP253AAK3, STM32MP253AAL3, STM32MP253CAI3, STM32MP253CAJ3, STM32MP253CAK3, STM32MP253CAL3, STM32MP253DAI3, STM32MP253DAJ3, STM32MP253DAK3, STM32MP253DAL3, STM32MP253FAI3, STM32MP253FAJ3, STM32MP253FAK3, STM32MP253FAL3, STM32MP255AAI3, STM32MP255AAJ3, STM32MP255AAK3, STM32MP255AAL3, STM32MP255CAI3, STM32MP255CAJ3, STM32MP255CAK3, STM32MP255CAL3, STM32MP255DAI3, STM32MP255DAJ3, STM32MP255DAK3, STM32MP255DAL3, STM32MP255FAI3, STM32MP255FAJ3, STM32MP255FAK3, STM32MP255FAL3, STM32MP257AAI3, STM32MP257AAJ3, STM32MP257AAK3, STM32MP257AAL3, STM32MP257CAI3, STM32MP257CAJ3, STM32MP257CAK3, STM32MP257CAL3, STM32MP257DAI3, STM32MP257DAJ3, STM32MP257DAK3, STM32MP257DAL3, STM32MP257F-DK, STM32MP257F-EV1, STM32MP257FAI3, STM32MP257FAJ3, STM32MP257FAK3, STM32MP257FAL3, STM32N645A0H3Q, STM32N645B0H3Q, STM32N645I0H3Q, STM32N645L0H3Q, STM32N645X0H3Q, STM32N645Z0H3Q, STM32N647A0H3Q, STM32N647B0H3Q, STM32N647I0H3Q, STM32N647L0H3Q, STM32N647X0H3Q, STM32N647Z0H3Q, STM32N655A0H3Q, STM32N655B0H3Q, STM32N655I0H3Q, STM32N655L0H3Q, STM32N655X0H3Q, STM32N655Z0H3Q, STM32N6570-DK, STM32N657A0H3Q, STM32N657B0H3Q, STM32N657I0H3Q, STM32N657L0H3Q, STM32N657X0H3Q, STM32N657Z0H3Q, STM32U031C6T6, STM32U031C6U6, STM32U031C8T6, STM32U031C8U6, STM32U031F4P6, STM32U031F6P6, STM32U031F8P6, STM32U031G6Y6TR, STM32U031G8Y6TR, STM32U031K4U6, STM32U031K6U6, STM32U031K8U6, STM32U031R6I6, STM32U031R6T6, STM32U031R8I6, STM32U031R8T6, STM32U073C8T6, STM32U073C8U6, STM32U073CBT6, STM32U073CBU6, STM32U073CCT6, STM32U073CCU6, STM32U073H8Y6TR, STM32U073HBY6TR, STM32U073HCY6TR, STM32U073K8U6, STM32U073KBU6, STM32U073KCU6, STM32U073M8I6, STM32U073M8T6, STM32U073MBI6, STM32U073MBT6, STM32U073MCI6, STM32U073MCT6, STM32U073R8I6, STM32U073R8T6, STM32U073RBI6, STM32U073RBT6, STM32U073RCI6, STM32U073RCT6, STM32U083C-DK, STM32U083CCT6, STM32U083CCU6, STM32U083HCY6TR, STM32U083KCU6, STM32U083MCI6, STM32U083MCT6, STM32U083RCI6, STM32U083RCT6, STM32U375CET6, STM32U375CET6Q, STM32U375CEU6, STM32U375CEU6Q, STM32U375CEY6QTR, STM32U375CGT6, STM32U375CGT6Q, STM32U375CGU6, STM32U375CGU6Q, STM32U375CGY6QTR, STM32U375KEU6, STM32U375KGU6, STM32U375REI6, STM32U375REI6Q, STM32U375RET6, STM32U375RET6Q, STM32U375REY6GTR, STM32U375REY6QTR, STM32U375RGI6, STM32U375RGI6Q, STM32U375RGT6, STM32U375RGT6Q, STM32U375RGY6GTR, STM32U375RGY6QTR, STM32U375VEI6, STM32U375VEI6Q, STM32U375VET6, STM32U375VET6Q, STM32U375VGI6, STM32U375VGI6Q, STM32U375VGT6, STM32U375VGT6Q, STM32U385CGT6, STM32U385CGT6Q, STM32U385CGU6, STM32U385CGU6Q, STM32U385CGY6QTR, STM32U385KGU6, STM32U385RGI6, STM32U385RGI6Q, STM32U385RGT6, STM32U385RGT6Q, STM32U385RGY6GTR, STM32U385RGY6QTR, STM32U385VGI6, STM32U385VGI6Q, STM32U385VGT6, STM32U385VGT6Q, STM32U535CBT6, STM32U535CBT6Q, STM32U535CBU6, STM32U535CBU6Q, STM32U535CCT6, STM32U535CCT6Q, STM32U535CCU6, STM32U535CCU6Q, STM32U535CET6, STM32U535CET6Q, STM32U535CEU6, STM32U535CEU6Q, STM32U535JEY6QTR, STM32U535NCY6QTR, STM32U535NEY6QTR, STM32U535RBI6, STM32U535RBI6Q, STM32U535RBT6, STM32U535RBT6Q, STM32U535RCI6, STM32U535RCI6Q, STM32U535RCT6, STM32U535RCT6Q, STM32U535REI6, STM32U535REI6Q, STM32U535RET6, STM32U535RET6Q, STM32U535VCI6, STM32U535VCI6Q, STM32U535VCT6, STM32U535VCT6Q, STM32U535VEI6, STM32U535VEI6Q, STM32U535VET6, STM32U535VET6Q, STM32U545CET6, STM32U545CET6Q, STM32U545CEU6, STM32U545CEU6Q, STM32U545JEY6QTR, STM32U545NEY6QTR, STM32U545REI6, STM32U545REI6Q, STM32U545RET6, STM32U545RET6Q, STM32U545VEI6, STM32U545VEI6Q, STM32U545VET6, STM32U545VET6Q, STM32U595AIH6, STM32U595AIH6Q, STM32U595AJH6, STM32U595AJH6Q, STM32U595QII6, STM32U595QII6Q, STM32U595QJI6, STM32U595QJI6Q, STM32U595RIT6, STM32U595RIT6Q, STM32U595RJT6, STM32U595RJT6Q, STM32U595VIT6, STM32U595VIT6Q, STM32U595VJT6, STM32U595VJT6Q, STM32U595ZIT6, STM32U595ZIT6Q, STM32U595ZIY6QTR, STM32U595ZJT6, STM32U595ZJT6Q, STM32U595ZJY6QTR, STM32U599BJY6QTR, STM32U599NIH6Q, STM32U599NJH6Q, STM32U599VIT6Q, STM32U599VJT6, STM32U599VJT6Q, STM32U599ZIT6Q, STM32U599ZIY6QTR, STM32U599ZJT6Q, STM32U599ZJY6QTR, STM32U5A5AJH6, STM32U5A5AJH6Q, STM32U5A5QII3Q , STM32U5A5QJI6, STM32U5A5QJI6Q, STM32U5A5RJT6, STM32U5A5RJT6Q, STM32U5A5VJT6, STM32U5A5VJT6Q, STM32U5A5ZJT6, STM32U5A5ZJT6Q, STM32U5A5ZJY6QTR, STM32U5A9BJY6QTR, STM32U5A9J-DK, STM32U5A9NJH6Q, STM32U5A9VJT6Q, STM32U5A9ZJT6Q, STM32U5A9ZJY6QTR, STM32U5F7VIT6, STM32U5F7VIT6Q, STM32U5F7VJT6, STM32U5F7VJT6Q, STM32U5F9BJY6QTR, STM32U5F9NJH6Q, STM32U5F9VIT6Q, STM32U5F9VJT6Q, STM32U5F9ZIJ6QTR, STM32U5F9ZIT6Q, STM32U5F9ZJJ6QTR, STM32U5F9ZJT6Q, STM32U5G7VJT6, STM32U5G7VJT6Q, STM32U5G9BJY6QTR, STM32U5G9J-DK1, STM32U5G9J-DK2, STM32U5G9NJH6Q, STM32U5G9VJT6Q, STM32U5G9ZJJ6QTR, STM32U5G9ZJT6Q, STM32WB05KZV6TR, STM32WB05KZV7TR, STM32WB05TZF6TR, STM32WB05TZF7TR, STM32WB06CCF6TR, STM32WB06CCF7TR, STM32WB06CCV6TR, STM32WB06CCV7TR, STM32WB06KCV6TR, STM32WB06KCV7TR, STM32WB07CCF6TR, STM32WB07CCF7TR, STM32WB07CCV6TR, STM32WB07CCV7TR, STM32WB07KCV6TR, STM32WB07KCV7TR, STM32WB09KEV6TR, STM32WB09KEV7TR, STM32WB09TEF6TR, STM32WB09TEF7TR, STM32WB1MMCH6, STM32WBA50KGU6, STM32WBA50KGU6TR, STM32WBA52CEU6, STM32WBA52CEU6TR, STM32WBA52CEU7, STM32WBA52CEU7TR, STM32WBA52CGU6, STM32WBA52CGU6TR, STM32WBA52CGU6U, STM32WBA52CGU7, STM32WBA52CGU7TR, STM32WBA52KEU6, STM32WBA52KEU6TR, STM32WBA52KGU6, STM32WBA52KGU6TR, STM32WBA54CEU6, STM32WBA54CEU6TR, STM32WBA54CEU7, STM32WBA54CEU7TR, STM32WBA54CGU6, STM32WBA54CGU6TR, STM32WBA54CGU7, STM32WBA54CGU7TR, STM32WBA54KEU6, STM32WBA54KEU6TR, STM32WBA54KEU7, STM32WBA54KEU7TR, STM32WBA54KGU6, STM32WBA54KGU6TR, STM32WBA54KGU7, STM32WBA54KGU7TR, STM32WBA55CEU6, STM32WBA55CEU6TR, STM32WBA55CEU7, STM32WBA55CEU7TR, STM32WBA55CGU6, STM32WBA55CGU6TR, STM32WBA55CGU6U, STM32WBA55CGU7, STM32WBA55CGU7TR, STM32WBA55G-DK1, STM32WBA55HEF6, STM32WBA55HEF7, STM32WBA55HGF6, STM32WBA55HGF7, STM32WBA55UEI6, STM32WBA55UEI6TR, STM32WBA55UEI7, STM32WBA55UEI7TR, STM32WBA55UGI6, STM32WBA55UGI6TR, STM32WBA55UGI7, STM32WBA55UGI7TR, STM32WBA5MJGH6TR, STM32WBA62CGU6, STM32WBA62CIU6, STM32WBA62MGF6, STM32WBA62MIF6, STM32WBA62PGI6, STM32WBA62PII6, STM32WBA63CGU6, STM32WBA63CGU7, STM32WBA63CIU6, STM32WBA63CIU7, STM32WBA64CGU6, STM32WBA64CGU7, STM32WBA64CIU6, STM32WBA64CIU7, STM32WBA65CGU6, STM32WBA65CGU7, STM32WBA65CIU6, STM32WBA65CIU7, STM32WBA65I-DK1, STM32WBA65MGF6, STM32WBA65MGF7, STM32WBA65MIF6, STM32WBA65MIF7, STM32WBA65PGI6, STM32WBA65PGI7, STM32WBA65PII6, STM32WBA65PII7, STM32WBA65RGV6, STM32WBA65RGV7, STM32WBA65RIV6, STM32WBA65RIV7, STM32WL30K8V6, STM32WL30KBV6, STM32WL31C8V6, STM32WL31CBV6, STM32WL31K8V6, STM32WL31KBV6, STM32WL33C8V6, STM32WL33C8V6TR, STM32WL33C8V7, STM32WL33C8V7TR, STM32WL33CBV6, STM32WL33CBV6TR, STM32WL33CBV7, STM32WL33CBV7TR, STM32WL33CCV6, STM32WL33CCV6TR, STM32WL33CCV7, STM32WL33CCV7A, STM32WL33CCV7ATR, STM32WL33CCV7TR, STM32WL33K8V6, STM32WL33K8V6TR, STM32WL33K8V7, STM32WL33K8V7TR, STM32WL33KBV6, STM32WL33KBV6TR, STM32WL33KBV7, STM32WL33KBV7TR, STM32WL33KCV6, STM32WL33KCV6TR, STM32WL33KCV7, STM32WL33KCV7TR, STM32WL5MOCH6, STM32WL5MOCH6TR]
2026-05-07 14:40:27,319 [INFO] BoardInfo:889 - No configuration file found for board NUCLEO-H5E5ZJ
2026-05-07 14:40:27,324 [INFO] DbBoards:161 - Board is not supported: NUCLEO-H5E5ZJ
2026-05-07 14:40:27,757 [INFO] BoardInfo:889 - No configuration file found for board NUCLEO-U3C5ZI-Q
2026-05-07 14:40:27,762 [INFO] DbBoards:161 - Board is not supported: NUCLEO-U3C5ZI-Q
2026-05-07 14:40:27,869 [INFO] BoardInfo:889 - No configuration file found for board NUCLEO-WBA25CE1
2026-05-07 14:40:27,878 [INFO] DbBoards:161 - Board is not supported: NUCLEO-WBA25CE1
2026-05-07 14:40:27,953 [INFO] BoardInfo:889 - No configuration file found for board NUCLEO-WL3RKB1
2026-05-07 14:40:27,956 [INFO] DbBoards:161 - Board is not supported: NUCLEO-WL3RKB1
2026-05-07 14:40:27,963 [INFO] BoardInfo:889 - No configuration file found for board NUCLEO-WL3RKB2
2026-05-07 14:40:27,969 [INFO] DbBoards:161 - Board is not supported: NUCLEO-WL3RKB2
2026-05-07 14:40:28,022 [INFO] BoardInfo:889 - No configuration file found for board P-NUCLEO-WB55
2026-05-07 14:40:28,027 [INFO] DbBoards:161 - Kit is not supported: P-NUCLEO-WB55
2026-05-07 14:40:28,074 [INFO] BoardInfo:889 - No configuration file found for board STEVAL-BFA001V1B
2026-05-07 14:40:28,077 [INFO] DbBoards:161 - Kit is not supported: STEVAL-BFA001V1B
2026-05-07 14:40:28,084 [INFO] BoardInfo:889 - No configuration file found for board STEVAL-BFA001V2B
2026-05-07 14:40:28,089 [INFO] DbBoards:161 - Kit is not supported: STEVAL-BFA001V2B
2026-05-07 14:40:28,838 [INFO] BoardInfo:889 - No configuration file found for board STM32H5F5J-DK
2026-05-07 14:40:28,841 [INFO] DbBoards:161 - Board is not supported: STM32H5F5J-DK
2026-05-07 14:40:29,153 [INFO] BoardInfo:889 - No configuration file found for board STM32MP215F-DK
2026-05-07 14:40:29,156 [INFO] DbBoards:161 - Board is not supported: STM32MP215F-DK
2026-05-07 14:40:29,255 [INFO] DbBoards:168 - Found 218 boards, 208 are supported
2026-05-07 14:40:29,255 [INFO] DbBoards:169 - Found 218 boards, 43 of them is supported for  Bsp
2026-05-07 14:40:29,280 [INFO] ApiDb:414 - User favorites file not found: C:\Users\hp/.stm32cubeide/favorites.boards.txt
2026-05-07 14:40:29,282 [INFO] DbBoards:198 - Set 0 / 0 favorites Boards
2026-05-07 14:40:29,290 [INFO] ApiDb:668 - CubeFinder database Data Model version=2.1
2026-05-07 14:40:29,290 [INFO] ApiDb:669 - CubeFinder database Configuration version=3.0.42
2026-05-07 14:40:29,290 [INFO] ApiDb:670 - CubeFinder database generation date=2026-03-11 (1773229989)
2026-05-07 14:40:29,291 [INFO] ApiDb:671 - CubeFinder database FW Pack versions=[FP-ATR-ASTRA1_V2.0.0, FP-SNS-FLIGHT1_V5.1.0, FP-SNS-MOTENV1_V5.1.0, FP-SNS-MOTENVWB1_V1.5.0, FP-SNS-SMARTAG2_V1.2.0, FP-SNS-STBOX1_V2.1.0, STM32Cube_FW_C0_V1.4.0, STM32Cube_FW_F4_V1.28.3, STM32Cube_FW_F7_V1.17.4, STM32Cube_FW_G0_V1.6.3, STM32Cube_FW_G4_V1.6.2, STM32Cube_FW_H5_V1.6.0, STM32Cube_FW_H7RS_V1.3.0, STM32Cube_FW_H7_V1.13.0, STM32Cube_FW_L0_V1.12.2, STM32Cube_FW_L4_V1.18.2, STM32Cube_FW_L5_V1.6.0, STM32Cube_FW_N6_V1.3.0, STM32Cube_FW_U0_V1.3.0, STM32Cube_FW_U3_V1.3.0, STM32Cube_FW_U5_V1.8.0, STM32Cube_FW_WB0_V1.4.0, STM32Cube_FW_WBA_V1.9.0, STM32Cube_FW_WB_V1.24.0, STM32Cube_FW_WL3_V1.4.0, STM32Cube_FW_WL_V1.5.0, X-CUBE-ALGOBUILD_V1.4.0, X-CUBE-ALS_V1.0.2, X-CUBE-AZRTOS-F4_V1.1.0, X-CUBE-AZRTOS-F7_V1.1.0, X-CUBE-AZRTOS-G0_V1.1.0, X-CUBE-AZRTOS-G4_V2.0.0, X-CUBE-AZRTOS-H7RS_V1.1.0, X-CUBE-AZRTOS-H7_V3.4.0, X-CUBE-AZRTOS-L4_V2.0.0, X-CUBE-AZRTOS-L5_V2.0.0, X-CUBE-AZRTOS-WB_V2.0.0, X-CUBE-AZRTOS-WL_V2.0.0, X-CUBE-BLE1_V7.1.0, X-CUBE-BLE2_V3.3.0, X-CUBE-BLEMGR_V4.1.0, X-CUBE-EEPRMA1_V5.2.0, X-CUBE-FREERTOS_V1.5.0, X-CUBE-GNSS1_V6.0.0, X-CUBE-MEMS1_V12.0.0, X-CUBE-NFC4_V3.0.0, X-CUBE-NFC7_V2.0.0, X-CUBE-SFXS2LP1_V4.0.0, X-CUBE-ST67W61_V1.2.0, X-CUBE-SUBG2_V5.0.0, X-CUBE-TOF1_V3.4.3]
2026-05-07 14:40:32,168 [ERROR] DbExamplesSqlite:437 - Missing JSON key: board_cpn
2026-05-07 14:40:32,169 [ERROR] DbExamplesSqlite:437 - Missing JSON key: board_cpn
2026-05-07 14:40:32,169 [ERROR] DbExamplesSqlite:437 - Missing JSON key: board_cpn
2026-05-07 14:40:32,170 [ERROR] DbExamplesSqlite:437 - Missing JSON key: board_cpn
2026-05-07 14:40:33,212 [ERROR] DbExamplesSqlite:437 - Missing JSON key: board_cpn
2026-05-07 14:40:33,213 [ERROR] DbExamplesSqlite:437 - Missing JSON key: board_cpn
2026-05-07 14:40:33,337 [INFO] DbExamplesSqlite:395 - Ignored 39 examples not supported by CubeIDE
2026-05-07 14:40:33,337 [INFO] DbExamplesSqlite:396 - Found 11210 examples active
2026-05-07 14:40:33,338 [INFO] DbExamplesSqlite:397 - Found 0 examples obsolete
2026-05-07 14:40:33,338 [INFO] DbExamplesSqlite:398 - Found 0 examples under development
2026-05-07 14:40:33,339 [INFO] DbExamplesSqlite:399 - Found 76 examples not building
2026-05-07 14:40:33,344 [INFO] DbExamples:125 - Found 11247 examples
2026-05-07 14:40:33,526 [ERROR] DbExamples:208 - Found 377 examples with invalid data (board or MCU)
2026-05-07 14:40:33,527 [INFO] DbExamples:222 - Found 140 boards with related examples
2026-05-07 14:40:33,531 [INFO] DbExamples:235 - Found 114 MCUs with related examples
2026-05-07 14:40:33,600 [INFO] ApiDb:414 - User favorites file not found: C:\Users\hp/.stm32cubeide/favorites.examples.txt
2026-05-07 14:40:33,601 [INFO] DbExamples:250 - Set 0 / 0 favorites Examples
2026-05-07 14:40:34,187 [INFO] McuFinderGlobals:76 - Set McuFinderConnectedMode to true
2026-05-07 14:40:34,220 [INFO] MultiScanPanel:200 - Auto-refresh data requested => check proxy status ongoing
2026-05-07 14:40:34,232 [INFO] FinderPluginLoader:95 - Searching for filters in installed packs
2026-05-07 14:40:38,464 [INFO] LoadUrlFilesThread:185 - End of LoadServerUrlFiles without Thread
2026-05-07 14:40:38,690 [INFO] DetailPanel:341 - Set advertising image to C:/Users/hp/STM32Cube/Repository/\en.prom-stm32wba2-stm32-nucleo-board-0426.png
2026-05-07 14:42:08,133 [INFO] MultiScanPanel:200 - Auto-refresh data requested => check proxy status ongoing
2026-05-07 14:42:08,674 [INFO] LoadUrlFilesThread:185 - End of LoadServerUrlFiles without Thread
2026-05-07 14:42:08,675 [INFO] DetailPanel:341 - Set advertising image to C:/Users/hp/STM32Cube/Repository/\en.prom-stm32wba2-stm32-nucleo-board-0426.png
2026-05-07 14:42:08,720 [INFO] DbBoards:642 - Loading board mini-images...
2026-05-07 14:42:14,368 [INFO] DbBoards:665 - Loaded 218 board mini-images
2026-05-07 14:44:57,722 [INFO] MainUpdater:2872 - connection check result : 10
2026-05-07 14:44:57,724 [INFO] MainUpdater:2872 - connection check result : 10
2026-05-07 14:44:57,846 [INFO] MicroXplorer:468 - Change Database Path : 
2026-05-07 14:44:57,846 [INFO] MicroXplorer:498 - Change Database Version : DB.6.0.140
2026-05-07 14:44:57,889 [WARN] ThirdParty:871 - waiting for thirdparty lock release [close project]
2026-05-07 14:44:57,889 [INFO] ThirdParty:873 - entering critical section [close project]
2026-05-07 14:44:57,901 [INFO] ThirdParty:883 - exiting critical section [close project]
2026-05-07 14:44:57,931 [INFO] PinOutPanel:1589 - setPackage(No Configuration,No Configuration)
2026-05-07 14:44:57,975 [INFO] UtilMem:75 - Begin LoadConfig() Used Memory: 612053824 Bytes (1073741824)
2026-05-07 14:44:58,014 [INFO] OpenFileManager:354 - Change cursor
2026-05-07 14:44:58,156 [WARN] IntegrityCheckThread:84 - waiting for thirdparty lock release [integrity check]
2026-05-07 14:44:58,157 [INFO] IntegrityCheckThread:86 - entering critical section [integrity check]
2026-05-07 14:45:00,237 [WARN] PackLoader:240 - Cannot read IP mode file for STMicroelectronics.X-CUBE-AZRTOS-H7.3.5.0
2026-05-07 14:45:00,277 [WARN] PackLoader:240 - Cannot read IP mode file for STMicroelectronics.FP-ATR-ASTRA1.2.0.2
2026-05-07 14:45:00,308 [WARN] PackLoader:240 - Cannot read IP mode file for STMicroelectronics.X-CUBE-SMBUS.2.1.0
2026-05-07 14:45:00,394 [WARN] PackLoader:240 - Cannot read IP mode file for STMicroelectronics.X-CUBE-AZRTOS-F7.1.1.0
2026-05-07 14:45:00,424 [ERROR] Engine:466 - C:\Users\hp\.stm32cubemx\thirdparties\pdsc\STMicroelectronics.FP-SNS-MOTENV1.5.1.0.pdsc: PDSC version is not supported
2026-05-07 14:45:00,449 [ERROR] Engine:466 - C:\Users\hp\.stm32cubemx\thirdparties\pdsc\WES.I-CUBE-Cesium.1.4.0.pdsc: PDSC version is not supported
2026-05-07 14:45:00,484 [WARN] PackLoader:240 - Cannot read IP mode file for STMicroelectronics.X-CUBE-DISPLAY.3.0.0
2026-05-07 14:45:00,526 [WARN] PackLoader:240 - Cannot read IP mode file for STMicroelectronics.X-CUBE-GNSS1.7.1.1
2026-05-07 14:45:00,540 [ERROR] Engine:466 - C:\Users\hp\.stm32cubemx\thirdparties\pdsc\STMicroelectronics.FP-SNS-MOTENVWB1.1.5.0.pdsc: PDSC version is not supported
2026-05-07 14:45:00,564 [WARN] PackLoader:240 - Cannot read IP mode file for STMicroelectronics.X-CUBE-NFC10.1.0.0
2026-05-07 14:45:00,584 [WARN] PackLoader:240 - Cannot read IP mode file for STMicroelectronics.X-CUBE-ST60.1.1.0
2026-05-07 14:45:00,605 [WARN] PackLoader:240 - Cannot read IP mode file for emotas.I-CUBE-CANOPEN.1.3.0
2026-05-07 14:45:00,622 [WARN] PackLoader:240 - Cannot read IP mode file for STMicroelectronics.X-CUBE-GNSS1.7.1.0
2026-05-07 14:45:00,641 [ERROR] Engine:466 - C:\Users\hp\.stm32cubemx\thirdparties\pdsc\STMicroelectronics.FP-SNS-STBOX1.2.1.0.pdsc: PDSC version is not supported
2026-05-07 14:45:00,657 [WARN] PackLoader:240 - Cannot read IP mode file for STMicroelectronics.FP-SNS-SMARTAG2.1.2.0
2026-05-07 14:45:00,673 [WARN] PackLoader:240 - Cannot read IP mode file for STMicroelectronics.FP-SNS-FLIGHT1.5.1.0
2026-05-07 14:45:00,712 [INFO] LogOutputStream:77 - [STDOUT_REDIRECT] 1 : Invalid condition id : UX_CORESTACK_Condition cause : null
2026-05-07 14:45:00,716 [INFO] LogOutputStream:77 - [STDOUT_REDIRECT] 1 : Invalid condition id : UX_CORESTACK_Condition cause : null
2026-05-07 14:45:00,719 [INFO] LogOutputStream:77 - [STDOUT_REDIRECT] 1 : Invalid condition id : UX_CORESTACK_Condition cause : null
2026-05-07 14:45:00,723 [INFO] LogOutputStream:77 - [STDOUT_REDIRECT] 1 : Invalid condition id : UX_CORESTACK_Condition cause : null
2026-05-07 14:45:00,725 [INFO] LogOutputStream:77 - [STDOUT_REDIRECT] 1 : Invalid condition id : UX_CORESTACK_Condition cause : null
2026-05-07 14:45:00,734 [WARN] PackLoader:240 - Cannot read IP mode file for STMicroelectronics.X-CUBE-AZRTOS-WL.2.0.0
2026-05-07 14:45:00,805 [WARN] PackLoader:240 - Cannot read IP mode file for STMicroelectronics.X-CUBE-AZRTOS-H7RS.1.2.0
2026-05-07 14:45:00,825 [WARN] PackLoader:240 - Cannot read IP mode file for STMicroelectronics.X-CUBE-BLE2.3.3.0
2026-05-07 14:45:00,916 [WARN] PackLoader:240 - Cannot read IP mode file for Infineon.AIROC-Wi-Fi-Bluetooth-STM32.1.8.0
2026-05-07 14:45:00,940 [WARN] PackLoader:240 - Cannot read IP mode file for STMicroelectronics.X-CUBE-NFC9.1.0.0
2026-05-07 14:45:00,956 [WARN] PackLoader:240 - Cannot read IP mode file for STMicroelectronics.X-CUBE-BLE1.7.1.0
2026-05-07 14:45:00,970 [WARN] PackLoader:240 - Cannot read IP mode file for wolfSSL.I-CUBE-wolfMQTT.1.19.2
2026-05-07 14:45:00,986 [WARN] PackLoader:240 - Cannot read IP mode file for STMicroelectronics.X-CUBE-EEPRMA1.5.2.0
2026-05-07 14:45:01,002 [WARN] PackLoader:240 - Cannot read IP mode file for wolfSSL.I-CUBE-wolfSSL.5.8.4
2026-05-07 14:45:01,009 [ERROR] Engine:466 - C:\Users\hp\.stm32cubemx\thirdparties\pdsc\STMicroelectronics.FP-SNS-STAIOTCFT.1.1.0.pdsc: PDSC version is not supported
2026-05-07 14:45:01,094 [WARN] PackLoader:240 - Cannot read IP mode file for STMicroelectronics.X-CUBE-MEMS1.12.0.0
2026-05-07 14:45:01,317 [WARN] PackLoader:240 - Cannot read IP mode file for STMicroelectronics.X-CUBE-AZRTOS-G0.1.1.0
2026-05-07 14:45:01,338 [WARN] PackLoader:240 - Cannot read IP mode file for STMicroelectronics.X-CUBE-NFC4.3.0.0
2026-05-07 14:45:01,363 [WARN] PackLoader:240 - Cannot read IP mode file for EmbeddedOffice.I-CUBE-FS-RTOS.1.0.1
2026-05-07 14:45:01,379 [WARN] PackLoader:240 - Cannot read IP mode file for wolfSSL.I-CUBE-wolfTPM.3.8.0
2026-05-07 14:45:01,397 [WARN] PackLoader:240 - Cannot read IP mode file for STMicroelectronics.X-CUBE-TCPP.4.2.0
2026-05-07 14:45:01,425 [WARN] PackLoader:240 - Cannot read IP mode file for RealThread.X-CUBE-RT-Thread_Nano.4.1.1
2026-05-07 14:45:01,448 [WARN] PackLoader:240 - Cannot read IP mode file for STMicroelectronics.FP-ATR-SIGFOX1.3.2.0
2026-05-07 14:45:01,458 [ERROR] Engine:466 - C:\Users\hp\.stm32cubemx\thirdparties\pdsc\STMicroelectronics.X-CUBE-FREERTOS.1.5.0.pdsc: PDSC version is not supported
2026-05-07 14:45:01,481 [WARN] PackLoader:240 - Cannot read IP mode file for ITTIA_DB.I-CUBE-ITTIADB.8.9.0
2026-05-07 14:45:01,498 [WARN] PackLoader:240 - Cannot read IP mode file for Cesanta.I-CUBE-Mongoose.7.21.0
2026-05-07 14:45:01,519 [WARN] PackLoader:240 - Cannot read IP mode file for STMicroelectronics.X-CUBE-NFC6.3.2.0
2026-05-07 14:45:01,541 [WARN] PackLoader:240 - Cannot read IP mode file for STMicroelectronics.X-CUBE-AI.10.2.0
2026-05-07 14:45:01,701 [WARN] PackLoader:240 - Cannot read IP mode file for STMicroelectronics.X-CUBE-MEMS1.12.1.0
2026-05-07 14:45:02,223 [WARN] PackLoader:240 - Cannot read IP mode file for SEGGER.I-CUBE-embOS.1.3.1
2026-05-07 14:45:02,333 [WARN] PackLoader:240 - Cannot read IP mode file for STMicroelectronics.X-CUBE-ALGOBUILD.1.4.0
2026-05-07 14:45:02,350 [WARN] PackLoader:240 - Cannot read IP mode file for STMicroelectronics.X-CUBE-PM33A1.1.0.0
2026-05-07 14:45:02,387 [WARN] PackLoader:240 - Cannot read IP mode file for STMicroelectronics.X-CUBE-AZRTOS-F4.1.1.0
2026-05-07 14:45:02,412 [WARN] PackLoader:240 - Cannot read IP mode file for STMicroelectronics.X-CUBE-ISPU.2.1.0
2026-05-07 14:45:02,435 [ERROR] Engine:466 - C:\Users\hp\.stm32cubemx\thirdparties\pdsc\STMicroelectronics.X-CUBE-IPS.3.2.0.pdsc: PDSC version is not supported
2026-05-07 14:45:02,453 [WARN] PackLoader:240 - Cannot read IP mode file for STMicroelectronics.eDS-WB_DPC_TT-BIDIR.2.1.1
2026-05-07 14:45:02,478 [WARN] PackLoader:240 - Cannot read IP mode file for STMicroelectronics.X-CUBE-NFC12.1.0.0
2026-05-07 14:45:02,532 [WARN] PackLoader:240 - Cannot read IP mode file for STMicroelectronics.X-CUBE-AZRTOS-L5.2.0.0
2026-05-07 14:45:02,554 [WARN] PackLoader:240 - Cannot read IP mode file for STMicroelectronics.eDS-WB_DPC_VIENNA.1.2.0
2026-05-07 14:45:02,572 [WARN] PackLoader:240 - Cannot read IP mode file for STMicroelectronics.eDS-WB_DPC_3PH2L-BIDIR.1.1.1
2026-05-07 14:45:02,583 [ERROR] Engine:466 - C:\Users\hp\.stm32cubemx\thirdparties\pdsc\STMicroelectronics.X-CUBE-ST67W61.1.3.0.pdsc: PDSC version is not supported
2026-05-07 14:45:02,604 [WARN] PackLoader:240 - Cannot read IP mode file for STMicroelectronics.X-CUBE-TOUCHGFX.4.26.1
2026-05-07 14:45:02,625 [WARN] PackLoader:240 - Cannot read IP mode file for STMicroelectronics.FP-SNS-STAIOTCFT.1.0.0
2026-05-07 14:45:02,648 [WARN] PackLoader:240 - Cannot read IP mode file for STMicroelectronics.X-CUBE-DPower.1.3.0
2026-05-07 14:45:02,692 [WARN] ConditionMgr:438 - getConditionDescription Invalid condition id : LAN8742 Phy interface Condition cause : null
2026-05-07 14:45:02,695 [WARN] PackLoader:240 - Cannot read IP mode file for STMicroelectronics.X-CUBE-AZRTOS-L4.2.0.0
2026-05-07 14:45:02,699 [WARN] ConditionMgr:1044 - genDependencies : Invalid condition id : LAN8742 Phy interface Condition cause : null
2026-05-07 14:45:02,700 [WARN] ConditionMgr:1044 - genDependencies : Invalid condition id : LAN8742 Phy interface Condition cause : null
2026-05-07 14:45:02,702 [WARN] ConditionMgr:1044 - genDependencies : Invalid condition id : LAN8742 Phy interface Condition cause : null
2026-05-07 14:45:02,722 [WARN] PackLoader:240 - Cannot read IP mode file for STMicroelectronics.X-CUBE-SFXS2LP1.4.0.0
2026-05-07 14:45:02,739 [WARN] PackLoader:240 - Cannot read IP mode file for STMicroelectronics.X-CUBE-WB05N.2.1.0
2026-05-07 14:45:02,748 [ERROR] Engine:466 - C:\Users\hp\.stm32cubemx\thirdparties\pdsc\STMicroelectronics.X-CUBE-ST67W61.1.2.0.pdsc: PDSC version is not supported
2026-05-07 14:45:02,769 [WARN] PackLoader:240 - Cannot read IP mode file for STMicroelectronics.X-CUBE-BLEMGR.4.1.0
2026-05-07 14:45:02,803 [WARN] ConditionMgr:438 - getConditionDescription Invalid condition id : UX DEVICE CLASS RTOS Condition cause : null
2026-05-07 14:45:02,803 [WARN] ConditionMgr:438 - getConditionDescription Invalid condition id : UX DEVICE CLASS RTOS Condition cause : null
2026-05-07 14:45:02,807 [WARN] PackLoader:240 - Cannot read IP mode file for STMicroelectronics.X-CUBE-AZRTOS-WB.2.0.0
2026-05-07 14:45:02,808 [WARN] ConditionMgr:1044 - genDependencies : Invalid condition id : UX DEVICE CLASS RTOS Condition cause : null
2026-05-07 14:45:02,809 [WARN] ConditionMgr:1044 - genDependencies : Invalid condition id : UX DEVICE CLASS RTOS Condition cause : null
2026-05-07 14:45:02,811 [WARN] ConditionMgr:1044 - genDependencies : Invalid condition id : UX DEVICE CLASS RTOS Condition cause : null
2026-05-07 14:45:02,811 [WARN] ConditionMgr:1044 - genDependencies : Invalid condition id : UX DEVICE CLASS RTOS Condition cause : null
2026-05-07 14:45:02,812 [WARN] ConditionMgr:1044 - genDependencies : Invalid condition id : UX DEVICE CLASS RTOS Condition cause : null
2026-05-07 14:45:02,826 [WARN] ConditionMgr:438 - getConditionDescription Invalid condition id : Cortex-A Device cause : null
2026-05-07 14:45:02,846 [WARN] ConditionMgr:1044 - genDependencies : Invalid condition id : Cortex-A Device cause : null
2026-05-07 14:45:02,847 [WARN] ConditionMgr:1044 - genDependencies : Invalid condition id : Cortex-A Device cause : null
2026-05-07 14:45:02,847 [WARN] ConditionMgr:1044 - genDependencies : Invalid condition id : Cortex-A Device cause : null
2026-05-07 14:45:02,865 [WARN] PackLoader:240 - Cannot read IP mode file for STMicroelectronics.X-CUBE-STSE01.2.0.0
2026-05-07 14:45:02,891 [WARN] PackLoader:240 - Cannot read IP mode file for STMicroelectronics.X-CUBE-SUBG2.5.0.0
2026-05-07 14:45:02,928 [WARN] PackLoader:240 - Cannot read IP mode file for STMicroelectronics.X-CUBE-AZRTOS-G4.2.0.0
2026-05-07 14:45:02,940 [WARN] PackLoader:240 - Cannot read IP mode file for wolfSSL.I-CUBE-wolfSSH.1.4.20
2026-05-07 14:45:02,951 [WARN] PackLoader:240 - Cannot read IP mode file for STMicroelectronics.X-CUBE-NFC7.2.0.0
2026-05-07 14:45:02,964 [WARN] PackLoader:240 - Cannot read IP mode file for STMicroelectronics.X-CUBE-ALS.1.0.2
2026-05-07 14:45:02,986 [WARN] PackLoader:240 - Cannot read IP mode file for STMicroelectronics.X-CUBE-TOF1.3.4.3
2026-05-07 14:45:03,011 [INFO] ThirdParty:978 - Integrity check success = true
2026-05-07 14:45:03,012 [INFO] IntegrityCheckThread:100 - exiting critical section [integrity check]
2026-05-07 14:45:03,012 [INFO] IntegrityCheckThread:103 - End integrity checks thread
2026-05-07 14:45:03,098 [INFO] ProjectFactory:442 - No CPN specified for board STM32F407G-DISC1 => set CPN to STM32F407VGT6
2026-05-07 14:45:03,100 [INFO] Mcu:2011 - Initializing MCU STM32F407V(E-G)Tx STM32F407VGTx STM32F407VGT6
2026-05-07 14:45:08,876 [INFO] Context:756 - Trying to add GPIOservice into a context  which must be forbidden
2026-05-07 14:45:10,183 [INFO] Rule:224 - rule 117617 - U5Cobra4M][GTZC] default value MPCBB3 and MPCBB5 - Not Secured memory - MPCBB1 is applicable
2026-05-07 14:45:10,184 [INFO] Rule:224 - rule 117617 - U5Cobra4M][GTZC] default value MPCBB3 and MPCBB5 - Not Secured memory - MPCBB1 is applicable
2026-05-07 14:45:10,184 [INFO] Rule:224 - rule 117617 - U5Cobra4M][GTZC] default value MPCBB3 and MPCBB5 - Not Secured memory - MPCBB2 is applicable
2026-05-07 14:45:10,184 [INFO] Rule:224 - rule 117617 - U5Cobra4M][GTZC] default value MPCBB3 and MPCBB5 - Not Secured memory - MPCBB2 is applicable
2026-05-07 14:45:10,184 [INFO] Rule:224 - rule 117617 - U5Cobra4M][GTZC] default value MPCBB3 and MPCBB5 - Not Secured memory - MPCBB3 is applicable
2026-05-07 14:45:10,184 [INFO] Rule:224 - rule 117617 - U5Cobra4M][GTZC] default value MPCBB3 and MPCBB5 - Not Secured memory - MPCBB3 is applicable
2026-05-07 14:45:10,185 [INFO] Rule:224 - rule 117617 - U5Cobra4M][GTZC] default value MPCBB3 and MPCBB5 - Not Secured memory - MPCBB4 is applicable
2026-05-07 14:45:10,185 [INFO] Rule:224 - rule 117617 - U5Cobra4M][GTZC] default value MPCBB3 and MPCBB5 - Not Secured memory - MPCBB4 is applicable
2026-05-07 14:45:10,185 [INFO] Rule:224 - rule 117617 - U5Cobra4M][GTZC] default value MPCBB3 and MPCBB5 - Secured memory - MPCBB1 is applicable
2026-05-07 14:45:10,185 [INFO] Rule:224 - rule 117617 - U5Cobra4M][GTZC] default value MPCBB3 and MPCBB5 - Secured memory - MPCBB2 is applicable
2026-05-07 14:45:10,185 [INFO] Rule:224 - rule 117617 - U5Cobra4M][GTZC] default value MPCBB3 and MPCBB5 - Secured memory - MPCBB3 is applicable
2026-05-07 14:45:10,185 [INFO] Rule:224 - rule 117617 - U5Cobra4M][GTZC] default value MPCBB3 and MPCBB5 - Secured memory - MPCBB4 is applicable
2026-05-07 14:45:10,185 [INFO] Rule:224 - rule 117617 - U5Cobra4M][GTZC] default value MPCBB3 and MPCBB5 - Privileged memory - MPCBB1 is applicable
2026-05-07 14:45:10,186 [INFO] Rule:224 - rule 117617 - U5Cobra4M][GTZC] default value MPCBB3 and MPCBB5 - Privileged memory - MPCBB2 is applicable
2026-05-07 14:45:10,186 [INFO] Rule:224 - rule 117617 - U5Cobra4M][GTZC] default value MPCBB3 and MPCBB5 - Privileged memory - MPCBB3 is applicable
2026-05-07 14:45:10,186 [INFO] Rule:224 - rule 117617 - U5Cobra4M][GTZC] default value MPCBB3 and MPCBB5 - Privileged memory - MPCBB4 is applicable
2026-05-07 14:45:10,186 [INFO] Rule:224 - rule 117617 - U5Cobra4M][GTZC] default value MPCBB3 and MPCBB5 - Not Privileged memory - MPCBB1 is applicable
2026-05-07 14:45:10,186 [INFO] Rule:224 - rule 117617 - U5Cobra4M][GTZC] default value MPCBB3 and MPCBB5 - Not Privileged memory - MPCBB2 is applicable
2026-05-07 14:45:10,187 [INFO] Rule:224 - rule 117617 - U5Cobra4M][GTZC] default value MPCBB3 and MPCBB5 - Not Privileged memory - MPCBB3 is applicable
2026-05-07 14:45:10,187 [INFO] Rule:224 - rule 117617 - U5Cobra4M][GTZC] default value MPCBB3 and MPCBB5 - Not Privileged memory - MPCBB4 is applicable
2026-05-07 14:45:10,187 [INFO] Rule:224 - rule 117617 - U5Cobra4M][GTZC] default value MPCBB3 and MPCBB5 - Privileged memory - MPCBB1 is applicable
2026-05-07 14:45:10,187 [INFO] Rule:224 - rule 117617 - U5Cobra4M][GTZC] default value MPCBB3 and MPCBB5 - Privileged memory - MPCBB2 is applicable
2026-05-07 14:45:10,188 [INFO] Rule:224 - rule 117617 - U5Cobra4M][GTZC] default value MPCBB3 and MPCBB5 - Privileged memory - MPCBB3 is applicable
2026-05-07 14:45:10,188 [INFO] Rule:224 - rule 117617 - U5Cobra4M][GTZC] default value MPCBB3 and MPCBB5 - Privileged memory - MPCBB4 is applicable
2026-05-07 14:45:10,188 [INFO] Rule:224 - rule 117617 - U5Cobra4M][GTZC] default value MPCBB3 and MPCBB5 - Privileged memory - MPCBB1 is applicable
2026-05-07 14:45:10,188 [INFO] Rule:224 - rule 117617 - U5Cobra4M][GTZC] default value MPCBB3 and MPCBB5 - Privileged memory - MPCBB2 is applicable
2026-05-07 14:45:10,188 [INFO] Rule:224 - rule 117617 - U5Cobra4M][GTZC] default value MPCBB3 and MPCBB5 - Privileged memory - MPCBB3 is applicable
2026-05-07 14:45:10,189 [INFO] Rule:224 - rule 117617 - U5Cobra4M][GTZC] default value MPCBB3 and MPCBB5 - Privileged memory - MPCBB4 is applicable
2026-05-07 14:45:10,189 [INFO] Rule:224 - rule 117617 - U5Cobra4M][GTZC] default value MPCBB3 and MPCBB5 - Not Privileged memory - MPCBB1 is applicable
2026-05-07 14:45:10,189 [INFO] Rule:224 - rule 117617 - U5Cobra4M][GTZC] default value MPCBB3 and MPCBB5 - Not Privileged memory - MPCBB2 is applicable
2026-05-07 14:45:10,189 [INFO] Rule:224 - rule 117617 - U5Cobra4M][GTZC] default value MPCBB3 and MPCBB5 - Not Privileged memory - MPCBB3 is applicable
2026-05-07 14:45:10,189 [INFO] Rule:224 - rule 117617 - U5Cobra4M][GTZC] default value MPCBB3 and MPCBB5 - Not Privileged memory - MPCBB4 is applicable
2026-05-07 14:45:10,189 [INFO] Rule:224 - rule 117617 - U5Cobra4M][GTZC] default value MPCBB3 and MPCBB5 - Privileged memory - MPCBB1 is applicable
2026-05-07 14:45:10,189 [INFO] Rule:224 - rule 117617 - U5Cobra4M][GTZC] default value MPCBB3 and MPCBB5 - Privileged memory - MPCBB2 is applicable
2026-05-07 14:45:10,190 [INFO] Rule:224 - rule 117617 - U5Cobra4M][GTZC] default value MPCBB3 and MPCBB5 - Privileged memory - MPCBB3 is applicable
2026-05-07 14:45:10,190 [INFO] Rule:224 - rule 117617 - U5Cobra4M][GTZC] default value MPCBB3 and MPCBB5 - Privileged memory - MPCBB4 is applicable
2026-05-07 14:45:10,190 [INFO] Rule:224 - rule Rename SubGHz_Phy SUBGHZ_APPLICATION SUBGHZ_PINGPONG to SUBGHZ_ADV_APPLICATION is applicable
2026-05-07 14:45:10,190 [INFO] Rule:224 - rule Rename Enabled to IBEACON is applicable
2026-05-07 14:45:10,190 [INFO] Rule:224 - rule GTZC_S instance for project manager is applicable
2026-05-07 14:45:10,190 [INFO] Rule:224 - rule GTZC_S instance for context M33S is applicable
2026-05-07 14:45:10,190 [INFO] Rule:224 - rule GTZC_S instance value for IP GTZC is applicable
2026-05-07 14:45:10,190 [INFO] Rule:224 - rule GTZC_S instance for mcu.IP is applicable
2026-05-07 14:45:10,191 [INFO] Rule:224 - rule GTZC_S instance for VP is applicable
2026-05-07 14:45:10,191 [INFO] Rule:224 - rule GTZC_S instance for signal is applicable
2026-05-07 14:45:10,191 [INFO] Rule:224 - rule GTZC_S instance for mcu.Pin is applicable
2026-05-07 14:45:10,191 [INFO] Rule:224 - rule GTZC_S instance for VP is applicable
2026-05-07 14:45:10,191 [INFO] Rule:224 - rule GTZC_S instance for signal is applicable
2026-05-07 14:45:10,191 [INFO] Rule:224 - rule GTZC_S instance for mcu is applicable
2026-05-07 14:45:10,191 [INFO] Rule:224 - rule GTZC_S instance for mcu.Pin is applicable
2026-05-07 14:45:10,191 [INFO] Rule:224 - rule GTZC_S instance value for IP GTZC is applicable
2026-05-07 14:45:10,191 [INFO] Rule:224 - rule GTZC_S instance for project manager is applicable
2026-05-07 14:45:10,192 [INFO] Rule:224 - rule GTZC_S instance for context M33S is applicable
2026-05-07 14:45:10,192 [INFO] Rule:224 - rule GTZC_S instance for VP is applicable
2026-05-07 14:45:10,192 [INFO] Rule:224 - rule GTZC_S instance for signal is applicable
2026-05-07 14:45:10,192 [INFO] Rule:224 - rule SPDIFRX instance for mcu is applicable
2026-05-07 14:45:10,192 [INFO] Rule:224 - rule Rename Tracer Mode is applicable
2026-05-07 14:45:10,192 [INFO] Rule:224 - rule SPDIFRX instance value for IP SPDIFRX is applicable
2026-05-07 14:45:10,192 [INFO] Rule:224 - rule SPDIFRX instance for signal is applicable
2026-05-07 14:45:10,192 [INFO] Rule:224 - rule SPDIFRX instance for project manager is applicable
2026-05-07 14:45:10,192 [INFO] Rule:224 - rule SPDIFRX instance for project manager is applicable
2026-05-07 14:45:10,193 [INFO] Rule:224 - rule ADC Scan  fix with FW F7 is applicable
2026-05-07 14:45:10,193 [INFO] Rule:224 - rule ADC Scan  fix with FW F7 is applicable
2026-05-07 14:45:10,193 [INFO] Rule:224 - rule WakeUp0 Mode is applicable
2026-05-07 14:45:10,193 [INFO] Rule:224 - rule WakeUp0 SIGNAL is applicable
2026-05-07 14:45:10,193 [INFO] Rule:224 - rule WakeUp1 Mode is applicable
2026-05-07 14:45:10,193 [INFO] Rule:224 - rule WakeUp1 SIGNAL is applicable
2026-05-07 14:45:10,193 [INFO] Rule:224 - rule WakeUp2 Mode is applicable
2026-05-07 14:45:10,193 [INFO] Rule:224 - rule WakeUp2 SIGNAL is applicable
2026-05-07 14:45:10,193 [INFO] Rule:224 - rule WakeUp4 Mode is applicable
2026-05-07 14:45:10,194 [INFO] Rule:224 - rule WakeUp4 SIGNAL is applicable
2026-05-07 14:45:10,194 [INFO] Rule:224 - rule WakeUp5 Mode is applicable
2026-05-07 14:45:10,194 [INFO] Rule:224 - rule WakeUp5 SIGNAL is applicable
2026-05-07 14:45:10,194 [INFO] Rule:224 - rule UART/USART WORD LENGTH 7 is applicable
2026-05-07 14:45:10,194 [INFO] Rule:224 - rule UART/USART WORD LENGTH 8 is applicable
2026-05-07 14:45:10,194 [INFO] Rule:224 - rule UART/USART WORD LENGTH 9 is applicable
2026-05-07 14:45:10,194 [INFO] Rule:224 - rule Change Default Value for LSE Drive Capability for WB family is applicable
2026-05-07 14:45:10,194 [INFO] Rule:224 - rule Change Default Value for ADC Clock Prescaler G0 family is applicable
2026-05-07 14:45:10,195 [INFO] Rule:224 - rule ADC SamplingTime fix with FW L0  is applicable
2026-05-07 14:45:10,195 [INFO] Rule:224 - rule ADC SamplingTime fix with FW L0  is applicable
2026-05-07 14:45:10,195 [INFO] Rule:224 - rule ADC SamplingTime fix with FW L0 is applicable
2026-05-07 14:45:10,195 [INFO] Rule:224 - rule ADC SamplingTime fix with FW L0 is applicable
2026-05-07 14:45:10,195 [INFO] Rule:224 - rule ADC SamplingTime fix with FW L0  is applicable
2026-05-07 14:45:10,195 [INFO] Rule:224 - rule ADC SamplingTime fix with FW L0 is applicable
2026-05-07 14:45:10,195 [INFO] Rule:224 - rule Rename USB_OE Signal is applicable
2026-05-07 14:45:10,196 [INFO] Rule:224 - rule Rename Activate_OE Mode is applicable
2026-05-07 14:45:10,196 [INFO] Rule:224 - rule Rename DIE462/DIE415 pin PC14/OSC32_IN -> PC14-OSC32_IN (PC14) is applicable
2026-05-07 14:45:10,196 [INFO] Rule:224 - rule Rename DIE462/DIE415 pin PC15/OSC32_OUT -> PC15-OSC32_OUT (PC15) is applicable
2026-05-07 14:45:10,196 [INFO] Rule:224 - rule Rename DIE462/DIE415 pin PH0/OSC_IN -> PH0-OSC_IN (PH0) is applicable
2026-05-07 14:45:10,196 [INFO] Rule:224 - rule Rename DIE462/DIE415 pin PH1/OSC_OUT -> PH1-OSC_OUT (PH1) is applicable
2026-05-07 14:45:10,198 [INFO] Rule:224 - rule Rename DIE462 pin PA13 -> PA13 (JTMS/SWDIO) is applicable
2026-05-07 14:45:10,198 [INFO] Rule:224 - rule Rename DIE415 pin PA13 -> PA13 (JTMS/SWDIO) is applicable
2026-05-07 14:45:10,198 [INFO] Rule:224 - rule Rename DIE462 pin PA14 -> PA14 (JTCK/SWCLK) is applicable
2026-05-07 14:45:10,199 [INFO] Rule:224 - rule Rename DIE415 pin PA14 -> PA14 (JTCK/SWCLK) is applicable
2026-05-07 14:45:10,199 [INFO] Rule:224 - rule Rename DIE462/DIE415 pin PA15 -> PA15 (JTDI) is applicable
2026-05-07 14:45:10,199 [INFO] Rule:224 - rule Rename DIE462 pin PB3 -> PB3 (JTD0/TRACESWO) is applicable
2026-05-07 14:45:10,199 [INFO] Rule:224 - rule Rename DIE415 pin PB3 -> PB3 (JTD0-TRACESWO) is applicable
2026-05-07 14:45:10,200 [INFO] Rule:224 - rule Rename DIE462/DIE415 pin PB4 -> PB4 (NJTRST) is applicable
2026-05-07 14:45:10,200 [INFO] Rule:224 - rule Rename DIE462 pin PH3/BOOT0 -> PH3-BOOT0 (BOOT0) is applicable
2026-05-07 14:45:10,200 [INFO] Rule:224 - rule Rename CRYP DataEncryptionTypesList to Algorithm is applicable
2026-05-07 14:45:10,200 [INFO] Rule:224 - rule Rename AES DataEncryptionTypesList to Algorithm is applicable
2026-05-07 14:45:10,200 [INFO] Rule:224 - rule Rename TDESECB to CRYP_TDES_ECB is applicable
2026-05-07 14:45:10,200 [INFO] Rule:224 - rule Rename TDESCBC to CRYP_TDES_CBC is applicable
2026-05-07 14:45:10,200 [INFO] Rule:224 - rule Rename DESECB to CRYP_DES_ECB is applicable
2026-05-07 14:45:10,201 [INFO] Rule:224 - rule Rename DESCBC to CRYP_DES_CBC is applicable
2026-05-07 14:45:10,201 [INFO] Rule:224 - rule Rename AESECB to CRYP_AES_ECB is applicable
2026-05-07 14:45:10,201 [INFO] Rule:224 - rule Rename AESCBC to CRYP_AES_CBC is applicable
2026-05-07 14:45:10,201 [INFO] Rule:224 - rule Rename AESCTR to CRYP_AES_CTR is applicable
2026-05-07 14:45:10,201 [INFO] Rule:224 - rule Rename AESGCM to CRYP_AES_GCM is applicable
2026-05-07 14:45:10,201 [INFO] Rule:224 - rule Rename AESCCM to CRYP_AES_CCM is applicable
2026-05-07 14:45:10,202 [INFO] Rule:224 - rule Rename CAN TimeSeg1 to BS1 is applicable
2026-05-07 14:45:10,202 [INFO] Rule:224 - rule Rename CAN TimeSeg2 to BS2 is applicable
2026-05-07 14:45:10,202 [INFO] Rule:224 - rule Rename CAN SyncJumpWidth to SJW is applicable
2026-05-07 14:45:10,202 [INFO] Rule:224 - rule TimeTriggeredMode to TTCM is applicable
2026-05-07 14:45:10,202 [INFO] Rule:224 - rule Rename CAN AutoBusOff to ABOM is applicable
2026-05-07 14:45:10,202 [INFO] Rule:224 - rule Rename CAN AutoWakeUp to AWUM is applicable
2026-05-07 14:45:10,203 [INFO] Rule:224 - rule Rename CAN AutoRetransmission to NART is applicable
2026-05-07 14:45:10,204 [INFO] Rule:224 - rule Rename CAN ReceiveFifoLocked to RFLM is applicable
2026-05-07 14:45:10,204 [INFO] Rule:224 - rule Rename CAN TransmitFifoPriority to TXFP is applicable
2026-05-07 14:45:10,205 [INFO] Rule:224 - rule Rename HRTIMER HRTIM_OUTPUTFAULTLEVEL_HIGH in HRTIMER HRTIM_OUTPUTFAULTLEVEL_HIGHZ is applicable
2026-05-07 14:45:10,205 [INFO] Rule:224 - rule Rename TIMER TIM_CLEARINPUTSOURCE_OCREFCLR in  TIMER TIM_CLEARINPUTSOURCE_NONE for F7 family is applicable
2026-05-07 14:45:10,206 [INFO] Rule:224 - rule FDCAN_R1 - Rename FDCAN mode Master into Classic is applicable
2026-05-07 14:45:10,206 [INFO] Rule:224 - rule FDCAN_R2 - Rename FDCAN mode Slave into Classic is applicable
2026-05-07 14:45:10,206 [INFO] Rule:224 - rule FDCAN1_R3 - if PA10.Mode=FullDuplex, add Pin PA12 is applicable
2026-05-07 14:45:10,207 [INFO] Rule:224 - rule FDCAN1_R3 - if PA9.Mode=FullDuplex, add Pin PA11 is applicable
2026-05-07 14:45:10,207 [INFO] Rule:224 - rule FDCAN1_R3 - Alternatepin_1 - if PE1.Mode=FullDuplex, add Pin PB9 is applicable
2026-05-07 14:45:10,207 [INFO] Rule:224 - rule FDCAN1_R3 - Alternatepin_1 - if PE0.Mode=FullDuplex, add Pin PB8 is applicable
2026-05-07 14:45:10,207 [INFO] Rule:224 - rule FDCAN1_R3 - Alternatepin_2 - if PD5.Mode=FullDuplex, add Pin PD1 is applicable
2026-05-07 14:45:10,208 [INFO] Rule:224 - rule FDCAN1_R3 - Alternatepin_2 - if PD4.Mode=FullDuplex, add Pin PD0 is applicable
2026-05-07 14:45:10,208 [INFO] Rule:224 - rule FDCAN1_R4 - Rename Mode FullDuplex into Enable FDCAN_TXFD for pin PA10 is applicable
2026-05-07 14:45:10,208 [INFO] Rule:224 - rule FDCAN1_R4 - Rename Mode FullDuplex into Enable FDCAN_TXFD for pin PA9 is applicable
2026-05-07 14:45:10,208 [INFO] Rule:224 - rule FDCAN1_R4 - Alternatepin_1 - Rename Mode FullDuplex into Enable FDCAN_TXFD for pin PE1 is applicable
2026-05-07 14:45:10,208 [INFO] Rule:224 - rule FDCAN1_R4 - Alternatepin_1 - Rename Mode FullDuplex into Enable FDCAN_TXFD for pin PE0 is applicable
2026-05-07 14:45:10,209 [INFO] Rule:224 - rule FDCAN1_R4 - Alternatepin_2 - Rename Mode FullDuplex into Enable FDCAN_TXFD for pin PD5 is applicable
2026-05-07 14:45:10,209 [INFO] Rule:224 - rule FDCAN1_R4 - Alternatepin_2 - Rename Mode FullDuplex into Enable FDCAN_TXFD for pin PD4 is applicable
2026-05-07 14:45:10,209 [INFO] Rule:224 - rule FDCAN2_R3 - if PD10.Mode=FullDuplex, add Pin PB13 is applicable
2026-05-07 14:45:10,209 [INFO] Rule:224 - rule FDCAN2_R3 - if PD9.Mode=FullDuplex, add Pin PB12 is applicable
2026-05-07 14:45:10,209 [INFO] Rule:224 - rule FDCAN2_R3 - Alternatepin_1 - if PB7.Mode=FullDuplex, add Pin PB6 is applicable
2026-05-07 14:45:10,209 [INFO] Rule:224 - rule FDCAN2_R3 - Alternatepin_1 - if PD9.Mode=FullDuplex, add Pin PB12 is applicable
2026-05-07 14:45:10,209 [INFO] Rule:224 - rule FDCAN2_R4 - Rename Mode FullDuplex into Enable FDCAN_TXFD for pin PD10 is applicable
2026-05-07 14:45:10,210 [INFO] Rule:224 - rule FDCAN2_R4 - Rename Mode FullDuplex into Enable FDCAN_TXFD for pin PD9 is applicable
2026-05-07 14:45:10,210 [INFO] Rule:224 - rule FDCAN2_R4 - Alternatepin_1 - Rename Mode FullDuplex into Enable FDCAN_TXFD for pin PB7 is applicable
2026-05-07 14:45:10,210 [INFO] Rule:224 - rule FDCAN2_R4 - Alternatepin_1 - Rename Mode FullDuplex into Enable FDCAN_TXFD for pin PD6 is applicable
2026-05-07 14:45:10,210 [INFO] Rule:224 - rule USART TxPinLevelInvertParam Mode is applicable
2026-05-07 14:45:10,210 [INFO] Rule:224 - rule USART RxPinLevelInvertParam Mode is applicable
2026-05-07 14:45:10,210 [INFO] Rule:224 - rule USART DataInvertParam Mode is applicable
2026-05-07 14:45:10,210 [INFO] Rule:224 - rule USART SwapParam Mode is applicable
2026-05-07 14:45:10,211 [INFO] Rule:224 - rule USART OverrunDisableParam Mode is applicable
2026-05-07 14:45:10,211 [INFO] Rule:224 - rule USART DMADisableonRxErrorParam Mode is applicable
2026-05-07 14:45:10,211 [INFO] Rule:224 - rule USART MSBFirstParam Mode is applicable
2026-05-07 14:45:10,211 [INFO] Rule:224 - rule Update MwName for USB_DEVICE is applicable
2026-05-07 14:45:10,211 [INFO] Rule:224 - rule Change PWR_Regulator_Voltage_Scale Default Value for RCC  H7 family is applicable
2026-05-07 14:45:10,211 [INFO] Rule:224 - rule UART/USART IPParameter rename Prescaler parameter to ClockPrescaler is applicable
2026-05-07 14:45:10,211 [INFO] Rule:224 - rule UART/USART Prescaler rename Prescaler parameter to ClockPrescaler is applicable
2026-05-07 14:45:10,211 [INFO] Rule:224 - rule TIM1CLockSelection is applicable
2026-05-07 14:45:10,211 [INFO] Rule:224 - rule TIM15CLockSelection is applicable
2026-05-07 14:45:10,211 [INFO] Rule:224 - rule align RCC SDMMC3CLockSelection default value on MP1 is applicable
2026-05-07 14:45:10,211 [INFO] Rule:224 - rule align RCC SDMMC12CLockSelection default value on MP1 is applicable
2026-05-07 14:45:10,211 [INFO] Rule:224 - rule align RCC QSPICLockSelection default value on MP1 is applicable
2026-05-07 14:45:10,212 [INFO] Rule:224 - rule align RCC QSPICLockSelection default value on MP1 is applicable
2026-05-07 14:45:10,212 [INFO] Rule:224 - rule align RCC SPI6CLockSelection default value on MP1 is applicable
2026-05-07 14:45:10,212 [INFO] Rule:224 - rule align RCC LPTIM23CLockSelection default value on MP1 is applicable
2026-05-07 14:45:10,212 [INFO] Rule:224 - rule align RCC LPTIM1CLockSelection default value on MP1 is applicable
2026-05-07 14:45:10,212 [INFO] Rule:224 - rule align RCC USART1CLockSelection default value on MP1 is applicable
2026-05-07 14:45:10,212 [INFO] Rule:224 - rule align RCC USART24CLockSelection default value on MP1 is applicable
2026-05-07 14:45:10,212 [INFO] Rule:224 - rule align RCC USART6CLockSelection default value on MP1 is applicable
2026-05-07 14:45:10,212 [INFO] Rule:224 - rule align RCC UART78CLockSelection default value on MP1 is applicable
2026-05-07 14:45:10,212 [INFO] Rule:224 - rule align RCC USART35CLockSelection default value on MP1 is applicable
2026-05-07 14:45:10,212 [INFO] Rule:224 - rule align RCC SPI45CLockSelection default value on MP1 is applicable
2026-05-07 14:45:10,213 [INFO] Rule:224 - rule align RCC I2C46CLockSelection BCLK value on MP1 is applicable
2026-05-07 14:45:10,213 [INFO] Rule:224 - rule align RCC SPI45CLockSelection default value on MP1 is applicable
2026-05-07 14:45:10,213 [INFO] Rule:224 - rule align RCC I2C12CLockSelection default value on MP1 is applicable
2026-05-07 14:45:10,213 [INFO] Rule:224 - rule align RCC I2C35CLockSelection default value on MP1 is applicable
2026-05-07 14:45:10,213 [INFO] Rule:224 - rule align RCC LPTIM45CLockSelection default value on MP1 is applicable
2026-05-07 14:45:10,213 [INFO] Rule:224 - rule Rename DCMI PIXCK signal is applicable
2026-05-07 14:45:10,213 [INFO] Rule:224 - rule Change Default Value for I2C46CLockSelection MP1 family is applicable
2026-05-07 14:45:10,213 [INFO] Rule:224 - rule Change Default Value for UART for G4, G0 and WB families is applicable
2026-05-07 14:45:10,214 [INFO] Rule:224 - rule Change Default Value for USART for G4, G0 and WB families is applicable
2026-05-07 14:45:10,214 [INFO] Rule:224 - rule Change Default Value for USART for G4 family is applicable
2026-05-07 14:45:10,214 [INFO] Rule:224 - rule Change USART1CLockSelection refparam name for MP1 is applicable
2026-05-07 14:45:10,214 [INFO] Rule:224 - rule Change USART2CLockSelection refparam name for MP1 is applicable
2026-05-07 14:45:10,214 [INFO] Rule:224 - rule Change USART3CLockSelection refparam name for MP1 is applicable
2026-05-07 14:45:10,214 [INFO] Rule:224 - rule Change UART4CLockSelection refparam name for MP1 is applicable
2026-05-07 14:45:10,214 [INFO] Rule:224 - rule Change UART5CLockSelection refparam name for MP1 is applicable
2026-05-07 14:45:10,214 [INFO] Rule:224 - rule Change LPUART1CLockSelection refparam name for MP1 is applicable
2026-05-07 14:45:10,214 [INFO] Rule:224 - rule Change LPTIM1CLockSelection refparam name for MP1 is applicable
2026-05-07 14:45:10,214 [INFO] Rule:224 - rule Change LPTIM2CLockSelection refparam name for MP1 is applicable
2026-05-07 14:45:10,214 [INFO] Rule:224 - rule Change RCC_MCO1Source refparam name for MP1 is applicable
2026-05-07 14:45:10,215 [INFO] Rule:224 - rule Change LSCOSource1 refparam name for MP1 is applicable
2026-05-07 14:45:10,215 [INFO] Rule:224 - rule Change SMPSCLockSelection refparam name for MP1 is applicable
2026-05-07 14:45:10,215 [INFO] Rule:224 - rule Change LPTIM3CLockSelection refparam name for MP1 is applicable
2026-05-07 14:45:10,215 [INFO] Rule:224 - rule Change MPCBB* Default Template Mode to Parameters is applicable
2026-05-07 14:45:10,215 [INFO] Rule:224 - rule Change MPCWM* or MPCBB* Secure Mode to Parameters is applicable
2026-05-07 14:45:10,215 [INFO] Rule:224 - rule Change MPCWM* or MPCBB* No Secure Mode to Parameters is applicable
2026-05-07 14:45:10,215 [INFO] Rule:224 - rule Change TZSC IP Secure Mode to Parameters is applicable
2026-05-07 14:45:10,215 [INFO] Rule:224 - rule Change TZSC IP No Secure Mode to Parameters is applicable
2026-05-07 14:45:10,216 [INFO] Rule:224 - rule Change TZSC IP Privilege Mode to Parameters is applicable
2026-05-07 14:45:10,216 [INFO] Rule:224 - rule Change TZSC IP No Privilege Mode to Parameters is applicable
2026-05-07 14:45:10,216 [INFO] Rule:224 - rule Change TZIC IT Secure Mode to Parameters is applicable
2026-05-07 14:45:10,216 [INFO] Rule:224 - rule Change TZIC IT No Secure Mode to Parameters is applicable
2026-05-07 14:45:10,216 [INFO] Rule:224 - rule Add MPCBB1_NonSecureArea_Start_Address value with referenced to MPCBB1_NonSecureArea_Start value is applicable
2026-05-07 14:45:10,216 [INFO] Rule:224 - rule Add MPCBB2_NonSecureArea_Start_Address value with referenced to MPCBB2_NonSecureArea_Start value is applicable
2026-05-07 14:45:10,216 [INFO] Rule:224 - rule Add MPCWM1_NonSecureArea*_Start_Address value with referenced to MPCWM1_NonSecureArea*_Start value is applicable
2026-05-07 14:45:10,216 [INFO] Rule:224 - rule Add MPCWM2_NonSecureArea*_Start_Address value with referenced to MPCWM2_NonSecureArea*_Start value is applicable
2026-05-07 14:45:10,217 [INFO] Rule:224 - rule Add MPCWM3_NonSecureArea_Start_Address value with referenced to MPCWM3_NonSecureArea_Start value is applicable
2026-05-07 14:45:10,217 [INFO] Rule:224 - rule Change Default Value for PLL1UserDefinedConfig is applicable
2026-05-07 14:45:10,217 [INFO] Rule:224 - rule Change GPIO_PuPd Default Value for USART in async mode is applicable
2026-05-07 14:45:10,217 [INFO] Rule:224 - rule Change SMPSDivider Default Value is applicable
2026-05-07 14:45:10,217 [INFO] Rule:224 - rule OPAMP is applicable
2026-05-07 14:45:10,217 [INFO] Rule:224 - rule LPUART IPParameter rename Prescaler parameter to ClockPrescaler for STM32H7 is applicable
2026-05-07 14:45:10,217 [INFO] Rule:224 - rule LPUART IPParameter rename Prescaler parameter to ClockPrescaler for STM32H7 is applicable
2026-05-07 14:45:10,217 [INFO] Rule:224 - rule LPUART IPParameter rename Prescaler parameter to ClockPrescaler for STM32WB is applicable
2026-05-07 14:45:10,217 [INFO] Rule:224 - rule LPUART IPParameter rename Prescaler parameter to ClockPrescaler for STM32WB is applicable
2026-05-07 14:45:10,217 [INFO] Rule:224 - rule LPUART IPParameter rename Prescaler parameter to ClockPrescaler for STM32G4 is applicable
2026-05-07 14:45:10,218 [INFO] Rule:224 - rule LPUART IPParameter rename Prescaler parameter to ClockPrescaler for STM32G4 is applicable
2026-05-07 14:45:10,218 [INFO] Rule:224 - rule LPUART IPParameter rename Prescaler parameter to ClockPrescaler for STM32L5 is applicable
2026-05-07 14:45:10,218 [INFO] Rule:224 - rule LPUART IPParameter rename Prescaler parameter to ClockPrescaler for STM32L5 is applicable
2026-05-07 14:45:10,218 [INFO] Rule:224 - rule LPUART IPParameter rename Prescaler parameter to ClockPrescaler for STM32G4 is applicable
2026-05-07 14:45:10,218 [INFO] Rule:224 - rule LPUART IPParameter rename Prescaler parameter to ClockPrescaler for STM32G4 is applicable
2026-05-07 14:45:10,218 [INFO] Rule:224 - rule USB device lib V2.5.3 for L0 rename USBD_SUPPORT_USER_STRING parameter to USBD_SUPPORT_USER_STRING_DESC4 is applicable
2026-05-07 14:45:10,218 [INFO] Rule:224 - rule I2SCLockSelection clock entry align is applicable
2026-05-07 14:45:10,218 [INFO] Rule:224 - rule Assign TIMx context if used as SYS timebase is applicable
2026-05-07 14:45:10,219 [INFO] Rule:224 - rule Change GPIO_Pu Default Value for I2C is applicable
2026-05-07 14:45:10,219 [INFO] Rule:224 - rule Change GPIO_Pu Default Value for SMBus is applicable
2026-05-07 14:45:10,219 [INFO] Rule:224 - rule change FDCAN default value is applicable
2026-05-07 14:45:10,219 [INFO] Rule:224 - rule Change mode sai is applicable
2026-05-07 14:45:10,219 [INFO] Rule:224 - rule **Change sai mode is applicable
2026-05-07 14:45:10,219 [INFO] Rule:224 - rule Rename STM32WPAN CFG_BLE_IRK to CFG_BLE_IR is applicable
2026-05-07 14:45:10,219 [INFO] Rule:224 - rule Rename STM32WPAN CFG_BLE_ERK to CFG_BLE_ER is applicable
2026-05-07 14:45:10,219 [INFO] Rule:224 - rule Rename STM32WPAN CFG_BLE_IRK_HEX to CFG_BLE_IR_HEX is applicable
2026-05-07 14:45:10,220 [INFO] Rule:224 - rule Rename STM32WPAN CFG_BLE_ERK_HEX to CFG_BLE_ER_HEX is applicable
2026-05-07 14:45:10,220 [INFO] Rule:224 - rule Adapt Old IOC before rework replace old CORTEX_M33/CORTEX_M55 attributes by the new one. is applicable
2026-05-07 14:45:10,220 [INFO] Rule:224 - rule Rename parametre of RCC RCC_APBDBG_DIV2 to RCC_TIMPRES_DIV2 is applicable
2026-05-07 14:45:10,220 [INFO] Rule:224 - rule Rename DIE493 pin PA10 [PA12] -> PA10 is applicable
2026-05-07 14:45:10,220 [INFO] Rule:224 - rule Rename DIE493 pin PA9 [PA11] -> PA9 is applicable
2026-05-07 14:45:10,266 [INFO] DbConfProperties:307 - Apply Compatibility (34/234 Rules)
2026-05-07 14:45:10,318 [INFO] ImportTextPane:218 - (OptionalMessage_ERROR) Unable to find key (Mcu.ThirdPartyNb) in loaded IOC file
2026-05-07 14:45:10,331 [INFO] ImportTextPane:218 - (OptionalMessage_ERROR) Pin34 (VP_RIF_VS_RIF1) cannot be retrieved for this MCU
2026-05-07 14:45:10,791 [INFO] RtosManager:558 - Registered RTOS mode: class=CMSIS, group=RTOS, mode=CMSIS_V1, owner=FREERTOS
2026-05-07 14:45:10,792 [INFO] RtosManager:558 - Registered RTOS mode: class=CMSIS, group=RTOS2, mode=CMSIS_V2, owner=FREERTOS
2026-05-07 14:45:10,792 [INFO] RtosManager:558 - Registered RTOS mode: class=RTOS, group=Core, mode=CMSIS_V1, owner=FREERTOS
2026-05-07 14:45:10,793 [INFO] RtosManager:558 - Registered RTOS mode: class=RTOS, group=Core, mode=CMSIS_V2, owner=FREERTOS
2026-05-07 14:45:10,793 [WARN] ModelIntegratedComponent:184 - Missing modes for component STMicroelectronics:FreeRTOS:0.0.1:STMicroelectronics:RTOS:FreeRTOS:Core:::10.2.0:
2026-05-07 14:45:10,832 [WARN] ModelIntegratedComponent:63 - No mode defined for component null
2026-05-07 14:45:10,832 [WARN] ModelIntegratedComponent:63 - No mode defined for component null
2026-05-07 14:45:10,832 [WARN] ModelIntegratedComponent:63 - No mode defined for component null
2026-05-07 14:45:10,832 [WARN] ModelIntegratedComponent:63 - No mode defined for component null
2026-05-07 14:45:10,832 [WARN] ModelIntegratedComponent:63 - No mode defined for component null
2026-05-07 14:45:10,832 [WARN] ModelIntegratedComponent:63 - No mode defined for component null
2026-05-07 14:45:10,832 [WARN] ModelIntegratedComponent:63 - No mode defined for component null
2026-05-07 14:45:10,832 [WARN] ModelIntegratedComponent:63 - No mode defined for component null
2026-05-07 14:45:10,832 [WARN] ModelIntegratedComponent:63 - No mode defined for component null
2026-05-07 14:45:10,833 [WARN] ModelIntegratedComponent:63 - No mode defined for component null
2026-05-07 14:45:10,833 [WARN] ModelIntegratedComponent:63 - No mode defined for component null
2026-05-07 14:45:10,833 [WARN] ModelIntegratedComponent:63 - No mode defined for component null
2026-05-07 14:45:10,833 [WARN] ModelIntegratedComponent:63 - No mode defined for component null
2026-05-07 14:45:10,833 [WARN] ModelIntegratedComponent:63 - No mode defined for component null
2026-05-07 14:45:10,833 [WARN] ModelIntegratedComponent:63 - No mode defined for component null
2026-05-07 14:45:10,833 [WARN] ModelIntegratedComponent:63 - No mode defined for component null
2026-05-07 14:45:10,833 [WARN] ModelIntegratedComponent:63 - No mode defined for component null
2026-05-07 14:45:10,833 [WARN] ModelIntegratedComponent:63 - No mode defined for component null
2026-05-07 14:45:10,833 [WARN] ModelIntegratedComponent:63 - No mode defined for component null
2026-05-07 14:45:10,833 [WARN] ModelIntegratedComponent:63 - No mode defined for component null
2026-05-07 14:45:10,834 [WARN] ModelIntegratedComponent:63 - No mode defined for component null
2026-05-07 14:45:10,834 [WARN] ModelIntegratedComponent:63 - No mode defined for component null
2026-05-07 14:45:10,834 [WARN] ModelIntegratedComponent:63 - No mode defined for component null
2026-05-07 14:45:10,834 [WARN] ModelIntegratedComponent:63 - No mode defined for component null
2026-05-07 14:45:10,834 [WARN] ModelIntegratedComponent:63 - No mode defined for component null
2026-05-07 14:45:10,834 [WARN] ModelIntegratedComponent:63 - No mode defined for component null
2026-05-07 14:45:10,834 [WARN] ModelIntegratedComponent:63 - No mode defined for component null
2026-05-07 14:45:10,834 [WARN] ModelIntegratedComponent:63 - No mode defined for component null
2026-05-07 14:45:10,834 [WARN] ModelIntegratedComponent:63 - No mode defined for component null
2026-05-07 14:45:10,834 [WARN] ModelIntegratedComponent:63 - No mode defined for component null
2026-05-07 14:45:10,834 [WARN] ModelIntegratedComponent:63 - No mode defined for component null
2026-05-07 14:45:10,834 [WARN] ModelIntegratedComponent:63 - No mode defined for component null
2026-05-07 14:45:10,835 [WARN] ModelIntegratedComponent:63 - No mode defined for component null
2026-05-07 14:45:10,835 [WARN] ModelIntegratedComponent:63 - No mode defined for component null
2026-05-07 14:45:10,835 [WARN] ModelIntegratedComponent:63 - No mode defined for component null
2026-05-07 14:45:10,835 [WARN] ModelPack:524 - Component already loaded: STMicroelectronics:HAL Drivers:0.0.0:STMicroelectronics:Device:STMicro_Driver:XSPI:HAL::0.0.1:HAL_XSPI
2026-05-07 14:45:11,090 [INFO] ThirdPartyModel:298 - Start build external matchings
2026-05-07 14:45:13,231 [INFO] ThirdPartyModel:316 - End build external matchings
2026-05-07 14:45:15,162 [INFO] UtilMem:75 - End LoadConfig() Used Memory: 917725808 Bytes (1073741824)
2026-05-07 14:45:16,561 [WARN] ThirdParty:833 - waiting for thirdparty lock release [change project]
2026-05-07 14:45:16,563 [INFO] ThirdParty:835 - entering critical section [change project]
2026-05-07 14:45:16,564 [INFO] ThirdParty:1030 - CMSIS Pack Vendor :STMicroelectronics X-CUBE-AZRTOS-H7 3.5.0
2026-05-07 14:45:16,565 [INFO] ThirdParty:1030 - CMSIS Pack Vendor :STMicroelectronics X-CUBE-PM33A1 1.0.0
2026-05-07 14:45:16,565 [INFO] ThirdParty:1030 - CMSIS Pack Vendor :STMicroelectronics USBPD 4.1
2026-05-07 14:45:16,566 [INFO] ThirdParty:1030 - CMSIS Pack Vendor :STMicroelectronics X-CUBE-NFC9 1.0.0
2026-05-07 14:45:16,566 [INFO] ThirdParty:1030 - CMSIS Pack Vendor :STMicroelectronics USB_HOST 2.0.0
2026-05-07 14:45:16,567 [INFO] ThirdParty:1030 - CMSIS Pack Vendor :STMicroelectronics X-CUBE-AZRTOS-F4 1.1.0
2026-05-07 14:45:16,567 [INFO] ThirdParty:1030 - CMSIS Pack Vendor :STMicroelectronics LIBJPEG 8.0.0
2026-05-07 14:45:16,568 [INFO] ThirdParty:1030 - CMSIS Pack Vendor :STMicroelectronics FP-ATR-ASTRA1 2.0.2
2026-05-07 14:45:16,568 [INFO] ThirdParty:1030 - CMSIS Pack Vendor :STMicroelectronics X-CUBE-BLE1 7.1.0
2026-05-07 14:45:16,569 [INFO] ThirdParty:1030 - CMSIS Pack Vendor :STMicroelectronics X-CUBE-SMBUS 2.1.0
2026-05-07 14:45:16,569 [INFO] ThirdParty:1030 - CMSIS Pack Vendor :wolfSSL I-CUBE-wolfMQTT 1.19.2
2026-05-07 14:45:16,570 [INFO] ThirdParty:1030 - CMSIS Pack Vendor :STMicroelectronics USB_DEVICE 3.0.0
2026-05-07 14:45:16,570 [INFO] ThirdParty:1030 - CMSIS Pack Vendor :STMicroelectronics X-CUBE-ISPU 2.1.0
2026-05-07 14:45:16,570 [INFO] ThirdParty:1030 - CMSIS Pack Vendor :STMicroelectronics X-CUBE-EEPRMA1 5.2.0
2026-05-07 14:45:16,570 [INFO] ThirdParty:1030 - CMSIS Pack Vendor :STMicroelectronics X-CUBE-BLEMGR 4.1.0
2026-05-07 14:45:16,570 [INFO] ThirdParty:1030 - CMSIS Pack Vendor :STMicroelectronics eDS-WB_DPC_TT-BIDIR 2.1.1
2026-05-07 14:45:16,570 [INFO] ThirdParty:1030 - CMSIS Pack Vendor :STMicroelectronics X-CUBE-AZRTOS-WB 2.0.0
2026-05-07 14:45:16,570 [INFO] ThirdParty:1030 - CMSIS Pack Vendor :wolfSSL I-CUBE-wolfSSL 5.8.4
2026-05-07 14:45:16,570 [INFO] ThirdParty:1030 - CMSIS Pack Vendor :STMicroelectronics X-CUBE-NFC12 1.0.0
2026-05-07 14:45:16,571 [INFO] ThirdParty:1030 - CMSIS Pack Vendor :STMicroelectronics X-CUBE-AZRTOS-F7 1.1.0
2026-05-07 14:45:16,571 [INFO] ThirdParty:1030 - CMSIS Pack Vendor :STMicroelectronics X-CUBE-AZRTOS-L5 2.0.0
2026-05-07 14:45:16,571 [INFO] ThirdParty:1030 - CMSIS Pack Vendor :STMicroelectronics USB_DEVICE 2.0.0
2026-05-07 14:45:16,571 [INFO] ThirdParty:1030 - CMSIS Pack Vendor :quantropi X-CUBE-qispace-sdk-base 2.1.0
2026-05-07 14:45:16,571 [INFO] ThirdParty:1030 - CMSIS Pack Vendor :STMicroelectronics X-CUBE-MEMS1 12.0.0
2026-05-07 14:45:16,571 [INFO] ThirdParty:1030 - CMSIS Pack Vendor :STMicroelectronics X-CUBE-STSE01 2.0.0
2026-05-07 14:45:16,571 [INFO] ThirdParty:1030 - CMSIS Pack Vendor :STMicroelectronics FreeRTOS 0.0.1
2026-05-07 14:45:16,571 [INFO] ThirdParty:1030 - CMSIS Pack Vendor :STMicroelectronics X-CUBE-AZRTOS-G0 1.1.0
2026-05-07 14:45:16,571 [INFO] ThirdParty:1030 - CMSIS Pack Vendor :STMicroelectronics X-CUBE-NFC4 3.0.0
2026-05-07 14:45:16,571 [INFO] ThirdParty:1030 - CMSIS Pack Vendor :STMicroelectronics X-CUBE-SUBG2 5.0.0
2026-05-07 14:45:16,571 [INFO] ThirdParty:1030 - CMSIS Pack Vendor :STMicroelectronics STM32_WPAN 1.0.0
2026-05-07 14:45:16,572 [INFO] ThirdParty:1030 - CMSIS Pack Vendor :STMicroelectronics eDS-WB_DPC_VIENNA 1.2.0
2026-05-07 14:45:16,572 [INFO] ThirdParty:1030 - CMSIS Pack Vendor :EmbeddedOffice I-CUBE-FS-RTOS 1.0.1
2026-05-07 14:45:16,572 [INFO] ThirdParty:1030 - CMSIS Pack Vendor :STMicroelectronics lwIP 2.0.3
2026-05-07 14:45:16,572 [INFO] ThirdParty:1030 - CMSIS Pack Vendor :STMicroelectronics eDS-WB_DPC_3PH2L-BIDIR 1.1.1
2026-05-07 14:45:16,572 [INFO] ThirdParty:1030 - CMSIS Pack Vendor :STMicroelectronics USB_HOST 1.0.0
2026-05-07 14:45:16,572 [INFO] ThirdParty:1030 - CMSIS Pack Vendor :STMicroelectronics X-CUBE-AZRTOS-G4 2.0.0
2026-05-07 14:45:16,572 [INFO] ThirdParty:1030 - CMSIS Pack Vendor :STMicroelectronics PDM2PCM 3.1.0
2026-05-07 14:45:16,572 [INFO] ThirdParty:1030 - CMSIS Pack Vendor :STMicroelectronics PDM2PCM 3.3.0
2026-05-07 14:45:16,572 [INFO] ThirdParty:1030 - CMSIS Pack Vendor :wolfSSL I-CUBE-wolfTPM 3.8.0
2026-05-07 14:45:16,572 [INFO] ThirdParty:1030 - CMSIS Pack Vendor :STMicroelectronics X-CUBE-DISPLAY 3.0.0
2026-05-07 14:45:16,572 [INFO] ThirdParty:1030 - CMSIS Pack Vendor :wolfSSL I-CUBE-wolfSSH 1.4.20
2026-05-07 14:45:16,572 [INFO] ThirdParty:1030 - CMSIS Pack Vendor :STMicroelectronics X-CUBE-NFC7 2.0.0
2026-05-07 14:45:16,573 [INFO] ThirdParty:1030 - CMSIS Pack Vendor :STMicroelectronics X-CUBE-GNSS1 7.1.1
2026-05-07 14:45:16,573 [INFO] ThirdParty:1030 - CMSIS Pack Vendor :STMicroelectronics X-CUBE-TCPP 4.2.0
2026-05-07 14:45:16,573 [INFO] ThirdParty:1030 - CMSIS Pack Vendor :RealThread X-CUBE-RT-Thread_Nano 4.1.1
2026-05-07 14:45:16,573 [INFO] ThirdParty:1030 - CMSIS Pack Vendor :STMicroelectronics FP-ATR-SIGFOX1 3.2.0
2026-05-07 14:45:16,573 [INFO] ThirdParty:1030 - CMSIS Pack Vendor :STMicroelectronics X-CUBE-NFC10 1.0.0
2026-05-07 14:45:16,573 [INFO] ThirdParty:1030 - CMSIS Pack Vendor :STMicroelectronics HAL Drivers 0.0.0
2026-05-07 14:45:16,573 [INFO] ThirdParty:1030 - CMSIS Pack Vendor :STMicroelectronics MBEDTLS 2.16.2
2026-05-07 14:45:16,573 [INFO] ThirdParty:1030 - CMSIS Pack Vendor :STMicroelectronics X-CUBE-ST60 1.1.0
2026-05-07 14:45:16,573 [INFO] ThirdParty:1030 - CMSIS Pack Vendor :STMicroelectronics X-CUBE-ALS 1.0.2
2026-05-07 14:45:16,573 [INFO] ThirdParty:1030 - CMSIS Pack Vendor :emotas I-CUBE-CANOPEN 1.3.0
2026-05-07 14:45:16,573 [INFO] ThirdParty:1030 - CMSIS Pack Vendor :STMicroelectronics MBEDTLS 2.14.1
2026-05-07 14:45:16,573 [INFO] ThirdParty:1030 - CMSIS Pack Vendor :STMicroelectronics X-CUBE-GNSS1 7.1.0
2026-05-07 14:45:16,573 [INFO] ThirdParty:1030 - CMSIS Pack Vendor :ITTIA_DB I-CUBE-ITTIADB 8.9.0
2026-05-07 14:45:16,574 [INFO] ThirdParty:1030 - CMSIS Pack Vendor :Cesanta I-CUBE-Mongoose 7.21.0
2026-05-07 14:45:16,574 [INFO] ThirdParty:1030 - CMSIS Pack Vendor :STMicroelectronics X-CUBE-TOUCHGFX 4.26.1
2026-05-07 14:45:16,574 [INFO] ThirdParty:1030 - CMSIS Pack Vendor :STMicroelectronics X-CUBE-NFC6 3.2.0
2026-05-07 14:45:16,574 [INFO] ThirdParty:1030 - CMSIS Pack Vendor :STMicroelectronics X-CUBE-AI 10.2.0
2026-05-07 14:45:16,574 [INFO] ThirdParty:1030 - CMSIS Pack Vendor :STMicroelectronics FP-SNS-STAIOTCFT 1.0.0
2026-05-07 14:45:16,574 [INFO] ThirdParty:1030 - CMSIS Pack Vendor :STMicroelectronics ThreadX 1.0.0
2026-05-07 14:45:16,574 [INFO] ThirdParty:1030 - CMSIS Pack Vendor :STMicroelectronics FP-SNS-SMARTAG2 1.2.0
2026-05-07 14:45:16,574 [INFO] ThirdParty:1030 - CMSIS Pack Vendor :STMicroelectronics X-CUBE-MEMS1 12.1.0
2026-05-07 14:45:16,574 [INFO] ThirdParty:1030 - CMSIS Pack Vendor :STMicroelectronics FP-SNS-FLIGHT1 5.1.0
2026-05-07 14:45:16,574 [INFO] ThirdParty:1030 - CMSIS Pack Vendor :STMicroelectronics X-CUBE-AZRTOS-WL 2.0.0
2026-05-07 14:45:16,574 [INFO] ThirdParty:1030 - CMSIS Pack Vendor :SEGGER I-CUBE-embOS 1.3.1
2026-05-07 14:45:16,574 [INFO] ThirdParty:1030 - CMSIS Pack Vendor :STMicroelectronics X-CUBE-ALGOBUILD 1.4.0
2026-05-07 14:45:16,574 [INFO] ThirdParty:1030 - CMSIS Pack Vendor :STMicroelectronics X-CUBE-DPower 1.3.0
2026-05-07 14:45:16,574 [INFO] ThirdParty:1030 - CMSIS Pack Vendor :STMicroelectronics USB_DEVICE 1.0.0
2026-05-07 14:45:16,574 [INFO] ThirdParty:1030 - CMSIS Pack Vendor :STMicroelectronics X-CUBE-AZRTOS-H7RS 1.2.0
2026-05-07 14:45:16,575 [INFO] ThirdParty:1030 - CMSIS Pack Vendor :STMicroelectronics X-CUBE-AZRTOS-L4 2.0.0
2026-05-07 14:45:16,575 [INFO] ThirdParty:1030 - CMSIS Pack Vendor :STMicroelectronics ThreadX 0.0.2
2026-05-07 14:45:16,575 [INFO] ThirdParty:1030 - CMSIS Pack Vendor :STMicroelectronics lwIP 2.1.2
2026-05-07 14:45:16,575 [INFO] ThirdParty:1030 - CMSIS Pack Vendor :STMicroelectronics X-CUBE-SFXS2LP1 4.0.0
2026-05-07 14:45:16,575 [INFO] ThirdParty:1030 - CMSIS Pack Vendor :STMicroelectronics X-CUBE-BLE2 3.3.0
2026-05-07 14:45:16,575 [INFO] ThirdParty:1030 - CMSIS Pack Vendor :Avnet-IOTCONNECT X-CUBE-iotc-st67-sdk 1.0.0
2026-05-07 14:45:16,575 [INFO] ThirdParty:1030 - CMSIS Pack Vendor :STMicroelectronics X-CUBE-TOF1 3.4.3
2026-05-07 14:45:16,575 [INFO] ThirdParty:1030 - CMSIS Pack Vendor :Infineon AIROC-Wi-Fi-Bluetooth-STM32 1.8.0
2026-05-07 14:45:16,575 [INFO] ThirdParty:1030 - CMSIS Pack Vendor :STMicroelectronics PDM2PCM 3.2.0
2026-05-07 14:45:16,575 [INFO] ThirdParty:1030 - CMSIS Pack Vendor :STMicroelectronics X-CUBE-WB05N 2.1.0
2026-05-07 14:45:16,576 [INFO] ThirdParty:841 - exiting critical section [change project]
2026-05-07 14:45:18,106 [INFO] PinOutPanel:1589 - setPackage(No Configuration,No Configuration)
2026-05-07 14:45:18,117 [INFO] PinOutPanel:1589 - setPackage(STM32F407VGTx,LQFP100)
2026-05-07 14:45:19,317 [INFO] UtilMem:75 - Before build in PCC Used Memory: 702978536 Bytes (1073741824)
2026-05-07 14:45:21,775 [INFO] UtilMem:75 - After build in PCC Used Memory: 794204648 Bytes (1073741824)
2026-05-07 14:45:21,868 [INFO] IPUIPlugin:80 - create IPUIPlugin
2026-05-07 14:45:21,869 [INFO] IPUIPlugin:80 - create IPUIPlugin
2026-05-07 14:45:21,869 [INFO] IPUIPlugin:80 - create IPUIPlugin
2026-05-07 14:45:21,869 [INFO] IPUIPlugin:80 - create IPUIPlugin
2026-05-07 14:45:21,870 [INFO] IPUIPlugin:80 - create IPUIPlugin
2026-05-07 14:45:21,870 [INFO] IPUIPlugin:80 - create IPUIPlugin
2026-05-07 14:45:21,871 [INFO] IPUIPlugin:80 - create IPUIPlugin
2026-05-07 14:45:21,871 [INFO] IPUIPlugin:80 - create IPUIPlugin
2026-05-07 14:45:21,872 [INFO] IPUIPlugin:80 - create IPUIPlugin
2026-05-07 14:45:21,872 [INFO] IPUIPlugin:80 - create IPUIPlugin
2026-05-07 14:45:21,872 [INFO] IPUIPlugin:80 - create IPUIPlugin
2026-05-07 14:45:21,874 [INFO] IPUIPlugin:80 - create IPUIPlugin
2026-05-07 14:45:21,874 [INFO] IPUIPlugin:80 - create IPUIPlugin
2026-05-07 14:45:21,875 [INFO] IPUIPlugin:80 - create IPUIPlugin
2026-05-07 14:45:21,876 [INFO] IPUIPlugin:80 - create IPUIPlugin
2026-05-07 14:45:21,876 [INFO] IPUIPlugin:80 - create IPUIPlugin
2026-05-07 14:45:21,877 [INFO] IPUIPlugin:80 - create IPUIPlugin
2026-05-07 14:45:21,878 [INFO] IPUIPlugin:80 - create IPUIPlugin
2026-05-07 14:45:21,879 [INFO] IPUIPlugin:80 - create IPUIPlugin
2026-05-07 14:45:21,880 [INFO] IPUIPlugin:80 - create IPUIPlugin
2026-05-07 14:45:21,881 [INFO] IPUIPlugin:80 - create IPUIPlugin
2026-05-07 14:45:21,881 [INFO] IPUIPlugin:80 - create IPUIPlugin
2026-05-07 14:45:21,882 [INFO] IPUIPlugin:80 - create IPUIPlugin
2026-05-07 14:45:21,883 [INFO] IPUIPlugin:80 - create IPUIPlugin
2026-05-07 14:45:21,883 [INFO] IPUIPlugin:80 - create IPUIPlugin
2026-05-07 14:45:21,884 [INFO] IPUIPlugin:80 - create IPUIPlugin
2026-05-07 14:45:21,884 [INFO] IPUIPlugin:80 - create IPUIPlugin
2026-05-07 14:45:21,885 [INFO] IPUIPlugin:80 - create IPUIPlugin
2026-05-07 14:45:21,885 [INFO] IPUIPlugin:80 - create IPUIPlugin
2026-05-07 14:45:21,886 [INFO] IPUIPlugin:80 - create IPUIPlugin
2026-05-07 14:45:21,886 [INFO] IPUIPlugin:80 - create IPUIPlugin
2026-05-07 14:45:21,886 [INFO] IPUIPlugin:80 - create IPUIPlugin
2026-05-07 14:45:21,887 [INFO] IPUIPlugin:80 - create IPUIPlugin
2026-05-07 14:45:21,887 [INFO] IPUIPlugin:80 - create IPUIPlugin
2026-05-07 14:45:21,888 [INFO] IPUIPlugin:80 - create IPUIPlugin
2026-05-07 14:45:21,888 [INFO] IPUIPlugin:80 - create IPUIPlugin
2026-05-07 14:45:21,889 [INFO] IPUIPlugin:80 - create IPUIPlugin
2026-05-07 14:45:21,889 [INFO] IPUIPlugin:80 - create IPUIPlugin
2026-05-07 14:45:21,890 [INFO] IPUIPlugin:80 - create IPUIPlugin
2026-05-07 14:45:21,890 [INFO] IPUIPlugin:80 - create IPUIPlugin
2026-05-07 14:45:21,891 [INFO] IPUIPlugin:80 - create IPUIPlugin
2026-05-07 14:45:21,892 [INFO] IPUIPlugin:80 - create IPUIPlugin
2026-05-07 14:45:21,893 [INFO] IPUIPlugin:80 - create IPUIPlugin
2026-05-07 14:45:21,894 [INFO] IPUIPlugin:80 - create IPUIPlugin
2026-05-07 14:45:21,895 [INFO] IPUIPlugin:80 - create IPUIPlugin
2026-05-07 14:45:21,896 [INFO] IPUIPlugin:80 - create IPUIPlugin
2026-05-07 14:45:21,897 [INFO] IPUIPlugin:80 - create IPUIPlugin
2026-05-07 14:45:21,898 [INFO] IPUIPlugin:80 - create IPUIPlugin
2026-05-07 14:45:21,899 [INFO] IPUIPlugin:80 - create IPUIPlugin
2026-05-07 14:45:21,900 [INFO] IPUIPlugin:80 - create IPUIPlugin
2026-05-07 14:45:21,900 [INFO] IPUIPlugin:80 - create IPUIPlugin
2026-05-07 14:45:21,901 [INFO] IPUIPlugin:80 - create IPUIPlugin
2026-05-07 14:45:21,902 [INFO] IPUIPlugin:80 - create IPUIPlugin
2026-05-07 14:45:21,903 [INFO] IPUIPlugin:80 - create IPUIPlugin
2026-05-07 14:45:21,904 [INFO] IPUIPlugin:80 - create IPUIPlugin
2026-05-07 14:45:21,905 [INFO] IPUIPlugin:80 - create IPUIPlugin
2026-05-07 14:45:21,905 [INFO] IPUIPlugin:80 - create IPUIPlugin
2026-05-07 14:45:21,906 [INFO] IPUIPlugin:80 - create IPUIPlugin
2026-05-07 14:45:22,209 [INFO] ApiDbMcu:508 - Load IP Config File for PDM2PCM
2026-05-07 14:45:22,865 [INFO] CADModel:165 - CPN selected for project levelSTM32F407VGT6
2026-05-07 14:45:22,866 [INFO] CADModel:114 - Register for checkConnection events
2026-05-07 14:45:22,976 [INFO] OpenFileManager:385 - Restore cursor
2026-05-07 14:45:27,387 [INFO] UtilMem:75 - End SaveConfig() Used Memory: 924050104 Bytes (1073741824)
2026-05-07 14:45:45,521 [INFO] McuFinderGlobals:76 - Set McuFinderConnectedMode to true
2026-05-07 14:45:45,542 [INFO] ApiDb:448 - Save user favorites file C:\Users\hp/.stm32cubeide/favorites.mcus.txt: 0 item(s)
2026-05-07 14:45:45,542 [INFO] ApiDb:452 - User favorites MCUs=[]
2026-05-07 14:45:45,557 [INFO] ApiDb:448 - Save user favorites file C:\Users\hp/.stm32cubeide/favorites.boards.txt: 0 item(s)
2026-05-07 14:45:45,557 [INFO] ApiDb:452 - User favorites Boards=[]
2026-05-07 14:54:50,855 [INFO] UtilMem:75 - End SaveConfig() Used Memory: 969753896 Bytes (1073741824)
2026-05-07 14:54:56,128 [INFO] LogOutputStream:77 - [STDOUT_REDIRECT] This download action requires prior login. To proceed, please use the 'login' command with your my.st.com account email and password.
2026-05-07 14:54:56,147 [INFO] LogOutputStream:77 - [STDOUT_REDIRECT] Run 'login <email> <password> <remember_me>' for example 'login john.smith@st.com mypassword y'.
2026-05-07 14:54:56,156 [INFO] LogOutputStream:77 - [STDOUT_REDIRECT] If you do not have a my.st.com account, please visit https://st.com website to create one.
2026-05-07 14:56:01,026 [INFO] LogOutputStream:77 - [STDOUT_REDIRECT] This download action requires prior login. To proceed, please use the 'login' command with your my.st.com account email and password.
2026-05-07 14:56:01,033 [INFO] LogOutputStream:77 - [STDOUT_REDIRECT] Run 'login <email> <password> <remember_me>' for example 'login john.smith@st.com mypassword y'.
2026-05-07 14:56:01,038 [INFO] LogOutputStream:77 - [STDOUT_REDIRECT] If you do not have a my.st.com account, please visit https://st.com website to create one.
2026-05-07 14:57:43,290 [INFO] IPUIPlugin:80 - create IPUIPlugin
2026-05-07 14:57:43,292 [INFO] IPUIPlugin:80 - create IPUIPlugin
2026-05-07 14:57:43,389 [INFO] IPUIPlugin:80 - create IPUIPlugin
2026-05-07 14:57:55,941 [INFO] LogOutputStream:77 - [STDOUT_REDIRECT] This download action requires prior login. To proceed, please use the 'login' command with your my.st.com account email and password.
2026-05-07 14:57:55,945 [INFO] LogOutputStream:77 - [STDOUT_REDIRECT] Run 'login <email> <password> <remember_me>' for example 'login john.smith@st.com mypassword y'.
2026-05-07 14:57:55,949 [INFO] LogOutputStream:77 - [STDOUT_REDIRECT] If you do not have a my.st.com account, please visit https://st.com website to create one.
2026-05-07 14:59:39,004 [INFO] LogOutputStream:77 - [STDOUT_REDIRECT] This download action requires prior login. To proceed, please use the 'login' command with your my.st.com account email and password.
2026-05-07 14:59:39,017 [INFO] LogOutputStream:77 - [STDOUT_REDIRECT] Run 'login <email> <password> <remember_me>' for example 'login john.smith@st.com mypassword y'.
2026-05-07 14:59:39,025 [INFO] LogOutputStream:77 - [STDOUT_REDIRECT] If you do not have a my.st.com account, please visit https://st.com website to create one.
2026-05-07 15:02:21,165 [INFO] McuFinderGlobals:63 - Set McuFinder mode to 2 (CubeIDE integrated)
2026-05-07 15:02:21,166 [INFO] UserAuth:171 - activating auth plugin
2026-05-07 15:02:21,213 [INFO] UserAuth:486 - Internet connection configuration mode: 1
2026-05-07 15:06:53,111 [INFO] McuFinderGlobals:63 - Set McuFinder mode to 2 (CubeIDE integrated)
2026-05-07 15:06:53,120 [INFO] UserAuth:171 - activating auth plugin
2026-05-07 15:06:53,165 [INFO] UserAuth:486 - Internet connection configuration mode: 1
2026-05-07 15:08:29,418 [INFO] McuFinderGlobals:63 - Set McuFinder mode to 2 (CubeIDE integrated)
2026-05-07 15:08:29,419 [INFO] UserAuth:171 - activating auth plugin
2026-05-07 15:08:29,432 [INFO] UserAuth:486 - Internet connection configuration mode: 1
2026-05-07 15:14:51,637 [INFO] McuFinderGlobals:63 - Set McuFinder mode to 2 (CubeIDE integrated)
2026-05-07 15:14:51,665 [INFO] UserAuth:171 - activating auth plugin
2026-05-07 15:14:51,797 [INFO] UserAuth:486 - Internet connection configuration mode: 1
2026-05-07 15:17:15,470 [INFO] McuFinderGlobals:63 - Set McuFinder mode to 2 (CubeIDE integrated)
2026-05-07 15:17:15,471 [INFO] UserAuth:171 - activating auth plugin
2026-05-07 15:17:15,481 [INFO] UserAuth:486 - Internet connection configuration mode: 1
2026-05-07 15:18:01,012 [INFO] McuFinderGlobals:63 - Set McuFinder mode to 2 (CubeIDE integrated)
2026-05-07 15:18:01,013 [INFO] UserAuth:171 - activating auth plugin
2026-05-07 15:18:01,032 [INFO] UserAuth:486 - Internet connection configuration mode: 1
2026-05-07 15:18:46,166 [INFO] McuFinderGlobals:63 - Set McuFinder mode to 2 (CubeIDE integrated)
2026-05-07 15:18:46,168 [INFO] UserAuth:171 - activating auth plugin
2026-05-07 15:18:46,189 [INFO] UserAuth:486 - Internet connection configuration mode: 1
2026-05-07 15:23:45,198 [INFO] McuFinderGlobals:63 - Set McuFinder mode to 2 (CubeIDE integrated)
2026-05-07 15:23:45,201 [INFO] UserAuth:171 - activating auth plugin
2026-05-07 15:23:45,227 [INFO] UserAuth:486 - Internet connection configuration mode: 1
2026-05-07 15:24:21,894 [INFO] WebApp:652 - userauth.ini deleted or not created
2026-05-07 15:24:31,519 [INFO] MainUpdater:2872 - connection check result : 10
2026-05-07 15:24:32,000 [INFO] McuFinderGlobals:76 - Set McuFinderConnectedMode to true
2026-05-07 15:24:32,012 [INFO] MultiScanPanel:200 - Auto-refresh data requested => check proxy status ongoing
2026-05-07 15:24:32,013 [INFO] FinderPluginLoader:95 - Searching for filters in installed packs
2026-05-07 15:24:37,992 [INFO] LoadUrlFilesThread:185 - End of LoadServerUrlFiles without Thread
2026-05-07 15:24:37,995 [INFO] DetailPanel:341 - Set advertising image to C:/Users/hp/STM32Cube/Repository/\en.prom-stm32wba2-stm32-nucleo-board-0426.png
2026-05-07 15:24:46,051 [INFO] MultiScanPanel:200 - Auto-refresh data requested => check proxy status ongoing
2026-05-07 15:24:46,223 [INFO] LoadUrlFilesThread:185 - End of LoadServerUrlFiles without Thread
2026-05-07 15:24:46,224 [INFO] DetailPanel:341 - Set advertising image to C:/Users/hp/STM32Cube/Repository/\en.prom-stm32wba2-stm32-nucleo-board-0426.png
2026-05-07 15:24:49,199 [INFO] ApiDb:581 - Connected to CubeFinder SQLite database (C:\Users\hp\.stmcufinder\plugins\mcufinder\mcu\cube-finder-db.db)
2026-05-07 15:25:43,412 [INFO] MainUpdater:2872 - connection check result : 10
2026-05-07 15:25:43,413 [INFO] MainUpdater:2872 - connection check result : 10
2026-05-07 15:25:43,857 [INFO] MicroXplorer:468 - Change Database Path : 
2026-05-07 15:25:43,857 [INFO] MicroXplorer:498 - Change Database Version : DB.6.0.140
2026-05-07 15:25:44,001 [ERROR] ProjectManagerView:394 - 
java.lang.NullPointerException: Cannot invoke "javax.swing.JTextField.getText()" because the return value of "java.util.List.get(int)" is null
	at com.st.microxplorer.plugins.projectmanager.gui.ProjectChoiceTab$9.caretUpdate(ProjectChoiceTab.java:2678) ~[filemanager.jar:?]
	at javax.swing.text.JTextComponent.fireCaretUpdate(JTextComponent.java:408) ~[?:?]
	at javax.swing.text.JTextComponent$MutableCaretEvent.fire(JTextComponent.java:4484) ~[?:?]
	at javax.swing.text.JTextComponent$MutableCaretEvent.stateChanged(JTextComponent.java:4506) ~[?:?]
	at javax.swing.text.DefaultCaret.fireStateChanged(DefaultCaret.java:857) ~[?:?]
	at javax.swing.text.DefaultCaret.changeCaretPosition(DefaultCaret.java:1343) ~[?:?]
	at javax.swing.text.DefaultCaret.handleSetDot(DefaultCaret.java:1242) ~[?:?]
	at javax.swing.text.DefaultCaret.setDot(DefaultCaret.java:1223) ~[?:?]
	at javax.swing.text.DefaultCaret$Handler.insertUpdate(DefaultCaret.java:1819) ~[?:?]
	at javax.swing.text.AbstractDocument.fireInsertUpdate(AbstractDocument.java:227) ~[?:?]
	at javax.swing.text.AbstractDocument.handleInsertString(AbstractDocument.java:781) ~[?:?]
	at javax.swing.text.AbstractDocument.insertString(AbstractDocument.java:740) ~[?:?]
	at javax.swing.text.PlainDocument.insertString(PlainDocument.java:131) ~[?:?]
	at javax.swing.text.AbstractDocument.replace(AbstractDocument.java:699) ~[?:?]
	at javax.swing.text.JTextComponent.setText(JTextComponent.java:1725) ~[?:?]
	at com.st.microxplorer.plugins.projectmanager.gui.ProjectChoiceTab.createHeapStackFields(ProjectChoiceTab.java:979) ~[filemanager.jar:?]
	at com.st.microxplorer.plugins.projectmanager.gui.ProjectChoiceTab.buildLinkSettingsPanel(ProjectChoiceTab.java:3766) ~[filemanager.jar:?]
	at com.st.microxplorer.plugins.projectmanager.gui.ProjectChoiceTab.defineWindowsFields(ProjectChoiceTab.java:1962) ~[filemanager.jar:?]
	at com.st.microxplorer.plugins.projectmanager.gui.ProjectChoiceTab.updateSettings(ProjectChoiceTab.java:555) ~[filemanager.jar:?]
	at com.st.microxplorer.plugins.projectmanager.gui.ProjectSettingsPanel.UpdateDialog(ProjectSettingsPanel.java:245) ~[filemanager.jar:?]
	at com.st.microxplorer.plugins.projectmanager.ProjectManagerView.propertyChange(ProjectManagerView.java:391) ~[filemanager.jar:?]
	at java.beans.PropertyChangeSupport.fire(PropertyChangeSupport.java:343) ~[?:?]
	at java.beans.PropertyChangeSupport.firePropertyChange(PropertyChangeSupport.java:335) ~[?:?]
	at java.beans.PropertyChangeSupport.firePropertyChange(PropertyChangeSupport.java:268) ~[?:?]
	at com.st.microxplorer.util.MXPropertyChangeSupport.firePropertyChange(MXPropertyChangeSupport.java:54) ~[STM32CubeMX.jar:?]
	at com.st.microxplorer.mxsystem.MxSystem.closeConfig(MxSystem.java:899) ~[STM32CubeMX.jar:?]
	at com.st.microxplorer.maingui.MainPanel.closeConfig(MainPanel.java:789) ~[STM32CubeMX.jar:?]
	at com.st.microxplorer.plugins.filemanager.engine.OpenFileManager.loadConfigurationFile(OpenFileManager.java:287) ~[filemanager.jar:?]
	at com.st.microxplorer.plugins.filemanager.engine.MainFileManager.userLoadConfig(MainFileManager.java:341) ~[filemanager.jar:?]
	at com.st.microxplorer.plugins.filemanager.FileManagerView.getSpecificTask(FileManagerView.java:250) ~[filemanager.jar:?]
	at com.st.stm32cube.common.mx.editor.CubeMxEditor.getMxTabbedPaneInstance(CubeMxEditor.java:1191) ~[com.st.stm32cube.common.mx_6.14.0.202502271554/:?]
	at com.st.stm32cube.common.mx.editor.CubeMxEditor$12$1.createSwingComponent(CubeMxEditor.java:1068) ~[com.st.stm32cube.common.mx_6.14.0.202502271554/:?]
	at com.st.stm32cube.common.mx.oss.core.awtswtbridge.EmbeddedSwingComposite.doComponentCreation(EmbeddedSwingComposite.java:492) ~[com.st.stm32cube.common.mx.oss_6.14.0.202502271554/:?]
	at com.st.stm32cube.common.mx.oss.core.awtswtbridge.EmbeddedSwingComposite$4.run(EmbeddedSwingComposite.java:291) ~[com.st.stm32cube.common.mx.oss_6.14.0.202502271554/:?]
	at com.st.stm32cube.common.mx.oss.core.awtswtbridge.AwtEnvironment$2.run(AwtEnvironment.java:166) ~[com.st.stm32cube.common.mx.oss_6.14.0.202502271554/:?]
	at java.awt.event.InvocationEvent.dispatch(InvocationEvent.java:318) ~[?:?]
	at java.awt.EventQueue.dispatchEventImpl(EventQueue.java:773) ~[?:?]
	at java.awt.EventQueue$4.run(EventQueue.java:720) ~[?:?]
	at java.awt.EventQueue$4.run(EventQueue.java:714) ~[?:?]
	at java.security.AccessController.doPrivileged(AccessController.java:400) ~[?:?]
	at java.security.ProtectionDomain$JavaSecurityAccessImpl.doIntersectionPrivilege(ProtectionDomain.java:87) ~[?:?]
	at java.awt.EventQueue.dispatchEvent(EventQueue.java:742) ~[?:?]
	at java.awt.EventDispatchThread.pumpOneEventForFilters(EventDispatchThread.java:203) ~[?:?]
	at java.awt.EventDispatchThread.pumpEventsForFilter(EventDispatchThread.java:124) ~[?:?]
	at java.awt.EventDispatchThread.pumpEventsForHierarchy(EventDispatchThread.java:113) ~[?:?]
	at java.awt.EventDispatchThread.pumpEvents(EventDispatchThread.java:109) ~[?:?]
	at java.awt.EventDispatchThread.pumpEvents(EventDispatchThread.java:101) ~[?:?]
	at java.awt.EventDispatchThread.run(EventDispatchThread.java:90) ~[?:?]
2026-05-07 15:25:44,121 [WARN] ThirdParty:871 - waiting for thirdparty lock release [close project]
2026-05-07 15:25:44,122 [INFO] ThirdParty:873 - entering critical section [close project]
2026-05-07 15:25:44,130 [INFO] ThirdParty:883 - exiting critical section [close project]
2026-05-07 15:25:44,137 [INFO] PinOutPanel:1589 - setPackage(No Configuration,No Configuration)
2026-05-07 15:25:44,270 [WARN] IpParametersView:155 - Warning: This peripheral hasn't parameters
2026-05-07 15:25:44,368 [WARN] MainPanel:289 - <html><b><center>Warning: This peripheral has no parameters to be configured<br></b></html>
2026-05-07 15:25:44,435 [INFO] UtilMem:75 - Begin LoadConfig() Used Memory: 698115904 Bytes (1073741824)
2026-05-07 15:25:44,443 [INFO] OpenFileManager:354 - Change cursor
2026-05-07 15:25:44,614 [INFO] RulesReader:64 - Compatibility file has been processed (301 Rules)
2026-05-07 15:25:44,667 [INFO] ProjectFactory:442 - No CPN specified for board STM32F407G-DISC1 => set CPN to STM32F407VGT6
2026-05-07 15:25:44,668 [INFO] Mcu:2011 - Initializing MCU STM32F407V(E-G)Tx STM32F407VGTx STM32F407VGT6
2026-05-07 15:25:51,688 [INFO] Context:756 - Trying to add GPIOservice into a context  which must be forbidden
2026-05-07 15:25:53,749 [INFO] Rule:224 - rule 117617 - U5Cobra4M][GTZC] default value MPCBB3 and MPCBB5 - Not Secured memory - MPCBB1 is applicable
2026-05-07 15:25:53,750 [INFO] Rule:224 - rule 117617 - U5Cobra4M][GTZC] default value MPCBB3 and MPCBB5 - Not Secured memory - MPCBB1 is applicable
2026-05-07 15:25:53,751 [INFO] Rule:224 - rule 117617 - U5Cobra4M][GTZC] default value MPCBB3 and MPCBB5 - Not Secured memory - MPCBB2 is applicable
2026-05-07 15:25:53,751 [INFO] Rule:224 - rule 117617 - U5Cobra4M][GTZC] default value MPCBB3 and MPCBB5 - Not Secured memory - MPCBB2 is applicable
2026-05-07 15:25:53,752 [INFO] Rule:224 - rule 117617 - U5Cobra4M][GTZC] default value MPCBB3 and MPCBB5 - Not Secured memory - MPCBB3 is applicable
2026-05-07 15:25:53,752 [INFO] Rule:224 - rule 117617 - U5Cobra4M][GTZC] default value MPCBB3 and MPCBB5 - Not Secured memory - MPCBB3 is applicable
2026-05-07 15:25:53,753 [INFO] Rule:224 - rule 117617 - U5Cobra4M][GTZC] default value MPCBB3 and MPCBB5 - Not Secured memory - MPCBB4 is applicable
2026-05-07 15:25:53,753 [INFO] Rule:224 - rule 117617 - U5Cobra4M][GTZC] default value MPCBB3 and MPCBB5 - Not Secured memory - MPCBB4 is applicable
2026-05-07 15:25:53,753 [INFO] Rule:224 - rule 117617 - U5Cobra4M][GTZC] default value MPCBB3 and MPCBB5 - Secured memory - MPCBB1 is applicable
2026-05-07 15:25:53,754 [INFO] Rule:224 - rule 117617 - U5Cobra4M][GTZC] default value MPCBB3 and MPCBB5 - Secured memory - MPCBB2 is applicable
2026-05-07 15:25:53,754 [INFO] Rule:224 - rule 117617 - U5Cobra4M][GTZC] default value MPCBB3 and MPCBB5 - Secured memory - MPCBB3 is applicable
2026-05-07 15:25:53,754 [INFO] Rule:224 - rule 117617 - U5Cobra4M][GTZC] default value MPCBB3 and MPCBB5 - Secured memory - MPCBB4 is applicable
2026-05-07 15:25:53,754 [INFO] Rule:224 - rule 117617 - U5Cobra4M][GTZC] default value MPCBB3 and MPCBB5 - Privileged memory - MPCBB1 is applicable
2026-05-07 15:25:53,754 [INFO] Rule:224 - rule 117617 - U5Cobra4M][GTZC] default value MPCBB3 and MPCBB5 - Privileged memory - MPCBB2 is applicable
2026-05-07 15:25:53,754 [INFO] Rule:224 - rule 117617 - U5Cobra4M][GTZC] default value MPCBB3 and MPCBB5 - Privileged memory - MPCBB3 is applicable
2026-05-07 15:25:53,755 [INFO] Rule:224 - rule 117617 - U5Cobra4M][GTZC] default value MPCBB3 and MPCBB5 - Privileged memory - MPCBB4 is applicable
2026-05-07 15:25:53,755 [INFO] Rule:224 - rule 117617 - U5Cobra4M][GTZC] default value MPCBB3 and MPCBB5 - Not Privileged memory - MPCBB1 is applicable
2026-05-07 15:25:53,755 [INFO] Rule:224 - rule 117617 - U5Cobra4M][GTZC] default value MPCBB3 and MPCBB5 - Not Privileged memory - MPCBB2 is applicable
2026-05-07 15:25:53,755 [INFO] Rule:224 - rule 117617 - U5Cobra4M][GTZC] default value MPCBB3 and MPCBB5 - Not Privileged memory - MPCBB3 is applicable
2026-05-07 15:25:53,755 [INFO] Rule:224 - rule 117617 - U5Cobra4M][GTZC] default value MPCBB3 and MPCBB5 - Not Privileged memory - MPCBB4 is applicable
2026-05-07 15:25:53,756 [INFO] Rule:224 - rule 117617 - U5Cobra4M][GTZC] default value MPCBB3 and MPCBB5 - Privileged memory - MPCBB1 is applicable
2026-05-07 15:25:53,756 [INFO] Rule:224 - rule 117617 - U5Cobra4M][GTZC] default value MPCBB3 and MPCBB5 - Privileged memory - MPCBB2 is applicable
2026-05-07 15:25:53,756 [INFO] Rule:224 - rule 117617 - U5Cobra4M][GTZC] default value MPCBB3 and MPCBB5 - Privileged memory - MPCBB3 is applicable
2026-05-07 15:25:53,757 [INFO] Rule:224 - rule 117617 - U5Cobra4M][GTZC] default value MPCBB3 and MPCBB5 - Privileged memory - MPCBB4 is applicable
2026-05-07 15:25:53,757 [INFO] Rule:224 - rule 117617 - U5Cobra4M][GTZC] default value MPCBB3 and MPCBB5 - Privileged memory - MPCBB1 is applicable
2026-05-07 15:25:53,758 [INFO] Rule:224 - rule 117617 - U5Cobra4M][GTZC] default value MPCBB3 and MPCBB5 - Privileged memory - MPCBB2 is applicable
2026-05-07 15:25:53,758 [INFO] Rule:224 - rule 117617 - U5Cobra4M][GTZC] default value MPCBB3 and MPCBB5 - Privileged memory - MPCBB3 is applicable
2026-05-07 15:25:53,759 [INFO] Rule:224 - rule 117617 - U5Cobra4M][GTZC] default value MPCBB3 and MPCBB5 - Privileged memory - MPCBB4 is applicable
2026-05-07 15:25:53,759 [INFO] Rule:224 - rule 117617 - U5Cobra4M][GTZC] default value MPCBB3 and MPCBB5 - Not Privileged memory - MPCBB1 is applicable
2026-05-07 15:25:53,759 [INFO] Rule:224 - rule 117617 - U5Cobra4M][GTZC] default value MPCBB3 and MPCBB5 - Not Privileged memory - MPCBB2 is applicable
2026-05-07 15:25:53,759 [INFO] Rule:224 - rule 117617 - U5Cobra4M][GTZC] default value MPCBB3 and MPCBB5 - Not Privileged memory - MPCBB3 is applicable
2026-05-07 15:25:53,760 [INFO] Rule:224 - rule 117617 - U5Cobra4M][GTZC] default value MPCBB3 and MPCBB5 - Not Privileged memory - MPCBB4 is applicable
2026-05-07 15:25:53,760 [INFO] Rule:224 - rule 117617 - U5Cobra4M][GTZC] default value MPCBB3 and MPCBB5 - Privileged memory - MPCBB1 is applicable
2026-05-07 15:25:53,761 [INFO] Rule:224 - rule 117617 - U5Cobra4M][GTZC] default value MPCBB3 and MPCBB5 - Privileged memory - MPCBB2 is applicable
2026-05-07 15:25:53,762 [INFO] Rule:224 - rule 117617 - U5Cobra4M][GTZC] default value MPCBB3 and MPCBB5 - Privileged memory - MPCBB3 is applicable
2026-05-07 15:25:53,763 [INFO] Rule:224 - rule 117617 - U5Cobra4M][GTZC] default value MPCBB3 and MPCBB5 - Privileged memory - MPCBB4 is applicable
2026-05-07 15:25:53,763 [INFO] Rule:224 - rule Rename SubGHz_Phy SUBGHZ_APPLICATION SUBGHZ_PINGPONG to SUBGHZ_ADV_APPLICATION is applicable
2026-05-07 15:25:53,763 [INFO] Rule:224 - rule Rename Enabled to IBEACON is applicable
2026-05-07 15:25:53,763 [INFO] Rule:224 - rule GTZC_S instance for project manager is applicable
2026-05-07 15:25:53,763 [INFO] Rule:224 - rule GTZC_S instance for context M33S is applicable
2026-05-07 15:25:53,764 [INFO] Rule:224 - rule GTZC_S instance value for IP GTZC is applicable
2026-05-07 15:25:53,764 [INFO] Rule:224 - rule GTZC_S instance for mcu.IP is applicable
2026-05-07 15:25:53,764 [INFO] Rule:224 - rule GTZC_S instance for VP is applicable
2026-05-07 15:25:53,764 [INFO] Rule:224 - rule GTZC_S instance for signal is applicable
2026-05-07 15:25:53,764 [INFO] Rule:224 - rule GTZC_S instance for mcu.Pin is applicable
2026-05-07 15:25:53,764 [INFO] Rule:224 - rule GTZC_S instance for VP is applicable
2026-05-07 15:25:53,765 [INFO] Rule:224 - rule GTZC_S instance for signal is applicable
2026-05-07 15:25:53,765 [INFO] Rule:224 - rule GTZC_S instance for mcu is applicable
2026-05-07 15:25:53,765 [INFO] Rule:224 - rule GTZC_S instance for mcu.Pin is applicable
2026-05-07 15:25:53,765 [INFO] Rule:224 - rule GTZC_S instance value for IP GTZC is applicable
2026-05-07 15:25:53,765 [INFO] Rule:224 - rule GTZC_S instance for project manager is applicable
2026-05-07 15:25:53,765 [INFO] Rule:224 - rule GTZC_S instance for context M33S is applicable
2026-05-07 15:25:53,766 [INFO] Rule:224 - rule GTZC_S instance for VP is applicable
2026-05-07 15:25:53,766 [INFO] Rule:224 - rule GTZC_S instance for signal is applicable
2026-05-07 15:25:53,766 [INFO] Rule:224 - rule SPDIFRX instance for mcu is applicable
2026-05-07 15:25:53,766 [INFO] Rule:224 - rule Rename Tracer Mode is applicable
2026-05-07 15:25:53,766 [INFO] Rule:224 - rule SPDIFRX instance value for IP SPDIFRX is applicable
2026-05-07 15:25:53,766 [INFO] Rule:224 - rule SPDIFRX instance for signal is applicable
2026-05-07 15:25:53,767 [INFO] Rule:224 - rule SPDIFRX instance for project manager is applicable
2026-05-07 15:25:53,768 [INFO] Rule:224 - rule SPDIFRX instance for project manager is applicable
2026-05-07 15:25:53,768 [INFO] Rule:224 - rule ADC Scan  fix with FW F7 is applicable
2026-05-07 15:25:53,769 [INFO] Rule:224 - rule ADC Scan  fix with FW F7 is applicable
2026-05-07 15:25:53,769 [INFO] Rule:224 - rule WakeUp0 Mode is applicable
2026-05-07 15:25:53,770 [INFO] Rule:224 - rule WakeUp0 SIGNAL is applicable
2026-05-07 15:25:53,770 [INFO] Rule:224 - rule WakeUp1 Mode is applicable
2026-05-07 15:25:53,771 [INFO] Rule:224 - rule WakeUp1 SIGNAL is applicable
2026-05-07 15:25:53,771 [INFO] Rule:224 - rule WakeUp2 Mode is applicable
2026-05-07 15:25:53,771 [INFO] Rule:224 - rule WakeUp2 SIGNAL is applicable
2026-05-07 15:25:53,771 [INFO] Rule:224 - rule WakeUp4 Mode is applicable
2026-05-07 15:25:53,771 [INFO] Rule:224 - rule WakeUp4 SIGNAL is applicable
2026-05-07 15:25:53,772 [INFO] Rule:224 - rule WakeUp5 Mode is applicable
2026-05-07 15:25:53,772 [INFO] Rule:224 - rule WakeUp5 SIGNAL is applicable
2026-05-07 15:25:53,772 [INFO] Rule:224 - rule Add RTC Activate Clock Source is applicable
2026-05-07 15:25:53,772 [INFO] Rule:224 - rule Add RTC Activate Calendar 1 is applicable
2026-05-07 15:25:53,772 [INFO] Rule:224 - rule Add RTC Activate Calendar 2 is applicable
2026-05-07 15:25:53,772 [INFO] Rule:224 - rule Add RTC Activate Calendar 3 is applicable
2026-05-07 15:25:53,773 [INFO] Rule:224 - rule UART/USART TX Mode is applicable
2026-05-07 15:25:53,773 [INFO] Rule:224 - rule UART/USART RX Mode is applicable
2026-05-07 15:25:53,773 [INFO] Rule:224 - rule UART/USART RX TX Mode is applicable
2026-05-07 15:25:53,773 [INFO] Rule:224 - rule UART/USART PARITY NONE is applicable
2026-05-07 15:25:53,773 [INFO] Rule:224 - rule UART/USART PARITY EVEN is applicable
2026-05-07 15:25:53,773 [INFO] Rule:224 - rule UART/USART PARITY ODD is applicable
2026-05-07 15:25:53,774 [INFO] Rule:224 - rule USART StopBits 1 is applicable
2026-05-07 15:25:53,774 [INFO] Rule:224 - rule USART StopBits 2 is applicable
2026-05-07 15:25:53,774 [INFO] Rule:224 - rule USART StopBits 1.5 is applicable
2026-05-07 15:25:53,774 [INFO] Rule:224 - rule USART StopBits 0.5 is applicable
2026-05-07 15:25:53,774 [INFO] Rule:224 - rule UART/USART WORD LENGTH 7 is applicable
2026-05-07 15:25:53,775 [INFO] Rule:224 - rule UART/USART WORD LENGTH 8 is applicable
2026-05-07 15:25:53,775 [INFO] Rule:224 - rule UART/USART WORD LENGTH 9 is applicable
2026-05-07 15:25:53,775 [INFO] Rule:224 - rule Rename FMC NAND NCE signal is applicable
2026-05-07 15:25:53,775 [INFO] Rule:224 - rule Rename FMC NAND INT signal is applicable
2026-05-07 15:25:53,775 [INFO] Rule:224 - rule Change Default Value for LSE Drive Capability for WB family is applicable
2026-05-07 15:25:53,776 [INFO] Rule:224 - rule Change Default Value for ADC Clock Prescaler G0 family is applicable
2026-05-07 15:25:53,776 [INFO] Rule:224 - rule Change Default Value for ADC ExternalTrigConv L4 family is applicable
2026-05-07 15:25:53,776 [INFO] Rule:224 - rule Change Default Value for ADC ExternalTrigInjecConv L4 family is applicable
2026-05-07 15:25:53,777 [INFO] Rule:224 - rule Change Default Value for ADC ExternalTrigConv F3 family is applicable
2026-05-07 15:25:53,777 [INFO] Rule:224 - rule Change Default Value for ADC ExternalTrigInjecConv F3 family is applicable
2026-05-07 15:25:53,777 [INFO] Rule:224 - rule Change Default Value for ADC ExternalTrigConv Goldfish serie is applicable
2026-05-07 15:25:53,777 [INFO] Rule:224 - rule Change Default Value for ADC ExternalTrigInjecConv Goldfish serie is applicable
2026-05-07 15:25:53,778 [INFO] Rule:224 - rule Change Default Value for ADC ExternalTrigConv L0 family is applicable
2026-05-07 15:25:53,778 [INFO] Rule:224 - rule Change Default Value for ADC ExternalTrigConv F0 family is applicable
2026-05-07 15:25:53,778 [INFO] Rule:224 - rule Change Default Value for ADC ExternalTrigConvn L1 family is applicable
2026-05-07 15:25:53,778 [INFO] Rule:224 - rule Change Default Value for ADC ExternalTrigInjecConv L1 family is applicable
2026-05-07 15:25:53,778 [INFO] Rule:224 - rule Change Default Value for ADC ExternalTrigConv F1 family is applicable
2026-05-07 15:25:53,778 [INFO] Rule:224 - rule Change Default Value for ADC ExternalTrigInjecConv F1 family is applicable
2026-05-07 15:25:53,779 [INFO] Rule:224 - rule Change Default Value for ADC ExternalTrigConv F7 family is applicable
2026-05-07 15:25:53,779 [INFO] Rule:224 - rule Change Default Value for ADC ExternalTrigInjecConv F7 family is applicable
2026-05-07 15:25:53,779 [INFO] Rule:224 - rule Change Default Value for ADC ExternalTrigConv F4 and F2 family is applicable
2026-05-07 15:25:53,779 [INFO] Rule:224 - rule Change Default Value for ADC ExternalTrigInjecConv F4 and F2 family is applicable
2026-05-07 15:25:53,780 [INFO] Rule:224 - rule ADC SamplingTime fix with FW L0  is applicable
2026-05-07 15:25:53,780 [INFO] Rule:224 - rule ADC SamplingTime fix with FW L0  is applicable
2026-05-07 15:25:53,780 [INFO] Rule:224 - rule ADC SamplingTime fix with FW L0 is applicable
2026-05-07 15:25:53,781 [INFO] Rule:224 - rule ADC SamplingTime fix with FW L0 is applicable
2026-05-07 15:25:53,781 [INFO] Rule:224 - rule ADC SamplingTime fix with FW L0  is applicable
2026-05-07 15:25:53,781 [INFO] Rule:224 - rule ADC SamplingTime fix with FW L0 is applicable
2026-05-07 15:25:53,781 [INFO] Rule:224 - rule Rename USB_OE Signal is applicable
2026-05-07 15:25:53,781 [INFO] Rule:224 - rule Rename Activate_OE Mode is applicable
2026-05-07 15:25:53,781 [INFO] Rule:224 - rule Rename DIE462/DIE415 pin PC14/OSC32_IN -> PC14-OSC32_IN (PC14) is applicable
2026-05-07 15:25:53,782 [INFO] Rule:224 - rule Rename DIE462/DIE415 pin PC15/OSC32_OUT -> PC15-OSC32_OUT (PC15) is applicable
2026-05-07 15:25:53,782 [INFO] Rule:224 - rule Rename DIE462/DIE415 pin PH0/OSC_IN -> PH0-OSC_IN (PH0) is applicable
2026-05-07 15:25:53,782 [INFO] Rule:224 - rule Rename DIE462/DIE415 pin PH1/OSC_OUT -> PH1-OSC_OUT (PH1) is applicable
2026-05-07 15:25:53,782 [INFO] Rule:224 - rule Rename DIE462 pin PA13 -> PA13 (JTMS/SWDIO) is applicable
2026-05-07 15:25:53,783 [INFO] Rule:224 - rule Rename DIE415 pin PA13 -> PA13 (JTMS/SWDIO) is applicable
2026-05-07 15:25:53,783 [INFO] Rule:224 - rule Rename DIE462 pin PA14 -> PA14 (JTCK/SWCLK) is applicable
2026-05-07 15:25:53,783 [INFO] Rule:224 - rule Rename DIE415 pin PA14 -> PA14 (JTCK/SWCLK) is applicable
2026-05-07 15:25:53,783 [INFO] Rule:224 - rule Rename DIE462/DIE415 pin PA15 -> PA15 (JTDI) is applicable
2026-05-07 15:25:53,783 [INFO] Rule:224 - rule Rename DIE462 pin PB3 -> PB3 (JTD0/TRACESWO) is applicable
2026-05-07 15:25:53,783 [INFO] Rule:224 - rule Rename DIE415 pin PB3 -> PB3 (JTD0-TRACESWO) is applicable
2026-05-07 15:25:53,784 [INFO] Rule:224 - rule Rename DIE462/DIE415 pin PB4 -> PB4 (NJTRST) is applicable
2026-05-07 15:25:53,784 [INFO] Rule:224 - rule Rename DIE462 pin PH3/BOOT0 -> PH3-BOOT0 (BOOT0) is applicable
2026-05-07 15:25:53,784 [INFO] Rule:224 - rule Rename CRYP DataEncryptionTypesList to Algorithm is applicable
2026-05-07 15:25:53,784 [INFO] Rule:224 - rule Rename AES DataEncryptionTypesList to Algorithm is applicable
2026-05-07 15:25:53,785 [INFO] Rule:224 - rule Rename TDESECB to CRYP_TDES_ECB is applicable
2026-05-07 15:25:53,785 [INFO] Rule:224 - rule Rename TDESCBC to CRYP_TDES_CBC is applicable
2026-05-07 15:25:53,785 [INFO] Rule:224 - rule Rename DESECB to CRYP_DES_ECB is applicable
2026-05-07 15:25:53,785 [INFO] Rule:224 - rule Rename DESCBC to CRYP_DES_CBC is applicable
2026-05-07 15:25:53,785 [INFO] Rule:224 - rule Rename AESECB to CRYP_AES_ECB is applicable
2026-05-07 15:25:53,785 [INFO] Rule:224 - rule Rename AESCBC to CRYP_AES_CBC is applicable
2026-05-07 15:25:53,785 [INFO] Rule:224 - rule Rename AESCTR to CRYP_AES_CTR is applicable
2026-05-07 15:25:53,785 [INFO] Rule:224 - rule Rename AESGCM to CRYP_AES_GCM is applicable
2026-05-07 15:25:53,785 [INFO] Rule:224 - rule Rename AESCCM to CRYP_AES_CCM is applicable
2026-05-07 15:25:53,786 [INFO] Rule:224 - rule Rename CAN TimeSeg1 to BS1 is applicable
2026-05-07 15:25:53,786 [INFO] Rule:224 - rule Rename CAN TimeSeg2 to BS2 is applicable
2026-05-07 15:25:53,786 [INFO] Rule:224 - rule Rename CAN SyncJumpWidth to SJW is applicable
2026-05-07 15:25:53,786 [INFO] Rule:224 - rule TimeTriggeredMode to TTCM is applicable
2026-05-07 15:25:53,786 [INFO] Rule:224 - rule Rename CAN AutoBusOff to ABOM is applicable
2026-05-07 15:25:53,786 [INFO] Rule:224 - rule Rename CAN AutoWakeUp to AWUM is applicable
2026-05-07 15:25:53,787 [INFO] Rule:224 - rule Rename CAN AutoRetransmission to NART is applicable
2026-05-07 15:25:53,787 [INFO] Rule:224 - rule Rename CAN ReceiveFifoLocked to RFLM is applicable
2026-05-07 15:25:53,787 [INFO] Rule:224 - rule Rename CAN TransmitFifoPriority to TXFP is applicable
2026-05-07 15:25:53,787 [INFO] Rule:224 - rule Rename HRTIMER HRTIM_OUTPUTFAULTLEVEL_HIGH in HRTIMER HRTIM_OUTPUTFAULTLEVEL_HIGHZ is applicable
2026-05-07 15:25:53,787 [INFO] Rule:224 - rule Rename TIMER TIM_CLEARINPUTSOURCE_OCREFCLR in  TIMER TIM_CLEARINPUTSOURCE_NONE for F7 family is applicable
2026-05-07 15:25:53,787 [INFO] Rule:224 - rule FDCAN_R1 - Rename FDCAN mode Master into Classic is applicable
2026-05-07 15:25:53,787 [INFO] Rule:224 - rule FDCAN_R2 - Rename FDCAN mode Slave into Classic is applicable
2026-05-07 15:25:53,787 [INFO] Rule:224 - rule FDCAN1_R3 - if PA10.Mode=FullDuplex, add Pin PA12 is applicable
2026-05-07 15:25:53,788 [INFO] Rule:224 - rule FDCAN1_R3 - if PA9.Mode=FullDuplex, add Pin PA11 is applicable
2026-05-07 15:25:53,788 [INFO] Rule:224 - rule FDCAN1_R3 - Alternatepin_1 - if PE1.Mode=FullDuplex, add Pin PB9 is applicable
2026-05-07 15:25:53,788 [INFO] Rule:224 - rule FDCAN1_R3 - Alternatepin_1 - if PE0.Mode=FullDuplex, add Pin PB8 is applicable
2026-05-07 15:25:53,788 [INFO] Rule:224 - rule FDCAN1_R3 - Alternatepin_2 - if PD5.Mode=FullDuplex, add Pin PD1 is applicable
2026-05-07 15:25:53,788 [INFO] Rule:224 - rule FDCAN1_R3 - Alternatepin_2 - if PD4.Mode=FullDuplex, add Pin PD0 is applicable
2026-05-07 15:25:53,788 [INFO] Rule:224 - rule FDCAN1_R4 - Rename Mode FullDuplex into Enable FDCAN_TXFD for pin PA10 is applicable
2026-05-07 15:25:53,788 [INFO] Rule:224 - rule FDCAN1_R4 - Rename Mode FullDuplex into Enable FDCAN_TXFD for pin PA9 is applicable
2026-05-07 15:25:53,788 [INFO] Rule:224 - rule FDCAN1_R4 - Alternatepin_1 - Rename Mode FullDuplex into Enable FDCAN_TXFD for pin PE1 is applicable
2026-05-07 15:25:53,789 [INFO] Rule:224 - rule FDCAN1_R4 - Alternatepin_1 - Rename Mode FullDuplex into Enable FDCAN_TXFD for pin PE0 is applicable
2026-05-07 15:25:53,789 [INFO] Rule:224 - rule FDCAN1_R4 - Alternatepin_2 - Rename Mode FullDuplex into Enable FDCAN_TXFD for pin PD5 is applicable
2026-05-07 15:25:53,789 [INFO] Rule:224 - rule FDCAN1_R4 - Alternatepin_2 - Rename Mode FullDuplex into Enable FDCAN_TXFD for pin PD4 is applicable
2026-05-07 15:25:53,789 [INFO] Rule:224 - rule FDCAN2_R3 - if PD10.Mode=FullDuplex, add Pin PB13 is applicable
2026-05-07 15:25:53,789 [INFO] Rule:224 - rule FDCAN2_R3 - if PD9.Mode=FullDuplex, add Pin PB12 is applicable
2026-05-07 15:25:53,789 [INFO] Rule:224 - rule FDCAN2_R3 - Alternatepin_1 - if PB7.Mode=FullDuplex, add Pin PB6 is applicable
2026-05-07 15:25:53,790 [INFO] Rule:224 - rule FDCAN2_R3 - Alternatepin_1 - if PD9.Mode=FullDuplex, add Pin PB12 is applicable
2026-05-07 15:25:53,790 [INFO] Rule:224 - rule FDCAN2_R4 - Rename Mode FullDuplex into Enable FDCAN_TXFD for pin PD10 is applicable
2026-05-07 15:25:53,790 [INFO] Rule:224 - rule FDCAN2_R4 - Rename Mode FullDuplex into Enable FDCAN_TXFD for pin PD9 is applicable
2026-05-07 15:25:53,790 [INFO] Rule:224 - rule FDCAN2_R4 - Alternatepin_1 - Rename Mode FullDuplex into Enable FDCAN_TXFD for pin PB7 is applicable
2026-05-07 15:25:53,791 [INFO] Rule:224 - rule FDCAN2_R4 - Alternatepin_1 - Rename Mode FullDuplex into Enable FDCAN_TXFD for pin PD6 is applicable
2026-05-07 15:25:53,791 [INFO] Rule:224 - rule USART TxPinLevelInvertParam Mode is applicable
2026-05-07 15:25:53,791 [INFO] Rule:224 - rule USART RxPinLevelInvertParam Mode is applicable
2026-05-07 15:25:53,791 [INFO] Rule:224 - rule USART DataInvertParam Mode is applicable
2026-05-07 15:25:53,791 [INFO] Rule:224 - rule USART SwapParam Mode is applicable
2026-05-07 15:25:53,791 [INFO] Rule:224 - rule USART OverrunDisableParam Mode is applicable
2026-05-07 15:25:53,791 [INFO] Rule:224 - rule USART DMADisableonRxErrorParam Mode is applicable
2026-05-07 15:25:53,792 [INFO] Rule:224 - rule USART MSBFirstParam Mode is applicable
2026-05-07 15:25:53,792 [INFO] Rule:224 - rule Update MwName for USB_DEVICE is applicable
2026-05-07 15:25:53,792 [INFO] Rule:224 - rule Change PWR_Regulator_Voltage_Scale Default Value for RCC  H7 family is applicable
2026-05-07 15:25:53,792 [INFO] Rule:224 - rule UART/USART IPParameter rename Prescaler parameter to ClockPrescaler is applicable
2026-05-07 15:25:53,793 [INFO] Rule:224 - rule UART/USART Prescaler rename Prescaler parameter to ClockPrescaler is applicable
2026-05-07 15:25:53,793 [INFO] Rule:224 - rule TIM1CLockSelection is applicable
2026-05-07 15:25:53,793 [INFO] Rule:224 - rule TIM15CLockSelection is applicable
2026-05-07 15:25:53,793 [INFO] Rule:224 - rule align RCC SDMMC3CLockSelection default value on MP1 is applicable
2026-05-07 15:25:53,793 [INFO] Rule:224 - rule align RCC SDMMC12CLockSelection default value on MP1 is applicable
2026-05-07 15:25:53,793 [INFO] Rule:224 - rule align RCC QSPICLockSelection default value on MP1 is applicable
2026-05-07 15:25:53,793 [INFO] Rule:224 - rule align RCC QSPICLockSelection default value on MP1 is applicable
2026-05-07 15:25:53,794 [INFO] Rule:224 - rule align RCC SPI6CLockSelection default value on MP1 is applicable
2026-05-07 15:25:53,794 [INFO] Rule:224 - rule align RCC LPTIM23CLockSelection default value on MP1 is applicable
2026-05-07 15:25:53,794 [INFO] Rule:224 - rule align RCC LPTIM1CLockSelection default value on MP1 is applicable
2026-05-07 15:25:53,794 [INFO] Rule:224 - rule align RCC USART1CLockSelection default value on MP1 is applicable
2026-05-07 15:25:53,794 [INFO] Rule:224 - rule align RCC USART24CLockSelection default value on MP1 is applicable
2026-05-07 15:25:53,794 [INFO] Rule:224 - rule align RCC USART6CLockSelection default value on MP1 is applicable
2026-05-07 15:25:53,795 [INFO] Rule:224 - rule align RCC UART78CLockSelection default value on MP1 is applicable
2026-05-07 15:25:53,795 [INFO] Rule:224 - rule align RCC USART35CLockSelection default value on MP1 is applicable
2026-05-07 15:25:53,795 [INFO] Rule:224 - rule align RCC SPI45CLockSelection default value on MP1 is applicable
2026-05-07 15:25:53,796 [INFO] Rule:224 - rule align RCC I2C46CLockSelection BCLK value on MP1 is applicable
2026-05-07 15:25:53,796 [INFO] Rule:224 - rule align RCC SPI45CLockSelection default value on MP1 is applicable
2026-05-07 15:25:53,797 [INFO] Rule:224 - rule align RCC I2C12CLockSelection default value on MP1 is applicable
2026-05-07 15:25:53,797 [INFO] Rule:224 - rule align RCC I2C35CLockSelection default value on MP1 is applicable
2026-05-07 15:25:53,798 [INFO] Rule:224 - rule align RCC LPTIM45CLockSelection default value on MP1 is applicable
2026-05-07 15:25:53,798 [INFO] Rule:224 - rule Rename DCMI PIXCK signal is applicable
2026-05-07 15:25:53,798 [INFO] Rule:224 - rule Change Default Value for I2C46CLockSelection MP1 family is applicable
2026-05-07 15:25:53,798 [INFO] Rule:224 - rule Change Default Value for UART for G4, G0 and WB families is applicable
2026-05-07 15:25:53,798 [INFO] Rule:224 - rule Change Default Value for USART for G4, G0 and WB families is applicable
2026-05-07 15:25:53,799 [INFO] Rule:224 - rule Change Default Value for USART for G4 family is applicable
2026-05-07 15:25:53,799 [INFO] Rule:224 - rule Change USART1CLockSelection refparam name for MP1 is applicable
2026-05-07 15:25:53,799 [INFO] Rule:224 - rule Change USART2CLockSelection refparam name for MP1 is applicable
2026-05-07 15:25:53,799 [INFO] Rule:224 - rule Change USART3CLockSelection refparam name for MP1 is applicable
2026-05-07 15:25:53,799 [INFO] Rule:224 - rule Change UART4CLockSelection refparam name for MP1 is applicable
2026-05-07 15:25:53,799 [INFO] Rule:224 - rule Change UART5CLockSelection refparam name for MP1 is applicable
2026-05-07 15:25:53,800 [INFO] Rule:224 - rule Change LPUART1CLockSelection refparam name for MP1 is applicable
2026-05-07 15:25:53,800 [INFO] Rule:224 - rule Change LPTIM1CLockSelection refparam name for MP1 is applicable
2026-05-07 15:25:53,800 [INFO] Rule:224 - rule Change LPTIM2CLockSelection refparam name for MP1 is applicable
2026-05-07 15:25:53,800 [INFO] Rule:224 - rule Change RCC_MCO1Source refparam name for MP1 is applicable
2026-05-07 15:25:53,800 [INFO] Rule:224 - rule Change LSCOSource1 refparam name for MP1 is applicable
2026-05-07 15:25:53,800 [INFO] Rule:224 - rule Change SMPSCLockSelection refparam name for MP1 is applicable
2026-05-07 15:25:53,801 [INFO] Rule:224 - rule Change LPTIM3CLockSelection refparam name for MP1 is applicable
2026-05-07 15:25:53,801 [INFO] Rule:224 - rule Change MPCBB* Default Template Mode to Parameters is applicable
2026-05-07 15:25:53,801 [INFO] Rule:224 - rule Change MPCWM* or MPCBB* Secure Mode to Parameters is applicable
2026-05-07 15:25:53,801 [INFO] Rule:224 - rule Change MPCWM* or MPCBB* No Secure Mode to Parameters is applicable
2026-05-07 15:25:53,801 [INFO] Rule:224 - rule Change TZSC IP Secure Mode to Parameters is applicable
2026-05-07 15:25:53,802 [INFO] Rule:224 - rule Change TZSC IP No Secure Mode to Parameters is applicable
2026-05-07 15:25:53,802 [INFO] Rule:224 - rule Change TZSC IP Privilege Mode to Parameters is applicable
2026-05-07 15:25:53,802 [INFO] Rule:224 - rule Change TZSC IP No Privilege Mode to Parameters is applicable
2026-05-07 15:25:53,802 [INFO] Rule:224 - rule Change TZIC IT Secure Mode to Parameters is applicable
2026-05-07 15:25:53,802 [INFO] Rule:224 - rule Change TZIC IT No Secure Mode to Parameters is applicable
2026-05-07 15:25:53,802 [INFO] Rule:224 - rule Add MPCBB1_NonSecureArea_Start_Address value with referenced to MPCBB1_NonSecureArea_Start value is applicable
2026-05-07 15:25:53,803 [INFO] Rule:224 - rule Add MPCBB2_NonSecureArea_Start_Address value with referenced to MPCBB2_NonSecureArea_Start value is applicable
2026-05-07 15:25:53,803 [INFO] Rule:224 - rule Add MPCWM1_NonSecureArea*_Start_Address value with referenced to MPCWM1_NonSecureArea*_Start value is applicable
2026-05-07 15:25:53,803 [INFO] Rule:224 - rule Add MPCWM2_NonSecureArea*_Start_Address value with referenced to MPCWM2_NonSecureArea*_Start value is applicable
2026-05-07 15:25:53,803 [INFO] Rule:224 - rule Add MPCWM3_NonSecureArea_Start_Address value with referenced to MPCWM3_NonSecureArea_Start value is applicable
2026-05-07 15:25:53,803 [INFO] Rule:224 - rule Change Default Value for PLL1UserDefinedConfig is applicable
2026-05-07 15:25:53,804 [INFO] Rule:224 - rule Change GPIO_PuPd Default Value for USART in async mode is applicable
2026-05-07 15:25:53,804 [INFO] Rule:224 - rule Change SMPSDivider Default Value is applicable
2026-05-07 15:25:53,804 [INFO] Rule:224 - rule OPAMP is applicable
2026-05-07 15:25:53,805 [INFO] Rule:224 - rule LPUART IPParameter rename Prescaler parameter to ClockPrescaler for STM32H7 is applicable
2026-05-07 15:25:53,805 [INFO] Rule:224 - rule LPUART IPParameter rename Prescaler parameter to ClockPrescaler for STM32H7 is applicable
2026-05-07 15:25:53,805 [INFO] Rule:224 - rule LPUART IPParameter rename Prescaler parameter to ClockPrescaler for STM32WB is applicable
2026-05-07 15:25:53,805 [INFO] Rule:224 - rule LPUART IPParameter rename Prescaler parameter to ClockPrescaler for STM32WB is applicable
2026-05-07 15:25:53,805 [INFO] Rule:224 - rule LPUART IPParameter rename Prescaler parameter to ClockPrescaler for STM32G4 is applicable
2026-05-07 15:25:53,805 [INFO] Rule:224 - rule LPUART IPParameter rename Prescaler parameter to ClockPrescaler for STM32G4 is applicable
2026-05-07 15:25:53,806 [INFO] Rule:224 - rule LPUART IPParameter rename Prescaler parameter to ClockPrescaler for STM32L5 is applicable
2026-05-07 15:25:53,806 [INFO] Rule:224 - rule LPUART IPParameter rename Prescaler parameter to ClockPrescaler for STM32L5 is applicable
2026-05-07 15:25:53,806 [INFO] Rule:224 - rule LPUART IPParameter rename Prescaler parameter to ClockPrescaler for STM32G4 is applicable
2026-05-07 15:25:53,806 [INFO] Rule:224 - rule LPUART IPParameter rename Prescaler parameter to ClockPrescaler for STM32G4 is applicable
2026-05-07 15:25:53,806 [INFO] Rule:224 - rule USB device lib V2.5.3 for L0 rename USBD_SUPPORT_USER_STRING parameter to USBD_SUPPORT_USER_STRING_DESC4 is applicable
2026-05-07 15:25:53,806 [INFO] Rule:224 - rule I2SCLockSelection clock entry align is applicable
2026-05-07 15:25:53,807 [INFO] Rule:224 - rule Assign TIMx context if used as SYS timebase is applicable
2026-05-07 15:25:53,808 [INFO] Rule:224 - rule Change GPIO_Pu Default Value for I2C is applicable
2026-05-07 15:25:53,808 [INFO] Rule:224 - rule Change GPIO_Pu Default Value for SMBus is applicable
2026-05-07 15:25:53,808 [INFO] Rule:224 - rule change FDCAN default value is applicable
2026-05-07 15:25:53,809 [INFO] Rule:224 - rule Change mode sai is applicable
2026-05-07 15:25:53,809 [INFO] Rule:224 - rule **Change sai mode is applicable
2026-05-07 15:25:53,809 [INFO] Rule:224 - rule Rename STM32WPAN CFG_BLE_IRK to CFG_BLE_IR is applicable
2026-05-07 15:25:53,809 [INFO] Rule:224 - rule Rename STM32WPAN CFG_BLE_ERK to CFG_BLE_ER is applicable
2026-05-07 15:25:53,809 [INFO] Rule:224 - rule Rename STM32WPAN CFG_BLE_IRK_HEX to CFG_BLE_IR_HEX is applicable
2026-05-07 15:25:53,810 [INFO] Rule:224 - rule Rename STM32WPAN CFG_BLE_ERK_HEX to CFG_BLE_ER_HEX is applicable
2026-05-07 15:25:53,810 [INFO] Rule:224 - rule Adapt Old IOC before rework replace old CORTEX_M33/CORTEX_M55 attributes by the new one. is applicable
2026-05-07 15:25:53,810 [INFO] Rule:224 - rule Rename parametre of RCC RCC_APBDBG_DIV2 to RCC_TIMPRES_DIV2 is applicable
2026-05-07 15:25:53,810 [INFO] Rule:224 - rule Rename DIE493 pin PA10 [PA12] -> PA10 is applicable
2026-05-07 15:25:53,811 [INFO] Rule:224 - rule Rename DIE493 pin PA9 [PA11] -> PA9 is applicable
2026-05-07 15:25:53,946 [INFO] DbConfProperties:307 - Apply Compatibility (50/266 Rules)
2026-05-07 15:25:54,015 [INFO] ImportTextPane:218 - (OptionalMessage_ERROR) Unable to find key (Mcu.ThirdPartyNb) in loaded IOC file
2026-05-07 15:25:54,031 [INFO] ImportTextPane:218 - (OptionalMessage_ERROR) Pin35 (VP_RIF_VS_RIF1) cannot be retrieved for this MCU
2026-05-07 15:25:54,360 [INFO] RtosManager:558 - Registered RTOS mode: class=CMSIS, group=RTOS, mode=CMSIS_V1, owner=FREERTOS
2026-05-07 15:25:54,360 [INFO] RtosManager:558 - Registered RTOS mode: class=CMSIS, group=RTOS2, mode=CMSIS_V2, owner=FREERTOS
2026-05-07 15:25:54,360 [INFO] RtosManager:558 - Registered RTOS mode: class=RTOS, group=Core, mode=CMSIS_V1, owner=FREERTOS
2026-05-07 15:25:54,360 [INFO] RtosManager:558 - Registered RTOS mode: class=RTOS, group=Core, mode=CMSIS_V2, owner=FREERTOS
2026-05-07 15:25:54,361 [WARN] ModelIntegratedComponent:184 - Missing modes for component STMicroelectronics:FreeRTOS:0.0.1:STMicroelectronics:RTOS:FreeRTOS:Core:::10.2.0:
2026-05-07 15:25:54,377 [WARN] ModelIntegratedComponent:63 - No mode defined for component null
2026-05-07 15:25:54,377 [WARN] ModelIntegratedComponent:63 - No mode defined for component null
2026-05-07 15:25:54,378 [WARN] ModelIntegratedComponent:63 - No mode defined for component null
2026-05-07 15:25:54,378 [WARN] ModelIntegratedComponent:63 - No mode defined for component null
2026-05-07 15:25:54,378 [WARN] ModelIntegratedComponent:63 - No mode defined for component null
2026-05-07 15:25:54,378 [WARN] ModelIntegratedComponent:63 - No mode defined for component null
2026-05-07 15:25:54,378 [WARN] ModelIntegratedComponent:63 - No mode defined for component null
2026-05-07 15:25:54,378 [WARN] ModelIntegratedComponent:63 - No mode defined for component null
2026-05-07 15:25:54,378 [WARN] ModelIntegratedComponent:63 - No mode defined for component null
2026-05-07 15:25:54,378 [WARN] ModelIntegratedComponent:63 - No mode defined for component null
2026-05-07 15:25:54,378 [WARN] ModelIntegratedComponent:63 - No mode defined for component null
2026-05-07 15:25:54,379 [WARN] ModelIntegratedComponent:63 - No mode defined for component null
2026-05-07 15:25:54,379 [WARN] ModelIntegratedComponent:63 - No mode defined for component null
2026-05-07 15:25:54,379 [WARN] ModelIntegratedComponent:63 - No mode defined for component null
2026-05-07 15:25:54,379 [WARN] ModelIntegratedComponent:63 - No mode defined for component null
2026-05-07 15:25:54,379 [WARN] ModelIntegratedComponent:63 - No mode defined for component null
2026-05-07 15:25:54,379 [WARN] ModelIntegratedComponent:63 - No mode defined for component null
2026-05-07 15:25:54,379 [WARN] ModelIntegratedComponent:63 - No mode defined for component null
2026-05-07 15:25:54,379 [WARN] ModelIntegratedComponent:63 - No mode defined for component null
2026-05-07 15:25:54,379 [WARN] ModelIntegratedComponent:63 - No mode defined for component null
2026-05-07 15:25:54,379 [WARN] ModelIntegratedComponent:63 - No mode defined for component null
2026-05-07 15:25:54,379 [WARN] ModelIntegratedComponent:63 - No mode defined for component null
2026-05-07 15:25:54,380 [WARN] ModelIntegratedComponent:63 - No mode defined for component null
2026-05-07 15:25:54,380 [WARN] ModelIntegratedComponent:63 - No mode defined for component null
2026-05-07 15:25:54,380 [WARN] ModelIntegratedComponent:63 - No mode defined for component null
2026-05-07 15:25:54,380 [WARN] ModelIntegratedComponent:63 - No mode defined for component null
2026-05-07 15:25:54,380 [WARN] ModelIntegratedComponent:63 - No mode defined for component null
2026-05-07 15:25:54,380 [WARN] ModelIntegratedComponent:63 - No mode defined for component null
2026-05-07 15:25:54,380 [WARN] ModelIntegratedComponent:63 - No mode defined for component null
2026-05-07 15:25:54,380 [WARN] ModelIntegratedComponent:63 - No mode defined for component null
2026-05-07 15:25:54,380 [WARN] ModelIntegratedComponent:63 - No mode defined for component null
2026-05-07 15:25:54,380 [WARN] ModelIntegratedComponent:63 - No mode defined for component null
2026-05-07 15:25:54,381 [WARN] ModelIntegratedComponent:63 - No mode defined for component null
2026-05-07 15:25:54,381 [WARN] ModelIntegratedComponent:63 - No mode defined for component null
2026-05-07 15:25:54,381 [WARN] ModelIntegratedComponent:63 - No mode defined for component null
2026-05-07 15:25:54,381 [WARN] ModelPack:524 - Component already loaded: STMicroelectronics:HAL Drivers:0.0.0:STMicroelectronics:Device:STMicro_Driver:XSPI:HAL::0.0.1:HAL_XSPI
2026-05-07 15:25:54,604 [INFO] ThirdPartyModel:298 - Start build external matchings
2026-05-07 15:25:55,779 [INFO] ThirdPartyModel:316 - End build external matchings
2026-05-07 15:25:55,827 [INFO] ImportTextPane:218 - (OptionalMessage_ERROR) IP (RCC) : Parameter (RTCHSEDivFreq_Value) has invalid value (4000000)
2026-05-07 15:25:56,814 [INFO] UtilMem:75 - End LoadConfig() Used Memory: 829353288 Bytes (1073741824)
2026-05-07 15:25:56,972 [WARN] ThirdParty:833 - waiting for thirdparty lock release [change project]
2026-05-07 15:25:56,973 [INFO] ThirdParty:835 - entering critical section [change project]
2026-05-07 15:25:56,973 [INFO] ThirdParty:1030 - CMSIS Pack Vendor :STMicroelectronics X-CUBE-AZRTOS-H7 3.5.0
2026-05-07 15:25:56,973 [INFO] ThirdParty:1030 - CMSIS Pack Vendor :STMicroelectronics X-CUBE-PM33A1 1.0.0
2026-05-07 15:25:56,973 [INFO] ThirdParty:1030 - CMSIS Pack Vendor :STMicroelectronics USBPD 4.1
2026-05-07 15:25:56,973 [INFO] ThirdParty:1030 - CMSIS Pack Vendor :STMicroelectronics X-CUBE-NFC9 1.0.0
2026-05-07 15:25:56,973 [INFO] ThirdParty:1030 - CMSIS Pack Vendor :STMicroelectronics USB_HOST 2.0.0
2026-05-07 15:25:56,974 [INFO] ThirdParty:1030 - CMSIS Pack Vendor :STMicroelectronics X-CUBE-AZRTOS-F4 1.1.0
2026-05-07 15:25:56,974 [INFO] ThirdParty:1030 - CMSIS Pack Vendor :STMicroelectronics LIBJPEG 8.0.0
2026-05-07 15:25:56,974 [INFO] ThirdParty:1030 - CMSIS Pack Vendor :STMicroelectronics FP-ATR-ASTRA1 2.0.2
2026-05-07 15:25:56,974 [INFO] ThirdParty:1030 - CMSIS Pack Vendor :STMicroelectronics X-CUBE-BLE1 7.1.0
2026-05-07 15:25:56,974 [INFO] ThirdParty:1030 - CMSIS Pack Vendor :STMicroelectronics X-CUBE-SMBUS 2.1.0
2026-05-07 15:25:56,974 [INFO] ThirdParty:1030 - CMSIS Pack Vendor :wolfSSL I-CUBE-wolfMQTT 1.19.2
2026-05-07 15:25:56,974 [INFO] ThirdParty:1030 - CMSIS Pack Vendor :STMicroelectronics USB_DEVICE 3.0.0
2026-05-07 15:25:56,974 [INFO] ThirdParty:1030 - CMSIS Pack Vendor :STMicroelectronics X-CUBE-ISPU 2.1.0
2026-05-07 15:25:56,974 [INFO] ThirdParty:1030 - CMSIS Pack Vendor :STMicroelectronics X-CUBE-EEPRMA1 5.2.0
2026-05-07 15:25:56,974 [INFO] ThirdParty:1030 - CMSIS Pack Vendor :STMicroelectronics X-CUBE-BLEMGR 4.1.0
2026-05-07 15:25:56,975 [INFO] ThirdParty:1030 - CMSIS Pack Vendor :STMicroelectronics eDS-WB_DPC_TT-BIDIR 2.1.1
2026-05-07 15:25:56,975 [INFO] ThirdParty:1030 - CMSIS Pack Vendor :STMicroelectronics X-CUBE-AZRTOS-WB 2.0.0
2026-05-07 15:25:56,975 [INFO] ThirdParty:1030 - CMSIS Pack Vendor :wolfSSL I-CUBE-wolfSSL 5.8.4
2026-05-07 15:25:56,975 [INFO] ThirdParty:1030 - CMSIS Pack Vendor :STMicroelectronics X-CUBE-NFC12 1.0.0
2026-05-07 15:25:56,975 [INFO] ThirdParty:1030 - CMSIS Pack Vendor :STMicroelectronics X-CUBE-AZRTOS-F7 1.1.0
2026-05-07 15:25:56,975 [INFO] ThirdParty:1030 - CMSIS Pack Vendor :STMicroelectronics X-CUBE-AZRTOS-L5 2.0.0
2026-05-07 15:25:56,975 [INFO] ThirdParty:1030 - CMSIS Pack Vendor :STMicroelectronics USB_DEVICE 2.0.0
2026-05-07 15:25:56,975 [INFO] ThirdParty:1030 - CMSIS Pack Vendor :quantropi X-CUBE-qispace-sdk-base 2.1.0
2026-05-07 15:25:56,975 [INFO] ThirdParty:1030 - CMSIS Pack Vendor :STMicroelectronics X-CUBE-MEMS1 12.0.0
2026-05-07 15:25:56,975 [INFO] ThirdParty:1030 - CMSIS Pack Vendor :STMicroelectronics X-CUBE-STSE01 2.0.0
2026-05-07 15:25:56,976 [INFO] ThirdParty:1030 - CMSIS Pack Vendor :STMicroelectronics FreeRTOS 0.0.1
2026-05-07 15:25:56,976 [INFO] ThirdParty:1030 - CMSIS Pack Vendor :STMicroelectronics X-CUBE-AZRTOS-G0 1.1.0
2026-05-07 15:25:56,976 [INFO] ThirdParty:1030 - CMSIS Pack Vendor :STMicroelectronics X-CUBE-NFC4 3.0.0
2026-05-07 15:25:56,976 [INFO] ThirdParty:1030 - CMSIS Pack Vendor :STMicroelectronics X-CUBE-SUBG2 5.0.0
2026-05-07 15:25:56,976 [INFO] ThirdParty:1030 - CMSIS Pack Vendor :STMicroelectronics STM32_WPAN 1.0.0
2026-05-07 15:25:56,976 [INFO] ThirdParty:1030 - CMSIS Pack Vendor :STMicroelectronics eDS-WB_DPC_VIENNA 1.2.0
2026-05-07 15:25:56,976 [INFO] ThirdParty:1030 - CMSIS Pack Vendor :EmbeddedOffice I-CUBE-FS-RTOS 1.0.1
2026-05-07 15:25:56,977 [INFO] ThirdParty:1030 - CMSIS Pack Vendor :STMicroelectronics lwIP 2.0.3
2026-05-07 15:25:56,977 [INFO] ThirdParty:1030 - CMSIS Pack Vendor :STMicroelectronics eDS-WB_DPC_3PH2L-BIDIR 1.1.1
2026-05-07 15:25:56,977 [INFO] ThirdParty:1030 - CMSIS Pack Vendor :STMicroelectronics USB_HOST 1.0.0
2026-05-07 15:25:56,977 [INFO] ThirdParty:1030 - CMSIS Pack Vendor :STMicroelectronics X-CUBE-AZRTOS-G4 2.0.0
2026-05-07 15:25:56,977 [INFO] ThirdParty:1030 - CMSIS Pack Vendor :STMicroelectronics PDM2PCM 3.1.0
2026-05-07 15:25:56,977 [INFO] ThirdParty:1030 - CMSIS Pack Vendor :STMicroelectronics PDM2PCM 3.3.0
2026-05-07 15:25:56,977 [INFO] ThirdParty:1030 - CMSIS Pack Vendor :wolfSSL I-CUBE-wolfTPM 3.8.0
2026-05-07 15:25:56,977 [INFO] ThirdParty:1030 - CMSIS Pack Vendor :STMicroelectronics X-CUBE-DISPLAY 3.0.0
2026-05-07 15:25:56,977 [INFO] ThirdParty:1030 - CMSIS Pack Vendor :wolfSSL I-CUBE-wolfSSH 1.4.20
2026-05-07 15:25:56,977 [INFO] ThirdParty:1030 - CMSIS Pack Vendor :STMicroelectronics X-CUBE-NFC7 2.0.0
2026-05-07 15:25:56,978 [INFO] ThirdParty:1030 - CMSIS Pack Vendor :STMicroelectronics X-CUBE-GNSS1 7.1.1
2026-05-07 15:25:56,978 [INFO] ThirdParty:1030 - CMSIS Pack Vendor :STMicroelectronics X-CUBE-TCPP 4.2.0
2026-05-07 15:25:56,978 [INFO] ThirdParty:1030 - CMSIS Pack Vendor :RealThread X-CUBE-RT-Thread_Nano 4.1.1
2026-05-07 15:25:56,978 [INFO] ThirdParty:1030 - CMSIS Pack Vendor :STMicroelectronics FP-ATR-SIGFOX1 3.2.0
2026-05-07 15:25:56,978 [INFO] ThirdParty:1030 - CMSIS Pack Vendor :STMicroelectronics X-CUBE-NFC10 1.0.0
2026-05-07 15:25:56,978 [INFO] ThirdParty:1030 - CMSIS Pack Vendor :STMicroelectronics HAL Drivers 0.0.0
2026-05-07 15:25:56,978 [INFO] ThirdParty:1030 - CMSIS Pack Vendor :STMicroelectronics MBEDTLS 2.16.2
2026-05-07 15:25:56,979 [INFO] ThirdParty:1030 - CMSIS Pack Vendor :STMicroelectronics X-CUBE-ST60 1.1.0
2026-05-07 15:25:56,979 [INFO] ThirdParty:1030 - CMSIS Pack Vendor :STMicroelectronics X-CUBE-ALS 1.0.2
2026-05-07 15:25:56,979 [INFO] ThirdParty:1030 - CMSIS Pack Vendor :emotas I-CUBE-CANOPEN 1.3.0
2026-05-07 15:25:56,979 [INFO] ThirdParty:1030 - CMSIS Pack Vendor :STMicroelectronics MBEDTLS 2.14.1
2026-05-07 15:25:56,979 [INFO] ThirdParty:1030 - CMSIS Pack Vendor :STMicroelectronics X-CUBE-GNSS1 7.1.0
2026-05-07 15:25:56,979 [INFO] ThirdParty:1030 - CMSIS Pack Vendor :ITTIA_DB I-CUBE-ITTIADB 8.9.0
2026-05-07 15:25:56,979 [INFO] ThirdParty:1030 - CMSIS Pack Vendor :Cesanta I-CUBE-Mongoose 7.21.0
2026-05-07 15:25:56,980 [INFO] ThirdParty:1030 - CMSIS Pack Vendor :STMicroelectronics X-CUBE-TOUCHGFX 4.26.1
2026-05-07 15:25:56,980 [INFO] ThirdParty:1030 - CMSIS Pack Vendor :STMicroelectronics X-CUBE-NFC6 3.2.0
2026-05-07 15:25:56,980 [INFO] ThirdParty:1030 - CMSIS Pack Vendor :STMicroelectronics X-CUBE-AI 10.2.0
2026-05-07 15:25:56,980 [INFO] ThirdParty:1030 - CMSIS Pack Vendor :STMicroelectronics FP-SNS-STAIOTCFT 1.0.0
2026-05-07 15:25:56,980 [INFO] ThirdParty:1030 - CMSIS Pack Vendor :STMicroelectronics ThreadX 1.0.0
2026-05-07 15:25:56,980 [INFO] ThirdParty:1030 - CMSIS Pack Vendor :STMicroelectronics FP-SNS-SMARTAG2 1.2.0
2026-05-07 15:25:56,980 [INFO] ThirdParty:1030 - CMSIS Pack Vendor :STMicroelectronics X-CUBE-MEMS1 12.1.0
2026-05-07 15:25:56,980 [INFO] ThirdParty:1030 - CMSIS Pack Vendor :STMicroelectronics FP-SNS-FLIGHT1 5.1.0
2026-05-07 15:25:56,980 [INFO] ThirdParty:1030 - CMSIS Pack Vendor :STMicroelectronics X-CUBE-AZRTOS-WL 2.0.0
2026-05-07 15:25:56,980 [INFO] ThirdParty:1030 - CMSIS Pack Vendor :SEGGER I-CUBE-embOS 1.3.1
2026-05-07 15:25:56,981 [INFO] ThirdParty:1030 - CMSIS Pack Vendor :STMicroelectronics X-CUBE-ALGOBUILD 1.4.0
2026-05-07 15:25:56,981 [INFO] ThirdParty:1030 - CMSIS Pack Vendor :STMicroelectronics X-CUBE-DPower 1.3.0
2026-05-07 15:25:56,981 [INFO] ThirdParty:1030 - CMSIS Pack Vendor :STMicroelectronics USB_DEVICE 1.0.0
2026-05-07 15:25:56,981 [INFO] ThirdParty:1030 - CMSIS Pack Vendor :STMicroelectronics X-CUBE-AZRTOS-H7RS 1.2.0
2026-05-07 15:25:56,981 [INFO] ThirdParty:1030 - CMSIS Pack Vendor :STMicroelectronics X-CUBE-AZRTOS-L4 2.0.0
2026-05-07 15:25:56,981 [INFO] ThirdParty:1030 - CMSIS Pack Vendor :STMicroelectronics ThreadX 0.0.2
2026-05-07 15:25:56,981 [INFO] ThirdParty:1030 - CMSIS Pack Vendor :STMicroelectronics lwIP 2.1.2
2026-05-07 15:25:56,981 [INFO] ThirdParty:1030 - CMSIS Pack Vendor :STMicroelectronics X-CUBE-SFXS2LP1 4.0.0
2026-05-07 15:25:56,981 [INFO] ThirdParty:1030 - CMSIS Pack Vendor :STMicroelectronics X-CUBE-BLE2 3.3.0
2026-05-07 15:25:56,981 [INFO] ThirdParty:1030 - CMSIS Pack Vendor :Avnet-IOTCONNECT X-CUBE-iotc-st67-sdk 1.0.0
2026-05-07 15:25:56,982 [INFO] ThirdParty:1030 - CMSIS Pack Vendor :STMicroelectronics X-CUBE-TOF1 3.4.3
2026-05-07 15:25:56,982 [INFO] ThirdParty:1030 - CMSIS Pack Vendor :Infineon AIROC-Wi-Fi-Bluetooth-STM32 1.8.0
2026-05-07 15:25:56,982 [INFO] ThirdParty:1030 - CMSIS Pack Vendor :STMicroelectronics PDM2PCM 3.2.0
2026-05-07 15:25:56,982 [INFO] ThirdParty:1030 - CMSIS Pack Vendor :STMicroelectronics X-CUBE-WB05N 2.1.0
2026-05-07 15:25:56,982 [INFO] ThirdParty:841 - exiting critical section [change project]
2026-05-07 15:25:57,712 [INFO] PinOutPanel:1589 - setPackage(No Configuration,No Configuration)
2026-05-07 15:25:57,721 [INFO] PinOutPanel:1589 - setPackage(STM32F407VGTx,LQFP100)
2026-05-07 15:25:58,447 [INFO] UtilMem:75 - Before build in PCC Used Memory: 699892544 Bytes (1073741824)
2026-05-07 15:25:59,429 [INFO] UtilMem:75 - After build in PCC Used Memory: 745507648 Bytes (1073741824)
2026-05-07 15:25:59,515 [INFO] ApiDbMcu:508 - Load IP Config File for USB_HOST
2026-05-07 15:25:59,525 [WARN] BspModel:444 - BSP dependency skipped because of component: name='IOExpander', api='Unknown'
2026-05-07 15:25:59,583 [INFO] IPUIPlugin:80 - create IPUIPlugin
2026-05-07 15:25:59,583 [INFO] IPUIPlugin:80 - create IPUIPlugin
2026-05-07 15:25:59,584 [INFO] IPUIPlugin:80 - create IPUIPlugin
2026-05-07 15:25:59,584 [INFO] IPUIPlugin:80 - create IPUIPlugin
2026-05-07 15:25:59,585 [INFO] IPUIPlugin:80 - create IPUIPlugin
2026-05-07 15:25:59,586 [INFO] IPUIPlugin:80 - create IPUIPlugin
2026-05-07 15:25:59,587 [INFO] IPUIPlugin:80 - create IPUIPlugin
2026-05-07 15:25:59,589 [INFO] IPUIPlugin:80 - create IPUIPlugin
2026-05-07 15:25:59,589 [INFO] IPUIPlugin:80 - create IPUIPlugin
2026-05-07 15:25:59,589 [INFO] IPUIPlugin:80 - create IPUIPlugin
2026-05-07 15:25:59,590 [INFO] IPUIPlugin:80 - create IPUIPlugin
2026-05-07 15:25:59,590 [INFO] IPUIPlugin:80 - create IPUIPlugin
2026-05-07 15:25:59,591 [INFO] IPUIPlugin:80 - create IPUIPlugin
2026-05-07 15:25:59,591 [INFO] IPUIPlugin:80 - create IPUIPlugin
2026-05-07 15:25:59,591 [INFO] IPUIPlugin:80 - create IPUIPlugin
2026-05-07 15:25:59,591 [INFO] IPUIPlugin:80 - create IPUIPlugin
2026-05-07 15:25:59,592 [INFO] IPUIPlugin:80 - create IPUIPlugin
2026-05-07 15:25:59,592 [INFO] IPUIPlugin:80 - create IPUIPlugin
2026-05-07 15:25:59,592 [INFO] IPUIPlugin:80 - create IPUIPlugin
2026-05-07 15:25:59,592 [INFO] IPUIPlugin:80 - create IPUIPlugin
2026-05-07 15:25:59,593 [INFO] IPUIPlugin:80 - create IPUIPlugin
2026-05-07 15:25:59,593 [INFO] IPUIPlugin:80 - create IPUIPlugin
2026-05-07 15:25:59,594 [INFO] IPUIPlugin:80 - create IPUIPlugin
2026-05-07 15:25:59,595 [INFO] IPUIPlugin:80 - create IPUIPlugin
2026-05-07 15:25:59,595 [INFO] IPUIPlugin:80 - create IPUIPlugin
2026-05-07 15:25:59,595 [INFO] IPUIPlugin:80 - create IPUIPlugin
2026-05-07 15:25:59,595 [INFO] IPUIPlugin:80 - create IPUIPlugin
2026-05-07 15:25:59,596 [INFO] IPUIPlugin:80 - create IPUIPlugin
2026-05-07 15:25:59,597 [INFO] IPUIPlugin:80 - create IPUIPlugin
2026-05-07 15:25:59,597 [INFO] IPUIPlugin:80 - create IPUIPlugin
2026-05-07 15:25:59,597 [INFO] IPUIPlugin:80 - create IPUIPlugin
2026-05-07 15:25:59,597 [INFO] IPUIPlugin:80 - create IPUIPlugin
2026-05-07 15:25:59,599 [INFO] IPUIPlugin:80 - create IPUIPlugin
2026-05-07 15:25:59,599 [INFO] IPUIPlugin:80 - create IPUIPlugin
2026-05-07 15:25:59,599 [INFO] IPUIPlugin:80 - create IPUIPlugin
2026-05-07 15:25:59,600 [INFO] IPUIPlugin:80 - create IPUIPlugin
2026-05-07 15:25:59,600 [INFO] IPUIPlugin:80 - create IPUIPlugin
2026-05-07 15:25:59,600 [INFO] IPUIPlugin:80 - create IPUIPlugin
2026-05-07 15:25:59,601 [INFO] IPUIPlugin:80 - create IPUIPlugin
2026-05-07 15:25:59,602 [INFO] IPUIPlugin:80 - create IPUIPlugin
2026-05-07 15:25:59,603 [INFO] IPUIPlugin:80 - create IPUIPlugin
2026-05-07 15:25:59,604 [INFO] IPUIPlugin:80 - create IPUIPlugin
2026-05-07 15:25:59,604 [INFO] IPUIPlugin:80 - create IPUIPlugin
2026-05-07 15:25:59,606 [INFO] IPUIPlugin:80 - create IPUIPlugin
2026-05-07 15:25:59,606 [INFO] IPUIPlugin:80 - create IPUIPlugin
2026-05-07 15:25:59,607 [INFO] IPUIPlugin:80 - create IPUIPlugin
2026-05-07 15:25:59,607 [INFO] IPUIPlugin:80 - create IPUIPlugin
2026-05-07 15:25:59,608 [INFO] IPUIPlugin:80 - create IPUIPlugin
2026-05-07 15:25:59,608 [INFO] IPUIPlugin:80 - create IPUIPlugin
2026-05-07 15:25:59,609 [INFO] IPUIPlugin:80 - create IPUIPlugin
2026-05-07 15:25:59,609 [INFO] IPUIPlugin:80 - create IPUIPlugin
2026-05-07 15:25:59,609 [INFO] IPUIPlugin:80 - create IPUIPlugin
2026-05-07 15:25:59,610 [INFO] IPUIPlugin:80 - create IPUIPlugin
2026-05-07 15:25:59,611 [INFO] IPUIPlugin:80 - create IPUIPlugin
2026-05-07 15:25:59,611 [INFO] IPUIPlugin:80 - create IPUIPlugin
2026-05-07 15:25:59,612 [INFO] IPUIPlugin:80 - create IPUIPlugin
2026-05-07 15:25:59,613 [INFO] IPUIPlugin:80 - create IPUIPlugin
2026-05-07 15:25:59,613 [INFO] IPUIPlugin:80 - create IPUIPlugin
2026-05-07 15:25:59,627 [INFO] ApiDbMcu:508 - Load IP Config File for PDM2PCM
2026-05-07 15:25:59,641 [WARN] IP:2250 - I2C_Coeff_DF not found: check if there is a RefParameter without a condition.
2026-05-07 15:25:59,641 [WARN] IP:2250 - Analog_Filter not found: check if there is a RefParameter without a condition.
2026-05-07 15:25:59,674 [INFO] I2sManager:658 - 9.6E7
2026-05-07 15:25:59,675 [INFO] I2sManager:195 - I2S Clock Value : 9.6E7
2026-05-07 15:25:59,679 [INFO] I2sManager:553 - AudioClock : 93750Divider : 2Odd : 0
2026-05-07 15:25:59,806 [INFO] CADModel:165 - CPN selected for project levelSTM32F407VGT6
2026-05-07 15:25:59,807 [INFO] CADModel:114 - Register for checkConnection events
2026-05-07 15:25:59,883 [INFO] OpenFileManager:385 - Restore cursor
2026-05-07 15:26:01,197 [WARN] IP:2250 - I2C_Coeff_DF not found: check if there is a RefParameter without a condition.
2026-05-07 15:26:01,198 [WARN] IP:2250 - Analog_Filter not found: check if there is a RefParameter without a condition.
2026-05-07 15:26:01,199 [WARN] IP:2250 - I2C_Coeff_DF not found: check if there is a RefParameter without a condition.
2026-05-07 15:26:01,199 [WARN] IP:2250 - Analog_Filter not found: check if there is a RefParameter without a condition.
2026-05-07 15:26:02,694 [INFO] UtilMem:75 - End SaveConfig() Used Memory: 891186728 Bytes (1073741824)
2026-05-07 15:26:04,016 [INFO] ServerAccessManage:473 - Download File stm32cube_fw_f4_v1280.zip
2026-05-07 15:27:51,120 [INFO] AnalyticsPlugin:368 - Accepted License(s): [FW.F4.1.28.0]
2026-05-07 15:27:51,128 [INFO] FileExtend:242 - Unzip File : stm32cube_fw_f4_v1280.zip
2026-05-07 15:27:51,129 [INFO] FileExtend:257 - Standard Zip Deflate
2026-05-07 15:30:10,950 [INFO] ServerAccessManage:473 - Download File stm32cube_fw_f4_v1283.zip
2026-05-07 15:30:45,119 [INFO] FileExtend:242 - Unzip File : stm32cube_fw_f4_v1283.zip
2026-05-07 15:30:45,120 [INFO] FileExtend:257 - Standard Zip Deflate
2026-05-07 15:30:45,575 [ERROR] FileExtend:338 - Error during file unzip
2026-05-07 15:30:52,132 [INFO] LoadServerPackagesThread:196 - End of LoadServerPackages Thread
2026-05-07 15:30:52,866 [INFO] ThirdPartyModel:298 - Start build external matchings
2026-05-07 15:30:56,134 [INFO] ThirdPartyModel:316 - End build external matchings
2026-05-07 15:30:56,161 [INFO] CheckServerUpdateThread:120 - End of CheckServer Thread
2026-05-07 15:30:58,753 [INFO] McuFinderGlobals:76 - Set McuFinderConnectedMode to true
2026-05-07 15:30:58,774 [INFO] ApiDb:448 - Save user favorites file C:\Users\hp/.stm32cubeide/favorites.mcus.txt: 0 item(s)
2026-05-07 15:30:58,775 [INFO] ApiDb:452 - User favorites MCUs=[]
2026-05-07 15:30:58,786 [INFO] ApiDb:448 - Save user favorites file C:\Users\hp/.stm32cubeide/favorites.boards.txt: 0 item(s)
2026-05-07 15:30:58,787 [INFO] ApiDb:452 - User favorites Boards=[]
2026-05-07 15:31:21,847 [INFO] AnalyticsPlugin:368 - Accepted License(s): [FW.F4.1.28.0]
2026-05-07 15:31:21,850 [INFO] FileExtend:242 - Unzip File : stm32cube_fw_f4_v1280.zip
2026-05-07 15:31:21,851 [INFO] FileExtend:257 - Standard Zip Deflate
2026-05-07 15:33:39,186 [INFO] FileExtend:242 - Unzip File : stm32cube_fw_f4_v1283.zip
2026-05-07 15:33:39,190 [INFO] FileExtend:257 - Standard Zip Deflate
2026-05-07 15:33:39,457 [ERROR] FileExtend:338 - Error during file unzip
2026-05-07 15:33:42,939 [INFO] LoadServerPackagesThread:196 - End of LoadServerPackages Thread
2026-05-07 15:33:43,380 [INFO] ThirdPartyModel:298 - Start build external matchings
2026-05-07 15:33:46,250 [INFO] ThirdPartyModel:316 - End build external matchings
2026-05-07 15:33:46,288 [INFO] CheckServerUpdateThread:120 - End of CheckServer Thread
2026-05-07 15:35:34,597 [INFO] WebApp:194 - Connection lost
2026-05-07 15:35:35,520 [INFO] WebApp:191 - Connection restablished
2026-05-07 16:35:16,450 [INFO] AnalyticsPlugin:368 - Accepted License(s): [FW.F4.1.28.0]
2026-05-07 16:35:16,515 [INFO] FileExtend:242 - Unzip File : stm32cube_fw_f4_v1280.zip
2026-05-07 16:35:16,516 [INFO] FileExtend:257 - Standard Zip Deflate
2026-05-07 16:35:38,065 [INFO] WebApp:194 - Connection lost
2026-05-07 16:35:39,207 [INFO] WebApp:191 - Connection restablished
2026-05-07 16:38:10,984 [INFO] FileExtend:242 - Unzip File : stm32cube_fw_f4_v1283.zip
2026-05-07 16:38:10,985 [INFO] FileExtend:257 - Standard Zip Deflate
2026-05-07 16:38:11,264 [ERROR] FileExtend:338 - Error during file unzip
2026-05-07 16:38:50,875 [INFO] LoadServerPackagesThread:196 - End of LoadServerPackages Thread
2026-05-07 16:38:51,332 [INFO] ThirdPartyModel:298 - Start build external matchings
2026-05-07 16:38:56,570 [INFO] ThirdPartyModel:316 - End build external matchings
2026-05-07 16:38:56,635 [INFO] CheckServerUpdateThread:120 - End of CheckServer Thread
2026-05-07 16:55:11,647 [INFO] UtilMem:75 - End SaveConfig() Used Memory: 912308528 Bytes (1073741824)
2026-05-07 16:55:14,626 [INFO] UtilMem:75 - End SaveConfig() Used Memory: 978278952 Bytes (1073741824)
2026-05-07 16:55:24,947 [INFO] AnalyticsPlugin:368 - Accepted License(s): [FW.F4.1.28.0]
2026-05-07 16:55:24,951 [INFO] FileExtend:242 - Unzip File : stm32cube_fw_f4_v1280.zip
2026-05-07 16:55:24,952 [INFO] FileExtend:257 - Standard Zip Deflate
2026-05-07 16:57:33,028 [INFO] FileExtend:242 - Unzip File : stm32cube_fw_f4_v1283.zip
2026-05-07 16:57:33,078 [INFO] FileExtend:257 - Standard Zip Deflate
2026-05-07 16:57:33,755 [ERROR] FileExtend:338 - Error during file unzip
2026-05-07 16:59:46,473 [INFO] LoadServerPackagesThread:196 - End of LoadServerPackages Thread
2026-05-07 16:59:47,728 [INFO] ThirdPartyModel:298 - Start build external matchings
2026-05-07 16:59:50,460 [INFO] ThirdPartyModel:316 - End build external matchings
2026-05-07 16:59:50,524 [INFO] CheckServerUpdateThread:120 - End of CheckServer Thread
2026-05-07 16:59:55,968 [INFO] McuFinderGlobals:63 - Set McuFinder mode to 2 (CubeIDE integrated)
2026-05-07 16:59:55,975 [INFO] UserAuth:171 - activating auth plugin
2026-05-07 16:59:56,048 [INFO] UserAuth:486 - Internet connection configuration mode: 1
2026-05-07 17:01:02,588 [INFO] MainUpdater:2872 - connection check result : 10
2026-05-07 17:01:03,019 [INFO] McuFinderGlobals:76 - Set McuFinderConnectedMode to true
2026-05-07 17:01:03,034 [INFO] MultiScanPanel:200 - Auto-refresh data requested => check proxy status ongoing
2026-05-07 17:01:03,036 [INFO] FinderPluginLoader:95 - Searching for filters in installed packs
2026-05-07 17:01:08,366 [INFO] LoadUrlFilesThread:185 - End of LoadServerUrlFiles without Thread
2026-05-07 17:01:08,370 [INFO] DetailPanel:341 - Set advertising image to C:/Users/hp/STM32Cube/Repository/\en.prom-stm32wba2-stm32-nucleo-board-0426.png
2026-05-07 17:01:19,080 [INFO] MultiScanPanel:200 - Auto-refresh data requested => check proxy status ongoing
2026-05-07 17:01:19,289 [INFO] LoadUrlFilesThread:185 - End of LoadServerUrlFiles without Thread
2026-05-07 17:01:19,289 [INFO] DetailPanel:341 - Set advertising image to C:/Users/hp/STM32Cube/Repository/\en.prom-stm32wba2-stm32-nucleo-board-0426.png
2026-05-07 17:03:18,752 [INFO] MainUpdater:2872 - connection check result : 10
2026-05-07 17:03:18,753 [INFO] MainUpdater:2872 - connection check result : 10
2026-05-07 17:03:18,800 [ERROR] IocParser:57 - IOException caught: C:\Users\hp\STM32CubeIDE\workspace_1.18.0\01_SimpleLED_blink\01_SimpleLED_blink.ioc (The system cannot find the path specified)
2026-05-07 17:03:18,803 [ERROR] PeripheralListParser:95 - Something went wrong with ioc file reading: C:\Users\hp\STM32CubeIDE\workspace_1.18.0\01_SimpleLED_blink\01_SimpleLED_blink.ioc (The system cannot find the path specified)
2026-05-07 17:03:18,805 [ERROR] RegexParser:59 - Issue caught when parsing regex: C:\Users\hp\STM32CubeIDE\workspace_1.18.0\01_SimpleLED_blink\01_SimpleLED_blink.ioc (The system cannot find the path specified)
2026-05-07 17:03:18,962 [INFO] MicroXplorer:468 - Change Database Path : 
2026-05-07 17:03:18,964 [INFO] MicroXplorer:498 - Change Database Version : DB.6.0.140
2026-05-07 17:03:19,067 [ERROR] ProjectManagerView:394 - 
java.lang.NullPointerException: Cannot invoke "javax.swing.JTextField.getText()" because the return value of "java.util.List.get(int)" is null
	at com.st.microxplorer.plugins.projectmanager.gui.ProjectChoiceTab$9.caretUpdate(ProjectChoiceTab.java:2678) ~[filemanager.jar:?]
	at javax.swing.text.JTextComponent.fireCaretUpdate(JTextComponent.java:408) ~[?:?]
	at javax.swing.text.JTextComponent$MutableCaretEvent.fire(JTextComponent.java:4484) ~[?:?]
	at javax.swing.text.JTextComponent$MutableCaretEvent.stateChanged(JTextComponent.java:4506) ~[?:?]
	at javax.swing.text.DefaultCaret.fireStateChanged(DefaultCaret.java:857) ~[?:?]
	at javax.swing.text.DefaultCaret.changeCaretPosition(DefaultCaret.java:1343) ~[?:?]
	at javax.swing.text.DefaultCaret.handleSetDot(DefaultCaret.java:1242) ~[?:?]
	at javax.swing.text.DefaultCaret.setDot(DefaultCaret.java:1223) ~[?:?]
	at javax.swing.text.DefaultCaret$Handler.insertUpdate(DefaultCaret.java:1819) ~[?:?]
	at javax.swing.text.AbstractDocument.fireInsertUpdate(AbstractDocument.java:227) ~[?:?]
	at javax.swing.text.AbstractDocument.handleInsertString(AbstractDocument.java:781) ~[?:?]
	at javax.swing.text.AbstractDocument.insertString(AbstractDocument.java:740) ~[?:?]
	at javax.swing.text.PlainDocument.insertString(PlainDocument.java:131) ~[?:?]
	at javax.swing.text.AbstractDocument.replace(AbstractDocument.java:699) ~[?:?]
	at javax.swing.text.JTextComponent.setText(JTextComponent.java:1725) ~[?:?]
	at com.st.microxplorer.plugins.projectmanager.gui.ProjectChoiceTab.createHeapStackFields(ProjectChoiceTab.java:979) ~[filemanager.jar:?]
	at com.st.microxplorer.plugins.projectmanager.gui.ProjectChoiceTab.buildLinkSettingsPanel(ProjectChoiceTab.java:3766) ~[filemanager.jar:?]
	at com.st.microxplorer.plugins.projectmanager.gui.ProjectChoiceTab.defineWindowsFields(ProjectChoiceTab.java:1962) ~[filemanager.jar:?]
	at com.st.microxplorer.plugins.projectmanager.gui.ProjectChoiceTab.updateSettings(ProjectChoiceTab.java:555) ~[filemanager.jar:?]
	at com.st.microxplorer.plugins.projectmanager.gui.ProjectSettingsPanel.UpdateDialog(ProjectSettingsPanel.java:245) ~[filemanager.jar:?]
	at com.st.microxplorer.plugins.projectmanager.ProjectManagerView.propertyChange(ProjectManagerView.java:391) ~[filemanager.jar:?]
	at java.beans.PropertyChangeSupport.fire(PropertyChangeSupport.java:343) ~[?:?]
	at java.beans.PropertyChangeSupport.firePropertyChange(PropertyChangeSupport.java:335) ~[?:?]
	at java.beans.PropertyChangeSupport.firePropertyChange(PropertyChangeSupport.java:268) ~[?:?]
	at com.st.microxplorer.util.MXPropertyChangeSupport.firePropertyChange(MXPropertyChangeSupport.java:54) ~[STM32CubeMX.jar:?]
	at com.st.microxplorer.mxsystem.MxSystem.closeConfig(MxSystem.java:899) ~[STM32CubeMX.jar:?]
	at com.st.microxplorer.maingui.MainPanel.closeConfig(MainPanel.java:789) ~[STM32CubeMX.jar:?]
	at com.st.microxplorer.plugins.filemanager.engine.OpenFileManager.loadConfigurationFile(OpenFileManager.java:287) ~[filemanager.jar:?]
	at com.st.microxplorer.plugins.filemanager.engine.MainFileManager.userLoadConfig(MainFileManager.java:341) ~[filemanager.jar:?]
	at com.st.microxplorer.plugins.filemanager.FileManagerView.getSpecificTask(FileManagerView.java:250) ~[filemanager.jar:?]
	at com.st.stm32cube.common.mx.editor.CubeMxEditor.getMxTabbedPaneInstance(CubeMxEditor.java:1191) ~[com.st.stm32cube.common.mx_6.14.0.202502271554/:?]
	at com.st.stm32cube.common.mx.editor.CubeMxEditor$12$1.createSwingComponent(CubeMxEditor.java:1068) ~[com.st.stm32cube.common.mx_6.14.0.202502271554/:?]
	at com.st.stm32cube.common.mx.oss.core.awtswtbridge.EmbeddedSwingComposite.doComponentCreation(EmbeddedSwingComposite.java:492) ~[com.st.stm32cube.common.mx.oss_6.14.0.202502271554/:?]
	at com.st.stm32cube.common.mx.oss.core.awtswtbridge.EmbeddedSwingComposite$4.run(EmbeddedSwingComposite.java:291) ~[com.st.stm32cube.common.mx.oss_6.14.0.202502271554/:?]
	at com.st.stm32cube.common.mx.oss.core.awtswtbridge.AwtEnvironment$2.run(AwtEnvironment.java:166) ~[com.st.stm32cube.common.mx.oss_6.14.0.202502271554/:?]
	at java.awt.event.InvocationEvent.dispatch(InvocationEvent.java:318) ~[?:?]
	at java.awt.EventQueue.dispatchEventImpl(EventQueue.java:773) ~[?:?]
	at java.awt.EventQueue$4.run(EventQueue.java:720) ~[?:?]
	at java.awt.EventQueue$4.run(EventQueue.java:714) ~[?:?]
	at java.security.AccessController.doPrivileged(AccessController.java:400) ~[?:?]
	at java.security.ProtectionDomain$JavaSecurityAccessImpl.doIntersectionPrivilege(ProtectionDomain.java:87) ~[?:?]
	at java.awt.EventQueue.dispatchEvent(EventQueue.java:742) ~[?:?]
	at java.awt.EventDispatchThread.pumpOneEventForFilters(EventDispatchThread.java:203) ~[?:?]
	at java.awt.EventDispatchThread.pumpEventsForFilter(EventDispatchThread.java:124) ~[?:?]
	at java.awt.EventDispatchThread.pumpEventsForHierarchy(EventDispatchThread.java:113) ~[?:?]
	at java.awt.EventDispatchThread.pumpEvents(EventDispatchThread.java:109) ~[?:?]
	at java.awt.EventDispatchThread.pumpEvents(EventDispatchThread.java:101) ~[?:?]
	at java.awt.EventDispatchThread.run(EventDispatchThread.java:90) ~[?:?]
2026-05-07 17:03:19,081 [WARN] ThirdParty:871 - waiting for thirdparty lock release [close project]
2026-05-07 17:03:19,082 [INFO] ThirdParty:873 - entering critical section [close project]
2026-05-07 17:03:19,083 [INFO] ThirdParty:883 - exiting critical section [close project]
2026-05-07 17:03:19,089 [INFO] PinOutPanel:1589 - setPackage(No Configuration,No Configuration)
2026-05-07 17:03:19,138 [WARN] IpParametersView:155 - Warning: This peripheral hasn't parameters
2026-05-07 17:03:19,169 [WARN] MainPanel:289 - <html><b><center>Warning: This peripheral has no parameters to be configured<br></b></html>
2026-05-07 17:03:19,190 [INFO] UtilMem:75 - Begin LoadConfig() Used Memory: 927961976 Bytes (1073741824)
2026-05-07 17:03:19,198 [INFO] OpenFileManager:354 - Change cursor
2026-05-07 17:03:19,306 [INFO] RulesReader:64 - Compatibility file has been processed (301 Rules)
2026-05-07 17:03:19,334 [INFO] ProjectFactory:442 - No CPN specified for board STM32F407G-DISC1 => set CPN to STM32F407VGT6
2026-05-07 17:03:19,335 [INFO] Mcu:2011 - Initializing MCU STM32F407V(E-G)Tx STM32F407VGTx STM32F407VGT6
2026-05-07 17:03:23,662 [INFO] Context:756 - Trying to add GPIOservice into a context  which must be forbidden
2026-05-07 17:03:24,634 [INFO] Rule:224 - rule 117617 - U5Cobra4M][GTZC] default value MPCBB3 and MPCBB5 - Not Secured memory - MPCBB1 is applicable
2026-05-07 17:03:24,635 [INFO] Rule:224 - rule 117617 - U5Cobra4M][GTZC] default value MPCBB3 and MPCBB5 - Not Secured memory - MPCBB1 is applicable
2026-05-07 17:03:24,635 [INFO] Rule:224 - rule 117617 - U5Cobra4M][GTZC] default value MPCBB3 and MPCBB5 - Not Secured memory - MPCBB2 is applicable
2026-05-07 17:03:24,635 [INFO] Rule:224 - rule 117617 - U5Cobra4M][GTZC] default value MPCBB3 and MPCBB5 - Not Secured memory - MPCBB2 is applicable
2026-05-07 17:03:24,637 [INFO] Rule:224 - rule 117617 - U5Cobra4M][GTZC] default value MPCBB3 and MPCBB5 - Not Secured memory - MPCBB3 is applicable
2026-05-07 17:03:24,638 [INFO] Rule:224 - rule 117617 - U5Cobra4M][GTZC] default value MPCBB3 and MPCBB5 - Not Secured memory - MPCBB3 is applicable
2026-05-07 17:03:24,638 [INFO] Rule:224 - rule 117617 - U5Cobra4M][GTZC] default value MPCBB3 and MPCBB5 - Not Secured memory - MPCBB4 is applicable
2026-05-07 17:03:24,639 [INFO] Rule:224 - rule 117617 - U5Cobra4M][GTZC] default value MPCBB3 and MPCBB5 - Not Secured memory - MPCBB4 is applicable
2026-05-07 17:03:24,639 [INFO] Rule:224 - rule 117617 - U5Cobra4M][GTZC] default value MPCBB3 and MPCBB5 - Secured memory - MPCBB1 is applicable
2026-05-07 17:03:24,639 [INFO] Rule:224 - rule 117617 - U5Cobra4M][GTZC] default value MPCBB3 and MPCBB5 - Secured memory - MPCBB2 is applicable
2026-05-07 17:03:24,639 [INFO] Rule:224 - rule 117617 - U5Cobra4M][GTZC] default value MPCBB3 and MPCBB5 - Secured memory - MPCBB3 is applicable
2026-05-07 17:03:24,639 [INFO] Rule:224 - rule 117617 - U5Cobra4M][GTZC] default value MPCBB3 and MPCBB5 - Secured memory - MPCBB4 is applicable
2026-05-07 17:03:24,639 [INFO] Rule:224 - rule 117617 - U5Cobra4M][GTZC] default value MPCBB3 and MPCBB5 - Privileged memory - MPCBB1 is applicable
2026-05-07 17:03:24,639 [INFO] Rule:224 - rule 117617 - U5Cobra4M][GTZC] default value MPCBB3 and MPCBB5 - Privileged memory - MPCBB2 is applicable
2026-05-07 17:03:24,639 [INFO] Rule:224 - rule 117617 - U5Cobra4M][GTZC] default value MPCBB3 and MPCBB5 - Privileged memory - MPCBB3 is applicable
2026-05-07 17:03:24,640 [INFO] Rule:224 - rule 117617 - U5Cobra4M][GTZC] default value MPCBB3 and MPCBB5 - Privileged memory - MPCBB4 is applicable
2026-05-07 17:03:24,640 [INFO] Rule:224 - rule 117617 - U5Cobra4M][GTZC] default value MPCBB3 and MPCBB5 - Not Privileged memory - MPCBB1 is applicable
2026-05-07 17:03:24,640 [INFO] Rule:224 - rule 117617 - U5Cobra4M][GTZC] default value MPCBB3 and MPCBB5 - Not Privileged memory - MPCBB2 is applicable
2026-05-07 17:03:24,640 [INFO] Rule:224 - rule 117617 - U5Cobra4M][GTZC] default value MPCBB3 and MPCBB5 - Not Privileged memory - MPCBB3 is applicable
2026-05-07 17:03:24,640 [INFO] Rule:224 - rule 117617 - U5Cobra4M][GTZC] default value MPCBB3 and MPCBB5 - Not Privileged memory - MPCBB4 is applicable
2026-05-07 17:03:24,640 [INFO] Rule:224 - rule 117617 - U5Cobra4M][GTZC] default value MPCBB3 and MPCBB5 - Privileged memory - MPCBB1 is applicable
2026-05-07 17:03:24,641 [INFO] Rule:224 - rule 117617 - U5Cobra4M][GTZC] default value MPCBB3 and MPCBB5 - Privileged memory - MPCBB2 is applicable
2026-05-07 17:03:24,641 [INFO] Rule:224 - rule 117617 - U5Cobra4M][GTZC] default value MPCBB3 and MPCBB5 - Privileged memory - MPCBB3 is applicable
2026-05-07 17:03:24,641 [INFO] Rule:224 - rule 117617 - U5Cobra4M][GTZC] default value MPCBB3 and MPCBB5 - Privileged memory - MPCBB4 is applicable
2026-05-07 17:03:24,642 [INFO] Rule:224 - rule 117617 - U5Cobra4M][GTZC] default value MPCBB3 and MPCBB5 - Privileged memory - MPCBB1 is applicable
2026-05-07 17:03:24,642 [INFO] Rule:224 - rule 117617 - U5Cobra4M][GTZC] default value MPCBB3 and MPCBB5 - Privileged memory - MPCBB2 is applicable
2026-05-07 17:03:24,642 [INFO] Rule:224 - rule 117617 - U5Cobra4M][GTZC] default value MPCBB3 and MPCBB5 - Privileged memory - MPCBB3 is applicable
2026-05-07 17:03:24,642 [INFO] Rule:224 - rule 117617 - U5Cobra4M][GTZC] default value MPCBB3 and MPCBB5 - Privileged memory - MPCBB4 is applicable
2026-05-07 17:03:24,642 [INFO] Rule:224 - rule 117617 - U5Cobra4M][GTZC] default value MPCBB3 and MPCBB5 - Not Privileged memory - MPCBB1 is applicable
2026-05-07 17:03:24,642 [INFO] Rule:224 - rule 117617 - U5Cobra4M][GTZC] default value MPCBB3 and MPCBB5 - Not Privileged memory - MPCBB2 is applicable
2026-05-07 17:03:24,642 [INFO] Rule:224 - rule 117617 - U5Cobra4M][GTZC] default value MPCBB3 and MPCBB5 - Not Privileged memory - MPCBB3 is applicable
2026-05-07 17:03:24,642 [INFO] Rule:224 - rule 117617 - U5Cobra4M][GTZC] default value MPCBB3 and MPCBB5 - Not Privileged memory - MPCBB4 is applicable
2026-05-07 17:03:24,643 [INFO] Rule:224 - rule 117617 - U5Cobra4M][GTZC] default value MPCBB3 and MPCBB5 - Privileged memory - MPCBB1 is applicable
2026-05-07 17:03:24,643 [INFO] Rule:224 - rule 117617 - U5Cobra4M][GTZC] default value MPCBB3 and MPCBB5 - Privileged memory - MPCBB2 is applicable
2026-05-07 17:03:24,643 [INFO] Rule:224 - rule 117617 - U5Cobra4M][GTZC] default value MPCBB3 and MPCBB5 - Privileged memory - MPCBB3 is applicable
2026-05-07 17:03:24,643 [INFO] Rule:224 - rule 117617 - U5Cobra4M][GTZC] default value MPCBB3 and MPCBB5 - Privileged memory - MPCBB4 is applicable
2026-05-07 17:03:24,643 [INFO] Rule:224 - rule Rename SubGHz_Phy SUBGHZ_APPLICATION SUBGHZ_PINGPONG to SUBGHZ_ADV_APPLICATION is applicable
2026-05-07 17:03:24,643 [INFO] Rule:224 - rule Rename Enabled to IBEACON is applicable
2026-05-07 17:03:24,643 [INFO] Rule:224 - rule GTZC_S instance for project manager is applicable
2026-05-07 17:03:24,643 [INFO] Rule:224 - rule GTZC_S instance for context M33S is applicable
2026-05-07 17:03:24,644 [INFO] Rule:224 - rule GTZC_S instance value for IP GTZC is applicable
2026-05-07 17:03:24,644 [INFO] Rule:224 - rule GTZC_S instance for mcu.IP is applicable
2026-05-07 17:03:24,644 [INFO] Rule:224 - rule GTZC_S instance for VP is applicable
2026-05-07 17:03:24,644 [INFO] Rule:224 - rule GTZC_S instance for signal is applicable
2026-05-07 17:03:24,644 [INFO] Rule:224 - rule GTZC_S instance for mcu.Pin is applicable
2026-05-07 17:03:24,644 [INFO] Rule:224 - rule GTZC_S instance for VP is applicable
2026-05-07 17:03:24,644 [INFO] Rule:224 - rule GTZC_S instance for signal is applicable
2026-05-07 17:03:24,644 [INFO] Rule:224 - rule GTZC_S instance for mcu is applicable
2026-05-07 17:03:24,644 [INFO] Rule:224 - rule GTZC_S instance for mcu.Pin is applicable
2026-05-07 17:03:24,645 [INFO] Rule:224 - rule GTZC_S instance value for IP GTZC is applicable
2026-05-07 17:03:24,645 [INFO] Rule:224 - rule GTZC_S instance for project manager is applicable
2026-05-07 17:03:24,645 [INFO] Rule:224 - rule GTZC_S instance for context M33S is applicable
2026-05-07 17:03:24,645 [INFO] Rule:224 - rule GTZC_S instance for VP is applicable
2026-05-07 17:03:24,645 [INFO] Rule:224 - rule GTZC_S instance for signal is applicable
2026-05-07 17:03:24,645 [INFO] Rule:224 - rule SPDIFRX instance for mcu is applicable
2026-05-07 17:03:24,645 [INFO] Rule:224 - rule Rename Tracer Mode is applicable
2026-05-07 17:03:24,645 [INFO] Rule:224 - rule SPDIFRX instance value for IP SPDIFRX is applicable
2026-05-07 17:03:24,645 [INFO] Rule:224 - rule SPDIFRX instance for signal is applicable
2026-05-07 17:03:24,646 [INFO] Rule:224 - rule SPDIFRX instance for project manager is applicable
2026-05-07 17:03:24,646 [INFO] Rule:224 - rule SPDIFRX instance for project manager is applicable
2026-05-07 17:03:24,647 [INFO] Rule:224 - rule ADC Scan  fix with FW F7 is applicable
2026-05-07 17:03:24,647 [INFO] Rule:224 - rule ADC Scan  fix with FW F7 is applicable
2026-05-07 17:03:24,647 [INFO] Rule:224 - rule WakeUp0 Mode is applicable
2026-05-07 17:03:24,648 [INFO] Rule:224 - rule WakeUp0 SIGNAL is applicable
2026-05-07 17:03:24,648 [INFO] Rule:224 - rule WakeUp1 Mode is applicable
2026-05-07 17:03:24,648 [INFO] Rule:224 - rule WakeUp1 SIGNAL is applicable
2026-05-07 17:03:24,648 [INFO] Rule:224 - rule WakeUp2 Mode is applicable
2026-05-07 17:03:24,648 [INFO] Rule:224 - rule WakeUp2 SIGNAL is applicable
2026-05-07 17:03:24,648 [INFO] Rule:224 - rule WakeUp4 Mode is applicable
2026-05-07 17:03:24,648 [INFO] Rule:224 - rule WakeUp4 SIGNAL is applicable
2026-05-07 17:03:24,648 [INFO] Rule:224 - rule WakeUp5 Mode is applicable
2026-05-07 17:03:24,648 [INFO] Rule:224 - rule WakeUp5 SIGNAL is applicable
2026-05-07 17:03:24,649 [INFO] Rule:224 - rule UART/USART WORD LENGTH 7 is applicable
2026-05-07 17:03:24,649 [INFO] Rule:224 - rule UART/USART WORD LENGTH 8 is applicable
2026-05-07 17:03:24,649 [INFO] Rule:224 - rule UART/USART WORD LENGTH 9 is applicable
2026-05-07 17:03:24,649 [INFO] Rule:224 - rule Change Default Value for LSE Drive Capability for WB family is applicable
2026-05-07 17:03:24,649 [INFO] Rule:224 - rule Change Default Value for ADC Clock Prescaler G0 family is applicable
2026-05-07 17:03:24,649 [INFO] Rule:224 - rule ADC SamplingTime fix with FW L0  is applicable
2026-05-07 17:03:24,649 [INFO] Rule:224 - rule ADC SamplingTime fix with FW L0  is applicable
2026-05-07 17:03:24,649 [INFO] Rule:224 - rule ADC SamplingTime fix with FW L0 is applicable
2026-05-07 17:03:24,649 [INFO] Rule:224 - rule ADC SamplingTime fix with FW L0 is applicable
2026-05-07 17:03:24,650 [INFO] Rule:224 - rule ADC SamplingTime fix with FW L0  is applicable
2026-05-07 17:03:24,650 [INFO] Rule:224 - rule ADC SamplingTime fix with FW L0 is applicable
2026-05-07 17:03:24,650 [INFO] Rule:224 - rule Rename USB_OE Signal is applicable
2026-05-07 17:03:24,650 [INFO] Rule:224 - rule Rename Activate_OE Mode is applicable
2026-05-07 17:03:24,650 [INFO] Rule:224 - rule Rename DIE462/DIE415 pin PC14/OSC32_IN -> PC14-OSC32_IN (PC14) is applicable
2026-05-07 17:03:24,651 [INFO] Rule:224 - rule Rename DIE462/DIE415 pin PC15/OSC32_OUT -> PC15-OSC32_OUT (PC15) is applicable
2026-05-07 17:03:24,651 [INFO] Rule:224 - rule Rename DIE462/DIE415 pin PH0/OSC_IN -> PH0-OSC_IN (PH0) is applicable
2026-05-07 17:03:24,651 [INFO] Rule:224 - rule Rename DIE462/DIE415 pin PH1/OSC_OUT -> PH1-OSC_OUT (PH1) is applicable
2026-05-07 17:03:24,651 [INFO] Rule:224 - rule Rename DIE462 pin PA13 -> PA13 (JTMS/SWDIO) is applicable
2026-05-07 17:03:24,651 [INFO] Rule:224 - rule Rename DIE415 pin PA13 -> PA13 (JTMS/SWDIO) is applicable
2026-05-07 17:03:24,651 [INFO] Rule:224 - rule Rename DIE462 pin PA14 -> PA14 (JTCK/SWCLK) is applicable
2026-05-07 17:03:24,651 [INFO] Rule:224 - rule Rename DIE415 pin PA14 -> PA14 (JTCK/SWCLK) is applicable
2026-05-07 17:03:24,651 [INFO] Rule:224 - rule Rename DIE462/DIE415 pin PA15 -> PA15 (JTDI) is applicable
2026-05-07 17:03:24,651 [INFO] Rule:224 - rule Rename DIE462 pin PB3 -> PB3 (JTD0/TRACESWO) is applicable
2026-05-07 17:03:24,652 [INFO] Rule:224 - rule Rename DIE415 pin PB3 -> PB3 (JTD0-TRACESWO) is applicable
2026-05-07 17:03:24,652 [INFO] Rule:224 - rule Rename DIE462/DIE415 pin PB4 -> PB4 (NJTRST) is applicable
2026-05-07 17:03:24,652 [INFO] Rule:224 - rule Rename DIE462 pin PH3/BOOT0 -> PH3-BOOT0 (BOOT0) is applicable
2026-05-07 17:03:24,652 [INFO] Rule:224 - rule Rename CRYP DataEncryptionTypesList to Algorithm is applicable
2026-05-07 17:03:24,652 [INFO] Rule:224 - rule Rename AES DataEncryptionTypesList to Algorithm is applicable
2026-05-07 17:03:24,652 [INFO] Rule:224 - rule Rename TDESECB to CRYP_TDES_ECB is applicable
2026-05-07 17:03:24,652 [INFO] Rule:224 - rule Rename TDESCBC to CRYP_TDES_CBC is applicable
2026-05-07 17:03:24,652 [INFO] Rule:224 - rule Rename DESECB to CRYP_DES_ECB is applicable
2026-05-07 17:03:24,652 [INFO] Rule:224 - rule Rename DESCBC to CRYP_DES_CBC is applicable
2026-05-07 17:03:24,652 [INFO] Rule:224 - rule Rename AESECB to CRYP_AES_ECB is applicable
2026-05-07 17:03:24,653 [INFO] Rule:224 - rule Rename AESCBC to CRYP_AES_CBC is applicable
2026-05-07 17:03:24,653 [INFO] Rule:224 - rule Rename AESCTR to CRYP_AES_CTR is applicable
2026-05-07 17:03:24,653 [INFO] Rule:224 - rule Rename AESGCM to CRYP_AES_GCM is applicable
2026-05-07 17:03:24,653 [INFO] Rule:224 - rule Rename AESCCM to CRYP_AES_CCM is applicable
2026-05-07 17:03:24,653 [INFO] Rule:224 - rule Rename CAN TimeSeg1 to BS1 is applicable
2026-05-07 17:03:24,653 [INFO] Rule:224 - rule Rename CAN TimeSeg2 to BS2 is applicable
2026-05-07 17:03:24,653 [INFO] Rule:224 - rule Rename CAN SyncJumpWidth to SJW is applicable
2026-05-07 17:03:24,653 [INFO] Rule:224 - rule TimeTriggeredMode to TTCM is applicable
2026-05-07 17:03:24,654 [INFO] Rule:224 - rule Rename CAN AutoBusOff to ABOM is applicable
2026-05-07 17:03:24,654 [INFO] Rule:224 - rule Rename CAN AutoWakeUp to AWUM is applicable
2026-05-07 17:03:24,654 [INFO] Rule:224 - rule Rename CAN AutoRetransmission to NART is applicable
2026-05-07 17:03:24,654 [INFO] Rule:224 - rule Rename CAN ReceiveFifoLocked to RFLM is applicable
2026-05-07 17:03:24,654 [INFO] Rule:224 - rule Rename CAN TransmitFifoPriority to TXFP is applicable
2026-05-07 17:03:24,654 [INFO] Rule:224 - rule Rename HRTIMER HRTIM_OUTPUTFAULTLEVEL_HIGH in HRTIMER HRTIM_OUTPUTFAULTLEVEL_HIGHZ is applicable
2026-05-07 17:03:24,654 [INFO] Rule:224 - rule Rename TIMER TIM_CLEARINPUTSOURCE_OCREFCLR in  TIMER TIM_CLEARINPUTSOURCE_NONE for F7 family is applicable
2026-05-07 17:03:24,654 [INFO] Rule:224 - rule FDCAN_R1 - Rename FDCAN mode Master into Classic is applicable
2026-05-07 17:03:24,654 [INFO] Rule:224 - rule FDCAN_R2 - Rename FDCAN mode Slave into Classic is applicable
2026-05-07 17:03:24,655 [INFO] Rule:224 - rule FDCAN1_R3 - if PA10.Mode=FullDuplex, add Pin PA12 is applicable
2026-05-07 17:03:24,655 [INFO] Rule:224 - rule FDCAN1_R3 - if PA9.Mode=FullDuplex, add Pin PA11 is applicable
2026-05-07 17:03:24,655 [INFO] Rule:224 - rule FDCAN1_R3 - Alternatepin_1 - if PE1.Mode=FullDuplex, add Pin PB9 is applicable
2026-05-07 17:03:24,655 [INFO] Rule:224 - rule FDCAN1_R3 - Alternatepin_1 - if PE0.Mode=FullDuplex, add Pin PB8 is applicable
2026-05-07 17:03:24,655 [INFO] Rule:224 - rule FDCAN1_R3 - Alternatepin_2 - if PD5.Mode=FullDuplex, add Pin PD1 is applicable
2026-05-07 17:03:24,655 [INFO] Rule:224 - rule FDCAN1_R3 - Alternatepin_2 - if PD4.Mode=FullDuplex, add Pin PD0 is applicable
2026-05-07 17:03:24,655 [INFO] Rule:224 - rule FDCAN1_R4 - Rename Mode FullDuplex into Enable FDCAN_TXFD for pin PA10 is applicable
2026-05-07 17:03:24,656 [INFO] Rule:224 - rule FDCAN1_R4 - Rename Mode FullDuplex into Enable FDCAN_TXFD for pin PA9 is applicable
2026-05-07 17:03:24,656 [INFO] Rule:224 - rule FDCAN1_R4 - Alternatepin_1 - Rename Mode FullDuplex into Enable FDCAN_TXFD for pin PE1 is applicable
2026-05-07 17:03:24,656 [INFO] Rule:224 - rule FDCAN1_R4 - Alternatepin_1 - Rename Mode FullDuplex into Enable FDCAN_TXFD for pin PE0 is applicable
2026-05-07 17:03:24,656 [INFO] Rule:224 - rule FDCAN1_R4 - Alternatepin_2 - Rename Mode FullDuplex into Enable FDCAN_TXFD for pin PD5 is applicable
2026-05-07 17:03:24,656 [INFO] Rule:224 - rule FDCAN1_R4 - Alternatepin_2 - Rename Mode FullDuplex into Enable FDCAN_TXFD for pin PD4 is applicable
2026-05-07 17:03:24,656 [INFO] Rule:224 - rule FDCAN2_R3 - if PD10.Mode=FullDuplex, add Pin PB13 is applicable
2026-05-07 17:03:24,657 [INFO] Rule:224 - rule FDCAN2_R3 - if PD9.Mode=FullDuplex, add Pin PB12 is applicable
2026-05-07 17:03:24,657 [INFO] Rule:224 - rule FDCAN2_R3 - Alternatepin_1 - if PB7.Mode=FullDuplex, add Pin PB6 is applicable
2026-05-07 17:03:24,657 [INFO] Rule:224 - rule FDCAN2_R3 - Alternatepin_1 - if PD9.Mode=FullDuplex, add Pin PB12 is applicable
2026-05-07 17:03:24,657 [INFO] Rule:224 - rule FDCAN2_R4 - Rename Mode FullDuplex into Enable FDCAN_TXFD for pin PD10 is applicable
2026-05-07 17:03:24,657 [INFO] Rule:224 - rule FDCAN2_R4 - Rename Mode FullDuplex into Enable FDCAN_TXFD for pin PD9 is applicable
2026-05-07 17:03:24,657 [INFO] Rule:224 - rule FDCAN2_R4 - Alternatepin_1 - Rename Mode FullDuplex into Enable FDCAN_TXFD for pin PB7 is applicable
2026-05-07 17:03:24,657 [INFO] Rule:224 - rule FDCAN2_R4 - Alternatepin_1 - Rename Mode FullDuplex into Enable FDCAN_TXFD for pin PD6 is applicable
2026-05-07 17:03:24,657 [INFO] Rule:224 - rule USART TxPinLevelInvertParam Mode is applicable
2026-05-07 17:03:24,657 [INFO] Rule:224 - rule USART RxPinLevelInvertParam Mode is applicable
2026-05-07 17:03:24,657 [INFO] Rule:224 - rule USART DataInvertParam Mode is applicable
2026-05-07 17:03:24,658 [INFO] Rule:224 - rule USART SwapParam Mode is applicable
2026-05-07 17:03:24,658 [INFO] Rule:224 - rule USART OverrunDisableParam Mode is applicable
2026-05-07 17:03:24,658 [INFO] Rule:224 - rule USART DMADisableonRxErrorParam Mode is applicable
2026-05-07 17:03:24,658 [INFO] Rule:224 - rule USART MSBFirstParam Mode is applicable
2026-05-07 17:03:24,658 [INFO] Rule:224 - rule Update MwName for USB_DEVICE is applicable
2026-05-07 17:03:24,658 [INFO] Rule:224 - rule Change PWR_Regulator_Voltage_Scale Default Value for RCC  H7 family is applicable
2026-05-07 17:03:24,658 [INFO] Rule:224 - rule UART/USART IPParameter rename Prescaler parameter to ClockPrescaler is applicable
2026-05-07 17:03:24,658 [INFO] Rule:224 - rule UART/USART Prescaler rename Prescaler parameter to ClockPrescaler is applicable
2026-05-07 17:03:24,658 [INFO] Rule:224 - rule TIM1CLockSelection is applicable
2026-05-07 17:03:24,658 [INFO] Rule:224 - rule TIM15CLockSelection is applicable
2026-05-07 17:03:24,658 [INFO] Rule:224 - rule align RCC SDMMC3CLockSelection default value on MP1 is applicable
2026-05-07 17:03:24,658 [INFO] Rule:224 - rule align RCC SDMMC12CLockSelection default value on MP1 is applicable
2026-05-07 17:03:24,658 [INFO] Rule:224 - rule align RCC QSPICLockSelection default value on MP1 is applicable
2026-05-07 17:03:24,659 [INFO] Rule:224 - rule align RCC QSPICLockSelection default value on MP1 is applicable
2026-05-07 17:03:24,659 [INFO] Rule:224 - rule align RCC SPI6CLockSelection default value on MP1 is applicable
2026-05-07 17:03:24,659 [INFO] Rule:224 - rule align RCC LPTIM23CLockSelection default value on MP1 is applicable
2026-05-07 17:03:24,659 [INFO] Rule:224 - rule align RCC LPTIM1CLockSelection default value on MP1 is applicable
2026-05-07 17:03:24,659 [INFO] Rule:224 - rule align RCC USART1CLockSelection default value on MP1 is applicable
2026-05-07 17:03:24,659 [INFO] Rule:224 - rule align RCC USART24CLockSelection default value on MP1 is applicable
2026-05-07 17:03:24,659 [INFO] Rule:224 - rule align RCC USART6CLockSelection default value on MP1 is applicable
2026-05-07 17:03:24,659 [INFO] Rule:224 - rule align RCC UART78CLockSelection default value on MP1 is applicable
2026-05-07 17:03:24,659 [INFO] Rule:224 - rule align RCC USART35CLockSelection default value on MP1 is applicable
2026-05-07 17:03:24,659 [INFO] Rule:224 - rule align RCC SPI45CLockSelection default value on MP1 is applicable
2026-05-07 17:03:24,659 [INFO] Rule:224 - rule align RCC I2C46CLockSelection BCLK value on MP1 is applicable
2026-05-07 17:03:24,659 [INFO] Rule:224 - rule align RCC SPI45CLockSelection default value on MP1 is applicable
2026-05-07 17:03:24,660 [INFO] Rule:224 - rule align RCC I2C12CLockSelection default value on MP1 is applicable
2026-05-07 17:03:24,660 [INFO] Rule:224 - rule align RCC I2C35CLockSelection default value on MP1 is applicable
2026-05-07 17:03:24,660 [INFO] Rule:224 - rule align RCC LPTIM45CLockSelection default value on MP1 is applicable
2026-05-07 17:03:24,660 [INFO] Rule:224 - rule Rename DCMI PIXCK signal is applicable
2026-05-07 17:03:24,660 [INFO] Rule:224 - rule Change Default Value for I2C46CLockSelection MP1 family is applicable
2026-05-07 17:03:24,660 [INFO] Rule:224 - rule Change Default Value for UART for G4, G0 and WB families is applicable
2026-05-07 17:03:24,660 [INFO] Rule:224 - rule Change Default Value for USART for G4, G0 and WB families is applicable
2026-05-07 17:03:24,661 [INFO] Rule:224 - rule Change Default Value for USART for G4 family is applicable
2026-05-07 17:03:24,661 [INFO] Rule:224 - rule Change USART1CLockSelection refparam name for MP1 is applicable
2026-05-07 17:03:24,661 [INFO] Rule:224 - rule Change USART2CLockSelection refparam name for MP1 is applicable
2026-05-07 17:03:24,661 [INFO] Rule:224 - rule Change USART3CLockSelection refparam name for MP1 is applicable
2026-05-07 17:03:24,661 [INFO] Rule:224 - rule Change UART4CLockSelection refparam name for MP1 is applicable
2026-05-07 17:03:24,661 [INFO] Rule:224 - rule Change UART5CLockSelection refparam name for MP1 is applicable
2026-05-07 17:03:24,662 [INFO] Rule:224 - rule Change LPUART1CLockSelection refparam name for MP1 is applicable
2026-05-07 17:03:24,662 [INFO] Rule:224 - rule Change LPTIM1CLockSelection refparam name for MP1 is applicable
2026-05-07 17:03:24,662 [INFO] Rule:224 - rule Change LPTIM2CLockSelection refparam name for MP1 is applicable
2026-05-07 17:03:24,662 [INFO] Rule:224 - rule Change RCC_MCO1Source refparam name for MP1 is applicable
2026-05-07 17:03:24,662 [INFO] Rule:224 - rule Change LSCOSource1 refparam name for MP1 is applicable
2026-05-07 17:03:24,662 [INFO] Rule:224 - rule Change SMPSCLockSelection refparam name for MP1 is applicable
2026-05-07 17:03:24,662 [INFO] Rule:224 - rule Change LPTIM3CLockSelection refparam name for MP1 is applicable
2026-05-07 17:03:24,662 [INFO] Rule:224 - rule Change MPCBB* Default Template Mode to Parameters is applicable
2026-05-07 17:03:24,662 [INFO] Rule:224 - rule Change MPCWM* or MPCBB* Secure Mode to Parameters is applicable
2026-05-07 17:03:24,662 [INFO] Rule:224 - rule Change MPCWM* or MPCBB* No Secure Mode to Parameters is applicable
2026-05-07 17:03:24,663 [INFO] Rule:224 - rule Change TZSC IP Secure Mode to Parameters is applicable
2026-05-07 17:03:24,663 [INFO] Rule:224 - rule Change TZSC IP No Secure Mode to Parameters is applicable
2026-05-07 17:03:24,663 [INFO] Rule:224 - rule Change TZSC IP Privilege Mode to Parameters is applicable
2026-05-07 17:03:24,663 [INFO] Rule:224 - rule Change TZSC IP No Privilege Mode to Parameters is applicable
2026-05-07 17:03:24,663 [INFO] Rule:224 - rule Change TZIC IT Secure Mode to Parameters is applicable
2026-05-07 17:03:24,663 [INFO] Rule:224 - rule Change TZIC IT No Secure Mode to Parameters is applicable
2026-05-07 17:03:24,663 [INFO] Rule:224 - rule Add MPCBB1_NonSecureArea_Start_Address value with referenced to MPCBB1_NonSecureArea_Start value is applicable
2026-05-07 17:03:24,663 [INFO] Rule:224 - rule Add MPCBB2_NonSecureArea_Start_Address value with referenced to MPCBB2_NonSecureArea_Start value is applicable
2026-05-07 17:03:24,663 [INFO] Rule:224 - rule Add MPCWM1_NonSecureArea*_Start_Address value with referenced to MPCWM1_NonSecureArea*_Start value is applicable
2026-05-07 17:03:24,663 [INFO] Rule:224 - rule Add MPCWM2_NonSecureArea*_Start_Address value with referenced to MPCWM2_NonSecureArea*_Start value is applicable
2026-05-07 17:03:24,663 [INFO] Rule:224 - rule Add MPCWM3_NonSecureArea_Start_Address value with referenced to MPCWM3_NonSecureArea_Start value is applicable
2026-05-07 17:03:24,663 [INFO] Rule:224 - rule Change Default Value for PLL1UserDefinedConfig is applicable
2026-05-07 17:03:24,663 [INFO] Rule:224 - rule Change GPIO_PuPd Default Value for USART in async mode is applicable
2026-05-07 17:03:24,664 [INFO] Rule:224 - rule Change SMPSDivider Default Value is applicable
2026-05-07 17:03:24,664 [INFO] Rule:224 - rule OPAMP is applicable
2026-05-07 17:03:24,664 [INFO] Rule:224 - rule LPUART IPParameter rename Prescaler parameter to ClockPrescaler for STM32H7 is applicable
2026-05-07 17:03:24,664 [INFO] Rule:224 - rule LPUART IPParameter rename Prescaler parameter to ClockPrescaler for STM32H7 is applicable
2026-05-07 17:03:24,664 [INFO] Rule:224 - rule LPUART IPParameter rename Prescaler parameter to ClockPrescaler for STM32WB is applicable
2026-05-07 17:03:24,664 [INFO] Rule:224 - rule LPUART IPParameter rename Prescaler parameter to ClockPrescaler for STM32WB is applicable
2026-05-07 17:03:24,664 [INFO] Rule:224 - rule LPUART IPParameter rename Prescaler parameter to ClockPrescaler for STM32G4 is applicable
2026-05-07 17:03:24,664 [INFO] Rule:224 - rule LPUART IPParameter rename Prescaler parameter to ClockPrescaler for STM32G4 is applicable
2026-05-07 17:03:24,664 [INFO] Rule:224 - rule LPUART IPParameter rename Prescaler parameter to ClockPrescaler for STM32L5 is applicable
2026-05-07 17:03:24,664 [INFO] Rule:224 - rule LPUART IPParameter rename Prescaler parameter to ClockPrescaler for STM32L5 is applicable
2026-05-07 17:03:24,664 [INFO] Rule:224 - rule LPUART IPParameter rename Prescaler parameter to ClockPrescaler for STM32G4 is applicable
2026-05-07 17:03:24,665 [INFO] Rule:224 - rule LPUART IPParameter rename Prescaler parameter to ClockPrescaler for STM32G4 is applicable
2026-05-07 17:03:24,665 [INFO] Rule:224 - rule USB device lib V2.5.3 for L0 rename USBD_SUPPORT_USER_STRING parameter to USBD_SUPPORT_USER_STRING_DESC4 is applicable
2026-05-07 17:03:24,665 [INFO] Rule:224 - rule I2SCLockSelection clock entry align is applicable
2026-05-07 17:03:24,665 [INFO] Rule:224 - rule Assign TIMx context if used as SYS timebase is applicable
2026-05-07 17:03:24,665 [INFO] Rule:224 - rule Change GPIO_Pu Default Value for I2C is applicable
2026-05-07 17:03:24,665 [INFO] Rule:224 - rule Change GPIO_Pu Default Value for SMBus is applicable
2026-05-07 17:03:24,665 [INFO] Rule:224 - rule change FDCAN default value is applicable
2026-05-07 17:03:24,665 [INFO] Rule:224 - rule Change mode sai is applicable
2026-05-07 17:03:24,665 [INFO] Rule:224 - rule **Change sai mode is applicable
2026-05-07 17:03:24,665 [INFO] Rule:224 - rule Rename STM32WPAN CFG_BLE_IRK to CFG_BLE_IR is applicable
2026-05-07 17:03:24,665 [INFO] Rule:224 - rule Rename STM32WPAN CFG_BLE_ERK to CFG_BLE_ER is applicable
2026-05-07 17:03:24,665 [INFO] Rule:224 - rule Rename STM32WPAN CFG_BLE_IRK_HEX to CFG_BLE_IR_HEX is applicable
2026-05-07 17:03:24,665 [INFO] Rule:224 - rule Rename STM32WPAN CFG_BLE_ERK_HEX to CFG_BLE_ER_HEX is applicable
2026-05-07 17:03:24,666 [INFO] Rule:224 - rule Adapt Old IOC before rework replace old CORTEX_M33/CORTEX_M55 attributes by the new one. is applicable
2026-05-07 17:03:24,666 [INFO] Rule:224 - rule Rename parametre of RCC RCC_APBDBG_DIV2 to RCC_TIMPRES_DIV2 is applicable
2026-05-07 17:03:24,666 [INFO] Rule:224 - rule Rename DIE493 pin PA10 [PA12] -> PA10 is applicable
2026-05-07 17:03:24,666 [INFO] Rule:224 - rule Rename DIE493 pin PA9 [PA11] -> PA9 is applicable
2026-05-07 17:03:24,706 [INFO] DbConfProperties:307 - Apply Compatibility (34/234 Rules)
2026-05-07 17:03:24,745 [INFO] ImportTextPane:218 - (OptionalMessage_ERROR) Unable to find key (Mcu.ThirdPartyNb) in loaded IOC file
2026-05-07 17:03:24,749 [INFO] ImportTextPane:218 - (OptionalMessage_ERROR) Pin34 (VP_RIF_VS_RIF1) cannot be retrieved for this MCU
2026-05-07 17:03:24,921 [INFO] RtosManager:558 - Registered RTOS mode: class=CMSIS, group=RTOS, mode=CMSIS_V1, owner=FREERTOS
2026-05-07 17:03:24,921 [INFO] RtosManager:558 - Registered RTOS mode: class=CMSIS, group=RTOS2, mode=CMSIS_V2, owner=FREERTOS
2026-05-07 17:03:24,921 [INFO] RtosManager:558 - Registered RTOS mode: class=RTOS, group=Core, mode=CMSIS_V1, owner=FREERTOS
2026-05-07 17:03:24,922 [INFO] RtosManager:558 - Registered RTOS mode: class=RTOS, group=Core, mode=CMSIS_V2, owner=FREERTOS
2026-05-07 17:03:24,922 [WARN] ModelIntegratedComponent:184 - Missing modes for component STMicroelectronics:FreeRTOS:0.0.1:STMicroelectronics:RTOS:FreeRTOS:Core:::10.2.0:
2026-05-07 17:03:24,934 [WARN] ModelIntegratedComponent:63 - No mode defined for component null
2026-05-07 17:03:24,934 [WARN] ModelIntegratedComponent:63 - No mode defined for component null
2026-05-07 17:03:24,934 [WARN] ModelIntegratedComponent:63 - No mode defined for component null
2026-05-07 17:03:24,934 [WARN] ModelIntegratedComponent:63 - No mode defined for component null
2026-05-07 17:03:24,934 [WARN] ModelIntegratedComponent:63 - No mode defined for component null
2026-05-07 17:03:24,934 [WARN] ModelIntegratedComponent:63 - No mode defined for component null
2026-05-07 17:03:24,934 [WARN] ModelIntegratedComponent:63 - No mode defined for component null
2026-05-07 17:03:24,934 [WARN] ModelIntegratedComponent:63 - No mode defined for component null
2026-05-07 17:03:24,934 [WARN] ModelIntegratedComponent:63 - No mode defined for component null
2026-05-07 17:03:24,935 [WARN] ModelIntegratedComponent:63 - No mode defined for component null
2026-05-07 17:03:24,935 [WARN] ModelIntegratedComponent:63 - No mode defined for component null
2026-05-07 17:03:24,935 [WARN] ModelIntegratedComponent:63 - No mode defined for component null
2026-05-07 17:03:24,935 [WARN] ModelIntegratedComponent:63 - No mode defined for component null
2026-05-07 17:03:24,935 [WARN] ModelIntegratedComponent:63 - No mode defined for component null
2026-05-07 17:03:24,935 [WARN] ModelIntegratedComponent:63 - No mode defined for component null
2026-05-07 17:03:24,935 [WARN] ModelIntegratedComponent:63 - No mode defined for component null
2026-05-07 17:03:24,935 [WARN] ModelIntegratedComponent:63 - No mode defined for component null
2026-05-07 17:03:24,935 [WARN] ModelIntegratedComponent:63 - No mode defined for component null
2026-05-07 17:03:24,935 [WARN] ModelIntegratedComponent:63 - No mode defined for component null
2026-05-07 17:03:24,935 [WARN] ModelIntegratedComponent:63 - No mode defined for component null
2026-05-07 17:03:24,935 [WARN] ModelIntegratedComponent:63 - No mode defined for component null
2026-05-07 17:03:24,936 [WARN] ModelIntegratedComponent:63 - No mode defined for component null
2026-05-07 17:03:24,936 [WARN] ModelIntegratedComponent:63 - No mode defined for component null
2026-05-07 17:03:24,936 [WARN] ModelIntegratedComponent:63 - No mode defined for component null
2026-05-07 17:03:24,936 [WARN] ModelIntegratedComponent:63 - No mode defined for component null
2026-05-07 17:03:24,936 [WARN] ModelIntegratedComponent:63 - No mode defined for component null
2026-05-07 17:03:24,936 [WARN] ModelIntegratedComponent:63 - No mode defined for component null
2026-05-07 17:03:24,936 [WARN] ModelIntegratedComponent:63 - No mode defined for component null
2026-05-07 17:03:24,936 [WARN] ModelIntegratedComponent:63 - No mode defined for component null
2026-05-07 17:03:24,936 [WARN] ModelIntegratedComponent:63 - No mode defined for component null
2026-05-07 17:03:24,936 [WARN] ModelIntegratedComponent:63 - No mode defined for component null
2026-05-07 17:03:24,936 [WARN] ModelIntegratedComponent:63 - No mode defined for component null
2026-05-07 17:03:24,936 [WARN] ModelIntegratedComponent:63 - No mode defined for component null
2026-05-07 17:03:24,937 [WARN] ModelIntegratedComponent:63 - No mode defined for component null
2026-05-07 17:03:24,937 [WARN] ModelIntegratedComponent:63 - No mode defined for component null
2026-05-07 17:03:24,937 [WARN] ModelPack:524 - Component already loaded: STMicroelectronics:HAL Drivers:0.0.0:STMicroelectronics:Device:STMicro_Driver:XSPI:HAL::0.0.1:HAL_XSPI
2026-05-07 17:03:25,044 [INFO] ThirdPartyModel:298 - Start build external matchings
2026-05-07 17:03:26,060 [INFO] ThirdPartyModel:316 - End build external matchings
2026-05-07 17:03:26,836 [INFO] UtilMem:75 - End LoadConfig() Used Memory: 808976360 Bytes (1073741824)
2026-05-07 17:03:26,989 [WARN] ThirdParty:833 - waiting for thirdparty lock release [change project]
2026-05-07 17:03:26,989 [INFO] ThirdParty:835 - entering critical section [change project]
2026-05-07 17:03:26,990 [INFO] ThirdParty:1030 - CMSIS Pack Vendor :STMicroelectronics X-CUBE-AZRTOS-H7 3.5.0
2026-05-07 17:03:26,990 [INFO] ThirdParty:1030 - CMSIS Pack Vendor :STMicroelectronics X-CUBE-PM33A1 1.0.0
2026-05-07 17:03:26,990 [INFO] ThirdParty:1030 - CMSIS Pack Vendor :STMicroelectronics USBPD 4.1
2026-05-07 17:03:26,990 [INFO] ThirdParty:1030 - CMSIS Pack Vendor :STMicroelectronics X-CUBE-NFC9 1.0.0
2026-05-07 17:03:26,990 [INFO] ThirdParty:1030 - CMSIS Pack Vendor :STMicroelectronics USB_HOST 2.0.0
2026-05-07 17:03:26,990 [INFO] ThirdParty:1030 - CMSIS Pack Vendor :STMicroelectronics X-CUBE-AZRTOS-F4 1.1.0
2026-05-07 17:03:26,990 [INFO] ThirdParty:1030 - CMSIS Pack Vendor :STMicroelectronics LIBJPEG 8.0.0
2026-05-07 17:03:26,990 [INFO] ThirdParty:1030 - CMSIS Pack Vendor :STMicroelectronics FP-ATR-ASTRA1 2.0.2
2026-05-07 17:03:26,990 [INFO] ThirdParty:1030 - CMSIS Pack Vendor :STMicroelectronics X-CUBE-BLE1 7.1.0
2026-05-07 17:03:26,990 [INFO] ThirdParty:1030 - CMSIS Pack Vendor :STMicroelectronics X-CUBE-SMBUS 2.1.0
2026-05-07 17:03:26,990 [INFO] ThirdParty:1030 - CMSIS Pack Vendor :wolfSSL I-CUBE-wolfMQTT 1.19.2
2026-05-07 17:03:26,990 [INFO] ThirdParty:1030 - CMSIS Pack Vendor :STMicroelectronics USB_DEVICE 3.0.0
2026-05-07 17:03:26,990 [INFO] ThirdParty:1030 - CMSIS Pack Vendor :STMicroelectronics X-CUBE-ISPU 2.1.0
2026-05-07 17:03:26,990 [INFO] ThirdParty:1030 - CMSIS Pack Vendor :STMicroelectronics X-CUBE-EEPRMA1 5.2.0
2026-05-07 17:03:26,991 [INFO] ThirdParty:1030 - CMSIS Pack Vendor :STMicroelectronics X-CUBE-BLEMGR 4.1.0
2026-05-07 17:03:26,991 [INFO] ThirdParty:1030 - CMSIS Pack Vendor :STMicroelectronics eDS-WB_DPC_TT-BIDIR 2.1.1
2026-05-07 17:03:26,991 [INFO] ThirdParty:1030 - CMSIS Pack Vendor :STMicroelectronics X-CUBE-AZRTOS-WB 2.0.0
2026-05-07 17:03:26,991 [INFO] ThirdParty:1030 - CMSIS Pack Vendor :wolfSSL I-CUBE-wolfSSL 5.8.4
2026-05-07 17:03:26,991 [INFO] ThirdParty:1030 - CMSIS Pack Vendor :STMicroelectronics X-CUBE-NFC12 1.0.0
2026-05-07 17:03:26,991 [INFO] ThirdParty:1030 - CMSIS Pack Vendor :STMicroelectronics X-CUBE-AZRTOS-F7 1.1.0
2026-05-07 17:03:26,991 [INFO] ThirdParty:1030 - CMSIS Pack Vendor :STMicroelectronics X-CUBE-AZRTOS-L5 2.0.0
2026-05-07 17:03:26,991 [INFO] ThirdParty:1030 - CMSIS Pack Vendor :STMicroelectronics USB_DEVICE 2.0.0
2026-05-07 17:03:26,991 [INFO] ThirdParty:1030 - CMSIS Pack Vendor :quantropi X-CUBE-qispace-sdk-base 2.1.0
2026-05-07 17:03:26,991 [INFO] ThirdParty:1030 - CMSIS Pack Vendor :STMicroelectronics X-CUBE-MEMS1 12.0.0
2026-05-07 17:03:26,991 [INFO] ThirdParty:1030 - CMSIS Pack Vendor :STMicroelectronics X-CUBE-STSE01 2.0.0
2026-05-07 17:03:26,991 [INFO] ThirdParty:1030 - CMSIS Pack Vendor :STMicroelectronics FreeRTOS 0.0.1
2026-05-07 17:03:26,992 [INFO] ThirdParty:1030 - CMSIS Pack Vendor :STMicroelectronics X-CUBE-AZRTOS-G0 1.1.0
2026-05-07 17:03:26,992 [INFO] ThirdParty:1030 - CMSIS Pack Vendor :STMicroelectronics X-CUBE-NFC4 3.0.0
2026-05-07 17:03:26,992 [INFO] ThirdParty:1030 - CMSIS Pack Vendor :STMicroelectronics X-CUBE-SUBG2 5.0.0
2026-05-07 17:03:26,992 [INFO] ThirdParty:1030 - CMSIS Pack Vendor :STMicroelectronics STM32_WPAN 1.0.0
2026-05-07 17:03:26,992 [INFO] ThirdParty:1030 - CMSIS Pack Vendor :STMicroelectronics eDS-WB_DPC_VIENNA 1.2.0
2026-05-07 17:03:26,992 [INFO] ThirdParty:1030 - CMSIS Pack Vendor :EmbeddedOffice I-CUBE-FS-RTOS 1.0.1
2026-05-07 17:03:26,992 [INFO] ThirdParty:1030 - CMSIS Pack Vendor :STMicroelectronics lwIP 2.0.3
2026-05-07 17:03:26,992 [INFO] ThirdParty:1030 - CMSIS Pack Vendor :STMicroelectronics eDS-WB_DPC_3PH2L-BIDIR 1.1.1
2026-05-07 17:03:26,993 [INFO] ThirdParty:1030 - CMSIS Pack Vendor :STMicroelectronics USB_HOST 1.0.0
2026-05-07 17:03:26,993 [INFO] ThirdParty:1030 - CMSIS Pack Vendor :STMicroelectronics X-CUBE-AZRTOS-G4 2.0.0
2026-05-07 17:03:26,994 [INFO] ThirdParty:1030 - CMSIS Pack Vendor :STMicroelectronics PDM2PCM 3.1.0
2026-05-07 17:03:26,994 [INFO] ThirdParty:1030 - CMSIS Pack Vendor :STMicroelectronics PDM2PCM 3.3.0
2026-05-07 17:03:26,994 [INFO] ThirdParty:1030 - CMSIS Pack Vendor :wolfSSL I-CUBE-wolfTPM 3.8.0
2026-05-07 17:03:26,994 [INFO] ThirdParty:1030 - CMSIS Pack Vendor :STMicroelectronics X-CUBE-DISPLAY 3.0.0
2026-05-07 17:03:26,995 [INFO] ThirdParty:1030 - CMSIS Pack Vendor :wolfSSL I-CUBE-wolfSSH 1.4.20
2026-05-07 17:03:26,995 [INFO] ThirdParty:1030 - CMSIS Pack Vendor :STMicroelectronics X-CUBE-NFC7 2.0.0
2026-05-07 17:03:26,995 [INFO] ThirdParty:1030 - CMSIS Pack Vendor :STMicroelectronics X-CUBE-GNSS1 7.1.1
2026-05-07 17:03:26,995 [INFO] ThirdParty:1030 - CMSIS Pack Vendor :STMicroelectronics X-CUBE-TCPP 4.2.0
2026-05-07 17:03:26,995 [INFO] ThirdParty:1030 - CMSIS Pack Vendor :RealThread X-CUBE-RT-Thread_Nano 4.1.1
2026-05-07 17:03:26,995 [INFO] ThirdParty:1030 - CMSIS Pack Vendor :STMicroelectronics FP-ATR-SIGFOX1 3.2.0
2026-05-07 17:03:26,996 [INFO] ThirdParty:1030 - CMSIS Pack Vendor :STMicroelectronics X-CUBE-NFC10 1.0.0
2026-05-07 17:03:26,996 [INFO] ThirdParty:1030 - CMSIS Pack Vendor :STMicroelectronics HAL Drivers 0.0.0
2026-05-07 17:03:26,996 [INFO] ThirdParty:1030 - CMSIS Pack Vendor :STMicroelectronics MBEDTLS 2.16.2
2026-05-07 17:03:26,997 [INFO] ThirdParty:1030 - CMSIS Pack Vendor :STMicroelectronics X-CUBE-ST60 1.1.0
2026-05-07 17:03:26,997 [INFO] ThirdParty:1030 - CMSIS Pack Vendor :STMicroelectronics X-CUBE-ALS 1.0.2
2026-05-07 17:03:26,997 [INFO] ThirdParty:1030 - CMSIS Pack Vendor :emotas I-CUBE-CANOPEN 1.3.0
2026-05-07 17:03:26,997 [INFO] ThirdParty:1030 - CMSIS Pack Vendor :STMicroelectronics MBEDTLS 2.14.1
2026-05-07 17:03:26,997 [INFO] ThirdParty:1030 - CMSIS Pack Vendor :STMicroelectronics X-CUBE-GNSS1 7.1.0
2026-05-07 17:03:26,997 [INFO] ThirdParty:1030 - CMSIS Pack Vendor :ITTIA_DB I-CUBE-ITTIADB 8.9.0
2026-05-07 17:03:26,997 [INFO] ThirdParty:1030 - CMSIS Pack Vendor :Cesanta I-CUBE-Mongoose 7.21.0
2026-05-07 17:03:26,997 [INFO] ThirdParty:1030 - CMSIS Pack Vendor :STMicroelectronics X-CUBE-TOUCHGFX 4.26.1
2026-05-07 17:03:26,998 [INFO] ThirdParty:1030 - CMSIS Pack Vendor :STMicroelectronics X-CUBE-NFC6 3.2.0
2026-05-07 17:03:26,998 [INFO] ThirdParty:1030 - CMSIS Pack Vendor :STMicroelectronics X-CUBE-AI 10.2.0
2026-05-07 17:03:26,998 [INFO] ThirdParty:1030 - CMSIS Pack Vendor :STMicroelectronics FP-SNS-STAIOTCFT 1.0.0
2026-05-07 17:03:26,998 [INFO] ThirdParty:1030 - CMSIS Pack Vendor :STMicroelectronics ThreadX 1.0.0
2026-05-07 17:03:26,998 [INFO] ThirdParty:1030 - CMSIS Pack Vendor :STMicroelectronics FP-SNS-SMARTAG2 1.2.0
2026-05-07 17:03:26,998 [INFO] ThirdParty:1030 - CMSIS Pack Vendor :STMicroelectronics X-CUBE-MEMS1 12.1.0
2026-05-07 17:03:26,999 [INFO] ThirdParty:1030 - CMSIS Pack Vendor :STMicroelectronics FP-SNS-FLIGHT1 5.1.0
2026-05-07 17:03:26,999 [INFO] ThirdParty:1030 - CMSIS Pack Vendor :STMicroelectronics X-CUBE-AZRTOS-WL 2.0.0
2026-05-07 17:03:26,999 [INFO] ThirdParty:1030 - CMSIS Pack Vendor :SEGGER I-CUBE-embOS 1.3.1
2026-05-07 17:03:26,999 [INFO] ThirdParty:1030 - CMSIS Pack Vendor :STMicroelectronics X-CUBE-ALGOBUILD 1.4.0
2026-05-07 17:03:26,999 [INFO] ThirdParty:1030 - CMSIS Pack Vendor :STMicroelectronics X-CUBE-DPower 1.3.0
2026-05-07 17:03:26,999 [INFO] ThirdParty:1030 - CMSIS Pack Vendor :STMicroelectronics USB_DEVICE 1.0.0
2026-05-07 17:03:26,999 [INFO] ThirdParty:1030 - CMSIS Pack Vendor :STMicroelectronics X-CUBE-AZRTOS-H7RS 1.2.0
2026-05-07 17:03:27,000 [INFO] ThirdParty:1030 - CMSIS Pack Vendor :STMicroelectronics X-CUBE-AZRTOS-L4 2.0.0
2026-05-07 17:03:27,000 [INFO] ThirdParty:1030 - CMSIS Pack Vendor :STMicroelectronics ThreadX 0.0.2
2026-05-07 17:03:27,000 [INFO] ThirdParty:1030 - CMSIS Pack Vendor :STMicroelectronics lwIP 2.1.2
2026-05-07 17:03:27,000 [INFO] ThirdParty:1030 - CMSIS Pack Vendor :STMicroelectronics X-CUBE-SFXS2LP1 4.0.0
2026-05-07 17:03:27,000 [INFO] ThirdParty:1030 - CMSIS Pack Vendor :STMicroelectronics X-CUBE-BLE2 3.3.0
2026-05-07 17:03:27,000 [INFO] ThirdParty:1030 - CMSIS Pack Vendor :Avnet-IOTCONNECT X-CUBE-iotc-st67-sdk 1.0.0
2026-05-07 17:03:27,000 [INFO] ThirdParty:1030 - CMSIS Pack Vendor :STMicroelectronics X-CUBE-TOF1 3.4.3
2026-05-07 17:03:27,001 [INFO] ThirdParty:1030 - CMSIS Pack Vendor :Infineon AIROC-Wi-Fi-Bluetooth-STM32 1.8.0
2026-05-07 17:03:27,001 [INFO] ThirdParty:1030 - CMSIS Pack Vendor :STMicroelectronics PDM2PCM 3.2.0
2026-05-07 17:03:27,001 [INFO] ThirdParty:1030 - CMSIS Pack Vendor :STMicroelectronics X-CUBE-WB05N 2.1.0
2026-05-07 17:03:27,002 [INFO] ThirdParty:841 - exiting critical section [change project]
2026-05-07 17:03:27,536 [INFO] PinOutPanel:1589 - setPackage(No Configuration,No Configuration)
2026-05-07 17:03:27,542 [INFO] PinOutPanel:1589 - setPackage(STM32F407VGTx,LQFP100)
2026-05-07 17:03:27,927 [INFO] UtilMem:75 - Before build in PCC Used Memory: 969137296 Bytes (1073741824)
2026-05-07 17:03:28,458 [INFO] UtilMem:75 - After build in PCC Used Memory: 709744272 Bytes (1073741824)
2026-05-07 17:03:28,490 [INFO] IPUIPlugin:80 - create IPUIPlugin
2026-05-07 17:03:28,490 [INFO] IPUIPlugin:80 - create IPUIPlugin
2026-05-07 17:03:28,490 [INFO] IPUIPlugin:80 - create IPUIPlugin
2026-05-07 17:03:28,491 [INFO] IPUIPlugin:80 - create IPUIPlugin
2026-05-07 17:03:28,491 [INFO] IPUIPlugin:80 - create IPUIPlugin
2026-05-07 17:03:28,491 [INFO] IPUIPlugin:80 - create IPUIPlugin
2026-05-07 17:03:28,491 [INFO] IPUIPlugin:80 - create IPUIPlugin
2026-05-07 17:03:28,492 [INFO] IPUIPlugin:80 - create IPUIPlugin
2026-05-07 17:03:28,492 [INFO] IPUIPlugin:80 - create IPUIPlugin
2026-05-07 17:03:28,492 [INFO] IPUIPlugin:80 - create IPUIPlugin
2026-05-07 17:03:28,493 [INFO] IPUIPlugin:80 - create IPUIPlugin
2026-05-07 17:03:28,494 [INFO] IPUIPlugin:80 - create IPUIPlugin
2026-05-07 17:03:28,496 [INFO] IPUIPlugin:80 - create IPUIPlugin
2026-05-07 17:03:28,496 [INFO] IPUIPlugin:80 - create IPUIPlugin
2026-05-07 17:03:28,496 [INFO] IPUIPlugin:80 - create IPUIPlugin
2026-05-07 17:03:28,497 [INFO] IPUIPlugin:80 - create IPUIPlugin
2026-05-07 17:03:28,497 [INFO] IPUIPlugin:80 - create IPUIPlugin
2026-05-07 17:03:28,497 [INFO] IPUIPlugin:80 - create IPUIPlugin
2026-05-07 17:03:28,497 [INFO] IPUIPlugin:80 - create IPUIPlugin
2026-05-07 17:03:28,498 [INFO] IPUIPlugin:80 - create IPUIPlugin
2026-05-07 17:03:28,498 [INFO] IPUIPlugin:80 - create IPUIPlugin
2026-05-07 17:03:28,498 [INFO] IPUIPlugin:80 - create IPUIPlugin
2026-05-07 17:03:28,498 [INFO] IPUIPlugin:80 - create IPUIPlugin
2026-05-07 17:03:28,499 [INFO] IPUIPlugin:80 - create IPUIPlugin
2026-05-07 17:03:28,500 [INFO] IPUIPlugin:80 - create IPUIPlugin
2026-05-07 17:03:28,500 [INFO] IPUIPlugin:80 - create IPUIPlugin
2026-05-07 17:03:28,501 [INFO] IPUIPlugin:80 - create IPUIPlugin
2026-05-07 17:03:28,501 [INFO] IPUIPlugin:80 - create IPUIPlugin
2026-05-07 17:03:28,502 [INFO] IPUIPlugin:80 - create IPUIPlugin
2026-05-07 17:03:28,503 [INFO] IPUIPlugin:80 - create IPUIPlugin
2026-05-07 17:03:28,503 [INFO] IPUIPlugin:80 - create IPUIPlugin
2026-05-07 17:03:28,504 [INFO] IPUIPlugin:80 - create IPUIPlugin
2026-05-07 17:03:28,505 [INFO] IPUIPlugin:80 - create IPUIPlugin
2026-05-07 17:03:28,506 [INFO] IPUIPlugin:80 - create IPUIPlugin
2026-05-07 17:03:28,506 [INFO] IPUIPlugin:80 - create IPUIPlugin
2026-05-07 17:03:28,507 [INFO] IPUIPlugin:80 - create IPUIPlugin
2026-05-07 17:03:28,508 [INFO] IPUIPlugin:80 - create IPUIPlugin
2026-05-07 17:03:28,508 [INFO] IPUIPlugin:80 - create IPUIPlugin
2026-05-07 17:03:28,508 [INFO] IPUIPlugin:80 - create IPUIPlugin
2026-05-07 17:03:28,509 [INFO] IPUIPlugin:80 - create IPUIPlugin
2026-05-07 17:03:28,509 [INFO] IPUIPlugin:80 - create IPUIPlugin
2026-05-07 17:03:28,509 [INFO] IPUIPlugin:80 - create IPUIPlugin
2026-05-07 17:03:28,509 [INFO] IPUIPlugin:80 - create IPUIPlugin
2026-05-07 17:03:28,510 [INFO] IPUIPlugin:80 - create IPUIPlugin
2026-05-07 17:03:28,510 [INFO] IPUIPlugin:80 - create IPUIPlugin
2026-05-07 17:03:28,511 [INFO] IPUIPlugin:80 - create IPUIPlugin
2026-05-07 17:03:28,512 [INFO] IPUIPlugin:80 - create IPUIPlugin
2026-05-07 17:03:28,512 [INFO] IPUIPlugin:80 - create IPUIPlugin
2026-05-07 17:03:28,513 [INFO] IPUIPlugin:80 - create IPUIPlugin
2026-05-07 17:03:28,514 [INFO] IPUIPlugin:80 - create IPUIPlugin
2026-05-07 17:03:28,515 [INFO] IPUIPlugin:80 - create IPUIPlugin
2026-05-07 17:03:28,516 [INFO] IPUIPlugin:80 - create IPUIPlugin
2026-05-07 17:03:28,517 [INFO] IPUIPlugin:80 - create IPUIPlugin
2026-05-07 17:03:28,517 [INFO] IPUIPlugin:80 - create IPUIPlugin
2026-05-07 17:03:28,518 [INFO] IPUIPlugin:80 - create IPUIPlugin
2026-05-07 17:03:28,519 [INFO] IPUIPlugin:80 - create IPUIPlugin
2026-05-07 17:03:28,520 [INFO] IPUIPlugin:80 - create IPUIPlugin
2026-05-07 17:03:28,521 [INFO] IPUIPlugin:80 - create IPUIPlugin
2026-05-07 17:03:28,536 [INFO] ApiDbMcu:508 - Load IP Config File for PDM2PCM
2026-05-07 17:03:28,594 [INFO] CADModel:165 - CPN selected for project levelSTM32F407VGT6
2026-05-07 17:03:28,594 [INFO] CADModel:114 - Register for checkConnection events
2026-05-07 17:03:28,661 [INFO] OpenFileManager:385 - Restore cursor
2026-05-07 17:03:30,140 [INFO] UtilMem:75 - End SaveConfig() Used Memory: 799683240 Bytes (1073741824)
2026-05-07 17:03:41,553 [INFO] AnalyticsPlugin:368 - Accepted License(s): [FW.F4.1.28.0]
2026-05-07 17:03:41,554 [INFO] FileExtend:242 - Unzip File : stm32cube_fw_f4_v1280.zip
2026-05-07 17:03:41,555 [INFO] FileExtend:257 - Standard Zip Deflate
2026-05-07 17:05:47,908 [INFO] FileExtend:242 - Unzip File : stm32cube_fw_f4_v1283.zip
2026-05-07 17:05:47,912 [INFO] FileExtend:257 - Standard Zip Deflate
2026-05-07 17:05:48,979 [ERROR] FileExtend:338 - Error during file unzip
2026-05-07 17:07:40,007 [INFO] LoadServerPackagesThread:196 - End of LoadServerPackages Thread
2026-05-07 17:07:40,751 [INFO] ThirdPartyModel:298 - Start build external matchings
2026-05-07 17:07:43,608 [INFO] ThirdPartyModel:316 - End build external matchings
2026-05-07 17:07:43,664 [INFO] CheckServerUpdateThread:120 - End of CheckServer Thread
2026-05-07 17:07:46,151 [INFO] McuFinderGlobals:76 - Set McuFinderConnectedMode to true
2026-05-07 17:07:46,192 [INFO] ApiDb:448 - Save user favorites file C:\Users\hp/.stm32cubeide/favorites.mcus.txt: 0 item(s)
2026-05-07 17:07:46,193 [INFO] ApiDb:452 - User favorites MCUs=[]
2026-05-07 17:07:46,214 [INFO] ApiDb:448 - Save user favorites file C:\Users\hp/.stm32cubeide/favorites.boards.txt: 0 item(s)
2026-05-07 17:07:46,215 [INFO] ApiDb:452 - User favorites Boards=[]
2026-05-07 17:08:58,742 [INFO] CheckServerUpdateThread:120 - End of CheckServer Thread
2026-05-07 17:10:13,988 [INFO] AnalyticsPlugin:368 - Accepted License(s): [FW.F4.1.28.0]
2026-05-07 17:10:13,998 [INFO] FileExtend:242 - Unzip File : stm32cube_fw_f4_v1280.zip
2026-05-07 17:10:13,999 [INFO] FileExtend:257 - Standard Zip Deflate
2026-05-07 17:12:19,448 [INFO] FileExtend:242 - Unzip File : stm32cube_fw_f4_v1283.zip
2026-05-07 17:12:19,460 [INFO] FileExtend:257 - Standard Zip Deflate
2026-05-07 17:12:19,548 [ERROR] FileExtend:338 - Error during file unzip
2026-05-07 17:12:32,347 [INFO] LoadServerPackagesThread:196 - End of LoadServerPackages Thread
2026-05-07 17:12:33,399 [INFO] ThirdPartyModel:298 - Start build external matchings
2026-05-07 17:12:36,801 [INFO] ThirdPartyModel:316 - End build external matchings
2026-05-07 17:12:36,879 [INFO] CheckServerUpdateThread:120 - End of CheckServer Thread
2026-05-07 17:13:19,769 [INFO] AnalyticsPlugin:368 - Accepted License(s): [FW.F4.1.28.0]
2026-05-07 17:13:19,771 [INFO] FileExtend:242 - Unzip File : stm32cube_fw_f4_v1280.zip
2026-05-07 17:13:19,774 [INFO] FileExtend:257 - Standard Zip Deflate
2026-05-07 17:15:36,654 [INFO] ServerAccessManage:473 - Download File stm32cube_fw_f4_v1281.zip
2026-05-07 17:16:53,855 [INFO] FileExtend:242 - Unzip File : stm32cube_fw_f4_v1281.zip
2026-05-07 17:16:53,857 [INFO] FileExtend:257 - Standard Zip Deflate
2026-05-07 17:16:54,032 [ERROR] FileExtend:338 - Error during file unzip
2026-05-07 17:17:30,248 [INFO] LoadServerPackagesThread:196 - End of LoadServerPackages Thread
2026-05-07 17:17:30,775 [INFO] ThirdPartyModel:298 - Start build external matchings
2026-05-07 17:17:32,974 [INFO] ThirdPartyModel:316 - End build external matchings
2026-05-07 17:17:32,992 [INFO] CheckServerUpdateThread:120 - End of CheckServer Thread
2026-05-07 17:30:34,367 [INFO] CheckServerUpdateThread:120 - End of CheckServer Thread
2026-05-07 17:30:53,424 [INFO] ServerAccessManage:473 - Download File stm32cube_db_v5050.zip
2026-05-07 17:30:55,743 [INFO] FileExtend:242 - Unzip File : stm32cube_db_v5050.zip
2026-05-07 17:30:55,745 [INFO] FileExtend:257 - Standard Zip Deflate
2026-05-07 17:31:13,297 [INFO] ServerAccessManage:473 - Download File stm32cube_fw_f4_v1240.zip
2026-05-07 17:33:57,341 [ERROR] FileExtend:465 - File entry not found
2026-05-07 17:33:57,342 [INFO] FileExtend:242 - Unzip File : stm32cube_fw_f4_v1240.zip
2026-05-07 17:33:57,343 [INFO] FileExtend:257 - Standard Zip Deflate
2026-05-07 17:35:42,983 [INFO] WebApp:194 - Connection lost
2026-05-07 17:35:45,362 [INFO] WebApp:191 - Connection restablished
2026-05-07 17:36:46,757 [INFO] ServerAccessManage:473 - Download File stm32cube_fw_f4_v1241.zip
2026-05-07 17:37:09,917 [INFO] UtilMem:75 - End SaveConfig() Used Memory: 991534280 Bytes (1073741824)
2026-05-07 17:37:10,175 [INFO] FileExtend:242 - Unzip File : stm32cube_fw_f4_v1241.zip
2026-05-07 17:37:10,179 [INFO] FileExtend:257 - Standard Zip Deflate
2026-05-07 17:37:12,753 [INFO] LoadServerPackagesThread:196 - End of LoadServerPackages Thread
2026-05-07 17:37:13,052 [INFO] UtilMem:75 - End SaveConfig() Used Memory: 873518304 Bytes (1073741824)
2026-05-07 17:37:14,171 [INFO] ThirdPartyModel:298 - Start build external matchings
2026-05-07 17:37:21,627 [INFO] ThirdPartyModel:316 - End build external matchings
2026-05-07 17:37:21,669 [INFO] CheckServerUpdateThread:120 - End of CheckServer Thread
2026-05-07 17:46:27,047 [INFO] AnalyticsPlugin:368 - Accepted License(s): [FW.F4.1.28.0]
2026-05-07 17:46:27,051 [INFO] FileExtend:242 - Unzip File : stm32cube_fw_f4_v1280.zip
2026-05-07 17:46:27,052 [INFO] FileExtend:257 - Standard Zip Deflate
2026-05-07 17:46:38,825 [ERROR] FileExtend:338 - User cancelled unzip
2026-05-07 17:46:38,984 [INFO] LoadServerPackagesThread:196 - End of LoadServerPackages Thread
2026-05-07 17:46:40,022 [INFO] ThirdPartyModel:298 - Start build external matchings
2026-05-07 17:46:42,623 [INFO] ThirdPartyModel:316 - End build external matchings
2026-05-07 17:46:42,648 [INFO] CheckServerUpdateThread:120 - End of CheckServer Thread
2026-05-07 17:46:53,177 [ERROR] LogOutputStream:75 - [STDERR_REDIRECT] 
