2026-06-03 09:30:56,519 [INFO] Activator:176 - 


2026-06-03 09:30:56,537 [INFO] Activator:177 - !SESSION log4j initialized
2026-06-03 09:31:09,058 [INFO] LogOutputStream:77 - [STDOUT_REDIRECT] 
2026-06-03 09:31:11,508 [INFO] ApplicationProperties:184 - Using Application install path: C:\ST\STM32CubeIDE_1.18.0\STM32CubeIDE\plugins\com.st.stm32cube.common.mx_6.14.0.202502271554
2026-06-03 09:31:11,540 [INFO] DbMcusXml:78 - Set database path to: C:\ST\STM32CubeIDE_1.18.0\STM32CubeIDE\plugins\com.st.stm32cube.common.mx_6.14.0.202502271554\\db\/mcu/
2026-06-03 09:31:11,541 [INFO] ApiDb:274 - Set plugin database path to: C:\ST\STM32CubeIDE_1.18.0\STM32CubeIDE\plugins\com.st.stm32cube.common.mx_6.14.0.202502271554\\db\/plugins/boardmanager/
2026-06-03 09:31:11,542 [WARN] ApiDb:259 - Overriding images path with different value:  => C:\ST\STM32CubeIDE_1.18.0\STM32CubeIDE\plugins\com.st.stm32cube.common.mx_6.14.0.202502271554\\db\/plugins/mcufinder/images/
2026-06-03 09:31:11,555 [INFO] ApiDb:250 - Set database path to: C:\Users\hp\.stmcufinder\plugins\mcufinder//mcu/
2026-06-03 09:31:11,556 [INFO] DbMcusAds:125 - Set database path to: C:\Users\hp\.stmcufinder\plugins\mcufinder//mcu/
2026-06-03 09:31:11,560 [INFO] CrossReferenceDbSqlite:203 - Set database path to: C:\Users\hp\.stmcufinder\plugins\mcufinder//mcu/cs/
2026-06-03 09:31:11,733 [INFO] RulesReader:64 - Compatibility file has been processed (301 Rules)
2026-06-03 09:31:11,896 [INFO] DbMcusXml:78 - Set database path to: C:\ST\STM32CubeIDE_1.18.0\STM32CubeIDE\plugins\com.st.stm32cube.common.mx_6.14.0.202502271554\\db\/mcu/
2026-06-03 09:31:11,896 [INFO] ApiDb:274 - Set plugin database path to: C:\ST\STM32CubeIDE_1.18.0\STM32CubeIDE\plugins\com.st.stm32cube.common.mx_6.14.0.202502271554\\db\/plugins/boardmanager/
2026-06-03 09:31:11,896 [INFO] ApiDb:261 - Set plugin images path to: C:\ST\STM32CubeIDE_1.18.0\STM32CubeIDE\plugins\com.st.stm32cube.common.mx_6.14.0.202502271554\\db\/plugins/mcufinder/images/
2026-06-03 09:31:11,897 [WARN] DbFile:41 - Overriding database path with different value: C:\Users\hp\.stmcufinder\plugins\mcufinder/ => C:\Users\hp\.stmcufinder\plugins\mcufinder
2026-06-03 09:31:11,897 [INFO] ApiDb:250 - Set database path to: C:\Users\hp\.stmcufinder\plugins\mcufinder//mcu/
2026-06-03 09:31:11,897 [WARN] DbFile:41 - Overriding database path with different value: C:\Users\hp\.stmcufinder\plugins\mcufinder/ => C:\Users\hp\.stmcufinder\plugins\mcufinder
2026-06-03 09:31:11,897 [INFO] DbMcusAds:125 - Set database path to: C:\Users\hp\.stmcufinder\plugins\mcufinder//mcu/
2026-06-03 09:31:11,897 [WARN] DbFile:41 - Overriding database path with different value: C:\Users\hp\.stmcufinder\plugins\mcufinder/ => C:\Users\hp\.stmcufinder\plugins\mcufinder
2026-06-03 09:31:11,897 [WARN] DbFile:41 - Overriding database path with different value: C:\Users\hp\.stmcufinder\plugins\mcufinder/ => C:\Users\hp\.stmcufinder\plugins\mcufinder
2026-06-03 09:31:11,897 [INFO] CrossReferenceDbSqlite:203 - Set database path to: C:\Users\hp\.stmcufinder\plugins\mcufinder//mcu/cs/
2026-06-03 09:31:12,028 [INFO] MainPanel:272 - HeapMemory: 268435456
2026-06-03 09:31:12,187 [INFO] DbMcusXml:78 - Set database path to: C:\ST\STM32CubeIDE_1.18.0\STM32CubeIDE\plugins\com.st.stm32cube.common.mx_6.14.0.202502271554\\db\/mcu/
2026-06-03 09:31:12,188 [INFO] ApiDb:274 - Set plugin database path to: C:\ST\STM32CubeIDE_1.18.0\STM32CubeIDE\plugins\com.st.stm32cube.common.mx_6.14.0.202502271554\\db\/plugins/boardmanager/
2026-06-03 09:31:12,188 [INFO] ApiDb:261 - Set plugin images path to: C:\ST\STM32CubeIDE_1.18.0\STM32CubeIDE\plugins\com.st.stm32cube.common.mx_6.14.0.202502271554\\db\/plugins/mcufinder/images/
2026-06-03 09:31:12,188 [WARN] DbFile:41 - Overriding database path with different value: C:\Users\hp\.stmcufinder\plugins\mcufinder/ => C:\Users\hp\.stmcufinder\plugins\mcufinder
2026-06-03 09:31:12,189 [INFO] ApiDb:250 - Set database path to: C:\Users\hp\.stmcufinder\plugins\mcufinder//mcu/
2026-06-03 09:31:12,189 [WARN] DbFile:41 - Overriding database path with different value: C:\Users\hp\.stmcufinder\plugins\mcufinder/ => C:\Users\hp\.stmcufinder\plugins\mcufinder
2026-06-03 09:31:12,189 [INFO] DbMcusAds:125 - Set database path to: C:\Users\hp\.stmcufinder\plugins\mcufinder//mcu/
2026-06-03 09:31:12,189 [WARN] DbFile:41 - Overriding database path with different value: C:\Users\hp\.stmcufinder\plugins\mcufinder/ => C:\Users\hp\.stmcufinder\plugins\mcufinder
2026-06-03 09:31:12,189 [WARN] DbFile:41 - Overriding database path with different value: C:\Users\hp\.stmcufinder\plugins\mcufinder/ => C:\Users\hp\.stmcufinder\plugins\mcufinder
2026-06-03 09:31:12,189 [INFO] CrossReferenceDbSqlite:203 - Set database path to: C:\Users\hp\.stmcufinder\plugins\mcufinder//mcu/cs/
2026-06-03 09:31:12,222 [INFO] ApplicationProperties:184 - Using Application install path: C:\ST\STM32CubeIDE_1.18.0\STM32CubeIDE\plugins\com.st.stm32cube.common.mx_6.14.0.202502271554
2026-06-03 09:31:12,225 [INFO] PluginManage:196 - Search for loadable plugins [exclusion list=, ]
2026-06-03 09:31:12,228 [INFO] PluginManage:310 - Check plugin analytics
2026-06-03 09:31:12,561 [INFO] AnalyticsPlugin:253 - Accepted Software Licenses: 
2026-06-03 09:31:12,562 [INFO] AnalyticsPlugin:255 - Accepted CMSIS Pack Licenses: 
2026-06-03 09:31:12,562 [INFO] AnalyticsPlugin:257 - Accepted Firmware Licenses: FW.F4.1.28.0,FW.L4.1.18.0
2026-06-03 09:31:12,569 [INFO] PluginManage:359 - Loaded plugin analytics (category:tool,tabindex:-1)
2026-06-03 09:31:12,570 [INFO] PluginManage:310 - Check plugin cadmodel
2026-06-03 09:31:12,602 [INFO] CADModel:105 - Init CAD model plugin
2026-06-03 09:31:12,603 [INFO] PluginManage:359 - Loaded plugin cadmodel (category:power,tabindex:5)
2026-06-03 09:31:12,603 [INFO] PluginManage:310 - Check plugin clock
2026-06-03 09:31:12,643 [INFO] PluginManage:359 - Loaded plugin clock (category:base,tabindex:2)
2026-06-03 09:31:12,643 [INFO] PluginManage:310 - Check plugin ddr
2026-06-03 09:31:12,648 [INFO] PluginManage:359 - Loaded plugin ddr (category:tool,tabindex:6)
2026-06-03 09:31:12,648 [INFO] PluginManage:310 - Check plugin filemanager
2026-06-03 09:31:12,870 [INFO] PluginManage:359 - Loaded plugin filemanager (category:base,tabindex:10)
2026-06-03 09:31:12,870 [INFO] PluginManage:310 - Check plugin ipmanager
2026-06-03 09:31:12,883 [INFO] PluginManage:359 - Loaded plugin ipmanager (category:base,tabindex:5)
2026-06-03 09:31:12,883 [INFO] PluginManage:310 - Check plugin lpbam
2026-06-03 09:31:12,909 [INFO] PluginManage:359 - Loaded plugin lpbam (category:base,tabindex:0)
2026-06-03 09:31:12,910 [INFO] PluginManage:310 - Check plugin memorymap
2026-06-03 09:31:12,956 [INFO] PluginManage:359 - Loaded plugin memorymap (category:base,tabindex:4)
2026-06-03 09:31:12,956 [INFO] PluginManage:310 - Check plugin pinoutandconfiguration
2026-06-03 09:31:13,005 [INFO] PluginManage:359 - Loaded plugin pinoutandconfiguration (category:base,tabindex:1)
2026-06-03 09:31:13,006 [INFO] PluginManage:310 - Check plugin pinoutconfig
2026-06-03 09:31:13,191 [WARN] SupportedApi:132 - Cannot load RTOS API schema: s4s-elt-must-match.1: The content of 'definitions' must match (annotation?, (simpleType | complexType)?, (unique | key | keyref)*)). A problem was found starting at: attribute.
2026-06-03 09:31:13,460 [INFO] PluginManage:359 - Loaded plugin pinoutconfig (category:base,tabindex:0)
2026-06-03 09:31:13,461 [INFO] PluginManage:310 - Check plugin power
2026-06-03 09:31:13,530 [INFO] PluginManage:359 - Loaded plugin power (category:power,tabindex:4)
2026-06-03 09:31:13,530 [INFO] PluginManage:310 - Check plugin projectmanager
2026-06-03 09:31:13,563 [INFO] PluginManage:359 - Loaded plugin projectmanager (category:projectmanager,tabindex:4)
2026-06-03 09:31:13,563 [INFO] PluginManage:310 - Check plugin rif
2026-06-03 09:31:13,597 [INFO] PluginManage:359 - Loaded plugin rif (category:base,tabindex:3)
2026-06-03 09:31:13,597 [INFO] PluginManage:310 - Check plugin thirdparty
2026-06-03 09:31:14,196 [INFO] PluginManage:359 - Loaded plugin thirdparty (category:base,tabindex:-1)
2026-06-03 09:31:14,196 [WARN] IntegrityCheckThread:84 - waiting for thirdparty lock release [integrity check]
2026-06-03 09:31:14,197 [INFO] PluginManage:310 - Check plugin tools
2026-06-03 09:31:14,197 [INFO] IntegrityCheckThread:86 - entering critical section [integrity check]
2026-06-03 09:31:14,198 [INFO] ThirdPartyUpdaterWithRetryManager:70 - Updater plugin not ready yet. [1/15]
2026-06-03 09:31:14,275 [INFO] PluginManage:359 - Loaded plugin tools (category:base,tabindex:7)
2026-06-03 09:31:14,275 [INFO] PluginManage:310 - Check plugin tutovideos
2026-06-03 09:31:14,656 [INFO] PluginManage:359 - Loaded plugin tutovideos (category:base,tabindex:-1)
2026-06-03 09:31:14,657 [INFO] PluginManage:310 - Check plugin updater
2026-06-03 09:31:14,690 [INFO] PluginManage:359 - Loaded plugin updater (category:base,tabindex:12)
2026-06-03 09:31:14,690 [INFO] PluginManage:310 - Check plugin userauth
2026-06-03 09:31:14,697 [INFO] UserAuth:118 - Init User Auth plugin
2026-06-03 09:31:14,698 [INFO] PluginManage:359 - Loaded plugin userauth (category:base,tabindex:14)
2026-06-03 09:31:14,699 [INFO] PluginManage:283 - PluginManage : Loaded plugins [18]
2026-06-03 09:31:15,109 [INFO] PinOutPanel:1589 - setPackage(No Configuration,No Configuration)
2026-06-03 09:31:15,277 [INFO] CADModel:165 - CPN selected for project level
2026-06-03 09:31:15,277 [INFO] CADModel:114 - Register for checkConnection events
2026-06-03 09:31:15,330 [INFO] IPUIPlugin:80 - create IPUIPlugin
2026-06-03 09:31:15,330 [INFO] PluginManager:220 - loadIPPluginJar : add adc
2026-06-03 09:31:15,433 [INFO] IPUIPlugin:80 - create IPUIPlugin
2026-06-03 09:31:15,433 [INFO] PluginManager:220 - loadIPPluginJar : add aes
2026-06-03 09:31:15,558 [INFO] IPUIPlugin:80 - create IPUIPlugin
2026-06-03 09:31:15,558 [INFO] PluginManager:220 - loadIPPluginJar : add can
2026-06-03 09:31:15,630 [INFO] IPUIPlugin:80 - create IPUIPlugin
2026-06-03 09:31:15,630 [INFO] PluginManager:220 - loadIPPluginJar : add comp
2026-06-03 09:31:15,730 [INFO] IPUIPlugin:80 - create IPUIPlugin
2026-06-03 09:31:15,731 [INFO] PluginManager:220 - loadIPPluginJar : add cryp
2026-06-03 09:31:15,761 [INFO] IPUIPlugin:80 - create IPUIPlugin
2026-06-03 09:31:15,761 [INFO] PluginManager:220 - loadIPPluginJar : add ddr_ctrl_phy
2026-06-03 09:31:15,834 [INFO] IPUIPlugin:80 - create IPUIPlugin
2026-06-03 09:31:15,834 [INFO] PluginManager:220 - loadIPPluginJar : add dfsdm
2026-06-03 09:31:15,866 [INFO] IPUIPlugin:80 - create IPUIPlugin
2026-06-03 09:31:15,868 [INFO] PluginManager:220 - loadIPPluginJar : add dma
2026-06-03 09:31:15,989 [INFO] IPUIPlugin:80 - create IPUIPlugin
2026-06-03 09:31:15,989 [INFO] PluginManager:220 - loadIPPluginJar : add dma3
2026-06-03 09:31:16,084 [INFO] IPUIPlugin:80 - create IPUIPlugin
2026-06-03 09:31:16,084 [INFO] PluginManager:220 - loadIPPluginJar : add extmemmanager
2026-06-03 09:31:16,129 [INFO] IPUIPlugin:80 - create IPUIPlugin
2026-06-03 09:31:16,130 [INFO] PluginManager:220 - loadIPPluginJar : add fatfs
2026-06-03 09:31:16,220 [INFO] IPUIPlugin:80 - create IPUIPlugin
2026-06-03 09:31:16,220 [INFO] PluginManager:220 - loadIPPluginJar : add fmc
2026-06-03 09:31:16,246 [INFO] IPUIPlugin:80 - create IPUIPlugin
2026-06-03 09:31:16,246 [INFO] PluginManager:220 - loadIPPluginJar : add freertos
2026-06-03 09:31:16,285 [INFO] IPUIPlugin:80 - create IPUIPlugin
2026-06-03 09:31:16,285 [INFO] PluginManager:220 - loadIPPluginJar : add genericplugin
2026-06-03 09:31:16,461 [INFO] IPUIPlugin:80 - create IPUIPlugin
2026-06-03 09:31:16,461 [INFO] PluginManager:220 - loadIPPluginJar : add gfxmmu
2026-06-03 09:31:16,701 [INFO] IPUIPlugin:80 - create IPUIPlugin
2026-06-03 09:31:16,702 [INFO] PluginManager:220 - loadIPPluginJar : add gic
2026-06-03 09:31:16,725 [INFO] IPUIPlugin:80 - create IPUIPlugin
2026-06-03 09:31:16,725 [INFO] PluginManager:220 - loadIPPluginJar : add gpio
2026-06-03 09:31:16,892 [INFO] IPUIPlugin:80 - create IPUIPlugin
2026-06-03 09:31:16,892 [INFO] PluginManager:220 - loadIPPluginJar : add gtzc
2026-06-03 09:31:16,958 [INFO] IPUIPlugin:80 - create IPUIPlugin
2026-06-03 09:31:16,958 [INFO] PluginManager:220 - loadIPPluginJar : add hash
2026-06-03 09:31:17,058 [INFO] IPUIPlugin:80 - create IPUIPlugin
2026-06-03 09:31:17,059 [INFO] PluginManager:220 - loadIPPluginJar : add i2c
2026-06-03 09:31:17,131 [INFO] IPUIPlugin:80 - create IPUIPlugin
2026-06-03 09:31:17,131 [INFO] PluginManager:220 - loadIPPluginJar : add i2s
2026-06-03 09:31:17,199 [INFO] ThirdPartyUpdaterWithRetryManager:70 - Updater plugin not ready yet. [2/15]
2026-06-03 09:31:17,206 [INFO] IPUIPlugin:80 - create IPUIPlugin
2026-06-03 09:31:17,206 [INFO] PluginManager:220 - loadIPPluginJar : add i3c
2026-06-03 09:31:17,409 [INFO] IPUIPlugin:80 - create IPUIPlugin
2026-06-03 09:31:17,410 [INFO] PluginManager:220 - loadIPPluginJar : add ipddr
2026-06-03 09:31:17,595 [INFO] IPUIPlugin:80 - create IPUIPlugin
2026-06-03 09:31:17,595 [INFO] PluginManager:220 - loadIPPluginJar : add linkedlist
2026-06-03 09:31:17,660 [INFO] IPUIPlugin:80 - create IPUIPlugin
2026-06-03 09:31:17,660 [INFO] PluginManager:220 - loadIPPluginJar : add lorawan
2026-06-03 09:31:17,736 [INFO] IPUIPlugin:80 - create IPUIPlugin
2026-06-03 09:31:17,736 [INFO] PluginManager:220 - loadIPPluginJar : add ltdc
2026-06-03 09:31:17,759 [INFO] IPUIPlugin:80 - create IPUIPlugin
2026-06-03 09:31:17,759 [INFO] PluginManager:220 - loadIPPluginJar : add mdma
2026-06-03 09:31:17,780 [INFO] IPUIPlugin:80 - create IPUIPlugin
2026-06-03 09:31:17,780 [INFO] PluginManager:220 - loadIPPluginJar : add nvic
2026-06-03 09:31:17,850 [INFO] IPUIPlugin:80 - create IPUIPlugin
2026-06-03 09:31:17,850 [INFO] PluginManager:220 - loadIPPluginJar : add opamp
2026-06-03 09:31:17,965 [INFO] IPUIPlugin:80 - create IPUIPlugin
2026-06-03 09:31:17,965 [INFO] PluginManager:220 - loadIPPluginJar : add openamp
2026-06-03 09:31:18,045 [INFO] IPUIPlugin:80 - create IPUIPlugin
2026-06-03 09:31:18,045 [INFO] PluginManager:220 - loadIPPluginJar : add pdm2pcm
2026-06-03 09:31:18,067 [INFO] IPUIPlugin:80 - create IPUIPlugin
2026-06-03 09:31:18,071 [INFO] PluginManager:220 - loadIPPluginJar : add plateformsettings
2026-06-03 09:31:18,111 [INFO] IPUIPlugin:80 - create IPUIPlugin
2026-06-03 09:31:18,111 [INFO] PluginManager:220 - loadIPPluginJar : add quadspi
2026-06-03 09:31:18,166 [INFO] IPUIPlugin:80 - create IPUIPlugin
2026-06-03 09:31:18,168 [INFO] PluginManager:220 - loadIPPluginJar : add radio
2026-06-03 09:31:18,195 [INFO] IPUIPlugin:80 - create IPUIPlugin
2026-06-03 09:31:18,195 [INFO] PluginManager:220 - loadIPPluginJar : add resmgrutility
2026-06-03 09:31:18,309 [INFO] IPUIPlugin:80 - create IPUIPlugin
2026-06-03 09:31:18,310 [INFO] PluginManager:220 - loadIPPluginJar : add sai
2026-06-03 09:31:18,393 [INFO] IPUIPlugin:80 - create IPUIPlugin
2026-06-03 09:31:18,394 [INFO] PluginManager:220 - loadIPPluginJar : add spi
2026-06-03 09:31:18,555 [INFO] IPUIPlugin:80 - create IPUIPlugin
2026-06-03 09:31:18,556 [INFO] PluginManager:220 - loadIPPluginJar : add stm32_wpan
2026-06-03 09:31:18,602 [INFO] IPUIPlugin:80 - create IPUIPlugin
2026-06-03 09:31:18,602 [INFO] PluginManager:220 - loadIPPluginJar : add tim
2026-06-03 09:31:18,719 [INFO] IPUIPlugin:80 - create IPUIPlugin
2026-06-03 09:31:18,720 [INFO] PluginManager:220 - loadIPPluginJar : add touchsensing
2026-06-03 09:31:18,766 [INFO] IPUIPlugin:80 - create IPUIPlugin
2026-06-03 09:31:18,767 [INFO] PluginManager:220 - loadIPPluginJar : add tracer_emb
2026-06-03 09:31:18,818 [INFO] IPUIPlugin:80 - create IPUIPlugin
2026-06-03 09:31:18,818 [INFO] PluginManager:220 - loadIPPluginJar : add ts
2026-06-03 09:31:18,867 [INFO] IPUIPlugin:80 - create IPUIPlugin
2026-06-03 09:31:18,867 [INFO] PluginManager:220 - loadIPPluginJar : add tsc
2026-06-03 09:31:18,918 [INFO] IPUIPlugin:80 - create IPUIPlugin
2026-06-03 09:31:18,919 [INFO] PluginManager:220 - loadIPPluginJar : add ucpd
2026-06-03 09:31:19,021 [INFO] IPUIPlugin:80 - create IPUIPlugin
2026-06-03 09:31:19,022 [INFO] PluginManager:220 - loadIPPluginJar : add usart
2026-06-03 09:31:19,109 [INFO] IPUIPlugin:80 - create IPUIPlugin
2026-06-03 09:31:19,109 [INFO] PluginManager:220 - loadIPPluginJar : add usbx
2026-06-03 09:31:19,281 [FATAL] Updater:351 - Updater called before beeing initialized
2026-06-03 09:31:19,319 [INFO] RulesReader:64 - Compatibility file has been processed (301 Rules)
2026-06-03 09:31:19,337 [INFO] RulesReader:64 - Compatibility file has been processed (301 Rules)
2026-06-03 09:31:19,349 [INFO] CADModel:165 - CPN selected for project level
2026-06-03 09:31:19,349 [INFO] CADModel:114 - Register for checkConnection events
2026-06-03 09:31:19,350 [FATAL] Updater:351 - Updater called before beeing initialized
2026-06-03 09:31:19,350 [ERROR] CADModel:125 - Updater not yet initialized, retry later 
2026-06-03 09:31:19,597 [FATAL] Updater:351 - Updater called before beeing initialized
2026-06-03 09:31:19,600 [INFO] CADModel:165 - CPN selected for project level
2026-06-03 09:31:19,600 [INFO] CADModel:114 - Register for checkConnection events
2026-06-03 09:31:19,600 [FATAL] Updater:351 - Updater called before beeing initialized
2026-06-03 09:31:19,600 [ERROR] CADModel:125 - Updater not yet initialized, retry later 
2026-06-03 09:31:19,606 [FATAL] Updater:351 - Updater called before beeing initialized
2026-06-03 09:31:19,783 [FATAL] Updater:351 - Updater called before beeing initialized
2026-06-03 09:31:19,802 [INFO] DbMcusAds:53 - JSON generation date=Thu May 28 21:38:17 IST 2026 (1779984497073)
2026-06-03 09:31:19,802 [FATAL] Updater:351 - Updater called before beeing initialized
2026-06-03 09:31:19,853 [WARN] DetailPanel:346 - Failed to get advertising image, set to default
2026-06-03 09:31:20,169 [FATAL] Updater:351 - Updater called before beeing initialized
2026-06-03 09:31:20,172 [FATAL] Updater:351 - Updater called before beeing initialized
2026-06-03 09:31:20,172 [FATAL] Updater:351 - Updater called before beeing initialized
2026-06-03 09:31:20,173 [WARN] DetailPanel:346 - Failed to get advertising image, set to default
2026-06-03 09:31:20,174 [FATAL] Updater:351 - Updater called before beeing initialized
2026-06-03 09:31:20,200 [INFO] ThirdPartyUpdaterWithRetryManager:70 - Updater plugin not ready yet. [3/15]
2026-06-03 09:31:20,300 [ERROR] Updater:1198 - MainUpdater not yet initialized. External WinMGr cannot be set.
2026-06-03 09:31:20,321 [INFO] Updater:1134 - Updater Version found : 6.14.0
2026-06-03 09:31:20,350 [INFO] ApplicationProperties:184 - Using Application install path: C:\ST\STM32CubeIDE_1.18.0\STM32CubeIDE\plugins\com.st.stm32cube.common.mx_6.14.0.202502271554
2026-06-03 09:31:20,873 [INFO] MainUpdater:2872 - connection check result : 10
2026-06-03 09:31:20,874 [INFO] MainUpdater:289 - Updater Check For Update Now.
2026-06-03 09:31:20,874 [INFO] MicroXplorer:498 - Change Database Version : DB.6.0.140
2026-06-03 09:31:20,907 [INFO] McuFinderGlobals:63 - Set McuFinder mode to 2 (CubeIDE integrated)
2026-06-03 09:31:20,907 [INFO] UserAuth:171 - activating auth plugin
2026-06-03 09:31:20,913 [INFO] UserAuth:486 - Internet connection configuration mode: 1
2026-06-03 09:31:20,984 [INFO] JxBrowserEngine:152 - Initiate JxBrowser Engine with user profile folder
2026-06-03 09:31:21,199 [INFO] CheckServerUpdateThread:120 - End of CheckServer Thread
2026-06-03 09:31:23,469 [INFO] WebApp:169 - Instantiating new browser for Auth
2026-06-03 09:31:23,957 [WARN] PackLoader:240 - Cannot read IP mode file for STMicroelectronics.X-CUBE-AZRTOS-H7.3.5.0
2026-06-03 09:31:24,001 [WARN] PackLoader:240 - Cannot read IP mode file for STMicroelectronics.FP-ATR-ASTRA1.2.0.2
2026-06-03 09:31:24,030 [ERROR] Engine:466 - C:\Users\hp\.stm32cubemx\thirdparties\pdsc\STMicroelectronics.X-CUBE-SMBUS.2.1.1.pdsc: PDSC version is not supported
2026-06-03 09:31:24,059 [WARN] PackLoader:240 - Cannot read IP mode file for STMicroelectronics.X-CUBE-SMBUS.2.1.0
2026-06-03 09:31:24,126 [WARN] PackLoader:240 - Cannot read IP mode file for STMicroelectronics.X-CUBE-AZRTOS-F7.1.1.0
2026-06-03 09:31:24,157 [ERROR] Engine:466 - C:\Users\hp\.stm32cubemx\thirdparties\pdsc\STMicroelectronics.FP-SNS-MOTENV1.5.1.0.pdsc: PDSC version is not supported
2026-06-03 09:31:24,192 [ERROR] Engine:466 - C:\Users\hp\.stm32cubemx\thirdparties\pdsc\WES.I-CUBE-Cesium.1.4.0.pdsc: PDSC version is not supported
2026-06-03 09:31:24,231 [WARN] PackLoader:240 - Cannot read IP mode file for STMicroelectronics.X-CUBE-DISPLAY.3.0.0
2026-06-03 09:31:24,286 [WARN] PackLoader:240 - Cannot read IP mode file for STMicroelectronics.X-CUBE-GNSS1.7.1.1
2026-06-03 09:31:24,325 [ERROR] Engine:466 - C:\Users\hp\.stm32cubemx\thirdparties\pdsc\STMicroelectronics.FP-SNS-MOTENVWB1.1.5.0.pdsc: PDSC version is not supported
2026-06-03 09:31:24,367 [WARN] PackLoader:240 - Cannot read IP mode file for STMicroelectronics.X-CUBE-NFC10.1.0.0
2026-06-03 09:31:24,415 [WARN] PackLoader:240 - Cannot read IP mode file for STMicroelectronics.X-CUBE-ST60.1.1.0
2026-06-03 09:31:24,455 [WARN] PackLoader:240 - Cannot read IP mode file for emotas.I-CUBE-CANOPEN.1.3.0
2026-06-03 09:31:24,506 [WARN] PackLoader:240 - Cannot read IP mode file for STMicroelectronics.X-CUBE-GNSS1.7.1.0
2026-06-03 09:31:24,550 [ERROR] Engine:466 - C:\Users\hp\.stm32cubemx\thirdparties\pdsc\STMicroelectronics.FP-SNS-STBOX1.2.1.0.pdsc: PDSC version is not supported
2026-06-03 09:31:24,587 [WARN] PackLoader:240 - Cannot read IP mode file for STMicroelectronics.FP-SNS-SMARTAG2.1.2.0
2026-06-03 09:31:24,617 [WARN] PackLoader:240 - Cannot read IP mode file for STMicroelectronics.FP-SNS-FLIGHT1.5.1.0
2026-06-03 09:31:24,666 [INFO] LogOutputStream:77 - [STDOUT_REDIRECT] 1 : Invalid condition id : UX_CORESTACK_Condition cause : null
2026-06-03 09:31:24,667 [INFO] LogOutputStream:77 - [STDOUT_REDIRECT] 1 : Invalid condition id : UX_CORESTACK_Condition cause : null
2026-06-03 09:31:24,669 [INFO] LogOutputStream:77 - [STDOUT_REDIRECT] 1 : Invalid condition id : UX_CORESTACK_Condition cause : null
2026-06-03 09:31:24,671 [INFO] LogOutputStream:77 - [STDOUT_REDIRECT] 1 : Invalid condition id : UX_CORESTACK_Condition cause : null
2026-06-03 09:31:24,703 [INFO] LogOutputStream:77 - [STDOUT_REDIRECT] 1 : Invalid condition id : UX_CORESTACK_Condition cause : null
2026-06-03 09:31:24,708 [WARN] PackLoader:240 - Cannot read IP mode file for STMicroelectronics.X-CUBE-AZRTOS-WL.2.0.0
2026-06-03 09:31:24,780 [WARN] PackLoader:240 - Cannot read IP mode file for STMicroelectronics.X-CUBE-AZRTOS-H7RS.1.2.0
2026-06-03 09:31:24,822 [WARN] PackLoader:240 - Cannot read IP mode file for STMicroelectronics.X-CUBE-BLE2.3.3.0
2026-06-03 09:31:24,961 [WARN] PackLoader:240 - Cannot read IP mode file for Infineon.AIROC-Wi-Fi-Bluetooth-STM32.1.8.0
2026-06-03 09:31:25,003 [WARN] PackLoader:240 - Cannot read IP mode file for STMicroelectronics.X-CUBE-NFC9.1.0.0
2026-06-03 09:31:25,049 [WARN] PackLoader:240 - Cannot read IP mode file for STMicroelectronics.X-CUBE-BLE1.7.1.0
2026-06-03 09:31:25,093 [WARN] PackLoader:240 - Cannot read IP mode file for wolfSSL.I-CUBE-wolfMQTT.1.19.2
2026-06-03 09:31:25,133 [WARN] PackLoader:240 - Cannot read IP mode file for STMicroelectronics.X-CUBE-EEPRMA1.5.2.0
2026-06-03 09:31:25,175 [WARN] PackLoader:240 - Cannot read IP mode file for wolfSSL.I-CUBE-wolfSSL.5.8.4
2026-06-03 09:31:25,219 [ERROR] Engine:466 - C:\Users\hp\.stm32cubemx\thirdparties\pdsc\STMicroelectronics.FP-SNS-STAIOTCFT.1.1.0.pdsc: PDSC version is not supported
2026-06-03 09:31:25,367 [WARN] PackLoader:240 - Cannot read IP mode file for STMicroelectronics.X-CUBE-MEMS1.12.0.0
2026-06-03 09:31:25,514 [INFO] WebApp:463 - Apply proxy settings
2026-06-03 09:31:25,515 [INFO] WebApp:548 - Chromium requires no authentication
2026-06-03 09:31:25,536 [INFO] WebApp:491 - Direct internet connection detected
2026-06-03 09:31:25,600 [INFO] WebApp:894 - Register for checkConnection events
2026-06-03 09:31:25,601 [INFO] WebApp:463 - Apply proxy settings
2026-06-03 09:31:25,601 [INFO] WebApp:548 - Chromium requires no authentication
2026-06-03 09:31:25,602 [INFO] WebApp:491 - Direct internet connection detected
2026-06-03 09:31:25,608 [WARN] PackLoader:240 - Cannot read IP mode file for STMicroelectronics.X-CUBE-AZRTOS-G0.1.1.0
2026-06-03 09:31:25,656 [WARN] PackLoader:240 - Cannot read IP mode file for STMicroelectronics.X-CUBE-NFC4.3.0.0
2026-06-03 09:31:25,708 [WARN] PackLoader:240 - Cannot read IP mode file for EmbeddedOffice.I-CUBE-FS-RTOS.1.0.1
2026-06-03 09:31:25,742 [WARN] PackLoader:240 - Cannot read IP mode file for wolfSSL.I-CUBE-wolfTPM.3.8.0
2026-06-03 09:31:25,780 [WARN] PackLoader:240 - Cannot read IP mode file for STMicroelectronics.X-CUBE-TCPP.4.2.0
2026-06-03 09:31:25,832 [WARN] PackLoader:240 - Cannot read IP mode file for RealThread.X-CUBE-RT-Thread_Nano.4.1.1
2026-06-03 09:31:25,876 [WARN] PackLoader:240 - Cannot read IP mode file for STMicroelectronics.FP-ATR-SIGFOX1.3.2.0
2026-06-03 09:31:25,904 [ERROR] Engine:466 - C:\Users\hp\.stm32cubemx\thirdparties\pdsc\STMicroelectronics.X-CUBE-FREERTOS.1.5.0.pdsc: PDSC version is not supported
2026-06-03 09:31:25,948 [WARN] PackLoader:240 - Cannot read IP mode file for ITTIA_DB.I-CUBE-ITTIADB.8.9.0
2026-06-03 09:31:25,988 [WARN] PackLoader:240 - Cannot read IP mode file for Cesanta.I-CUBE-Mongoose.7.21.0
2026-06-03 09:31:26,026 [WARN] PackLoader:240 - Cannot read IP mode file for STMicroelectronics.X-CUBE-NFC6.3.2.0
2026-06-03 09:31:26,065 [WARN] PackLoader:240 - Cannot read IP mode file for STMicroelectronics.X-CUBE-AI.10.2.0
2026-06-03 09:31:26,098 [INFO] WebApp:191 - Connection restablished
2026-06-03 09:31:26,203 [WARN] PackLoader:240 - Cannot read IP mode file for STMicroelectronics.X-CUBE-MEMS1.12.1.0
2026-06-03 09:31:26,262 [INFO] WebApp:225 - Starting web application
2026-06-03 09:31:26,262 [INFO] WebApp:593 - Web application path used C:\ST\STM32CubeIDE_1.18.0\STM32CubeIDE\plugins\com.st.stm32cube.common.mx_6.14.0.202502271554\db\plugins\mcufinder\reactClient1\index.html
2026-06-03 09:31:26,407 [WARN] PackLoader:240 - Cannot read IP mode file for SEGGER.I-CUBE-embOS.1.3.1
2026-06-03 09:31:26,516 [WARN] PackLoader:240 - Cannot read IP mode file for STMicroelectronics.X-CUBE-ALGOBUILD.1.4.0
2026-06-03 09:31:26,547 [WARN] PackLoader:240 - Cannot read IP mode file for STMicroelectronics.X-CUBE-PM33A1.1.0.0
2026-06-03 09:31:26,606 [WARN] PackLoader:240 - Cannot read IP mode file for STMicroelectronics.X-CUBE-AZRTOS-F4.1.1.0
2026-06-03 09:31:26,687 [WARN] PackLoader:240 - Cannot read IP mode file for STMicroelectronics.X-CUBE-ISPU.2.1.0
2026-06-03 09:31:26,735 [ERROR] Engine:466 - C:\Users\hp\.stm32cubemx\thirdparties\pdsc\STMicroelectronics.X-CUBE-IPS.3.2.0.pdsc: PDSC version is not supported
2026-06-03 09:31:26,767 [WARN] PackLoader:240 - Cannot read IP mode file for STMicroelectronics.eDS-WB_DPC_TT-BIDIR.2.1.1
2026-06-03 09:31:26,813 [WARN] PackLoader:240 - Cannot read IP mode file for STMicroelectronics.X-CUBE-NFC12.1.0.0
2026-06-03 09:31:26,888 [WARN] PackLoader:240 - Cannot read IP mode file for STMicroelectronics.X-CUBE-AZRTOS-L5.2.0.0
2026-06-03 09:31:26,933 [WARN] PackLoader:240 - Cannot read IP mode file for STMicroelectronics.X-CUBE-ALGOBUILD.1.5.0
2026-06-03 09:31:26,975 [WARN] PackLoader:240 - Cannot read IP mode file for STMicroelectronics.eDS-WB_DPC_VIENNA.1.2.0
2026-06-03 09:31:27,012 [WARN] PackLoader:240 - Cannot read IP mode file for STMicroelectronics.eDS-WB_DPC_3PH2L-BIDIR.1.1.1
2026-06-03 09:31:27,047 [ERROR] Engine:466 - C:\Users\hp\.stm32cubemx\thirdparties\pdsc\STMicroelectronics.X-CUBE-ST67W61.1.3.0.pdsc: PDSC version is not supported
2026-06-03 09:31:27,087 [WARN] PackLoader:240 - Cannot read IP mode file for STMicroelectronics.X-CUBE-TOUCHGFX.4.26.1
2026-06-03 09:31:27,165 [WARN] PackLoader:240 - Cannot read IP mode file for STMicroelectronics.FP-SNS-STAIOTCFT.1.0.0
2026-06-03 09:31:27,216 [WARN] PackLoader:240 - Cannot read IP mode file for STMicroelectronics.X-CUBE-DPower.1.3.0
2026-06-03 09:31:27,291 [WARN] ConditionMgr:438 - getConditionDescription Invalid condition id : LAN8742 Phy interface Condition cause : null
2026-06-03 09:31:27,293 [WARN] PackLoader:240 - Cannot read IP mode file for STMicroelectronics.X-CUBE-AZRTOS-L4.2.0.0
2026-06-03 09:31:27,295 [WARN] ConditionMgr:1044 - genDependencies : Invalid condition id : LAN8742 Phy interface Condition cause : null
2026-06-03 09:31:27,296 [WARN] ConditionMgr:1044 - genDependencies : Invalid condition id : LAN8742 Phy interface Condition cause : null
2026-06-03 09:31:27,297 [WARN] ConditionMgr:1044 - genDependencies : Invalid condition id : LAN8742 Phy interface Condition cause : null
2026-06-03 09:31:27,338 [WARN] PackLoader:240 - Cannot read IP mode file for STMicroelectronics.X-CUBE-SFXS2LP1.4.0.0
2026-06-03 09:31:27,386 [WARN] PackLoader:240 - Cannot read IP mode file for STMicroelectronics.X-CUBE-WB05N.2.1.0
2026-06-03 09:31:27,444 [ERROR] Engine:466 - C:\Users\hp\.stm32cubemx\thirdparties\pdsc\STMicroelectronics.X-CUBE-ST67W61.1.2.0.pdsc: PDSC version is not supported
2026-06-03 09:31:27,495 [WARN] PackLoader:240 - Cannot read IP mode file for STMicroelectronics.X-CUBE-BLEMGR.4.1.0
2026-06-03 09:31:27,559 [WARN] ConditionMgr:438 - getConditionDescription Invalid condition id : UX DEVICE CLASS RTOS Condition cause : null
2026-06-03 09:31:27,559 [WARN] ConditionMgr:438 - getConditionDescription Invalid condition id : UX DEVICE CLASS RTOS Condition cause : null
2026-06-03 09:31:27,564 [WARN] PackLoader:240 - Cannot read IP mode file for STMicroelectronics.X-CUBE-AZRTOS-WB.2.0.0
2026-06-03 09:31:27,565 [WARN] ConditionMgr:1044 - genDependencies : Invalid condition id : UX DEVICE CLASS RTOS Condition cause : null
2026-06-03 09:31:27,565 [WARN] ConditionMgr:1044 - genDependencies : Invalid condition id : UX DEVICE CLASS RTOS Condition cause : null
2026-06-03 09:31:27,566 [WARN] ConditionMgr:1044 - genDependencies : Invalid condition id : UX DEVICE CLASS RTOS Condition cause : null
2026-06-03 09:31:27,566 [WARN] ConditionMgr:1044 - genDependencies : Invalid condition id : UX DEVICE CLASS RTOS Condition cause : null
2026-06-03 09:31:27,566 [WARN] ConditionMgr:1044 - genDependencies : Invalid condition id : UX DEVICE CLASS RTOS Condition cause : null
2026-06-03 09:31:27,600 [WARN] ConditionMgr:438 - getConditionDescription Invalid condition id : Cortex-A Device cause : null
2026-06-03 09:31:27,655 [WARN] ConditionMgr:1044 - genDependencies : Invalid condition id : Cortex-A Device cause : null
2026-06-03 09:31:27,656 [WARN] ConditionMgr:1044 - genDependencies : Invalid condition id : Cortex-A Device cause : null
2026-06-03 09:31:27,656 [WARN] ConditionMgr:1044 - genDependencies : Invalid condition id : Cortex-A Device cause : null
2026-06-03 09:31:27,730 [WARN] PackLoader:240 - Cannot read IP mode file for STMicroelectronics.X-CUBE-STSE01.2.0.0
2026-06-03 09:31:27,776 [WARN] PackLoader:240 - Cannot read IP mode file for STMicroelectronics.X-CUBE-SUBG2.5.0.0
2026-06-03 09:31:27,846 [WARN] PackLoader:240 - Cannot read IP mode file for STMicroelectronics.X-CUBE-AZRTOS-G4.2.0.0
2026-06-03 09:31:27,884 [WARN] PackLoader:240 - Cannot read IP mode file for wolfSSL.I-CUBE-wolfSSH.1.4.20
2026-06-03 09:31:27,922 [WARN] PackLoader:240 - Cannot read IP mode file for STMicroelectronics.X-CUBE-NFC7.2.0.0
2026-06-03 09:31:27,968 [WARN] PackLoader:240 - Cannot read IP mode file for STMicroelectronics.X-CUBE-ALS.1.0.2
2026-06-03 09:31:28,029 [WARN] PackLoader:240 - Cannot read IP mode file for STMicroelectronics.X-CUBE-TOF1.3.4.3
2026-06-03 09:31:28,045 [INFO] ThirdParty:978 - Integrity check success = true
2026-06-03 09:31:28,045 [INFO] IntegrityCheckThread:100 - exiting critical section [integrity check]
2026-06-03 09:31:28,045 [INFO] IntegrityCheckThread:103 - End integrity checks thread
2026-06-03 10:27:40,865 [INFO] WebApp:194 - Connection lost
2026-06-03 10:27:41,731 [INFO] WebApp:191 - Connection restablished
2026-06-03 10:58:41,808 [INFO] McuFinderGlobals:63 - Set McuFinder mode to 2 (CubeIDE integrated)
2026-06-03 10:58:41,906 [INFO] MainUpdater:2872 - connection check result : 10
2026-06-03 10:58:41,923 [INFO] MainUpdater:2872 - connection check result : 10
2026-06-03 10:58:42,422 [INFO] MicroXplorer:468 - Change Database Path : 
2026-06-03 10:58:42,424 [INFO] MicroXplorer:498 - Change Database Version : DB.6.0.140
2026-06-03 10:58:42,487 [WARN] ThirdParty:871 - waiting for thirdparty lock release [close project]
2026-06-03 10:58:42,488 [INFO] ThirdParty:873 - entering critical section [close project]
2026-06-03 10:58:42,497 [INFO] ThirdParty:883 - exiting critical section [close project]
2026-06-03 10:58:42,510 [INFO] PinOutPanel:1589 - setPackage(No Configuration,No Configuration)
2026-06-03 10:58:42,545 [INFO] UtilMem:75 - Begin LoadConfig() Used Memory: 653817400 Bytes (1073741824)
2026-06-03 10:58:42,562 [INFO] MicroXplorer:468 - Change Database Path : 
2026-06-03 10:58:42,562 [INFO] MicroXplorer:498 - Change Database Version : DB.6.0.140
2026-06-03 10:58:42,564 [INFO] OpenFileManager:354 - Change cursor
2026-06-03 10:58:42,826 [INFO] Mcu:2011 - Initializing MCU STM32F407V(E-G)Tx STM32F407VGTx STM32F407VGT6
2026-06-03 10:58:49,386 [INFO] Context:756 - Trying to add GPIOservice into a context  which must be forbidden
2026-06-03 10:58:53,491 [INFO] ImportTextPane:218 - (OptionalMessage_ERROR) Pin13 (VP_RIF_VS_RIF1) cannot be retrieved for this MCU
2026-06-03 10:58:53,949 [INFO] RtosManager:558 - Registered RTOS mode: class=CMSIS, group=RTOS, mode=CMSIS_V1, owner=FREERTOS
2026-06-03 10:58:53,949 [INFO] RtosManager:558 - Registered RTOS mode: class=CMSIS, group=RTOS2, mode=CMSIS_V2, owner=FREERTOS
2026-06-03 10:58:53,950 [INFO] RtosManager:558 - Registered RTOS mode: class=RTOS, group=Core, mode=CMSIS_V1, owner=FREERTOS
2026-06-03 10:58:53,950 [INFO] RtosManager:558 - Registered RTOS mode: class=RTOS, group=Core, mode=CMSIS_V2, owner=FREERTOS
2026-06-03 10:58:53,950 [WARN] ModelIntegratedComponent:184 - Missing modes for component STMicroelectronics:FreeRTOS:0.0.1:STMicroelectronics:RTOS:FreeRTOS:Core:::10.2.0:
2026-06-03 10:58:53,994 [WARN] ModelIntegratedComponent:63 - No mode defined for component null
2026-06-03 10:58:53,994 [WARN] ModelIntegratedComponent:63 - No mode defined for component null
2026-06-03 10:58:53,995 [WARN] ModelIntegratedComponent:63 - No mode defined for component null
2026-06-03 10:58:53,995 [WARN] ModelIntegratedComponent:63 - No mode defined for component null
2026-06-03 10:58:53,995 [WARN] ModelIntegratedComponent:63 - No mode defined for component null
2026-06-03 10:58:53,995 [WARN] ModelIntegratedComponent:63 - No mode defined for component null
2026-06-03 10:58:53,995 [WARN] ModelIntegratedComponent:63 - No mode defined for component null
2026-06-03 10:58:53,995 [WARN] ModelIntegratedComponent:63 - No mode defined for component null
2026-06-03 10:58:53,995 [WARN] ModelIntegratedComponent:63 - No mode defined for component null
2026-06-03 10:58:53,995 [WARN] ModelIntegratedComponent:63 - No mode defined for component null
2026-06-03 10:58:53,995 [WARN] ModelIntegratedComponent:63 - No mode defined for component null
2026-06-03 10:58:53,995 [WARN] ModelIntegratedComponent:63 - No mode defined for component null
2026-06-03 10:58:53,995 [WARN] ModelIntegratedComponent:63 - No mode defined for component null
2026-06-03 10:58:53,996 [WARN] ModelIntegratedComponent:63 - No mode defined for component null
2026-06-03 10:58:53,996 [WARN] ModelIntegratedComponent:63 - No mode defined for component null
2026-06-03 10:58:53,996 [WARN] ModelIntegratedComponent:63 - No mode defined for component null
2026-06-03 10:58:53,996 [WARN] ModelIntegratedComponent:63 - No mode defined for component null
2026-06-03 10:58:53,996 [WARN] ModelIntegratedComponent:63 - No mode defined for component null
2026-06-03 10:58:53,996 [WARN] ModelIntegratedComponent:63 - No mode defined for component null
2026-06-03 10:58:53,996 [WARN] ModelIntegratedComponent:63 - No mode defined for component null
2026-06-03 10:58:53,996 [WARN] ModelIntegratedComponent:63 - No mode defined for component null
2026-06-03 10:58:53,996 [WARN] ModelIntegratedComponent:63 - No mode defined for component null
2026-06-03 10:58:53,997 [WARN] ModelIntegratedComponent:63 - No mode defined for component null
2026-06-03 10:58:53,997 [WARN] ModelIntegratedComponent:63 - No mode defined for component null
2026-06-03 10:58:53,997 [WARN] ModelIntegratedComponent:63 - No mode defined for component null
2026-06-03 10:58:53,997 [WARN] ModelIntegratedComponent:63 - No mode defined for component null
2026-06-03 10:58:53,997 [WARN] ModelIntegratedComponent:63 - No mode defined for component null
2026-06-03 10:58:53,997 [WARN] ModelIntegratedComponent:63 - No mode defined for component null
2026-06-03 10:58:53,997 [WARN] ModelIntegratedComponent:63 - No mode defined for component null
2026-06-03 10:58:53,998 [WARN] ModelIntegratedComponent:63 - No mode defined for component null
2026-06-03 10:58:53,998 [WARN] ModelIntegratedComponent:63 - No mode defined for component null
2026-06-03 10:58:53,998 [WARN] ModelIntegratedComponent:63 - No mode defined for component null
2026-06-03 10:58:53,998 [WARN] ModelIntegratedComponent:63 - No mode defined for component null
2026-06-03 10:58:53,998 [WARN] ModelIntegratedComponent:63 - No mode defined for component null
2026-06-03 10:58:53,998 [WARN] ModelIntegratedComponent:63 - No mode defined for component null
2026-06-03 10:58:53,999 [WARN] ModelPack:524 - Component already loaded: STMicroelectronics:HAL Drivers:0.0.0:STMicroelectronics:Device:STMicro_Driver:XSPI:HAL::0.0.1:HAL_XSPI
2026-06-03 10:58:54,177 [INFO] ThirdPartyModel:298 - Start build external matchings
2026-06-03 10:58:54,825 [INFO] ThirdPartyModel:316 - End build external matchings
2026-06-03 10:58:54,863 [INFO] ImportTextPane:218 - (OptionalMessage_ERROR) IP (RCC) : Parameter (RTCHSEDivFreq_Value) has invalid value (4000000)
2026-06-03 10:58:56,307 [INFO] ApiDb:581 - Connected to CubeFinder SQLite database (C:\Users\hp\.stmcufinder\plugins\mcufinder\mcu\cube-finder-db.db)
2026-06-03 10:58:56,510 [INFO] ApiDb:668 - CubeFinder database Data Model version=2.1
2026-06-03 10:58:56,511 [INFO] ApiDb:669 - CubeFinder database Configuration version=3.0.42
2026-06-03 10:58:56,513 [INFO] ApiDb:670 - CubeFinder database generation date=2026-05-06 (1778060171)
2026-06-03 10:58:56,513 [INFO] ApiDb:671 - CubeFinder database FW Pack versions=[FP-ATR-ASTRA1_V2.0.0, FP-SNS-FLIGHT1_V5.1.0, FP-SNS-MOTENV1_V5.1.0, FP-SNS-MOTENVWB1_V1.5.0, FP-SNS-SMARTAG2_V1.2.0, FP-SNS-STBOX1_V2.1.0, STM32Cube_FW_C0_V1.4.0, STM32Cube_FW_F4_V1.28.3, STM32Cube_FW_F7_V1.17.4, STM32Cube_FW_G0_V1.6.3, STM32Cube_FW_G4_V1.6.2, STM32Cube_FW_H5_V1.6.0, STM32Cube_FW_H7RS_V1.3.0, STM32Cube_FW_H7_V1.13.0, STM32Cube_FW_L0_V1.12.2, STM32Cube_FW_L4_V1.18.2, STM32Cube_FW_L5_V1.6.0, STM32Cube_FW_N6_V1.3.0, STM32Cube_FW_U0_V1.3.0, STM32Cube_FW_U3_V1.3.0, STM32Cube_FW_U5_V1.8.0, STM32Cube_FW_WB0_V1.4.0, STM32Cube_FW_WBA_V1.9.0, STM32Cube_FW_WB_V1.24.0, STM32Cube_FW_WL3_V1.4.0, STM32Cube_FW_WL_V1.5.0, X-CUBE-ALGOBUILD_V1.4.0, X-CUBE-ALS_V1.0.2, X-CUBE-AZRTOS-F4_V1.1.0, X-CUBE-AZRTOS-F7_V1.1.0, X-CUBE-AZRTOS-G0_V1.1.0, X-CUBE-AZRTOS-G4_V2.0.0, X-CUBE-AZRTOS-H7RS_V1.1.0, X-CUBE-AZRTOS-H7_V3.5.0, X-CUBE-AZRTOS-L4_V2.0.0, X-CUBE-AZRTOS-L5_V2.0.0, X-CUBE-AZRTOS-WB_V2.0.0, X-CUBE-AZRTOS-WL_V2.0.0, X-CUBE-BLE1_V7.1.0, X-CUBE-BLE2_V3.3.0, X-CUBE-BLEMGR_V4.1.0, X-CUBE-EEPRMA1_V5.2.0, X-CUBE-FREERTOS_V1.5.0, X-CUBE-GNSS1_V6.0.0, X-CUBE-MEMS1_V12.0.0, X-CUBE-NFC4_V3.0.0, X-CUBE-NFC7_V2.0.0, X-CUBE-SFXS2LP1_V4.0.0, X-CUBE-ST67W61_V1.2.0, X-CUBE-SUBG2_V5.0.0, X-CUBE-TOF1_V3.4.3]
2026-06-03 10:58:56,719 [INFO] DbBoardsSqlite:226 - include board P-NUCLEO-WB55-NUCLEO as a kit item of type 'Nucleo-64'
2026-06-03 10:58:56,719 [INFO] DbBoardsSqlite:226 - include board P-NUCLEO-WB55-USBDONGLE as a kit item of type 'Nucleo USB Dongle'
2026-06-03 10:58:56,721 [INFO] DbBoardsSqlite:226 - include board STEVAL-IDP005V1 as a kit item of type 'Evaluation Board'
2026-06-03 10:58:56,721 [INFO] DbBoardsSqlite:226 - include board STEVAL-IDP005V2 as a kit item of type 'Evaluation Board'
2026-06-03 10:58:57,568 [INFO] ApiDb:240 - Found 895 in-development CPN: [B-G473E-ZEST1S, B-WB1M-WPAN1, B-WBA5M-WPAN, B-WL5M-SUBG1, NUCLEO-C031C6, NUCLEO-C051C8, NUCLEO-C071RB, NUCLEO-C092RC, NUCLEO-H503RB, NUCLEO-H533RE, NUCLEO-H563ZI, NUCLEO-H7S3L8, NUCLEO-N657X0-Q, NUCLEO-U031R8, NUCLEO-U083RC, NUCLEO-U385RG-Q, NUCLEO-U545RE-Q, NUCLEO-U5A5ZJ-Q, NUCLEO-WB05KZ, NUCLEO-WB07CC, NUCLEO-WB09KE, NUCLEO-WBA52CG, NUCLEO-WBA55CG, NUCLEO-WBA65RI, NUCLEO-WL33CC1, NUCLEO-WL33CC2, STEVAL-PROTEUS1, STEVAL-SMARTAG2, STEVAL-STWINBX1, STM320518-EVAL, STM32C0116-DK, STM32C011D6Y3TR, STM32C011D6Y6TR, STM32C011F4P3, STM32C011F4P6, STM32C011F4U3, STM32C011F4U6TR, STM32C011F6P3, STM32C011F6P6, STM32C011F6U3, STM32C011F6U6TR, STM32C011J4M3, STM32C011J4M6, STM32C011J6M3, STM32C011J6M6, STM32C0316-DK, STM32C031C4T3, STM32C031C4T6, STM32C031C4U3, STM32C031C4U6, STM32C031C6T3, STM32C031C6T6, STM32C031C6U3, STM32C031C6U6, STM32C031F4P3, STM32C031F4P6, STM32C031F6P3, STM32C031F6P6, STM32C031G4U3, STM32C031G4U6, STM32C031G6U3, STM32C031G6U6, STM32C031K4T3, STM32C031K4T6, STM32C031K4U3, STM32C031K4U6, STM32C031K6T3, STM32C031K6T6, STM32C031K6U3, STM32C031K6U6, STM32C051C6T6, STM32C051C6U6, STM32C051C8T6, STM32C051C8U6, STM32C051D8Y6TR, STM32C051F6P6, STM32C051F8P6, STM32C051G6U6, STM32C051G8U6, STM32C051K6T6, STM32C051K6U6, STM32C051K8T6, STM32C071C8T6, STM32C071C8T6N, STM32C071C8U6, STM32C071C8U6N, STM32C071CBT6, STM32C071CBT6N, STM32C071CBU6, STM32C071CBU6N, STM32C071F8P6, STM32C071F8P6N, STM32C071FBP6, STM32C071FBP6N, STM32C071FBY6TR, STM32C071G8U6, STM32C071G8U6N, STM32C071GBU6, STM32C071GBU6N, STM32C071K8T6, STM32C071K8T6N, STM32C071K8U6, STM32C071K8U6N, STM32C071KBT6, STM32C071KBT6N, STM32C071KBU6, STM32C071KBU6N, STM32C071R8T6, STM32C071R8T6N, STM32C071RBI6N, STM32C071RBT6, STM32C071RBT6N, STM32C091CBT6, STM32C091CBU6, STM32C091CCT6, STM32C091CCU6, STM32C091ECY6TR, STM32C091FBP6, STM32C091FCP6, STM32C091GBU6, STM32C091GCU6, STM32C091KBT6, STM32C091KBU6, STM32C091KCT6, STM32C091KCU6, STM32C091RBT6, STM32C091RCI6, STM32C091RCT6, STM32C092CBT6, STM32C092CBU6, STM32C092CCT6, STM32C092CCU6, STM32C092ECY6TR, STM32C092FBP6, STM32C092FCP6, STM32C092GBU6, STM32C092GCU6, STM32C092KBT6, STM32C092KBU6, STM32C092KCT6, STM32C092KCU6, STM32C092RBT6, STM32C092RCI6, STM32C092RCT6, STM32G071K8TXN, STM32G071K8UXN, STM32G081GBU6N, STM32G081KBT6N, STM32G081KBUXN, STM32G0B1CCT6N, STM32G0B1KCT6, STM32G0B1NEY6TR, STM32G0B1RCT6N, STM32G0C1CCT6, STM32G0C1CCT6N, STM32G0C1CCU6N, STM32G0C1CET6N, STM32G0C1CEU6N, STM32G0C1KCT6, STM32G0C1NEY6TR, STM32G0C1RCI6N, STM32G0C1RCT6N, STM32G0C1REI6N, STM32G0C1RET6N, STM32G0C1VCI6, STM32G0C1VEI6, STM32G411C6T3, STM32G411C6T6, STM32G411C6U3, STM32G411C6U6, STM32G411C8T3, STM32G411C8T6, STM32G411C8U3, STM32G411C8U6, STM32G411CBT3, STM32G411CBT6, STM32G411CBU3, STM32G411CBU6, STM32G411CCT3, STM32G411CCT6, STM32G411CCU3, STM32G411CCU6, STM32G411K6T3, STM32G411K6T6, STM32G411K6U3, STM32G411K6U6, STM32G411K8T3, STM32G411K8T6, STM32G411K8U3, STM32G411K8U6, STM32G411KBT3, STM32G411KBT6, STM32G411KBU3, STM32G411KBU6, STM32G411M6T3, STM32G411M6T6, STM32G411M8T3, STM32G411M8T6, STM32G411MBT3, STM32G411MBT6, STM32G411MCT3, STM32G411MCT6, STM32G411R6T3, STM32G411R6T6, STM32G411R8T3, STM32G411R8T6, STM32G411RBT3, STM32G411RBT6, STM32G411RCT3, STM32G411RCT6, STM32G414CBT3, STM32G414CBT6, STM32G414CBU3, STM32G414CBU6, STM32G414CCT3, STM32G414CCT6, STM32G414CCU3, STM32G414CCU6, STM32G414MBT3, STM32G414MBT6, STM32G414MCT3, STM32G414MCT6, STM32G414RBT3, STM32G414RBT6, STM32G414RCT3, STM32G414RCT6, STM32G414VBT3, STM32G414VBT6, STM32G414VCT3, STM32G414VCT6, STM32G431CBT3Z, STM32G431RBT3Z, STM32G471CCT6, STM32G471CCU6, STM32G471CET3, STM32G471CET6, STM32G471CEU3, STM32G471CEU6, STM32G471MCT6, STM32G471MET3, STM32G471MET6, STM32G471MEY6TR, STM32G471QCT6, STM32G471QET3, STM32G471RCT6, STM32G471RET3, STM32G471RET6, STM32G471VCH6, STM32G471VCI6, STM32G471VCT6, STM32G471VEH3, STM32G471VEH6, STM32G471VEI3, STM32G471VEI6, STM32G471VET3, STM32G471VET6, STM32G473QET3Z, STM32G473RET3Z, STM32G474CCT6, STM32G491RET3Z, STM32H503CBT6, STM32H503CBU6, STM32H503EBY6TR, STM32H503KBU6, STM32H503RBT6, STM32H523CCT6, STM32H523CCU6, STM32H523CET6, STM32H523CEU6, STM32H523HEY6TR, STM32H523RCT6, STM32H523RET6, STM32H523VCI6, STM32H523VCT6, STM32H523VEI6, STM32H523VET6, STM32H523ZCJ6, STM32H523ZCT6, STM32H523ZEJ6, STM32H523ZET6, STM32H533CET6, STM32H533CEU6, STM32H533HEY6TR, STM32H533RET6, STM32H533VEI6, STM32H533VET6, STM32H533ZEJ6, STM32H533ZET6, STM32H562AGI6, STM32H562AII6, STM32H562IGK6, STM32H562IGT6, STM32H562IIK6, STM32H562IIT6, STM32H562RGT6, STM32H562RGV6, STM32H562RIT6, STM32H562RIV6, STM32H562VGT6, STM32H562VIT6, STM32H562ZGT6, STM32H562ZIT6, STM32H563AGI6, STM32H563AII3Q, STM32H563AII6, STM32H563IGK6, STM32H563IGT6, STM32H563IIK3Q, STM32H563IIK6, STM32H563IIT3Q, STM32H563IIT6, STM32H563MIY3QTR, STM32H563RGT6, STM32H563RGV6, STM32H563RIT6, STM32H563RIV6, STM32H563VGT6, STM32H563VIT3Q, STM32H563VIT6, STM32H563ZGT6, STM32H563ZIT3Q, STM32H563ZIT6, STM32H573AII3Q, STM32H573AII6, STM32H573I-DK, STM32H573IIK3Q, STM32H573IIK6, STM32H573IIT3Q, STM32H573IIT6, STM32H573MIY3QTR, STM32H573RIT6, STM32H573RIV6, STM32H573VIT3Q, STM32H573VIT6, STM32H573ZIT3Q, STM32H573ZIT6, STM32H7R3A8I6, STM32H7R3I8K6, STM32H7R3I8T6, STM32H7R3L8H6, STM32H7R3L8H6H, STM32H7R3R8V6, STM32H7R3V8H6, STM32H7R3V8T6, STM32H7R3V8Y6TR, STM32H7R3Z8J6, STM32H7R3Z8T6, STM32H7R7A8I6, STM32H7R7I8K6, STM32H7R7I8T6, STM32H7R7L8H6, STM32H7R7L8H6H, STM32H7R7Z8J6, STM32H7S3A8I6, STM32H7S3I8K6, STM32H7S3I8T6, STM32H7S3L8H6, STM32H7S3L8H6H, STM32H7S3R8V6, STM32H7S3V8H6, STM32H7S3V8T6, STM32H7S3V8Y6TR, STM32H7S3Z8J6, STM32H7S3Z8T6, STM32H7S78-DK, STM32H7S7A8I6, STM32H7S7I8K6, STM32H7S7I8T6, STM32H7S7L8H6, STM32H7S7L8H6H, STM32H7S7Z8J6, STM32L4R5QGI6STR, STM32MP131AAE3, STM32MP131AAF3, STM32MP131AAG3, STM32MP131CAE3, STM32MP131CAF3, STM32MP131CAG3, STM32MP131DAE7, STM32MP131DAF7, STM32MP131DAG7, STM32MP131FAE7, STM32MP131FAF7, STM32MP131FAG7, STM32MP133AAE3, STM32MP133AAF3, STM32MP133AAG3, STM32MP133CAE3, STM32MP133CAF3, STM32MP133CAG3, STM32MP133DAE7, STM32MP133DAF7, STM32MP133DAG7, STM32MP133FAE7, STM32MP133FAF7, STM32MP133FAG7, STM32MP135AAE3, STM32MP135AAF3, STM32MP135AAG3, STM32MP135CAE3, STM32MP135CAF3, STM32MP135CAG3, STM32MP135DAE7, STM32MP135DAF7, STM32MP135DAG7, STM32MP135F-DK, STM32MP135FAE7, STM32MP135FAF7, STM32MP135FAF7T, STM32MP135FAF7U, STM32MP135FAG7, STM32MP231AAJ3, STM32MP231AAK3, STM32MP231AAL3, STM32MP231CAJ3, STM32MP231CAK3, STM32MP231CAL3, STM32MP231DAJ3, STM32MP231DAK3, STM32MP231DAL3, STM32MP231FAJ3, STM32MP231FAK3, STM32MP231FAL3, STM32MP233AAJ3, STM32MP233AAK3, STM32MP233AAL3, STM32MP233CAJ3, STM32MP233CAK3, STM32MP233CAL3, STM32MP233DAJ3, STM32MP233DAK3, STM32MP233DAL3, STM32MP233FAJ3, STM32MP233FAK3, STM32MP233FAL3, STM32MP235AAJ3, STM32MP235AAK3, STM32MP235AAL3, STM32MP235CAJ3, STM32MP235CAK3, STM32MP235CAL3, STM32MP235DAJ3, STM32MP235DAK3, STM32MP235DAL3, STM32MP235FAJ3, STM32MP235FAK3, STM32MP235FAL3, STM32MP251AAI3, STM32MP251AAJ3, STM32MP251AAK3, STM32MP251AAL3, STM32MP251CAI3, STM32MP251CAJ3, STM32MP251CAK3, STM32MP251CAL3, STM32MP251DAI3, STM32MP251DAJ3, STM32MP251DAK3, STM32MP251DAL3, STM32MP251FAI3, STM32MP251FAJ3, STM32MP251FAK3, STM32MP251FAL3, STM32MP253AAI3, STM32MP253AAJ3, STM32MP253AAK3, STM32MP253AAL3, STM32MP253CAI3, STM32MP253CAJ3, STM32MP253CAK3, STM32MP253CAL3, STM32MP253DAI3, STM32MP253DAJ3, STM32MP253DAK3, STM32MP253DAL3, STM32MP253FAI3, STM32MP253FAJ3, STM32MP253FAK3, STM32MP253FAL3, STM32MP255AAI3, STM32MP255AAJ3, STM32MP255AAK3, STM32MP255AAL3, STM32MP255CAI3, STM32MP255CAJ3, STM32MP255CAK3, STM32MP255CAL3, STM32MP255DAI3, STM32MP255DAJ3, STM32MP255DAK3, STM32MP255DAL3, STM32MP255FAI3, STM32MP255FAJ3, STM32MP255FAK3, STM32MP255FAL3, STM32MP257AAI3, STM32MP257AAJ3, STM32MP257AAK3, STM32MP257AAL3, STM32MP257CAI3, STM32MP257CAJ3, STM32MP257CAK3, STM32MP257CAL3, STM32MP257DAI3, STM32MP257DAJ3, STM32MP257DAK3, STM32MP257DAL3, STM32MP257F-DK, STM32MP257F-EV1, STM32MP257FAI3, STM32MP257FAJ3, STM32MP257FAK3, STM32MP257FAL3, STM32N645A0H3Q, STM32N645B0H3Q, STM32N645I0H3Q, STM32N645L0H3Q, STM32N645X0H3Q, STM32N645Z0H3Q, STM32N647A0H3Q, STM32N647B0H3Q, STM32N647I0H3Q, STM32N647L0H3Q, STM32N647X0H3Q, STM32N647Z0H3Q, STM32N655A0H3Q, STM32N655B0H3Q, STM32N655I0H3Q, STM32N655L0H3Q, STM32N655X0H3Q, STM32N655Z0H3Q, STM32N6570-DK, STM32N657A0H3Q, STM32N657B0H3Q, STM32N657I0H3Q, STM32N657L0H3Q, STM32N657X0H3Q, STM32N657Z0H3Q, STM32U031C6T6, STM32U031C6U6, STM32U031C8T6, STM32U031C8U6, STM32U031F4P6, STM32U031F6P6, STM32U031F8P6, STM32U031G6Y6TR, STM32U031G8Y6TR, STM32U031K4U6, STM32U031K6U6, STM32U031K8U6, STM32U031R6I6, STM32U031R6T6, STM32U031R8I6, STM32U031R8T6, STM32U073C8T6, STM32U073C8U6, STM32U073CBT6, STM32U073CBU6, STM32U073CCT6, STM32U073CCU6, STM32U073H8Y6TR, STM32U073HBY6TR, STM32U073HCY6TR, STM32U073K8U6, STM32U073KBU6, STM32U073KCU6, STM32U073M8I6, STM32U073M8T6, STM32U073MBI6, STM32U073MBT6, STM32U073MCI6, STM32U073MCT6, STM32U073R8I6, STM32U073R8T6, STM32U073RBI6, STM32U073RBT6, STM32U073RCI6, STM32U073RCT6, STM32U083C-DK, STM32U083CCT6, STM32U083CCU6, STM32U083HCY6TR, STM32U083KCU6, STM32U083MCI6, STM32U083MCT6, STM32U083RCI6, STM32U083RCT6, STM32U375CET6, STM32U375CET6Q, STM32U375CEU6, STM32U375CEU6Q, STM32U375CEY6QTR, STM32U375CGT6, STM32U375CGT6Q, STM32U375CGU6, STM32U375CGU6Q, STM32U375CGY6QTR, STM32U375KEU6, STM32U375KGU6, STM32U375REI6, STM32U375REI6Q, STM32U375RET6, STM32U375RET6Q, STM32U375REY6GTR, STM32U375REY6QTR, STM32U375RGI6, STM32U375RGI6Q, STM32U375RGT6, STM32U375RGT6Q, STM32U375RGY6GTR, STM32U375RGY6QTR, STM32U375VEI6, STM32U375VEI6Q, STM32U375VET6, STM32U375VET6Q, STM32U375VGI6, STM32U375VGI6Q, STM32U375VGT6, STM32U375VGT6Q, STM32U385CGT6, STM32U385CGT6Q, STM32U385CGU6, STM32U385CGU6Q, STM32U385CGY6QTR, STM32U385KGU6, STM32U385RGI6, STM32U385RGI6Q, STM32U385RGT6, STM32U385RGT6Q, STM32U385RGY6GTR, STM32U385RGY6QTR, STM32U385VGI6, STM32U385VGI6Q, STM32U385VGT6, STM32U385VGT6Q, STM32U535CBT6, STM32U535CBT6Q, STM32U535CBU6, STM32U535CBU6Q, STM32U535CCT6, STM32U535CCT6Q, STM32U535CCU6, STM32U535CCU6Q, STM32U535CET6, STM32U535CET6Q, STM32U535CEU6, STM32U535CEU6Q, STM32U535JEY6QTR, STM32U535NCY6QTR, STM32U535NEY6QTR, STM32U535RBI6, STM32U535RBI6Q, STM32U535RBT6, STM32U535RBT6Q, STM32U535RCI6, STM32U535RCI6Q, STM32U535RCT6, STM32U535RCT6Q, STM32U535REI6, STM32U535REI6Q, STM32U535RET6, STM32U535RET6Q, STM32U535VCI6, STM32U535VCI6Q, STM32U535VCT6, STM32U535VCT6Q, STM32U535VEI6, STM32U535VEI6Q, STM32U535VET6, STM32U535VET6Q, STM32U545CET6, STM32U545CET6Q, STM32U545CEU6, STM32U545CEU6Q, STM32U545JEY6QTR, STM32U545NEY6QTR, STM32U545REI6, STM32U545REI6Q, STM32U545RET6, STM32U545RET6Q, STM32U545VEI6, STM32U545VEI6Q, STM32U545VET6, STM32U545VET6Q, STM32U595AIH6, STM32U595AIH6Q, STM32U595AJH6, STM32U595AJH6Q, STM32U595QII6, STM32U595QII6Q, STM32U595QJI6, STM32U595QJI6Q, STM32U595RIT6, STM32U595RIT6Q, STM32U595RJT6, STM32U595RJT6Q, STM32U595VIT6, STM32U595VIT6Q, STM32U595VJT6, STM32U595VJT6Q, STM32U595ZIT6, STM32U595ZIT6Q, STM32U595ZIY6QTR, STM32U595ZJT6, STM32U595ZJT6Q, STM32U595ZJY6QTR, STM32U599BJY6QTR, STM32U599NIH6Q, STM32U599NJH6Q, STM32U599VIT6Q, STM32U599VJT6, STM32U599VJT6Q, STM32U599ZIT6Q, STM32U599ZIY6QTR, STM32U599ZJT6Q, STM32U599ZJY6QTR, STM32U5A5AJH6, STM32U5A5AJH6Q, STM32U5A5QII3Q , STM32U5A5QJI6, STM32U5A5QJI6Q, STM32U5A5RJT6, STM32U5A5RJT6Q, STM32U5A5VJT6, STM32U5A5VJT6Q, STM32U5A5ZJT6, STM32U5A5ZJT6Q, STM32U5A5ZJY6QTR, STM32U5A9BJY6QTR, STM32U5A9J-DK, STM32U5A9NJH6Q, STM32U5A9VJT6Q, STM32U5A9ZJT6Q, STM32U5A9ZJY6QTR, STM32U5F7VIT6, STM32U5F7VIT6Q, STM32U5F7VJT6, STM32U5F7VJT6Q, STM32U5F9BJY6QTR, STM32U5F9NJH6Q, STM32U5F9VIT6Q, STM32U5F9VJT6Q, STM32U5F9ZIJ6QTR, STM32U5F9ZIT6Q, STM32U5F9ZJJ6QTR, STM32U5F9ZJT6Q, STM32U5G7VJT6, STM32U5G7VJT6Q, STM32U5G9BJY6QTR, STM32U5G9J-DK1, STM32U5G9J-DK2, STM32U5G9NJH6Q, STM32U5G9VJT6Q, STM32U5G9ZJJ6QTR, STM32U5G9ZJT6Q, STM32WB05KZV6TR, STM32WB05KZV7TR, STM32WB05TZF6TR, STM32WB05TZF7TR, STM32WB06CCF6TR, STM32WB06CCF7TR, STM32WB06CCV6TR, STM32WB06CCV7TR, STM32WB06KCV6TR, STM32WB06KCV7TR, STM32WB07CCF6TR, STM32WB07CCF7TR, STM32WB07CCV6TR, STM32WB07CCV7TR, STM32WB07KCV6TR, STM32WB07KCV7TR, STM32WB09KEV6TR, STM32WB09KEV7TR, STM32WB09TEF6TR, STM32WB09TEF7TR, STM32WB1MMCH6, STM32WBA50KGU6, STM32WBA50KGU6TR, STM32WBA52CEU6, STM32WBA52CEU6TR, STM32WBA52CEU7, STM32WBA52CEU7TR, STM32WBA52CGU6, STM32WBA52CGU6TR, STM32WBA52CGU6U, STM32WBA52CGU7, STM32WBA52CGU7TR, STM32WBA52KEU6, STM32WBA52KEU6TR, STM32WBA52KGU6, STM32WBA52KGU6TR, STM32WBA54CEU6, STM32WBA54CEU6TR, STM32WBA54CEU7, STM32WBA54CEU7TR, STM32WBA54CGU6, STM32WBA54CGU6TR, STM32WBA54CGU7, STM32WBA54CGU7TR, STM32WBA54KEU6, STM32WBA54KEU6TR, STM32WBA54KEU7, STM32WBA54KEU7TR, STM32WBA54KGU6, STM32WBA54KGU6TR, STM32WBA54KGU7, STM32WBA54KGU7TR, STM32WBA55CEU6, STM32WBA55CEU6TR, STM32WBA55CEU7, STM32WBA55CEU7TR, STM32WBA55CGU6, STM32WBA55CGU6TR, STM32WBA55CGU6U, STM32WBA55CGU7, STM32WBA55CGU7TR, STM32WBA55G-DK1, STM32WBA55HEF6, STM32WBA55HEF7, STM32WBA55HGF6, STM32WBA55HGF7, STM32WBA55UEI6, STM32WBA55UEI6TR, STM32WBA55UEI7, STM32WBA55UEI7TR, STM32WBA55UGI6, STM32WBA55UGI6TR, STM32WBA55UGI7, STM32WBA55UGI7TR, STM32WBA5MJGH6TR, STM32WBA62CGU6, STM32WBA62CIU6, STM32WBA62MGF6, STM32WBA62MIF6, STM32WBA62PGI6, STM32WBA62PII6, STM32WBA63CGU6, STM32WBA63CGU7, STM32WBA63CIU6, STM32WBA63CIU7, STM32WBA64CGU6, STM32WBA64CGU7, STM32WBA64CIU6, STM32WBA64CIU7, STM32WBA65CGU6, STM32WBA65CGU7, STM32WBA65CIU6, STM32WBA65CIU7, STM32WBA65I-DK1, STM32WBA65MGF6, STM32WBA65MGF7, STM32WBA65MIF6, STM32WBA65MIF7, STM32WBA65PGI6, STM32WBA65PGI7, STM32WBA65PII6, STM32WBA65PII7, STM32WBA65RGV6, STM32WBA65RGV7, STM32WBA65RIV6, STM32WBA65RIV7, STM32WL30K8V6, STM32WL30KBV6, STM32WL31C8V6, STM32WL31CBV6, STM32WL31K8V6, STM32WL31KBV6, STM32WL33C8V6, STM32WL33C8V6TR, STM32WL33C8V7, STM32WL33C8V7TR, STM32WL33CBV6, STM32WL33CBV6TR, STM32WL33CBV7, STM32WL33CBV7TR, STM32WL33CCV6, STM32WL33CCV6TR, STM32WL33CCV7, STM32WL33CCV7A, STM32WL33CCV7ATR, STM32WL33CCV7TR, STM32WL33K8V6, STM32WL33K8V6TR, STM32WL33K8V7, STM32WL33K8V7TR, STM32WL33KBV6, STM32WL33KBV6TR, STM32WL33KBV7, STM32WL33KBV7TR, STM32WL33KCV6, STM32WL33KCV6TR, STM32WL33KCV7, STM32WL33KCV7TR, STM32WL5MOCH6, STM32WL5MOCH6TR]
2026-06-03 10:58:57,576 [INFO] ApiDb:668 - CubeFinder database Data Model version=2.1
2026-06-03 10:58:57,576 [INFO] ApiDb:669 - CubeFinder database Configuration version=3.0.42
2026-06-03 10:58:57,576 [INFO] ApiDb:670 - CubeFinder database generation date=2026-05-06 (1778060171)
2026-06-03 10:58:57,576 [INFO] ApiDb:671 - CubeFinder database FW Pack versions=[FP-ATR-ASTRA1_V2.0.0, FP-SNS-FLIGHT1_V5.1.0, FP-SNS-MOTENV1_V5.1.0, FP-SNS-MOTENVWB1_V1.5.0, FP-SNS-SMARTAG2_V1.2.0, FP-SNS-STBOX1_V2.1.0, STM32Cube_FW_C0_V1.4.0, STM32Cube_FW_F4_V1.28.3, STM32Cube_FW_F7_V1.17.4, STM32Cube_FW_G0_V1.6.3, STM32Cube_FW_G4_V1.6.2, STM32Cube_FW_H5_V1.6.0, STM32Cube_FW_H7RS_V1.3.0, STM32Cube_FW_H7_V1.13.0, STM32Cube_FW_L0_V1.12.2, STM32Cube_FW_L4_V1.18.2, STM32Cube_FW_L5_V1.6.0, STM32Cube_FW_N6_V1.3.0, STM32Cube_FW_U0_V1.3.0, STM32Cube_FW_U3_V1.3.0, STM32Cube_FW_U5_V1.8.0, STM32Cube_FW_WB0_V1.4.0, STM32Cube_FW_WBA_V1.9.0, STM32Cube_FW_WB_V1.24.0, STM32Cube_FW_WL3_V1.4.0, STM32Cube_FW_WL_V1.5.0, X-CUBE-ALGOBUILD_V1.4.0, X-CUBE-ALS_V1.0.2, X-CUBE-AZRTOS-F4_V1.1.0, X-CUBE-AZRTOS-F7_V1.1.0, X-CUBE-AZRTOS-G0_V1.1.0, X-CUBE-AZRTOS-G4_V2.0.0, X-CUBE-AZRTOS-H7RS_V1.1.0, X-CUBE-AZRTOS-H7_V3.5.0, X-CUBE-AZRTOS-L4_V2.0.0, X-CUBE-AZRTOS-L5_V2.0.0, X-CUBE-AZRTOS-WB_V2.0.0, X-CUBE-AZRTOS-WL_V2.0.0, X-CUBE-BLE1_V7.1.0, X-CUBE-BLE2_V3.3.0, X-CUBE-BLEMGR_V4.1.0, X-CUBE-EEPRMA1_V5.2.0, X-CUBE-FREERTOS_V1.5.0, X-CUBE-GNSS1_V6.0.0, X-CUBE-MEMS1_V12.0.0, X-CUBE-NFC4_V3.0.0, X-CUBE-NFC7_V2.0.0, X-CUBE-SFXS2LP1_V4.0.0, X-CUBE-ST67W61_V1.2.0, X-CUBE-SUBG2_V5.0.0, X-CUBE-TOF1_V3.4.3]
2026-06-03 10:59:02,325 [INFO] ApiDb:240 - Found 895 in-development CPN: [B-G473E-ZEST1S, B-WB1M-WPAN1, B-WBA5M-WPAN, B-WL5M-SUBG1, NUCLEO-C031C6, NUCLEO-C051C8, NUCLEO-C071RB, NUCLEO-C092RC, NUCLEO-H503RB, NUCLEO-H533RE, NUCLEO-H563ZI, NUCLEO-H7S3L8, NUCLEO-N657X0-Q, NUCLEO-U031R8, NUCLEO-U083RC, NUCLEO-U385RG-Q, NUCLEO-U545RE-Q, NUCLEO-U5A5ZJ-Q, NUCLEO-WB05KZ, NUCLEO-WB07CC, NUCLEO-WB09KE, NUCLEO-WBA52CG, NUCLEO-WBA55CG, NUCLEO-WBA65RI, NUCLEO-WL33CC1, NUCLEO-WL33CC2, STEVAL-PROTEUS1, STEVAL-SMARTAG2, STEVAL-STWINBX1, STM320518-EVAL, STM32C0116-DK, STM32C011D6Y3TR, STM32C011D6Y6TR, STM32C011F4P3, STM32C011F4P6, STM32C011F4U3, STM32C011F4U6TR, STM32C011F6P3, STM32C011F6P6, STM32C011F6U3, STM32C011F6U6TR, STM32C011J4M3, STM32C011J4M6, STM32C011J6M3, STM32C011J6M6, STM32C0316-DK, STM32C031C4T3, STM32C031C4T6, STM32C031C4U3, STM32C031C4U6, STM32C031C6T3, STM32C031C6T6, STM32C031C6U3, STM32C031C6U6, STM32C031F4P3, STM32C031F4P6, STM32C031F6P3, STM32C031F6P6, STM32C031G4U3, STM32C031G4U6, STM32C031G6U3, STM32C031G6U6, STM32C031K4T3, STM32C031K4T6, STM32C031K4U3, STM32C031K4U6, STM32C031K6T3, STM32C031K6T6, STM32C031K6U3, STM32C031K6U6, STM32C051C6T6, STM32C051C6U6, STM32C051C8T6, STM32C051C8U6, STM32C051D8Y6TR, STM32C051F6P6, STM32C051F8P6, STM32C051G6U6, STM32C051G8U6, STM32C051K6T6, STM32C051K6U6, STM32C051K8T6, STM32C071C8T6, STM32C071C8T6N, STM32C071C8U6, STM32C071C8U6N, STM32C071CBT6, STM32C071CBT6N, STM32C071CBU6, STM32C071CBU6N, STM32C071F8P6, STM32C071F8P6N, STM32C071FBP6, STM32C071FBP6N, STM32C071FBY6TR, STM32C071G8U6, STM32C071G8U6N, STM32C071GBU6, STM32C071GBU6N, STM32C071K8T6, STM32C071K8T6N, STM32C071K8U6, STM32C071K8U6N, STM32C071KBT6, STM32C071KBT6N, STM32C071KBU6, STM32C071KBU6N, STM32C071R8T6, STM32C071R8T6N, STM32C071RBI6N, STM32C071RBT6, STM32C071RBT6N, STM32C091CBT6, STM32C091CBU6, STM32C091CCT6, STM32C091CCU6, STM32C091ECY6TR, STM32C091FBP6, STM32C091FCP6, STM32C091GBU6, STM32C091GCU6, STM32C091KBT6, STM32C091KBU6, STM32C091KCT6, STM32C091KCU6, STM32C091RBT6, STM32C091RCI6, STM32C091RCT6, STM32C092CBT6, STM32C092CBU6, STM32C092CCT6, STM32C092CCU6, STM32C092ECY6TR, STM32C092FBP6, STM32C092FCP6, STM32C092GBU6, STM32C092GCU6, STM32C092KBT6, STM32C092KBU6, STM32C092KCT6, STM32C092KCU6, STM32C092RBT6, STM32C092RCI6, STM32C092RCT6, STM32G071K8TXN, STM32G071K8UXN, STM32G081GBU6N, STM32G081KBT6N, STM32G081KBUXN, STM32G0B1CCT6N, STM32G0B1KCT6, STM32G0B1NEY6TR, STM32G0B1RCT6N, STM32G0C1CCT6, STM32G0C1CCT6N, STM32G0C1CCU6N, STM32G0C1CET6N, STM32G0C1CEU6N, STM32G0C1KCT6, STM32G0C1NEY6TR, STM32G0C1RCI6N, STM32G0C1RCT6N, STM32G0C1REI6N, STM32G0C1RET6N, STM32G0C1VCI6, STM32G0C1VEI6, STM32G411C6T3, STM32G411C6T6, STM32G411C6U3, STM32G411C6U6, STM32G411C8T3, STM32G411C8T6, STM32G411C8U3, STM32G411C8U6, STM32G411CBT3, STM32G411CBT6, STM32G411CBU3, STM32G411CBU6, STM32G411CCT3, STM32G411CCT6, STM32G411CCU3, STM32G411CCU6, STM32G411K6T3, STM32G411K6T6, STM32G411K6U3, STM32G411K6U6, STM32G411K8T3, STM32G411K8T6, STM32G411K8U3, STM32G411K8U6, STM32G411KBT3, STM32G411KBT6, STM32G411KBU3, STM32G411KBU6, STM32G411M6T3, STM32G411M6T6, STM32G411M8T3, STM32G411M8T6, STM32G411MBT3, STM32G411MBT6, STM32G411MCT3, STM32G411MCT6, STM32G411R6T3, STM32G411R6T6, STM32G411R8T3, STM32G411R8T6, STM32G411RBT3, STM32G411RBT6, STM32G411RCT3, STM32G411RCT6, STM32G414CBT3, STM32G414CBT6, STM32G414CBU3, STM32G414CBU6, STM32G414CCT3, STM32G414CCT6, STM32G414CCU3, STM32G414CCU6, STM32G414MBT3, STM32G414MBT6, STM32G414MCT3, STM32G414MCT6, STM32G414RBT3, STM32G414RBT6, STM32G414RCT3, STM32G414RCT6, STM32G414VBT3, STM32G414VBT6, STM32G414VCT3, STM32G414VCT6, STM32G431CBT3Z, STM32G431RBT3Z, STM32G471CCT6, STM32G471CCU6, STM32G471CET3, STM32G471CET6, STM32G471CEU3, STM32G471CEU6, STM32G471MCT6, STM32G471MET3, STM32G471MET6, STM32G471MEY6TR, STM32G471QCT6, STM32G471QET3, STM32G471RCT6, STM32G471RET3, STM32G471RET6, STM32G471VCH6, STM32G471VCI6, STM32G471VCT6, STM32G471VEH3, STM32G471VEH6, STM32G471VEI3, STM32G471VEI6, STM32G471VET3, STM32G471VET6, STM32G473QET3Z, STM32G473RET3Z, STM32G474CCT6, STM32G491RET3Z, STM32H503CBT6, STM32H503CBU6, STM32H503EBY6TR, STM32H503KBU6, STM32H503RBT6, STM32H523CCT6, STM32H523CCU6, STM32H523CET6, STM32H523CEU6, STM32H523HEY6TR, STM32H523RCT6, STM32H523RET6, STM32H523VCI6, STM32H523VCT6, STM32H523VEI6, STM32H523VET6, STM32H523ZCJ6, STM32H523ZCT6, STM32H523ZEJ6, STM32H523ZET6, STM32H533CET6, STM32H533CEU6, STM32H533HEY6TR, STM32H533RET6, STM32H533VEI6, STM32H533VET6, STM32H533ZEJ6, STM32H533ZET6, STM32H562AGI6, STM32H562AII6, STM32H562IGK6, STM32H562IGT6, STM32H562IIK6, STM32H562IIT6, STM32H562RGT6, STM32H562RGV6, STM32H562RIT6, STM32H562RIV6, STM32H562VGT6, STM32H562VIT6, STM32H562ZGT6, STM32H562ZIT6, STM32H563AGI6, STM32H563AII3Q, STM32H563AII6, STM32H563IGK6, STM32H563IGT6, STM32H563IIK3Q, STM32H563IIK6, STM32H563IIT3Q, STM32H563IIT6, STM32H563MIY3QTR, STM32H563RGT6, STM32H563RGV6, STM32H563RIT6, STM32H563RIV6, STM32H563VGT6, STM32H563VIT3Q, STM32H563VIT6, STM32H563ZGT6, STM32H563ZIT3Q, STM32H563ZIT6, STM32H573AII3Q, STM32H573AII6, STM32H573I-DK, STM32H573IIK3Q, STM32H573IIK6, STM32H573IIT3Q, STM32H573IIT6, STM32H573MIY3QTR, STM32H573RIT6, STM32H573RIV6, STM32H573VIT3Q, STM32H573VIT6, STM32H573ZIT3Q, STM32H573ZIT6, STM32H7R3A8I6, STM32H7R3I8K6, STM32H7R3I8T6, STM32H7R3L8H6, STM32H7R3L8H6H, STM32H7R3R8V6, STM32H7R3V8H6, STM32H7R3V8T6, STM32H7R3V8Y6TR, STM32H7R3Z8J6, STM32H7R3Z8T6, STM32H7R7A8I6, STM32H7R7I8K6, STM32H7R7I8T6, STM32H7R7L8H6, STM32H7R7L8H6H, STM32H7R7Z8J6, STM32H7S3A8I6, STM32H7S3I8K6, STM32H7S3I8T6, STM32H7S3L8H6, STM32H7S3L8H6H, STM32H7S3R8V6, STM32H7S3V8H6, STM32H7S3V8T6, STM32H7S3V8Y6TR, STM32H7S3Z8J6, STM32H7S3Z8T6, STM32H7S78-DK, STM32H7S7A8I6, STM32H7S7I8K6, STM32H7S7I8T6, STM32H7S7L8H6, STM32H7S7L8H6H, STM32H7S7Z8J6, STM32L4R5QGI6STR, STM32MP131AAE3, STM32MP131AAF3, STM32MP131AAG3, STM32MP131CAE3, STM32MP131CAF3, STM32MP131CAG3, STM32MP131DAE7, STM32MP131DAF7, STM32MP131DAG7, STM32MP131FAE7, STM32MP131FAF7, STM32MP131FAG7, STM32MP133AAE3, STM32MP133AAF3, STM32MP133AAG3, STM32MP133CAE3, STM32MP133CAF3, STM32MP133CAG3, STM32MP133DAE7, STM32MP133DAF7, STM32MP133DAG7, STM32MP133FAE7, STM32MP133FAF7, STM32MP133FAG7, STM32MP135AAE3, STM32MP135AAF3, STM32MP135AAG3, STM32MP135CAE3, STM32MP135CAF3, STM32MP135CAG3, STM32MP135DAE7, STM32MP135DAF7, STM32MP135DAG7, STM32MP135F-DK, STM32MP135FAE7, STM32MP135FAF7, STM32MP135FAF7T, STM32MP135FAF7U, STM32MP135FAG7, STM32MP231AAJ3, STM32MP231AAK3, STM32MP231AAL3, STM32MP231CAJ3, STM32MP231CAK3, STM32MP231CAL3, STM32MP231DAJ3, STM32MP231DAK3, STM32MP231DAL3, STM32MP231FAJ3, STM32MP231FAK3, STM32MP231FAL3, STM32MP233AAJ3, STM32MP233AAK3, STM32MP233AAL3, STM32MP233CAJ3, STM32MP233CAK3, STM32MP233CAL3, STM32MP233DAJ3, STM32MP233DAK3, STM32MP233DAL3, STM32MP233FAJ3, STM32MP233FAK3, STM32MP233FAL3, STM32MP235AAJ3, STM32MP235AAK3, STM32MP235AAL3, STM32MP235CAJ3, STM32MP235CAK3, STM32MP235CAL3, STM32MP235DAJ3, STM32MP235DAK3, STM32MP235DAL3, STM32MP235FAJ3, STM32MP235FAK3, STM32MP235FAL3, STM32MP251AAI3, STM32MP251AAJ3, STM32MP251AAK3, STM32MP251AAL3, STM32MP251CAI3, STM32MP251CAJ3, STM32MP251CAK3, STM32MP251CAL3, STM32MP251DAI3, STM32MP251DAJ3, STM32MP251DAK3, STM32MP251DAL3, STM32MP251FAI3, STM32MP251FAJ3, STM32MP251FAK3, STM32MP251FAL3, STM32MP253AAI3, STM32MP253AAJ3, STM32MP253AAK3, STM32MP253AAL3, STM32MP253CAI3, STM32MP253CAJ3, STM32MP253CAK3, STM32MP253CAL3, STM32MP253DAI3, STM32MP253DAJ3, STM32MP253DAK3, STM32MP253DAL3, STM32MP253FAI3, STM32MP253FAJ3, STM32MP253FAK3, STM32MP253FAL3, STM32MP255AAI3, STM32MP255AAJ3, STM32MP255AAK3, STM32MP255AAL3, STM32MP255CAI3, STM32MP255CAJ3, STM32MP255CAK3, STM32MP255CAL3, STM32MP255DAI3, STM32MP255DAJ3, STM32MP255DAK3, STM32MP255DAL3, STM32MP255FAI3, STM32MP255FAJ3, STM32MP255FAK3, STM32MP255FAL3, STM32MP257AAI3, STM32MP257AAJ3, STM32MP257AAK3, STM32MP257AAL3, STM32MP257CAI3, STM32MP257CAJ3, STM32MP257CAK3, STM32MP257CAL3, STM32MP257DAI3, STM32MP257DAJ3, STM32MP257DAK3, STM32MP257DAL3, STM32MP257F-DK, STM32MP257F-EV1, STM32MP257FAI3, STM32MP257FAJ3, STM32MP257FAK3, STM32MP257FAL3, STM32N645A0H3Q, STM32N645B0H3Q, STM32N645I0H3Q, STM32N645L0H3Q, STM32N645X0H3Q, STM32N645Z0H3Q, STM32N647A0H3Q, STM32N647B0H3Q, STM32N647I0H3Q, STM32N647L0H3Q, STM32N647X0H3Q, STM32N647Z0H3Q, STM32N655A0H3Q, STM32N655B0H3Q, STM32N655I0H3Q, STM32N655L0H3Q, STM32N655X0H3Q, STM32N655Z0H3Q, STM32N6570-DK, STM32N657A0H3Q, STM32N657B0H3Q, STM32N657I0H3Q, STM32N657L0H3Q, STM32N657X0H3Q, STM32N657Z0H3Q, STM32U031C6T6, STM32U031C6U6, STM32U031C8T6, STM32U031C8U6, STM32U031F4P6, STM32U031F6P6, STM32U031F8P6, STM32U031G6Y6TR, STM32U031G8Y6TR, STM32U031K4U6, STM32U031K6U6, STM32U031K8U6, STM32U031R6I6, STM32U031R6T6, STM32U031R8I6, STM32U031R8T6, STM32U073C8T6, STM32U073C8U6, STM32U073CBT6, STM32U073CBU6, STM32U073CCT6, STM32U073CCU6, STM32U073H8Y6TR, STM32U073HBY6TR, STM32U073HCY6TR, STM32U073K8U6, STM32U073KBU6, STM32U073KCU6, STM32U073M8I6, STM32U073M8T6, STM32U073MBI6, STM32U073MBT6, STM32U073MCI6, STM32U073MCT6, STM32U073R8I6, STM32U073R8T6, STM32U073RBI6, STM32U073RBT6, STM32U073RCI6, STM32U073RCT6, STM32U083C-DK, STM32U083CCT6, STM32U083CCU6, STM32U083HCY6TR, STM32U083KCU6, STM32U083MCI6, STM32U083MCT6, STM32U083RCI6, STM32U083RCT6, STM32U375CET6, STM32U375CET6Q, STM32U375CEU6, STM32U375CEU6Q, STM32U375CEY6QTR, STM32U375CGT6, STM32U375CGT6Q, STM32U375CGU6, STM32U375CGU6Q, STM32U375CGY6QTR, STM32U375KEU6, STM32U375KGU6, STM32U375REI6, STM32U375REI6Q, STM32U375RET6, STM32U375RET6Q, STM32U375REY6GTR, STM32U375REY6QTR, STM32U375RGI6, STM32U375RGI6Q, STM32U375RGT6, STM32U375RGT6Q, STM32U375RGY6GTR, STM32U375RGY6QTR, STM32U375VEI6, STM32U375VEI6Q, STM32U375VET6, STM32U375VET6Q, STM32U375VGI6, STM32U375VGI6Q, STM32U375VGT6, STM32U375VGT6Q, STM32U385CGT6, STM32U385CGT6Q, STM32U385CGU6, STM32U385CGU6Q, STM32U385CGY6QTR, STM32U385KGU6, STM32U385RGI6, STM32U385RGI6Q, STM32U385RGT6, STM32U385RGT6Q, STM32U385RGY6GTR, STM32U385RGY6QTR, STM32U385VGI6, STM32U385VGI6Q, STM32U385VGT6, STM32U385VGT6Q, STM32U535CBT6, STM32U535CBT6Q, STM32U535CBU6, STM32U535CBU6Q, STM32U535CCT6, STM32U535CCT6Q, STM32U535CCU6, STM32U535CCU6Q, STM32U535CET6, STM32U535CET6Q, STM32U535CEU6, STM32U535CEU6Q, STM32U535JEY6QTR, STM32U535NCY6QTR, STM32U535NEY6QTR, STM32U535RBI6, STM32U535RBI6Q, STM32U535RBT6, STM32U535RBT6Q, STM32U535RCI6, STM32U535RCI6Q, STM32U535RCT6, STM32U535RCT6Q, STM32U535REI6, STM32U535REI6Q, STM32U535RET6, STM32U535RET6Q, STM32U535VCI6, STM32U535VCI6Q, STM32U535VCT6, STM32U535VCT6Q, STM32U535VEI6, STM32U535VEI6Q, STM32U535VET6, STM32U535VET6Q, STM32U545CET6, STM32U545CET6Q, STM32U545CEU6, STM32U545CEU6Q, STM32U545JEY6QTR, STM32U545NEY6QTR, STM32U545REI6, STM32U545REI6Q, STM32U545RET6, STM32U545RET6Q, STM32U545VEI6, STM32U545VEI6Q, STM32U545VET6, STM32U545VET6Q, STM32U595AIH6, STM32U595AIH6Q, STM32U595AJH6, STM32U595AJH6Q, STM32U595QII6, STM32U595QII6Q, STM32U595QJI6, STM32U595QJI6Q, STM32U595RIT6, STM32U595RIT6Q, STM32U595RJT6, STM32U595RJT6Q, STM32U595VIT6, STM32U595VIT6Q, STM32U595VJT6, STM32U595VJT6Q, STM32U595ZIT6, STM32U595ZIT6Q, STM32U595ZIY6QTR, STM32U595ZJT6, STM32U595ZJT6Q, STM32U595ZJY6QTR, STM32U599BJY6QTR, STM32U599NIH6Q, STM32U599NJH6Q, STM32U599VIT6Q, STM32U599VJT6, STM32U599VJT6Q, STM32U599ZIT6Q, STM32U599ZIY6QTR, STM32U599ZJT6Q, STM32U599ZJY6QTR, STM32U5A5AJH6, STM32U5A5AJH6Q, STM32U5A5QII3Q , STM32U5A5QJI6, STM32U5A5QJI6Q, STM32U5A5RJT6, STM32U5A5RJT6Q, STM32U5A5VJT6, STM32U5A5VJT6Q, STM32U5A5ZJT6, STM32U5A5ZJT6Q, STM32U5A5ZJY6QTR, STM32U5A9BJY6QTR, STM32U5A9J-DK, STM32U5A9NJH6Q, STM32U5A9VJT6Q, STM32U5A9ZJT6Q, STM32U5A9ZJY6QTR, STM32U5F7VIT6, STM32U5F7VIT6Q, STM32U5F7VJT6, STM32U5F7VJT6Q, STM32U5F9BJY6QTR, STM32U5F9NJH6Q, STM32U5F9VIT6Q, STM32U5F9VJT6Q, STM32U5F9ZIJ6QTR, STM32U5F9ZIT6Q, STM32U5F9ZJJ6QTR, STM32U5F9ZJT6Q, STM32U5G7VJT6, STM32U5G7VJT6Q, STM32U5G9BJY6QTR, STM32U5G9J-DK1, STM32U5G9J-DK2, STM32U5G9NJH6Q, STM32U5G9VJT6Q, STM32U5G9ZJJ6QTR, STM32U5G9ZJT6Q, STM32WB05KZV6TR, STM32WB05KZV7TR, STM32WB05TZF6TR, STM32WB05TZF7TR, STM32WB06CCF6TR, STM32WB06CCF7TR, STM32WB06CCV6TR, STM32WB06CCV7TR, STM32WB06KCV6TR, STM32WB06KCV7TR, STM32WB07CCF6TR, STM32WB07CCF7TR, STM32WB07CCV6TR, STM32WB07CCV7TR, STM32WB07KCV6TR, STM32WB07KCV7TR, STM32WB09KEV6TR, STM32WB09KEV7TR, STM32WB09TEF6TR, STM32WB09TEF7TR, STM32WB1MMCH6, STM32WBA50KGU6, STM32WBA50KGU6TR, STM32WBA52CEU6, STM32WBA52CEU6TR, STM32WBA52CEU7, STM32WBA52CEU7TR, STM32WBA52CGU6, STM32WBA52CGU6TR, STM32WBA52CGU6U, STM32WBA52CGU7, STM32WBA52CGU7TR, STM32WBA52KEU6, STM32WBA52KEU6TR, STM32WBA52KGU6, STM32WBA52KGU6TR, STM32WBA54CEU6, STM32WBA54CEU6TR, STM32WBA54CEU7, STM32WBA54CEU7TR, STM32WBA54CGU6, STM32WBA54CGU6TR, STM32WBA54CGU7, STM32WBA54CGU7TR, STM32WBA54KEU6, STM32WBA54KEU6TR, STM32WBA54KEU7, STM32WBA54KEU7TR, STM32WBA54KGU6, STM32WBA54KGU6TR, STM32WBA54KGU7, STM32WBA54KGU7TR, STM32WBA55CEU6, STM32WBA55CEU6TR, STM32WBA55CEU7, STM32WBA55CEU7TR, STM32WBA55CGU6, STM32WBA55CGU6TR, STM32WBA55CGU6U, STM32WBA55CGU7, STM32WBA55CGU7TR, STM32WBA55G-DK1, STM32WBA55HEF6, STM32WBA55HEF7, STM32WBA55HGF6, STM32WBA55HGF7, STM32WBA55UEI6, STM32WBA55UEI6TR, STM32WBA55UEI7, STM32WBA55UEI7TR, STM32WBA55UGI6, STM32WBA55UGI6TR, STM32WBA55UGI7, STM32WBA55UGI7TR, STM32WBA5MJGH6TR, STM32WBA62CGU6, STM32WBA62CIU6, STM32WBA62MGF6, STM32WBA62MIF6, STM32WBA62PGI6, STM32WBA62PII6, STM32WBA63CGU6, STM32WBA63CGU7, STM32WBA63CIU6, STM32WBA63CIU7, STM32WBA64CGU6, STM32WBA64CGU7, STM32WBA64CIU6, STM32WBA64CIU7, STM32WBA65CGU6, STM32WBA65CGU7, STM32WBA65CIU6, STM32WBA65CIU7, STM32WBA65I-DK1, STM32WBA65MGF6, STM32WBA65MGF7, STM32WBA65MIF6, STM32WBA65MIF7, STM32WBA65PGI6, STM32WBA65PGI7, STM32WBA65PII6, STM32WBA65PII7, STM32WBA65RGV6, STM32WBA65RGV7, STM32WBA65RIV6, STM32WBA65RIV7, STM32WL30K8V6, STM32WL30KBV6, STM32WL31C8V6, STM32WL31CBV6, STM32WL31K8V6, STM32WL31KBV6, STM32WL33C8V6, STM32WL33C8V6TR, STM32WL33C8V7, STM32WL33C8V7TR, STM32WL33CBV6, STM32WL33CBV6TR, STM32WL33CBV7, STM32WL33CBV7TR, STM32WL33CCV6, STM32WL33CCV6TR, STM32WL33CCV7, STM32WL33CCV7A, STM32WL33CCV7ATR, STM32WL33CCV7TR, STM32WL33K8V6, STM32WL33K8V6TR, STM32WL33K8V7, STM32WL33K8V7TR, STM32WL33KBV6, STM32WL33KBV6TR, STM32WL33KBV7, STM32WL33KBV7TR, STM32WL33KCV6, STM32WL33KCV6TR, STM32WL33KCV7, STM32WL33KCV7TR, STM32WL5MOCH6, STM32WL5MOCH6TR]
2026-06-03 10:59:02,338 [INFO] DbMcus:218 - Found 5082 MCUs, 4964 are supported
2026-06-03 10:59:02,340 [INFO] ApiDb:423 - Load user favorites file C:\Users\hp/.stm32cubeide/favorites.mcus.txt: 0 item(s)
2026-06-03 10:59:02,340 [INFO] ApiDb:427 - User favorites MCUs=[]
2026-06-03 10:59:02,341 [INFO] DbMcus:224 - Set 0 / 0 favorites MCUs
2026-06-03 10:59:03,903 [INFO] BoardInfo:889 - No configuration file found for board NUCLEO-H5E5ZJ
2026-06-03 10:59:03,905 [INFO] DbBoards:161 - Board is not supported: NUCLEO-H5E5ZJ
2026-06-03 10:59:04,068 [INFO] BoardInfo:889 - No configuration file found for board NUCLEO-U3C5ZI-Q
2026-06-03 10:59:04,071 [INFO] DbBoards:161 - Board is not supported: NUCLEO-U3C5ZI-Q
2026-06-03 10:59:04,116 [INFO] BoardInfo:889 - No configuration file found for board NUCLEO-WBA25CE1
2026-06-03 10:59:04,119 [INFO] DbBoards:161 - Board is not supported: NUCLEO-WBA25CE1
2026-06-03 10:59:04,148 [INFO] BoardInfo:889 - No configuration file found for board NUCLEO-WL3RKB1
2026-06-03 10:59:04,150 [INFO] DbBoards:161 - Board is not supported: NUCLEO-WL3RKB1
2026-06-03 10:59:04,153 [INFO] BoardInfo:889 - No configuration file found for board NUCLEO-WL3RKB2
2026-06-03 10:59:04,156 [INFO] DbBoards:161 - Board is not supported: NUCLEO-WL3RKB2
2026-06-03 10:59:04,175 [INFO] BoardInfo:889 - No configuration file found for board P-NUCLEO-WB55
2026-06-03 10:59:04,177 [INFO] DbBoards:161 - Kit is not supported: P-NUCLEO-WB55
2026-06-03 10:59:04,192 [INFO] BoardInfo:889 - No configuration file found for board STEVAL-BFA001V1B
2026-06-03 10:59:04,195 [INFO] DbBoards:161 - Kit is not supported: STEVAL-BFA001V1B
2026-06-03 10:59:04,199 [INFO] BoardInfo:889 - No configuration file found for board STEVAL-BFA001V2B
2026-06-03 10:59:04,201 [INFO] DbBoards:161 - Kit is not supported: STEVAL-BFA001V2B
2026-06-03 10:59:04,476 [INFO] BoardInfo:889 - No configuration file found for board STM32H5F5J-DK
2026-06-03 10:59:04,480 [INFO] DbBoards:161 - Board is not supported: STM32H5F5J-DK
2026-06-03 10:59:04,632 [INFO] BoardInfo:889 - No configuration file found for board STM32MP215F-DK
2026-06-03 10:59:04,635 [INFO] DbBoards:161 - Board is not supported: STM32MP215F-DK
2026-06-03 10:59:04,683 [INFO] DbBoards:168 - Found 218 boards, 208 are supported
2026-06-03 10:59:04,683 [INFO] DbBoards:169 - Found 218 boards, 43 of them is supported for  Bsp
2026-06-03 10:59:04,705 [INFO] ApiDb:423 - Load user favorites file C:\Users\hp/.stm32cubeide/favorites.boards.txt: 1 item(s)
2026-06-03 10:59:04,706 [INFO] ApiDb:427 - User favorites Boards=[STM32F407G-DISC1]
2026-06-03 10:59:04,706 [INFO] DbBoards:198 - Set 1 / 1 favorites Boards
2026-06-03 10:59:04,804 [INFO] UtilMem:75 - End LoadConfig() Used Memory: 824664632 Bytes (1073741824)
2026-06-03 10:59:05,086 [WARN] ThirdParty:833 - waiting for thirdparty lock release [change project]
2026-06-03 10:59:05,087 [INFO] ThirdParty:835 - entering critical section [change project]
2026-06-03 10:59:05,087 [INFO] ThirdParty:1030 - CMSIS Pack Vendor :STMicroelectronics X-CUBE-AZRTOS-H7 3.5.0
2026-06-03 10:59:05,087 [INFO] ThirdParty:1030 - CMSIS Pack Vendor :STMicroelectronics X-CUBE-PM33A1 1.0.0
2026-06-03 10:59:05,087 [INFO] ThirdParty:1030 - CMSIS Pack Vendor :STMicroelectronics USBPD 4.1
2026-06-03 10:59:05,087 [INFO] ThirdParty:1030 - CMSIS Pack Vendor :STMicroelectronics X-CUBE-NFC9 1.0.0
2026-06-03 10:59:05,087 [INFO] ThirdParty:1030 - CMSIS Pack Vendor :STMicroelectronics USB_HOST 2.0.0
2026-06-03 10:59:05,087 [INFO] ThirdParty:1030 - CMSIS Pack Vendor :STMicroelectronics X-CUBE-AZRTOS-F4 1.1.0
2026-06-03 10:59:05,087 [INFO] ThirdParty:1030 - CMSIS Pack Vendor :STMicroelectronics LIBJPEG 8.0.0
2026-06-03 10:59:05,087 [INFO] ThirdParty:1030 - CMSIS Pack Vendor :STMicroelectronics FP-ATR-ASTRA1 2.0.2
2026-06-03 10:59:05,088 [INFO] ThirdParty:1030 - CMSIS Pack Vendor :STMicroelectronics X-CUBE-BLE1 7.1.0
2026-06-03 10:59:05,088 [INFO] ThirdParty:1030 - CMSIS Pack Vendor :STMicroelectronics X-CUBE-SMBUS 2.1.0
2026-06-03 10:59:05,088 [INFO] ThirdParty:1030 - CMSIS Pack Vendor :wolfSSL I-CUBE-wolfMQTT 1.19.2
2026-06-03 10:59:05,088 [INFO] ThirdParty:1030 - CMSIS Pack Vendor :STMicroelectronics USB_DEVICE 3.0.0
2026-06-03 10:59:05,088 [INFO] ThirdParty:1030 - CMSIS Pack Vendor :STMicroelectronics X-CUBE-ISPU 2.1.0
2026-06-03 10:59:05,088 [INFO] ThirdParty:1030 - CMSIS Pack Vendor :STMicroelectronics X-CUBE-EEPRMA1 5.2.0
2026-06-03 10:59:05,088 [INFO] ThirdParty:1030 - CMSIS Pack Vendor :STMicroelectronics X-CUBE-BLEMGR 4.1.0
2026-06-03 10:59:05,088 [INFO] ThirdParty:1030 - CMSIS Pack Vendor :STMicroelectronics eDS-WB_DPC_TT-BIDIR 2.1.1
2026-06-03 10:59:05,088 [INFO] ThirdParty:1030 - CMSIS Pack Vendor :STMicroelectronics X-CUBE-AZRTOS-WB 2.0.0
2026-06-03 10:59:05,088 [INFO] ThirdParty:1030 - CMSIS Pack Vendor :wolfSSL I-CUBE-wolfSSL 5.8.4
2026-06-03 10:59:05,088 [INFO] ThirdParty:1030 - CMSIS Pack Vendor :STMicroelectronics X-CUBE-NFC12 1.0.0
2026-06-03 10:59:05,088 [INFO] ThirdParty:1030 - CMSIS Pack Vendor :STMicroelectronics X-CUBE-AZRTOS-F7 1.1.0
2026-06-03 10:59:05,088 [INFO] ThirdParty:1030 - CMSIS Pack Vendor :STMicroelectronics X-CUBE-AZRTOS-L5 2.0.0
2026-06-03 10:59:05,088 [INFO] ThirdParty:1030 - CMSIS Pack Vendor :STMicroelectronics USB_DEVICE 2.0.0
2026-06-03 10:59:05,088 [INFO] ThirdParty:1030 - CMSIS Pack Vendor :quantropi X-CUBE-qispace-sdk-base 2.1.0
2026-06-03 10:59:05,089 [INFO] ThirdParty:1030 - CMSIS Pack Vendor :STMicroelectronics X-CUBE-MEMS1 12.0.0
2026-06-03 10:59:05,089 [INFO] ThirdParty:1030 - CMSIS Pack Vendor :STMicroelectronics X-CUBE-STSE01 2.0.0
2026-06-03 10:59:05,089 [INFO] ThirdParty:1030 - CMSIS Pack Vendor :STMicroelectronics X-CUBE-ALGOBUILD 1.5.0
2026-06-03 10:59:05,089 [INFO] ThirdParty:1030 - CMSIS Pack Vendor :STMicroelectronics FreeRTOS 0.0.1
2026-06-03 10:59:05,089 [INFO] ThirdParty:1030 - CMSIS Pack Vendor :STMicroelectronics X-CUBE-AZRTOS-G0 1.1.0
2026-06-03 10:59:05,089 [INFO] ThirdParty:1030 - CMSIS Pack Vendor :STMicroelectronics X-CUBE-NFC4 3.0.0
2026-06-03 10:59:05,089 [INFO] ThirdParty:1030 - CMSIS Pack Vendor :STMicroelectronics X-CUBE-SUBG2 5.0.0
2026-06-03 10:59:05,089 [INFO] ThirdParty:1030 - CMSIS Pack Vendor :STMicroelectronics STM32_WPAN 1.0.0
2026-06-03 10:59:05,089 [INFO] ThirdParty:1030 - CMSIS Pack Vendor :STMicroelectronics eDS-WB_DPC_VIENNA 1.2.0
2026-06-03 10:59:05,089 [INFO] ThirdParty:1030 - CMSIS Pack Vendor :EmbeddedOffice I-CUBE-FS-RTOS 1.0.1
2026-06-03 10:59:05,089 [INFO] ThirdParty:1030 - CMSIS Pack Vendor :STMicroelectronics lwIP 2.0.3
2026-06-03 10:59:05,089 [INFO] ThirdParty:1030 - CMSIS Pack Vendor :STMicroelectronics eDS-WB_DPC_3PH2L-BIDIR 1.1.1
2026-06-03 10:59:05,089 [INFO] ThirdParty:1030 - CMSIS Pack Vendor :STMicroelectronics USB_HOST 1.0.0
2026-06-03 10:59:05,089 [INFO] ThirdParty:1030 - CMSIS Pack Vendor :STMicroelectronics X-CUBE-AZRTOS-G4 2.0.0
2026-06-03 10:59:05,089 [INFO] ThirdParty:1030 - CMSIS Pack Vendor :STMicroelectronics PDM2PCM 3.1.0
2026-06-03 10:59:05,089 [INFO] ThirdParty:1030 - CMSIS Pack Vendor :STMicroelectronics PDM2PCM 3.3.0
2026-06-03 10:59:05,090 [INFO] ThirdParty:1030 - CMSIS Pack Vendor :wolfSSL I-CUBE-wolfTPM 3.8.0
2026-06-03 10:59:05,090 [INFO] ThirdParty:1030 - CMSIS Pack Vendor :STMicroelectronics X-CUBE-DISPLAY 3.0.0
2026-06-03 10:59:05,090 [INFO] ThirdParty:1030 - CMSIS Pack Vendor :wolfSSL I-CUBE-wolfSSH 1.4.20
2026-06-03 10:59:05,090 [INFO] ThirdParty:1030 - CMSIS Pack Vendor :STMicroelectronics X-CUBE-NFC7 2.0.0
2026-06-03 10:59:05,090 [INFO] ThirdParty:1030 - CMSIS Pack Vendor :STMicroelectronics X-CUBE-GNSS1 7.1.1
2026-06-03 10:59:05,090 [INFO] ThirdParty:1030 - CMSIS Pack Vendor :STMicroelectronics X-CUBE-TCPP 4.2.0
2026-06-03 10:59:05,090 [INFO] ThirdParty:1030 - CMSIS Pack Vendor :RealThread X-CUBE-RT-Thread_Nano 4.1.1
2026-06-03 10:59:05,090 [INFO] ThirdParty:1030 - CMSIS Pack Vendor :STMicroelectronics FP-ATR-SIGFOX1 3.2.0
2026-06-03 10:59:05,090 [INFO] ThirdParty:1030 - CMSIS Pack Vendor :STMicroelectronics X-CUBE-NFC10 1.0.0
2026-06-03 10:59:05,090 [INFO] ThirdParty:1030 - CMSIS Pack Vendor :STMicroelectronics HAL Drivers 0.0.0
2026-06-03 10:59:05,090 [INFO] ThirdParty:1030 - CMSIS Pack Vendor :STMicroelectronics MBEDTLS 2.16.2
2026-06-03 10:59:05,090 [INFO] ThirdParty:1030 - CMSIS Pack Vendor :STMicroelectronics X-CUBE-ST60 1.1.0
2026-06-03 10:59:05,090 [INFO] ThirdParty:1030 - CMSIS Pack Vendor :STMicroelectronics X-CUBE-ALS 1.0.2
2026-06-03 10:59:05,090 [INFO] ThirdParty:1030 - CMSIS Pack Vendor :emotas I-CUBE-CANOPEN 1.3.0
2026-06-03 10:59:05,090 [INFO] ThirdParty:1030 - CMSIS Pack Vendor :STMicroelectronics MBEDTLS 2.14.1
2026-06-03 10:59:05,090 [INFO] ThirdParty:1030 - CMSIS Pack Vendor :STMicroelectronics X-CUBE-GNSS1 7.1.0
2026-06-03 10:59:05,090 [INFO] ThirdParty:1030 - CMSIS Pack Vendor :ITTIA_DB I-CUBE-ITTIADB 8.9.0
2026-06-03 10:59:05,091 [INFO] ThirdParty:1030 - CMSIS Pack Vendor :Cesanta I-CUBE-Mongoose 7.21.0
2026-06-03 10:59:05,091 [INFO] ThirdParty:1030 - CMSIS Pack Vendor :STMicroelectronics X-CUBE-TOUCHGFX 4.26.1
2026-06-03 10:59:05,091 [INFO] ThirdParty:1030 - CMSIS Pack Vendor :STMicroelectronics X-CUBE-NFC6 3.2.0
2026-06-03 10:59:05,091 [INFO] ThirdParty:1030 - CMSIS Pack Vendor :STMicroelectronics X-CUBE-AI 10.2.0
2026-06-03 10:59:05,091 [INFO] ThirdParty:1030 - CMSIS Pack Vendor :STMicroelectronics FP-SNS-STAIOTCFT 1.0.0
2026-06-03 10:59:05,091 [INFO] ThirdParty:1030 - CMSIS Pack Vendor :STMicroelectronics ThreadX 1.0.0
2026-06-03 10:59:05,091 [INFO] ThirdParty:1030 - CMSIS Pack Vendor :STMicroelectronics FP-SNS-SMARTAG2 1.2.0
2026-06-03 10:59:05,091 [INFO] ThirdParty:1030 - CMSIS Pack Vendor :STMicroelectronics X-CUBE-MEMS1 12.1.0
2026-06-03 10:59:05,091 [INFO] ThirdParty:1030 - CMSIS Pack Vendor :STMicroelectronics FP-SNS-FLIGHT1 5.1.0
2026-06-03 10:59:05,091 [INFO] ThirdParty:1030 - CMSIS Pack Vendor :STMicroelectronics X-CUBE-AZRTOS-WL 2.0.0
2026-06-03 10:59:05,091 [INFO] ThirdParty:1030 - CMSIS Pack Vendor :SEGGER I-CUBE-embOS 1.3.1
2026-06-03 10:59:05,091 [INFO] ThirdParty:1030 - CMSIS Pack Vendor :STMicroelectronics X-CUBE-ALGOBUILD 1.4.0
2026-06-03 10:59:05,091 [INFO] ThirdParty:1030 - CMSIS Pack Vendor :STMicroelectronics X-CUBE-DPower 1.3.0
2026-06-03 10:59:05,091 [INFO] ThirdParty:1030 - CMSIS Pack Vendor :STMicroelectronics USB_DEVICE 1.0.0
2026-06-03 10:59:05,091 [INFO] ThirdParty:1030 - CMSIS Pack Vendor :STMicroelectronics X-CUBE-AZRTOS-H7RS 1.2.0
2026-06-03 10:59:05,091 [INFO] ThirdParty:1030 - CMSIS Pack Vendor :STMicroelectronics X-CUBE-AZRTOS-L4 2.0.0
2026-06-03 10:59:05,092 [INFO] ThirdParty:1030 - CMSIS Pack Vendor :STMicroelectronics ThreadX 0.0.2
2026-06-03 10:59:05,092 [INFO] ThirdParty:1030 - CMSIS Pack Vendor :STMicroelectronics lwIP 2.1.2
2026-06-03 10:59:05,092 [INFO] ThirdParty:1030 - CMSIS Pack Vendor :STMicroelectronics X-CUBE-SFXS2LP1 4.0.0
2026-06-03 10:59:05,092 [INFO] ThirdParty:1030 - CMSIS Pack Vendor :STMicroelectronics X-CUBE-BLE2 3.3.0
2026-06-03 10:59:05,092 [INFO] ThirdParty:1030 - CMSIS Pack Vendor :Avnet-IOTCONNECT X-CUBE-iotc-st67-sdk 1.0.0
2026-06-03 10:59:05,092 [INFO] ThirdParty:1030 - CMSIS Pack Vendor :STMicroelectronics X-CUBE-TOF1 3.4.3
2026-06-03 10:59:05,092 [INFO] ThirdParty:1030 - CMSIS Pack Vendor :Infineon AIROC-Wi-Fi-Bluetooth-STM32 1.8.0
2026-06-03 10:59:05,092 [INFO] ThirdParty:1030 - CMSIS Pack Vendor :STMicroelectronics PDM2PCM 3.2.0
2026-06-03 10:59:05,092 [INFO] ThirdParty:1030 - CMSIS Pack Vendor :STMicroelectronics X-CUBE-WB05N 2.1.0
2026-06-03 10:59:05,093 [INFO] ThirdParty:841 - exiting critical section [change project]
2026-06-03 10:59:06,081 [INFO] PinOutPanel:1589 - setPackage(No Configuration,No Configuration)
2026-06-03 10:59:06,088 [INFO] PinOutPanel:1589 - setPackage(STM32F407VGTx,LQFP100)
2026-06-03 10:59:07,352 [INFO] UtilMem:75 - Before build in PCC Used Memory: 771688608 Bytes (1073741824)
2026-06-03 10:59:08,851 [INFO] UtilMem:75 - After build in PCC Used Memory: 853537192 Bytes (1073741824)
2026-06-03 10:59:08,914 [INFO] IPUIPlugin:80 - create IPUIPlugin
2026-06-03 10:59:08,914 [INFO] IPUIPlugin:80 - create IPUIPlugin
2026-06-03 10:59:08,914 [INFO] IPUIPlugin:80 - create IPUIPlugin
2026-06-03 10:59:08,915 [INFO] IPUIPlugin:80 - create IPUIPlugin
2026-06-03 10:59:08,915 [INFO] IPUIPlugin:80 - create IPUIPlugin
2026-06-03 10:59:08,916 [INFO] IPUIPlugin:80 - create IPUIPlugin
2026-06-03 10:59:08,916 [INFO] IPUIPlugin:80 - create IPUIPlugin
2026-06-03 10:59:08,917 [INFO] IPUIPlugin:80 - create IPUIPlugin
2026-06-03 10:59:08,918 [INFO] IPUIPlugin:80 - create IPUIPlugin
2026-06-03 10:59:08,918 [INFO] IPUIPlugin:80 - create IPUIPlugin
2026-06-03 10:59:08,918 [INFO] IPUIPlugin:80 - create IPUIPlugin
2026-06-03 10:59:08,920 [INFO] IPUIPlugin:80 - create IPUIPlugin
2026-06-03 10:59:08,920 [INFO] IPUIPlugin:80 - create IPUIPlugin
2026-06-03 10:59:08,921 [INFO] IPUIPlugin:80 - create IPUIPlugin
2026-06-03 10:59:08,921 [INFO] IPUIPlugin:80 - create IPUIPlugin
2026-06-03 10:59:08,922 [INFO] IPUIPlugin:80 - create IPUIPlugin
2026-06-03 10:59:08,922 [INFO] IPUIPlugin:80 - create IPUIPlugin
2026-06-03 10:59:08,922 [INFO] IPUIPlugin:80 - create IPUIPlugin
2026-06-03 10:59:08,922 [INFO] IPUIPlugin:80 - create IPUIPlugin
2026-06-03 10:59:08,923 [INFO] IPUIPlugin:80 - create IPUIPlugin
2026-06-03 10:59:08,924 [INFO] IPUIPlugin:80 - create IPUIPlugin
2026-06-03 10:59:08,926 [INFO] IPUIPlugin:80 - create IPUIPlugin
2026-06-03 10:59:08,927 [INFO] IPUIPlugin:80 - create IPUIPlugin
2026-06-03 10:59:08,928 [INFO] IPUIPlugin:80 - create IPUIPlugin
2026-06-03 10:59:08,929 [INFO] IPUIPlugin:80 - create IPUIPlugin
2026-06-03 10:59:08,930 [INFO] IPUIPlugin:80 - create IPUIPlugin
2026-06-03 10:59:08,931 [INFO] IPUIPlugin:80 - create IPUIPlugin
2026-06-03 10:59:08,931 [INFO] IPUIPlugin:80 - create IPUIPlugin
2026-06-03 10:59:08,932 [INFO] IPUIPlugin:80 - create IPUIPlugin
2026-06-03 10:59:08,933 [INFO] IPUIPlugin:80 - create IPUIPlugin
2026-06-03 10:59:08,933 [INFO] IPUIPlugin:80 - create IPUIPlugin
2026-06-03 10:59:08,934 [INFO] IPUIPlugin:80 - create IPUIPlugin
2026-06-03 10:59:08,934 [INFO] IPUIPlugin:80 - create IPUIPlugin
2026-06-03 10:59:08,935 [INFO] IPUIPlugin:80 - create IPUIPlugin
2026-06-03 10:59:08,935 [INFO] IPUIPlugin:80 - create IPUIPlugin
2026-06-03 10:59:08,936 [INFO] IPUIPlugin:80 - create IPUIPlugin
2026-06-03 10:59:08,936 [INFO] IPUIPlugin:80 - create IPUIPlugin
2026-06-03 10:59:08,937 [INFO] IPUIPlugin:80 - create IPUIPlugin
2026-06-03 10:59:08,937 [INFO] IPUIPlugin:80 - create IPUIPlugin
2026-06-03 10:59:08,938 [INFO] IPUIPlugin:80 - create IPUIPlugin
2026-06-03 10:59:08,938 [INFO] IPUIPlugin:80 - create IPUIPlugin
2026-06-03 10:59:08,939 [INFO] IPUIPlugin:80 - create IPUIPlugin
2026-06-03 10:59:08,939 [INFO] IPUIPlugin:80 - create IPUIPlugin
2026-06-03 10:59:08,939 [INFO] IPUIPlugin:80 - create IPUIPlugin
2026-06-03 10:59:08,940 [INFO] IPUIPlugin:80 - create IPUIPlugin
2026-06-03 10:59:08,940 [INFO] IPUIPlugin:80 - create IPUIPlugin
2026-06-03 10:59:08,941 [INFO] IPUIPlugin:80 - create IPUIPlugin
2026-06-03 10:59:08,942 [INFO] IPUIPlugin:80 - create IPUIPlugin
2026-06-03 10:59:08,943 [INFO] IPUIPlugin:80 - create IPUIPlugin
2026-06-03 10:59:08,944 [INFO] IPUIPlugin:80 - create IPUIPlugin
2026-06-03 10:59:08,945 [INFO] IPUIPlugin:80 - create IPUIPlugin
2026-06-03 10:59:08,945 [INFO] IPUIPlugin:80 - create IPUIPlugin
2026-06-03 10:59:08,946 [INFO] IPUIPlugin:80 - create IPUIPlugin
2026-06-03 10:59:08,946 [INFO] IPUIPlugin:80 - create IPUIPlugin
2026-06-03 10:59:08,947 [INFO] IPUIPlugin:80 - create IPUIPlugin
2026-06-03 10:59:08,948 [INFO] IPUIPlugin:80 - create IPUIPlugin
2026-06-03 10:59:08,948 [INFO] IPUIPlugin:80 - create IPUIPlugin
2026-06-03 10:59:08,949 [INFO] IPUIPlugin:80 - create IPUIPlugin
2026-06-03 10:59:09,099 [INFO] ApiDbMcu:508 - Load IP Config File for PDM2PCM
2026-06-03 10:59:09,537 [INFO] CADModel:165 - CPN selected for project levelSTM32F407VGT6
2026-06-03 10:59:09,538 [INFO] CADModel:114 - Register for checkConnection events
2026-06-03 10:59:09,628 [INFO] OpenFileManager:385 - Restore cursor
2026-06-03 11:02:56,529 [INFO] UtilMem:75 - End SaveConfig() Used Memory: 947002832 Bytes (1073741824)
2026-06-03 11:02:59,474 [INFO] UtilMem:75 - End SaveConfig() Used Memory: 978961408 Bytes (1073741824)
2026-06-03 11:03:03,824 [INFO] UtilMem:75 - End SaveConfig() Used Memory: 678000088 Bytes (1073741824)
2026-06-03 11:03:06,315 [INFO] BlockDiagram:2775 - set Specific Code input for plugin: SPI
2026-06-03 11:03:06,316 [INFO] BlockDiagram:2775 - set Specific Code input for plugin: TIM1_8
2026-06-03 11:03:06,317 [INFO] BlockDiagram:2775 - set Specific Code input for plugin: SYS
2026-06-03 11:03:06,317 [INFO] BlockDiagram:2775 - set Specific Code input for plugin: RCC
2026-06-03 11:03:06,317 [INFO] BlockDiagram:2775 - set Specific Code input for plugin: NVIC
2026-06-03 11:03:06,318 [INFO] BlockDiagram:2775 - set Specific Code input for plugin: USART
2026-06-03 11:03:06,319 [INFO] BlockDiagram:2775 - set Specific Code input for plugin: GPIO
2026-06-03 11:03:06,323 [INFO] CodeGenerator:882 - code generatio: config db path: C:\ST\STM32CubeIDE_1.18.0\STM32CubeIDE\plugins\com.st.stm32cube.common.mx_6.14.0.202502271554\\db\
2026-06-03 11:03:07,138 [INFO] CodeEngine:263 - oldGeneratedFile, C:\Users\hp\STM32CubeIDE\workspace_1.18.0\41_External_Flash_with_Ultrasonic\MXTmpFiles\license.tmp_save
2026-06-03 11:03:08,454 [INFO] CodeEngine:287 - Generated code: C:\Users\hp\STM32CubeIDE\workspace_1.18.0\41_External_Flash_with_Ultrasonic\MXTmpFiles\license.tmp
2026-06-03 11:03:08,892 [INFO] CodeEngine:263 - oldGeneratedFile, C:\Users\hp\STM32CubeIDE\workspace_1.18.0\41_External_Flash_with_Ultrasonic\MXTmpFiles\gpio.tmp_save
2026-06-03 11:03:09,376 [INFO] CodeEngine:287 - Generated code: C:\Users\hp\STM32CubeIDE\workspace_1.18.0\41_External_Flash_with_Ultrasonic\MXTmpFiles\gpio.tmp
2026-06-03 11:03:09,945 [INFO] CodeEngine:263 - oldGeneratedFile, C:\Users\hp\STM32CubeIDE\workspace_1.18.0\41_External_Flash_with_Ultrasonic\Core\Src\stm32f4xx_it.c_save
2026-06-03 11:03:10,381 [INFO] CodeEngine:287 - Generated code: C:\Users\hp\STM32CubeIDE\workspace_1.18.0\41_External_Flash_with_Ultrasonic\Core\Src\stm32f4xx_it.c
2026-06-03 11:03:10,449 [INFO] CodeEngine:263 - oldGeneratedFile, C:\Users\hp\STM32CubeIDE\workspace_1.18.0\41_External_Flash_with_Ultrasonic\Core\Inc\stm32f4xx_it.h_save
2026-06-03 11:03:10,657 [INFO] CodeEngine:287 - Generated code: C:\Users\hp\STM32CubeIDE\workspace_1.18.0\41_External_Flash_with_Ultrasonic\Core\Inc\stm32f4xx_it.h
2026-06-03 11:03:10,743 [INFO] CodeEngine:263 - oldGeneratedFile, C:\Users\hp\STM32CubeIDE\workspace_1.18.0\41_External_Flash_with_Ultrasonic\Core\Src\stm32f4xx_hal_msp.c_save
2026-06-03 11:03:11,131 [INFO] CodeEngine:287 - Generated code: C:\Users\hp\STM32CubeIDE\workspace_1.18.0\41_External_Flash_with_Ultrasonic\Core\Src\stm32f4xx_hal_msp.c
2026-06-03 11:03:11,177 [INFO] CodeEngine:263 - oldGeneratedFile, C:\Users\hp\STM32CubeIDE\workspace_1.18.0\41_External_Flash_with_Ultrasonic\MXTmpFiles\system.tmp_save
2026-06-03 11:03:11,379 [INFO] CodeEngine:287 - Generated code: C:\Users\hp\STM32CubeIDE\workspace_1.18.0\41_External_Flash_with_Ultrasonic\MXTmpFiles\system.tmp
2026-06-03 11:03:11,450 [INFO] CodeEngine:319 - oldGeneratedFile, C:\Users\hp\STM32CubeIDE\workspace_1.18.0\41_External_Flash_with_Ultrasonic\Core\Inc\stm32f4xx_hal_conf.h_save
2026-06-03 11:03:11,666 [INFO] CodeEngine:343 - Generated code: C:\Users\hp\STM32CubeIDE\workspace_1.18.0\41_External_Flash_with_Ultrasonic\Core\Inc\stm32f4xx_hal_conf.h
2026-06-03 11:03:11,781 [INFO] ApiDbMcu:508 - Load IP Config File for SPI1
2026-06-03 11:03:11,815 [INFO] ApiDbMcu:508 - Load IP Config File for TIM3
2026-06-03 11:03:11,828 [INFO] ApiDbMcu:508 - Load IP Config File for USART2
2026-06-03 11:03:11,844 [INFO] ApiDbMcu:508 - Load IP Config File for RCC
2026-06-03 11:03:11,854 [WARN] IPConfigManager:3747 - IP not found : TIM
2026-06-03 11:03:11,861 [WARN] CodeGenerator:4198 - IP not found : null
2026-06-03 11:03:11,974 [INFO] CodeEngine:263 - oldGeneratedFile, C:\Users\hp\STM32CubeIDE\workspace_1.18.0\41_External_Flash_with_Ultrasonic\Core\Inc\main.h_save
2026-06-03 11:03:12,229 [INFO] CodeEngine:287 - Generated code: C:\Users\hp\STM32CubeIDE\workspace_1.18.0\41_External_Flash_with_Ultrasonic\Core\Inc\main.h
2026-06-03 11:03:12,282 [INFO] CodeEngine:263 - oldGeneratedFile, C:\Users\hp\STM32CubeIDE\workspace_1.18.0\41_External_Flash_with_Ultrasonic\Core\Src\main.c_save
2026-06-03 11:03:12,721 [INFO] CodeEngine:287 - Generated code: C:\Users\hp\STM32CubeIDE\workspace_1.18.0\41_External_Flash_with_Ultrasonic\Core\Src\main.c
2026-06-03 11:03:13,844 [INFO] ProjectBuilder:3324 - Time for Copy HAL[1] : 681mS.
2026-06-03 11:03:13,863 [INFO] ProjectBuilder:4912 - Project Generator version: 4.6.0-B36
2026-06-03 11:03:14,123 [INFO] ConfigFileManager:1590 - The Die is : DIE413
2026-06-03 11:03:14,191 [INFO] ApiDbMcu:508 - Load IP Config File for FATFS
2026-06-03 11:03:14,244 [INFO] ApiDbMcu:508 - Load IP Config File for FREERTOS
2026-06-03 11:03:14,280 [INFO] ApiDbMcu:508 - Load IP Config File for LIBJPEG
2026-06-03 11:03:14,320 [INFO] ApiDbMcu:508 - Load IP Config File for LWIP
2026-06-03 11:03:14,362 [INFO] ApiDbMcu:508 - Load IP Config File for MBEDTLS
2026-06-03 11:03:14,560 [INFO] ApiDbMcu:508 - Load IP Config File for USB_DEVICE
2026-06-03 11:03:14,606 [INFO] ApiDbMcu:508 - Load IP Config File for USB_HOST
2026-06-03 11:03:16,671 [INFO] LogOutputStream:77 - [STDOUT_REDIRECT] 
2026-06-03 11:03:25,983 [INFO] ProjectBuilder:5191 - Time for Generating toolchain IDE Files: 12119mS.
2026-06-03 11:03:25,988 [INFO] ProjectBuilder:3181 - Time for Copy CMSIS : 3mS.
2026-06-03 11:03:26,003 [INFO] ProjectBuilder:3181 - Time for Copy CMSIS : 1mS.
2026-06-03 11:24:55,595 [INFO] UtilMem:75 - End SaveConfig() Used Memory: 823128176 Bytes (1073741824)
2026-06-03 11:24:57,714 [INFO] UtilMem:75 - End SaveConfig() Used Memory: 861925488 Bytes (1073741824)
2026-06-03 11:25:00,189 [INFO] UtilMem:75 - End SaveConfig() Used Memory: 672723168 Bytes (1073741824)
2026-06-03 11:25:00,948 [INFO] BlockDiagram:2775 - set Specific Code input for plugin: SPI
2026-06-03 11:25:00,948 [INFO] BlockDiagram:2775 - set Specific Code input for plugin: TIM1_8
2026-06-03 11:25:00,948 [INFO] BlockDiagram:2775 - set Specific Code input for plugin: SYS
2026-06-03 11:25:00,950 [INFO] BlockDiagram:2775 - set Specific Code input for plugin: RCC
2026-06-03 11:25:00,951 [INFO] BlockDiagram:2775 - set Specific Code input for plugin: NVIC
2026-06-03 11:25:00,951 [INFO] BlockDiagram:2775 - set Specific Code input for plugin: USART
2026-06-03 11:25:00,952 [INFO] BlockDiagram:2775 - set Specific Code input for plugin: GPIO
2026-06-03 11:25:00,957 [INFO] CodeGenerator:882 - code generatio: config db path: C:\ST\STM32CubeIDE_1.18.0\STM32CubeIDE\plugins\com.st.stm32cube.common.mx_6.14.0.202502271554\\db\
2026-06-03 11:25:01,236 [INFO] CodeEngine:263 - oldGeneratedFile, C:\Users\hp\STM32CubeIDE\workspace_1.18.0\41_External_Flash_with_Ultrasonic\MXTmpFiles\license.tmp_save
2026-06-03 11:25:02,200 [INFO] CodeEngine:287 - Generated code: C:\Users\hp\STM32CubeIDE\workspace_1.18.0\41_External_Flash_with_Ultrasonic\MXTmpFiles\license.tmp
2026-06-03 11:25:02,366 [INFO] CodeEngine:263 - oldGeneratedFile, C:\Users\hp\STM32CubeIDE\workspace_1.18.0\41_External_Flash_with_Ultrasonic\MXTmpFiles\gpio.tmp_save
2026-06-03 11:25:03,078 [INFO] CodeEngine:287 - Generated code: C:\Users\hp\STM32CubeIDE\workspace_1.18.0\41_External_Flash_with_Ultrasonic\MXTmpFiles\gpio.tmp
2026-06-03 11:25:03,914 [INFO] CodeEngine:263 - oldGeneratedFile, C:\Users\hp\STM32CubeIDE\workspace_1.18.0\41_External_Flash_with_Ultrasonic\Core\Src\stm32f4xx_it.c_save
2026-06-03 11:25:04,922 [INFO] CodeEngine:287 - Generated code: C:\Users\hp\STM32CubeIDE\workspace_1.18.0\41_External_Flash_with_Ultrasonic\Core\Src\stm32f4xx_it.c
2026-06-03 11:25:04,942 [INFO] CodeEngine:263 - oldGeneratedFile, C:\Users\hp\STM32CubeIDE\workspace_1.18.0\41_External_Flash_with_Ultrasonic\Core\Inc\stm32f4xx_it.h_save
2026-06-03 11:25:05,266 [INFO] CodeEngine:287 - Generated code: C:\Users\hp\STM32CubeIDE\workspace_1.18.0\41_External_Flash_with_Ultrasonic\Core\Inc\stm32f4xx_it.h
2026-06-03 11:25:05,347 [INFO] CodeEngine:263 - oldGeneratedFile, C:\Users\hp\STM32CubeIDE\workspace_1.18.0\41_External_Flash_with_Ultrasonic\Core\Src\stm32f4xx_hal_msp.c_save
2026-06-03 11:25:05,964 [INFO] CodeEngine:287 - Generated code: C:\Users\hp\STM32CubeIDE\workspace_1.18.0\41_External_Flash_with_Ultrasonic\Core\Src\stm32f4xx_hal_msp.c
2026-06-03 11:25:05,990 [INFO] CodeEngine:263 - oldGeneratedFile, C:\Users\hp\STM32CubeIDE\workspace_1.18.0\41_External_Flash_with_Ultrasonic\MXTmpFiles\system.tmp_save
2026-06-03 11:25:06,261 [INFO] CodeEngine:287 - Generated code: C:\Users\hp\STM32CubeIDE\workspace_1.18.0\41_External_Flash_with_Ultrasonic\MXTmpFiles\system.tmp
2026-06-03 11:25:06,372 [INFO] CodeEngine:319 - oldGeneratedFile, C:\Users\hp\STM32CubeIDE\workspace_1.18.0\41_External_Flash_with_Ultrasonic\Core\Inc\stm32f4xx_hal_conf.h_save
2026-06-03 11:25:06,689 [INFO] CodeEngine:343 - Generated code: C:\Users\hp\STM32CubeIDE\workspace_1.18.0\41_External_Flash_with_Ultrasonic\Core\Inc\stm32f4xx_hal_conf.h
2026-06-03 11:25:06,760 [WARN] IPConfigManager:3747 - IP not found : TIM
2026-06-03 11:25:06,762 [WARN] CodeGenerator:4198 - IP not found : null
2026-06-03 11:25:06,816 [INFO] CodeEngine:263 - oldGeneratedFile, C:\Users\hp\STM32CubeIDE\workspace_1.18.0\41_External_Flash_with_Ultrasonic\Core\Inc\main.h_save
2026-06-03 11:25:07,130 [INFO] CodeEngine:287 - Generated code: C:\Users\hp\STM32CubeIDE\workspace_1.18.0\41_External_Flash_with_Ultrasonic\Core\Inc\main.h
2026-06-03 11:25:07,188 [INFO] CodeEngine:263 - oldGeneratedFile, C:\Users\hp\STM32CubeIDE\workspace_1.18.0\41_External_Flash_with_Ultrasonic\Core\Src\main.c_save
2026-06-03 11:25:07,598 [INFO] CodeEngine:287 - Generated code: C:\Users\hp\STM32CubeIDE\workspace_1.18.0\41_External_Flash_with_Ultrasonic\Core\Src\main.c
2026-06-03 11:25:08,823 [INFO] ProjectBuilder:3324 - Time for Copy HAL[1] : 603mS.
2026-06-03 11:25:08,833 [INFO] ProjectBuilder:4912 - Project Generator version: 4.6.0-B36
2026-06-03 11:25:09,009 [INFO] ConfigFileManager:1590 - The Die is : DIE413
2026-06-03 11:25:11,408 [INFO] ProjectBuilder:5191 - Time for Generating toolchain IDE Files: 2575mS.
2026-06-03 11:25:11,411 [INFO] ProjectBuilder:3181 - Time for Copy CMSIS : 3mS.
2026-06-03 11:25:11,417 [INFO] ProjectBuilder:3181 - Time for Copy CMSIS : 1mS.
2026-06-03 11:27:43,513 [INFO] WebApp:194 - Connection lost
2026-06-03 11:27:44,826 [INFO] WebApp:191 - Connection restablished
2026-06-03 12:05:23,546 [INFO] NvicIntPanel:101 - NVIC parent = com.st.microxplorer.plugins.ip.nvic.MultiNvicIntPanel[,0,0,0x0,invalid,layout=javax.swing.BoxLayout,alignmentX=0.0,alignmentY=0.0,border=,flags=9,maximumSize=,minimumSize=,preferredSize=]
2026-06-03 12:27:49,895 [INFO] WebApp:194 - Connection lost
2026-06-03 12:27:50,710 [INFO] WebApp:191 - Connection restablished
2026-06-03 12:30:13,453 [INFO] MainUpdater:2872 - connection check result : 10
2026-06-03 12:30:13,499 [INFO] McuFinderGlobals:76 - Set McuFinderConnectedMode to true
2026-06-03 12:30:15,049 [INFO] ServerAccessManage:473 - Download File mcusAds.json._tmp_
2026-06-03 12:30:15,270 [INFO] LoadUrlFilesThread:156 - End of LoadUrlFiles Thread
2026-06-03 12:30:15,714 [INFO] ServerAccessManage:473 - Download File cube-finder-db.zip
2026-06-03 12:30:19,707 [INFO] FileExtend:242 - Unzip File : cube-finder-db.zip
2026-06-03 12:30:19,709 [INFO] FileExtend:257 - Standard Zip Deflate
2026-06-03 12:30:22,466 [INFO] LoadUrlFilesThread:156 - End of LoadUrlFiles Thread
2026-06-03 12:30:25,074 [INFO] ServerAccessManage:473 - Download File crdb.zip
2026-06-03 12:30:27,307 [INFO] FileExtend:242 - Unzip File : crdb.zip
2026-06-03 12:30:27,310 [INFO] FileExtend:257 - Standard Zip Deflate
2026-06-03 12:30:27,583 [INFO] LoadUrlFilesThread:156 - End of LoadUrlFiles Thread
2026-06-03 12:30:27,897 [INFO] ServerAccessManage:473 - Download File tutoVideoDB.zip
2026-06-03 12:30:27,934 [INFO] FileExtend:242 - Unzip File : tutoVideoDB.zip
2026-06-03 12:30:27,935 [INFO] FileExtend:257 - Standard Zip Deflate
2026-06-03 12:30:28,160 [INFO] LoadUrlFilesThread:156 - End of LoadUrlFiles Thread
2026-06-03 12:30:28,184 [WARN] DbFile:41 - Overriding database path with different value: C:\Users\hp\.stmcufinder\plugins\mcufinder/ => C:\Users\hp\.stmcufinder\plugins\mcufinder
2026-06-03 12:30:28,822 [ERROR] ServerAccessManage:1089 - Problem, file not found on Server
2026-06-03 12:30:28,831 [ERROR] ServerAccessManage:651 - Problem, file not found on Server : api_config.json.
2026-06-03 12:30:32,452 [INFO] LoadUrlFilesThread:156 - End of LoadUrlFiles Thread
2026-06-03 12:30:34,501 [INFO] DbMcusAds:53 - JSON generation date=Thu May 28 21:38:17 IST 2026 (1779984497073)
2026-06-03 12:30:34,528 [INFO] ApiDb:448 - Save user favorites file C:\Users\hp/.stm32cubeide/favorites.mcus.txt: 0 item(s)
2026-06-03 12:30:34,529 [INFO] ApiDb:452 - User favorites MCUs=[]
2026-06-03 12:30:34,587 [INFO] ApiDb:581 - Connected to CubeFinder SQLite database (C:\Users\hp\.stmcufinder\plugins\mcufinder\mcu\cube-finder-db.db)
2026-06-03 12:30:34,900 [INFO] ApiDb:668 - CubeFinder database Data Model version=2.1
2026-06-03 12:30:34,902 [INFO] ApiDb:669 - CubeFinder database Configuration version=3.0.42
2026-06-03 12:30:34,903 [INFO] ApiDb:670 - CubeFinder database generation date=2026-05-06 (1778060171)
2026-06-03 12:30:34,905 [INFO] ApiDb:671 - CubeFinder database FW Pack versions=[FP-ATR-ASTRA1_V2.0.0, FP-SNS-FLIGHT1_V5.1.0, FP-SNS-MOTENV1_V5.1.0, FP-SNS-MOTENVWB1_V1.5.0, FP-SNS-SMARTAG2_V1.2.0, FP-SNS-STBOX1_V2.1.0, STM32Cube_FW_C0_V1.4.0, STM32Cube_FW_F4_V1.28.3, STM32Cube_FW_F7_V1.17.4, STM32Cube_FW_G0_V1.6.3, STM32Cube_FW_G4_V1.6.2, STM32Cube_FW_H5_V1.6.0, STM32Cube_FW_H7RS_V1.3.0, STM32Cube_FW_H7_V1.13.0, STM32Cube_FW_L0_V1.12.2, STM32Cube_FW_L4_V1.18.2, STM32Cube_FW_L5_V1.6.0, STM32Cube_FW_N6_V1.3.0, STM32Cube_FW_U0_V1.3.0, STM32Cube_FW_U3_V1.3.0, STM32Cube_FW_U5_V1.8.0, STM32Cube_FW_WB0_V1.4.0, STM32Cube_FW_WBA_V1.9.0, STM32Cube_FW_WB_V1.24.0, STM32Cube_FW_WL3_V1.4.0, STM32Cube_FW_WL_V1.5.0, X-CUBE-ALGOBUILD_V1.4.0, X-CUBE-ALS_V1.0.2, X-CUBE-AZRTOS-F4_V1.1.0, X-CUBE-AZRTOS-F7_V1.1.0, X-CUBE-AZRTOS-G0_V1.1.0, X-CUBE-AZRTOS-G4_V2.0.0, X-CUBE-AZRTOS-H7RS_V1.1.0, X-CUBE-AZRTOS-H7_V3.5.0, X-CUBE-AZRTOS-L4_V2.0.0, X-CUBE-AZRTOS-L5_V2.0.0, X-CUBE-AZRTOS-WB_V2.0.0, X-CUBE-AZRTOS-WL_V2.0.0, X-CUBE-BLE1_V7.1.0, X-CUBE-BLE2_V3.3.0, X-CUBE-BLEMGR_V4.1.0, X-CUBE-EEPRMA1_V5.2.0, X-CUBE-FREERTOS_V1.5.0, X-CUBE-GNSS1_V6.0.0, X-CUBE-MEMS1_V12.0.0, X-CUBE-NFC4_V3.0.0, X-CUBE-NFC7_V2.0.0, X-CUBE-SFXS2LP1_V4.0.0, X-CUBE-ST67W61_V1.2.0, X-CUBE-SUBG2_V5.0.0, X-CUBE-TOF1_V3.4.3]
2026-06-03 12:30:41,853 [INFO] ApiDb:240 - Found 895 in-development CPN: [B-G473E-ZEST1S, B-WB1M-WPAN1, B-WBA5M-WPAN, B-WL5M-SUBG1, NUCLEO-C031C6, NUCLEO-C051C8, NUCLEO-C071RB, NUCLEO-C092RC, NUCLEO-H503RB, NUCLEO-H533RE, NUCLEO-H563ZI, NUCLEO-H7S3L8, NUCLEO-N657X0-Q, NUCLEO-U031R8, NUCLEO-U083RC, NUCLEO-U385RG-Q, NUCLEO-U545RE-Q, NUCLEO-U5A5ZJ-Q, NUCLEO-WB05KZ, NUCLEO-WB07CC, NUCLEO-WB09KE, NUCLEO-WBA52CG, NUCLEO-WBA55CG, NUCLEO-WBA65RI, NUCLEO-WL33CC1, NUCLEO-WL33CC2, STEVAL-PROTEUS1, STEVAL-SMARTAG2, STEVAL-STWINBX1, STM320518-EVAL, STM32C0116-DK, STM32C011D6Y3TR, STM32C011D6Y6TR, STM32C011F4P3, STM32C011F4P6, STM32C011F4U3, STM32C011F4U6TR, STM32C011F6P3, STM32C011F6P6, STM32C011F6U3, STM32C011F6U6TR, STM32C011J4M3, STM32C011J4M6, STM32C011J6M3, STM32C011J6M6, STM32C0316-DK, STM32C031C4T3, STM32C031C4T6, STM32C031C4U3, STM32C031C4U6, STM32C031C6T3, STM32C031C6T6, STM32C031C6U3, STM32C031C6U6, STM32C031F4P3, STM32C031F4P6, STM32C031F6P3, STM32C031F6P6, STM32C031G4U3, STM32C031G4U6, STM32C031G6U3, STM32C031G6U6, STM32C031K4T3, STM32C031K4T6, STM32C031K4U3, STM32C031K4U6, STM32C031K6T3, STM32C031K6T6, STM32C031K6U3, STM32C031K6U6, STM32C051C6T6, STM32C051C6U6, STM32C051C8T6, STM32C051C8U6, STM32C051D8Y6TR, STM32C051F6P6, STM32C051F8P6, STM32C051G6U6, STM32C051G8U6, STM32C051K6T6, STM32C051K6U6, STM32C051K8T6, STM32C071C8T6, STM32C071C8T6N, STM32C071C8U6, STM32C071C8U6N, STM32C071CBT6, STM32C071CBT6N, STM32C071CBU6, STM32C071CBU6N, STM32C071F8P6, STM32C071F8P6N, STM32C071FBP6, STM32C071FBP6N, STM32C071FBY6TR, STM32C071G8U6, STM32C071G8U6N, STM32C071GBU6, STM32C071GBU6N, STM32C071K8T6, STM32C071K8T6N, STM32C071K8U6, STM32C071K8U6N, STM32C071KBT6, STM32C071KBT6N, STM32C071KBU6, STM32C071KBU6N, STM32C071R8T6, STM32C071R8T6N, STM32C071RBI6N, STM32C071RBT6, STM32C071RBT6N, STM32C091CBT6, STM32C091CBU6, STM32C091CCT6, STM32C091CCU6, STM32C091ECY6TR, STM32C091FBP6, STM32C091FCP6, STM32C091GBU6, STM32C091GCU6, STM32C091KBT6, STM32C091KBU6, STM32C091KCT6, STM32C091KCU6, STM32C091RBT6, STM32C091RCI6, STM32C091RCT6, STM32C092CBT6, STM32C092CBU6, STM32C092CCT6, STM32C092CCU6, STM32C092ECY6TR, STM32C092FBP6, STM32C092FCP6, STM32C092GBU6, STM32C092GCU6, STM32C092KBT6, STM32C092KBU6, STM32C092KCT6, STM32C092KCU6, STM32C092RBT6, STM32C092RCI6, STM32C092RCT6, STM32G071K8TXN, STM32G071K8UXN, STM32G081GBU6N, STM32G081KBT6N, STM32G081KBUXN, STM32G0B1CCT6N, STM32G0B1KCT6, STM32G0B1NEY6TR, STM32G0B1RCT6N, STM32G0C1CCT6, STM32G0C1CCT6N, STM32G0C1CCU6N, STM32G0C1CET6N, STM32G0C1CEU6N, STM32G0C1KCT6, STM32G0C1NEY6TR, STM32G0C1RCI6N, STM32G0C1RCT6N, STM32G0C1REI6N, STM32G0C1RET6N, STM32G0C1VCI6, STM32G0C1VEI6, STM32G411C6T3, STM32G411C6T6, STM32G411C6U3, STM32G411C6U6, STM32G411C8T3, STM32G411C8T6, STM32G411C8U3, STM32G411C8U6, STM32G411CBT3, STM32G411CBT6, STM32G411CBU3, STM32G411CBU6, STM32G411CCT3, STM32G411CCT6, STM32G411CCU3, STM32G411CCU6, STM32G411K6T3, STM32G411K6T6, STM32G411K6U3, STM32G411K6U6, STM32G411K8T3, STM32G411K8T6, STM32G411K8U3, STM32G411K8U6, STM32G411KBT3, STM32G411KBT6, STM32G411KBU3, STM32G411KBU6, STM32G411M6T3, STM32G411M6T6, STM32G411M8T3, STM32G411M8T6, STM32G411MBT3, STM32G411MBT6, STM32G411MCT3, STM32G411MCT6, STM32G411R6T3, STM32G411R6T6, STM32G411R8T3, STM32G411R8T6, STM32G411RBT3, STM32G411RBT6, STM32G411RCT3, STM32G411RCT6, STM32G414CBT3, STM32G414CBT6, STM32G414CBU3, STM32G414CBU6, STM32G414CCT3, STM32G414CCT6, STM32G414CCU3, STM32G414CCU6, STM32G414MBT3, STM32G414MBT6, STM32G414MCT3, STM32G414MCT6, STM32G414RBT3, STM32G414RBT6, STM32G414RCT3, STM32G414RCT6, STM32G414VBT3, STM32G414VBT6, STM32G414VCT3, STM32G414VCT6, STM32G431CBT3Z, STM32G431RBT3Z, STM32G471CCT6, STM32G471CCU6, STM32G471CET3, STM32G471CET6, STM32G471CEU3, STM32G471CEU6, STM32G471MCT6, STM32G471MET3, STM32G471MET6, STM32G471MEY6TR, STM32G471QCT6, STM32G471QET3, STM32G471RCT6, STM32G471RET3, STM32G471RET6, STM32G471VCH6, STM32G471VCI6, STM32G471VCT6, STM32G471VEH3, STM32G471VEH6, STM32G471VEI3, STM32G471VEI6, STM32G471VET3, STM32G471VET6, STM32G473QET3Z, STM32G473RET3Z, STM32G474CCT6, STM32G491RET3Z, STM32H503CBT6, STM32H503CBU6, STM32H503EBY6TR, STM32H503KBU6, STM32H503RBT6, STM32H523CCT6, STM32H523CCU6, STM32H523CET6, STM32H523CEU6, STM32H523HEY6TR, STM32H523RCT6, STM32H523RET6, STM32H523VCI6, STM32H523VCT6, STM32H523VEI6, STM32H523VET6, STM32H523ZCJ6, STM32H523ZCT6, STM32H523ZEJ6, STM32H523ZET6, STM32H533CET6, STM32H533CEU6, STM32H533HEY6TR, STM32H533RET6, STM32H533VEI6, STM32H533VET6, STM32H533ZEJ6, STM32H533ZET6, STM32H562AGI6, STM32H562AII6, STM32H562IGK6, STM32H562IGT6, STM32H562IIK6, STM32H562IIT6, STM32H562RGT6, STM32H562RGV6, STM32H562RIT6, STM32H562RIV6, STM32H562VGT6, STM32H562VIT6, STM32H562ZGT6, STM32H562ZIT6, STM32H563AGI6, STM32H563AII3Q, STM32H563AII6, STM32H563IGK6, STM32H563IGT6, STM32H563IIK3Q, STM32H563IIK6, STM32H563IIT3Q, STM32H563IIT6, STM32H563MIY3QTR, STM32H563RGT6, STM32H563RGV6, STM32H563RIT6, STM32H563RIV6, STM32H563VGT6, STM32H563VIT3Q, STM32H563VIT6, STM32H563ZGT6, STM32H563ZIT3Q, STM32H563ZIT6, STM32H573AII3Q, STM32H573AII6, STM32H573I-DK, STM32H573IIK3Q, STM32H573IIK6, STM32H573IIT3Q, STM32H573IIT6, STM32H573MIY3QTR, STM32H573RIT6, STM32H573RIV6, STM32H573VIT3Q, STM32H573VIT6, STM32H573ZIT3Q, STM32H573ZIT6, STM32H7R3A8I6, STM32H7R3I8K6, STM32H7R3I8T6, STM32H7R3L8H6, STM32H7R3L8H6H, STM32H7R3R8V6, STM32H7R3V8H6, STM32H7R3V8T6, STM32H7R3V8Y6TR, STM32H7R3Z8J6, STM32H7R3Z8T6, STM32H7R7A8I6, STM32H7R7I8K6, STM32H7R7I8T6, STM32H7R7L8H6, STM32H7R7L8H6H, STM32H7R7Z8J6, STM32H7S3A8I6, STM32H7S3I8K6, STM32H7S3I8T6, STM32H7S3L8H6, STM32H7S3L8H6H, STM32H7S3R8V6, STM32H7S3V8H6, STM32H7S3V8T6, STM32H7S3V8Y6TR, STM32H7S3Z8J6, STM32H7S3Z8T6, STM32H7S78-DK, STM32H7S7A8I6, STM32H7S7I8K6, STM32H7S7I8T6, STM32H7S7L8H6, STM32H7S7L8H6H, STM32H7S7Z8J6, STM32L4R5QGI6STR, STM32MP131AAE3, STM32MP131AAF3, STM32MP131AAG3, STM32MP131CAE3, STM32MP131CAF3, STM32MP131CAG3, STM32MP131DAE7, STM32MP131DAF7, STM32MP131DAG7, STM32MP131FAE7, STM32MP131FAF7, STM32MP131FAG7, STM32MP133AAE3, STM32MP133AAF3, STM32MP133AAG3, STM32MP133CAE3, STM32MP133CAF3, STM32MP133CAG3, STM32MP133DAE7, STM32MP133DAF7, STM32MP133DAG7, STM32MP133FAE7, STM32MP133FAF7, STM32MP133FAG7, STM32MP135AAE3, STM32MP135AAF3, STM32MP135AAG3, STM32MP135CAE3, STM32MP135CAF3, STM32MP135CAG3, STM32MP135DAE7, STM32MP135DAF7, STM32MP135DAG7, STM32MP135F-DK, STM32MP135FAE7, STM32MP135FAF7, STM32MP135FAF7T, STM32MP135FAF7U, STM32MP135FAG7, STM32MP231AAJ3, STM32MP231AAK3, STM32MP231AAL3, STM32MP231CAJ3, STM32MP231CAK3, STM32MP231CAL3, STM32MP231DAJ3, STM32MP231DAK3, STM32MP231DAL3, STM32MP231FAJ3, STM32MP231FAK3, STM32MP231FAL3, STM32MP233AAJ3, STM32MP233AAK3, STM32MP233AAL3, STM32MP233CAJ3, STM32MP233CAK3, STM32MP233CAL3, STM32MP233DAJ3, STM32MP233DAK3, STM32MP233DAL3, STM32MP233FAJ3, STM32MP233FAK3, STM32MP233FAL3, STM32MP235AAJ3, STM32MP235AAK3, STM32MP235AAL3, STM32MP235CAJ3, STM32MP235CAK3, STM32MP235CAL3, STM32MP235DAJ3, STM32MP235DAK3, STM32MP235DAL3, STM32MP235FAJ3, STM32MP235FAK3, STM32MP235FAL3, STM32MP251AAI3, STM32MP251AAJ3, STM32MP251AAK3, STM32MP251AAL3, STM32MP251CAI3, STM32MP251CAJ3, STM32MP251CAK3, STM32MP251CAL3, STM32MP251DAI3, STM32MP251DAJ3, STM32MP251DAK3, STM32MP251DAL3, STM32MP251FAI3, STM32MP251FAJ3, STM32MP251FAK3, STM32MP251FAL3, STM32MP253AAI3, STM32MP253AAJ3, STM32MP253AAK3, STM32MP253AAL3, STM32MP253CAI3, STM32MP253CAJ3, STM32MP253CAK3, STM32MP253CAL3, STM32MP253DAI3, STM32MP253DAJ3, STM32MP253DAK3, STM32MP253DAL3, STM32MP253FAI3, STM32MP253FAJ3, STM32MP253FAK3, STM32MP253FAL3, STM32MP255AAI3, STM32MP255AAJ3, STM32MP255AAK3, STM32MP255AAL3, STM32MP255CAI3, STM32MP255CAJ3, STM32MP255CAK3, STM32MP255CAL3, STM32MP255DAI3, STM32MP255DAJ3, STM32MP255DAK3, STM32MP255DAL3, STM32MP255FAI3, STM32MP255FAJ3, STM32MP255FAK3, STM32MP255FAL3, STM32MP257AAI3, STM32MP257AAJ3, STM32MP257AAK3, STM32MP257AAL3, STM32MP257CAI3, STM32MP257CAJ3, STM32MP257CAK3, STM32MP257CAL3, STM32MP257DAI3, STM32MP257DAJ3, STM32MP257DAK3, STM32MP257DAL3, STM32MP257F-DK, STM32MP257F-EV1, STM32MP257FAI3, STM32MP257FAJ3, STM32MP257FAK3, STM32MP257FAL3, STM32N645A0H3Q, STM32N645B0H3Q, STM32N645I0H3Q, STM32N645L0H3Q, STM32N645X0H3Q, STM32N645Z0H3Q, STM32N647A0H3Q, STM32N647B0H3Q, STM32N647I0H3Q, STM32N647L0H3Q, STM32N647X0H3Q, STM32N647Z0H3Q, STM32N655A0H3Q, STM32N655B0H3Q, STM32N655I0H3Q, STM32N655L0H3Q, STM32N655X0H3Q, STM32N655Z0H3Q, STM32N6570-DK, STM32N657A0H3Q, STM32N657B0H3Q, STM32N657I0H3Q, STM32N657L0H3Q, STM32N657X0H3Q, STM32N657Z0H3Q, STM32U031C6T6, STM32U031C6U6, STM32U031C8T6, STM32U031C8U6, STM32U031F4P6, STM32U031F6P6, STM32U031F8P6, STM32U031G6Y6TR, STM32U031G8Y6TR, STM32U031K4U6, STM32U031K6U6, STM32U031K8U6, STM32U031R6I6, STM32U031R6T6, STM32U031R8I6, STM32U031R8T6, STM32U073C8T6, STM32U073C8U6, STM32U073CBT6, STM32U073CBU6, STM32U073CCT6, STM32U073CCU6, STM32U073H8Y6TR, STM32U073HBY6TR, STM32U073HCY6TR, STM32U073K8U6, STM32U073KBU6, STM32U073KCU6, STM32U073M8I6, STM32U073M8T6, STM32U073MBI6, STM32U073MBT6, STM32U073MCI6, STM32U073MCT6, STM32U073R8I6, STM32U073R8T6, STM32U073RBI6, STM32U073RBT6, STM32U073RCI6, STM32U073RCT6, STM32U083C-DK, STM32U083CCT6, STM32U083CCU6, STM32U083HCY6TR, STM32U083KCU6, STM32U083MCI6, STM32U083MCT6, STM32U083RCI6, STM32U083RCT6, STM32U375CET6, STM32U375CET6Q, STM32U375CEU6, STM32U375CEU6Q, STM32U375CEY6QTR, STM32U375CGT6, STM32U375CGT6Q, STM32U375CGU6, STM32U375CGU6Q, STM32U375CGY6QTR, STM32U375KEU6, STM32U375KGU6, STM32U375REI6, STM32U375REI6Q, STM32U375RET6, STM32U375RET6Q, STM32U375REY6GTR, STM32U375REY6QTR, STM32U375RGI6, STM32U375RGI6Q, STM32U375RGT6, STM32U375RGT6Q, STM32U375RGY6GTR, STM32U375RGY6QTR, STM32U375VEI6, STM32U375VEI6Q, STM32U375VET6, STM32U375VET6Q, STM32U375VGI6, STM32U375VGI6Q, STM32U375VGT6, STM32U375VGT6Q, STM32U385CGT6, STM32U385CGT6Q, STM32U385CGU6, STM32U385CGU6Q, STM32U385CGY6QTR, STM32U385KGU6, STM32U385RGI6, STM32U385RGI6Q, STM32U385RGT6, STM32U385RGT6Q, STM32U385RGY6GTR, STM32U385RGY6QTR, STM32U385VGI6, STM32U385VGI6Q, STM32U385VGT6, STM32U385VGT6Q, STM32U535CBT6, STM32U535CBT6Q, STM32U535CBU6, STM32U535CBU6Q, STM32U535CCT6, STM32U535CCT6Q, STM32U535CCU6, STM32U535CCU6Q, STM32U535CET6, STM32U535CET6Q, STM32U535CEU6, STM32U535CEU6Q, STM32U535JEY6QTR, STM32U535NCY6QTR, STM32U535NEY6QTR, STM32U535RBI6, STM32U535RBI6Q, STM32U535RBT6, STM32U535RBT6Q, STM32U535RCI6, STM32U535RCI6Q, STM32U535RCT6, STM32U535RCT6Q, STM32U535REI6, STM32U535REI6Q, STM32U535RET6, STM32U535RET6Q, STM32U535VCI6, STM32U535VCI6Q, STM32U535VCT6, STM32U535VCT6Q, STM32U535VEI6, STM32U535VEI6Q, STM32U535VET6, STM32U535VET6Q, STM32U545CET6, STM32U545CET6Q, STM32U545CEU6, STM32U545CEU6Q, STM32U545JEY6QTR, STM32U545NEY6QTR, STM32U545REI6, STM32U545REI6Q, STM32U545RET6, STM32U545RET6Q, STM32U545VEI6, STM32U545VEI6Q, STM32U545VET6, STM32U545VET6Q, STM32U595AIH6, STM32U595AIH6Q, STM32U595AJH6, STM32U595AJH6Q, STM32U595QII6, STM32U595QII6Q, STM32U595QJI6, STM32U595QJI6Q, STM32U595RIT6, STM32U595RIT6Q, STM32U595RJT6, STM32U595RJT6Q, STM32U595VIT6, STM32U595VIT6Q, STM32U595VJT6, STM32U595VJT6Q, STM32U595ZIT6, STM32U595ZIT6Q, STM32U595ZIY6QTR, STM32U595ZJT6, STM32U595ZJT6Q, STM32U595ZJY6QTR, STM32U599BJY6QTR, STM32U599NIH6Q, STM32U599NJH6Q, STM32U599VIT6Q, STM32U599VJT6, STM32U599VJT6Q, STM32U599ZIT6Q, STM32U599ZIY6QTR, STM32U599ZJT6Q, STM32U599ZJY6QTR, STM32U5A5AJH6, STM32U5A5AJH6Q, STM32U5A5QII3Q , STM32U5A5QJI6, STM32U5A5QJI6Q, STM32U5A5RJT6, STM32U5A5RJT6Q, STM32U5A5VJT6, STM32U5A5VJT6Q, STM32U5A5ZJT6, STM32U5A5ZJT6Q, STM32U5A5ZJY6QTR, STM32U5A9BJY6QTR, STM32U5A9J-DK, STM32U5A9NJH6Q, STM32U5A9VJT6Q, STM32U5A9ZJT6Q, STM32U5A9ZJY6QTR, STM32U5F7VIT6, STM32U5F7VIT6Q, STM32U5F7VJT6, STM32U5F7VJT6Q, STM32U5F9BJY6QTR, STM32U5F9NJH6Q, STM32U5F9VIT6Q, STM32U5F9VJT6Q, STM32U5F9ZIJ6QTR, STM32U5F9ZIT6Q, STM32U5F9ZJJ6QTR, STM32U5F9ZJT6Q, STM32U5G7VJT6, STM32U5G7VJT6Q, STM32U5G9BJY6QTR, STM32U5G9J-DK1, STM32U5G9J-DK2, STM32U5G9NJH6Q, STM32U5G9VJT6Q, STM32U5G9ZJJ6QTR, STM32U5G9ZJT6Q, STM32WB05KZV6TR, STM32WB05KZV7TR, STM32WB05TZF6TR, STM32WB05TZF7TR, STM32WB06CCF6TR, STM32WB06CCF7TR, STM32WB06CCV6TR, STM32WB06CCV7TR, STM32WB06KCV6TR, STM32WB06KCV7TR, STM32WB07CCF6TR, STM32WB07CCF7TR, STM32WB07CCV6TR, STM32WB07CCV7TR, STM32WB07KCV6TR, STM32WB07KCV7TR, STM32WB09KEV6TR, STM32WB09KEV7TR, STM32WB09TEF6TR, STM32WB09TEF7TR, STM32WB1MMCH6, STM32WBA50KGU6, STM32WBA50KGU6TR, STM32WBA52CEU6, STM32WBA52CEU6TR, STM32WBA52CEU7, STM32WBA52CEU7TR, STM32WBA52CGU6, STM32WBA52CGU6TR, STM32WBA52CGU6U, STM32WBA52CGU7, STM32WBA52CGU7TR, STM32WBA52KEU6, STM32WBA52KEU6TR, STM32WBA52KGU6, STM32WBA52KGU6TR, STM32WBA54CEU6, STM32WBA54CEU6TR, STM32WBA54CEU7, STM32WBA54CEU7TR, STM32WBA54CGU6, STM32WBA54CGU6TR, STM32WBA54CGU7, STM32WBA54CGU7TR, STM32WBA54KEU6, STM32WBA54KEU6TR, STM32WBA54KEU7, STM32WBA54KEU7TR, STM32WBA54KGU6, STM32WBA54KGU6TR, STM32WBA54KGU7, STM32WBA54KGU7TR, STM32WBA55CEU6, STM32WBA55CEU6TR, STM32WBA55CEU7, STM32WBA55CEU7TR, STM32WBA55CGU6, STM32WBA55CGU6TR, STM32WBA55CGU6U, STM32WBA55CGU7, STM32WBA55CGU7TR, STM32WBA55G-DK1, STM32WBA55HEF6, STM32WBA55HEF7, STM32WBA55HGF6, STM32WBA55HGF7, STM32WBA55UEI6, STM32WBA55UEI6TR, STM32WBA55UEI7, STM32WBA55UEI7TR, STM32WBA55UGI6, STM32WBA55UGI6TR, STM32WBA55UGI7, STM32WBA55UGI7TR, STM32WBA5MJGH6TR, STM32WBA62CGU6, STM32WBA62CIU6, STM32WBA62MGF6, STM32WBA62MIF6, STM32WBA62PGI6, STM32WBA62PII6, STM32WBA63CGU6, STM32WBA63CGU7, STM32WBA63CIU6, STM32WBA63CIU7, STM32WBA64CGU6, STM32WBA64CGU7, STM32WBA64CIU6, STM32WBA64CIU7, STM32WBA65CGU6, STM32WBA65CGU7, STM32WBA65CIU6, STM32WBA65CIU7, STM32WBA65I-DK1, STM32WBA65MGF6, STM32WBA65MGF7, STM32WBA65MIF6, STM32WBA65MIF7, STM32WBA65PGI6, STM32WBA65PGI7, STM32WBA65PII6, STM32WBA65PII7, STM32WBA65RGV6, STM32WBA65RGV7, STM32WBA65RIV6, STM32WBA65RIV7, STM32WL30K8V6, STM32WL30KBV6, STM32WL31C8V6, STM32WL31CBV6, STM32WL31K8V6, STM32WL31KBV6, STM32WL33C8V6, STM32WL33C8V6TR, STM32WL33C8V7, STM32WL33C8V7TR, STM32WL33CBV6, STM32WL33CBV6TR, STM32WL33CBV7, STM32WL33CBV7TR, STM32WL33CCV6, STM32WL33CCV6TR, STM32WL33CCV7, STM32WL33CCV7A, STM32WL33CCV7ATR, STM32WL33CCV7TR, STM32WL33K8V6, STM32WL33K8V6TR, STM32WL33K8V7, STM32WL33K8V7TR, STM32WL33KBV6, STM32WL33KBV6TR, STM32WL33KBV7, STM32WL33KBV7TR, STM32WL33KCV6, STM32WL33KCV6TR, STM32WL33KCV7, STM32WL33KCV7TR, STM32WL5MOCH6, STM32WL5MOCH6TR]
2026-06-03 12:30:41,865 [INFO] DbMcus:218 - Found 5082 MCUs, 4964 are supported
2026-06-03 12:30:41,867 [INFO] ApiDb:423 - Load user favorites file C:\Users\hp/.stm32cubeide/favorites.mcus.txt: 0 item(s)
2026-06-03 12:30:41,867 [INFO] ApiDb:427 - User favorites MCUs=[]
2026-06-03 12:30:41,867 [INFO] DbMcus:224 - Set 0 / 0 favorites MCUs
2026-06-03 12:30:43,668 [INFO] ApiDb:448 - Save user favorites file C:\Users\hp/.stm32cubeide/favorites.boards.txt: 1 item(s)
2026-06-03 12:30:43,668 [INFO] ApiDb:452 - User favorites Boards=[STM32F407G-DISC1]
2026-06-03 12:30:43,673 [INFO] ApiDb:581 - Connected to CubeFinder SQLite database (C:\Users\hp\.stmcufinder\plugins\mcufinder\mcu\cube-finder-db.db)
2026-06-03 12:30:43,824 [INFO] ApiDb:668 - CubeFinder database Data Model version=2.1
2026-06-03 12:30:43,826 [INFO] ApiDb:669 - CubeFinder database Configuration version=3.0.42
2026-06-03 12:30:43,827 [INFO] ApiDb:670 - CubeFinder database generation date=2026-05-06 (1778060171)
2026-06-03 12:30:43,828 [INFO] ApiDb:671 - CubeFinder database FW Pack versions=[FP-ATR-ASTRA1_V2.0.0, FP-SNS-FLIGHT1_V5.1.0, FP-SNS-MOTENV1_V5.1.0, FP-SNS-MOTENVWB1_V1.5.0, FP-SNS-SMARTAG2_V1.2.0, FP-SNS-STBOX1_V2.1.0, STM32Cube_FW_C0_V1.4.0, STM32Cube_FW_F4_V1.28.3, STM32Cube_FW_F7_V1.17.4, STM32Cube_FW_G0_V1.6.3, STM32Cube_FW_G4_V1.6.2, STM32Cube_FW_H5_V1.6.0, STM32Cube_FW_H7RS_V1.3.0, STM32Cube_FW_H7_V1.13.0, STM32Cube_FW_L0_V1.12.2, STM32Cube_FW_L4_V1.18.2, STM32Cube_FW_L5_V1.6.0, STM32Cube_FW_N6_V1.3.0, STM32Cube_FW_U0_V1.3.0, STM32Cube_FW_U3_V1.3.0, STM32Cube_FW_U5_V1.8.0, STM32Cube_FW_WB0_V1.4.0, STM32Cube_FW_WBA_V1.9.0, STM32Cube_FW_WB_V1.24.0, STM32Cube_FW_WL3_V1.4.0, STM32Cube_FW_WL_V1.5.0, X-CUBE-ALGOBUILD_V1.4.0, X-CUBE-ALS_V1.0.2, X-CUBE-AZRTOS-F4_V1.1.0, X-CUBE-AZRTOS-F7_V1.1.0, X-CUBE-AZRTOS-G0_V1.1.0, X-CUBE-AZRTOS-G4_V2.0.0, X-CUBE-AZRTOS-H7RS_V1.1.0, X-CUBE-AZRTOS-H7_V3.5.0, X-CUBE-AZRTOS-L4_V2.0.0, X-CUBE-AZRTOS-L5_V2.0.0, X-CUBE-AZRTOS-WB_V2.0.0, X-CUBE-AZRTOS-WL_V2.0.0, X-CUBE-BLE1_V7.1.0, X-CUBE-BLE2_V3.3.0, X-CUBE-BLEMGR_V4.1.0, X-CUBE-EEPRMA1_V5.2.0, X-CUBE-FREERTOS_V1.5.0, X-CUBE-GNSS1_V6.0.0, X-CUBE-MEMS1_V12.0.0, X-CUBE-NFC4_V3.0.0, X-CUBE-NFC7_V2.0.0, X-CUBE-SFXS2LP1_V4.0.0, X-CUBE-ST67W61_V1.2.0, X-CUBE-SUBG2_V5.0.0, X-CUBE-TOF1_V3.4.3]
2026-06-03 12:30:43,954 [INFO] DbBoardsSqlite:226 - include board P-NUCLEO-WB55-NUCLEO as a kit item of type 'Nucleo-64'
2026-06-03 12:30:43,955 [INFO] DbBoardsSqlite:226 - include board P-NUCLEO-WB55-USBDONGLE as a kit item of type 'Nucleo USB Dongle'
2026-06-03 12:30:43,956 [INFO] DbBoardsSqlite:226 - include board STEVAL-IDP005V1 as a kit item of type 'Evaluation Board'
2026-06-03 12:30:43,956 [INFO] DbBoardsSqlite:226 - include board STEVAL-IDP005V2 as a kit item of type 'Evaluation Board'
2026-06-03 12:30:44,137 [INFO] ApiDb:240 - Found 895 in-development CPN: [B-G473E-ZEST1S, B-WB1M-WPAN1, B-WBA5M-WPAN, B-WL5M-SUBG1, NUCLEO-C031C6, NUCLEO-C051C8, NUCLEO-C071RB, NUCLEO-C092RC, NUCLEO-H503RB, NUCLEO-H533RE, NUCLEO-H563ZI, NUCLEO-H7S3L8, NUCLEO-N657X0-Q, NUCLEO-U031R8, NUCLEO-U083RC, NUCLEO-U385RG-Q, NUCLEO-U545RE-Q, NUCLEO-U5A5ZJ-Q, NUCLEO-WB05KZ, NUCLEO-WB07CC, NUCLEO-WB09KE, NUCLEO-WBA52CG, NUCLEO-WBA55CG, NUCLEO-WBA65RI, NUCLEO-WL33CC1, NUCLEO-WL33CC2, STEVAL-PROTEUS1, STEVAL-SMARTAG2, STEVAL-STWINBX1, STM320518-EVAL, STM32C0116-DK, STM32C011D6Y3TR, STM32C011D6Y6TR, STM32C011F4P3, STM32C011F4P6, STM32C011F4U3, STM32C011F4U6TR, STM32C011F6P3, STM32C011F6P6, STM32C011F6U3, STM32C011F6U6TR, STM32C011J4M3, STM32C011J4M6, STM32C011J6M3, STM32C011J6M6, STM32C0316-DK, STM32C031C4T3, STM32C031C4T6, STM32C031C4U3, STM32C031C4U6, STM32C031C6T3, STM32C031C6T6, STM32C031C6U3, STM32C031C6U6, STM32C031F4P3, STM32C031F4P6, STM32C031F6P3, STM32C031F6P6, STM32C031G4U3, STM32C031G4U6, STM32C031G6U3, STM32C031G6U6, STM32C031K4T3, STM32C031K4T6, STM32C031K4U3, STM32C031K4U6, STM32C031K6T3, STM32C031K6T6, STM32C031K6U3, STM32C031K6U6, STM32C051C6T6, STM32C051C6U6, STM32C051C8T6, STM32C051C8U6, STM32C051D8Y6TR, STM32C051F6P6, STM32C051F8P6, STM32C051G6U6, STM32C051G8U6, STM32C051K6T6, STM32C051K6U6, STM32C051K8T6, STM32C071C8T6, STM32C071C8T6N, STM32C071C8U6, STM32C071C8U6N, STM32C071CBT6, STM32C071CBT6N, STM32C071CBU6, STM32C071CBU6N, STM32C071F8P6, STM32C071F8P6N, STM32C071FBP6, STM32C071FBP6N, STM32C071FBY6TR, STM32C071G8U6, STM32C071G8U6N, STM32C071GBU6, STM32C071GBU6N, STM32C071K8T6, STM32C071K8T6N, STM32C071K8U6, STM32C071K8U6N, STM32C071KBT6, STM32C071KBT6N, STM32C071KBU6, STM32C071KBU6N, STM32C071R8T6, STM32C071R8T6N, STM32C071RBI6N, STM32C071RBT6, STM32C071RBT6N, STM32C091CBT6, STM32C091CBU6, STM32C091CCT6, STM32C091CCU6, STM32C091ECY6TR, STM32C091FBP6, STM32C091FCP6, STM32C091GBU6, STM32C091GCU6, STM32C091KBT6, STM32C091KBU6, STM32C091KCT6, STM32C091KCU6, STM32C091RBT6, STM32C091RCI6, STM32C091RCT6, STM32C092CBT6, STM32C092CBU6, STM32C092CCT6, STM32C092CCU6, STM32C092ECY6TR, STM32C092FBP6, STM32C092FCP6, STM32C092GBU6, STM32C092GCU6, STM32C092KBT6, STM32C092KBU6, STM32C092KCT6, STM32C092KCU6, STM32C092RBT6, STM32C092RCI6, STM32C092RCT6, STM32G071K8TXN, STM32G071K8UXN, STM32G081GBU6N, STM32G081KBT6N, STM32G081KBUXN, STM32G0B1CCT6N, STM32G0B1KCT6, STM32G0B1NEY6TR, STM32G0B1RCT6N, STM32G0C1CCT6, STM32G0C1CCT6N, STM32G0C1CCU6N, STM32G0C1CET6N, STM32G0C1CEU6N, STM32G0C1KCT6, STM32G0C1NEY6TR, STM32G0C1RCI6N, STM32G0C1RCT6N, STM32G0C1REI6N, STM32G0C1RET6N, STM32G0C1VCI6, STM32G0C1VEI6, STM32G411C6T3, STM32G411C6T6, STM32G411C6U3, STM32G411C6U6, STM32G411C8T3, STM32G411C8T6, STM32G411C8U3, STM32G411C8U6, STM32G411CBT3, STM32G411CBT6, STM32G411CBU3, STM32G411CBU6, STM32G411CCT3, STM32G411CCT6, STM32G411CCU3, STM32G411CCU6, STM32G411K6T3, STM32G411K6T6, STM32G411K6U3, STM32G411K6U6, STM32G411K8T3, STM32G411K8T6, STM32G411K8U3, STM32G411K8U6, STM32G411KBT3, STM32G411KBT6, STM32G411KBU3, STM32G411KBU6, STM32G411M6T3, STM32G411M6T6, STM32G411M8T3, STM32G411M8T6, STM32G411MBT3, STM32G411MBT6, STM32G411MCT3, STM32G411MCT6, STM32G411R6T3, STM32G411R6T6, STM32G411R8T3, STM32G411R8T6, STM32G411RBT3, STM32G411RBT6, STM32G411RCT3, STM32G411RCT6, STM32G414CBT3, STM32G414CBT6, STM32G414CBU3, STM32G414CBU6, STM32G414CCT3, STM32G414CCT6, STM32G414CCU3, STM32G414CCU6, STM32G414MBT3, STM32G414MBT6, STM32G414MCT3, STM32G414MCT6, STM32G414RBT3, STM32G414RBT6, STM32G414RCT3, STM32G414RCT6, STM32G414VBT3, STM32G414VBT6, STM32G414VCT3, STM32G414VCT6, STM32G431CBT3Z, STM32G431RBT3Z, STM32G471CCT6, STM32G471CCU6, STM32G471CET3, STM32G471CET6, STM32G471CEU3, STM32G471CEU6, STM32G471MCT6, STM32G471MET3, STM32G471MET6, STM32G471MEY6TR, STM32G471QCT6, STM32G471QET3, STM32G471RCT6, STM32G471RET3, STM32G471RET6, STM32G471VCH6, STM32G471VCI6, STM32G471VCT6, STM32G471VEH3, STM32G471VEH6, STM32G471VEI3, STM32G471VEI6, STM32G471VET3, STM32G471VET6, STM32G473QET3Z, STM32G473RET3Z, STM32G474CCT6, STM32G491RET3Z, STM32H503CBT6, STM32H503CBU6, STM32H503EBY6TR, STM32H503KBU6, STM32H503RBT6, STM32H523CCT6, STM32H523CCU6, STM32H523CET6, STM32H523CEU6, STM32H523HEY6TR, STM32H523RCT6, STM32H523RET6, STM32H523VCI6, STM32H523VCT6, STM32H523VEI6, STM32H523VET6, STM32H523ZCJ6, STM32H523ZCT6, STM32H523ZEJ6, STM32H523ZET6, STM32H533CET6, STM32H533CEU6, STM32H533HEY6TR, STM32H533RET6, STM32H533VEI6, STM32H533VET6, STM32H533ZEJ6, STM32H533ZET6, STM32H562AGI6, STM32H562AII6, STM32H562IGK6, STM32H562IGT6, STM32H562IIK6, STM32H562IIT6, STM32H562RGT6, STM32H562RGV6, STM32H562RIT6, STM32H562RIV6, STM32H562VGT6, STM32H562VIT6, STM32H562ZGT6, STM32H562ZIT6, STM32H563AGI6, STM32H563AII3Q, STM32H563AII6, STM32H563IGK6, STM32H563IGT6, STM32H563IIK3Q, STM32H563IIK6, STM32H563IIT3Q, STM32H563IIT6, STM32H563MIY3QTR, STM32H563RGT6, STM32H563RGV6, STM32H563RIT6, STM32H563RIV6, STM32H563VGT6, STM32H563VIT3Q, STM32H563VIT6, STM32H563ZGT6, STM32H563ZIT3Q, STM32H563ZIT6, STM32H573AII3Q, STM32H573AII6, STM32H573I-DK, STM32H573IIK3Q, STM32H573IIK6, STM32H573IIT3Q, STM32H573IIT6, STM32H573MIY3QTR, STM32H573RIT6, STM32H573RIV6, STM32H573VIT3Q, STM32H573VIT6, STM32H573ZIT3Q, STM32H573ZIT6, STM32H7R3A8I6, STM32H7R3I8K6, STM32H7R3I8T6, STM32H7R3L8H6, STM32H7R3L8H6H, STM32H7R3R8V6, STM32H7R3V8H6, STM32H7R3V8T6, STM32H7R3V8Y6TR, STM32H7R3Z8J6, STM32H7R3Z8T6, STM32H7R7A8I6, STM32H7R7I8K6, STM32H7R7I8T6, STM32H7R7L8H6, STM32H7R7L8H6H, STM32H7R7Z8J6, STM32H7S3A8I6, STM32H7S3I8K6, STM32H7S3I8T6, STM32H7S3L8H6, STM32H7S3L8H6H, STM32H7S3R8V6, STM32H7S3V8H6, STM32H7S3V8T6, STM32H7S3V8Y6TR, STM32H7S3Z8J6, STM32H7S3Z8T6, STM32H7S78-DK, STM32H7S7A8I6, STM32H7S7I8K6, STM32H7S7I8T6, STM32H7S7L8H6, STM32H7S7L8H6H, STM32H7S7Z8J6, STM32L4R5QGI6STR, STM32MP131AAE3, STM32MP131AAF3, STM32MP131AAG3, STM32MP131CAE3, STM32MP131CAF3, STM32MP131CAG3, STM32MP131DAE7, STM32MP131DAF7, STM32MP131DAG7, STM32MP131FAE7, STM32MP131FAF7, STM32MP131FAG7, STM32MP133AAE3, STM32MP133AAF3, STM32MP133AAG3, STM32MP133CAE3, STM32MP133CAF3, STM32MP133CAG3, STM32MP133DAE7, STM32MP133DAF7, STM32MP133DAG7, STM32MP133FAE7, STM32MP133FAF7, STM32MP133FAG7, STM32MP135AAE3, STM32MP135AAF3, STM32MP135AAG3, STM32MP135CAE3, STM32MP135CAF3, STM32MP135CAG3, STM32MP135DAE7, STM32MP135DAF7, STM32MP135DAG7, STM32MP135F-DK, STM32MP135FAE7, STM32MP135FAF7, STM32MP135FAF7T, STM32MP135FAF7U, STM32MP135FAG7, STM32MP231AAJ3, STM32MP231AAK3, STM32MP231AAL3, STM32MP231CAJ3, STM32MP231CAK3, STM32MP231CAL3, STM32MP231DAJ3, STM32MP231DAK3, STM32MP231DAL3, STM32MP231FAJ3, STM32MP231FAK3, STM32MP231FAL3, STM32MP233AAJ3, STM32MP233AAK3, STM32MP233AAL3, STM32MP233CAJ3, STM32MP233CAK3, STM32MP233CAL3, STM32MP233DAJ3, STM32MP233DAK3, STM32MP233DAL3, STM32MP233FAJ3, STM32MP233FAK3, STM32MP233FAL3, STM32MP235AAJ3, STM32MP235AAK3, STM32MP235AAL3, STM32MP235CAJ3, STM32MP235CAK3, STM32MP235CAL3, STM32MP235DAJ3, STM32MP235DAK3, STM32MP235DAL3, STM32MP235FAJ3, STM32MP235FAK3, STM32MP235FAL3, STM32MP251AAI3, STM32MP251AAJ3, STM32MP251AAK3, STM32MP251AAL3, STM32MP251CAI3, STM32MP251CAJ3, STM32MP251CAK3, STM32MP251CAL3, STM32MP251DAI3, STM32MP251DAJ3, STM32MP251DAK3, STM32MP251DAL3, STM32MP251FAI3, STM32MP251FAJ3, STM32MP251FAK3, STM32MP251FAL3, STM32MP253AAI3, STM32MP253AAJ3, STM32MP253AAK3, STM32MP253AAL3, STM32MP253CAI3, STM32MP253CAJ3, STM32MP253CAK3, STM32MP253CAL3, STM32MP253DAI3, STM32MP253DAJ3, STM32MP253DAK3, STM32MP253DAL3, STM32MP253FAI3, STM32MP253FAJ3, STM32MP253FAK3, STM32MP253FAL3, STM32MP255AAI3, STM32MP255AAJ3, STM32MP255AAK3, STM32MP255AAL3, STM32MP255CAI3, STM32MP255CAJ3, STM32MP255CAK3, STM32MP255CAL3, STM32MP255DAI3, STM32MP255DAJ3, STM32MP255DAK3, STM32MP255DAL3, STM32MP255FAI3, STM32MP255FAJ3, STM32MP255FAK3, STM32MP255FAL3, STM32MP257AAI3, STM32MP257AAJ3, STM32MP257AAK3, STM32MP257AAL3, STM32MP257CAI3, STM32MP257CAJ3, STM32MP257CAK3, STM32MP257CAL3, STM32MP257DAI3, STM32MP257DAJ3, STM32MP257DAK3, STM32MP257DAL3, STM32MP257F-DK, STM32MP257F-EV1, STM32MP257FAI3, STM32MP257FAJ3, STM32MP257FAK3, STM32MP257FAL3, STM32N645A0H3Q, STM32N645B0H3Q, STM32N645I0H3Q, STM32N645L0H3Q, STM32N645X0H3Q, STM32N645Z0H3Q, STM32N647A0H3Q, STM32N647B0H3Q, STM32N647I0H3Q, STM32N647L0H3Q, STM32N647X0H3Q, STM32N647Z0H3Q, STM32N655A0H3Q, STM32N655B0H3Q, STM32N655I0H3Q, STM32N655L0H3Q, STM32N655X0H3Q, STM32N655Z0H3Q, STM32N6570-DK, STM32N657A0H3Q, STM32N657B0H3Q, STM32N657I0H3Q, STM32N657L0H3Q, STM32N657X0H3Q, STM32N657Z0H3Q, STM32U031C6T6, STM32U031C6U6, STM32U031C8T6, STM32U031C8U6, STM32U031F4P6, STM32U031F6P6, STM32U031F8P6, STM32U031G6Y6TR, STM32U031G8Y6TR, STM32U031K4U6, STM32U031K6U6, STM32U031K8U6, STM32U031R6I6, STM32U031R6T6, STM32U031R8I6, STM32U031R8T6, STM32U073C8T6, STM32U073C8U6, STM32U073CBT6, STM32U073CBU6, STM32U073CCT6, STM32U073CCU6, STM32U073H8Y6TR, STM32U073HBY6TR, STM32U073HCY6TR, STM32U073K8U6, STM32U073KBU6, STM32U073KCU6, STM32U073M8I6, STM32U073M8T6, STM32U073MBI6, STM32U073MBT6, STM32U073MCI6, STM32U073MCT6, STM32U073R8I6, STM32U073R8T6, STM32U073RBI6, STM32U073RBT6, STM32U073RCI6, STM32U073RCT6, STM32U083C-DK, STM32U083CCT6, STM32U083CCU6, STM32U083HCY6TR, STM32U083KCU6, STM32U083MCI6, STM32U083MCT6, STM32U083RCI6, STM32U083RCT6, STM32U375CET6, STM32U375CET6Q, STM32U375CEU6, STM32U375CEU6Q, STM32U375CEY6QTR, STM32U375CGT6, STM32U375CGT6Q, STM32U375CGU6, STM32U375CGU6Q, STM32U375CGY6QTR, STM32U375KEU6, STM32U375KGU6, STM32U375REI6, STM32U375REI6Q, STM32U375RET6, STM32U375RET6Q, STM32U375REY6GTR, STM32U375REY6QTR, STM32U375RGI6, STM32U375RGI6Q, STM32U375RGT6, STM32U375RGT6Q, STM32U375RGY6GTR, STM32U375RGY6QTR, STM32U375VEI6, STM32U375VEI6Q, STM32U375VET6, STM32U375VET6Q, STM32U375VGI6, STM32U375VGI6Q, STM32U375VGT6, STM32U375VGT6Q, STM32U385CGT6, STM32U385CGT6Q, STM32U385CGU6, STM32U385CGU6Q, STM32U385CGY6QTR, STM32U385KGU6, STM32U385RGI6, STM32U385RGI6Q, STM32U385RGT6, STM32U385RGT6Q, STM32U385RGY6GTR, STM32U385RGY6QTR, STM32U385VGI6, STM32U385VGI6Q, STM32U385VGT6, STM32U385VGT6Q, STM32U535CBT6, STM32U535CBT6Q, STM32U535CBU6, STM32U535CBU6Q, STM32U535CCT6, STM32U535CCT6Q, STM32U535CCU6, STM32U535CCU6Q, STM32U535CET6, STM32U535CET6Q, STM32U535CEU6, STM32U535CEU6Q, STM32U535JEY6QTR, STM32U535NCY6QTR, STM32U535NEY6QTR, STM32U535RBI6, STM32U535RBI6Q, STM32U535RBT6, STM32U535RBT6Q, STM32U535RCI6, STM32U535RCI6Q, STM32U535RCT6, STM32U535RCT6Q, STM32U535REI6, STM32U535REI6Q, STM32U535RET6, STM32U535RET6Q, STM32U535VCI6, STM32U535VCI6Q, STM32U535VCT6, STM32U535VCT6Q, STM32U535VEI6, STM32U535VEI6Q, STM32U535VET6, STM32U535VET6Q, STM32U545CET6, STM32U545CET6Q, STM32U545CEU6, STM32U545CEU6Q, STM32U545JEY6QTR, STM32U545NEY6QTR, STM32U545REI6, STM32U545REI6Q, STM32U545RET6, STM32U545RET6Q, STM32U545VEI6, STM32U545VEI6Q, STM32U545VET6, STM32U545VET6Q, STM32U595AIH6, STM32U595AIH6Q, STM32U595AJH6, STM32U595AJH6Q, STM32U595QII6, STM32U595QII6Q, STM32U595QJI6, STM32U595QJI6Q, STM32U595RIT6, STM32U595RIT6Q, STM32U595RJT6, STM32U595RJT6Q, STM32U595VIT6, STM32U595VIT6Q, STM32U595VJT6, STM32U595VJT6Q, STM32U595ZIT6, STM32U595ZIT6Q, STM32U595ZIY6QTR, STM32U595ZJT6, STM32U595ZJT6Q, STM32U595ZJY6QTR, STM32U599BJY6QTR, STM32U599NIH6Q, STM32U599NJH6Q, STM32U599VIT6Q, STM32U599VJT6, STM32U599VJT6Q, STM32U599ZIT6Q, STM32U599ZIY6QTR, STM32U599ZJT6Q, STM32U599ZJY6QTR, STM32U5A5AJH6, STM32U5A5AJH6Q, STM32U5A5QII3Q , STM32U5A5QJI6, STM32U5A5QJI6Q, STM32U5A5RJT6, STM32U5A5RJT6Q, STM32U5A5VJT6, STM32U5A5VJT6Q, STM32U5A5ZJT6, STM32U5A5ZJT6Q, STM32U5A5ZJY6QTR, STM32U5A9BJY6QTR, STM32U5A9J-DK, STM32U5A9NJH6Q, STM32U5A9VJT6Q, STM32U5A9ZJT6Q, STM32U5A9ZJY6QTR, STM32U5F7VIT6, STM32U5F7VIT6Q, STM32U5F7VJT6, STM32U5F7VJT6Q, STM32U5F9BJY6QTR, STM32U5F9NJH6Q, STM32U5F9VIT6Q, STM32U5F9VJT6Q, STM32U5F9ZIJ6QTR, STM32U5F9ZIT6Q, STM32U5F9ZJJ6QTR, STM32U5F9ZJT6Q, STM32U5G7VJT6, STM32U5G7VJT6Q, STM32U5G9BJY6QTR, STM32U5G9J-DK1, STM32U5G9J-DK2, STM32U5G9NJH6Q, STM32U5G9VJT6Q, STM32U5G9ZJJ6QTR, STM32U5G9ZJT6Q, STM32WB05KZV6TR, STM32WB05KZV7TR, STM32WB05TZF6TR, STM32WB05TZF7TR, STM32WB06CCF6TR, STM32WB06CCF7TR, STM32WB06CCV6TR, STM32WB06CCV7TR, STM32WB06KCV6TR, STM32WB06KCV7TR, STM32WB07CCF6TR, STM32WB07CCF7TR, STM32WB07CCV6TR, STM32WB07CCV7TR, STM32WB07KCV6TR, STM32WB07KCV7TR, STM32WB09KEV6TR, STM32WB09KEV7TR, STM32WB09TEF6TR, STM32WB09TEF7TR, STM32WB1MMCH6, STM32WBA50KGU6, STM32WBA50KGU6TR, STM32WBA52CEU6, STM32WBA52CEU6TR, STM32WBA52CEU7, STM32WBA52CEU7TR, STM32WBA52CGU6, STM32WBA52CGU6TR, STM32WBA52CGU6U, STM32WBA52CGU7, STM32WBA52CGU7TR, STM32WBA52KEU6, STM32WBA52KEU6TR, STM32WBA52KGU6, STM32WBA52KGU6TR, STM32WBA54CEU6, STM32WBA54CEU6TR, STM32WBA54CEU7, STM32WBA54CEU7TR, STM32WBA54CGU6, STM32WBA54CGU6TR, STM32WBA54CGU7, STM32WBA54CGU7TR, STM32WBA54KEU6, STM32WBA54KEU6TR, STM32WBA54KEU7, STM32WBA54KEU7TR, STM32WBA54KGU6, STM32WBA54KGU6TR, STM32WBA54KGU7, STM32WBA54KGU7TR, STM32WBA55CEU6, STM32WBA55CEU6TR, STM32WBA55CEU7, STM32WBA55CEU7TR, STM32WBA55CGU6, STM32WBA55CGU6TR, STM32WBA55CGU6U, STM32WBA55CGU7, STM32WBA55CGU7TR, STM32WBA55G-DK1, STM32WBA55HEF6, STM32WBA55HEF7, STM32WBA55HGF6, STM32WBA55HGF7, STM32WBA55UEI6, STM32WBA55UEI6TR, STM32WBA55UEI7, STM32WBA55UEI7TR, STM32WBA55UGI6, STM32WBA55UGI6TR, STM32WBA55UGI7, STM32WBA55UGI7TR, STM32WBA5MJGH6TR, STM32WBA62CGU6, STM32WBA62CIU6, STM32WBA62MGF6, STM32WBA62MIF6, STM32WBA62PGI6, STM32WBA62PII6, STM32WBA63CGU6, STM32WBA63CGU7, STM32WBA63CIU6, STM32WBA63CIU7, STM32WBA64CGU6, STM32WBA64CGU7, STM32WBA64CIU6, STM32WBA64CIU7, STM32WBA65CGU6, STM32WBA65CGU7, STM32WBA65CIU6, STM32WBA65CIU7, STM32WBA65I-DK1, STM32WBA65MGF6, STM32WBA65MGF7, STM32WBA65MIF6, STM32WBA65MIF7, STM32WBA65PGI6, STM32WBA65PGI7, STM32WBA65PII6, STM32WBA65PII7, STM32WBA65RGV6, STM32WBA65RGV7, STM32WBA65RIV6, STM32WBA65RIV7, STM32WL30K8V6, STM32WL30KBV6, STM32WL31C8V6, STM32WL31CBV6, STM32WL31K8V6, STM32WL31KBV6, STM32WL33C8V6, STM32WL33C8V6TR, STM32WL33C8V7, STM32WL33C8V7TR, STM32WL33CBV6, STM32WL33CBV6TR, STM32WL33CBV7, STM32WL33CBV7TR, STM32WL33CCV6, STM32WL33CCV6TR, STM32WL33CCV7, STM32WL33CCV7A, STM32WL33CCV7ATR, STM32WL33CCV7TR, STM32WL33K8V6, STM32WL33K8V6TR, STM32WL33K8V7, STM32WL33K8V7TR, STM32WL33KBV6, STM32WL33KBV6TR, STM32WL33KBV7, STM32WL33KBV7TR, STM32WL33KCV6, STM32WL33KCV6TR, STM32WL33KCV7, STM32WL33KCV7TR, STM32WL5MOCH6, STM32WL5MOCH6TR]
2026-06-03 12:30:44,650 [INFO] BoardInfo:889 - No configuration file found for board NUCLEO-H5E5ZJ
2026-06-03 12:30:44,654 [INFO] DbBoards:161 - Board is not supported: NUCLEO-H5E5ZJ
2026-06-03 12:30:44,828 [INFO] BoardInfo:889 - No configuration file found for board NUCLEO-U3C5ZI-Q
2026-06-03 12:30:44,831 [INFO] DbBoards:161 - Board is not supported: NUCLEO-U3C5ZI-Q
2026-06-03 12:30:44,879 [INFO] BoardInfo:889 - No configuration file found for board NUCLEO-WBA25CE1
2026-06-03 12:30:44,882 [INFO] DbBoards:161 - Board is not supported: NUCLEO-WBA25CE1
2026-06-03 12:30:44,911 [INFO] BoardInfo:889 - No configuration file found for board NUCLEO-WL3RKB1
2026-06-03 12:30:44,914 [INFO] DbBoards:161 - Board is not supported: NUCLEO-WL3RKB1
2026-06-03 12:30:44,917 [INFO] BoardInfo:889 - No configuration file found for board NUCLEO-WL3RKB2
2026-06-03 12:30:44,920 [INFO] DbBoards:161 - Board is not supported: NUCLEO-WL3RKB2
2026-06-03 12:30:44,946 [INFO] BoardInfo:889 - No configuration file found for board P-NUCLEO-WB55
2026-06-03 12:30:44,949 [INFO] DbBoards:161 - Kit is not supported: P-NUCLEO-WB55
2026-06-03 12:30:44,968 [INFO] BoardInfo:889 - No configuration file found for board STEVAL-BFA001V1B
2026-06-03 12:30:44,971 [INFO] DbBoards:161 - Kit is not supported: STEVAL-BFA001V1B
2026-06-03 12:30:44,974 [INFO] BoardInfo:889 - No configuration file found for board STEVAL-BFA001V2B
2026-06-03 12:30:44,980 [INFO] DbBoards:161 - Kit is not supported: STEVAL-BFA001V2B
2026-06-03 12:30:45,481 [INFO] BoardInfo:889 - No configuration file found for board STM32H5F5J-DK
2026-06-03 12:30:45,485 [INFO] DbBoards:161 - Board is not supported: STM32H5F5J-DK
2026-06-03 12:30:45,748 [INFO] BoardInfo:889 - No configuration file found for board STM32MP215F-DK
2026-06-03 12:30:45,752 [INFO] DbBoards:161 - Board is not supported: STM32MP215F-DK
2026-06-03 12:30:45,842 [INFO] DbBoards:168 - Found 218 boards, 208 are supported
2026-06-03 12:30:45,843 [INFO] DbBoards:169 - Found 218 boards, 43 of them is supported for  Bsp
2026-06-03 12:30:45,857 [INFO] ApiDb:423 - Load user favorites file C:\Users\hp/.stm32cubeide/favorites.boards.txt: 1 item(s)
2026-06-03 12:30:45,858 [INFO] ApiDb:427 - User favorites Boards=[STM32F407G-DISC1]
2026-06-03 12:30:45,859 [INFO] DbBoards:198 - Set 1 / 1 favorites Boards
2026-06-03 12:30:45,961 [ERROR] TargetSelectorAdapter:267 - Unable to refresh data
2026-06-03 12:30:46,510 [INFO] McuFinderGlobals:76 - Set McuFinderConnectedMode to true
2026-06-03 12:30:46,540 [INFO] MultiScanPanel:200 - Auto-refresh data requested => check proxy status ongoing
2026-06-03 12:30:46,553 [INFO] FinderPluginLoader:95 - Searching for filters in installed packs
2026-06-03 12:30:50,730 [INFO] LoadUrlFilesThread:185 - End of LoadServerUrlFiles without Thread
2026-06-03 12:30:50,819 [INFO] DetailPanel:341 - Set advertising image to C:/Users/hp/STM32Cube/Repository/\en.prom-stm32wl3r-0526.jpg
2026-06-03 12:30:58,865 [INFO] MultiScanPanel:200 - Auto-refresh data requested => check proxy status ongoing
2026-06-03 12:30:59,333 [INFO] LoadUrlFilesThread:185 - End of LoadServerUrlFiles without Thread
2026-06-03 12:30:59,334 [INFO] DetailPanel:341 - Set advertising image to C:/Users/hp/STM32Cube/Repository/\en.prom-stm32wl3r-0526.jpg
2026-06-03 12:30:59,368 [INFO] DbBoards:642 - Loading board mini-images...
2026-06-03 12:31:05,448 [INFO] DbBoards:665 - Loaded 218 board mini-images
2026-06-03 12:34:01,883 [INFO] MainUpdater:2872 - connection check result : 10
2026-06-03 12:34:01,884 [INFO] MainUpdater:2872 - connection check result : 10
2026-06-03 12:34:02,349 [INFO] MicroXplorer:468 - Change Database Path : 
2026-06-03 12:34:02,350 [INFO] MicroXplorer:498 - Change Database Version : DB.6.0.140
2026-06-03 12:34:02,453 [ERROR] ProjectManagerView:394 - 
java.lang.NullPointerException: Cannot invoke "javax.swing.JTextField.getText()" because the return value of "java.util.List.get(int)" is null
	at com.st.microxplorer.plugins.projectmanager.gui.ProjectChoiceTab$9.caretUpdate(ProjectChoiceTab.java:2678) ~[filemanager.jar:?]
	at javax.swing.text.JTextComponent.fireCaretUpdate(JTextComponent.java:408) ~[?:?]
	at javax.swing.text.JTextComponent$MutableCaretEvent.fire(JTextComponent.java:4484) ~[?:?]
	at javax.swing.text.JTextComponent$MutableCaretEvent.stateChanged(JTextComponent.java:4506) ~[?:?]
	at javax.swing.text.DefaultCaret.fireStateChanged(DefaultCaret.java:857) ~[?:?]
	at javax.swing.text.DefaultCaret.changeCaretPosition(DefaultCaret.java:1343) ~[?:?]
	at javax.swing.text.DefaultCaret.handleSetDot(DefaultCaret.java:1242) ~[?:?]
	at javax.swing.text.DefaultCaret.setDot(DefaultCaret.java:1223) ~[?:?]
	at javax.swing.text.DefaultCaret$Handler.insertUpdate(DefaultCaret.java:1819) ~[?:?]
	at javax.swing.text.AbstractDocument.fireInsertUpdate(AbstractDocument.java:227) ~[?:?]
	at javax.swing.text.AbstractDocument.handleInsertString(AbstractDocument.java:781) ~[?:?]
	at javax.swing.text.AbstractDocument.insertString(AbstractDocument.java:740) ~[?:?]
	at javax.swing.text.PlainDocument.insertString(PlainDocument.java:131) ~[?:?]
	at javax.swing.text.AbstractDocument.replace(AbstractDocument.java:699) ~[?:?]
	at javax.swing.text.JTextComponent.setText(JTextComponent.java:1725) ~[?:?]
	at com.st.microxplorer.plugins.projectmanager.gui.ProjectChoiceTab.createHeapStackFields(ProjectChoiceTab.java:979) ~[filemanager.jar:?]
	at com.st.microxplorer.plugins.projectmanager.gui.ProjectChoiceTab.buildLinkSettingsPanel(ProjectChoiceTab.java:3766) ~[filemanager.jar:?]
	at com.st.microxplorer.plugins.projectmanager.gui.ProjectChoiceTab.defineWindowsFields(ProjectChoiceTab.java:1962) ~[filemanager.jar:?]
	at com.st.microxplorer.plugins.projectmanager.gui.ProjectChoiceTab.updateSettings(ProjectChoiceTab.java:555) ~[filemanager.jar:?]
	at com.st.microxplorer.plugins.projectmanager.gui.ProjectSettingsPanel.UpdateDialog(ProjectSettingsPanel.java:245) ~[filemanager.jar:?]
	at com.st.microxplorer.plugins.projectmanager.ProjectManagerView.propertyChange(ProjectManagerView.java:391) ~[filemanager.jar:?]
	at java.beans.PropertyChangeSupport.fire(PropertyChangeSupport.java:343) ~[?:?]
	at java.beans.PropertyChangeSupport.firePropertyChange(PropertyChangeSupport.java:335) ~[?:?]
	at java.beans.PropertyChangeSupport.firePropertyChange(PropertyChangeSupport.java:268) ~[?:?]
	at com.st.microxplorer.util.MXPropertyChangeSupport.firePropertyChange(MXPropertyChangeSupport.java:54) ~[STM32CubeMX.jar:?]
	at com.st.microxplorer.mxsystem.MxSystem.closeConfig(MxSystem.java:899) ~[STM32CubeMX.jar:?]
	at com.st.microxplorer.maingui.MainPanel.closeConfig(MainPanel.java:789) ~[STM32CubeMX.jar:?]
	at com.st.microxplorer.plugins.filemanager.engine.OpenFileManager.loadConfigurationFile(OpenFileManager.java:287) ~[filemanager.jar:?]
	at com.st.microxplorer.plugins.filemanager.engine.MainFileManager.userLoadConfig(MainFileManager.java:341) ~[filemanager.jar:?]
	at com.st.microxplorer.plugins.filemanager.FileManagerView.getSpecificTask(FileManagerView.java:250) ~[filemanager.jar:?]
	at com.st.stm32cube.common.mx.editor.CubeMxEditor.getMxTabbedPaneInstance(CubeMxEditor.java:1191) ~[com.st.stm32cube.common.mx_6.14.0.202502271554/:?]
	at com.st.stm32cube.common.mx.editor.CubeMxEditor$12$1.createSwingComponent(CubeMxEditor.java:1068) ~[com.st.stm32cube.common.mx_6.14.0.202502271554/:?]
	at com.st.stm32cube.common.mx.oss.core.awtswtbridge.EmbeddedSwingComposite.doComponentCreation(EmbeddedSwingComposite.java:492) ~[com.st.stm32cube.common.mx.oss_6.14.0.202502271554/:?]
	at com.st.stm32cube.common.mx.oss.core.awtswtbridge.EmbeddedSwingComposite$4.run(EmbeddedSwingComposite.java:291) ~[com.st.stm32cube.common.mx.oss_6.14.0.202502271554/:?]
	at com.st.stm32cube.common.mx.oss.core.awtswtbridge.AwtEnvironment$2.run(AwtEnvironment.java:166) ~[com.st.stm32cube.common.mx.oss_6.14.0.202502271554/:?]
	at java.awt.event.InvocationEvent.dispatch(InvocationEvent.java:318) ~[?:?]
	at java.awt.EventQueue.dispatchEventImpl(EventQueue.java:773) ~[?:?]
	at java.awt.EventQueue$4.run(EventQueue.java:720) ~[?:?]
	at java.awt.EventQueue$4.run(EventQueue.java:714) ~[?:?]
	at java.security.AccessController.doPrivileged(AccessController.java:400) ~[?:?]
	at java.security.ProtectionDomain$JavaSecurityAccessImpl.doIntersectionPrivilege(ProtectionDomain.java:87) ~[?:?]
	at java.awt.EventQueue.dispatchEvent(EventQueue.java:742) ~[?:?]
	at java.awt.EventDispatchThread.pumpOneEventForFilters(EventDispatchThread.java:203) ~[?:?]
	at java.awt.EventDispatchThread.pumpEventsForFilter(EventDispatchThread.java:124) ~[?:?]
	at java.awt.EventDispatchThread.pumpEventsForHierarchy(EventDispatchThread.java:113) ~[?:?]
	at java.awt.EventDispatchThread.pumpEvents(EventDispatchThread.java:109) ~[?:?]
	at java.awt.EventDispatchThread.pumpEvents(EventDispatchThread.java:101) ~[?:?]
	at java.awt.EventDispatchThread.run(EventDispatchThread.java:90) ~[?:?]
2026-06-03 12:34:02,501 [WARN] ThirdParty:871 - waiting for thirdparty lock release [close project]
2026-06-03 12:34:02,502 [INFO] ThirdParty:873 - entering critical section [close project]
2026-06-03 12:34:02,502 [INFO] ThirdParty:883 - exiting critical section [close project]
2026-06-03 12:34:02,511 [INFO] PinOutPanel:1589 - setPackage(No Configuration,No Configuration)
2026-06-03 12:34:02,561 [WARN] IpParametersView:155 - Warning: This peripheral hasn't parameters
2026-06-03 12:34:02,602 [WARN] MainPanel:289 - <html><b><center>Warning: This peripheral has no parameters to be configured<br></b></html>
2026-06-03 12:34:02,634 [INFO] UtilMem:75 - Begin LoadConfig() Used Memory: 1048592608 Bytes (1073741824)
2026-06-03 12:34:02,637 [INFO] OpenFileManager:354 - Change cursor
2026-06-03 12:34:02,818 [INFO] RulesReader:64 - Compatibility file has been processed (301 Rules)
2026-06-03 12:34:02,846 [INFO] ProjectFactory:442 - No CPN specified for board STM32F407G-DISC1 => set CPN to STM32F407VGT6
2026-06-03 12:34:02,848 [INFO] Mcu:2011 - Initializing MCU STM32F407V(E-G)Tx STM32F407VGTx STM32F407VGT6
2026-06-03 12:34:08,555 [INFO] Context:756 - Trying to add GPIOservice into a context  which must be forbidden
2026-06-03 12:34:10,266 [INFO] Rule:224 - rule 117617 - U5Cobra4M][GTZC] default value MPCBB3 and MPCBB5 - Not Secured memory - MPCBB1 is applicable
2026-06-03 12:34:10,267 [INFO] Rule:224 - rule 117617 - U5Cobra4M][GTZC] default value MPCBB3 and MPCBB5 - Not Secured memory - MPCBB1 is applicable
2026-06-03 12:34:10,268 [INFO] Rule:224 - rule 117617 - U5Cobra4M][GTZC] default value MPCBB3 and MPCBB5 - Not Secured memory - MPCBB2 is applicable
2026-06-03 12:34:10,268 [INFO] Rule:224 - rule 117617 - U5Cobra4M][GTZC] default value MPCBB3 and MPCBB5 - Not Secured memory - MPCBB2 is applicable
2026-06-03 12:34:10,269 [INFO] Rule:224 - rule 117617 - U5Cobra4M][GTZC] default value MPCBB3 and MPCBB5 - Not Secured memory - MPCBB3 is applicable
2026-06-03 12:34:10,269 [INFO] Rule:224 - rule 117617 - U5Cobra4M][GTZC] default value MPCBB3 and MPCBB5 - Not Secured memory - MPCBB3 is applicable
2026-06-03 12:34:10,269 [INFO] Rule:224 - rule 117617 - U5Cobra4M][GTZC] default value MPCBB3 and MPCBB5 - Not Secured memory - MPCBB4 is applicable
2026-06-03 12:34:10,269 [INFO] Rule:224 - rule 117617 - U5Cobra4M][GTZC] default value MPCBB3 and MPCBB5 - Not Secured memory - MPCBB4 is applicable
2026-06-03 12:34:10,269 [INFO] Rule:224 - rule 117617 - U5Cobra4M][GTZC] default value MPCBB3 and MPCBB5 - Secured memory - MPCBB1 is applicable
2026-06-03 12:34:10,269 [INFO] Rule:224 - rule 117617 - U5Cobra4M][GTZC] default value MPCBB3 and MPCBB5 - Secured memory - MPCBB2 is applicable
2026-06-03 12:34:10,269 [INFO] Rule:224 - rule 117617 - U5Cobra4M][GTZC] default value MPCBB3 and MPCBB5 - Secured memory - MPCBB3 is applicable
2026-06-03 12:34:10,270 [INFO] Rule:224 - rule 117617 - U5Cobra4M][GTZC] default value MPCBB3 and MPCBB5 - Secured memory - MPCBB4 is applicable
2026-06-03 12:34:10,270 [INFO] Rule:224 - rule 117617 - U5Cobra4M][GTZC] default value MPCBB3 and MPCBB5 - Privileged memory - MPCBB1 is applicable
2026-06-03 12:34:10,270 [INFO] Rule:224 - rule 117617 - U5Cobra4M][GTZC] default value MPCBB3 and MPCBB5 - Privileged memory - MPCBB2 is applicable
2026-06-03 12:34:10,270 [INFO] Rule:224 - rule 117617 - U5Cobra4M][GTZC] default value MPCBB3 and MPCBB5 - Privileged memory - MPCBB3 is applicable
2026-06-03 12:34:10,271 [INFO] Rule:224 - rule 117617 - U5Cobra4M][GTZC] default value MPCBB3 and MPCBB5 - Privileged memory - MPCBB4 is applicable
2026-06-03 12:34:10,271 [INFO] Rule:224 - rule 117617 - U5Cobra4M][GTZC] default value MPCBB3 and MPCBB5 - Not Privileged memory - MPCBB1 is applicable
2026-06-03 12:34:10,272 [INFO] Rule:224 - rule 117617 - U5Cobra4M][GTZC] default value MPCBB3 and MPCBB5 - Not Privileged memory - MPCBB2 is applicable
2026-06-03 12:34:10,273 [INFO] Rule:224 - rule 117617 - U5Cobra4M][GTZC] default value MPCBB3 and MPCBB5 - Not Privileged memory - MPCBB3 is applicable
2026-06-03 12:34:10,274 [INFO] Rule:224 - rule 117617 - U5Cobra4M][GTZC] default value MPCBB3 and MPCBB5 - Not Privileged memory - MPCBB4 is applicable
2026-06-03 12:34:10,275 [INFO] Rule:224 - rule 117617 - U5Cobra4M][GTZC] default value MPCBB3 and MPCBB5 - Privileged memory - MPCBB1 is applicable
2026-06-03 12:34:10,276 [INFO] Rule:224 - rule 117617 - U5Cobra4M][GTZC] default value MPCBB3 and MPCBB5 - Privileged memory - MPCBB2 is applicable
2026-06-03 12:34:10,276 [INFO] Rule:224 - rule 117617 - U5Cobra4M][GTZC] default value MPCBB3 and MPCBB5 - Privileged memory - MPCBB3 is applicable
2026-06-03 12:34:10,276 [INFO] Rule:224 - rule 117617 - U5Cobra4M][GTZC] default value MPCBB3 and MPCBB5 - Privileged memory - MPCBB4 is applicable
2026-06-03 12:34:10,276 [INFO] Rule:224 - rule 117617 - U5Cobra4M][GTZC] default value MPCBB3 and MPCBB5 - Privileged memory - MPCBB1 is applicable
2026-06-03 12:34:10,276 [INFO] Rule:224 - rule 117617 - U5Cobra4M][GTZC] default value MPCBB3 and MPCBB5 - Privileged memory - MPCBB2 is applicable
2026-06-03 12:34:10,277 [INFO] Rule:224 - rule 117617 - U5Cobra4M][GTZC] default value MPCBB3 and MPCBB5 - Privileged memory - MPCBB3 is applicable
2026-06-03 12:34:10,277 [INFO] Rule:224 - rule 117617 - U5Cobra4M][GTZC] default value MPCBB3 and MPCBB5 - Privileged memory - MPCBB4 is applicable
2026-06-03 12:34:10,278 [INFO] Rule:224 - rule 117617 - U5Cobra4M][GTZC] default value MPCBB3 and MPCBB5 - Not Privileged memory - MPCBB1 is applicable
2026-06-03 12:34:10,278 [INFO] Rule:224 - rule 117617 - U5Cobra4M][GTZC] default value MPCBB3 and MPCBB5 - Not Privileged memory - MPCBB2 is applicable
2026-06-03 12:34:10,278 [INFO] Rule:224 - rule 117617 - U5Cobra4M][GTZC] default value MPCBB3 and MPCBB5 - Not Privileged memory - MPCBB3 is applicable
2026-06-03 12:34:10,278 [INFO] Rule:224 - rule 117617 - U5Cobra4M][GTZC] default value MPCBB3 and MPCBB5 - Not Privileged memory - MPCBB4 is applicable
2026-06-03 12:34:10,278 [INFO] Rule:224 - rule 117617 - U5Cobra4M][GTZC] default value MPCBB3 and MPCBB5 - Privileged memory - MPCBB1 is applicable
2026-06-03 12:34:10,278 [INFO] Rule:224 - rule 117617 - U5Cobra4M][GTZC] default value MPCBB3 and MPCBB5 - Privileged memory - MPCBB2 is applicable
2026-06-03 12:34:10,278 [INFO] Rule:224 - rule 117617 - U5Cobra4M][GTZC] default value MPCBB3 and MPCBB5 - Privileged memory - MPCBB3 is applicable
2026-06-03 12:34:10,278 [INFO] Rule:224 - rule 117617 - U5Cobra4M][GTZC] default value MPCBB3 and MPCBB5 - Privileged memory - MPCBB4 is applicable
2026-06-03 12:34:10,279 [INFO] Rule:224 - rule Rename SubGHz_Phy SUBGHZ_APPLICATION SUBGHZ_PINGPONG to SUBGHZ_ADV_APPLICATION is applicable
2026-06-03 12:34:10,279 [INFO] Rule:224 - rule Rename Enabled to IBEACON is applicable
2026-06-03 12:34:10,279 [INFO] Rule:224 - rule GTZC_S instance for project manager is applicable
2026-06-03 12:34:10,279 [INFO] Rule:224 - rule GTZC_S instance for context M33S is applicable
2026-06-03 12:34:10,279 [INFO] Rule:224 - rule GTZC_S instance value for IP GTZC is applicable
2026-06-03 12:34:10,279 [INFO] Rule:224 - rule GTZC_S instance for mcu.IP is applicable
2026-06-03 12:34:10,279 [INFO] Rule:224 - rule GTZC_S instance for VP is applicable
2026-06-03 12:34:10,280 [INFO] Rule:224 - rule GTZC_S instance for signal is applicable
2026-06-03 12:34:10,280 [INFO] Rule:224 - rule GTZC_S instance for mcu.Pin is applicable
2026-06-03 12:34:10,280 [INFO] Rule:224 - rule GTZC_S instance for VP is applicable
2026-06-03 12:34:10,280 [INFO] Rule:224 - rule GTZC_S instance for signal is applicable
2026-06-03 12:34:10,280 [INFO] Rule:224 - rule GTZC_S instance for mcu is applicable
2026-06-03 12:34:10,280 [INFO] Rule:224 - rule GTZC_S instance for mcu.Pin is applicable
2026-06-03 12:34:10,280 [INFO] Rule:224 - rule GTZC_S instance value for IP GTZC is applicable
2026-06-03 12:34:10,280 [INFO] Rule:224 - rule GTZC_S instance for project manager is applicable
2026-06-03 12:34:10,281 [INFO] Rule:224 - rule GTZC_S instance for context M33S is applicable
2026-06-03 12:34:10,281 [INFO] Rule:224 - rule GTZC_S instance for VP is applicable
2026-06-03 12:34:10,281 [INFO] Rule:224 - rule GTZC_S instance for signal is applicable
2026-06-03 12:34:10,281 [INFO] Rule:224 - rule SPDIFRX instance for mcu is applicable
2026-06-03 12:34:10,281 [INFO] Rule:224 - rule Rename Tracer Mode is applicable
2026-06-03 12:34:10,281 [INFO] Rule:224 - rule SPDIFRX instance value for IP SPDIFRX is applicable
2026-06-03 12:34:10,281 [INFO] Rule:224 - rule SPDIFRX instance for signal is applicable
2026-06-03 12:34:10,282 [INFO] Rule:224 - rule SPDIFRX instance for project manager is applicable
2026-06-03 12:34:10,282 [INFO] Rule:224 - rule SPDIFRX instance for project manager is applicable
2026-06-03 12:34:10,282 [INFO] Rule:224 - rule ADC Scan  fix with FW F7 is applicable
2026-06-03 12:34:10,282 [INFO] Rule:224 - rule ADC Scan  fix with FW F7 is applicable
2026-06-03 12:34:10,282 [INFO] Rule:224 - rule WakeUp0 Mode is applicable
2026-06-03 12:34:10,282 [INFO] Rule:224 - rule WakeUp0 SIGNAL is applicable
2026-06-03 12:34:10,282 [INFO] Rule:224 - rule WakeUp1 Mode is applicable
2026-06-03 12:34:10,282 [INFO] Rule:224 - rule WakeUp1 SIGNAL is applicable
2026-06-03 12:34:10,282 [INFO] Rule:224 - rule WakeUp2 Mode is applicable
2026-06-03 12:34:10,283 [INFO] Rule:224 - rule WakeUp2 SIGNAL is applicable
2026-06-03 12:34:10,283 [INFO] Rule:224 - rule WakeUp4 Mode is applicable
2026-06-03 12:34:10,283 [INFO] Rule:224 - rule WakeUp4 SIGNAL is applicable
2026-06-03 12:34:10,283 [INFO] Rule:224 - rule WakeUp5 Mode is applicable
2026-06-03 12:34:10,283 [INFO] Rule:224 - rule WakeUp5 SIGNAL is applicable
2026-06-03 12:34:10,283 [INFO] Rule:224 - rule Add RTC Activate Clock Source is applicable
2026-06-03 12:34:10,283 [INFO] Rule:224 - rule Add RTC Activate Calendar 1 is applicable
2026-06-03 12:34:10,283 [INFO] Rule:224 - rule Add RTC Activate Calendar 2 is applicable
2026-06-03 12:34:10,283 [INFO] Rule:224 - rule Add RTC Activate Calendar 3 is applicable
2026-06-03 12:34:10,283 [INFO] Rule:224 - rule UART/USART TX Mode is applicable
2026-06-03 12:34:10,283 [INFO] Rule:224 - rule UART/USART RX Mode is applicable
2026-06-03 12:34:10,284 [INFO] Rule:224 - rule UART/USART RX TX Mode is applicable
2026-06-03 12:34:10,284 [INFO] Rule:224 - rule UART/USART PARITY NONE is applicable
2026-06-03 12:34:10,284 [INFO] Rule:224 - rule UART/USART PARITY EVEN is applicable
2026-06-03 12:34:10,284 [INFO] Rule:224 - rule UART/USART PARITY ODD is applicable
2026-06-03 12:34:10,284 [INFO] Rule:224 - rule USART StopBits 1 is applicable
2026-06-03 12:34:10,284 [INFO] Rule:224 - rule USART StopBits 2 is applicable
2026-06-03 12:34:10,284 [INFO] Rule:224 - rule USART StopBits 1.5 is applicable
2026-06-03 12:34:10,284 [INFO] Rule:224 - rule USART StopBits 0.5 is applicable
2026-06-03 12:34:10,284 [INFO] Rule:224 - rule UART/USART WORD LENGTH 7 is applicable
2026-06-03 12:34:10,284 [INFO] Rule:224 - rule UART/USART WORD LENGTH 8 is applicable
2026-06-03 12:34:10,285 [INFO] Rule:224 - rule UART/USART WORD LENGTH 9 is applicable
2026-06-03 12:34:10,285 [INFO] Rule:224 - rule Rename FMC NAND NCE signal is applicable
2026-06-03 12:34:10,285 [INFO] Rule:224 - rule Rename FMC NAND INT signal is applicable
2026-06-03 12:34:10,285 [INFO] Rule:224 - rule Change Default Value for LSE Drive Capability for WB family is applicable
2026-06-03 12:34:10,285 [INFO] Rule:224 - rule Change Default Value for ADC Clock Prescaler G0 family is applicable
2026-06-03 12:34:10,285 [INFO] Rule:224 - rule Change Default Value for ADC ExternalTrigConv L4 family is applicable
2026-06-03 12:34:10,285 [INFO] Rule:224 - rule Change Default Value for ADC ExternalTrigInjecConv L4 family is applicable
2026-06-03 12:34:10,285 [INFO] Rule:224 - rule Change Default Value for ADC ExternalTrigConv F3 family is applicable
2026-06-03 12:34:10,285 [INFO] Rule:224 - rule Change Default Value for ADC ExternalTrigInjecConv F3 family is applicable
2026-06-03 12:34:10,285 [INFO] Rule:224 - rule Change Default Value for ADC ExternalTrigConv Goldfish serie is applicable
2026-06-03 12:34:10,285 [INFO] Rule:224 - rule Change Default Value for ADC ExternalTrigInjecConv Goldfish serie is applicable
2026-06-03 12:34:10,286 [INFO] Rule:224 - rule Change Default Value for ADC ExternalTrigConv L0 family is applicable
2026-06-03 12:34:10,286 [INFO] Rule:224 - rule Change Default Value for ADC ExternalTrigConv F0 family is applicable
2026-06-03 12:34:10,286 [INFO] Rule:224 - rule Change Default Value for ADC ExternalTrigConvn L1 family is applicable
2026-06-03 12:34:10,286 [INFO] Rule:224 - rule Change Default Value for ADC ExternalTrigInjecConv L1 family is applicable
2026-06-03 12:34:10,286 [INFO] Rule:224 - rule Change Default Value for ADC ExternalTrigConv F1 family is applicable
2026-06-03 12:34:10,287 [INFO] Rule:224 - rule Change Default Value for ADC ExternalTrigInjecConv F1 family is applicable
2026-06-03 12:34:10,288 [INFO] Rule:224 - rule Change Default Value for ADC ExternalTrigConv F7 family is applicable
2026-06-03 12:34:10,289 [INFO] Rule:224 - rule Change Default Value for ADC ExternalTrigInjecConv F7 family is applicable
2026-06-03 12:34:10,290 [INFO] Rule:224 - rule Change Default Value for ADC ExternalTrigConv F4 and F2 family is applicable
2026-06-03 12:34:10,291 [INFO] Rule:224 - rule Change Default Value for ADC ExternalTrigInjecConv F4 and F2 family is applicable
2026-06-03 12:34:10,292 [INFO] Rule:224 - rule ADC SamplingTime fix with FW L0  is applicable
2026-06-03 12:34:10,292 [INFO] Rule:224 - rule ADC SamplingTime fix with FW L0  is applicable
2026-06-03 12:34:10,292 [INFO] Rule:224 - rule ADC SamplingTime fix with FW L0 is applicable
2026-06-03 12:34:10,292 [INFO] Rule:224 - rule ADC SamplingTime fix with FW L0 is applicable
2026-06-03 12:34:10,292 [INFO] Rule:224 - rule ADC SamplingTime fix with FW L0  is applicable
2026-06-03 12:34:10,293 [INFO] Rule:224 - rule ADC SamplingTime fix with FW L0 is applicable
2026-06-03 12:34:10,293 [INFO] Rule:224 - rule Rename USB_OE Signal is applicable
2026-06-03 12:34:10,293 [INFO] Rule:224 - rule Rename Activate_OE Mode is applicable
2026-06-03 12:34:10,293 [INFO] Rule:224 - rule Rename DIE462/DIE415 pin PC14/OSC32_IN -> PC14-OSC32_IN (PC14) is applicable
2026-06-03 12:34:10,293 [INFO] Rule:224 - rule Rename DIE462/DIE415 pin PC15/OSC32_OUT -> PC15-OSC32_OUT (PC15) is applicable
2026-06-03 12:34:10,293 [INFO] Rule:224 - rule Rename DIE462/DIE415 pin PH0/OSC_IN -> PH0-OSC_IN (PH0) is applicable
2026-06-03 12:34:10,293 [INFO] Rule:224 - rule Rename DIE462/DIE415 pin PH1/OSC_OUT -> PH1-OSC_OUT (PH1) is applicable
2026-06-03 12:34:10,293 [INFO] Rule:224 - rule Rename DIE462 pin PA13 -> PA13 (JTMS/SWDIO) is applicable
2026-06-03 12:34:10,293 [INFO] Rule:224 - rule Rename DIE415 pin PA13 -> PA13 (JTMS/SWDIO) is applicable
2026-06-03 12:34:10,293 [INFO] Rule:224 - rule Rename DIE462 pin PA14 -> PA14 (JTCK/SWCLK) is applicable
2026-06-03 12:34:10,293 [INFO] Rule:224 - rule Rename DIE415 pin PA14 -> PA14 (JTCK/SWCLK) is applicable
2026-06-03 12:34:10,294 [INFO] Rule:224 - rule Rename DIE462/DIE415 pin PA15 -> PA15 (JTDI) is applicable
2026-06-03 12:34:10,294 [INFO] Rule:224 - rule Rename DIE462 pin PB3 -> PB3 (JTD0/TRACESWO) is applicable
2026-06-03 12:34:10,294 [INFO] Rule:224 - rule Rename DIE415 pin PB3 -> PB3 (JTD0-TRACESWO) is applicable
2026-06-03 12:34:10,294 [INFO] Rule:224 - rule Rename DIE462/DIE415 pin PB4 -> PB4 (NJTRST) is applicable
2026-06-03 12:34:10,294 [INFO] Rule:224 - rule Rename DIE462 pin PH3/BOOT0 -> PH3-BOOT0 (BOOT0) is applicable
2026-06-03 12:34:10,294 [INFO] Rule:224 - rule Rename CRYP DataEncryptionTypesList to Algorithm is applicable
2026-06-03 12:34:10,294 [INFO] Rule:224 - rule Rename AES DataEncryptionTypesList to Algorithm is applicable
2026-06-03 12:34:10,294 [INFO] Rule:224 - rule Rename TDESECB to CRYP_TDES_ECB is applicable
2026-06-03 12:34:10,294 [INFO] Rule:224 - rule Rename TDESCBC to CRYP_TDES_CBC is applicable
2026-06-03 12:34:10,294 [INFO] Rule:224 - rule Rename DESECB to CRYP_DES_ECB is applicable
2026-06-03 12:34:10,294 [INFO] Rule:224 - rule Rename DESCBC to CRYP_DES_CBC is applicable
2026-06-03 12:34:10,294 [INFO] Rule:224 - rule Rename AESECB to CRYP_AES_ECB is applicable
2026-06-03 12:34:10,295 [INFO] Rule:224 - rule Rename AESCBC to CRYP_AES_CBC is applicable
2026-06-03 12:34:10,295 [INFO] Rule:224 - rule Rename AESCTR to CRYP_AES_CTR is applicable
2026-06-03 12:34:10,295 [INFO] Rule:224 - rule Rename AESGCM to CRYP_AES_GCM is applicable
2026-06-03 12:34:10,295 [INFO] Rule:224 - rule Rename AESCCM to CRYP_AES_CCM is applicable
2026-06-03 12:34:10,295 [INFO] Rule:224 - rule Rename CAN TimeSeg1 to BS1 is applicable
2026-06-03 12:34:10,295 [INFO] Rule:224 - rule Rename CAN TimeSeg2 to BS2 is applicable
2026-06-03 12:34:10,295 [INFO] Rule:224 - rule Rename CAN SyncJumpWidth to SJW is applicable
2026-06-03 12:34:10,295 [INFO] Rule:224 - rule TimeTriggeredMode to TTCM is applicable
2026-06-03 12:34:10,296 [INFO] Rule:224 - rule Rename CAN AutoBusOff to ABOM is applicable
2026-06-03 12:34:10,296 [INFO] Rule:224 - rule Rename CAN AutoWakeUp to AWUM is applicable
2026-06-03 12:34:10,296 [INFO] Rule:224 - rule Rename CAN AutoRetransmission to NART is applicable
2026-06-03 12:34:10,296 [INFO] Rule:224 - rule Rename CAN ReceiveFifoLocked to RFLM is applicable
2026-06-03 12:34:10,296 [INFO] Rule:224 - rule Rename CAN TransmitFifoPriority to TXFP is applicable
2026-06-03 12:34:10,296 [INFO] Rule:224 - rule Rename HRTIMER HRTIM_OUTPUTFAULTLEVEL_HIGH in HRTIMER HRTIM_OUTPUTFAULTLEVEL_HIGHZ is applicable
2026-06-03 12:34:10,296 [INFO] Rule:224 - rule Rename TIMER TIM_CLEARINPUTSOURCE_OCREFCLR in  TIMER TIM_CLEARINPUTSOURCE_NONE for F7 family is applicable
2026-06-03 12:34:10,296 [INFO] Rule:224 - rule FDCAN_R1 - Rename FDCAN mode Master into Classic is applicable
2026-06-03 12:34:10,296 [INFO] Rule:224 - rule FDCAN_R2 - Rename FDCAN mode Slave into Classic is applicable
2026-06-03 12:34:10,296 [INFO] Rule:224 - rule FDCAN1_R3 - if PA10.Mode=FullDuplex, add Pin PA12 is applicable
2026-06-03 12:34:10,296 [INFO] Rule:224 - rule FDCAN1_R3 - if PA9.Mode=FullDuplex, add Pin PA11 is applicable
2026-06-03 12:34:10,296 [INFO] Rule:224 - rule FDCAN1_R3 - Alternatepin_1 - if PE1.Mode=FullDuplex, add Pin PB9 is applicable
2026-06-03 12:34:10,296 [INFO] Rule:224 - rule FDCAN1_R3 - Alternatepin_1 - if PE0.Mode=FullDuplex, add Pin PB8 is applicable
2026-06-03 12:34:10,296 [INFO] Rule:224 - rule FDCAN1_R3 - Alternatepin_2 - if PD5.Mode=FullDuplex, add Pin PD1 is applicable
2026-06-03 12:34:10,297 [INFO] Rule:224 - rule FDCAN1_R3 - Alternatepin_2 - if PD4.Mode=FullDuplex, add Pin PD0 is applicable
2026-06-03 12:34:10,297 [INFO] Rule:224 - rule FDCAN1_R4 - Rename Mode FullDuplex into Enable FDCAN_TXFD for pin PA10 is applicable
2026-06-03 12:34:10,297 [INFO] Rule:224 - rule FDCAN1_R4 - Rename Mode FullDuplex into Enable FDCAN_TXFD for pin PA9 is applicable
2026-06-03 12:34:10,297 [INFO] Rule:224 - rule FDCAN1_R4 - Alternatepin_1 - Rename Mode FullDuplex into Enable FDCAN_TXFD for pin PE1 is applicable
2026-06-03 12:34:10,297 [INFO] Rule:224 - rule FDCAN1_R4 - Alternatepin_1 - Rename Mode FullDuplex into Enable FDCAN_TXFD for pin PE0 is applicable
2026-06-03 12:34:10,297 [INFO] Rule:224 - rule FDCAN1_R4 - Alternatepin_2 - Rename Mode FullDuplex into Enable FDCAN_TXFD for pin PD5 is applicable
2026-06-03 12:34:10,297 [INFO] Rule:224 - rule FDCAN1_R4 - Alternatepin_2 - Rename Mode FullDuplex into Enable FDCAN_TXFD for pin PD4 is applicable
2026-06-03 12:34:10,297 [INFO] Rule:224 - rule FDCAN2_R3 - if PD10.Mode=FullDuplex, add Pin PB13 is applicable
2026-06-03 12:34:10,297 [INFO] Rule:224 - rule FDCAN2_R3 - if PD9.Mode=FullDuplex, add Pin PB12 is applicable
2026-06-03 12:34:10,298 [INFO] Rule:224 - rule FDCAN2_R3 - Alternatepin_1 - if PB7.Mode=FullDuplex, add Pin PB6 is applicable
2026-06-03 12:34:10,298 [INFO] Rule:224 - rule FDCAN2_R3 - Alternatepin_1 - if PD9.Mode=FullDuplex, add Pin PB12 is applicable
2026-06-03 12:34:10,298 [INFO] Rule:224 - rule FDCAN2_R4 - Rename Mode FullDuplex into Enable FDCAN_TXFD for pin PD10 is applicable
2026-06-03 12:34:10,298 [INFO] Rule:224 - rule FDCAN2_R4 - Rename Mode FullDuplex into Enable FDCAN_TXFD for pin PD9 is applicable
2026-06-03 12:34:10,298 [INFO] Rule:224 - rule FDCAN2_R4 - Alternatepin_1 - Rename Mode FullDuplex into Enable FDCAN_TXFD for pin PB7 is applicable
2026-06-03 12:34:10,298 [INFO] Rule:224 - rule FDCAN2_R4 - Alternatepin_1 - Rename Mode FullDuplex into Enable FDCAN_TXFD for pin PD6 is applicable
2026-06-03 12:34:10,298 [INFO] Rule:224 - rule USART TxPinLevelInvertParam Mode is applicable
2026-06-03 12:34:10,298 [INFO] Rule:224 - rule USART RxPinLevelInvertParam Mode is applicable
2026-06-03 12:34:10,298 [INFO] Rule:224 - rule USART DataInvertParam Mode is applicable
2026-06-03 12:34:10,298 [INFO] Rule:224 - rule USART SwapParam Mode is applicable
2026-06-03 12:34:10,298 [INFO] Rule:224 - rule USART OverrunDisableParam Mode is applicable
2026-06-03 12:34:10,299 [INFO] Rule:224 - rule USART DMADisableonRxErrorParam Mode is applicable
2026-06-03 12:34:10,299 [INFO] Rule:224 - rule USART MSBFirstParam Mode is applicable
2026-06-03 12:34:10,299 [INFO] Rule:224 - rule Update MwName for USB_DEVICE is applicable
2026-06-03 12:34:10,299 [INFO] Rule:224 - rule Change PWR_Regulator_Voltage_Scale Default Value for RCC  H7 family is applicable
2026-06-03 12:34:10,299 [INFO] Rule:224 - rule UART/USART IPParameter rename Prescaler parameter to ClockPrescaler is applicable
2026-06-03 12:34:10,299 [INFO] Rule:224 - rule UART/USART Prescaler rename Prescaler parameter to ClockPrescaler is applicable
2026-06-03 12:34:10,299 [INFO] Rule:224 - rule TIM1CLockSelection is applicable
2026-06-03 12:34:10,299 [INFO] Rule:224 - rule TIM15CLockSelection is applicable
2026-06-03 12:34:10,299 [INFO] Rule:224 - rule align RCC SDMMC3CLockSelection default value on MP1 is applicable
2026-06-03 12:34:10,299 [INFO] Rule:224 - rule align RCC SDMMC12CLockSelection default value on MP1 is applicable
2026-06-03 12:34:10,299 [INFO] Rule:224 - rule align RCC QSPICLockSelection default value on MP1 is applicable
2026-06-03 12:34:10,299 [INFO] Rule:224 - rule align RCC QSPICLockSelection default value on MP1 is applicable
2026-06-03 12:34:10,300 [INFO] Rule:224 - rule align RCC SPI6CLockSelection default value on MP1 is applicable
2026-06-03 12:34:10,300 [INFO] Rule:224 - rule align RCC LPTIM23CLockSelection default value on MP1 is applicable
2026-06-03 12:34:10,300 [INFO] Rule:224 - rule align RCC LPTIM1CLockSelection default value on MP1 is applicable
2026-06-03 12:34:10,300 [INFO] Rule:224 - rule align RCC USART1CLockSelection default value on MP1 is applicable
2026-06-03 12:34:10,300 [INFO] Rule:224 - rule align RCC USART24CLockSelection default value on MP1 is applicable
2026-06-03 12:34:10,300 [INFO] Rule:224 - rule align RCC USART6CLockSelection default value on MP1 is applicable
2026-06-03 12:34:10,300 [INFO] Rule:224 - rule align RCC UART78CLockSelection default value on MP1 is applicable
2026-06-03 12:34:10,300 [INFO] Rule:224 - rule align RCC USART35CLockSelection default value on MP1 is applicable
2026-06-03 12:34:10,300 [INFO] Rule:224 - rule align RCC SPI45CLockSelection default value on MP1 is applicable
2026-06-03 12:34:10,300 [INFO] Rule:224 - rule align RCC I2C46CLockSelection BCLK value on MP1 is applicable
2026-06-03 12:34:10,300 [INFO] Rule:224 - rule align RCC SPI45CLockSelection default value on MP1 is applicable
2026-06-03 12:34:10,300 [INFO] Rule:224 - rule align RCC I2C12CLockSelection default value on MP1 is applicable
2026-06-03 12:34:10,301 [INFO] Rule:224 - rule align RCC I2C35CLockSelection default value on MP1 is applicable
2026-06-03 12:34:10,301 [INFO] Rule:224 - rule align RCC LPTIM45CLockSelection default value on MP1 is applicable
2026-06-03 12:34:10,301 [INFO] Rule:224 - rule Rename DCMI PIXCK signal is applicable
2026-06-03 12:34:10,301 [INFO] Rule:224 - rule Change Default Value for I2C46CLockSelection MP1 family is applicable
2026-06-03 12:34:10,301 [INFO] Rule:224 - rule Change Default Value for UART for G4, G0 and WB families is applicable
2026-06-03 12:34:10,301 [INFO] Rule:224 - rule Change Default Value for USART for G4, G0 and WB families is applicable
2026-06-03 12:34:10,301 [INFO] Rule:224 - rule Change Default Value for USART for G4 family is applicable
2026-06-03 12:34:10,301 [INFO] Rule:224 - rule Change USART1CLockSelection refparam name for MP1 is applicable
2026-06-03 12:34:10,301 [INFO] Rule:224 - rule Change USART2CLockSelection refparam name for MP1 is applicable
2026-06-03 12:34:10,301 [INFO] Rule:224 - rule Change USART3CLockSelection refparam name for MP1 is applicable
2026-06-03 12:34:10,301 [INFO] Rule:224 - rule Change UART4CLockSelection refparam name for MP1 is applicable
2026-06-03 12:34:10,301 [INFO] Rule:224 - rule Change UART5CLockSelection refparam name for MP1 is applicable
2026-06-03 12:34:10,301 [INFO] Rule:224 - rule Change LPUART1CLockSelection refparam name for MP1 is applicable
2026-06-03 12:34:10,302 [INFO] Rule:224 - rule Change LPTIM1CLockSelection refparam name for MP1 is applicable
2026-06-03 12:34:10,302 [INFO] Rule:224 - rule Change LPTIM2CLockSelection refparam name for MP1 is applicable
2026-06-03 12:34:10,302 [INFO] Rule:224 - rule Change RCC_MCO1Source refparam name for MP1 is applicable
2026-06-03 12:34:10,302 [INFO] Rule:224 - rule Change LSCOSource1 refparam name for MP1 is applicable
2026-06-03 12:34:10,302 [INFO] Rule:224 - rule Change SMPSCLockSelection refparam name for MP1 is applicable
2026-06-03 12:34:10,302 [INFO] Rule:224 - rule Change LPTIM3CLockSelection refparam name for MP1 is applicable
2026-06-03 12:34:10,302 [INFO] Rule:224 - rule Change MPCBB* Default Template Mode to Parameters is applicable
2026-06-03 12:34:10,302 [INFO] Rule:224 - rule Change MPCWM* or MPCBB* Secure Mode to Parameters is applicable
2026-06-03 12:34:10,302 [INFO] Rule:224 - rule Change MPCWM* or MPCBB* No Secure Mode to Parameters is applicable
2026-06-03 12:34:10,302 [INFO] Rule:224 - rule Change TZSC IP Secure Mode to Parameters is applicable
2026-06-03 12:34:10,303 [INFO] Rule:224 - rule Change TZSC IP No Secure Mode to Parameters is applicable
2026-06-03 12:34:10,303 [INFO] Rule:224 - rule Change TZSC IP Privilege Mode to Parameters is applicable
2026-06-03 12:34:10,303 [INFO] Rule:224 - rule Change TZSC IP No Privilege Mode to Parameters is applicable
2026-06-03 12:34:10,303 [INFO] Rule:224 - rule Change TZIC IT Secure Mode to Parameters is applicable
2026-06-03 12:34:10,303 [INFO] Rule:224 - rule Change TZIC IT No Secure Mode to Parameters is applicable
2026-06-03 12:34:10,304 [INFO] Rule:224 - rule Add MPCBB1_NonSecureArea_Start_Address value with referenced to MPCBB1_NonSecureArea_Start value is applicable
2026-06-03 12:34:10,304 [INFO] Rule:224 - rule Add MPCBB2_NonSecureArea_Start_Address value with referenced to MPCBB2_NonSecureArea_Start value is applicable
2026-06-03 12:34:10,304 [INFO] Rule:224 - rule Add MPCWM1_NonSecureArea*_Start_Address value with referenced to MPCWM1_NonSecureArea*_Start value is applicable
2026-06-03 12:34:10,304 [INFO] Rule:224 - rule Add MPCWM2_NonSecureArea*_Start_Address value with referenced to MPCWM2_NonSecureArea*_Start value is applicable
2026-06-03 12:34:10,304 [INFO] Rule:224 - rule Add MPCWM3_NonSecureArea_Start_Address value with referenced to MPCWM3_NonSecureArea_Start value is applicable
2026-06-03 12:34:10,304 [INFO] Rule:224 - rule Change Default Value for PLL1UserDefinedConfig is applicable
2026-06-03 12:34:10,305 [INFO] Rule:224 - rule Change GPIO_PuPd Default Value for USART in async mode is applicable
2026-06-03 12:34:10,305 [INFO] Rule:224 - rule Change SMPSDivider Default Value is applicable
2026-06-03 12:34:10,305 [INFO] Rule:224 - rule OPAMP is applicable
2026-06-03 12:34:10,305 [INFO] Rule:224 - rule LPUART IPParameter rename Prescaler parameter to ClockPrescaler for STM32H7 is applicable
2026-06-03 12:34:10,306 [INFO] Rule:224 - rule LPUART IPParameter rename Prescaler parameter to ClockPrescaler for STM32H7 is applicable
2026-06-03 12:34:10,306 [INFO] Rule:224 - rule LPUART IPParameter rename Prescaler parameter to ClockPrescaler for STM32WB is applicable
2026-06-03 12:34:10,307 [INFO] Rule:224 - rule LPUART IPParameter rename Prescaler parameter to ClockPrescaler for STM32WB is applicable
2026-06-03 12:34:10,307 [INFO] Rule:224 - rule LPUART IPParameter rename Prescaler parameter to ClockPrescaler for STM32G4 is applicable
2026-06-03 12:34:10,307 [INFO] Rule:224 - rule LPUART IPParameter rename Prescaler parameter to ClockPrescaler for STM32G4 is applicable
2026-06-03 12:34:10,307 [INFO] Rule:224 - rule LPUART IPParameter rename Prescaler parameter to ClockPrescaler for STM32L5 is applicable
2026-06-03 12:34:10,307 [INFO] Rule:224 - rule LPUART IPParameter rename Prescaler parameter to ClockPrescaler for STM32L5 is applicable
2026-06-03 12:34:10,307 [INFO] Rule:224 - rule LPUART IPParameter rename Prescaler parameter to ClockPrescaler for STM32G4 is applicable
2026-06-03 12:34:10,307 [INFO] Rule:224 - rule LPUART IPParameter rename Prescaler parameter to ClockPrescaler for STM32G4 is applicable
2026-06-03 12:34:10,307 [INFO] Rule:224 - rule USB device lib V2.5.3 for L0 rename USBD_SUPPORT_USER_STRING parameter to USBD_SUPPORT_USER_STRING_DESC4 is applicable
2026-06-03 12:34:10,307 [INFO] Rule:224 - rule I2SCLockSelection clock entry align is applicable
2026-06-03 12:34:10,307 [INFO] Rule:224 - rule Assign TIMx context if used as SYS timebase is applicable
2026-06-03 12:34:10,307 [INFO] Rule:224 - rule Change GPIO_Pu Default Value for I2C is applicable
2026-06-03 12:34:10,307 [INFO] Rule:224 - rule Change GPIO_Pu Default Value for SMBus is applicable
2026-06-03 12:34:10,308 [INFO] Rule:224 - rule change FDCAN default value is applicable
2026-06-03 12:34:10,308 [INFO] Rule:224 - rule Change mode sai is applicable
2026-06-03 12:34:10,308 [INFO] Rule:224 - rule **Change sai mode is applicable
2026-06-03 12:34:10,308 [INFO] Rule:224 - rule Rename STM32WPAN CFG_BLE_IRK to CFG_BLE_IR is applicable
2026-06-03 12:34:10,308 [INFO] Rule:224 - rule Rename STM32WPAN CFG_BLE_ERK to CFG_BLE_ER is applicable
2026-06-03 12:34:10,308 [INFO] Rule:224 - rule Rename STM32WPAN CFG_BLE_IRK_HEX to CFG_BLE_IR_HEX is applicable
2026-06-03 12:34:10,308 [INFO] Rule:224 - rule Rename STM32WPAN CFG_BLE_ERK_HEX to CFG_BLE_ER_HEX is applicable
2026-06-03 12:34:10,309 [INFO] Rule:224 - rule Adapt Old IOC before rework replace old CORTEX_M33/CORTEX_M55 attributes by the new one. is applicable
2026-06-03 12:34:10,309 [INFO] Rule:224 - rule Rename parametre of RCC RCC_APBDBG_DIV2 to RCC_TIMPRES_DIV2 is applicable
2026-06-03 12:34:10,309 [INFO] Rule:224 - rule Rename DIE493 pin PA10 [PA12] -> PA10 is applicable
2026-06-03 12:34:10,309 [INFO] Rule:224 - rule Rename DIE493 pin PA9 [PA11] -> PA9 is applicable
2026-06-03 12:34:10,405 [INFO] DbConfProperties:307 - Apply Compatibility (50/266 Rules)
2026-06-03 12:34:10,444 [INFO] ImportTextPane:218 - (OptionalMessage_ERROR) Unable to find key (Mcu.ThirdPartyNb) in loaded IOC file
2026-06-03 12:34:10,454 [INFO] ImportTextPane:218 - (OptionalMessage_ERROR) Pin35 (VP_RIF_VS_RIF1) cannot be retrieved for this MCU
2026-06-03 12:34:10,708 [INFO] RtosManager:558 - Registered RTOS mode: class=CMSIS, group=RTOS, mode=CMSIS_V1, owner=FREERTOS
2026-06-03 12:34:10,708 [INFO] RtosManager:558 - Registered RTOS mode: class=CMSIS, group=RTOS2, mode=CMSIS_V2, owner=FREERTOS
2026-06-03 12:34:10,708 [INFO] RtosManager:558 - Registered RTOS mode: class=RTOS, group=Core, mode=CMSIS_V1, owner=FREERTOS
2026-06-03 12:34:10,708 [INFO] RtosManager:558 - Registered RTOS mode: class=RTOS, group=Core, mode=CMSIS_V2, owner=FREERTOS
2026-06-03 12:34:10,708 [WARN] ModelIntegratedComponent:184 - Missing modes for component STMicroelectronics:FreeRTOS:0.0.1:STMicroelectronics:RTOS:FreeRTOS:Core:::10.2.0:
2026-06-03 12:34:10,723 [WARN] ModelIntegratedComponent:63 - No mode defined for component null
2026-06-03 12:34:10,723 [WARN] ModelIntegratedComponent:63 - No mode defined for component null
2026-06-03 12:34:10,723 [WARN] ModelIntegratedComponent:63 - No mode defined for component null
2026-06-03 12:34:10,724 [WARN] ModelIntegratedComponent:63 - No mode defined for component null
2026-06-03 12:34:10,724 [WARN] ModelIntegratedComponent:63 - No mode defined for component null
2026-06-03 12:34:10,724 [WARN] ModelIntegratedComponent:63 - No mode defined for component null
2026-06-03 12:34:10,724 [WARN] ModelIntegratedComponent:63 - No mode defined for component null
2026-06-03 12:34:10,724 [WARN] ModelIntegratedComponent:63 - No mode defined for component null
2026-06-03 12:34:10,724 [WARN] ModelIntegratedComponent:63 - No mode defined for component null
2026-06-03 12:34:10,724 [WARN] ModelIntegratedComponent:63 - No mode defined for component null
2026-06-03 12:34:10,724 [WARN] ModelIntegratedComponent:63 - No mode defined for component null
2026-06-03 12:34:10,724 [WARN] ModelIntegratedComponent:63 - No mode defined for component null
2026-06-03 12:34:10,724 [WARN] ModelIntegratedComponent:63 - No mode defined for component null
2026-06-03 12:34:10,724 [WARN] ModelIntegratedComponent:63 - No mode defined for component null
2026-06-03 12:34:10,724 [WARN] ModelIntegratedComponent:63 - No mode defined for component null
2026-06-03 12:34:10,724 [WARN] ModelIntegratedComponent:63 - No mode defined for component null
2026-06-03 12:34:10,724 [WARN] ModelIntegratedComponent:63 - No mode defined for component null
2026-06-03 12:34:10,724 [WARN] ModelIntegratedComponent:63 - No mode defined for component null
2026-06-03 12:34:10,724 [WARN] ModelIntegratedComponent:63 - No mode defined for component null
2026-06-03 12:34:10,725 [WARN] ModelIntegratedComponent:63 - No mode defined for component null
2026-06-03 12:34:10,725 [WARN] ModelIntegratedComponent:63 - No mode defined for component null
2026-06-03 12:34:10,725 [WARN] ModelIntegratedComponent:63 - No mode defined for component null
2026-06-03 12:34:10,725 [WARN] ModelIntegratedComponent:63 - No mode defined for component null
2026-06-03 12:34:10,725 [WARN] ModelIntegratedComponent:63 - No mode defined for component null
2026-06-03 12:34:10,725 [WARN] ModelIntegratedComponent:63 - No mode defined for component null
2026-06-03 12:34:10,725 [WARN] ModelIntegratedComponent:63 - No mode defined for component null
2026-06-03 12:34:10,725 [WARN] ModelIntegratedComponent:63 - No mode defined for component null
2026-06-03 12:34:10,725 [WARN] ModelIntegratedComponent:63 - No mode defined for component null
2026-06-03 12:34:10,725 [WARN] ModelIntegratedComponent:63 - No mode defined for component null
2026-06-03 12:34:10,725 [WARN] ModelIntegratedComponent:63 - No mode defined for component null
2026-06-03 12:34:10,725 [WARN] ModelIntegratedComponent:63 - No mode defined for component null
2026-06-03 12:34:10,726 [WARN] ModelIntegratedComponent:63 - No mode defined for component null
2026-06-03 12:34:10,726 [WARN] ModelIntegratedComponent:63 - No mode defined for component null
2026-06-03 12:34:10,726 [WARN] ModelIntegratedComponent:63 - No mode defined for component null
2026-06-03 12:34:10,726 [WARN] ModelIntegratedComponent:63 - No mode defined for component null
2026-06-03 12:34:10,726 [WARN] ModelPack:524 - Component already loaded: STMicroelectronics:HAL Drivers:0.0.0:STMicroelectronics:Device:STMicro_Driver:XSPI:HAL::0.0.1:HAL_XSPI
2026-06-03 12:34:10,864 [INFO] ThirdPartyModel:298 - Start build external matchings
2026-06-03 12:34:11,908 [INFO] ThirdPartyModel:316 - End build external matchings
2026-06-03 12:34:11,949 [INFO] ImportTextPane:218 - (OptionalMessage_ERROR) IP (RCC) : Parameter (RTCHSEDivFreq_Value) has invalid value (4000000)
2026-06-03 12:34:13,092 [INFO] UtilMem:75 - End LoadConfig() Used Memory: 738104952 Bytes (1073741824)
2026-06-03 12:34:13,953 [WARN] ThirdParty:833 - waiting for thirdparty lock release [change project]
2026-06-03 12:34:13,954 [INFO] ThirdParty:835 - entering critical section [change project]
2026-06-03 12:34:13,955 [INFO] ThirdParty:1030 - CMSIS Pack Vendor :STMicroelectronics X-CUBE-AZRTOS-H7 3.5.0
2026-06-03 12:34:13,955 [INFO] ThirdParty:1030 - CMSIS Pack Vendor :STMicroelectronics X-CUBE-PM33A1 1.0.0
2026-06-03 12:34:13,955 [INFO] ThirdParty:1030 - CMSIS Pack Vendor :STMicroelectronics USBPD 4.1
2026-06-03 12:34:13,955 [INFO] ThirdParty:1030 - CMSIS Pack Vendor :STMicroelectronics X-CUBE-NFC9 1.0.0
2026-06-03 12:34:13,955 [INFO] ThirdParty:1030 - CMSIS Pack Vendor :STMicroelectronics USB_HOST 2.0.0
2026-06-03 12:34:13,955 [INFO] ThirdParty:1030 - CMSIS Pack Vendor :STMicroelectronics X-CUBE-AZRTOS-F4 1.1.0
2026-06-03 12:34:13,955 [INFO] ThirdParty:1030 - CMSIS Pack Vendor :STMicroelectronics LIBJPEG 8.0.0
2026-06-03 12:34:13,955 [INFO] ThirdParty:1030 - CMSIS Pack Vendor :STMicroelectronics FP-ATR-ASTRA1 2.0.2
2026-06-03 12:34:13,955 [INFO] ThirdParty:1030 - CMSIS Pack Vendor :STMicroelectronics X-CUBE-BLE1 7.1.0
2026-06-03 12:34:13,955 [INFO] ThirdParty:1030 - CMSIS Pack Vendor :STMicroelectronics X-CUBE-SMBUS 2.1.0
2026-06-03 12:34:13,955 [INFO] ThirdParty:1030 - CMSIS Pack Vendor :wolfSSL I-CUBE-wolfMQTT 1.19.2
2026-06-03 12:34:13,955 [INFO] ThirdParty:1030 - CMSIS Pack Vendor :STMicroelectronics USB_DEVICE 3.0.0
2026-06-03 12:34:13,955 [INFO] ThirdParty:1030 - CMSIS Pack Vendor :STMicroelectronics X-CUBE-ISPU 2.1.0
2026-06-03 12:34:13,955 [INFO] ThirdParty:1030 - CMSIS Pack Vendor :STMicroelectronics X-CUBE-EEPRMA1 5.2.0
2026-06-03 12:34:13,955 [INFO] ThirdParty:1030 - CMSIS Pack Vendor :STMicroelectronics X-CUBE-BLEMGR 4.1.0
2026-06-03 12:34:13,955 [INFO] ThirdParty:1030 - CMSIS Pack Vendor :STMicroelectronics eDS-WB_DPC_TT-BIDIR 2.1.1
2026-06-03 12:34:13,955 [INFO] ThirdParty:1030 - CMSIS Pack Vendor :STMicroelectronics X-CUBE-AZRTOS-WB 2.0.0
2026-06-03 12:34:13,955 [INFO] ThirdParty:1030 - CMSIS Pack Vendor :wolfSSL I-CUBE-wolfSSL 5.8.4
2026-06-03 12:34:13,956 [INFO] ThirdParty:1030 - CMSIS Pack Vendor :STMicroelectronics X-CUBE-NFC12 1.0.0
2026-06-03 12:34:13,956 [INFO] ThirdParty:1030 - CMSIS Pack Vendor :STMicroelectronics X-CUBE-AZRTOS-F7 1.1.0
2026-06-03 12:34:13,956 [INFO] ThirdParty:1030 - CMSIS Pack Vendor :STMicroelectronics X-CUBE-AZRTOS-L5 2.0.0
2026-06-03 12:34:13,956 [INFO] ThirdParty:1030 - CMSIS Pack Vendor :STMicroelectronics USB_DEVICE 2.0.0
2026-06-03 12:34:13,956 [INFO] ThirdParty:1030 - CMSIS Pack Vendor :quantropi X-CUBE-qispace-sdk-base 2.1.0
2026-06-03 12:34:13,956 [INFO] ThirdParty:1030 - CMSIS Pack Vendor :STMicroelectronics X-CUBE-MEMS1 12.0.0
2026-06-03 12:34:13,956 [INFO] ThirdParty:1030 - CMSIS Pack Vendor :STMicroelectronics X-CUBE-STSE01 2.0.0
2026-06-03 12:34:13,956 [INFO] ThirdParty:1030 - CMSIS Pack Vendor :STMicroelectronics X-CUBE-ALGOBUILD 1.5.0
2026-06-03 12:34:13,956 [INFO] ThirdParty:1030 - CMSIS Pack Vendor :STMicroelectronics FreeRTOS 0.0.1
2026-06-03 12:34:13,956 [INFO] ThirdParty:1030 - CMSIS Pack Vendor :STMicroelectronics X-CUBE-AZRTOS-G0 1.1.0
2026-06-03 12:34:13,956 [INFO] ThirdParty:1030 - CMSIS Pack Vendor :STMicroelectronics X-CUBE-NFC4 3.0.0
2026-06-03 12:34:13,956 [INFO] ThirdParty:1030 - CMSIS Pack Vendor :STMicroelectronics X-CUBE-SUBG2 5.0.0
2026-06-03 12:34:13,956 [INFO] ThirdParty:1030 - CMSIS Pack Vendor :STMicroelectronics STM32_WPAN 1.0.0
2026-06-03 12:34:13,956 [INFO] ThirdParty:1030 - CMSIS Pack Vendor :STMicroelectronics eDS-WB_DPC_VIENNA 1.2.0
2026-06-03 12:34:13,956 [INFO] ThirdParty:1030 - CMSIS Pack Vendor :EmbeddedOffice I-CUBE-FS-RTOS 1.0.1
2026-06-03 12:34:13,956 [INFO] ThirdParty:1030 - CMSIS Pack Vendor :STMicroelectronics lwIP 2.0.3
2026-06-03 12:34:13,957 [INFO] ThirdParty:1030 - CMSIS Pack Vendor :STMicroelectronics eDS-WB_DPC_3PH2L-BIDIR 1.1.1
2026-06-03 12:34:13,957 [INFO] ThirdParty:1030 - CMSIS Pack Vendor :STMicroelectronics USB_HOST 1.0.0
2026-06-03 12:34:13,957 [INFO] ThirdParty:1030 - CMSIS Pack Vendor :STMicroelectronics X-CUBE-AZRTOS-G4 2.0.0
2026-06-03 12:34:13,957 [INFO] ThirdParty:1030 - CMSIS Pack Vendor :STMicroelectronics PDM2PCM 3.1.0
2026-06-03 12:34:13,957 [INFO] ThirdParty:1030 - CMSIS Pack Vendor :STMicroelectronics PDM2PCM 3.3.0
2026-06-03 12:34:13,957 [INFO] ThirdParty:1030 - CMSIS Pack Vendor :wolfSSL I-CUBE-wolfTPM 3.8.0
2026-06-03 12:34:13,957 [INFO] ThirdParty:1030 - CMSIS Pack Vendor :STMicroelectronics X-CUBE-DISPLAY 3.0.0
2026-06-03 12:34:13,957 [INFO] ThirdParty:1030 - CMSIS Pack Vendor :wolfSSL I-CUBE-wolfSSH 1.4.20
2026-06-03 12:34:13,957 [INFO] ThirdParty:1030 - CMSIS Pack Vendor :STMicroelectronics X-CUBE-NFC7 2.0.0
2026-06-03 12:34:13,957 [INFO] ThirdParty:1030 - CMSIS Pack Vendor :STMicroelectronics X-CUBE-GNSS1 7.1.1
2026-06-03 12:34:13,957 [INFO] ThirdParty:1030 - CMSIS Pack Vendor :STMicroelectronics X-CUBE-TCPP 4.2.0
2026-06-03 12:34:13,957 [INFO] ThirdParty:1030 - CMSIS Pack Vendor :RealThread X-CUBE-RT-Thread_Nano 4.1.1
2026-06-03 12:34:13,957 [INFO] ThirdParty:1030 - CMSIS Pack Vendor :STMicroelectronics FP-ATR-SIGFOX1 3.2.0
2026-06-03 12:34:13,957 [INFO] ThirdParty:1030 - CMSIS Pack Vendor :STMicroelectronics X-CUBE-NFC10 1.0.0
2026-06-03 12:34:13,957 [INFO] ThirdParty:1030 - CMSIS Pack Vendor :STMicroelectronics HAL Drivers 0.0.0
2026-06-03 12:34:13,957 [INFO] ThirdParty:1030 - CMSIS Pack Vendor :STMicroelectronics MBEDTLS 2.16.2
2026-06-03 12:34:13,957 [INFO] ThirdParty:1030 - CMSIS Pack Vendor :STMicroelectronics X-CUBE-ST60 1.1.0
2026-06-03 12:34:13,957 [INFO] ThirdParty:1030 - CMSIS Pack Vendor :STMicroelectronics X-CUBE-ALS 1.0.2
2026-06-03 12:34:13,957 [INFO] ThirdParty:1030 - CMSIS Pack Vendor :emotas I-CUBE-CANOPEN 1.3.0
2026-06-03 12:34:13,958 [INFO] ThirdParty:1030 - CMSIS Pack Vendor :STMicroelectronics MBEDTLS 2.14.1
2026-06-03 12:34:13,958 [INFO] ThirdParty:1030 - CMSIS Pack Vendor :STMicroelectronics X-CUBE-GNSS1 7.1.0
2026-06-03 12:34:13,958 [INFO] ThirdParty:1030 - CMSIS Pack Vendor :ITTIA_DB I-CUBE-ITTIADB 8.9.0
2026-06-03 12:34:13,958 [INFO] ThirdParty:1030 - CMSIS Pack Vendor :Cesanta I-CUBE-Mongoose 7.21.0
2026-06-03 12:34:13,958 [INFO] ThirdParty:1030 - CMSIS Pack Vendor :STMicroelectronics X-CUBE-TOUCHGFX 4.26.1
2026-06-03 12:34:13,958 [INFO] ThirdParty:1030 - CMSIS Pack Vendor :STMicroelectronics X-CUBE-NFC6 3.2.0
2026-06-03 12:34:13,958 [INFO] ThirdParty:1030 - CMSIS Pack Vendor :STMicroelectronics X-CUBE-AI 10.2.0
2026-06-03 12:34:13,958 [INFO] ThirdParty:1030 - CMSIS Pack Vendor :STMicroelectronics FP-SNS-STAIOTCFT 1.0.0
2026-06-03 12:34:13,958 [INFO] ThirdParty:1030 - CMSIS Pack Vendor :STMicroelectronics ThreadX 1.0.0
2026-06-03 12:34:13,958 [INFO] ThirdParty:1030 - CMSIS Pack Vendor :STMicroelectronics FP-SNS-SMARTAG2 1.2.0
2026-06-03 12:34:13,958 [INFO] ThirdParty:1030 - CMSIS Pack Vendor :STMicroelectronics X-CUBE-MEMS1 12.1.0
2026-06-03 12:34:13,958 [INFO] ThirdParty:1030 - CMSIS Pack Vendor :STMicroelectronics FP-SNS-FLIGHT1 5.1.0
2026-06-03 12:34:13,958 [INFO] ThirdParty:1030 - CMSIS Pack Vendor :STMicroelectronics X-CUBE-AZRTOS-WL 2.0.0
2026-06-03 12:34:13,958 [INFO] ThirdParty:1030 - CMSIS Pack Vendor :SEGGER I-CUBE-embOS 1.3.1
2026-06-03 12:34:13,958 [INFO] ThirdParty:1030 - CMSIS Pack Vendor :STMicroelectronics X-CUBE-ALGOBUILD 1.4.0
2026-06-03 12:34:13,958 [INFO] ThirdParty:1030 - CMSIS Pack Vendor :STMicroelectronics X-CUBE-DPower 1.3.0
2026-06-03 12:34:13,958 [INFO] ThirdParty:1030 - CMSIS Pack Vendor :STMicroelectronics USB_DEVICE 1.0.0
2026-06-03 12:34:13,958 [INFO] ThirdParty:1030 - CMSIS Pack Vendor :STMicroelectronics X-CUBE-AZRTOS-H7RS 1.2.0
2026-06-03 12:34:13,958 [INFO] ThirdParty:1030 - CMSIS Pack Vendor :STMicroelectronics X-CUBE-AZRTOS-L4 2.0.0
2026-06-03 12:34:13,959 [INFO] ThirdParty:1030 - CMSIS Pack Vendor :STMicroelectronics ThreadX 0.0.2
2026-06-03 12:34:13,959 [INFO] ThirdParty:1030 - CMSIS Pack Vendor :STMicroelectronics lwIP 2.1.2
2026-06-03 12:34:13,959 [INFO] ThirdParty:1030 - CMSIS Pack Vendor :STMicroelectronics X-CUBE-SFXS2LP1 4.0.0
2026-06-03 12:34:13,959 [INFO] ThirdParty:1030 - CMSIS Pack Vendor :STMicroelectronics X-CUBE-BLE2 3.3.0
2026-06-03 12:34:13,959 [INFO] ThirdParty:1030 - CMSIS Pack Vendor :Avnet-IOTCONNECT X-CUBE-iotc-st67-sdk 1.0.0
2026-06-03 12:34:13,959 [INFO] ThirdParty:1030 - CMSIS Pack Vendor :STMicroelectronics X-CUBE-TOF1 3.4.3
2026-06-03 12:34:13,959 [INFO] ThirdParty:1030 - CMSIS Pack Vendor :Infineon AIROC-Wi-Fi-Bluetooth-STM32 1.8.0
2026-06-03 12:34:13,959 [INFO] ThirdParty:1030 - CMSIS Pack Vendor :STMicroelectronics PDM2PCM 3.2.0
2026-06-03 12:34:13,959 [INFO] ThirdParty:1030 - CMSIS Pack Vendor :STMicroelectronics X-CUBE-WB05N 2.1.0
2026-06-03 12:34:13,959 [INFO] ThirdParty:841 - exiting critical section [change project]
2026-06-03 12:34:14,588 [INFO] PinOutPanel:1589 - setPackage(No Configuration,No Configuration)
2026-06-03 12:34:14,590 [INFO] PinOutPanel:1589 - setPackage(STM32F407VGTx,LQFP100)
2026-06-03 12:34:15,312 [INFO] UtilMem:75 - Before build in PCC Used Memory: 940025744 Bytes (1073741824)
2026-06-03 12:34:16,259 [INFO] UtilMem:75 - After build in PCC Used Memory: 987733904 Bytes (1073741824)
2026-06-03 12:34:16,285 [INFO] ApiDbMcu:508 - Load IP Config File for USB_HOST
2026-06-03 12:34:16,292 [WARN] BspModel:444 - BSP dependency skipped because of component: name='IOExpander', api='Unknown'
2026-06-03 12:34:16,421 [INFO] IPUIPlugin:80 - create IPUIPlugin
2026-06-03 12:34:16,421 [INFO] IPUIPlugin:80 - create IPUIPlugin
2026-06-03 12:34:16,421 [INFO] IPUIPlugin:80 - create IPUIPlugin
2026-06-03 12:34:16,421 [INFO] IPUIPlugin:80 - create IPUIPlugin
2026-06-03 12:34:16,421 [INFO] IPUIPlugin:80 - create IPUIPlugin
2026-06-03 12:34:16,422 [INFO] IPUIPlugin:80 - create IPUIPlugin
2026-06-03 12:34:16,424 [INFO] IPUIPlugin:80 - create IPUIPlugin
2026-06-03 12:34:16,424 [INFO] IPUIPlugin:80 - create IPUIPlugin
2026-06-03 12:34:16,425 [INFO] IPUIPlugin:80 - create IPUIPlugin
2026-06-03 12:34:16,426 [INFO] IPUIPlugin:80 - create IPUIPlugin
2026-06-03 12:34:16,427 [INFO] IPUIPlugin:80 - create IPUIPlugin
2026-06-03 12:34:16,428 [INFO] IPUIPlugin:80 - create IPUIPlugin
2026-06-03 12:34:16,428 [INFO] IPUIPlugin:80 - create IPUIPlugin
2026-06-03 12:34:16,428 [INFO] IPUIPlugin:80 - create IPUIPlugin
2026-06-03 12:34:16,429 [INFO] IPUIPlugin:80 - create IPUIPlugin
2026-06-03 12:34:16,429 [INFO] IPUIPlugin:80 - create IPUIPlugin
2026-06-03 12:34:16,429 [INFO] IPUIPlugin:80 - create IPUIPlugin
2026-06-03 12:34:16,429 [INFO] IPUIPlugin:80 - create IPUIPlugin
2026-06-03 12:34:16,430 [INFO] IPUIPlugin:80 - create IPUIPlugin
2026-06-03 12:34:16,430 [INFO] IPUIPlugin:80 - create IPUIPlugin
2026-06-03 12:34:16,432 [INFO] IPUIPlugin:80 - create IPUIPlugin
2026-06-03 12:34:16,433 [INFO] IPUIPlugin:80 - create IPUIPlugin
2026-06-03 12:34:16,435 [INFO] IPUIPlugin:80 - create IPUIPlugin
2026-06-03 12:34:16,436 [INFO] IPUIPlugin:80 - create IPUIPlugin
2026-06-03 12:34:16,437 [INFO] IPUIPlugin:80 - create IPUIPlugin
2026-06-03 12:34:16,438 [INFO] IPUIPlugin:80 - create IPUIPlugin
2026-06-03 12:34:16,438 [INFO] IPUIPlugin:80 - create IPUIPlugin
2026-06-03 12:34:16,438 [INFO] IPUIPlugin:80 - create IPUIPlugin
2026-06-03 12:34:16,439 [INFO] IPUIPlugin:80 - create IPUIPlugin
2026-06-03 12:34:16,439 [INFO] IPUIPlugin:80 - create IPUIPlugin
2026-06-03 12:34:16,440 [INFO] IPUIPlugin:80 - create IPUIPlugin
2026-06-03 12:34:16,440 [INFO] IPUIPlugin:80 - create IPUIPlugin
2026-06-03 12:34:16,440 [INFO] IPUIPlugin:80 - create IPUIPlugin
2026-06-03 12:34:16,441 [INFO] IPUIPlugin:80 - create IPUIPlugin
2026-06-03 12:34:16,441 [INFO] IPUIPlugin:80 - create IPUIPlugin
2026-06-03 12:34:16,441 [INFO] IPUIPlugin:80 - create IPUIPlugin
2026-06-03 12:34:16,442 [INFO] IPUIPlugin:80 - create IPUIPlugin
2026-06-03 12:34:16,442 [INFO] IPUIPlugin:80 - create IPUIPlugin
2026-06-03 12:34:16,443 [INFO] IPUIPlugin:80 - create IPUIPlugin
2026-06-03 12:34:16,443 [INFO] IPUIPlugin:80 - create IPUIPlugin
2026-06-03 12:34:16,443 [INFO] IPUIPlugin:80 - create IPUIPlugin
2026-06-03 12:34:16,444 [INFO] IPUIPlugin:80 - create IPUIPlugin
2026-06-03 12:34:16,444 [INFO] IPUIPlugin:80 - create IPUIPlugin
2026-06-03 12:34:16,445 [INFO] IPUIPlugin:80 - create IPUIPlugin
2026-06-03 12:34:16,445 [INFO] IPUIPlugin:80 - create IPUIPlugin
2026-06-03 12:34:16,446 [INFO] IPUIPlugin:80 - create IPUIPlugin
2026-06-03 12:34:16,447 [INFO] IPUIPlugin:80 - create IPUIPlugin
2026-06-03 12:34:16,451 [INFO] IPUIPlugin:80 - create IPUIPlugin
2026-06-03 12:34:16,452 [INFO] IPUIPlugin:80 - create IPUIPlugin
2026-06-03 12:34:16,453 [INFO] IPUIPlugin:80 - create IPUIPlugin
2026-06-03 12:34:16,454 [INFO] IPUIPlugin:80 - create IPUIPlugin
2026-06-03 12:34:16,454 [INFO] IPUIPlugin:80 - create IPUIPlugin
2026-06-03 12:34:16,455 [INFO] IPUIPlugin:80 - create IPUIPlugin
2026-06-03 12:34:16,457 [INFO] IPUIPlugin:80 - create IPUIPlugin
2026-06-03 12:34:16,458 [INFO] IPUIPlugin:80 - create IPUIPlugin
2026-06-03 12:34:16,459 [INFO] IPUIPlugin:80 - create IPUIPlugin
2026-06-03 12:34:16,460 [INFO] IPUIPlugin:80 - create IPUIPlugin
2026-06-03 12:34:16,461 [INFO] IPUIPlugin:80 - create IPUIPlugin
2026-06-03 12:34:16,475 [INFO] ApiDbMcu:508 - Load IP Config File for PDM2PCM
2026-06-03 12:34:16,486 [WARN] IP:2250 - I2C_Coeff_DF not found: check if there is a RefParameter without a condition.
2026-06-03 12:34:16,487 [WARN] IP:2250 - Analog_Filter not found: check if there is a RefParameter without a condition.
2026-06-03 12:34:16,513 [INFO] I2sManager:658 - 9.6E7
2026-06-03 12:34:16,515 [INFO] I2sManager:195 - I2S Clock Value : 9.6E7
2026-06-03 12:34:16,522 [INFO] I2sManager:553 - AudioClock : 93750Divider : 2Odd : 0
2026-06-03 12:34:16,690 [INFO] CADModel:165 - CPN selected for project levelSTM32F407VGT6
2026-06-03 12:34:16,690 [INFO] CADModel:114 - Register for checkConnection events
2026-06-03 12:34:16,756 [INFO] OpenFileManager:385 - Restore cursor
2026-06-03 12:34:17,189 [WARN] IP:2250 - I2C_Coeff_DF not found: check if there is a RefParameter without a condition.
2026-06-03 12:34:17,189 [WARN] IP:2250 - Analog_Filter not found: check if there is a RefParameter without a condition.
2026-06-03 12:34:17,191 [WARN] IP:2250 - I2C_Coeff_DF not found: check if there is a RefParameter without a condition.
2026-06-03 12:34:17,191 [WARN] IP:2250 - Analog_Filter not found: check if there is a RefParameter without a condition.
2026-06-03 12:34:17,985 [INFO] UtilMem:75 - End SaveConfig() Used Memory: 839890864 Bytes (1073741824)
2026-06-03 12:34:18,293 [INFO] UtilMem:75 - End SaveConfig() Used Memory: 861810864 Bytes (1073741824)
2026-06-03 12:34:19,152 [INFO] BlockDiagram:2775 - set Specific Code input for plugin: SPI
2026-06-03 12:34:19,152 [INFO] BlockDiagram:2775 - set Specific Code input for plugin: I2S
2026-06-03 12:34:19,152 [INFO] BlockDiagram:2775 - set Specific Code input for plugin: SYS
2026-06-03 12:34:19,152 [INFO] BlockDiagram:2775 - set Specific Code input for plugin: RCC
2026-06-03 12:34:19,153 [INFO] BlockDiagram:2775 - set Specific Code input for plugin: I2C
2026-06-03 12:34:19,153 [INFO] BlockDiagram:2775 - set Specific Code input for plugin: USB_OTG_FS
2026-06-03 12:34:19,153 [INFO] BlockDiagram:2775 - set Specific Code input for plugin: NVIC
2026-06-03 12:34:19,153 [INFO] BlockDiagram:2775 - set Specific Code input for plugin: USB_HOST
2026-06-03 12:34:19,154 [INFO] BlockDiagram:2775 - set Specific Code input for plugin: GPIO
2026-06-03 12:34:19,157 [INFO] CodeGenerator:882 - code generatio: config db path: C:\ST\STM32CubeIDE_1.18.0\STM32CubeIDE\plugins\com.st.stm32cube.common.mx_6.14.0.202502271554\\db\
2026-06-03 12:34:19,166 [WARN] IP:2250 - I2C_Coeff_DF not found: check if there is a RefParameter without a condition.
2026-06-03 12:34:19,167 [WARN] IP:2250 - Analog_Filter not found: check if there is a RefParameter without a condition.
2026-06-03 12:34:19,453 [INFO] CodeEngine:263 - oldGeneratedFile, C:\Users\hp\STM32CubeIDE\workspace_1.18.0\42_SPI_SDcard_with_Ultrasonic\MXTmpFiles\license.tmp_save
2026-06-03 12:34:20,404 [INFO] CodeEngine:287 - Generated code: C:\Users\hp\STM32CubeIDE\workspace_1.18.0\42_SPI_SDcard_with_Ultrasonic\MXTmpFiles\license.tmp
2026-06-03 12:34:20,665 [INFO] CodeEngine:263 - oldGeneratedFile, C:\Users\hp\STM32CubeIDE\workspace_1.18.0\42_SPI_SDcard_with_Ultrasonic\MXTmpFiles\gpio.tmp_save
2026-06-03 12:34:21,081 [INFO] CodeEngine:287 - Generated code: C:\Users\hp\STM32CubeIDE\workspace_1.18.0\42_SPI_SDcard_with_Ultrasonic\MXTmpFiles\gpio.tmp
2026-06-03 12:34:21,293 [WARN] IPConfigManager:3174 - Warning: the RefConfig PWREx_EnableUSBVoltageDetector is not available in your config.xml file
2026-06-03 12:34:21,345 [INFO] CodeEngine:263 - oldGeneratedFile, C:\Users\hp\STM32CubeIDE\workspace_1.18.0\42_SPI_SDcard_with_Ultrasonic\MXTmpFiles\usb_otg_fs_vars.tmp_save
2026-06-03 12:34:21,696 [INFO] CodeEngine:287 - Generated code: C:\Users\hp\STM32CubeIDE\workspace_1.18.0\42_SPI_SDcard_with_Ultrasonic\MXTmpFiles\usb_otg_fs_vars.tmp
2026-06-03 12:34:21,743 [INFO] CodeEngine:263 - oldGeneratedFile, C:\Users\hp\STM32CubeIDE\workspace_1.18.0\42_SPI_SDcard_with_Ultrasonic\MXTmpFiles\usb_otg_fs_inc.tmp_save
2026-06-03 12:34:22,103 [INFO] CodeEngine:287 - Generated code: C:\Users\hp\STM32CubeIDE\workspace_1.18.0\42_SPI_SDcard_with_Ultrasonic\MXTmpFiles\usb_otg_fs_inc.tmp
2026-06-03 12:34:22,194 [INFO] CodeEngine:263 - oldGeneratedFile, C:\Users\hp\STM32CubeIDE\workspace_1.18.0\42_SPI_SDcard_with_Ultrasonic\MXTmpFiles\usb_otg_fs_HalInit.tmp_save
2026-06-03 12:34:22,531 [INFO] CodeEngine:287 - Generated code: C:\Users\hp\STM32CubeIDE\workspace_1.18.0\42_SPI_SDcard_with_Ultrasonic\MXTmpFiles\usb_otg_fs_HalInit.tmp
2026-06-03 12:34:22,581 [INFO] CodeEngine:263 - oldGeneratedFile, C:\Users\hp\STM32CubeIDE\workspace_1.18.0\42_SPI_SDcard_with_Ultrasonic\MXTmpFiles\usb_otg_fs_Msp.tmp_save
2026-06-03 12:34:22,870 [INFO] CodeEngine:287 - Generated code: C:\Users\hp\STM32CubeIDE\workspace_1.18.0\42_SPI_SDcard_with_Ultrasonic\MXTmpFiles\usb_otg_fs_Msp.tmp
2026-06-03 12:34:23,537 [INFO] CodeEngine:263 - oldGeneratedFile, C:\Users\hp\STM32CubeIDE\workspace_1.18.0\42_SPI_SDcard_with_Ultrasonic\USB_HOST\App\usb_host.c_save
2026-06-03 12:34:23,869 [INFO] CodeEngine:287 - Generated code: C:\Users\hp\STM32CubeIDE\workspace_1.18.0\42_SPI_SDcard_with_Ultrasonic\USB_HOST\App\usb_host.c
2026-06-03 12:34:23,919 [INFO] CodeEngine:263 - oldGeneratedFile, C:\Users\hp\STM32CubeIDE\workspace_1.18.0\42_SPI_SDcard_with_Ultrasonic\USB_HOST\App\usb_host.h_save
2026-06-03 12:34:24,114 [INFO] CodeEngine:287 - Generated code: C:\Users\hp\STM32CubeIDE\workspace_1.18.0\42_SPI_SDcard_with_Ultrasonic\USB_HOST\App\usb_host.h
2026-06-03 12:34:24,147 [INFO] CodeEngine:263 - oldGeneratedFile, C:\Users\hp\STM32CubeIDE\workspace_1.18.0\42_SPI_SDcard_with_Ultrasonic\USB_HOST\Target\usbh_conf.h_save
2026-06-03 12:34:24,343 [INFO] CodeEngine:287 - Generated code: C:\Users\hp\STM32CubeIDE\workspace_1.18.0\42_SPI_SDcard_with_Ultrasonic\USB_HOST\Target\usbh_conf.h
2026-06-03 12:34:24,368 [INFO] CodeEngine:263 - oldGeneratedFile, C:\Users\hp\STM32CubeIDE\workspace_1.18.0\42_SPI_SDcard_with_Ultrasonic\USB_HOST\Target\usbh_conf.c_save
2026-06-03 12:34:24,649 [INFO] CodeEngine:287 - Generated code: C:\Users\hp\STM32CubeIDE\workspace_1.18.0\42_SPI_SDcard_with_Ultrasonic\USB_HOST\Target\usbh_conf.c
2026-06-03 12:34:24,703 [INFO] CodeEngine:263 - oldGeneratedFile, C:\Users\hp\STM32CubeIDE\workspace_1.18.0\42_SPI_SDcard_with_Ultrasonic\USB_HOST\Target\usbh_platform.c_save
2026-06-03 12:34:24,886 [INFO] CodeEngine:287 - Generated code: C:\Users\hp\STM32CubeIDE\workspace_1.18.0\42_SPI_SDcard_with_Ultrasonic\USB_HOST\Target\usbh_platform.c
2026-06-03 12:34:24,913 [INFO] CodeEngine:263 - oldGeneratedFile, C:\Users\hp\STM32CubeIDE\workspace_1.18.0\42_SPI_SDcard_with_Ultrasonic\USB_HOST\Target\usbh_platform.h_save
2026-06-03 12:34:25,070 [INFO] CodeEngine:287 - Generated code: C:\Users\hp\STM32CubeIDE\workspace_1.18.0\42_SPI_SDcard_with_Ultrasonic\USB_HOST\Target\usbh_platform.h
2026-06-03 12:34:25,109 [INFO] CodeEngine:263 - oldGeneratedFile, C:\Users\hp\STM32CubeIDE\workspace_1.18.0\42_SPI_SDcard_with_Ultrasonic\Core\Src\stm32f4xx_it.c_save
2026-06-03 12:34:25,557 [INFO] CodeEngine:287 - Generated code: C:\Users\hp\STM32CubeIDE\workspace_1.18.0\42_SPI_SDcard_with_Ultrasonic\Core\Src\stm32f4xx_it.c
2026-06-03 12:34:25,572 [INFO] CodeEngine:263 - oldGeneratedFile, C:\Users\hp\STM32CubeIDE\workspace_1.18.0\42_SPI_SDcard_with_Ultrasonic\Core\Inc\stm32f4xx_it.h_save
2026-06-03 12:34:25,821 [INFO] CodeEngine:287 - Generated code: C:\Users\hp\STM32CubeIDE\workspace_1.18.0\42_SPI_SDcard_with_Ultrasonic\Core\Inc\stm32f4xx_it.h
2026-06-03 12:34:25,885 [INFO] CodeEngine:263 - oldGeneratedFile, C:\Users\hp\STM32CubeIDE\workspace_1.18.0\42_SPI_SDcard_with_Ultrasonic\Core\Src\stm32f4xx_hal_msp.c_save
2026-06-03 12:34:26,168 [INFO] CodeEngine:287 - Generated code: C:\Users\hp\STM32CubeIDE\workspace_1.18.0\42_SPI_SDcard_with_Ultrasonic\Core\Src\stm32f4xx_hal_msp.c
2026-06-03 12:34:26,199 [INFO] CodeEngine:263 - oldGeneratedFile, C:\Users\hp\STM32CubeIDE\workspace_1.18.0\42_SPI_SDcard_with_Ultrasonic\MXTmpFiles\system.tmp_save
2026-06-03 12:34:26,344 [INFO] CodeEngine:287 - Generated code: C:\Users\hp\STM32CubeIDE\workspace_1.18.0\42_SPI_SDcard_with_Ultrasonic\MXTmpFiles\system.tmp
2026-06-03 12:34:26,384 [INFO] CodeEngine:319 - oldGeneratedFile, C:\Users\hp\STM32CubeIDE\workspace_1.18.0\42_SPI_SDcard_with_Ultrasonic\Core\Inc\stm32f4xx_hal_conf.h_save
2026-06-03 12:34:26,640 [INFO] CodeEngine:343 - Generated code: C:\Users\hp\STM32CubeIDE\workspace_1.18.0\42_SPI_SDcard_with_Ultrasonic\Core\Inc\stm32f4xx_hal_conf.h
2026-06-03 12:34:26,723 [INFO] ApiDbMcu:508 - Load IP Config File for I2C1
2026-06-03 12:34:26,729 [INFO] ApiDbMcu:508 - Load IP Config File for I2S3
2026-06-03 12:34:26,733 [INFO] ApiDbMcu:508 - Load IP Config File for SPI1
2026-06-03 12:34:26,747 [INFO] ApiDbMcu:508 - Load IP Config File for RCC
2026-06-03 12:34:26,804 [INFO] CodeEngine:263 - oldGeneratedFile, C:\Users\hp\STM32CubeIDE\workspace_1.18.0\42_SPI_SDcard_with_Ultrasonic\Core\Inc\main.h_save
2026-06-03 12:34:27,096 [INFO] CodeEngine:287 - Generated code: C:\Users\hp\STM32CubeIDE\workspace_1.18.0\42_SPI_SDcard_with_Ultrasonic\Core\Inc\main.h
2026-06-03 12:34:27,114 [INFO] CodeEngine:263 - oldGeneratedFile, C:\Users\hp\STM32CubeIDE\workspace_1.18.0\42_SPI_SDcard_with_Ultrasonic\Core\Src\main.c_save
2026-06-03 12:34:27,415 [INFO] CodeEngine:287 - Generated code: C:\Users\hp\STM32CubeIDE\workspace_1.18.0\42_SPI_SDcard_with_Ultrasonic\Core\Src\main.c
2026-06-03 12:34:28,701 [INFO] ProjectBuilder:3324 - Time for Copy HAL[1] : 751mS.
2026-06-03 12:34:28,725 [INFO] ProjectBuilder:4912 - Project Generator version: 4.6.0-B36
2026-06-03 12:34:28,945 [INFO] ConfigFileManager:1590 - The Die is : DIE413
2026-06-03 12:34:28,952 [INFO] ApiDbMcu:508 - Load IP Config File for FATFS
2026-06-03 12:34:28,962 [INFO] ApiDbMcu:508 - Load IP Config File for FREERTOS
2026-06-03 12:34:28,968 [INFO] ApiDbMcu:508 - Load IP Config File for LIBJPEG
2026-06-03 12:34:28,984 [INFO] ApiDbMcu:508 - Load IP Config File for LWIP
2026-06-03 12:34:28,997 [INFO] ApiDbMcu:508 - Load IP Config File for MBEDTLS
2026-06-03 12:34:29,014 [INFO] ApiDbMcu:508 - Load IP Config File for USB_DEVICE
2026-06-03 12:34:39,234 [INFO] ProjectBuilder:5191 - Time for Generating toolchain IDE Files: 10509mS.
2026-06-03 12:34:39,237 [INFO] ProjectBuilder:3181 - Time for Copy CMSIS : 1mS.
2026-06-03 12:34:39,254 [INFO] ProjectBuilder:3181 - Time for Copy CMSIS : 1mS.
2026-06-03 12:34:42,202 [INFO] McuFinderGlobals:76 - Set McuFinderConnectedMode to true
2026-06-03 12:34:42,209 [INFO] ApiDb:448 - Save user favorites file C:\Users\hp/.stm32cubeide/favorites.mcus.txt: 0 item(s)
2026-06-03 12:34:42,209 [INFO] ApiDb:452 - User favorites MCUs=[]
2026-06-03 12:34:42,212 [INFO] ApiDb:448 - Save user favorites file C:\Users\hp/.stm32cubeide/favorites.boards.txt: 1 item(s)
2026-06-03 12:34:42,213 [INFO] ApiDb:452 - User favorites Boards=[STM32F407G-DISC1]
2026-06-03 12:40:47,945 [INFO] NvicIntPanel:101 - NVIC parent = com.st.microxplorer.plugins.ip.nvic.MultiNvicIntPanel[,0,0,0x0,invalid,layout=javax.swing.BoxLayout,alignmentX=0.0,alignmentY=0.0,border=,flags=9,maximumSize=,minimumSize=,preferredSize=]
2026-06-03 12:41:54,015 [INFO] NvicIntPanel:101 - NVIC parent = com.st.microxplorer.plugins.ip.nvic.MultiNvicIntPanel[,0,0,0x0,invalid,layout=javax.swing.BoxLayout,alignmentX=0.0,alignmentY=0.0,border=,flags=9,maximumSize=,minimumSize=,preferredSize=]
2026-06-03 12:42:08,554 [INFO] NvicIntPanel:101 - NVIC parent = com.st.microxplorer.plugins.ip.nvic.MultiNvicIntPanel[,0,0,0x0,invalid,layout=javax.swing.BoxLayout,alignmentX=0.0,alignmentY=0.0,border=,flags=9,maximumSize=,minimumSize=,preferredSize=]
2026-06-03 12:54:37,642 [INFO] UtilMem:75 - End SaveConfig() Used Memory: 677405512 Bytes (1073741824)
2026-06-03 12:54:40,046 [INFO] UtilMem:75 - End SaveConfig() Used Memory: 749235016 Bytes (1073741824)
2026-06-03 12:54:42,671 [INFO] UtilMem:75 - End SaveConfig() Used Memory: 845704008 Bytes (1073741824)
2026-06-03 12:54:43,370 [INFO] ProjectBuilder:2382 - IP not ready for code generation: FATFS
2026-06-03 12:54:47,891 [INFO] BlockDiagram:2775 - set Specific Code input for plugin: SPI
2026-06-03 12:54:47,893 [INFO] BlockDiagram:2775 - set Specific Code input for plugin: SDIO
2026-06-03 12:54:47,894 [INFO] BlockDiagram:2775 - set Specific Code input for plugin: TIM1_8
2026-06-03 12:54:47,895 [INFO] BlockDiagram:2775 - set Specific Code input for plugin: SYS
2026-06-03 12:54:47,896 [INFO] BlockDiagram:2775 - set Specific Code input for plugin: RCC
2026-06-03 12:54:47,897 [INFO] BlockDiagram:2775 - set Specific Code input for plugin: NVIC
2026-06-03 12:54:47,898 [INFO] BlockDiagram:2775 - set Specific Code input for plugin: USART
2026-06-03 12:54:47,905 [INFO] BlockDiagram:2775 - set Specific Code input for plugin: GPIO
2026-06-03 12:54:47,906 [INFO] BlockDiagram:2775 - set Specific Code input for plugin: FATFS
2026-06-03 12:54:47,914 [INFO] CodeGenerator:882 - code generatio: config db path: C:\ST\STM32CubeIDE_1.18.0\STM32CubeIDE\plugins\com.st.stm32cube.common.mx_6.14.0.202502271554\\db\
2026-06-03 12:54:48,238 [INFO] CodeEngine:263 - oldGeneratedFile, C:\Users\hp\STM32CubeIDE\workspace_1.18.0\42_SPI_SDcard_with_Ultrasonic\MXTmpFiles\license.tmp_save
2026-06-03 12:54:49,013 [INFO] CodeEngine:287 - Generated code: C:\Users\hp\STM32CubeIDE\workspace_1.18.0\42_SPI_SDcard_with_Ultrasonic\MXTmpFiles\license.tmp
2026-06-03 12:54:49,187 [INFO] CodeEngine:263 - oldGeneratedFile, C:\Users\hp\STM32CubeIDE\workspace_1.18.0\42_SPI_SDcard_with_Ultrasonic\MXTmpFiles\gpio.tmp_save
2026-06-03 12:54:49,797 [INFO] CodeEngine:287 - Generated code: C:\Users\hp\STM32CubeIDE\workspace_1.18.0\42_SPI_SDcard_with_Ultrasonic\MXTmpFiles\gpio.tmp
2026-06-03 12:54:50,774 [INFO] Middleware:1452 - No code input for Bsp Dependency
2026-06-03 12:54:50,792 [INFO] Middleware:1452 - No code input for Bsp Dependency
2026-06-03 12:54:50,796 [ERROR] SWIPConfigModel:147 - Object (RefParameter) name : _HUSBH  is not a String or a Boolean
2026-06-03 12:54:50,864 [INFO] CodeEngine:263 - oldGeneratedFile, C:\Users\hp\STM32CubeIDE\workspace_1.18.0\42_SPI_SDcard_with_Ultrasonic\MXTmpFiles\fatfs_HalInit.tmp_save
2026-06-03 12:54:51,206 [INFO] CodeEngine:287 - Generated code: C:\Users\hp\STM32CubeIDE\workspace_1.18.0\42_SPI_SDcard_with_Ultrasonic\MXTmpFiles\fatfs_HalInit.tmp
2026-06-03 12:54:51,255 [INFO] CodeEngine:263 - oldGeneratedFile, C:\Users\hp\STM32CubeIDE\workspace_1.18.0\42_SPI_SDcard_with_Ultrasonic\MXTmpFiles\fatfs_vars.tmp_save
2026-06-03 12:54:51,594 [INFO] CodeEngine:287 - Generated code: C:\Users\hp\STM32CubeIDE\workspace_1.18.0\42_SPI_SDcard_with_Ultrasonic\MXTmpFiles\fatfs_vars.tmp
2026-06-03 12:54:51,626 [INFO] CodeEngine:263 - oldGeneratedFile, C:\Users\hp\STM32CubeIDE\workspace_1.18.0\42_SPI_SDcard_with_Ultrasonic\MXTmpFiles\fatfs_ext_vars.tmp_save
2026-06-03 12:54:51,861 [INFO] CodeEngine:287 - Generated code: C:\Users\hp\STM32CubeIDE\workspace_1.18.0\42_SPI_SDcard_with_Ultrasonic\MXTmpFiles\fatfs_ext_vars.tmp
2026-06-03 12:54:51,912 [INFO] CodeEngine:263 - oldGeneratedFile, C:\Users\hp\STM32CubeIDE\workspace_1.18.0\42_SPI_SDcard_with_Ultrasonic\MXTmpFiles\fatfs_inc.tmp_save
2026-06-03 12:54:52,127 [INFO] CodeEngine:287 - Generated code: C:\Users\hp\STM32CubeIDE\workspace_1.18.0\42_SPI_SDcard_with_Ultrasonic\MXTmpFiles\fatfs_inc.tmp
2026-06-03 12:54:52,156 [INFO] Middleware:1452 - No code input for Bsp Dependency
2026-06-03 12:54:52,173 [INFO] Middleware:1452 - No code input for Bsp Dependency
2026-06-03 12:54:52,175 [ERROR] SWIPConfigModel:147 - Object (RefParameter) name : _HUSBH  is not a String or a Boolean
2026-06-03 12:54:52,219 [INFO] CodeEngine:263 - oldGeneratedFile, C:\Users\hp\STM32CubeIDE\workspace_1.18.0\42_SPI_SDcard_with_Ultrasonic\MXTmpFiles\fatfs_HalInit.tmp_save
2026-06-03 12:54:52,509 [INFO] CodeEngine:287 - Generated code: C:\Users\hp\STM32CubeIDE\workspace_1.18.0\42_SPI_SDcard_with_Ultrasonic\MXTmpFiles\fatfs_HalInit.tmp
2026-06-03 12:54:52,530 [INFO] CodeEngine:263 - oldGeneratedFile, C:\Users\hp\STM32CubeIDE\workspace_1.18.0\42_SPI_SDcard_with_Ultrasonic\MXTmpFiles\fatfs_vars.tmp_save
2026-06-03 12:54:52,697 [INFO] CodeEngine:287 - Generated code: C:\Users\hp\STM32CubeIDE\workspace_1.18.0\42_SPI_SDcard_with_Ultrasonic\MXTmpFiles\fatfs_vars.tmp
2026-06-03 12:54:52,716 [INFO] CodeEngine:263 - oldGeneratedFile, C:\Users\hp\STM32CubeIDE\workspace_1.18.0\42_SPI_SDcard_with_Ultrasonic\MXTmpFiles\fatfs_ext_vars.tmp_save
2026-06-03 12:54:52,906 [INFO] CodeEngine:287 - Generated code: C:\Users\hp\STM32CubeIDE\workspace_1.18.0\42_SPI_SDcard_with_Ultrasonic\MXTmpFiles\fatfs_ext_vars.tmp
2026-06-03 12:54:52,923 [INFO] CodeEngine:263 - oldGeneratedFile, C:\Users\hp\STM32CubeIDE\workspace_1.18.0\42_SPI_SDcard_with_Ultrasonic\MXTmpFiles\fatfs_inc.tmp_save
2026-06-03 12:54:53,092 [INFO] CodeEngine:287 - Generated code: C:\Users\hp\STM32CubeIDE\workspace_1.18.0\42_SPI_SDcard_with_Ultrasonic\MXTmpFiles\fatfs_inc.tmp
2026-06-03 12:54:53,175 [INFO] CodeEngine:263 - oldGeneratedFile, C:\Users\hp\STM32CubeIDE\workspace_1.18.0\42_SPI_SDcard_with_Ultrasonic\FATFS\Target\ffconf.h_save
2026-06-03 12:54:53,510 [INFO] CodeEngine:287 - Generated code: C:\Users\hp\STM32CubeIDE\workspace_1.18.0\42_SPI_SDcard_with_Ultrasonic\FATFS\Target\ffconf.h
2026-06-03 12:54:53,579 [INFO] CodeEngine:263 - oldGeneratedFile, C:\Users\hp\STM32CubeIDE\workspace_1.18.0\42_SPI_SDcard_with_Ultrasonic\FATFS\Target\bsp_driver_sd.c_save
2026-06-03 12:54:53,856 [INFO] CodeEngine:287 - Generated code: C:\Users\hp\STM32CubeIDE\workspace_1.18.0\42_SPI_SDcard_with_Ultrasonic\FATFS\Target\bsp_driver_sd.c
2026-06-03 12:54:53,923 [INFO] CodeEngine:263 - oldGeneratedFile, C:\Users\hp\STM32CubeIDE\workspace_1.18.0\42_SPI_SDcard_with_Ultrasonic\FATFS\Target\bsp_driver_sd.h_save
2026-06-03 12:54:54,186 [INFO] CodeEngine:287 - Generated code: C:\Users\hp\STM32CubeIDE\workspace_1.18.0\42_SPI_SDcard_with_Ultrasonic\FATFS\Target\bsp_driver_sd.h
2026-06-03 12:54:54,228 [INFO] CodeEngine:263 - oldGeneratedFile, C:\Users\hp\STM32CubeIDE\workspace_1.18.0\42_SPI_SDcard_with_Ultrasonic\FATFS\Target\sd_diskio.h_save
2026-06-03 12:54:54,423 [INFO] CodeEngine:287 - Generated code: C:\Users\hp\STM32CubeIDE\workspace_1.18.0\42_SPI_SDcard_with_Ultrasonic\FATFS\Target\sd_diskio.h
2026-06-03 12:54:54,475 [INFO] CodeEngine:263 - oldGeneratedFile, C:\Users\hp\STM32CubeIDE\workspace_1.18.0\42_SPI_SDcard_with_Ultrasonic\FATFS\Target\sd_diskio.c_save
2026-06-03 12:54:54,711 [INFO] CodeEngine:287 - Generated code: C:\Users\hp\STM32CubeIDE\workspace_1.18.0\42_SPI_SDcard_with_Ultrasonic\FATFS\Target\sd_diskio.c
2026-06-03 12:54:54,756 [INFO] CodeEngine:263 - oldGeneratedFile, C:\Users\hp\STM32CubeIDE\workspace_1.18.0\42_SPI_SDcard_with_Ultrasonic\FATFS\App\fatfs.c_save
2026-06-03 12:54:55,062 [INFO] CodeEngine:287 - Generated code: C:\Users\hp\STM32CubeIDE\workspace_1.18.0\42_SPI_SDcard_with_Ultrasonic\FATFS\App\fatfs.c
2026-06-03 12:54:55,102 [INFO] CodeEngine:263 - oldGeneratedFile, C:\Users\hp\STM32CubeIDE\workspace_1.18.0\42_SPI_SDcard_with_Ultrasonic\FATFS\App\fatfs.h_save
2026-06-03 12:54:55,324 [INFO] CodeEngine:287 - Generated code: C:\Users\hp\STM32CubeIDE\workspace_1.18.0\42_SPI_SDcard_with_Ultrasonic\FATFS\App\fatfs.h
2026-06-03 12:54:55,356 [INFO] CodeEngine:263 - oldGeneratedFile, C:\Users\hp\STM32CubeIDE\workspace_1.18.0\42_SPI_SDcard_with_Ultrasonic\FATFS\Target\user_diskio.c_save
2026-06-03 12:54:55,551 [INFO] CodeEngine:287 - Generated code: C:\Users\hp\STM32CubeIDE\workspace_1.18.0\42_SPI_SDcard_with_Ultrasonic\FATFS\Target\user_diskio.c
2026-06-03 12:54:55,591 [INFO] CodeEngine:263 - oldGeneratedFile, C:\Users\hp\STM32CubeIDE\workspace_1.18.0\42_SPI_SDcard_with_Ultrasonic\FATFS\Target\user_diskio.h_save
2026-06-03 12:54:55,788 [INFO] CodeEngine:287 - Generated code: C:\Users\hp\STM32CubeIDE\workspace_1.18.0\42_SPI_SDcard_with_Ultrasonic\FATFS\Target\user_diskio.h
2026-06-03 12:54:55,871 [INFO] CodeEngine:263 - oldGeneratedFile, C:\Users\hp\STM32CubeIDE\workspace_1.18.0\42_SPI_SDcard_with_Ultrasonic\Core\Src\stm32f4xx_it.c_save
2026-06-03 12:54:56,323 [INFO] CodeEngine:287 - Generated code: C:\Users\hp\STM32CubeIDE\workspace_1.18.0\42_SPI_SDcard_with_Ultrasonic\Core\Src\stm32f4xx_it.c
2026-06-03 12:54:56,357 [INFO] CodeEngine:263 - oldGeneratedFile, C:\Users\hp\STM32CubeIDE\workspace_1.18.0\42_SPI_SDcard_with_Ultrasonic\Core\Inc\stm32f4xx_it.h_save
2026-06-03 12:54:56,566 [INFO] CodeEngine:287 - Generated code: C:\Users\hp\STM32CubeIDE\workspace_1.18.0\42_SPI_SDcard_with_Ultrasonic\Core\Inc\stm32f4xx_it.h
2026-06-03 12:54:56,650 [INFO] CodeEngine:263 - oldGeneratedFile, C:\Users\hp\STM32CubeIDE\workspace_1.18.0\42_SPI_SDcard_with_Ultrasonic\Core\Src\stm32f4xx_hal_msp.c_save
2026-06-03 12:54:56,992 [INFO] CodeEngine:287 - Generated code: C:\Users\hp\STM32CubeIDE\workspace_1.18.0\42_SPI_SDcard_with_Ultrasonic\Core\Src\stm32f4xx_hal_msp.c
2026-06-03 12:54:57,023 [INFO] CodeEngine:263 - oldGeneratedFile, C:\Users\hp\STM32CubeIDE\workspace_1.18.0\42_SPI_SDcard_with_Ultrasonic\MXTmpFiles\system.tmp_save
2026-06-03 12:54:57,133 [INFO] CodeEngine:287 - Generated code: C:\Users\hp\STM32CubeIDE\workspace_1.18.0\42_SPI_SDcard_with_Ultrasonic\MXTmpFiles\system.tmp
2026-06-03 12:54:57,191 [INFO] CodeEngine:319 - oldGeneratedFile, C:\Users\hp\STM32CubeIDE\workspace_1.18.0\42_SPI_SDcard_with_Ultrasonic\Core\Inc\stm32f4xx_hal_conf.h_save
2026-06-03 12:54:57,435 [INFO] CodeEngine:343 - Generated code: C:\Users\hp\STM32CubeIDE\workspace_1.18.0\42_SPI_SDcard_with_Ultrasonic\Core\Inc\stm32f4xx_hal_conf.h
2026-06-03 12:54:57,603 [INFO] ApiDbMcu:508 - Load IP Config File for SDIO
2026-06-03 12:54:57,682 [INFO] ApiDbMcu:508 - Load IP Config File for TIM3
2026-06-03 12:54:57,695 [INFO] ApiDbMcu:508 - Load IP Config File for USART2
2026-06-03 12:54:57,705 [WARN] IPConfigManager:3747 - IP not found : TIM
2026-06-03 12:54:57,707 [WARN] CodeGenerator:4198 - IP not found : null
2026-06-03 12:54:57,794 [INFO] CodeEngine:263 - oldGeneratedFile, C:\Users\hp\STM32CubeIDE\workspace_1.18.0\42_SPI_SDcard_with_Ultrasonic\Core\Inc\main.h_save
2026-06-03 12:54:58,162 [INFO] CodeEngine:287 - Generated code: C:\Users\hp\STM32CubeIDE\workspace_1.18.0\42_SPI_SDcard_with_Ultrasonic\Core\Inc\main.h
2026-06-03 12:54:58,229 [INFO] CodeEngine:263 - oldGeneratedFile, C:\Users\hp\STM32CubeIDE\workspace_1.18.0\42_SPI_SDcard_with_Ultrasonic\Core\Src\main.c_save
2026-06-03 12:54:58,688 [INFO] CodeEngine:287 - Generated code: C:\Users\hp\STM32CubeIDE\workspace_1.18.0\42_SPI_SDcard_with_Ultrasonic\Core\Src\main.c
2026-06-03 12:55:00,484 [INFO] ProjectBuilder:3324 - Time for Copy HAL[1] : 1099mS.
2026-06-03 12:55:00,524 [INFO] ProjectBuilder:4912 - Project Generator version: 4.6.0-B36
2026-06-03 12:55:00,722 [INFO] ConfigFileManager:1590 - The Die is : DIE413
2026-06-03 12:55:04,351 [INFO] ProjectBuilder:5191 - Time for Generating toolchain IDE Files: 3827mS.
2026-06-03 12:55:04,353 [INFO] ProjectBuilder:3181 - Time for Copy CMSIS : 1mS.
2026-06-03 12:55:04,369 [INFO] ProjectBuilder:3181 - Time for Copy CMSIS : 0mS.
2026-06-03 13:41:20,794 [INFO] WebApp:194 - Connection lost
2026-06-03 13:43:18,205 [INFO] WebApp:191 - Connection restablished
2026-06-03 13:43:19,933 [INFO] WebApp:194 - Connection lost
2026-06-03 13:43:20,158 [INFO] WebApp:191 - Connection restablished
2026-06-03 14:00:55,177 [INFO] UtilMem:75 - End SaveConfig() Used Memory: 823564840 Bytes (1073741824)
2026-06-03 14:00:57,810 [INFO] UtilMem:75 - End SaveConfig() Used Memory: 856070696 Bytes (1073741824)
2026-06-03 14:01:01,786 [INFO] UtilMem:75 - End SaveConfig() Used Memory: 914790952 Bytes (1073741824)
2026-06-03 14:01:02,352 [INFO] BlockDiagram:2775 - set Specific Code input for plugin: SPI
2026-06-03 14:01:02,352 [INFO] BlockDiagram:2775 - set Specific Code input for plugin: TIM1_8
2026-06-03 14:01:02,352 [INFO] BlockDiagram:2775 - set Specific Code input for plugin: SYS
2026-06-03 14:01:02,352 [INFO] BlockDiagram:2775 - set Specific Code input for plugin: RCC
2026-06-03 14:01:02,353 [INFO] BlockDiagram:2775 - set Specific Code input for plugin: NVIC
2026-06-03 14:01:02,353 [INFO] BlockDiagram:2775 - set Specific Code input for plugin: USART
2026-06-03 14:01:02,354 [INFO] BlockDiagram:2775 - set Specific Code input for plugin: GPIO
2026-06-03 14:01:02,354 [INFO] BlockDiagram:2775 - set Specific Code input for plugin: FATFS
2026-06-03 14:01:02,358 [INFO] CodeGenerator:882 - code generatio: config db path: C:\ST\STM32CubeIDE_1.18.0\STM32CubeIDE\plugins\com.st.stm32cube.common.mx_6.14.0.202502271554\\db\
2026-06-03 14:01:02,606 [INFO] CodeEngine:263 - oldGeneratedFile, C:\Users\hp\STM32CubeIDE\workspace_1.18.0\42_SPI_SDcard_with_Ultrasonic\MXTmpFiles\license.tmp_save
2026-06-03 14:01:02,899 [INFO] CodeEngine:287 - Generated code: C:\Users\hp\STM32CubeIDE\workspace_1.18.0\42_SPI_SDcard_with_Ultrasonic\MXTmpFiles\license.tmp
2026-06-03 14:01:03,150 [INFO] CodeEngine:263 - oldGeneratedFile, C:\Users\hp\STM32CubeIDE\workspace_1.18.0\42_SPI_SDcard_with_Ultrasonic\MXTmpFiles\gpio.tmp_save
2026-06-03 14:01:03,396 [INFO] CodeEngine:287 - Generated code: C:\Users\hp\STM32CubeIDE\workspace_1.18.0\42_SPI_SDcard_with_Ultrasonic\MXTmpFiles\gpio.tmp
2026-06-03 14:01:03,749 [INFO] Middleware:1452 - No code input for Bsp Dependency
2026-06-03 14:01:03,764 [INFO] CodeEngine:263 - oldGeneratedFile, C:\Users\hp\STM32CubeIDE\workspace_1.18.0\42_SPI_SDcard_with_Ultrasonic\MXTmpFiles\fatfs_HalInit.tmp_save
2026-06-03 14:01:03,988 [INFO] CodeEngine:287 - Generated code: C:\Users\hp\STM32CubeIDE\workspace_1.18.0\42_SPI_SDcard_with_Ultrasonic\MXTmpFiles\fatfs_HalInit.tmp
2026-06-03 14:01:03,997 [INFO] CodeEngine:263 - oldGeneratedFile, C:\Users\hp\STM32CubeIDE\workspace_1.18.0\42_SPI_SDcard_with_Ultrasonic\MXTmpFiles\fatfs_vars.tmp_save
2026-06-03 14:01:04,120 [INFO] CodeEngine:287 - Generated code: C:\Users\hp\STM32CubeIDE\workspace_1.18.0\42_SPI_SDcard_with_Ultrasonic\MXTmpFiles\fatfs_vars.tmp
2026-06-03 14:01:04,130 [INFO] CodeEngine:263 - oldGeneratedFile, C:\Users\hp\STM32CubeIDE\workspace_1.18.0\42_SPI_SDcard_with_Ultrasonic\MXTmpFiles\fatfs_ext_vars.tmp_save
2026-06-03 14:01:04,249 [INFO] CodeEngine:287 - Generated code: C:\Users\hp\STM32CubeIDE\workspace_1.18.0\42_SPI_SDcard_with_Ultrasonic\MXTmpFiles\fatfs_ext_vars.tmp
2026-06-03 14:01:04,258 [INFO] CodeEngine:263 - oldGeneratedFile, C:\Users\hp\STM32CubeIDE\workspace_1.18.0\42_SPI_SDcard_with_Ultrasonic\MXTmpFiles\fatfs_inc.tmp_save
2026-06-03 14:01:04,377 [INFO] CodeEngine:287 - Generated code: C:\Users\hp\STM32CubeIDE\workspace_1.18.0\42_SPI_SDcard_with_Ultrasonic\MXTmpFiles\fatfs_inc.tmp
2026-06-03 14:01:04,393 [INFO] Middleware:1452 - No code input for Bsp Dependency
2026-06-03 14:01:04,410 [INFO] CodeEngine:263 - oldGeneratedFile, C:\Users\hp\STM32CubeIDE\workspace_1.18.0\42_SPI_SDcard_with_Ultrasonic\MXTmpFiles\fatfs_HalInit.tmp_save
2026-06-03 14:01:04,542 [INFO] CodeEngine:287 - Generated code: C:\Users\hp\STM32CubeIDE\workspace_1.18.0\42_SPI_SDcard_with_Ultrasonic\MXTmpFiles\fatfs_HalInit.tmp
2026-06-03 14:01:04,553 [INFO] CodeEngine:263 - oldGeneratedFile, C:\Users\hp\STM32CubeIDE\workspace_1.18.0\42_SPI_SDcard_with_Ultrasonic\MXTmpFiles\fatfs_vars.tmp_save
2026-06-03 14:01:04,650 [INFO] CodeEngine:287 - Generated code: C:\Users\hp\STM32CubeIDE\workspace_1.18.0\42_SPI_SDcard_with_Ultrasonic\MXTmpFiles\fatfs_vars.tmp
2026-06-03 14:01:04,661 [INFO] CodeEngine:263 - oldGeneratedFile, C:\Users\hp\STM32CubeIDE\workspace_1.18.0\42_SPI_SDcard_with_Ultrasonic\MXTmpFiles\fatfs_ext_vars.tmp_save
2026-06-03 14:01:04,758 [INFO] CodeEngine:287 - Generated code: C:\Users\hp\STM32CubeIDE\workspace_1.18.0\42_SPI_SDcard_with_Ultrasonic\MXTmpFiles\fatfs_ext_vars.tmp
2026-06-03 14:01:04,769 [INFO] CodeEngine:263 - oldGeneratedFile, C:\Users\hp\STM32CubeIDE\workspace_1.18.0\42_SPI_SDcard_with_Ultrasonic\MXTmpFiles\fatfs_inc.tmp_save
2026-06-03 14:01:04,856 [INFO] CodeEngine:287 - Generated code: C:\Users\hp\STM32CubeIDE\workspace_1.18.0\42_SPI_SDcard_with_Ultrasonic\MXTmpFiles\fatfs_inc.tmp
2026-06-03 14:01:04,893 [INFO] CodeEngine:263 - oldGeneratedFile, C:\Users\hp\STM32CubeIDE\workspace_1.18.0\42_SPI_SDcard_with_Ultrasonic\FATFS\Target\ffconf.h_save
2026-06-03 14:01:05,074 [INFO] CodeEngine:287 - Generated code: C:\Users\hp\STM32CubeIDE\workspace_1.18.0\42_SPI_SDcard_with_Ultrasonic\FATFS\Target\ffconf.h
2026-06-03 14:01:05,105 [INFO] CodeEngine:263 - oldGeneratedFile, C:\Users\hp\STM32CubeIDE\workspace_1.18.0\42_SPI_SDcard_with_Ultrasonic\FATFS\Target\user_diskio.c_save
2026-06-03 14:01:05,212 [INFO] CodeEngine:287 - Generated code: C:\Users\hp\STM32CubeIDE\workspace_1.18.0\42_SPI_SDcard_with_Ultrasonic\FATFS\Target\user_diskio.c
2026-06-03 14:01:05,224 [INFO] CodeEngine:263 - oldGeneratedFile, C:\Users\hp\STM32CubeIDE\workspace_1.18.0\42_SPI_SDcard_with_Ultrasonic\FATFS\Target\user_diskio.h_save
2026-06-03 14:01:05,334 [INFO] CodeEngine:287 - Generated code: C:\Users\hp\STM32CubeIDE\workspace_1.18.0\42_SPI_SDcard_with_Ultrasonic\FATFS\Target\user_diskio.h
2026-06-03 14:01:05,346 [INFO] CodeEngine:263 - oldGeneratedFile, C:\Users\hp\STM32CubeIDE\workspace_1.18.0\42_SPI_SDcard_with_Ultrasonic\FATFS\App\fatfs.c_save
2026-06-03 14:01:05,491 [INFO] CodeEngine:287 - Generated code: C:\Users\hp\STM32CubeIDE\workspace_1.18.0\42_SPI_SDcard_with_Ultrasonic\FATFS\App\fatfs.c
2026-06-03 14:01:05,504 [INFO] CodeEngine:263 - oldGeneratedFile, C:\Users\hp\STM32CubeIDE\workspace_1.18.0\42_SPI_SDcard_with_Ultrasonic\FATFS\App\fatfs.h_save
2026-06-03 14:01:05,659 [INFO] CodeEngine:287 - Generated code: C:\Users\hp\STM32CubeIDE\workspace_1.18.0\42_SPI_SDcard_with_Ultrasonic\FATFS\App\fatfs.h
2026-06-03 14:01:05,719 [INFO] CodeEngine:263 - oldGeneratedFile, C:\Users\hp\STM32CubeIDE\workspace_1.18.0\42_SPI_SDcard_with_Ultrasonic\Core\Src\stm32f4xx_it.c_save
2026-06-03 14:01:05,837 [INFO] CodeEngine:287 - Generated code: C:\Users\hp\STM32CubeIDE\workspace_1.18.0\42_SPI_SDcard_with_Ultrasonic\Core\Src\stm32f4xx_it.c
2026-06-03 14:01:05,848 [INFO] CodeEngine:263 - oldGeneratedFile, C:\Users\hp\STM32CubeIDE\workspace_1.18.0\42_SPI_SDcard_with_Ultrasonic\Core\Inc\stm32f4xx_it.h_save
2026-06-03 14:01:05,946 [INFO] CodeEngine:287 - Generated code: C:\Users\hp\STM32CubeIDE\workspace_1.18.0\42_SPI_SDcard_with_Ultrasonic\Core\Inc\stm32f4xx_it.h
2026-06-03 14:01:05,994 [INFO] CodeEngine:263 - oldGeneratedFile, C:\Users\hp\STM32CubeIDE\workspace_1.18.0\42_SPI_SDcard_with_Ultrasonic\Core\Src\stm32f4xx_hal_msp.c_save
2026-06-03 14:01:06,181 [INFO] CodeEngine:287 - Generated code: C:\Users\hp\STM32CubeIDE\workspace_1.18.0\42_SPI_SDcard_with_Ultrasonic\Core\Src\stm32f4xx_hal_msp.c
2026-06-03 14:01:06,189 [INFO] CodeEngine:263 - oldGeneratedFile, C:\Users\hp\STM32CubeIDE\workspace_1.18.0\42_SPI_SDcard_with_Ultrasonic\MXTmpFiles\system.tmp_save
2026-06-03 14:01:06,280 [INFO] CodeEngine:287 - Generated code: C:\Users\hp\STM32CubeIDE\workspace_1.18.0\42_SPI_SDcard_with_Ultrasonic\MXTmpFiles\system.tmp
2026-06-03 14:01:06,317 [INFO] CodeEngine:319 - oldGeneratedFile, C:\Users\hp\STM32CubeIDE\workspace_1.18.0\42_SPI_SDcard_with_Ultrasonic\Core\Inc\stm32f4xx_hal_conf.h_save
2026-06-03 14:01:06,491 [INFO] CodeEngine:343 - Generated code: C:\Users\hp\STM32CubeIDE\workspace_1.18.0\42_SPI_SDcard_with_Ultrasonic\Core\Inc\stm32f4xx_hal_conf.h
2026-06-03 14:01:06,557 [WARN] IPConfigManager:3747 - IP not found : TIM
2026-06-03 14:01:06,559 [WARN] CodeGenerator:4198 - IP not found : null
2026-06-03 14:01:06,589 [INFO] CodeEngine:263 - oldGeneratedFile, C:\Users\hp\STM32CubeIDE\workspace_1.18.0\42_SPI_SDcard_with_Ultrasonic\Core\Inc\main.h_save
2026-06-03 14:01:06,716 [INFO] CodeEngine:287 - Generated code: C:\Users\hp\STM32CubeIDE\workspace_1.18.0\42_SPI_SDcard_with_Ultrasonic\Core\Inc\main.h
2026-06-03 14:01:06,746 [INFO] CodeEngine:263 - oldGeneratedFile, C:\Users\hp\STM32CubeIDE\workspace_1.18.0\42_SPI_SDcard_with_Ultrasonic\Core\Src\main.c_save
2026-06-03 14:01:06,934 [INFO] CodeEngine:287 - Generated code: C:\Users\hp\STM32CubeIDE\workspace_1.18.0\42_SPI_SDcard_with_Ultrasonic\Core\Src\main.c
2026-06-03 14:01:07,871 [INFO] ProjectBuilder:3324 - Time for Copy HAL[1] : 552mS.
2026-06-03 14:01:07,893 [INFO] ProjectBuilder:4912 - Project Generator version: 4.6.0-B36
2026-06-03 14:01:08,046 [INFO] ConfigFileManager:1590 - The Die is : DIE413
2026-06-03 14:01:11,683 [INFO] ProjectBuilder:5191 - Time for Generating toolchain IDE Files: 3791mS.
2026-06-03 14:01:11,686 [INFO] ProjectBuilder:3181 - Time for Copy CMSIS : 1mS.
2026-06-03 14:01:11,705 [INFO] ProjectBuilder:3181 - Time for Copy CMSIS : 0mS.
2026-06-03 14:43:24,664 [INFO] WebApp:194 - Connection lost
2026-06-03 14:43:25,304 [INFO] WebApp:191 - Connection restablished
2026-06-03 15:10:07,012 [INFO] MainUpdater:2872 - connection check result : 10
2026-06-03 15:10:07,040 [INFO] McuFinderGlobals:76 - Set McuFinderConnectedMode to true
2026-06-03 15:10:08,297 [INFO] ServerAccessManage:473 - Download File mcusAds.json._tmp_
2026-06-03 15:10:08,563 [INFO] LoadUrlFilesThread:156 - End of LoadUrlFiles Thread
2026-06-03 15:10:08,841 [INFO] ServerAccessManage:473 - Download File cube-finder-db.zip
2026-06-03 15:10:13,016 [INFO] FileExtend:242 - Unzip File : cube-finder-db.zip
2026-06-03 15:10:13,018 [INFO] FileExtend:257 - Standard Zip Deflate
2026-06-03 15:10:18,569 [INFO] LoadUrlFilesThread:156 - End of LoadUrlFiles Thread
2026-06-03 15:10:19,475 [INFO] ServerAccessManage:473 - Download File crdb.zip
2026-06-03 15:10:20,330 [INFO] FileExtend:242 - Unzip File : crdb.zip
2026-06-03 15:10:20,331 [INFO] FileExtend:257 - Standard Zip Deflate
2026-06-03 15:10:20,565 [INFO] LoadUrlFilesThread:156 - End of LoadUrlFiles Thread
2026-06-03 15:10:20,710 [INFO] ServerAccessManage:473 - Download File tutoVideoDB.zip
2026-06-03 15:10:20,734 [INFO] FileExtend:242 - Unzip File : tutoVideoDB.zip
2026-06-03 15:10:20,735 [INFO] FileExtend:257 - Standard Zip Deflate
2026-06-03 15:10:20,945 [INFO] LoadUrlFilesThread:156 - End of LoadUrlFiles Thread
2026-06-03 15:10:20,950 [WARN] DbFile:41 - Overriding database path with different value: C:\Users\hp\.stmcufinder\plugins\mcufinder/ => C:\Users\hp\.stmcufinder\plugins\mcufinder
2026-06-03 15:10:21,629 [ERROR] ServerAccessManage:1089 - Problem, file not found on Server
2026-06-03 15:10:21,630 [ERROR] ServerAccessManage:651 - Problem, file not found on Server : api_config.json.
2026-06-03 15:10:24,944 [INFO] LoadUrlFilesThread:156 - End of LoadUrlFiles Thread
2026-06-03 15:10:26,885 [INFO] DbMcusAds:53 - JSON generation date=Thu May 28 21:38:17 IST 2026 (1779984497073)
2026-06-03 15:10:26,896 [INFO] ApiDb:448 - Save user favorites file C:\Users\hp/.stm32cubeide/favorites.mcus.txt: 0 item(s)
2026-06-03 15:10:26,897 [INFO] ApiDb:452 - User favorites MCUs=[]
2026-06-03 15:10:26,925 [INFO] ApiDb:581 - Connected to CubeFinder SQLite database (C:\Users\hp\.stmcufinder\plugins\mcufinder\mcu\cube-finder-db.db)
2026-06-03 15:10:27,047 [INFO] ApiDb:668 - CubeFinder database Data Model version=2.1
2026-06-03 15:10:27,047 [INFO] ApiDb:669 - CubeFinder database Configuration version=3.0.42
2026-06-03 15:10:27,048 [INFO] ApiDb:670 - CubeFinder database generation date=2026-05-06 (1778060171)
2026-06-03 15:10:27,048 [INFO] ApiDb:671 - CubeFinder database FW Pack versions=[FP-ATR-ASTRA1_V2.0.0, FP-SNS-FLIGHT1_V5.1.0, FP-SNS-MOTENV1_V5.1.0, FP-SNS-MOTENVWB1_V1.5.0, FP-SNS-SMARTAG2_V1.2.0, FP-SNS-STBOX1_V2.1.0, STM32Cube_FW_C0_V1.4.0, STM32Cube_FW_F4_V1.28.3, STM32Cube_FW_F7_V1.17.4, STM32Cube_FW_G0_V1.6.3, STM32Cube_FW_G4_V1.6.2, STM32Cube_FW_H5_V1.6.0, STM32Cube_FW_H7RS_V1.3.0, STM32Cube_FW_H7_V1.13.0, STM32Cube_FW_L0_V1.12.2, STM32Cube_FW_L4_V1.18.2, STM32Cube_FW_L5_V1.6.0, STM32Cube_FW_N6_V1.3.0, STM32Cube_FW_U0_V1.3.0, STM32Cube_FW_U3_V1.3.0, STM32Cube_FW_U5_V1.8.0, STM32Cube_FW_WB0_V1.4.0, STM32Cube_FW_WBA_V1.9.0, STM32Cube_FW_WB_V1.24.0, STM32Cube_FW_WL3_V1.4.0, STM32Cube_FW_WL_V1.5.0, X-CUBE-ALGOBUILD_V1.4.0, X-CUBE-ALS_V1.0.2, X-CUBE-AZRTOS-F4_V1.1.0, X-CUBE-AZRTOS-F7_V1.1.0, X-CUBE-AZRTOS-G0_V1.1.0, X-CUBE-AZRTOS-G4_V2.0.0, X-CUBE-AZRTOS-H7RS_V1.1.0, X-CUBE-AZRTOS-H7_V3.5.0, X-CUBE-AZRTOS-L4_V2.0.0, X-CUBE-AZRTOS-L5_V2.0.0, X-CUBE-AZRTOS-WB_V2.0.0, X-CUBE-AZRTOS-WL_V2.0.0, X-CUBE-BLE1_V7.1.0, X-CUBE-BLE2_V3.3.0, X-CUBE-BLEMGR_V4.1.0, X-CUBE-EEPRMA1_V5.2.0, X-CUBE-FREERTOS_V1.5.0, X-CUBE-GNSS1_V6.0.0, X-CUBE-MEMS1_V12.0.0, X-CUBE-NFC4_V3.0.0, X-CUBE-NFC7_V2.0.0, X-CUBE-SFXS2LP1_V4.0.0, X-CUBE-ST67W61_V1.2.0, X-CUBE-SUBG2_V5.0.0, X-CUBE-TOF1_V3.4.3]
2026-06-03 15:10:30,896 [INFO] ApiDb:240 - Found 895 in-development CPN: [B-G473E-ZEST1S, B-WB1M-WPAN1, B-WBA5M-WPAN, B-WL5M-SUBG1, NUCLEO-C031C6, NUCLEO-C051C8, NUCLEO-C071RB, NUCLEO-C092RC, NUCLEO-H503RB, NUCLEO-H533RE, NUCLEO-H563ZI, NUCLEO-H7S3L8, NUCLEO-N657X0-Q, NUCLEO-U031R8, NUCLEO-U083RC, NUCLEO-U385RG-Q, NUCLEO-U545RE-Q, NUCLEO-U5A5ZJ-Q, NUCLEO-WB05KZ, NUCLEO-WB07CC, NUCLEO-WB09KE, NUCLEO-WBA52CG, NUCLEO-WBA55CG, NUCLEO-WBA65RI, NUCLEO-WL33CC1, NUCLEO-WL33CC2, STEVAL-PROTEUS1, STEVAL-SMARTAG2, STEVAL-STWINBX1, STM320518-EVAL, STM32C0116-DK, STM32C011D6Y3TR, STM32C011D6Y6TR, STM32C011F4P3, STM32C011F4P6, STM32C011F4U3, STM32C011F4U6TR, STM32C011F6P3, STM32C011F6P6, STM32C011F6U3, STM32C011F6U6TR, STM32C011J4M3, STM32C011J4M6, STM32C011J6M3, STM32C011J6M6, STM32C0316-DK, STM32C031C4T3, STM32C031C4T6, STM32C031C4U3, STM32C031C4U6, STM32C031C6T3, STM32C031C6T6, STM32C031C6U3, STM32C031C6U6, STM32C031F4P3, STM32C031F4P6, STM32C031F6P3, STM32C031F6P6, STM32C031G4U3, STM32C031G4U6, STM32C031G6U3, STM32C031G6U6, STM32C031K4T3, STM32C031K4T6, STM32C031K4U3, STM32C031K4U6, STM32C031K6T3, STM32C031K6T6, STM32C031K6U3, STM32C031K6U6, STM32C051C6T6, STM32C051C6U6, STM32C051C8T6, STM32C051C8U6, STM32C051D8Y6TR, STM32C051F6P6, STM32C051F8P6, STM32C051G6U6, STM32C051G8U6, STM32C051K6T6, STM32C051K6U6, STM32C051K8T6, STM32C071C8T6, STM32C071C8T6N, STM32C071C8U6, STM32C071C8U6N, STM32C071CBT6, STM32C071CBT6N, STM32C071CBU6, STM32C071CBU6N, STM32C071F8P6, STM32C071F8P6N, STM32C071FBP6, STM32C071FBP6N, STM32C071FBY6TR, STM32C071G8U6, STM32C071G8U6N, STM32C071GBU6, STM32C071GBU6N, STM32C071K8T6, STM32C071K8T6N, STM32C071K8U6, STM32C071K8U6N, STM32C071KBT6, STM32C071KBT6N, STM32C071KBU6, STM32C071KBU6N, STM32C071R8T6, STM32C071R8T6N, STM32C071RBI6N, STM32C071RBT6, STM32C071RBT6N, STM32C091CBT6, STM32C091CBU6, STM32C091CCT6, STM32C091CCU6, STM32C091ECY6TR, STM32C091FBP6, STM32C091FCP6, STM32C091GBU6, STM32C091GCU6, STM32C091KBT6, STM32C091KBU6, STM32C091KCT6, STM32C091KCU6, STM32C091RBT6, STM32C091RCI6, STM32C091RCT6, STM32C092CBT6, STM32C092CBU6, STM32C092CCT6, STM32C092CCU6, STM32C092ECY6TR, STM32C092FBP6, STM32C092FCP6, STM32C092GBU6, STM32C092GCU6, STM32C092KBT6, STM32C092KBU6, STM32C092KCT6, STM32C092KCU6, STM32C092RBT6, STM32C092RCI6, STM32C092RCT6, STM32G071K8TXN, STM32G071K8UXN, STM32G081GBU6N, STM32G081KBT6N, STM32G081KBUXN, STM32G0B1CCT6N, STM32G0B1KCT6, STM32G0B1NEY6TR, STM32G0B1RCT6N, STM32G0C1CCT6, STM32G0C1CCT6N, STM32G0C1CCU6N, STM32G0C1CET6N, STM32G0C1CEU6N, STM32G0C1KCT6, STM32G0C1NEY6TR, STM32G0C1RCI6N, STM32G0C1RCT6N, STM32G0C1REI6N, STM32G0C1RET6N, STM32G0C1VCI6, STM32G0C1VEI6, STM32G411C6T3, STM32G411C6T6, STM32G411C6U3, STM32G411C6U6, STM32G411C8T3, STM32G411C8T6, STM32G411C8U3, STM32G411C8U6, STM32G411CBT3, STM32G411CBT6, STM32G411CBU3, STM32G411CBU6, STM32G411CCT3, STM32G411CCT6, STM32G411CCU3, STM32G411CCU6, STM32G411K6T3, STM32G411K6T6, STM32G411K6U3, STM32G411K6U6, STM32G411K8T3, STM32G411K8T6, STM32G411K8U3, STM32G411K8U6, STM32G411KBT3, STM32G411KBT6, STM32G411KBU3, STM32G411KBU6, STM32G411M6T3, STM32G411M6T6, STM32G411M8T3, STM32G411M8T6, STM32G411MBT3, STM32G411MBT6, STM32G411MCT3, STM32G411MCT6, STM32G411R6T3, STM32G411R6T6, STM32G411R8T3, STM32G411R8T6, STM32G411RBT3, STM32G411RBT6, STM32G411RCT3, STM32G411RCT6, STM32G414CBT3, STM32G414CBT6, STM32G414CBU3, STM32G414CBU6, STM32G414CCT3, STM32G414CCT6, STM32G414CCU3, STM32G414CCU6, STM32G414MBT3, STM32G414MBT6, STM32G414MCT3, STM32G414MCT6, STM32G414RBT3, STM32G414RBT6, STM32G414RCT3, STM32G414RCT6, STM32G414VBT3, STM32G414VBT6, STM32G414VCT3, STM32G414VCT6, STM32G431CBT3Z, STM32G431RBT3Z, STM32G471CCT6, STM32G471CCU6, STM32G471CET3, STM32G471CET6, STM32G471CEU3, STM32G471CEU6, STM32G471MCT6, STM32G471MET3, STM32G471MET6, STM32G471MEY6TR, STM32G471QCT6, STM32G471QET3, STM32G471RCT6, STM32G471RET3, STM32G471RET6, STM32G471VCH6, STM32G471VCI6, STM32G471VCT6, STM32G471VEH3, STM32G471VEH6, STM32G471VEI3, STM32G471VEI6, STM32G471VET3, STM32G471VET6, STM32G473QET3Z, STM32G473RET3Z, STM32G474CCT6, STM32G491RET3Z, STM32H503CBT6, STM32H503CBU6, STM32H503EBY6TR, STM32H503KBU6, STM32H503RBT6, STM32H523CCT6, STM32H523CCU6, STM32H523CET6, STM32H523CEU6, STM32H523HEY6TR, STM32H523RCT6, STM32H523RET6, STM32H523VCI6, STM32H523VCT6, STM32H523VEI6, STM32H523VET6, STM32H523ZCJ6, STM32H523ZCT6, STM32H523ZEJ6, STM32H523ZET6, STM32H533CET6, STM32H533CEU6, STM32H533HEY6TR, STM32H533RET6, STM32H533VEI6, STM32H533VET6, STM32H533ZEJ6, STM32H533ZET6, STM32H562AGI6, STM32H562AII6, STM32H562IGK6, STM32H562IGT6, STM32H562IIK6, STM32H562IIT6, STM32H562RGT6, STM32H562RGV6, STM32H562RIT6, STM32H562RIV6, STM32H562VGT6, STM32H562VIT6, STM32H562ZGT6, STM32H562ZIT6, STM32H563AGI6, STM32H563AII3Q, STM32H563AII6, STM32H563IGK6, STM32H563IGT6, STM32H563IIK3Q, STM32H563IIK6, STM32H563IIT3Q, STM32H563IIT6, STM32H563MIY3QTR, STM32H563RGT6, STM32H563RGV6, STM32H563RIT6, STM32H563RIV6, STM32H563VGT6, STM32H563VIT3Q, STM32H563VIT6, STM32H563ZGT6, STM32H563ZIT3Q, STM32H563ZIT6, STM32H573AII3Q, STM32H573AII6, STM32H573I-DK, STM32H573IIK3Q, STM32H573IIK6, STM32H573IIT3Q, STM32H573IIT6, STM32H573MIY3QTR, STM32H573RIT6, STM32H573RIV6, STM32H573VIT3Q, STM32H573VIT6, STM32H573ZIT3Q, STM32H573ZIT6, STM32H7R3A8I6, STM32H7R3I8K6, STM32H7R3I8T6, STM32H7R3L8H6, STM32H7R3L8H6H, STM32H7R3R8V6, STM32H7R3V8H6, STM32H7R3V8T6, STM32H7R3V8Y6TR, STM32H7R3Z8J6, STM32H7R3Z8T6, STM32H7R7A8I6, STM32H7R7I8K6, STM32H7R7I8T6, STM32H7R7L8H6, STM32H7R7L8H6H, STM32H7R7Z8J6, STM32H7S3A8I6, STM32H7S3I8K6, STM32H7S3I8T6, STM32H7S3L8H6, STM32H7S3L8H6H, STM32H7S3R8V6, STM32H7S3V8H6, STM32H7S3V8T6, STM32H7S3V8Y6TR, STM32H7S3Z8J6, STM32H7S3Z8T6, STM32H7S78-DK, STM32H7S7A8I6, STM32H7S7I8K6, STM32H7S7I8T6, STM32H7S7L8H6, STM32H7S7L8H6H, STM32H7S7Z8J6, STM32L4R5QGI6STR, STM32MP131AAE3, STM32MP131AAF3, STM32MP131AAG3, STM32MP131CAE3, STM32MP131CAF3, STM32MP131CAG3, STM32MP131DAE7, STM32MP131DAF7, STM32MP131DAG7, STM32MP131FAE7, STM32MP131FAF7, STM32MP131FAG7, STM32MP133AAE3, STM32MP133AAF3, STM32MP133AAG3, STM32MP133CAE3, STM32MP133CAF3, STM32MP133CAG3, STM32MP133DAE7, STM32MP133DAF7, STM32MP133DAG7, STM32MP133FAE7, STM32MP133FAF7, STM32MP133FAG7, STM32MP135AAE3, STM32MP135AAF3, STM32MP135AAG3, STM32MP135CAE3, STM32MP135CAF3, STM32MP135CAG3, STM32MP135DAE7, STM32MP135DAF7, STM32MP135DAG7, STM32MP135F-DK, STM32MP135FAE7, STM32MP135FAF7, STM32MP135FAF7T, STM32MP135FAF7U, STM32MP135FAG7, STM32MP231AAJ3, STM32MP231AAK3, STM32MP231AAL3, STM32MP231CAJ3, STM32MP231CAK3, STM32MP231CAL3, STM32MP231DAJ3, STM32MP231DAK3, STM32MP231DAL3, STM32MP231FAJ3, STM32MP231FAK3, STM32MP231FAL3, STM32MP233AAJ3, STM32MP233AAK3, STM32MP233AAL3, STM32MP233CAJ3, STM32MP233CAK3, STM32MP233CAL3, STM32MP233DAJ3, STM32MP233DAK3, STM32MP233DAL3, STM32MP233FAJ3, STM32MP233FAK3, STM32MP233FAL3, STM32MP235AAJ3, STM32MP235AAK3, STM32MP235AAL3, STM32MP235CAJ3, STM32MP235CAK3, STM32MP235CAL3, STM32MP235DAJ3, STM32MP235DAK3, STM32MP235DAL3, STM32MP235FAJ3, STM32MP235FAK3, STM32MP235FAL3, STM32MP251AAI3, STM32MP251AAJ3, STM32MP251AAK3, STM32MP251AAL3, STM32MP251CAI3, STM32MP251CAJ3, STM32MP251CAK3, STM32MP251CAL3, STM32MP251DAI3, STM32MP251DAJ3, STM32MP251DAK3, STM32MP251DAL3, STM32MP251FAI3, STM32MP251FAJ3, STM32MP251FAK3, STM32MP251FAL3, STM32MP253AAI3, STM32MP253AAJ3, STM32MP253AAK3, STM32MP253AAL3, STM32MP253CAI3, STM32MP253CAJ3, STM32MP253CAK3, STM32MP253CAL3, STM32MP253DAI3, STM32MP253DAJ3, STM32MP253DAK3, STM32MP253DAL3, STM32MP253FAI3, STM32MP253FAJ3, STM32MP253FAK3, STM32MP253FAL3, STM32MP255AAI3, STM32MP255AAJ3, STM32MP255AAK3, STM32MP255AAL3, STM32MP255CAI3, STM32MP255CAJ3, STM32MP255CAK3, STM32MP255CAL3, STM32MP255DAI3, STM32MP255DAJ3, STM32MP255DAK3, STM32MP255DAL3, STM32MP255FAI3, STM32MP255FAJ3, STM32MP255FAK3, STM32MP255FAL3, STM32MP257AAI3, STM32MP257AAJ3, STM32MP257AAK3, STM32MP257AAL3, STM32MP257CAI3, STM32MP257CAJ3, STM32MP257CAK3, STM32MP257CAL3, STM32MP257DAI3, STM32MP257DAJ3, STM32MP257DAK3, STM32MP257DAL3, STM32MP257F-DK, STM32MP257F-EV1, STM32MP257FAI3, STM32MP257FAJ3, STM32MP257FAK3, STM32MP257FAL3, STM32N645A0H3Q, STM32N645B0H3Q, STM32N645I0H3Q, STM32N645L0H3Q, STM32N645X0H3Q, STM32N645Z0H3Q, STM32N647A0H3Q, STM32N647B0H3Q, STM32N647I0H3Q, STM32N647L0H3Q, STM32N647X0H3Q, STM32N647Z0H3Q, STM32N655A0H3Q, STM32N655B0H3Q, STM32N655I0H3Q, STM32N655L0H3Q, STM32N655X0H3Q, STM32N655Z0H3Q, STM32N6570-DK, STM32N657A0H3Q, STM32N657B0H3Q, STM32N657I0H3Q, STM32N657L0H3Q, STM32N657X0H3Q, STM32N657Z0H3Q, STM32U031C6T6, STM32U031C6U6, STM32U031C8T6, STM32U031C8U6, STM32U031F4P6, STM32U031F6P6, STM32U031F8P6, STM32U031G6Y6TR, STM32U031G8Y6TR, STM32U031K4U6, STM32U031K6U6, STM32U031K8U6, STM32U031R6I6, STM32U031R6T6, STM32U031R8I6, STM32U031R8T6, STM32U073C8T6, STM32U073C8U6, STM32U073CBT6, STM32U073CBU6, STM32U073CCT6, STM32U073CCU6, STM32U073H8Y6TR, STM32U073HBY6TR, STM32U073HCY6TR, STM32U073K8U6, STM32U073KBU6, STM32U073KCU6, STM32U073M8I6, STM32U073M8T6, STM32U073MBI6, STM32U073MBT6, STM32U073MCI6, STM32U073MCT6, STM32U073R8I6, STM32U073R8T6, STM32U073RBI6, STM32U073RBT6, STM32U073RCI6, STM32U073RCT6, STM32U083C-DK, STM32U083CCT6, STM32U083CCU6, STM32U083HCY6TR, STM32U083KCU6, STM32U083MCI6, STM32U083MCT6, STM32U083RCI6, STM32U083RCT6, STM32U375CET6, STM32U375CET6Q, STM32U375CEU6, STM32U375CEU6Q, STM32U375CEY6QTR, STM32U375CGT6, STM32U375CGT6Q, STM32U375CGU6, STM32U375CGU6Q, STM32U375CGY6QTR, STM32U375KEU6, STM32U375KGU6, STM32U375REI6, STM32U375REI6Q, STM32U375RET6, STM32U375RET6Q, STM32U375REY6GTR, STM32U375REY6QTR, STM32U375RGI6, STM32U375RGI6Q, STM32U375RGT6, STM32U375RGT6Q, STM32U375RGY6GTR, STM32U375RGY6QTR, STM32U375VEI6, STM32U375VEI6Q, STM32U375VET6, STM32U375VET6Q, STM32U375VGI6, STM32U375VGI6Q, STM32U375VGT6, STM32U375VGT6Q, STM32U385CGT6, STM32U385CGT6Q, STM32U385CGU6, STM32U385CGU6Q, STM32U385CGY6QTR, STM32U385KGU6, STM32U385RGI6, STM32U385RGI6Q, STM32U385RGT6, STM32U385RGT6Q, STM32U385RGY6GTR, STM32U385RGY6QTR, STM32U385VGI6, STM32U385VGI6Q, STM32U385VGT6, STM32U385VGT6Q, STM32U535CBT6, STM32U535CBT6Q, STM32U535CBU6, STM32U535CBU6Q, STM32U535CCT6, STM32U535CCT6Q, STM32U535CCU6, STM32U535CCU6Q, STM32U535CET6, STM32U535CET6Q, STM32U535CEU6, STM32U535CEU6Q, STM32U535JEY6QTR, STM32U535NCY6QTR, STM32U535NEY6QTR, STM32U535RBI6, STM32U535RBI6Q, STM32U535RBT6, STM32U535RBT6Q, STM32U535RCI6, STM32U535RCI6Q, STM32U535RCT6, STM32U535RCT6Q, STM32U535REI6, STM32U535REI6Q, STM32U535RET6, STM32U535RET6Q, STM32U535VCI6, STM32U535VCI6Q, STM32U535VCT6, STM32U535VCT6Q, STM32U535VEI6, STM32U535VEI6Q, STM32U535VET6, STM32U535VET6Q, STM32U545CET6, STM32U545CET6Q, STM32U545CEU6, STM32U545CEU6Q, STM32U545JEY6QTR, STM32U545NEY6QTR, STM32U545REI6, STM32U545REI6Q, STM32U545RET6, STM32U545RET6Q, STM32U545VEI6, STM32U545VEI6Q, STM32U545VET6, STM32U545VET6Q, STM32U595AIH6, STM32U595AIH6Q, STM32U595AJH6, STM32U595AJH6Q, STM32U595QII6, STM32U595QII6Q, STM32U595QJI6, STM32U595QJI6Q, STM32U595RIT6, STM32U595RIT6Q, STM32U595RJT6, STM32U595RJT6Q, STM32U595VIT6, STM32U595VIT6Q, STM32U595VJT6, STM32U595VJT6Q, STM32U595ZIT6, STM32U595ZIT6Q, STM32U595ZIY6QTR, STM32U595ZJT6, STM32U595ZJT6Q, STM32U595ZJY6QTR, STM32U599BJY6QTR, STM32U599NIH6Q, STM32U599NJH6Q, STM32U599VIT6Q, STM32U599VJT6, STM32U599VJT6Q, STM32U599ZIT6Q, STM32U599ZIY6QTR, STM32U599ZJT6Q, STM32U599ZJY6QTR, STM32U5A5AJH6, STM32U5A5AJH6Q, STM32U5A5QII3Q , STM32U5A5QJI6, STM32U5A5QJI6Q, STM32U5A5RJT6, STM32U5A5RJT6Q, STM32U5A5VJT6, STM32U5A5VJT6Q, STM32U5A5ZJT6, STM32U5A5ZJT6Q, STM32U5A5ZJY6QTR, STM32U5A9BJY6QTR, STM32U5A9J-DK, STM32U5A9NJH6Q, STM32U5A9VJT6Q, STM32U5A9ZJT6Q, STM32U5A9ZJY6QTR, STM32U5F7VIT6, STM32U5F7VIT6Q, STM32U5F7VJT6, STM32U5F7VJT6Q, STM32U5F9BJY6QTR, STM32U5F9NJH6Q, STM32U5F9VIT6Q, STM32U5F9VJT6Q, STM32U5F9ZIJ6QTR, STM32U5F9ZIT6Q, STM32U5F9ZJJ6QTR, STM32U5F9ZJT6Q, STM32U5G7VJT6, STM32U5G7VJT6Q, STM32U5G9BJY6QTR, STM32U5G9J-DK1, STM32U5G9J-DK2, STM32U5G9NJH6Q, STM32U5G9VJT6Q, STM32U5G9ZJJ6QTR, STM32U5G9ZJT6Q, STM32WB05KZV6TR, STM32WB05KZV7TR, STM32WB05TZF6TR, STM32WB05TZF7TR, STM32WB06CCF6TR, STM32WB06CCF7TR, STM32WB06CCV6TR, STM32WB06CCV7TR, STM32WB06KCV6TR, STM32WB06KCV7TR, STM32WB07CCF6TR, STM32WB07CCF7TR, STM32WB07CCV6TR, STM32WB07CCV7TR, STM32WB07KCV6TR, STM32WB07KCV7TR, STM32WB09KEV6TR, STM32WB09KEV7TR, STM32WB09TEF6TR, STM32WB09TEF7TR, STM32WB1MMCH6, STM32WBA50KGU6, STM32WBA50KGU6TR, STM32WBA52CEU6, STM32WBA52CEU6TR, STM32WBA52CEU7, STM32WBA52CEU7TR, STM32WBA52CGU6, STM32WBA52CGU6TR, STM32WBA52CGU6U, STM32WBA52CGU7, STM32WBA52CGU7TR, STM32WBA52KEU6, STM32WBA52KEU6TR, STM32WBA52KGU6, STM32WBA52KGU6TR, STM32WBA54CEU6, STM32WBA54CEU6TR, STM32WBA54CEU7, STM32WBA54CEU7TR, STM32WBA54CGU6, STM32WBA54CGU6TR, STM32WBA54CGU7, STM32WBA54CGU7TR, STM32WBA54KEU6, STM32WBA54KEU6TR, STM32WBA54KEU7, STM32WBA54KEU7TR, STM32WBA54KGU6, STM32WBA54KGU6TR, STM32WBA54KGU7, STM32WBA54KGU7TR, STM32WBA55CEU6, STM32WBA55CEU6TR, STM32WBA55CEU7, STM32WBA55CEU7TR, STM32WBA55CGU6, STM32WBA55CGU6TR, STM32WBA55CGU6U, STM32WBA55CGU7, STM32WBA55CGU7TR, STM32WBA55G-DK1, STM32WBA55HEF6, STM32WBA55HEF7, STM32WBA55HGF6, STM32WBA55HGF7, STM32WBA55UEI6, STM32WBA55UEI6TR, STM32WBA55UEI7, STM32WBA55UEI7TR, STM32WBA55UGI6, STM32WBA55UGI6TR, STM32WBA55UGI7, STM32WBA55UGI7TR, STM32WBA5MJGH6TR, STM32WBA62CGU6, STM32WBA62CIU6, STM32WBA62MGF6, STM32WBA62MIF6, STM32WBA62PGI6, STM32WBA62PII6, STM32WBA63CGU6, STM32WBA63CGU7, STM32WBA63CIU6, STM32WBA63CIU7, STM32WBA64CGU6, STM32WBA64CGU7, STM32WBA64CIU6, STM32WBA64CIU7, STM32WBA65CGU6, STM32WBA65CGU7, STM32WBA65CIU6, STM32WBA65CIU7, STM32WBA65I-DK1, STM32WBA65MGF6, STM32WBA65MGF7, STM32WBA65MIF6, STM32WBA65MIF7, STM32WBA65PGI6, STM32WBA65PGI7, STM32WBA65PII6, STM32WBA65PII7, STM32WBA65RGV6, STM32WBA65RGV7, STM32WBA65RIV6, STM32WBA65RIV7, STM32WL30K8V6, STM32WL30KBV6, STM32WL31C8V6, STM32WL31CBV6, STM32WL31K8V6, STM32WL31KBV6, STM32WL33C8V6, STM32WL33C8V6TR, STM32WL33C8V7, STM32WL33C8V7TR, STM32WL33CBV6, STM32WL33CBV6TR, STM32WL33CBV7, STM32WL33CBV7TR, STM32WL33CCV6, STM32WL33CCV6TR, STM32WL33CCV7, STM32WL33CCV7A, STM32WL33CCV7ATR, STM32WL33CCV7TR, STM32WL33K8V6, STM32WL33K8V6TR, STM32WL33K8V7, STM32WL33K8V7TR, STM32WL33KBV6, STM32WL33KBV6TR, STM32WL33KBV7, STM32WL33KBV7TR, STM32WL33KCV6, STM32WL33KCV6TR, STM32WL33KCV7, STM32WL33KCV7TR, STM32WL5MOCH6, STM32WL5MOCH6TR]
2026-06-03 15:10:30,904 [INFO] DbMcus:218 - Found 5082 MCUs, 4964 are supported
2026-06-03 15:10:30,905 [INFO] ApiDb:423 - Load user favorites file C:\Users\hp/.stm32cubeide/favorites.mcus.txt: 0 item(s)
2026-06-03 15:10:30,906 [INFO] ApiDb:427 - User favorites MCUs=[]
2026-06-03 15:10:30,906 [INFO] DbMcus:224 - Set 0 / 0 favorites MCUs
2026-06-03 15:10:32,220 [INFO] ApiDb:448 - Save user favorites file C:\Users\hp/.stm32cubeide/favorites.boards.txt: 1 item(s)
2026-06-03 15:10:32,221 [INFO] ApiDb:452 - User favorites Boards=[STM32F407G-DISC1]
2026-06-03 15:10:32,224 [INFO] ApiDb:581 - Connected to CubeFinder SQLite database (C:\Users\hp\.stmcufinder\plugins\mcufinder\mcu\cube-finder-db.db)
2026-06-03 15:10:32,341 [INFO] ApiDb:668 - CubeFinder database Data Model version=2.1
2026-06-03 15:10:32,341 [INFO] ApiDb:669 - CubeFinder database Configuration version=3.0.42
2026-06-03 15:10:32,341 [INFO] ApiDb:670 - CubeFinder database generation date=2026-05-06 (1778060171)
2026-06-03 15:10:32,341 [INFO] ApiDb:671 - CubeFinder database FW Pack versions=[FP-ATR-ASTRA1_V2.0.0, FP-SNS-FLIGHT1_V5.1.0, FP-SNS-MOTENV1_V5.1.0, FP-SNS-MOTENVWB1_V1.5.0, FP-SNS-SMARTAG2_V1.2.0, FP-SNS-STBOX1_V2.1.0, STM32Cube_FW_C0_V1.4.0, STM32Cube_FW_F4_V1.28.3, STM32Cube_FW_F7_V1.17.4, STM32Cube_FW_G0_V1.6.3, STM32Cube_FW_G4_V1.6.2, STM32Cube_FW_H5_V1.6.0, STM32Cube_FW_H7RS_V1.3.0, STM32Cube_FW_H7_V1.13.0, STM32Cube_FW_L0_V1.12.2, STM32Cube_FW_L4_V1.18.2, STM32Cube_FW_L5_V1.6.0, STM32Cube_FW_N6_V1.3.0, STM32Cube_FW_U0_V1.3.0, STM32Cube_FW_U3_V1.3.0, STM32Cube_FW_U5_V1.8.0, STM32Cube_FW_WB0_V1.4.0, STM32Cube_FW_WBA_V1.9.0, STM32Cube_FW_WB_V1.24.0, STM32Cube_FW_WL3_V1.4.0, STM32Cube_FW_WL_V1.5.0, X-CUBE-ALGOBUILD_V1.4.0, X-CUBE-ALS_V1.0.2, X-CUBE-AZRTOS-F4_V1.1.0, X-CUBE-AZRTOS-F7_V1.1.0, X-CUBE-AZRTOS-G0_V1.1.0, X-CUBE-AZRTOS-G4_V2.0.0, X-CUBE-AZRTOS-H7RS_V1.1.0, X-CUBE-AZRTOS-H7_V3.5.0, X-CUBE-AZRTOS-L4_V2.0.0, X-CUBE-AZRTOS-L5_V2.0.0, X-CUBE-AZRTOS-WB_V2.0.0, X-CUBE-AZRTOS-WL_V2.0.0, X-CUBE-BLE1_V7.1.0, X-CUBE-BLE2_V3.3.0, X-CUBE-BLEMGR_V4.1.0, X-CUBE-EEPRMA1_V5.2.0, X-CUBE-FREERTOS_V1.5.0, X-CUBE-GNSS1_V6.0.0, X-CUBE-MEMS1_V12.0.0, X-CUBE-NFC4_V3.0.0, X-CUBE-NFC7_V2.0.0, X-CUBE-SFXS2LP1_V4.0.0, X-CUBE-ST67W61_V1.2.0, X-CUBE-SUBG2_V5.0.0, X-CUBE-TOF1_V3.4.3]
2026-06-03 15:10:32,423 [INFO] DbBoardsSqlite:226 - include board P-NUCLEO-WB55-NUCLEO as a kit item of type 'Nucleo-64'
2026-06-03 15:10:32,424 [INFO] DbBoardsSqlite:226 - include board P-NUCLEO-WB55-USBDONGLE as a kit item of type 'Nucleo USB Dongle'
2026-06-03 15:10:32,424 [INFO] DbBoardsSqlite:226 - include board STEVAL-IDP005V1 as a kit item of type 'Evaluation Board'
2026-06-03 15:10:32,424 [INFO] DbBoardsSqlite:226 - include board STEVAL-IDP005V2 as a kit item of type 'Evaluation Board'
2026-06-03 15:10:32,534 [INFO] ApiDb:240 - Found 895 in-development CPN: [B-G473E-ZEST1S, B-WB1M-WPAN1, B-WBA5M-WPAN, B-WL5M-SUBG1, NUCLEO-C031C6, NUCLEO-C051C8, NUCLEO-C071RB, NUCLEO-C092RC, NUCLEO-H503RB, NUCLEO-H533RE, NUCLEO-H563ZI, NUCLEO-H7S3L8, NUCLEO-N657X0-Q, NUCLEO-U031R8, NUCLEO-U083RC, NUCLEO-U385RG-Q, NUCLEO-U545RE-Q, NUCLEO-U5A5ZJ-Q, NUCLEO-WB05KZ, NUCLEO-WB07CC, NUCLEO-WB09KE, NUCLEO-WBA52CG, NUCLEO-WBA55CG, NUCLEO-WBA65RI, NUCLEO-WL33CC1, NUCLEO-WL33CC2, STEVAL-PROTEUS1, STEVAL-SMARTAG2, STEVAL-STWINBX1, STM320518-EVAL, STM32C0116-DK, STM32C011D6Y3TR, STM32C011D6Y6TR, STM32C011F4P3, STM32C011F4P6, STM32C011F4U3, STM32C011F4U6TR, STM32C011F6P3, STM32C011F6P6, STM32C011F6U3, STM32C011F6U6TR, STM32C011J4M3, STM32C011J4M6, STM32C011J6M3, STM32C011J6M6, STM32C0316-DK, STM32C031C4T3, STM32C031C4T6, STM32C031C4U3, STM32C031C4U6, STM32C031C6T3, STM32C031C6T6, STM32C031C6U3, STM32C031C6U6, STM32C031F4P3, STM32C031F4P6, STM32C031F6P3, STM32C031F6P6, STM32C031G4U3, STM32C031G4U6, STM32C031G6U3, STM32C031G6U6, STM32C031K4T3, STM32C031K4T6, STM32C031K4U3, STM32C031K4U6, STM32C031K6T3, STM32C031K6T6, STM32C031K6U3, STM32C031K6U6, STM32C051C6T6, STM32C051C6U6, STM32C051C8T6, STM32C051C8U6, STM32C051D8Y6TR, STM32C051F6P6, STM32C051F8P6, STM32C051G6U6, STM32C051G8U6, STM32C051K6T6, STM32C051K6U6, STM32C051K8T6, STM32C071C8T6, STM32C071C8T6N, STM32C071C8U6, STM32C071C8U6N, STM32C071CBT6, STM32C071CBT6N, STM32C071CBU6, STM32C071CBU6N, STM32C071F8P6, STM32C071F8P6N, STM32C071FBP6, STM32C071FBP6N, STM32C071FBY6TR, STM32C071G8U6, STM32C071G8U6N, STM32C071GBU6, STM32C071GBU6N, STM32C071K8T6, STM32C071K8T6N, STM32C071K8U6, STM32C071K8U6N, STM32C071KBT6, STM32C071KBT6N, STM32C071KBU6, STM32C071KBU6N, STM32C071R8T6, STM32C071R8T6N, STM32C071RBI6N, STM32C071RBT6, STM32C071RBT6N, STM32C091CBT6, STM32C091CBU6, STM32C091CCT6, STM32C091CCU6, STM32C091ECY6TR, STM32C091FBP6, STM32C091FCP6, STM32C091GBU6, STM32C091GCU6, STM32C091KBT6, STM32C091KBU6, STM32C091KCT6, STM32C091KCU6, STM32C091RBT6, STM32C091RCI6, STM32C091RCT6, STM32C092CBT6, STM32C092CBU6, STM32C092CCT6, STM32C092CCU6, STM32C092ECY6TR, STM32C092FBP6, STM32C092FCP6, STM32C092GBU6, STM32C092GCU6, STM32C092KBT6, STM32C092KBU6, STM32C092KCT6, STM32C092KCU6, STM32C092RBT6, STM32C092RCI6, STM32C092RCT6, STM32G071K8TXN, STM32G071K8UXN, STM32G081GBU6N, STM32G081KBT6N, STM32G081KBUXN, STM32G0B1CCT6N, STM32G0B1KCT6, STM32G0B1NEY6TR, STM32G0B1RCT6N, STM32G0C1CCT6, STM32G0C1CCT6N, STM32G0C1CCU6N, STM32G0C1CET6N, STM32G0C1CEU6N, STM32G0C1KCT6, STM32G0C1NEY6TR, STM32G0C1RCI6N, STM32G0C1RCT6N, STM32G0C1REI6N, STM32G0C1RET6N, STM32G0C1VCI6, STM32G0C1VEI6, STM32G411C6T3, STM32G411C6T6, STM32G411C6U3, STM32G411C6U6, STM32G411C8T3, STM32G411C8T6, STM32G411C8U3, STM32G411C8U6, STM32G411CBT3, STM32G411CBT6, STM32G411CBU3, STM32G411CBU6, STM32G411CCT3, STM32G411CCT6, STM32G411CCU3, STM32G411CCU6, STM32G411K6T3, STM32G411K6T6, STM32G411K6U3, STM32G411K6U6, STM32G411K8T3, STM32G411K8T6, STM32G411K8U3, STM32G411K8U6, STM32G411KBT3, STM32G411KBT6, STM32G411KBU3, STM32G411KBU6, STM32G411M6T3, STM32G411M6T6, STM32G411M8T3, STM32G411M8T6, STM32G411MBT3, STM32G411MBT6, STM32G411MCT3, STM32G411MCT6, STM32G411R6T3, STM32G411R6T6, STM32G411R8T3, STM32G411R8T6, STM32G411RBT3, STM32G411RBT6, STM32G411RCT3, STM32G411RCT6, STM32G414CBT3, STM32G414CBT6, STM32G414CBU3, STM32G414CBU6, STM32G414CCT3, STM32G414CCT6, STM32G414CCU3, STM32G414CCU6, STM32G414MBT3, STM32G414MBT6, STM32G414MCT3, STM32G414MCT6, STM32G414RBT3, STM32G414RBT6, STM32G414RCT3, STM32G414RCT6, STM32G414VBT3, STM32G414VBT6, STM32G414VCT3, STM32G414VCT6, STM32G431CBT3Z, STM32G431RBT3Z, STM32G471CCT6, STM32G471CCU6, STM32G471CET3, STM32G471CET6, STM32G471CEU3, STM32G471CEU6, STM32G471MCT6, STM32G471MET3, STM32G471MET6, STM32G471MEY6TR, STM32G471QCT6, STM32G471QET3, STM32G471RCT6, STM32G471RET3, STM32G471RET6, STM32G471VCH6, STM32G471VCI6, STM32G471VCT6, STM32G471VEH3, STM32G471VEH6, STM32G471VEI3, STM32G471VEI6, STM32G471VET3, STM32G471VET6, STM32G473QET3Z, STM32G473RET3Z, STM32G474CCT6, STM32G491RET3Z, STM32H503CBT6, STM32H503CBU6, STM32H503EBY6TR, STM32H503KBU6, STM32H503RBT6, STM32H523CCT6, STM32H523CCU6, STM32H523CET6, STM32H523CEU6, STM32H523HEY6TR, STM32H523RCT6, STM32H523RET6, STM32H523VCI6, STM32H523VCT6, STM32H523VEI6, STM32H523VET6, STM32H523ZCJ6, STM32H523ZCT6, STM32H523ZEJ6, STM32H523ZET6, STM32H533CET6, STM32H533CEU6, STM32H533HEY6TR, STM32H533RET6, STM32H533VEI6, STM32H533VET6, STM32H533ZEJ6, STM32H533ZET6, STM32H562AGI6, STM32H562AII6, STM32H562IGK6, STM32H562IGT6, STM32H562IIK6, STM32H562IIT6, STM32H562RGT6, STM32H562RGV6, STM32H562RIT6, STM32H562RIV6, STM32H562VGT6, STM32H562VIT6, STM32H562ZGT6, STM32H562ZIT6, STM32H563AGI6, STM32H563AII3Q, STM32H563AII6, STM32H563IGK6, STM32H563IGT6, STM32H563IIK3Q, STM32H563IIK6, STM32H563IIT3Q, STM32H563IIT6, STM32H563MIY3QTR, STM32H563RGT6, STM32H563RGV6, STM32H563RIT6, STM32H563RIV6, STM32H563VGT6, STM32H563VIT3Q, STM32H563VIT6, STM32H563ZGT6, STM32H563ZIT3Q, STM32H563ZIT6, STM32H573AII3Q, STM32H573AII6, STM32H573I-DK, STM32H573IIK3Q, STM32H573IIK6, STM32H573IIT3Q, STM32H573IIT6, STM32H573MIY3QTR, STM32H573RIT6, STM32H573RIV6, STM32H573VIT3Q, STM32H573VIT6, STM32H573ZIT3Q, STM32H573ZIT6, STM32H7R3A8I6, STM32H7R3I8K6, STM32H7R3I8T6, STM32H7R3L8H6, STM32H7R3L8H6H, STM32H7R3R8V6, STM32H7R3V8H6, STM32H7R3V8T6, STM32H7R3V8Y6TR, STM32H7R3Z8J6, STM32H7R3Z8T6, STM32H7R7A8I6, STM32H7R7I8K6, STM32H7R7I8T6, STM32H7R7L8H6, STM32H7R7L8H6H, STM32H7R7Z8J6, STM32H7S3A8I6, STM32H7S3I8K6, STM32H7S3I8T6, STM32H7S3L8H6, STM32H7S3L8H6H, STM32H7S3R8V6, STM32H7S3V8H6, STM32H7S3V8T6, STM32H7S3V8Y6TR, STM32H7S3Z8J6, STM32H7S3Z8T6, STM32H7S78-DK, STM32H7S7A8I6, STM32H7S7I8K6, STM32H7S7I8T6, STM32H7S7L8H6, STM32H7S7L8H6H, STM32H7S7Z8J6, STM32L4R5QGI6STR, STM32MP131AAE3, STM32MP131AAF3, STM32MP131AAG3, STM32MP131CAE3, STM32MP131CAF3, STM32MP131CAG3, STM32MP131DAE7, STM32MP131DAF7, STM32MP131DAG7, STM32MP131FAE7, STM32MP131FAF7, STM32MP131FAG7, STM32MP133AAE3, STM32MP133AAF3, STM32MP133AAG3, STM32MP133CAE3, STM32MP133CAF3, STM32MP133CAG3, STM32MP133DAE7, STM32MP133DAF7, STM32MP133DAG7, STM32MP133FAE7, STM32MP133FAF7, STM32MP133FAG7, STM32MP135AAE3, STM32MP135AAF3, STM32MP135AAG3, STM32MP135CAE3, STM32MP135CAF3, STM32MP135CAG3, STM32MP135DAE7, STM32MP135DAF7, STM32MP135DAG7, STM32MP135F-DK, STM32MP135FAE7, STM32MP135FAF7, STM32MP135FAF7T, STM32MP135FAF7U, STM32MP135FAG7, STM32MP231AAJ3, STM32MP231AAK3, STM32MP231AAL3, STM32MP231CAJ3, STM32MP231CAK3, STM32MP231CAL3, STM32MP231DAJ3, STM32MP231DAK3, STM32MP231DAL3, STM32MP231FAJ3, STM32MP231FAK3, STM32MP231FAL3, STM32MP233AAJ3, STM32MP233AAK3, STM32MP233AAL3, STM32MP233CAJ3, STM32MP233CAK3, STM32MP233CAL3, STM32MP233DAJ3, STM32MP233DAK3, STM32MP233DAL3, STM32MP233FAJ3, STM32MP233FAK3, STM32MP233FAL3, STM32MP235AAJ3, STM32MP235AAK3, STM32MP235AAL3, STM32MP235CAJ3, STM32MP235CAK3, STM32MP235CAL3, STM32MP235DAJ3, STM32MP235DAK3, STM32MP235DAL3, STM32MP235FAJ3, STM32MP235FAK3, STM32MP235FAL3, STM32MP251AAI3, STM32MP251AAJ3, STM32MP251AAK3, STM32MP251AAL3, STM32MP251CAI3, STM32MP251CAJ3, STM32MP251CAK3, STM32MP251CAL3, STM32MP251DAI3, STM32MP251DAJ3, STM32MP251DAK3, STM32MP251DAL3, STM32MP251FAI3, STM32MP251FAJ3, STM32MP251FAK3, STM32MP251FAL3, STM32MP253AAI3, STM32MP253AAJ3, STM32MP253AAK3, STM32MP253AAL3, STM32MP253CAI3, STM32MP253CAJ3, STM32MP253CAK3, STM32MP253CAL3, STM32MP253DAI3, STM32MP253DAJ3, STM32MP253DAK3, STM32MP253DAL3, STM32MP253FAI3, STM32MP253FAJ3, STM32MP253FAK3, STM32MP253FAL3, STM32MP255AAI3, STM32MP255AAJ3, STM32MP255AAK3, STM32MP255AAL3, STM32MP255CAI3, STM32MP255CAJ3, STM32MP255CAK3, STM32MP255CAL3, STM32MP255DAI3, STM32MP255DAJ3, STM32MP255DAK3, STM32MP255DAL3, STM32MP255FAI3, STM32MP255FAJ3, STM32MP255FAK3, STM32MP255FAL3, STM32MP257AAI3, STM32MP257AAJ3, STM32MP257AAK3, STM32MP257AAL3, STM32MP257CAI3, STM32MP257CAJ3, STM32MP257CAK3, STM32MP257CAL3, STM32MP257DAI3, STM32MP257DAJ3, STM32MP257DAK3, STM32MP257DAL3, STM32MP257F-DK, STM32MP257F-EV1, STM32MP257FAI3, STM32MP257FAJ3, STM32MP257FAK3, STM32MP257FAL3, STM32N645A0H3Q, STM32N645B0H3Q, STM32N645I0H3Q, STM32N645L0H3Q, STM32N645X0H3Q, STM32N645Z0H3Q, STM32N647A0H3Q, STM32N647B0H3Q, STM32N647I0H3Q, STM32N647L0H3Q, STM32N647X0H3Q, STM32N647Z0H3Q, STM32N655A0H3Q, STM32N655B0H3Q, STM32N655I0H3Q, STM32N655L0H3Q, STM32N655X0H3Q, STM32N655Z0H3Q, STM32N6570-DK, STM32N657A0H3Q, STM32N657B0H3Q, STM32N657I0H3Q, STM32N657L0H3Q, STM32N657X0H3Q, STM32N657Z0H3Q, STM32U031C6T6, STM32U031C6U6, STM32U031C8T6, STM32U031C8U6, STM32U031F4P6, STM32U031F6P6, STM32U031F8P6, STM32U031G6Y6TR, STM32U031G8Y6TR, STM32U031K4U6, STM32U031K6U6, STM32U031K8U6, STM32U031R6I6, STM32U031R6T6, STM32U031R8I6, STM32U031R8T6, STM32U073C8T6, STM32U073C8U6, STM32U073CBT6, STM32U073CBU6, STM32U073CCT6, STM32U073CCU6, STM32U073H8Y6TR, STM32U073HBY6TR, STM32U073HCY6TR, STM32U073K8U6, STM32U073KBU6, STM32U073KCU6, STM32U073M8I6, STM32U073M8T6, STM32U073MBI6, STM32U073MBT6, STM32U073MCI6, STM32U073MCT6, STM32U073R8I6, STM32U073R8T6, STM32U073RBI6, STM32U073RBT6, STM32U073RCI6, STM32U073RCT6, STM32U083C-DK, STM32U083CCT6, STM32U083CCU6, STM32U083HCY6TR, STM32U083KCU6, STM32U083MCI6, STM32U083MCT6, STM32U083RCI6, STM32U083RCT6, STM32U375CET6, STM32U375CET6Q, STM32U375CEU6, STM32U375CEU6Q, STM32U375CEY6QTR, STM32U375CGT6, STM32U375CGT6Q, STM32U375CGU6, STM32U375CGU6Q, STM32U375CGY6QTR, STM32U375KEU6, STM32U375KGU6, STM32U375REI6, STM32U375REI6Q, STM32U375RET6, STM32U375RET6Q, STM32U375REY6GTR, STM32U375REY6QTR, STM32U375RGI6, STM32U375RGI6Q, STM32U375RGT6, STM32U375RGT6Q, STM32U375RGY6GTR, STM32U375RGY6QTR, STM32U375VEI6, STM32U375VEI6Q, STM32U375VET6, STM32U375VET6Q, STM32U375VGI6, STM32U375VGI6Q, STM32U375VGT6, STM32U375VGT6Q, STM32U385CGT6, STM32U385CGT6Q, STM32U385CGU6, STM32U385CGU6Q, STM32U385CGY6QTR, STM32U385KGU6, STM32U385RGI6, STM32U385RGI6Q, STM32U385RGT6, STM32U385RGT6Q, STM32U385RGY6GTR, STM32U385RGY6QTR, STM32U385VGI6, STM32U385VGI6Q, STM32U385VGT6, STM32U385VGT6Q, STM32U535CBT6, STM32U535CBT6Q, STM32U535CBU6, STM32U535CBU6Q, STM32U535CCT6, STM32U535CCT6Q, STM32U535CCU6, STM32U535CCU6Q, STM32U535CET6, STM32U535CET6Q, STM32U535CEU6, STM32U535CEU6Q, STM32U535JEY6QTR, STM32U535NCY6QTR, STM32U535NEY6QTR, STM32U535RBI6, STM32U535RBI6Q, STM32U535RBT6, STM32U535RBT6Q, STM32U535RCI6, STM32U535RCI6Q, STM32U535RCT6, STM32U535RCT6Q, STM32U535REI6, STM32U535REI6Q, STM32U535RET6, STM32U535RET6Q, STM32U535VCI6, STM32U535VCI6Q, STM32U535VCT6, STM32U535VCT6Q, STM32U535VEI6, STM32U535VEI6Q, STM32U535VET6, STM32U535VET6Q, STM32U545CET6, STM32U545CET6Q, STM32U545CEU6, STM32U545CEU6Q, STM32U545JEY6QTR, STM32U545NEY6QTR, STM32U545REI6, STM32U545REI6Q, STM32U545RET6, STM32U545RET6Q, STM32U545VEI6, STM32U545VEI6Q, STM32U545VET6, STM32U545VET6Q, STM32U595AIH6, STM32U595AIH6Q, STM32U595AJH6, STM32U595AJH6Q, STM32U595QII6, STM32U595QII6Q, STM32U595QJI6, STM32U595QJI6Q, STM32U595RIT6, STM32U595RIT6Q, STM32U595RJT6, STM32U595RJT6Q, STM32U595VIT6, STM32U595VIT6Q, STM32U595VJT6, STM32U595VJT6Q, STM32U595ZIT6, STM32U595ZIT6Q, STM32U595ZIY6QTR, STM32U595ZJT6, STM32U595ZJT6Q, STM32U595ZJY6QTR, STM32U599BJY6QTR, STM32U599NIH6Q, STM32U599NJH6Q, STM32U599VIT6Q, STM32U599VJT6, STM32U599VJT6Q, STM32U599ZIT6Q, STM32U599ZIY6QTR, STM32U599ZJT6Q, STM32U599ZJY6QTR, STM32U5A5AJH6, STM32U5A5AJH6Q, STM32U5A5QII3Q , STM32U5A5QJI6, STM32U5A5QJI6Q, STM32U5A5RJT6, STM32U5A5RJT6Q, STM32U5A5VJT6, STM32U5A5VJT6Q, STM32U5A5ZJT6, STM32U5A5ZJT6Q, STM32U5A5ZJY6QTR, STM32U5A9BJY6QTR, STM32U5A9J-DK, STM32U5A9NJH6Q, STM32U5A9VJT6Q, STM32U5A9ZJT6Q, STM32U5A9ZJY6QTR, STM32U5F7VIT6, STM32U5F7VIT6Q, STM32U5F7VJT6, STM32U5F7VJT6Q, STM32U5F9BJY6QTR, STM32U5F9NJH6Q, STM32U5F9VIT6Q, STM32U5F9VJT6Q, STM32U5F9ZIJ6QTR, STM32U5F9ZIT6Q, STM32U5F9ZJJ6QTR, STM32U5F9ZJT6Q, STM32U5G7VJT6, STM32U5G7VJT6Q, STM32U5G9BJY6QTR, STM32U5G9J-DK1, STM32U5G9J-DK2, STM32U5G9NJH6Q, STM32U5G9VJT6Q, STM32U5G9ZJJ6QTR, STM32U5G9ZJT6Q, STM32WB05KZV6TR, STM32WB05KZV7TR, STM32WB05TZF6TR, STM32WB05TZF7TR, STM32WB06CCF6TR, STM32WB06CCF7TR, STM32WB06CCV6TR, STM32WB06CCV7TR, STM32WB06KCV6TR, STM32WB06KCV7TR, STM32WB07CCF6TR, STM32WB07CCF7TR, STM32WB07CCV6TR, STM32WB07CCV7TR, STM32WB07KCV6TR, STM32WB07KCV7TR, STM32WB09KEV6TR, STM32WB09KEV7TR, STM32WB09TEF6TR, STM32WB09TEF7TR, STM32WB1MMCH6, STM32WBA50KGU6, STM32WBA50KGU6TR, STM32WBA52CEU6, STM32WBA52CEU6TR, STM32WBA52CEU7, STM32WBA52CEU7TR, STM32WBA52CGU6, STM32WBA52CGU6TR, STM32WBA52CGU6U, STM32WBA52CGU7, STM32WBA52CGU7TR, STM32WBA52KEU6, STM32WBA52KEU6TR, STM32WBA52KGU6, STM32WBA52KGU6TR, STM32WBA54CEU6, STM32WBA54CEU6TR, STM32WBA54CEU7, STM32WBA54CEU7TR, STM32WBA54CGU6, STM32WBA54CGU6TR, STM32WBA54CGU7, STM32WBA54CGU7TR, STM32WBA54KEU6, STM32WBA54KEU6TR, STM32WBA54KEU7, STM32WBA54KEU7TR, STM32WBA54KGU6, STM32WBA54KGU6TR, STM32WBA54KGU7, STM32WBA54KGU7TR, STM32WBA55CEU6, STM32WBA55CEU6TR, STM32WBA55CEU7, STM32WBA55CEU7TR, STM32WBA55CGU6, STM32WBA55CGU6TR, STM32WBA55CGU6U, STM32WBA55CGU7, STM32WBA55CGU7TR, STM32WBA55G-DK1, STM32WBA55HEF6, STM32WBA55HEF7, STM32WBA55HGF6, STM32WBA55HGF7, STM32WBA55UEI6, STM32WBA55UEI6TR, STM32WBA55UEI7, STM32WBA55UEI7TR, STM32WBA55UGI6, STM32WBA55UGI6TR, STM32WBA55UGI7, STM32WBA55UGI7TR, STM32WBA5MJGH6TR, STM32WBA62CGU6, STM32WBA62CIU6, STM32WBA62MGF6, STM32WBA62MIF6, STM32WBA62PGI6, STM32WBA62PII6, STM32WBA63CGU6, STM32WBA63CGU7, STM32WBA63CIU6, STM32WBA63CIU7, STM32WBA64CGU6, STM32WBA64CGU7, STM32WBA64CIU6, STM32WBA64CIU7, STM32WBA65CGU6, STM32WBA65CGU7, STM32WBA65CIU6, STM32WBA65CIU7, STM32WBA65I-DK1, STM32WBA65MGF6, STM32WBA65MGF7, STM32WBA65MIF6, STM32WBA65MIF7, STM32WBA65PGI6, STM32WBA65PGI7, STM32WBA65PII6, STM32WBA65PII7, STM32WBA65RGV6, STM32WBA65RGV7, STM32WBA65RIV6, STM32WBA65RIV7, STM32WL30K8V6, STM32WL30KBV6, STM32WL31C8V6, STM32WL31CBV6, STM32WL31K8V6, STM32WL31KBV6, STM32WL33C8V6, STM32WL33C8V6TR, STM32WL33C8V7, STM32WL33C8V7TR, STM32WL33CBV6, STM32WL33CBV6TR, STM32WL33CBV7, STM32WL33CBV7TR, STM32WL33CCV6, STM32WL33CCV6TR, STM32WL33CCV7, STM32WL33CCV7A, STM32WL33CCV7ATR, STM32WL33CCV7TR, STM32WL33K8V6, STM32WL33K8V6TR, STM32WL33K8V7, STM32WL33K8V7TR, STM32WL33KBV6, STM32WL33KBV6TR, STM32WL33KBV7, STM32WL33KBV7TR, STM32WL33KCV6, STM32WL33KCV6TR, STM32WL33KCV7, STM32WL33KCV7TR, STM32WL5MOCH6, STM32WL5MOCH6TR]
2026-06-03 15:10:32,841 [INFO] BoardInfo:889 - No configuration file found for board NUCLEO-H5E5ZJ
2026-06-03 15:10:32,845 [INFO] DbBoards:161 - Board is not supported: NUCLEO-H5E5ZJ
2026-06-03 15:10:33,005 [INFO] BoardInfo:889 - No configuration file found for board NUCLEO-U3C5ZI-Q
2026-06-03 15:10:33,007 [INFO] DbBoards:161 - Board is not supported: NUCLEO-U3C5ZI-Q
2026-06-03 15:10:33,055 [INFO] BoardInfo:889 - No configuration file found for board NUCLEO-WBA25CE1
2026-06-03 15:10:33,058 [INFO] DbBoards:161 - Board is not supported: NUCLEO-WBA25CE1
2026-06-03 15:10:33,085 [INFO] BoardInfo:889 - No configuration file found for board NUCLEO-WL3RKB1
2026-06-03 15:10:33,087 [INFO] DbBoards:161 - Board is not supported: NUCLEO-WL3RKB1
2026-06-03 15:10:33,090 [INFO] BoardInfo:889 - No configuration file found for board NUCLEO-WL3RKB2
2026-06-03 15:10:33,092 [INFO] DbBoards:161 - Board is not supported: NUCLEO-WL3RKB2
2026-06-03 15:10:33,114 [INFO] BoardInfo:889 - No configuration file found for board P-NUCLEO-WB55
2026-06-03 15:10:33,115 [INFO] DbBoards:161 - Kit is not supported: P-NUCLEO-WB55
2026-06-03 15:10:33,135 [INFO] BoardInfo:889 - No configuration file found for board STEVAL-BFA001V1B
2026-06-03 15:10:33,138 [INFO] DbBoards:161 - Kit is not supported: STEVAL-BFA001V1B
2026-06-03 15:10:33,140 [INFO] BoardInfo:889 - No configuration file found for board STEVAL-BFA001V2B
2026-06-03 15:10:33,145 [INFO] DbBoards:161 - Kit is not supported: STEVAL-BFA001V2B
2026-06-03 15:10:33,480 [INFO] BoardInfo:889 - No configuration file found for board STM32H5F5J-DK
2026-06-03 15:10:33,483 [INFO] DbBoards:161 - Board is not supported: STM32H5F5J-DK
2026-06-03 15:10:33,637 [INFO] BoardInfo:889 - No configuration file found for board STM32MP215F-DK
2026-06-03 15:10:33,639 [INFO] DbBoards:161 - Board is not supported: STM32MP215F-DK
2026-06-03 15:10:33,692 [INFO] DbBoards:168 - Found 218 boards, 208 are supported
2026-06-03 15:10:33,693 [INFO] DbBoards:169 - Found 218 boards, 43 of them is supported for  Bsp
2026-06-03 15:10:33,700 [INFO] ApiDb:423 - Load user favorites file C:\Users\hp/.stm32cubeide/favorites.boards.txt: 1 item(s)
2026-06-03 15:10:33,700 [INFO] ApiDb:427 - User favorites Boards=[STM32F407G-DISC1]
2026-06-03 15:10:33,700 [INFO] DbBoards:198 - Set 1 / 1 favorites Boards
2026-06-03 15:10:33,773 [ERROR] TargetSelectorAdapter:267 - Unable to refresh data
2026-06-03 15:10:33,900 [INFO] McuFinderGlobals:76 - Set McuFinderConnectedMode to true
2026-06-03 15:10:33,904 [INFO] MultiScanPanel:200 - Auto-refresh data requested => check proxy status ongoing
2026-06-03 15:10:33,905 [INFO] FinderPluginLoader:95 - Searching for filters in installed packs
2026-06-03 15:10:38,233 [INFO] LoadUrlFilesThread:185 - End of LoadServerUrlFiles without Thread
2026-06-03 15:10:38,234 [INFO] DetailPanel:341 - Set advertising image to C:/Users/hp/STM32Cube/Repository/\en.prom-stm32wl3r-0526.jpg
2026-06-03 15:10:40,712 [INFO] WebApp:194 - Connection lost
2026-06-03 15:10:42,348 [INFO] WebApp:191 - Connection restablished
2026-06-03 15:13:07,151 [INFO] MultiScanPanel:200 - Auto-refresh data requested => check proxy status ongoing
2026-06-03 15:13:07,294 [INFO] LoadUrlFilesThread:185 - End of LoadServerUrlFiles without Thread
2026-06-03 15:13:07,294 [INFO] DetailPanel:341 - Set advertising image to C:/Users/hp/STM32Cube/Repository/\en.prom-stm32wl3r-0526.jpg
2026-06-03 15:13:07,307 [INFO] DbBoards:642 - Loading board mini-images...
2026-06-03 15:13:11,324 [INFO] DbBoards:665 - Loaded 218 board mini-images
2026-06-03 15:13:56,911 [INFO] MainUpdater:2872 - connection check result : 10
2026-06-03 15:13:56,911 [INFO] MainUpdater:2872 - connection check result : 10
2026-06-03 15:13:57,252 [INFO] MicroXplorer:468 - Change Database Path : 
2026-06-03 15:13:57,252 [INFO] MicroXplorer:498 - Change Database Version : DB.6.0.140
2026-06-03 15:13:57,347 [ERROR] ProjectManagerView:394 - 
java.lang.NullPointerException: Cannot invoke "javax.swing.JTextField.getText()" because the return value of "java.util.List.get(int)" is null
	at com.st.microxplorer.plugins.projectmanager.gui.ProjectChoiceTab$9.caretUpdate(ProjectChoiceTab.java:2678) ~[filemanager.jar:?]
	at javax.swing.text.JTextComponent.fireCaretUpdate(JTextComponent.java:408) ~[?:?]
	at javax.swing.text.JTextComponent$MutableCaretEvent.fire(JTextComponent.java:4484) ~[?:?]
	at javax.swing.text.JTextComponent$MutableCaretEvent.stateChanged(JTextComponent.java:4506) ~[?:?]
	at javax.swing.text.DefaultCaret.fireStateChanged(DefaultCaret.java:857) ~[?:?]
	at javax.swing.text.DefaultCaret.changeCaretPosition(DefaultCaret.java:1343) ~[?:?]
	at javax.swing.text.DefaultCaret.handleSetDot(DefaultCaret.java:1242) ~[?:?]
	at javax.swing.text.DefaultCaret.setDot(DefaultCaret.java:1223) ~[?:?]
	at javax.swing.text.DefaultCaret$Handler.insertUpdate(DefaultCaret.java:1819) ~[?:?]
	at javax.swing.text.AbstractDocument.fireInsertUpdate(AbstractDocument.java:227) ~[?:?]
	at javax.swing.text.AbstractDocument.handleInsertString(AbstractDocument.java:781) ~[?:?]
	at javax.swing.text.AbstractDocument.insertString(AbstractDocument.java:740) ~[?:?]
	at javax.swing.text.PlainDocument.insertString(PlainDocument.java:131) ~[?:?]
	at javax.swing.text.AbstractDocument.replace(AbstractDocument.java:699) ~[?:?]
	at javax.swing.text.JTextComponent.setText(JTextComponent.java:1725) ~[?:?]
	at com.st.microxplorer.plugins.projectmanager.gui.ProjectChoiceTab.createHeapStackFields(ProjectChoiceTab.java:979) ~[filemanager.jar:?]
	at com.st.microxplorer.plugins.projectmanager.gui.ProjectChoiceTab.buildLinkSettingsPanel(ProjectChoiceTab.java:3766) ~[filemanager.jar:?]
	at com.st.microxplorer.plugins.projectmanager.gui.ProjectChoiceTab.defineWindowsFields(ProjectChoiceTab.java:1962) ~[filemanager.jar:?]
	at com.st.microxplorer.plugins.projectmanager.gui.ProjectChoiceTab.updateSettings(ProjectChoiceTab.java:555) ~[filemanager.jar:?]
	at com.st.microxplorer.plugins.projectmanager.gui.ProjectSettingsPanel.UpdateDialog(ProjectSettingsPanel.java:245) ~[filemanager.jar:?]
	at com.st.microxplorer.plugins.projectmanager.ProjectManagerView.propertyChange(ProjectManagerView.java:391) ~[filemanager.jar:?]
	at java.beans.PropertyChangeSupport.fire(PropertyChangeSupport.java:343) ~[?:?]
	at java.beans.PropertyChangeSupport.firePropertyChange(PropertyChangeSupport.java:335) ~[?:?]
	at java.beans.PropertyChangeSupport.firePropertyChange(PropertyChangeSupport.java:268) ~[?:?]
	at com.st.microxplorer.util.MXPropertyChangeSupport.firePropertyChange(MXPropertyChangeSupport.java:54) ~[STM32CubeMX.jar:?]
	at com.st.microxplorer.mxsystem.MxSystem.closeConfig(MxSystem.java:899) ~[STM32CubeMX.jar:?]
	at com.st.microxplorer.maingui.MainPanel.closeConfig(MainPanel.java:789) ~[STM32CubeMX.jar:?]
	at com.st.microxplorer.plugins.filemanager.engine.OpenFileManager.loadConfigurationFile(OpenFileManager.java:287) ~[filemanager.jar:?]
	at com.st.microxplorer.plugins.filemanager.engine.MainFileManager.userLoadConfig(MainFileManager.java:341) ~[filemanager.jar:?]
	at com.st.microxplorer.plugins.filemanager.FileManagerView.getSpecificTask(FileManagerView.java:250) ~[filemanager.jar:?]
	at com.st.stm32cube.common.mx.editor.CubeMxEditor.getMxTabbedPaneInstance(CubeMxEditor.java:1191) ~[com.st.stm32cube.common.mx_6.14.0.202502271554/:?]
	at com.st.stm32cube.common.mx.editor.CubeMxEditor$12$1.createSwingComponent(CubeMxEditor.java:1068) ~[com.st.stm32cube.common.mx_6.14.0.202502271554/:?]
	at com.st.stm32cube.common.mx.oss.core.awtswtbridge.EmbeddedSwingComposite.doComponentCreation(EmbeddedSwingComposite.java:492) ~[com.st.stm32cube.common.mx.oss_6.14.0.202502271554/:?]
	at com.st.stm32cube.common.mx.oss.core.awtswtbridge.EmbeddedSwingComposite$4.run(EmbeddedSwingComposite.java:291) ~[com.st.stm32cube.common.mx.oss_6.14.0.202502271554/:?]
	at com.st.stm32cube.common.mx.oss.core.awtswtbridge.AwtEnvironment$2.run(AwtEnvironment.java:166) ~[com.st.stm32cube.common.mx.oss_6.14.0.202502271554/:?]
	at java.awt.event.InvocationEvent.dispatch(InvocationEvent.java:318) ~[?:?]
	at java.awt.EventQueue.dispatchEventImpl(EventQueue.java:773) ~[?:?]
	at java.awt.EventQueue$4.run(EventQueue.java:720) ~[?:?]
	at java.awt.EventQueue$4.run(EventQueue.java:714) ~[?:?]
	at java.security.AccessController.doPrivileged(AccessController.java:400) ~[?:?]
	at java.security.ProtectionDomain$JavaSecurityAccessImpl.doIntersectionPrivilege(ProtectionDomain.java:87) ~[?:?]
	at java.awt.EventQueue.dispatchEvent(EventQueue.java:742) ~[?:?]
	at java.awt.EventDispatchThread.pumpOneEventForFilters(EventDispatchThread.java:203) ~[?:?]
	at java.awt.EventDispatchThread.pumpEventsForFilter(EventDispatchThread.java:124) ~[?:?]
	at java.awt.EventDispatchThread.pumpEventsForHierarchy(EventDispatchThread.java:113) ~[?:?]
	at java.awt.EventDispatchThread.pumpEvents(EventDispatchThread.java:109) ~[?:?]
	at java.awt.EventDispatchThread.pumpEvents(EventDispatchThread.java:101) ~[?:?]
	at java.awt.EventDispatchThread.run(EventDispatchThread.java:90) ~[?:?]
2026-06-03 15:13:57,351 [WARN] ThirdParty:871 - waiting for thirdparty lock release [close project]
2026-06-03 15:13:57,351 [INFO] ThirdParty:873 - entering critical section [close project]
2026-06-03 15:13:57,351 [INFO] ThirdParty:883 - exiting critical section [close project]
2026-06-03 15:13:57,355 [INFO] PinOutPanel:1589 - setPackage(No Configuration,No Configuration)
2026-06-03 15:13:57,382 [WARN] IpParametersView:155 - Warning: This peripheral hasn't parameters
2026-06-03 15:13:57,400 [WARN] MainPanel:289 - <html><b><center>Warning: This peripheral has no parameters to be configured<br></b></html>
2026-06-03 15:13:57,411 [INFO] UtilMem:75 - Begin LoadConfig() Used Memory: 1054133960 Bytes (1073741824)
2026-06-03 15:13:57,413 [INFO] OpenFileManager:354 - Change cursor
2026-06-03 15:13:57,526 [INFO] RulesReader:64 - Compatibility file has been processed (301 Rules)
2026-06-03 15:13:57,576 [INFO] ProjectFactory:442 - No CPN specified for board STM32F407G-DISC1 => set CPN to STM32F407VGT6
2026-06-03 15:13:57,576 [INFO] Mcu:2011 - Initializing MCU STM32F407V(E-G)Tx STM32F407VGTx STM32F407VGT6
2026-06-03 15:14:02,706 [INFO] Context:756 - Trying to add GPIOservice into a context  which must be forbidden
2026-06-03 15:14:03,858 [INFO] Rule:224 - rule 117617 - U5Cobra4M][GTZC] default value MPCBB3 and MPCBB5 - Not Secured memory - MPCBB1 is applicable
2026-06-03 15:14:03,858 [INFO] Rule:224 - rule 117617 - U5Cobra4M][GTZC] default value MPCBB3 and MPCBB5 - Not Secured memory - MPCBB1 is applicable
2026-06-03 15:14:03,858 [INFO] Rule:224 - rule 117617 - U5Cobra4M][GTZC] default value MPCBB3 and MPCBB5 - Not Secured memory - MPCBB2 is applicable
2026-06-03 15:14:03,858 [INFO] Rule:224 - rule 117617 - U5Cobra4M][GTZC] default value MPCBB3 and MPCBB5 - Not Secured memory - MPCBB2 is applicable
2026-06-03 15:14:03,858 [INFO] Rule:224 - rule 117617 - U5Cobra4M][GTZC] default value MPCBB3 and MPCBB5 - Not Secured memory - MPCBB3 is applicable
2026-06-03 15:14:03,858 [INFO] Rule:224 - rule 117617 - U5Cobra4M][GTZC] default value MPCBB3 and MPCBB5 - Not Secured memory - MPCBB3 is applicable
2026-06-03 15:14:03,858 [INFO] Rule:224 - rule 117617 - U5Cobra4M][GTZC] default value MPCBB3 and MPCBB5 - Not Secured memory - MPCBB4 is applicable
2026-06-03 15:14:03,858 [INFO] Rule:224 - rule 117617 - U5Cobra4M][GTZC] default value MPCBB3 and MPCBB5 - Not Secured memory - MPCBB4 is applicable
2026-06-03 15:14:03,858 [INFO] Rule:224 - rule 117617 - U5Cobra4M][GTZC] default value MPCBB3 and MPCBB5 - Secured memory - MPCBB1 is applicable
2026-06-03 15:14:03,858 [INFO] Rule:224 - rule 117617 - U5Cobra4M][GTZC] default value MPCBB3 and MPCBB5 - Secured memory - MPCBB2 is applicable
2026-06-03 15:14:03,858 [INFO] Rule:224 - rule 117617 - U5Cobra4M][GTZC] default value MPCBB3 and MPCBB5 - Secured memory - MPCBB3 is applicable
2026-06-03 15:14:03,858 [INFO] Rule:224 - rule 117617 - U5Cobra4M][GTZC] default value MPCBB3 and MPCBB5 - Secured memory - MPCBB4 is applicable
2026-06-03 15:14:03,858 [INFO] Rule:224 - rule 117617 - U5Cobra4M][GTZC] default value MPCBB3 and MPCBB5 - Privileged memory - MPCBB1 is applicable
2026-06-03 15:14:03,858 [INFO] Rule:224 - rule 117617 - U5Cobra4M][GTZC] default value MPCBB3 and MPCBB5 - Privileged memory - MPCBB2 is applicable
2026-06-03 15:14:03,858 [INFO] Rule:224 - rule 117617 - U5Cobra4M][GTZC] default value MPCBB3 and MPCBB5 - Privileged memory - MPCBB3 is applicable
2026-06-03 15:14:03,858 [INFO] Rule:224 - rule 117617 - U5Cobra4M][GTZC] default value MPCBB3 and MPCBB5 - Privileged memory - MPCBB4 is applicable
2026-06-03 15:14:03,859 [INFO] Rule:224 - rule 117617 - U5Cobra4M][GTZC] default value MPCBB3 and MPCBB5 - Not Privileged memory - MPCBB1 is applicable
2026-06-03 15:14:03,859 [INFO] Rule:224 - rule 117617 - U5Cobra4M][GTZC] default value MPCBB3 and MPCBB5 - Not Privileged memory - MPCBB2 is applicable
2026-06-03 15:14:03,859 [INFO] Rule:224 - rule 117617 - U5Cobra4M][GTZC] default value MPCBB3 and MPCBB5 - Not Privileged memory - MPCBB3 is applicable
2026-06-03 15:14:03,859 [INFO] Rule:224 - rule 117617 - U5Cobra4M][GTZC] default value MPCBB3 and MPCBB5 - Not Privileged memory - MPCBB4 is applicable
2026-06-03 15:14:03,859 [INFO] Rule:224 - rule 117617 - U5Cobra4M][GTZC] default value MPCBB3 and MPCBB5 - Privileged memory - MPCBB1 is applicable
2026-06-03 15:14:03,859 [INFO] Rule:224 - rule 117617 - U5Cobra4M][GTZC] default value MPCBB3 and MPCBB5 - Privileged memory - MPCBB2 is applicable
2026-06-03 15:14:03,859 [INFO] Rule:224 - rule 117617 - U5Cobra4M][GTZC] default value MPCBB3 and MPCBB5 - Privileged memory - MPCBB3 is applicable
2026-06-03 15:14:03,859 [INFO] Rule:224 - rule 117617 - U5Cobra4M][GTZC] default value MPCBB3 and MPCBB5 - Privileged memory - MPCBB4 is applicable
2026-06-03 15:14:03,859 [INFO] Rule:224 - rule 117617 - U5Cobra4M][GTZC] default value MPCBB3 and MPCBB5 - Privileged memory - MPCBB1 is applicable
2026-06-03 15:14:03,859 [INFO] Rule:224 - rule 117617 - U5Cobra4M][GTZC] default value MPCBB3 and MPCBB5 - Privileged memory - MPCBB2 is applicable
2026-06-03 15:14:03,859 [INFO] Rule:224 - rule 117617 - U5Cobra4M][GTZC] default value MPCBB3 and MPCBB5 - Privileged memory - MPCBB3 is applicable
2026-06-03 15:14:03,859 [INFO] Rule:224 - rule 117617 - U5Cobra4M][GTZC] default value MPCBB3 and MPCBB5 - Privileged memory - MPCBB4 is applicable
2026-06-03 15:14:03,859 [INFO] Rule:224 - rule 117617 - U5Cobra4M][GTZC] default value MPCBB3 and MPCBB5 - Not Privileged memory - MPCBB1 is applicable
2026-06-03 15:14:03,859 [INFO] Rule:224 - rule 117617 - U5Cobra4M][GTZC] default value MPCBB3 and MPCBB5 - Not Privileged memory - MPCBB2 is applicable
2026-06-03 15:14:03,859 [INFO] Rule:224 - rule 117617 - U5Cobra4M][GTZC] default value MPCBB3 and MPCBB5 - Not Privileged memory - MPCBB3 is applicable
2026-06-03 15:14:03,859 [INFO] Rule:224 - rule 117617 - U5Cobra4M][GTZC] default value MPCBB3 and MPCBB5 - Not Privileged memory - MPCBB4 is applicable
2026-06-03 15:14:03,859 [INFO] Rule:224 - rule 117617 - U5Cobra4M][GTZC] default value MPCBB3 and MPCBB5 - Privileged memory - MPCBB1 is applicable
2026-06-03 15:14:03,860 [INFO] Rule:224 - rule 117617 - U5Cobra4M][GTZC] default value MPCBB3 and MPCBB5 - Privileged memory - MPCBB2 is applicable
2026-06-03 15:14:03,860 [INFO] Rule:224 - rule 117617 - U5Cobra4M][GTZC] default value MPCBB3 and MPCBB5 - Privileged memory - MPCBB3 is applicable
2026-06-03 15:14:03,860 [INFO] Rule:224 - rule 117617 - U5Cobra4M][GTZC] default value MPCBB3 and MPCBB5 - Privileged memory - MPCBB4 is applicable
2026-06-03 15:14:03,860 [INFO] Rule:224 - rule Rename SubGHz_Phy SUBGHZ_APPLICATION SUBGHZ_PINGPONG to SUBGHZ_ADV_APPLICATION is applicable
2026-06-03 15:14:03,860 [INFO] Rule:224 - rule Rename Enabled to IBEACON is applicable
2026-06-03 15:14:03,860 [INFO] Rule:224 - rule GTZC_S instance for project manager is applicable
2026-06-03 15:14:03,860 [INFO] Rule:224 - rule GTZC_S instance for context M33S is applicable
2026-06-03 15:14:03,860 [INFO] Rule:224 - rule GTZC_S instance value for IP GTZC is applicable
2026-06-03 15:14:03,860 [INFO] Rule:224 - rule GTZC_S instance for mcu.IP is applicable
2026-06-03 15:14:03,860 [INFO] Rule:224 - rule GTZC_S instance for VP is applicable
2026-06-03 15:14:03,861 [INFO] Rule:224 - rule GTZC_S instance for signal is applicable
2026-06-03 15:14:03,861 [INFO] Rule:224 - rule GTZC_S instance for mcu.Pin is applicable
2026-06-03 15:14:03,861 [INFO] Rule:224 - rule GTZC_S instance for VP is applicable
2026-06-03 15:14:03,861 [INFO] Rule:224 - rule GTZC_S instance for signal is applicable
2026-06-03 15:14:03,861 [INFO] Rule:224 - rule GTZC_S instance for mcu is applicable
2026-06-03 15:14:03,861 [INFO] Rule:224 - rule GTZC_S instance for mcu.Pin is applicable
2026-06-03 15:14:03,861 [INFO] Rule:224 - rule GTZC_S instance value for IP GTZC is applicable
2026-06-03 15:14:03,861 [INFO] Rule:224 - rule GTZC_S instance for project manager is applicable
2026-06-03 15:14:03,861 [INFO] Rule:224 - rule GTZC_S instance for context M33S is applicable
2026-06-03 15:14:03,861 [INFO] Rule:224 - rule GTZC_S instance for VP is applicable
2026-06-03 15:14:03,861 [INFO] Rule:224 - rule GTZC_S instance for signal is applicable
2026-06-03 15:14:03,861 [INFO] Rule:224 - rule SPDIFRX instance for mcu is applicable
2026-06-03 15:14:03,861 [INFO] Rule:224 - rule Rename Tracer Mode is applicable
2026-06-03 15:14:03,861 [INFO] Rule:224 - rule SPDIFRX instance value for IP SPDIFRX is applicable
2026-06-03 15:14:03,862 [INFO] Rule:224 - rule SPDIFRX instance for signal is applicable
2026-06-03 15:14:03,862 [INFO] Rule:224 - rule SPDIFRX instance for project manager is applicable
2026-06-03 15:14:03,862 [INFO] Rule:224 - rule SPDIFRX instance for project manager is applicable
2026-06-03 15:14:03,862 [INFO] Rule:224 - rule ADC Scan  fix with FW F7 is applicable
2026-06-03 15:14:03,862 [INFO] Rule:224 - rule ADC Scan  fix with FW F7 is applicable
2026-06-03 15:14:03,862 [INFO] Rule:224 - rule WakeUp0 Mode is applicable
2026-06-03 15:14:03,862 [INFO] Rule:224 - rule WakeUp0 SIGNAL is applicable
2026-06-03 15:14:03,862 [INFO] Rule:224 - rule WakeUp1 Mode is applicable
2026-06-03 15:14:03,862 [INFO] Rule:224 - rule WakeUp1 SIGNAL is applicable
2026-06-03 15:14:03,862 [INFO] Rule:224 - rule WakeUp2 Mode is applicable
2026-06-03 15:14:03,862 [INFO] Rule:224 - rule WakeUp2 SIGNAL is applicable
2026-06-03 15:14:03,862 [INFO] Rule:224 - rule WakeUp4 Mode is applicable
2026-06-03 15:14:03,862 [INFO] Rule:224 - rule WakeUp4 SIGNAL is applicable
2026-06-03 15:14:03,862 [INFO] Rule:224 - rule WakeUp5 Mode is applicable
2026-06-03 15:14:03,862 [INFO] Rule:224 - rule WakeUp5 SIGNAL is applicable
2026-06-03 15:14:03,862 [INFO] Rule:224 - rule Add RTC Activate Clock Source is applicable
2026-06-03 15:14:03,863 [INFO] Rule:224 - rule Add RTC Activate Calendar 1 is applicable
2026-06-03 15:14:03,863 [INFO] Rule:224 - rule Add RTC Activate Calendar 2 is applicable
2026-06-03 15:14:03,863 [INFO] Rule:224 - rule Add RTC Activate Calendar 3 is applicable
2026-06-03 15:14:03,863 [INFO] Rule:224 - rule UART/USART TX Mode is applicable
2026-06-03 15:14:03,863 [INFO] Rule:224 - rule UART/USART RX Mode is applicable
2026-06-03 15:14:03,863 [INFO] Rule:224 - rule UART/USART RX TX Mode is applicable
2026-06-03 15:14:03,863 [INFO] Rule:224 - rule UART/USART PARITY NONE is applicable
2026-06-03 15:14:03,863 [INFO] Rule:224 - rule UART/USART PARITY EVEN is applicable
2026-06-03 15:14:03,863 [INFO] Rule:224 - rule UART/USART PARITY ODD is applicable
2026-06-03 15:14:03,863 [INFO] Rule:224 - rule USART StopBits 1 is applicable
2026-06-03 15:14:03,863 [INFO] Rule:224 - rule USART StopBits 2 is applicable
2026-06-03 15:14:03,863 [INFO] Rule:224 - rule USART StopBits 1.5 is applicable
2026-06-03 15:14:03,863 [INFO] Rule:224 - rule USART StopBits 0.5 is applicable
2026-06-03 15:14:03,863 [INFO] Rule:224 - rule UART/USART WORD LENGTH 7 is applicable
2026-06-03 15:14:03,863 [INFO] Rule:224 - rule UART/USART WORD LENGTH 8 is applicable
2026-06-03 15:14:03,863 [INFO] Rule:224 - rule UART/USART WORD LENGTH 9 is applicable
2026-06-03 15:14:03,863 [INFO] Rule:224 - rule Rename FMC NAND NCE signal is applicable
2026-06-03 15:14:03,863 [INFO] Rule:224 - rule Rename FMC NAND INT signal is applicable
2026-06-03 15:14:03,863 [INFO] Rule:224 - rule Change Default Value for LSE Drive Capability for WB family is applicable
2026-06-03 15:14:03,863 [INFO] Rule:224 - rule Change Default Value for ADC Clock Prescaler G0 family is applicable
2026-06-03 15:14:03,864 [INFO] Rule:224 - rule Change Default Value for ADC ExternalTrigConv L4 family is applicable
2026-06-03 15:14:03,864 [INFO] Rule:224 - rule Change Default Value for ADC ExternalTrigInjecConv L4 family is applicable
2026-06-03 15:14:03,864 [INFO] Rule:224 - rule Change Default Value for ADC ExternalTrigConv F3 family is applicable
2026-06-03 15:14:03,864 [INFO] Rule:224 - rule Change Default Value for ADC ExternalTrigInjecConv F3 family is applicable
2026-06-03 15:14:03,865 [INFO] Rule:224 - rule Change Default Value for ADC ExternalTrigConv Goldfish serie is applicable
2026-06-03 15:14:03,865 [INFO] Rule:224 - rule Change Default Value for ADC ExternalTrigInjecConv Goldfish serie is applicable
2026-06-03 15:14:03,865 [INFO] Rule:224 - rule Change Default Value for ADC ExternalTrigConv L0 family is applicable
2026-06-03 15:14:03,865 [INFO] Rule:224 - rule Change Default Value for ADC ExternalTrigConv F0 family is applicable
2026-06-03 15:14:03,865 [INFO] Rule:224 - rule Change Default Value for ADC ExternalTrigConvn L1 family is applicable
2026-06-03 15:14:03,865 [INFO] Rule:224 - rule Change Default Value for ADC ExternalTrigInjecConv L1 family is applicable
2026-06-03 15:14:03,865 [INFO] Rule:224 - rule Change Default Value for ADC ExternalTrigConv F1 family is applicable
2026-06-03 15:14:03,866 [INFO] Rule:224 - rule Change Default Value for ADC ExternalTrigInjecConv F1 family is applicable
2026-06-03 15:14:03,866 [INFO] Rule:224 - rule Change Default Value for ADC ExternalTrigConv F7 family is applicable
2026-06-03 15:14:03,867 [INFO] Rule:224 - rule Change Default Value for ADC ExternalTrigInjecConv F7 family is applicable
2026-06-03 15:14:03,867 [INFO] Rule:224 - rule Change Default Value for ADC ExternalTrigConv F4 and F2 family is applicable
2026-06-03 15:14:03,867 [INFO] Rule:224 - rule Change Default Value for ADC ExternalTrigInjecConv F4 and F2 family is applicable
2026-06-03 15:14:03,868 [INFO] Rule:224 - rule ADC SamplingTime fix with FW L0  is applicable
2026-06-03 15:14:03,868 [INFO] Rule:224 - rule ADC SamplingTime fix with FW L0  is applicable
2026-06-03 15:14:03,868 [INFO] Rule:224 - rule ADC SamplingTime fix with FW L0 is applicable
2026-06-03 15:14:03,868 [INFO] Rule:224 - rule ADC SamplingTime fix with FW L0 is applicable
2026-06-03 15:14:03,868 [INFO] Rule:224 - rule ADC SamplingTime fix with FW L0  is applicable
2026-06-03 15:14:03,868 [INFO] Rule:224 - rule ADC SamplingTime fix with FW L0 is applicable
2026-06-03 15:14:03,868 [INFO] Rule:224 - rule Rename USB_OE Signal is applicable
2026-06-03 15:14:03,868 [INFO] Rule:224 - rule Rename Activate_OE Mode is applicable
2026-06-03 15:14:03,868 [INFO] Rule:224 - rule Rename DIE462/DIE415 pin PC14/OSC32_IN -> PC14-OSC32_IN (PC14) is applicable
2026-06-03 15:14:03,868 [INFO] Rule:224 - rule Rename DIE462/DIE415 pin PC15/OSC32_OUT -> PC15-OSC32_OUT (PC15) is applicable
2026-06-03 15:14:03,868 [INFO] Rule:224 - rule Rename DIE462/DIE415 pin PH0/OSC_IN -> PH0-OSC_IN (PH0) is applicable
2026-06-03 15:14:03,868 [INFO] Rule:224 - rule Rename DIE462/DIE415 pin PH1/OSC_OUT -> PH1-OSC_OUT (PH1) is applicable
2026-06-03 15:14:03,868 [INFO] Rule:224 - rule Rename DIE462 pin PA13 -> PA13 (JTMS/SWDIO) is applicable
2026-06-03 15:14:03,868 [INFO] Rule:224 - rule Rename DIE415 pin PA13 -> PA13 (JTMS/SWDIO) is applicable
2026-06-03 15:14:03,869 [INFO] Rule:224 - rule Rename DIE462 pin PA14 -> PA14 (JTCK/SWCLK) is applicable
2026-06-03 15:14:03,869 [INFO] Rule:224 - rule Rename DIE415 pin PA14 -> PA14 (JTCK/SWCLK) is applicable
2026-06-03 15:14:03,869 [INFO] Rule:224 - rule Rename DIE462/DIE415 pin PA15 -> PA15 (JTDI) is applicable
2026-06-03 15:14:03,869 [INFO] Rule:224 - rule Rename DIE462 pin PB3 -> PB3 (JTD0/TRACESWO) is applicable
2026-06-03 15:14:03,869 [INFO] Rule:224 - rule Rename DIE415 pin PB3 -> PB3 (JTD0-TRACESWO) is applicable
2026-06-03 15:14:03,869 [INFO] Rule:224 - rule Rename DIE462/DIE415 pin PB4 -> PB4 (NJTRST) is applicable
2026-06-03 15:14:03,869 [INFO] Rule:224 - rule Rename DIE462 pin PH3/BOOT0 -> PH3-BOOT0 (BOOT0) is applicable
2026-06-03 15:14:03,869 [INFO] Rule:224 - rule Rename CRYP DataEncryptionTypesList to Algorithm is applicable
2026-06-03 15:14:03,869 [INFO] Rule:224 - rule Rename AES DataEncryptionTypesList to Algorithm is applicable
2026-06-03 15:14:03,869 [INFO] Rule:224 - rule Rename TDESECB to CRYP_TDES_ECB is applicable
2026-06-03 15:14:03,869 [INFO] Rule:224 - rule Rename TDESCBC to CRYP_TDES_CBC is applicable
2026-06-03 15:14:03,869 [INFO] Rule:224 - rule Rename DESECB to CRYP_DES_ECB is applicable
2026-06-03 15:14:03,869 [INFO] Rule:224 - rule Rename DESCBC to CRYP_DES_CBC is applicable
2026-06-03 15:14:03,869 [INFO] Rule:224 - rule Rename AESECB to CRYP_AES_ECB is applicable
2026-06-03 15:14:03,869 [INFO] Rule:224 - rule Rename AESCBC to CRYP_AES_CBC is applicable
2026-06-03 15:14:03,869 [INFO] Rule:224 - rule Rename AESCTR to CRYP_AES_CTR is applicable
2026-06-03 15:14:03,869 [INFO] Rule:224 - rule Rename AESGCM to CRYP_AES_GCM is applicable
2026-06-03 15:14:03,869 [INFO] Rule:224 - rule Rename AESCCM to CRYP_AES_CCM is applicable
2026-06-03 15:14:03,869 [INFO] Rule:224 - rule Rename CAN TimeSeg1 to BS1 is applicable
2026-06-03 15:14:03,869 [INFO] Rule:224 - rule Rename CAN TimeSeg2 to BS2 is applicable
2026-06-03 15:14:03,869 [INFO] Rule:224 - rule Rename CAN SyncJumpWidth to SJW is applicable
2026-06-03 15:14:03,869 [INFO] Rule:224 - rule TimeTriggeredMode to TTCM is applicable
2026-06-03 15:14:03,870 [INFO] Rule:224 - rule Rename CAN AutoBusOff to ABOM is applicable
2026-06-03 15:14:03,870 [INFO] Rule:224 - rule Rename CAN AutoWakeUp to AWUM is applicable
2026-06-03 15:14:03,870 [INFO] Rule:224 - rule Rename CAN AutoRetransmission to NART is applicable
2026-06-03 15:14:03,870 [INFO] Rule:224 - rule Rename CAN ReceiveFifoLocked to RFLM is applicable
2026-06-03 15:14:03,870 [INFO] Rule:224 - rule Rename CAN TransmitFifoPriority to TXFP is applicable
2026-06-03 15:14:03,870 [INFO] Rule:224 - rule Rename HRTIMER HRTIM_OUTPUTFAULTLEVEL_HIGH in HRTIMER HRTIM_OUTPUTFAULTLEVEL_HIGHZ is applicable
2026-06-03 15:14:03,870 [INFO] Rule:224 - rule Rename TIMER TIM_CLEARINPUTSOURCE_OCREFCLR in  TIMER TIM_CLEARINPUTSOURCE_NONE for F7 family is applicable
2026-06-03 15:14:03,870 [INFO] Rule:224 - rule FDCAN_R1 - Rename FDCAN mode Master into Classic is applicable
2026-06-03 15:14:03,870 [INFO] Rule:224 - rule FDCAN_R2 - Rename FDCAN mode Slave into Classic is applicable
2026-06-03 15:14:03,870 [INFO] Rule:224 - rule FDCAN1_R3 - if PA10.Mode=FullDuplex, add Pin PA12 is applicable
2026-06-03 15:14:03,870 [INFO] Rule:224 - rule FDCAN1_R3 - if PA9.Mode=FullDuplex, add Pin PA11 is applicable
2026-06-03 15:14:03,870 [INFO] Rule:224 - rule FDCAN1_R3 - Alternatepin_1 - if PE1.Mode=FullDuplex, add Pin PB9 is applicable
2026-06-03 15:14:03,870 [INFO] Rule:224 - rule FDCAN1_R3 - Alternatepin_1 - if PE0.Mode=FullDuplex, add Pin PB8 is applicable
2026-06-03 15:14:03,870 [INFO] Rule:224 - rule FDCAN1_R3 - Alternatepin_2 - if PD5.Mode=FullDuplex, add Pin PD1 is applicable
2026-06-03 15:14:03,870 [INFO] Rule:224 - rule FDCAN1_R3 - Alternatepin_2 - if PD4.Mode=FullDuplex, add Pin PD0 is applicable
2026-06-03 15:14:03,870 [INFO] Rule:224 - rule FDCAN1_R4 - Rename Mode FullDuplex into Enable FDCAN_TXFD for pin PA10 is applicable
2026-06-03 15:14:03,870 [INFO] Rule:224 - rule FDCAN1_R4 - Rename Mode FullDuplex into Enable FDCAN_TXFD for pin PA9 is applicable
2026-06-03 15:14:03,870 [INFO] Rule:224 - rule FDCAN1_R4 - Alternatepin_1 - Rename Mode FullDuplex into Enable FDCAN_TXFD for pin PE1 is applicable
2026-06-03 15:14:03,870 [INFO] Rule:224 - rule FDCAN1_R4 - Alternatepin_1 - Rename Mode FullDuplex into Enable FDCAN_TXFD for pin PE0 is applicable
2026-06-03 15:14:03,870 [INFO] Rule:224 - rule FDCAN1_R4 - Alternatepin_2 - Rename Mode FullDuplex into Enable FDCAN_TXFD for pin PD5 is applicable
2026-06-03 15:14:03,870 [INFO] Rule:224 - rule FDCAN1_R4 - Alternatepin_2 - Rename Mode FullDuplex into Enable FDCAN_TXFD for pin PD4 is applicable
2026-06-03 15:14:03,870 [INFO] Rule:224 - rule FDCAN2_R3 - if PD10.Mode=FullDuplex, add Pin PB13 is applicable
2026-06-03 15:14:03,870 [INFO] Rule:224 - rule FDCAN2_R3 - if PD9.Mode=FullDuplex, add Pin PB12 is applicable
2026-06-03 15:14:03,870 [INFO] Rule:224 - rule FDCAN2_R3 - Alternatepin_1 - if PB7.Mode=FullDuplex, add Pin PB6 is applicable
2026-06-03 15:14:03,871 [INFO] Rule:224 - rule FDCAN2_R3 - Alternatepin_1 - if PD9.Mode=FullDuplex, add Pin PB12 is applicable
2026-06-03 15:14:03,871 [INFO] Rule:224 - rule FDCAN2_R4 - Rename Mode FullDuplex into Enable FDCAN_TXFD for pin PD10 is applicable
2026-06-03 15:14:03,871 [INFO] Rule:224 - rule FDCAN2_R4 - Rename Mode FullDuplex into Enable FDCAN_TXFD for pin PD9 is applicable
2026-06-03 15:14:03,871 [INFO] Rule:224 - rule FDCAN2_R4 - Alternatepin_1 - Rename Mode FullDuplex into Enable FDCAN_TXFD for pin PB7 is applicable
2026-06-03 15:14:03,871 [INFO] Rule:224 - rule FDCAN2_R4 - Alternatepin_1 - Rename Mode FullDuplex into Enable FDCAN_TXFD for pin PD6 is applicable
2026-06-03 15:14:03,871 [INFO] Rule:224 - rule USART TxPinLevelInvertParam Mode is applicable
2026-06-03 15:14:03,871 [INFO] Rule:224 - rule USART RxPinLevelInvertParam Mode is applicable
2026-06-03 15:14:03,871 [INFO] Rule:224 - rule USART DataInvertParam Mode is applicable
2026-06-03 15:14:03,871 [INFO] Rule:224 - rule USART SwapParam Mode is applicable
2026-06-03 15:14:03,871 [INFO] Rule:224 - rule USART OverrunDisableParam Mode is applicable
2026-06-03 15:14:03,871 [INFO] Rule:224 - rule USART DMADisableonRxErrorParam Mode is applicable
2026-06-03 15:14:03,871 [INFO] Rule:224 - rule USART MSBFirstParam Mode is applicable
2026-06-03 15:14:03,871 [INFO] Rule:224 - rule Update MwName for USB_DEVICE is applicable
2026-06-03 15:14:03,871 [INFO] Rule:224 - rule Change PWR_Regulator_Voltage_Scale Default Value for RCC  H7 family is applicable
2026-06-03 15:14:03,871 [INFO] Rule:224 - rule UART/USART IPParameter rename Prescaler parameter to ClockPrescaler is applicable
2026-06-03 15:14:03,871 [INFO] Rule:224 - rule UART/USART Prescaler rename Prescaler parameter to ClockPrescaler is applicable
2026-06-03 15:14:03,871 [INFO] Rule:224 - rule TIM1CLockSelection is applicable
2026-06-03 15:14:03,871 [INFO] Rule:224 - rule TIM15CLockSelection is applicable
2026-06-03 15:14:03,871 [INFO] Rule:224 - rule align RCC SDMMC3CLockSelection default value on MP1 is applicable
2026-06-03 15:14:03,871 [INFO] Rule:224 - rule align RCC SDMMC12CLockSelection default value on MP1 is applicable
2026-06-03 15:14:03,871 [INFO] Rule:224 - rule align RCC QSPICLockSelection default value on MP1 is applicable
2026-06-03 15:14:03,871 [INFO] Rule:224 - rule align RCC QSPICLockSelection default value on MP1 is applicable
2026-06-03 15:14:03,871 [INFO] Rule:224 - rule align RCC SPI6CLockSelection default value on MP1 is applicable
2026-06-03 15:14:03,871 [INFO] Rule:224 - rule align RCC LPTIM23CLockSelection default value on MP1 is applicable
2026-06-03 15:14:03,871 [INFO] Rule:224 - rule align RCC LPTIM1CLockSelection default value on MP1 is applicable
2026-06-03 15:14:03,872 [INFO] Rule:224 - rule align RCC USART1CLockSelection default value on MP1 is applicable
2026-06-03 15:14:03,872 [INFO] Rule:224 - rule align RCC USART24CLockSelection default value on MP1 is applicable
2026-06-03 15:14:03,872 [INFO] Rule:224 - rule align RCC USART6CLockSelection default value on MP1 is applicable
2026-06-03 15:14:03,872 [INFO] Rule:224 - rule align RCC UART78CLockSelection default value on MP1 is applicable
2026-06-03 15:14:03,872 [INFO] Rule:224 - rule align RCC USART35CLockSelection default value on MP1 is applicable
2026-06-03 15:14:03,872 [INFO] Rule:224 - rule align RCC SPI45CLockSelection default value on MP1 is applicable
2026-06-03 15:14:03,872 [INFO] Rule:224 - rule align RCC I2C46CLockSelection BCLK value on MP1 is applicable
2026-06-03 15:14:03,872 [INFO] Rule:224 - rule align RCC SPI45CLockSelection default value on MP1 is applicable
2026-06-03 15:14:03,872 [INFO] Rule:224 - rule align RCC I2C12CLockSelection default value on MP1 is applicable
2026-06-03 15:14:03,872 [INFO] Rule:224 - rule align RCC I2C35CLockSelection default value on MP1 is applicable
2026-06-03 15:14:03,872 [INFO] Rule:224 - rule align RCC LPTIM45CLockSelection default value on MP1 is applicable
2026-06-03 15:14:03,872 [INFO] Rule:224 - rule Rename DCMI PIXCK signal is applicable
2026-06-03 15:14:03,872 [INFO] Rule:224 - rule Change Default Value for I2C46CLockSelection MP1 family is applicable
2026-06-03 15:14:03,872 [INFO] Rule:224 - rule Change Default Value for UART for G4, G0 and WB families is applicable
2026-06-03 15:14:03,872 [INFO] Rule:224 - rule Change Default Value for USART for G4, G0 and WB families is applicable
2026-06-03 15:14:03,872 [INFO] Rule:224 - rule Change Default Value for USART for G4 family is applicable
2026-06-03 15:14:03,872 [INFO] Rule:224 - rule Change USART1CLockSelection refparam name for MP1 is applicable
2026-06-03 15:14:03,872 [INFO] Rule:224 - rule Change USART2CLockSelection refparam name for MP1 is applicable
2026-06-03 15:14:03,872 [INFO] Rule:224 - rule Change USART3CLockSelection refparam name for MP1 is applicable
2026-06-03 15:14:03,872 [INFO] Rule:224 - rule Change UART4CLockSelection refparam name for MP1 is applicable
2026-06-03 15:14:03,872 [INFO] Rule:224 - rule Change UART5CLockSelection refparam name for MP1 is applicable
2026-06-03 15:14:03,872 [INFO] Rule:224 - rule Change LPUART1CLockSelection refparam name for MP1 is applicable
2026-06-03 15:14:03,872 [INFO] Rule:224 - rule Change LPTIM1CLockSelection refparam name for MP1 is applicable
2026-06-03 15:14:03,872 [INFO] Rule:224 - rule Change LPTIM2CLockSelection refparam name for MP1 is applicable
2026-06-03 15:14:03,873 [INFO] Rule:224 - rule Change RCC_MCO1Source refparam name for MP1 is applicable
2026-06-03 15:14:03,873 [INFO] Rule:224 - rule Change LSCOSource1 refparam name for MP1 is applicable
2026-06-03 15:14:03,873 [INFO] Rule:224 - rule Change SMPSCLockSelection refparam name for MP1 is applicable
2026-06-03 15:14:03,873 [INFO] Rule:224 - rule Change LPTIM3CLockSelection refparam name for MP1 is applicable
2026-06-03 15:14:03,873 [INFO] Rule:224 - rule Change MPCBB* Default Template Mode to Parameters is applicable
2026-06-03 15:14:03,873 [INFO] Rule:224 - rule Change MPCWM* or MPCBB* Secure Mode to Parameters is applicable
2026-06-03 15:14:03,873 [INFO] Rule:224 - rule Change MPCWM* or MPCBB* No Secure Mode to Parameters is applicable
2026-06-03 15:14:03,873 [INFO] Rule:224 - rule Change TZSC IP Secure Mode to Parameters is applicable
2026-06-03 15:14:03,873 [INFO] Rule:224 - rule Change TZSC IP No Secure Mode to Parameters is applicable
2026-06-03 15:14:03,873 [INFO] Rule:224 - rule Change TZSC IP Privilege Mode to Parameters is applicable
2026-06-03 15:14:03,873 [INFO] Rule:224 - rule Change TZSC IP No Privilege Mode to Parameters is applicable
2026-06-03 15:14:03,873 [INFO] Rule:224 - rule Change TZIC IT Secure Mode to Parameters is applicable
2026-06-03 15:14:03,873 [INFO] Rule:224 - rule Change TZIC IT No Secure Mode to Parameters is applicable
2026-06-03 15:14:03,873 [INFO] Rule:224 - rule Add MPCBB1_NonSecureArea_Start_Address value with referenced to MPCBB1_NonSecureArea_Start value is applicable
2026-06-03 15:14:03,873 [INFO] Rule:224 - rule Add MPCBB2_NonSecureArea_Start_Address value with referenced to MPCBB2_NonSecureArea_Start value is applicable
2026-06-03 15:14:03,873 [INFO] Rule:224 - rule Add MPCWM1_NonSecureArea*_Start_Address value with referenced to MPCWM1_NonSecureArea*_Start value is applicable
2026-06-03 15:14:03,873 [INFO] Rule:224 - rule Add MPCWM2_NonSecureArea*_Start_Address value with referenced to MPCWM2_NonSecureArea*_Start value is applicable
2026-06-03 15:14:03,873 [INFO] Rule:224 - rule Add MPCWM3_NonSecureArea_Start_Address value with referenced to MPCWM3_NonSecureArea_Start value is applicable
2026-06-03 15:14:03,873 [INFO] Rule:224 - rule Change Default Value for PLL1UserDefinedConfig is applicable
2026-06-03 15:14:03,873 [INFO] Rule:224 - rule Change GPIO_PuPd Default Value for USART in async mode is applicable
2026-06-03 15:14:03,873 [INFO] Rule:224 - rule Change SMPSDivider Default Value is applicable
2026-06-03 15:14:03,873 [INFO] Rule:224 - rule OPAMP is applicable
2026-06-03 15:14:03,873 [INFO] Rule:224 - rule LPUART IPParameter rename Prescaler parameter to ClockPrescaler for STM32H7 is applicable
2026-06-03 15:14:03,873 [INFO] Rule:224 - rule LPUART IPParameter rename Prescaler parameter to ClockPrescaler for STM32H7 is applicable
2026-06-03 15:14:03,874 [INFO] Rule:224 - rule LPUART IPParameter rename Prescaler parameter to ClockPrescaler for STM32WB is applicable
2026-06-03 15:14:03,874 [INFO] Rule:224 - rule LPUART IPParameter rename Prescaler parameter to ClockPrescaler for STM32WB is applicable
2026-06-03 15:14:03,874 [INFO] Rule:224 - rule LPUART IPParameter rename Prescaler parameter to ClockPrescaler for STM32G4 is applicable
2026-06-03 15:14:03,874 [INFO] Rule:224 - rule LPUART IPParameter rename Prescaler parameter to ClockPrescaler for STM32G4 is applicable
2026-06-03 15:14:03,874 [INFO] Rule:224 - rule LPUART IPParameter rename Prescaler parameter to ClockPrescaler for STM32L5 is applicable
2026-06-03 15:14:03,874 [INFO] Rule:224 - rule LPUART IPParameter rename Prescaler parameter to ClockPrescaler for STM32L5 is applicable
2026-06-03 15:14:03,874 [INFO] Rule:224 - rule LPUART IPParameter rename Prescaler parameter to ClockPrescaler for STM32G4 is applicable
2026-06-03 15:14:03,874 [INFO] Rule:224 - rule LPUART IPParameter rename Prescaler parameter to ClockPrescaler for STM32G4 is applicable
2026-06-03 15:14:03,874 [INFO] Rule:224 - rule USB device lib V2.5.3 for L0 rename USBD_SUPPORT_USER_STRING parameter to USBD_SUPPORT_USER_STRING_DESC4 is applicable
2026-06-03 15:14:03,874 [INFO] Rule:224 - rule I2SCLockSelection clock entry align is applicable
2026-06-03 15:14:03,874 [INFO] Rule:224 - rule Assign TIMx context if used as SYS timebase is applicable
2026-06-03 15:14:03,874 [INFO] Rule:224 - rule Change GPIO_Pu Default Value for I2C is applicable
2026-06-03 15:14:03,874 [INFO] Rule:224 - rule Change GPIO_Pu Default Value for SMBus is applicable
2026-06-03 15:14:03,874 [INFO] Rule:224 - rule change FDCAN default value is applicable
2026-06-03 15:14:03,874 [INFO] Rule:224 - rule Change mode sai is applicable
2026-06-03 15:14:03,874 [INFO] Rule:224 - rule **Change sai mode is applicable
2026-06-03 15:14:03,874 [INFO] Rule:224 - rule Rename STM32WPAN CFG_BLE_IRK to CFG_BLE_IR is applicable
2026-06-03 15:14:03,874 [INFO] Rule:224 - rule Rename STM32WPAN CFG_BLE_ERK to CFG_BLE_ER is applicable
2026-06-03 15:14:03,874 [INFO] Rule:224 - rule Rename STM32WPAN CFG_BLE_IRK_HEX to CFG_BLE_IR_HEX is applicable
2026-06-03 15:14:03,874 [INFO] Rule:224 - rule Rename STM32WPAN CFG_BLE_ERK_HEX to CFG_BLE_ER_HEX is applicable
2026-06-03 15:14:03,874 [INFO] Rule:224 - rule Adapt Old IOC before rework replace old CORTEX_M33/CORTEX_M55 attributes by the new one. is applicable
2026-06-03 15:14:03,874 [INFO] Rule:224 - rule Rename parametre of RCC RCC_APBDBG_DIV2 to RCC_TIMPRES_DIV2 is applicable
2026-06-03 15:14:03,874 [INFO] Rule:224 - rule Rename DIE493 pin PA10 [PA12] -> PA10 is applicable
2026-06-03 15:14:03,874 [INFO] Rule:224 - rule Rename DIE493 pin PA9 [PA11] -> PA9 is applicable
2026-06-03 15:14:03,917 [INFO] DbConfProperties:307 - Apply Compatibility (50/266 Rules)
2026-06-03 15:14:03,982 [INFO] ImportTextPane:218 - (OptionalMessage_ERROR) Unable to find key (Mcu.ThirdPartyNb) in loaded IOC file
2026-06-03 15:14:03,988 [INFO] ImportTextPane:218 - (OptionalMessage_ERROR) Pin35 (VP_RIF_VS_RIF1) cannot be retrieved for this MCU
2026-06-03 15:14:04,244 [INFO] RtosManager:558 - Registered RTOS mode: class=CMSIS, group=RTOS, mode=CMSIS_V1, owner=FREERTOS
2026-06-03 15:14:04,245 [INFO] RtosManager:558 - Registered RTOS mode: class=CMSIS, group=RTOS2, mode=CMSIS_V2, owner=FREERTOS
2026-06-03 15:14:04,245 [INFO] RtosManager:558 - Registered RTOS mode: class=RTOS, group=Core, mode=CMSIS_V1, owner=FREERTOS
2026-06-03 15:14:04,245 [INFO] RtosManager:558 - Registered RTOS mode: class=RTOS, group=Core, mode=CMSIS_V2, owner=FREERTOS
2026-06-03 15:14:04,245 [WARN] ModelIntegratedComponent:184 - Missing modes for component STMicroelectronics:FreeRTOS:0.0.1:STMicroelectronics:RTOS:FreeRTOS:Core:::10.2.0:
2026-06-03 15:14:04,259 [WARN] ModelIntegratedComponent:63 - No mode defined for component null
2026-06-03 15:14:04,259 [WARN] ModelIntegratedComponent:63 - No mode defined for component null
2026-06-03 15:14:04,259 [WARN] ModelIntegratedComponent:63 - No mode defined for component null
2026-06-03 15:14:04,259 [WARN] ModelIntegratedComponent:63 - No mode defined for component null
2026-06-03 15:14:04,259 [WARN] ModelIntegratedComponent:63 - No mode defined for component null
2026-06-03 15:14:04,259 [WARN] ModelIntegratedComponent:63 - No mode defined for component null
2026-06-03 15:14:04,259 [WARN] ModelIntegratedComponent:63 - No mode defined for component null
2026-06-03 15:14:04,259 [WARN] ModelIntegratedComponent:63 - No mode defined for component null
2026-06-03 15:14:04,259 [WARN] ModelIntegratedComponent:63 - No mode defined for component null
2026-06-03 15:14:04,259 [WARN] ModelIntegratedComponent:63 - No mode defined for component null
2026-06-03 15:14:04,259 [WARN] ModelIntegratedComponent:63 - No mode defined for component null
2026-06-03 15:14:04,259 [WARN] ModelIntegratedComponent:63 - No mode defined for component null
2026-06-03 15:14:04,259 [WARN] ModelIntegratedComponent:63 - No mode defined for component null
2026-06-03 15:14:04,259 [WARN] ModelIntegratedComponent:63 - No mode defined for component null
2026-06-03 15:14:04,259 [WARN] ModelIntegratedComponent:63 - No mode defined for component null
2026-06-03 15:14:04,259 [WARN] ModelIntegratedComponent:63 - No mode defined for component null
2026-06-03 15:14:04,259 [WARN] ModelIntegratedComponent:63 - No mode defined for component null
2026-06-03 15:14:04,260 [WARN] ModelIntegratedComponent:63 - No mode defined for component null
2026-06-03 15:14:04,260 [WARN] ModelIntegratedComponent:63 - No mode defined for component null
2026-06-03 15:14:04,260 [WARN] ModelIntegratedComponent:63 - No mode defined for component null
2026-06-03 15:14:04,260 [WARN] ModelIntegratedComponent:63 - No mode defined for component null
2026-06-03 15:14:04,260 [WARN] ModelIntegratedComponent:63 - No mode defined for component null
2026-06-03 15:14:04,260 [WARN] ModelIntegratedComponent:63 - No mode defined for component null
2026-06-03 15:14:04,260 [WARN] ModelIntegratedComponent:63 - No mode defined for component null
2026-06-03 15:14:04,260 [WARN] ModelIntegratedComponent:63 - No mode defined for component null
2026-06-03 15:14:04,260 [WARN] ModelIntegratedComponent:63 - No mode defined for component null
2026-06-03 15:14:04,260 [WARN] ModelIntegratedComponent:63 - No mode defined for component null
2026-06-03 15:14:04,260 [WARN] ModelIntegratedComponent:63 - No mode defined for component null
2026-06-03 15:14:04,260 [WARN] ModelIntegratedComponent:63 - No mode defined for component null
2026-06-03 15:14:04,260 [WARN] ModelIntegratedComponent:63 - No mode defined for component null
2026-06-03 15:14:04,260 [WARN] ModelIntegratedComponent:63 - No mode defined for component null
2026-06-03 15:14:04,260 [WARN] ModelIntegratedComponent:63 - No mode defined for component null
2026-06-03 15:14:04,260 [WARN] ModelIntegratedComponent:63 - No mode defined for component null
2026-06-03 15:14:04,260 [WARN] ModelIntegratedComponent:63 - No mode defined for component null
2026-06-03 15:14:04,260 [WARN] ModelIntegratedComponent:63 - No mode defined for component null
2026-06-03 15:14:04,260 [WARN] ModelPack:524 - Component already loaded: STMicroelectronics:HAL Drivers:0.0.0:STMicroelectronics:Device:STMicro_Driver:XSPI:HAL::0.0.1:HAL_XSPI
2026-06-03 15:14:04,391 [INFO] ThirdPartyModel:298 - Start build external matchings
2026-06-03 15:14:05,687 [INFO] ThirdPartyModel:316 - End build external matchings
2026-06-03 15:14:05,726 [INFO] ImportTextPane:218 - (OptionalMessage_ERROR) IP (RCC) : Parameter (RTCHSEDivFreq_Value) has invalid value (4000000)
2026-06-03 15:14:06,347 [INFO] UtilMem:75 - End LoadConfig() Used Memory: 806361232 Bytes (1073741824)
2026-06-03 15:14:06,646 [WARN] ThirdParty:833 - waiting for thirdparty lock release [change project]
2026-06-03 15:14:06,647 [INFO] ThirdParty:835 - entering critical section [change project]
2026-06-03 15:14:06,647 [INFO] ThirdParty:1030 - CMSIS Pack Vendor :STMicroelectronics X-CUBE-AZRTOS-H7 3.5.0
2026-06-03 15:14:06,648 [INFO] ThirdParty:1030 - CMSIS Pack Vendor :STMicroelectronics X-CUBE-PM33A1 1.0.0
2026-06-03 15:14:06,648 [INFO] ThirdParty:1030 - CMSIS Pack Vendor :STMicroelectronics USBPD 4.1
2026-06-03 15:14:06,648 [INFO] ThirdParty:1030 - CMSIS Pack Vendor :STMicroelectronics X-CUBE-NFC9 1.0.0
2026-06-03 15:14:06,648 [INFO] ThirdParty:1030 - CMSIS Pack Vendor :STMicroelectronics USB_HOST 2.0.0
2026-06-03 15:14:06,648 [INFO] ThirdParty:1030 - CMSIS Pack Vendor :STMicroelectronics X-CUBE-AZRTOS-F4 1.1.0
2026-06-03 15:14:06,648 [INFO] ThirdParty:1030 - CMSIS Pack Vendor :STMicroelectronics LIBJPEG 8.0.0
2026-06-03 15:14:06,648 [INFO] ThirdParty:1030 - CMSIS Pack Vendor :STMicroelectronics FP-ATR-ASTRA1 2.0.2
2026-06-03 15:14:06,648 [INFO] ThirdParty:1030 - CMSIS Pack Vendor :STMicroelectronics X-CUBE-BLE1 7.1.0
2026-06-03 15:14:06,648 [INFO] ThirdParty:1030 - CMSIS Pack Vendor :STMicroelectronics X-CUBE-SMBUS 2.1.0
2026-06-03 15:14:06,648 [INFO] ThirdParty:1030 - CMSIS Pack Vendor :wolfSSL I-CUBE-wolfMQTT 1.19.2
2026-06-03 15:14:06,648 [INFO] ThirdParty:1030 - CMSIS Pack Vendor :STMicroelectronics USB_DEVICE 3.0.0
2026-06-03 15:14:06,649 [INFO] ThirdParty:1030 - CMSIS Pack Vendor :STMicroelectronics X-CUBE-ISPU 2.1.0
2026-06-03 15:14:06,649 [INFO] ThirdParty:1030 - CMSIS Pack Vendor :STMicroelectronics X-CUBE-EEPRMA1 5.2.0
2026-06-03 15:14:06,649 [INFO] ThirdParty:1030 - CMSIS Pack Vendor :STMicroelectronics X-CUBE-BLEMGR 4.1.0
2026-06-03 15:14:06,649 [INFO] ThirdParty:1030 - CMSIS Pack Vendor :STMicroelectronics eDS-WB_DPC_TT-BIDIR 2.1.1
2026-06-03 15:14:06,649 [INFO] ThirdParty:1030 - CMSIS Pack Vendor :STMicroelectronics X-CUBE-AZRTOS-WB 2.0.0
2026-06-03 15:14:06,649 [INFO] ThirdParty:1030 - CMSIS Pack Vendor :wolfSSL I-CUBE-wolfSSL 5.8.4
2026-06-03 15:14:06,649 [INFO] ThirdParty:1030 - CMSIS Pack Vendor :STMicroelectronics X-CUBE-NFC12 1.0.0
2026-06-03 15:14:06,649 [INFO] ThirdParty:1030 - CMSIS Pack Vendor :STMicroelectronics X-CUBE-AZRTOS-F7 1.1.0
2026-06-03 15:14:06,649 [INFO] ThirdParty:1030 - CMSIS Pack Vendor :STMicroelectronics X-CUBE-AZRTOS-L5 2.0.0
2026-06-03 15:14:06,649 [INFO] ThirdParty:1030 - CMSIS Pack Vendor :STMicroelectronics USB_DEVICE 2.0.0
2026-06-03 15:14:06,649 [INFO] ThirdParty:1030 - CMSIS Pack Vendor :quantropi X-CUBE-qispace-sdk-base 2.1.0
2026-06-03 15:14:06,649 [INFO] ThirdParty:1030 - CMSIS Pack Vendor :STMicroelectronics X-CUBE-MEMS1 12.0.0
2026-06-03 15:14:06,649 [INFO] ThirdParty:1030 - CMSIS Pack Vendor :STMicroelectronics X-CUBE-STSE01 2.0.0
2026-06-03 15:14:06,649 [INFO] ThirdParty:1030 - CMSIS Pack Vendor :STMicroelectronics X-CUBE-ALGOBUILD 1.5.0
2026-06-03 15:14:06,649 [INFO] ThirdParty:1030 - CMSIS Pack Vendor :STMicroelectronics FreeRTOS 0.0.1
2026-06-03 15:14:06,649 [INFO] ThirdParty:1030 - CMSIS Pack Vendor :STMicroelectronics X-CUBE-AZRTOS-G0 1.1.0
2026-06-03 15:14:06,649 [INFO] ThirdParty:1030 - CMSIS Pack Vendor :STMicroelectronics X-CUBE-NFC4 3.0.0
2026-06-03 15:14:06,649 [INFO] ThirdParty:1030 - CMSIS Pack Vendor :STMicroelectronics X-CUBE-SUBG2 5.0.0
2026-06-03 15:14:06,650 [INFO] ThirdParty:1030 - CMSIS Pack Vendor :STMicroelectronics STM32_WPAN 1.0.0
2026-06-03 15:14:06,650 [INFO] ThirdParty:1030 - CMSIS Pack Vendor :STMicroelectronics eDS-WB_DPC_VIENNA 1.2.0
2026-06-03 15:14:06,650 [INFO] ThirdParty:1030 - CMSIS Pack Vendor :EmbeddedOffice I-CUBE-FS-RTOS 1.0.1
2026-06-03 15:14:06,650 [INFO] ThirdParty:1030 - CMSIS Pack Vendor :STMicroelectronics lwIP 2.0.3
2026-06-03 15:14:06,650 [INFO] ThirdParty:1030 - CMSIS Pack Vendor :STMicroelectronics eDS-WB_DPC_3PH2L-BIDIR 1.1.1
2026-06-03 15:14:06,650 [INFO] ThirdParty:1030 - CMSIS Pack Vendor :STMicroelectronics USB_HOST 1.0.0
2026-06-03 15:14:06,650 [INFO] ThirdParty:1030 - CMSIS Pack Vendor :STMicroelectronics X-CUBE-AZRTOS-G4 2.0.0
2026-06-03 15:14:06,650 [INFO] ThirdParty:1030 - CMSIS Pack Vendor :STMicroelectronics PDM2PCM 3.1.0
2026-06-03 15:14:06,650 [INFO] ThirdParty:1030 - CMSIS Pack Vendor :STMicroelectronics PDM2PCM 3.3.0
2026-06-03 15:14:06,650 [INFO] ThirdParty:1030 - CMSIS Pack Vendor :wolfSSL I-CUBE-wolfTPM 3.8.0
2026-06-03 15:14:06,650 [INFO] ThirdParty:1030 - CMSIS Pack Vendor :STMicroelectronics X-CUBE-DISPLAY 3.0.0
2026-06-03 15:14:06,650 [INFO] ThirdParty:1030 - CMSIS Pack Vendor :wolfSSL I-CUBE-wolfSSH 1.4.20
2026-06-03 15:14:06,650 [INFO] ThirdParty:1030 - CMSIS Pack Vendor :STMicroelectronics X-CUBE-NFC7 2.0.0
2026-06-03 15:14:06,650 [INFO] ThirdParty:1030 - CMSIS Pack Vendor :STMicroelectronics X-CUBE-GNSS1 7.1.1
2026-06-03 15:14:06,650 [INFO] ThirdParty:1030 - CMSIS Pack Vendor :STMicroelectronics X-CUBE-TCPP 4.2.0
2026-06-03 15:14:06,650 [INFO] ThirdParty:1030 - CMSIS Pack Vendor :RealThread X-CUBE-RT-Thread_Nano 4.1.1
2026-06-03 15:14:06,650 [INFO] ThirdParty:1030 - CMSIS Pack Vendor :STMicroelectronics FP-ATR-SIGFOX1 3.2.0
2026-06-03 15:14:06,650 [INFO] ThirdParty:1030 - CMSIS Pack Vendor :STMicroelectronics X-CUBE-NFC10 1.0.0
2026-06-03 15:14:06,650 [INFO] ThirdParty:1030 - CMSIS Pack Vendor :STMicroelectronics HAL Drivers 0.0.0
2026-06-03 15:14:06,650 [INFO] ThirdParty:1030 - CMSIS Pack Vendor :STMicroelectronics MBEDTLS 2.16.2
2026-06-03 15:14:06,650 [INFO] ThirdParty:1030 - CMSIS Pack Vendor :STMicroelectronics X-CUBE-ST60 1.1.0
2026-06-03 15:14:06,650 [INFO] ThirdParty:1030 - CMSIS Pack Vendor :STMicroelectronics X-CUBE-ALS 1.0.2
2026-06-03 15:14:06,650 [INFO] ThirdParty:1030 - CMSIS Pack Vendor :emotas I-CUBE-CANOPEN 1.3.0
2026-06-03 15:14:06,650 [INFO] ThirdParty:1030 - CMSIS Pack Vendor :STMicroelectronics MBEDTLS 2.14.1
2026-06-03 15:14:06,650 [INFO] ThirdParty:1030 - CMSIS Pack Vendor :STMicroelectronics X-CUBE-GNSS1 7.1.0
2026-06-03 15:14:06,650 [INFO] ThirdParty:1030 - CMSIS Pack Vendor :ITTIA_DB I-CUBE-ITTIADB 8.9.0
2026-06-03 15:14:06,650 [INFO] ThirdParty:1030 - CMSIS Pack Vendor :Cesanta I-CUBE-Mongoose 7.21.0
2026-06-03 15:14:06,651 [INFO] ThirdParty:1030 - CMSIS Pack Vendor :STMicroelectronics X-CUBE-TOUCHGFX 4.26.1
2026-06-03 15:14:06,651 [INFO] ThirdParty:1030 - CMSIS Pack Vendor :STMicroelectronics X-CUBE-NFC6 3.2.0
2026-06-03 15:14:06,651 [INFO] ThirdParty:1030 - CMSIS Pack Vendor :STMicroelectronics X-CUBE-AI 10.2.0
2026-06-03 15:14:06,651 [INFO] ThirdParty:1030 - CMSIS Pack Vendor :STMicroelectronics FP-SNS-STAIOTCFT 1.0.0
2026-06-03 15:14:06,651 [INFO] ThirdParty:1030 - CMSIS Pack Vendor :STMicroelectronics ThreadX 1.0.0
2026-06-03 15:14:06,651 [INFO] ThirdParty:1030 - CMSIS Pack Vendor :STMicroelectronics FP-SNS-SMARTAG2 1.2.0
2026-06-03 15:14:06,651 [INFO] ThirdParty:1030 - CMSIS Pack Vendor :STMicroelectronics X-CUBE-MEMS1 12.1.0
2026-06-03 15:14:06,651 [INFO] ThirdParty:1030 - CMSIS Pack Vendor :STMicroelectronics FP-SNS-FLIGHT1 5.1.0
2026-06-03 15:14:06,651 [INFO] ThirdParty:1030 - CMSIS Pack Vendor :STMicroelectronics X-CUBE-AZRTOS-WL 2.0.0
2026-06-03 15:14:06,651 [INFO] ThirdParty:1030 - CMSIS Pack Vendor :SEGGER I-CUBE-embOS 1.3.1
2026-06-03 15:14:06,651 [INFO] ThirdParty:1030 - CMSIS Pack Vendor :STMicroelectronics X-CUBE-ALGOBUILD 1.4.0
2026-06-03 15:14:06,651 [INFO] ThirdParty:1030 - CMSIS Pack Vendor :STMicroelectronics X-CUBE-DPower 1.3.0
2026-06-03 15:14:06,651 [INFO] ThirdParty:1030 - CMSIS Pack Vendor :STMicroelectronics USB_DEVICE 1.0.0
2026-06-03 15:14:06,651 [INFO] ThirdParty:1030 - CMSIS Pack Vendor :STMicroelectronics X-CUBE-AZRTOS-H7RS 1.2.0
2026-06-03 15:14:06,651 [INFO] ThirdParty:1030 - CMSIS Pack Vendor :STMicroelectronics X-CUBE-AZRTOS-L4 2.0.0
2026-06-03 15:14:06,651 [INFO] ThirdParty:1030 - CMSIS Pack Vendor :STMicroelectronics ThreadX 0.0.2
2026-06-03 15:14:06,651 [INFO] ThirdParty:1030 - CMSIS Pack Vendor :STMicroelectronics lwIP 2.1.2
2026-06-03 15:14:06,651 [INFO] ThirdParty:1030 - CMSIS Pack Vendor :STMicroelectronics X-CUBE-SFXS2LP1 4.0.0
2026-06-03 15:14:06,651 [INFO] ThirdParty:1030 - CMSIS Pack Vendor :STMicroelectronics X-CUBE-BLE2 3.3.0
2026-06-03 15:14:06,651 [INFO] ThirdParty:1030 - CMSIS Pack Vendor :Avnet-IOTCONNECT X-CUBE-iotc-st67-sdk 1.0.0
2026-06-03 15:14:06,651 [INFO] ThirdParty:1030 - CMSIS Pack Vendor :STMicroelectronics X-CUBE-TOF1 3.4.3
2026-06-03 15:14:06,651 [INFO] ThirdParty:1030 - CMSIS Pack Vendor :Infineon AIROC-Wi-Fi-Bluetooth-STM32 1.8.0
2026-06-03 15:14:06,651 [INFO] ThirdParty:1030 - CMSIS Pack Vendor :STMicroelectronics PDM2PCM 3.2.0
2026-06-03 15:14:06,651 [INFO] ThirdParty:1030 - CMSIS Pack Vendor :STMicroelectronics X-CUBE-WB05N 2.1.0
2026-06-03 15:14:06,652 [INFO] ThirdParty:841 - exiting critical section [change project]
2026-06-03 15:14:07,212 [INFO] PinOutPanel:1589 - setPackage(No Configuration,No Configuration)
2026-06-03 15:14:07,221 [INFO] PinOutPanel:1589 - setPackage(STM32F407VGTx,LQFP100)
2026-06-03 15:14:07,787 [INFO] UtilMem:75 - Before build in PCC Used Memory: 749297144 Bytes (1073741824)
2026-06-03 15:14:08,342 [INFO] UtilMem:75 - After build in PCC Used Memory: 795432440 Bytes (1073741824)
2026-06-03 15:14:08,382 [INFO] ApiDbMcu:508 - Load IP Config File for USB_HOST
2026-06-03 15:14:08,382 [WARN] BspModel:444 - BSP dependency skipped because of component: name='IOExpander', api='Unknown'
2026-06-03 15:14:08,425 [INFO] IPUIPlugin:80 - create IPUIPlugin
2026-06-03 15:14:08,425 [INFO] IPUIPlugin:80 - create IPUIPlugin
2026-06-03 15:14:08,425 [INFO] IPUIPlugin:80 - create IPUIPlugin
2026-06-03 15:14:08,426 [INFO] IPUIPlugin:80 - create IPUIPlugin
2026-06-03 15:14:08,426 [INFO] IPUIPlugin:80 - create IPUIPlugin
2026-06-03 15:14:08,426 [INFO] IPUIPlugin:80 - create IPUIPlugin
2026-06-03 15:14:08,427 [INFO] IPUIPlugin:80 - create IPUIPlugin
2026-06-03 15:14:08,428 [INFO] IPUIPlugin:80 - create IPUIPlugin
2026-06-03 15:14:08,429 [INFO] IPUIPlugin:80 - create IPUIPlugin
2026-06-03 15:14:08,430 [INFO] IPUIPlugin:80 - create IPUIPlugin
2026-06-03 15:14:08,430 [INFO] IPUIPlugin:80 - create IPUIPlugin
2026-06-03 15:14:08,431 [INFO] IPUIPlugin:80 - create IPUIPlugin
2026-06-03 15:14:08,431 [INFO] IPUIPlugin:80 - create IPUIPlugin
2026-06-03 15:14:08,432 [INFO] IPUIPlugin:80 - create IPUIPlugin
2026-06-03 15:14:08,432 [INFO] IPUIPlugin:80 - create IPUIPlugin
2026-06-03 15:14:08,432 [INFO] IPUIPlugin:80 - create IPUIPlugin
2026-06-03 15:14:08,433 [INFO] IPUIPlugin:80 - create IPUIPlugin
2026-06-03 15:14:08,433 [INFO] IPUIPlugin:80 - create IPUIPlugin
2026-06-03 15:14:08,433 [INFO] IPUIPlugin:80 - create IPUIPlugin
2026-06-03 15:14:08,433 [INFO] IPUIPlugin:80 - create IPUIPlugin
2026-06-03 15:14:08,434 [INFO] IPUIPlugin:80 - create IPUIPlugin
2026-06-03 15:14:08,434 [INFO] IPUIPlugin:80 - create IPUIPlugin
2026-06-03 15:14:08,434 [INFO] IPUIPlugin:80 - create IPUIPlugin
2026-06-03 15:14:08,434 [INFO] IPUIPlugin:80 - create IPUIPlugin
2026-06-03 15:14:08,435 [INFO] IPUIPlugin:80 - create IPUIPlugin
2026-06-03 15:14:08,435 [INFO] IPUIPlugin:80 - create IPUIPlugin
2026-06-03 15:14:08,435 [INFO] IPUIPlugin:80 - create IPUIPlugin
2026-06-03 15:14:08,436 [INFO] IPUIPlugin:80 - create IPUIPlugin
2026-06-03 15:14:08,436 [INFO] IPUIPlugin:80 - create IPUIPlugin
2026-06-03 15:14:08,436 [INFO] IPUIPlugin:80 - create IPUIPlugin
2026-06-03 15:14:08,436 [INFO] IPUIPlugin:80 - create IPUIPlugin
2026-06-03 15:14:08,437 [INFO] IPUIPlugin:80 - create IPUIPlugin
2026-06-03 15:14:08,437 [INFO] IPUIPlugin:80 - create IPUIPlugin
2026-06-03 15:14:08,437 [INFO] IPUIPlugin:80 - create IPUIPlugin
2026-06-03 15:14:08,438 [INFO] IPUIPlugin:80 - create IPUIPlugin
2026-06-03 15:14:08,438 [INFO] IPUIPlugin:80 - create IPUIPlugin
2026-06-03 15:14:08,438 [INFO] IPUIPlugin:80 - create IPUIPlugin
2026-06-03 15:14:08,438 [INFO] IPUIPlugin:80 - create IPUIPlugin
2026-06-03 15:14:08,439 [INFO] IPUIPlugin:80 - create IPUIPlugin
2026-06-03 15:14:08,439 [INFO] IPUIPlugin:80 - create IPUIPlugin
2026-06-03 15:14:08,439 [INFO] IPUIPlugin:80 - create IPUIPlugin
2026-06-03 15:14:08,440 [INFO] IPUIPlugin:80 - create IPUIPlugin
2026-06-03 15:14:08,440 [INFO] IPUIPlugin:80 - create IPUIPlugin
2026-06-03 15:14:08,440 [INFO] IPUIPlugin:80 - create IPUIPlugin
2026-06-03 15:14:08,441 [INFO] IPUIPlugin:80 - create IPUIPlugin
2026-06-03 15:14:08,441 [INFO] IPUIPlugin:80 - create IPUIPlugin
2026-06-03 15:14:08,441 [INFO] IPUIPlugin:80 - create IPUIPlugin
2026-06-03 15:14:08,442 [INFO] IPUIPlugin:80 - create IPUIPlugin
2026-06-03 15:14:08,442 [INFO] IPUIPlugin:80 - create IPUIPlugin
2026-06-03 15:14:08,442 [INFO] IPUIPlugin:80 - create IPUIPlugin
2026-06-03 15:14:08,443 [INFO] IPUIPlugin:80 - create IPUIPlugin
2026-06-03 15:14:08,443 [INFO] IPUIPlugin:80 - create IPUIPlugin
2026-06-03 15:14:08,444 [INFO] IPUIPlugin:80 - create IPUIPlugin
2026-06-03 15:14:08,444 [INFO] IPUIPlugin:80 - create IPUIPlugin
2026-06-03 15:14:08,445 [INFO] IPUIPlugin:80 - create IPUIPlugin
2026-06-03 15:14:08,448 [INFO] IPUIPlugin:80 - create IPUIPlugin
2026-06-03 15:14:08,449 [INFO] IPUIPlugin:80 - create IPUIPlugin
2026-06-03 15:14:08,449 [INFO] IPUIPlugin:80 - create IPUIPlugin
2026-06-03 15:14:08,484 [INFO] ApiDbMcu:508 - Load IP Config File for PDM2PCM
2026-06-03 15:14:08,486 [WARN] IP:2250 - I2C_Coeff_DF not found: check if there is a RefParameter without a condition.
2026-06-03 15:14:08,486 [WARN] IP:2250 - Analog_Filter not found: check if there is a RefParameter without a condition.
2026-06-03 15:14:08,491 [INFO] I2sManager:658 - 9.6E7
2026-06-03 15:14:08,491 [INFO] I2sManager:195 - I2S Clock Value : 9.6E7
2026-06-03 15:14:08,492 [INFO] I2sManager:553 - AudioClock : 93750Divider : 2Odd : 0
2026-06-03 15:14:08,624 [INFO] CADModel:165 - CPN selected for project levelSTM32F407VGT6
2026-06-03 15:14:08,625 [INFO] CADModel:114 - Register for checkConnection events
2026-06-03 15:14:08,689 [INFO] OpenFileManager:385 - Restore cursor
2026-06-03 15:14:09,066 [WARN] IP:2250 - I2C_Coeff_DF not found: check if there is a RefParameter without a condition.
2026-06-03 15:14:09,067 [WARN] IP:2250 - Analog_Filter not found: check if there is a RefParameter without a condition.
2026-06-03 15:14:09,067 [WARN] IP:2250 - I2C_Coeff_DF not found: check if there is a RefParameter without a condition.
2026-06-03 15:14:09,067 [WARN] IP:2250 - Analog_Filter not found: check if there is a RefParameter without a condition.
2026-06-03 15:14:09,647 [INFO] UtilMem:75 - End SaveConfig() Used Memory: 934235104 Bytes (1073741824)
2026-06-03 15:14:09,836 [INFO] UtilMem:75 - End SaveConfig() Used Memory: 956543296 Bytes (1073741824)
2026-06-03 15:14:10,344 [INFO] BlockDiagram:2775 - set Specific Code input for plugin: SPI
2026-06-03 15:14:10,345 [INFO] BlockDiagram:2775 - set Specific Code input for plugin: I2S
2026-06-03 15:14:10,346 [INFO] BlockDiagram:2775 - set Specific Code input for plugin: SYS
2026-06-03 15:14:10,346 [INFO] BlockDiagram:2775 - set Specific Code input for plugin: RCC
2026-06-03 15:14:10,346 [INFO] BlockDiagram:2775 - set Specific Code input for plugin: I2C
2026-06-03 15:14:10,346 [INFO] BlockDiagram:2775 - set Specific Code input for plugin: USB_OTG_FS
2026-06-03 15:14:10,346 [INFO] BlockDiagram:2775 - set Specific Code input for plugin: NVIC
2026-06-03 15:14:10,346 [INFO] BlockDiagram:2775 - set Specific Code input for plugin: USB_HOST
2026-06-03 15:14:10,347 [INFO] BlockDiagram:2775 - set Specific Code input for plugin: GPIO
2026-06-03 15:14:10,350 [INFO] CodeGenerator:882 - code generatio: config db path: C:\ST\STM32CubeIDE_1.18.0\STM32CubeIDE\plugins\com.st.stm32cube.common.mx_6.14.0.202502271554\\db\
2026-06-03 15:14:10,356 [WARN] IP:2250 - I2C_Coeff_DF not found: check if there is a RefParameter without a condition.
2026-06-03 15:14:10,357 [WARN] IP:2250 - Analog_Filter not found: check if there is a RefParameter without a condition.
2026-06-03 15:14:10,871 [INFO] CodeEngine:263 - oldGeneratedFile, C:\Users\hp\STM32CubeIDE\workspace_1.18.0\43_VehicleTracking\MXTmpFiles\license.tmp_save
2026-06-03 15:14:11,851 [INFO] CodeEngine:287 - Generated code: C:\Users\hp\STM32CubeIDE\workspace_1.18.0\43_VehicleTracking\MXTmpFiles\license.tmp
2026-06-03 15:14:12,022 [INFO] CodeEngine:263 - oldGeneratedFile, C:\Users\hp\STM32CubeIDE\workspace_1.18.0\43_VehicleTracking\MXTmpFiles\gpio.tmp_save
2026-06-03 15:14:12,338 [INFO] CodeEngine:287 - Generated code: C:\Users\hp\STM32CubeIDE\workspace_1.18.0\43_VehicleTracking\MXTmpFiles\gpio.tmp
2026-06-03 15:14:12,512 [WARN] IPConfigManager:3174 - Warning: the RefConfig PWREx_EnableUSBVoltageDetector is not available in your config.xml file
2026-06-03 15:14:12,540 [INFO] CodeEngine:263 - oldGeneratedFile, C:\Users\hp\STM32CubeIDE\workspace_1.18.0\43_VehicleTracking\MXTmpFiles\usb_otg_fs_vars.tmp_save
2026-06-03 15:14:12,848 [INFO] CodeEngine:287 - Generated code: C:\Users\hp\STM32CubeIDE\workspace_1.18.0\43_VehicleTracking\MXTmpFiles\usb_otg_fs_vars.tmp
2026-06-03 15:14:12,874 [INFO] CodeEngine:263 - oldGeneratedFile, C:\Users\hp\STM32CubeIDE\workspace_1.18.0\43_VehicleTracking\MXTmpFiles\usb_otg_fs_inc.tmp_save
2026-06-03 15:14:13,065 [INFO] CodeEngine:287 - Generated code: C:\Users\hp\STM32CubeIDE\workspace_1.18.0\43_VehicleTracking\MXTmpFiles\usb_otg_fs_inc.tmp
2026-06-03 15:14:13,117 [INFO] CodeEngine:263 - oldGeneratedFile, C:\Users\hp\STM32CubeIDE\workspace_1.18.0\43_VehicleTracking\MXTmpFiles\usb_otg_fs_HalInit.tmp_save
2026-06-03 15:14:13,381 [INFO] CodeEngine:287 - Generated code: C:\Users\hp\STM32CubeIDE\workspace_1.18.0\43_VehicleTracking\MXTmpFiles\usb_otg_fs_HalInit.tmp
2026-06-03 15:14:13,412 [INFO] CodeEngine:263 - oldGeneratedFile, C:\Users\hp\STM32CubeIDE\workspace_1.18.0\43_VehicleTracking\MXTmpFiles\usb_otg_fs_Msp.tmp_save
2026-06-03 15:14:13,641 [INFO] CodeEngine:287 - Generated code: C:\Users\hp\STM32CubeIDE\workspace_1.18.0\43_VehicleTracking\MXTmpFiles\usb_otg_fs_Msp.tmp
2026-06-03 15:14:14,144 [INFO] CodeEngine:263 - oldGeneratedFile, C:\Users\hp\STM32CubeIDE\workspace_1.18.0\43_VehicleTracking\USB_HOST\App\usb_host.c_save
2026-06-03 15:14:14,332 [INFO] CodeEngine:287 - Generated code: C:\Users\hp\STM32CubeIDE\workspace_1.18.0\43_VehicleTracking\USB_HOST\App\usb_host.c
2026-06-03 15:14:14,345 [INFO] CodeEngine:263 - oldGeneratedFile, C:\Users\hp\STM32CubeIDE\workspace_1.18.0\43_VehicleTracking\USB_HOST\App\usb_host.h_save
2026-06-03 15:14:14,482 [INFO] CodeEngine:287 - Generated code: C:\Users\hp\STM32CubeIDE\workspace_1.18.0\43_VehicleTracking\USB_HOST\App\usb_host.h
2026-06-03 15:14:14,514 [INFO] CodeEngine:263 - oldGeneratedFile, C:\Users\hp\STM32CubeIDE\workspace_1.18.0\43_VehicleTracking\USB_HOST\Target\usbh_conf.h_save
2026-06-03 15:14:14,681 [INFO] CodeEngine:287 - Generated code: C:\Users\hp\STM32CubeIDE\workspace_1.18.0\43_VehicleTracking\USB_HOST\Target\usbh_conf.h
2026-06-03 15:14:14,712 [INFO] CodeEngine:263 - oldGeneratedFile, C:\Users\hp\STM32CubeIDE\workspace_1.18.0\43_VehicleTracking\USB_HOST\Target\usbh_conf.c_save
2026-06-03 15:14:14,905 [INFO] CodeEngine:287 - Generated code: C:\Users\hp\STM32CubeIDE\workspace_1.18.0\43_VehicleTracking\USB_HOST\Target\usbh_conf.c
2026-06-03 15:14:14,937 [INFO] CodeEngine:263 - oldGeneratedFile, C:\Users\hp\STM32CubeIDE\workspace_1.18.0\43_VehicleTracking\USB_HOST\Target\usbh_platform.c_save
2026-06-03 15:14:15,068 [INFO] CodeEngine:287 - Generated code: C:\Users\hp\STM32CubeIDE\workspace_1.18.0\43_VehicleTracking\USB_HOST\Target\usbh_platform.c
2026-06-03 15:14:15,081 [INFO] CodeEngine:263 - oldGeneratedFile, C:\Users\hp\STM32CubeIDE\workspace_1.18.0\43_VehicleTracking\USB_HOST\Target\usbh_platform.h_save
2026-06-03 15:14:15,219 [INFO] CodeEngine:287 - Generated code: C:\Users\hp\STM32CubeIDE\workspace_1.18.0\43_VehicleTracking\USB_HOST\Target\usbh_platform.h
2026-06-03 15:14:15,286 [INFO] CodeEngine:263 - oldGeneratedFile, C:\Users\hp\STM32CubeIDE\workspace_1.18.0\43_VehicleTracking\Core\Src\stm32f4xx_it.c_save
2026-06-03 15:14:15,650 [INFO] CodeEngine:287 - Generated code: C:\Users\hp\STM32CubeIDE\workspace_1.18.0\43_VehicleTracking\Core\Src\stm32f4xx_it.c
2026-06-03 15:14:15,664 [INFO] CodeEngine:263 - oldGeneratedFile, C:\Users\hp\STM32CubeIDE\workspace_1.18.0\43_VehicleTracking\Core\Inc\stm32f4xx_it.h_save
2026-06-03 15:14:15,783 [INFO] CodeEngine:287 - Generated code: C:\Users\hp\STM32CubeIDE\workspace_1.18.0\43_VehicleTracking\Core\Inc\stm32f4xx_it.h
2026-06-03 15:14:15,852 [INFO] CodeEngine:263 - oldGeneratedFile, C:\Users\hp\STM32CubeIDE\workspace_1.18.0\43_VehicleTracking\Core\Src\stm32f4xx_hal_msp.c_save
2026-06-03 15:14:16,125 [INFO] CodeEngine:287 - Generated code: C:\Users\hp\STM32CubeIDE\workspace_1.18.0\43_VehicleTracking\Core\Src\stm32f4xx_hal_msp.c
2026-06-03 15:14:16,170 [INFO] CodeEngine:263 - oldGeneratedFile, C:\Users\hp\STM32CubeIDE\workspace_1.18.0\43_VehicleTracking\MXTmpFiles\system.tmp_save
2026-06-03 15:14:16,297 [INFO] CodeEngine:287 - Generated code: C:\Users\hp\STM32CubeIDE\workspace_1.18.0\43_VehicleTracking\MXTmpFiles\system.tmp
2026-06-03 15:14:16,348 [INFO] CodeEngine:319 - oldGeneratedFile, C:\Users\hp\STM32CubeIDE\workspace_1.18.0\43_VehicleTracking\Core\Inc\stm32f4xx_hal_conf.h_save
2026-06-03 15:14:16,546 [INFO] CodeEngine:343 - Generated code: C:\Users\hp\STM32CubeIDE\workspace_1.18.0\43_VehicleTracking\Core\Inc\stm32f4xx_hal_conf.h
2026-06-03 15:14:16,607 [INFO] ApiDbMcu:508 - Load IP Config File for I2C1
2026-06-03 15:14:16,611 [INFO] ApiDbMcu:508 - Load IP Config File for I2S3
2026-06-03 15:14:16,615 [INFO] ApiDbMcu:508 - Load IP Config File for SPI1
2026-06-03 15:14:16,623 [INFO] ApiDbMcu:508 - Load IP Config File for RCC
2026-06-03 15:14:16,664 [INFO] CodeEngine:263 - oldGeneratedFile, C:\Users\hp\STM32CubeIDE\workspace_1.18.0\43_VehicleTracking\Core\Inc\main.h_save
2026-06-03 15:14:16,810 [INFO] CodeEngine:287 - Generated code: C:\Users\hp\STM32CubeIDE\workspace_1.18.0\43_VehicleTracking\Core\Inc\main.h
2026-06-03 15:14:16,834 [INFO] CodeEngine:263 - oldGeneratedFile, C:\Users\hp\STM32CubeIDE\workspace_1.18.0\43_VehicleTracking\Core\Src\main.c_save
2026-06-03 15:14:17,033 [INFO] CodeEngine:287 - Generated code: C:\Users\hp\STM32CubeIDE\workspace_1.18.0\43_VehicleTracking\Core\Src\main.c
2026-06-03 15:14:17,961 [INFO] ProjectBuilder:3324 - Time for Copy HAL[1] : 580mS.
2026-06-03 15:14:17,976 [INFO] ProjectBuilder:4912 - Project Generator version: 4.6.0-B36
2026-06-03 15:14:18,146 [INFO] ConfigFileManager:1590 - The Die is : DIE413
2026-06-03 15:14:18,170 [INFO] ApiDbMcu:508 - Load IP Config File for FATFS
2026-06-03 15:14:18,198 [INFO] ApiDbMcu:508 - Load IP Config File for FREERTOS
2026-06-03 15:14:18,221 [INFO] ApiDbMcu:508 - Load IP Config File for LIBJPEG
2026-06-03 15:14:18,250 [INFO] ApiDbMcu:508 - Load IP Config File for LWIP
2026-06-03 15:14:18,287 [INFO] ApiDbMcu:508 - Load IP Config File for MBEDTLS
2026-06-03 15:14:18,318 [INFO] ApiDbMcu:508 - Load IP Config File for USB_DEVICE
2026-06-03 15:14:23,310 [INFO] ProjectBuilder:5191 - Time for Generating toolchain IDE Files: 5333mS.
2026-06-03 15:14:23,311 [INFO] ProjectBuilder:3181 - Time for Copy CMSIS : 1mS.
2026-06-03 15:14:23,329 [INFO] ProjectBuilder:3181 - Time for Copy CMSIS : 0mS.
2026-06-03 15:14:24,805 [INFO] McuFinderGlobals:76 - Set McuFinderConnectedMode to true
2026-06-03 15:14:24,810 [INFO] ApiDb:448 - Save user favorites file C:\Users\hp/.stm32cubeide/favorites.mcus.txt: 0 item(s)
2026-06-03 15:14:24,810 [INFO] ApiDb:452 - User favorites MCUs=[]
2026-06-03 15:14:24,813 [INFO] ApiDb:448 - Save user favorites file C:\Users\hp/.stm32cubeide/favorites.boards.txt: 1 item(s)
2026-06-03 15:14:24,814 [INFO] ApiDb:452 - User favorites Boards=[STM32F407G-DISC1]
2026-06-03 15:16:22,146 [INFO] NvicIntPanel:101 - NVIC parent = com.st.microxplorer.plugins.ip.nvic.MultiNvicIntPanel[,0,0,0x0,invalid,layout=javax.swing.BoxLayout,alignmentX=0.0,alignmentY=0.0,border=,flags=9,maximumSize=,minimumSize=,preferredSize=]
2026-06-03 15:16:49,876 [INFO] UtilMem:75 - End SaveConfig() Used Memory: 872216872 Bytes (1073741824)
2026-06-03 15:16:52,319 [INFO] UtilMem:75 - End SaveConfig() Used Memory: 939847976 Bytes (1073741824)
2026-06-03 15:17:06,076 [INFO] UtilMem:75 - End SaveConfig() Used Memory: 786841200 Bytes (1073741824)
2026-06-03 15:17:06,638 [INFO] ProjectBuilder:2368 - IP not ready for code generation: Clock
2026-06-03 15:17:08,854 [INFO] BlockDiagram:2775 - set Specific Code input for plugin: TIM1_8
2026-06-03 15:17:08,855 [INFO] BlockDiagram:2775 - set Specific Code input for plugin: SYS
2026-06-03 15:17:08,855 [INFO] BlockDiagram:2775 - set Specific Code input for plugin: RCC
2026-06-03 15:17:08,855 [INFO] BlockDiagram:2775 - set Specific Code input for plugin: NVIC
2026-06-03 15:17:08,855 [INFO] BlockDiagram:2775 - set Specific Code input for plugin: USART
2026-06-03 15:17:08,856 [INFO] BlockDiagram:2775 - set Specific Code input for plugin: GPIO
2026-06-03 15:17:08,857 [INFO] CodeGenerator:882 - code generatio: config db path: C:\ST\STM32CubeIDE_1.18.0\STM32CubeIDE\plugins\com.st.stm32cube.common.mx_6.14.0.202502271554\\db\
2026-06-03 15:17:08,990 [INFO] CodeEngine:263 - oldGeneratedFile, C:\Users\hp\STM32CubeIDE\workspace_1.18.0\43_VehicleTracking\MXTmpFiles\license.tmp_save
2026-06-03 15:17:09,459 [INFO] CodeEngine:287 - Generated code: C:\Users\hp\STM32CubeIDE\workspace_1.18.0\43_VehicleTracking\MXTmpFiles\license.tmp
2026-06-03 15:17:09,520 [INFO] CodeEngine:263 - oldGeneratedFile, C:\Users\hp\STM32CubeIDE\workspace_1.18.0\43_VehicleTracking\MXTmpFiles\gpio.tmp_save
2026-06-03 15:17:09,810 [INFO] CodeEngine:287 - Generated code: C:\Users\hp\STM32CubeIDE\workspace_1.18.0\43_VehicleTracking\MXTmpFiles\gpio.tmp
2026-06-03 15:17:10,235 [INFO] CodeEngine:263 - oldGeneratedFile, C:\Users\hp\STM32CubeIDE\workspace_1.18.0\43_VehicleTracking\Core\Src\stm32f4xx_it.c_save
2026-06-03 15:17:10,488 [INFO] CodeEngine:287 - Generated code: C:\Users\hp\STM32CubeIDE\workspace_1.18.0\43_VehicleTracking\Core\Src\stm32f4xx_it.c
2026-06-03 15:17:10,505 [INFO] CodeEngine:263 - oldGeneratedFile, C:\Users\hp\STM32CubeIDE\workspace_1.18.0\43_VehicleTracking\Core\Inc\stm32f4xx_it.h_save
2026-06-03 15:17:10,722 [INFO] CodeEngine:287 - Generated code: C:\Users\hp\STM32CubeIDE\workspace_1.18.0\43_VehicleTracking\Core\Inc\stm32f4xx_it.h
2026-06-03 15:17:10,783 [INFO] CodeEngine:263 - oldGeneratedFile, C:\Users\hp\STM32CubeIDE\workspace_1.18.0\43_VehicleTracking\Core\Src\stm32f4xx_hal_msp.c_save
2026-06-03 15:17:11,089 [INFO] CodeEngine:287 - Generated code: C:\Users\hp\STM32CubeIDE\workspace_1.18.0\43_VehicleTracking\Core\Src\stm32f4xx_hal_msp.c
2026-06-03 15:17:11,103 [INFO] CodeEngine:263 - oldGeneratedFile, C:\Users\hp\STM32CubeIDE\workspace_1.18.0\43_VehicleTracking\MXTmpFiles\system.tmp_save
2026-06-03 15:17:11,226 [INFO] CodeEngine:287 - Generated code: C:\Users\hp\STM32CubeIDE\workspace_1.18.0\43_VehicleTracking\MXTmpFiles\system.tmp
2026-06-03 15:17:11,273 [INFO] CodeEngine:319 - oldGeneratedFile, C:\Users\hp\STM32CubeIDE\workspace_1.18.0\43_VehicleTracking\Core\Inc\stm32f4xx_hal_conf.h_save
2026-06-03 15:17:11,489 [INFO] CodeEngine:343 - Generated code: C:\Users\hp\STM32CubeIDE\workspace_1.18.0\43_VehicleTracking\Core\Inc\stm32f4xx_hal_conf.h
2026-06-03 15:17:11,590 [INFO] ApiDbMcu:508 - Load IP Config File for TIM3
2026-06-03 15:17:11,598 [INFO] ApiDbMcu:508 - Load IP Config File for USART2
2026-06-03 15:17:11,601 [WARN] IPConfigManager:3747 - IP not found : TIM
2026-06-03 15:17:11,602 [WARN] CodeGenerator:4198 - IP not found : null
2026-06-03 15:17:11,650 [INFO] CodeEngine:263 - oldGeneratedFile, C:\Users\hp\STM32CubeIDE\workspace_1.18.0\43_VehicleTracking\Core\Inc\main.h_save
2026-06-03 15:17:11,830 [INFO] CodeEngine:287 - Generated code: C:\Users\hp\STM32CubeIDE\workspace_1.18.0\43_VehicleTracking\Core\Inc\main.h
2026-06-03 15:17:11,868 [INFO] CodeEngine:263 - oldGeneratedFile, C:\Users\hp\STM32CubeIDE\workspace_1.18.0\43_VehicleTracking\Core\Src\main.c_save
2026-06-03 15:17:12,150 [INFO] CodeEngine:287 - Generated code: C:\Users\hp\STM32CubeIDE\workspace_1.18.0\43_VehicleTracking\Core\Src\main.c
2026-06-03 15:17:13,090 [INFO] ProjectBuilder:3324 - Time for Copy HAL[1] : 501mS.
2026-06-03 15:17:13,101 [INFO] ProjectBuilder:4912 - Project Generator version: 4.6.0-B36
2026-06-03 15:17:13,316 [INFO] ConfigFileManager:1590 - The Die is : DIE413
2026-06-03 15:17:15,687 [INFO] ProjectBuilder:5191 - Time for Generating toolchain IDE Files: 2586mS.
2026-06-03 15:17:15,689 [INFO] ProjectBuilder:3181 - Time for Copy CMSIS : 1mS.
2026-06-03 15:17:15,701 [INFO] ProjectBuilder:3181 - Time for Copy CMSIS : 2mS.
2026-06-03 15:22:00,785 [INFO] UtilMem:75 - End SaveConfig() Used Memory: 776217920 Bytes (1073741824)
2026-06-03 15:22:03,780 [INFO] UtilMem:75 - End SaveConfig() Used Memory: 809250112 Bytes (1073741824)
2026-06-03 15:22:04,764 [INFO] UtilMem:75 - End SaveConfig() Used Memory: 943467840 Bytes (1073741824)
2026-06-03 15:22:04,969 [INFO] BlockDiagram:2775 - set Specific Code input for plugin: TIM1_8
2026-06-03 15:22:04,970 [INFO] BlockDiagram:2775 - set Specific Code input for plugin: SYS
2026-06-03 15:22:04,970 [INFO] BlockDiagram:2775 - set Specific Code input for plugin: RCC
2026-06-03 15:22:04,970 [INFO] BlockDiagram:2775 - set Specific Code input for plugin: NVIC
2026-06-03 15:22:04,970 [INFO] BlockDiagram:2775 - set Specific Code input for plugin: USART
2026-06-03 15:22:04,971 [INFO] BlockDiagram:2775 - set Specific Code input for plugin: GPIO
2026-06-03 15:22:04,972 [INFO] CodeGenerator:882 - code generatio: config db path: C:\ST\STM32CubeIDE_1.18.0\STM32CubeIDE\plugins\com.st.stm32cube.common.mx_6.14.0.202502271554\\db\
2026-06-03 15:22:05,113 [INFO] CodeEngine:263 - oldGeneratedFile, C:\Users\hp\STM32CubeIDE\workspace_1.18.0\43_VehicleTracking\MXTmpFiles\license.tmp_save
2026-06-03 15:22:05,300 [INFO] CodeEngine:287 - Generated code: C:\Users\hp\STM32CubeIDE\workspace_1.18.0\43_VehicleTracking\MXTmpFiles\license.tmp
2026-06-03 15:22:05,329 [INFO] CodeEngine:263 - oldGeneratedFile, C:\Users\hp\STM32CubeIDE\workspace_1.18.0\43_VehicleTracking\MXTmpFiles\gpio.tmp_save
2026-06-03 15:22:05,554 [INFO] CodeEngine:287 - Generated code: C:\Users\hp\STM32CubeIDE\workspace_1.18.0\43_VehicleTracking\MXTmpFiles\gpio.tmp
2026-06-03 15:22:05,678 [INFO] CodeEngine:263 - oldGeneratedFile, C:\Users\hp\STM32CubeIDE\workspace_1.18.0\43_VehicleTracking\Core\Src\stm32f4xx_it.c_save
2026-06-03 15:22:05,812 [INFO] CodeEngine:287 - Generated code: C:\Users\hp\STM32CubeIDE\workspace_1.18.0\43_VehicleTracking\Core\Src\stm32f4xx_it.c
2026-06-03 15:22:05,823 [INFO] CodeEngine:263 - oldGeneratedFile, C:\Users\hp\STM32CubeIDE\workspace_1.18.0\43_VehicleTracking\Core\Inc\stm32f4xx_it.h_save
2026-06-03 15:22:05,941 [INFO] CodeEngine:287 - Generated code: C:\Users\hp\STM32CubeIDE\workspace_1.18.0\43_VehicleTracking\Core\Inc\stm32f4xx_it.h
2026-06-03 15:22:06,005 [INFO] CodeEngine:263 - oldGeneratedFile, C:\Users\hp\STM32CubeIDE\workspace_1.18.0\43_VehicleTracking\Core\Src\stm32f4xx_hal_msp.c_save
2026-06-03 15:22:06,148 [INFO] CodeEngine:287 - Generated code: C:\Users\hp\STM32CubeIDE\workspace_1.18.0\43_VehicleTracking\Core\Src\stm32f4xx_hal_msp.c
2026-06-03 15:22:06,158 [INFO] CodeEngine:263 - oldGeneratedFile, C:\Users\hp\STM32CubeIDE\workspace_1.18.0\43_VehicleTracking\MXTmpFiles\system.tmp_save
2026-06-03 15:22:06,254 [INFO] CodeEngine:287 - Generated code: C:\Users\hp\STM32CubeIDE\workspace_1.18.0\43_VehicleTracking\MXTmpFiles\system.tmp
2026-06-03 15:22:06,298 [INFO] CodeEngine:319 - oldGeneratedFile, C:\Users\hp\STM32CubeIDE\workspace_1.18.0\43_VehicleTracking\Core\Inc\stm32f4xx_hal_conf.h_save
2026-06-03 15:22:06,494 [INFO] CodeEngine:343 - Generated code: C:\Users\hp\STM32CubeIDE\workspace_1.18.0\43_VehicleTracking\Core\Inc\stm32f4xx_hal_conf.h
2026-06-03 15:22:06,559 [WARN] IPConfigManager:3747 - IP not found : TIM
2026-06-03 15:22:06,561 [WARN] CodeGenerator:4198 - IP not found : null
2026-06-03 15:22:06,612 [INFO] CodeEngine:263 - oldGeneratedFile, C:\Users\hp\STM32CubeIDE\workspace_1.18.0\43_VehicleTracking\Core\Inc\main.h_save
2026-06-03 15:22:06,780 [INFO] CodeEngine:287 - Generated code: C:\Users\hp\STM32CubeIDE\workspace_1.18.0\43_VehicleTracking\Core\Inc\main.h
2026-06-03 15:22:06,812 [INFO] CodeEngine:263 - oldGeneratedFile, C:\Users\hp\STM32CubeIDE\workspace_1.18.0\43_VehicleTracking\Core\Src\main.c_save
2026-06-03 15:22:07,064 [INFO] CodeEngine:287 - Generated code: C:\Users\hp\STM32CubeIDE\workspace_1.18.0\43_VehicleTracking\Core\Src\main.c
2026-06-03 15:22:07,841 [INFO] ProjectBuilder:3324 - Time for Copy HAL[1] : 354mS.
2026-06-03 15:22:07,847 [INFO] ProjectBuilder:4912 - Project Generator version: 4.6.0-B36
2026-06-03 15:22:07,985 [INFO] ConfigFileManager:1590 - The Die is : DIE413
2026-06-03 15:22:09,676 [INFO] ProjectBuilder:5191 - Time for Generating toolchain IDE Files: 1828mS.
2026-06-03 15:22:09,677 [INFO] ProjectBuilder:3181 - Time for Copy CMSIS : 1mS.
2026-06-03 15:22:09,684 [INFO] ProjectBuilder:3181 - Time for Copy CMSIS : 0mS.
2026-06-03 15:55:39,734 [INFO] NvicIntPanel:101 - NVIC parent = com.st.microxplorer.plugins.ip.nvic.MultiNvicIntPanel[,0,0,0x0,invalid,layout=javax.swing.BoxLayout,alignmentX=0.0,alignmentY=0.0,border=,flags=9,maximumSize=,minimumSize=,preferredSize=]
2026-06-03 15:55:41,212 [INFO] UtilMem:75 - End SaveConfig() Used Memory: 983533264 Bytes (1073741824)
2026-06-03 15:55:42,973 [INFO] UtilMem:75 - End SaveConfig() Used Memory: 716046264 Bytes (1073741824)
2026-06-03 15:55:45,922 [INFO] UtilMem:75 - End SaveConfig() Used Memory: 788924344 Bytes (1073741824)
2026-06-03 15:55:46,279 [INFO] BlockDiagram:2775 - set Specific Code input for plugin: TIM1_8
2026-06-03 15:55:46,280 [INFO] BlockDiagram:2775 - set Specific Code input for plugin: SYS
2026-06-03 15:55:46,280 [INFO] BlockDiagram:2775 - set Specific Code input for plugin: RCC
2026-06-03 15:55:46,281 [INFO] BlockDiagram:2775 - set Specific Code input for plugin: NVIC
2026-06-03 15:55:46,281 [INFO] BlockDiagram:2775 - set Specific Code input for plugin: USART
2026-06-03 15:55:46,282 [INFO] BlockDiagram:2775 - set Specific Code input for plugin: GPIO
2026-06-03 15:55:46,284 [INFO] CodeGenerator:882 - code generatio: config db path: C:\ST\STM32CubeIDE_1.18.0\STM32CubeIDE\plugins\com.st.stm32cube.common.mx_6.14.0.202502271554\\db\
2026-06-03 15:55:46,749 [INFO] CodeEngine:263 - oldGeneratedFile, C:\Users\hp\STM32CubeIDE\workspace_1.18.0\43_VehicleTracking\MXTmpFiles\license.tmp_save
2026-06-03 15:55:47,891 [INFO] CodeEngine:287 - Generated code: C:\Users\hp\STM32CubeIDE\workspace_1.18.0\43_VehicleTracking\MXTmpFiles\license.tmp
2026-06-03 15:55:47,994 [INFO] CodeEngine:263 - oldGeneratedFile, C:\Users\hp\STM32CubeIDE\workspace_1.18.0\43_VehicleTracking\MXTmpFiles\gpio.tmp_save
2026-06-03 15:55:48,499 [INFO] CodeEngine:287 - Generated code: C:\Users\hp\STM32CubeIDE\workspace_1.18.0\43_VehicleTracking\MXTmpFiles\gpio.tmp
2026-06-03 15:55:49,275 [INFO] CodeEngine:263 - oldGeneratedFile, C:\Users\hp\STM32CubeIDE\workspace_1.18.0\43_VehicleTracking\Core\Src\stm32f4xx_it.c_save
2026-06-03 15:55:50,977 [INFO] CodeEngine:287 - Generated code: C:\Users\hp\STM32CubeIDE\workspace_1.18.0\43_VehicleTracking\Core\Src\stm32f4xx_it.c
2026-06-03 15:55:50,999 [INFO] CodeEngine:263 - oldGeneratedFile, C:\Users\hp\STM32CubeIDE\workspace_1.18.0\43_VehicleTracking\Core\Inc\stm32f4xx_it.h_save
2026-06-03 15:55:51,377 [INFO] CodeEngine:287 - Generated code: C:\Users\hp\STM32CubeIDE\workspace_1.18.0\43_VehicleTracking\Core\Inc\stm32f4xx_it.h
2026-06-03 15:55:51,473 [INFO] CodeEngine:263 - oldGeneratedFile, C:\Users\hp\STM32CubeIDE\workspace_1.18.0\43_VehicleTracking\Core\Src\stm32f4xx_hal_msp.c_save
2026-06-03 15:55:51,796 [INFO] CodeEngine:287 - Generated code: C:\Users\hp\STM32CubeIDE\workspace_1.18.0\43_VehicleTracking\Core\Src\stm32f4xx_hal_msp.c
2026-06-03 15:55:51,809 [INFO] CodeEngine:263 - oldGeneratedFile, C:\Users\hp\STM32CubeIDE\workspace_1.18.0\43_VehicleTracking\MXTmpFiles\system.tmp_save
2026-06-03 15:55:51,986 [INFO] CodeEngine:287 - Generated code: C:\Users\hp\STM32CubeIDE\workspace_1.18.0\43_VehicleTracking\MXTmpFiles\system.tmp
2026-06-03 15:55:52,059 [INFO] CodeEngine:319 - oldGeneratedFile, C:\Users\hp\STM32CubeIDE\workspace_1.18.0\43_VehicleTracking\Core\Inc\stm32f4xx_hal_conf.h_save
2026-06-03 15:55:52,549 [INFO] CodeEngine:343 - Generated code: C:\Users\hp\STM32CubeIDE\workspace_1.18.0\43_VehicleTracking\Core\Inc\stm32f4xx_hal_conf.h
2026-06-03 15:55:52,638 [WARN] IPConfigManager:3747 - IP not found : TIM
2026-06-03 15:55:52,640 [WARN] CodeGenerator:4198 - IP not found : null
2026-06-03 15:55:52,698 [INFO] CodeEngine:263 - oldGeneratedFile, C:\Users\hp\STM32CubeIDE\workspace_1.18.0\43_VehicleTracking\Core\Inc\main.h_save
2026-06-03 15:55:52,973 [INFO] CodeEngine:287 - Generated code: C:\Users\hp\STM32CubeIDE\workspace_1.18.0\43_VehicleTracking\Core\Inc\main.h
2026-06-03 15:55:53,025 [INFO] CodeEngine:263 - oldGeneratedFile, C:\Users\hp\STM32CubeIDE\workspace_1.18.0\43_VehicleTracking\Core\Src\main.c_save
2026-06-03 15:55:53,396 [INFO] CodeEngine:287 - Generated code: C:\Users\hp\STM32CubeIDE\workspace_1.18.0\43_VehicleTracking\Core\Src\main.c
2026-06-03 15:55:54,670 [INFO] ProjectBuilder:3324 - Time for Copy HAL[1] : 821mS.
2026-06-03 15:55:54,676 [INFO] ProjectBuilder:4912 - Project Generator version: 4.6.0-B36
2026-06-03 15:55:54,836 [INFO] ConfigFileManager:1590 - The Die is : DIE413
2026-06-03 15:55:57,844 [INFO] ProjectBuilder:5191 - Time for Generating toolchain IDE Files: 3167mS.
2026-06-03 15:55:57,851 [INFO] ProjectBuilder:3181 - Time for Copy CMSIS : 6mS.
2026-06-03 15:55:57,871 [INFO] ProjectBuilder:3181 - Time for Copy CMSIS : 0mS.
2026-06-03 16:10:43,808 [INFO] WebApp:194 - Connection lost
2026-06-03 16:10:44,507 [INFO] WebApp:191 - Connection restablished
2026-06-03 17:10:47,747 [INFO] WebApp:194 - Connection lost
2026-06-03 17:10:48,396 [INFO] WebApp:191 - Connection restablished
2026-06-03 17:37:25,726 [INFO] MainUpdater:2872 - connection check result : 10
2026-06-03 17:37:25,736 [INFO] McuFinderGlobals:76 - Set McuFinderConnectedMode to true
2026-06-03 17:37:26,125 [INFO] ServerAccessManage:473 - Download File mcusAds.json._tmp_
2026-06-03 17:37:26,302 [INFO] LoadUrlFilesThread:156 - End of LoadUrlFiles Thread
2026-06-03 17:37:26,447 [INFO] ServerAccessManage:473 - Download File cube-finder-db.zip
2026-06-03 17:37:30,177 [INFO] FileExtend:242 - Unzip File : cube-finder-db.zip
2026-06-03 17:37:30,178 [INFO] FileExtend:257 - Standard Zip Deflate
2026-06-03 17:37:32,874 [INFO] LoadUrlFilesThread:156 - End of LoadUrlFiles Thread
2026-06-03 17:37:34,320 [INFO] ServerAccessManage:473 - Download File crdb.zip
2026-06-03 17:37:35,205 [INFO] FileExtend:242 - Unzip File : crdb.zip
2026-06-03 17:37:35,206 [INFO] FileExtend:257 - Standard Zip Deflate
2026-06-03 17:37:35,392 [INFO] LoadUrlFilesThread:156 - End of LoadUrlFiles Thread
2026-06-03 17:37:35,564 [INFO] ServerAccessManage:473 - Download File tutoVideoDB.zip
2026-06-03 17:37:35,589 [INFO] FileExtend:242 - Unzip File : tutoVideoDB.zip
2026-06-03 17:37:35,589 [INFO] FileExtend:257 - Standard Zip Deflate
2026-06-03 17:37:35,751 [INFO] LoadUrlFilesThread:156 - End of LoadUrlFiles Thread
2026-06-03 17:37:35,755 [WARN] DbFile:41 - Overriding database path with different value: C:\Users\hp\.stmcufinder\plugins\mcufinder/ => C:\Users\hp\.stmcufinder\plugins\mcufinder
2026-06-03 17:37:36,350 [ERROR] ServerAccessManage:1089 - Problem, file not found on Server
2026-06-03 17:37:36,351 [ERROR] ServerAccessManage:651 - Problem, file not found on Server : api_config.json.
2026-06-03 17:37:45,235 [INFO] LoadUrlFilesThread:156 - End of LoadUrlFiles Thread
2026-06-03 17:37:47,299 [INFO] DbMcusAds:53 - JSON generation date=Thu May 28 21:38:17 IST 2026 (1779984497073)
2026-06-03 17:37:47,316 [INFO] ApiDb:448 - Save user favorites file C:\Users\hp/.stm32cubeide/favorites.mcus.txt: 0 item(s)
2026-06-03 17:37:47,317 [INFO] ApiDb:452 - User favorites MCUs=[]
2026-06-03 17:37:47,368 [INFO] ApiDb:581 - Connected to CubeFinder SQLite database (C:\Users\hp\.stmcufinder\plugins\mcufinder\mcu\cube-finder-db.db)
2026-06-03 17:37:47,506 [INFO] ApiDb:668 - CubeFinder database Data Model version=2.1
2026-06-03 17:37:47,506 [INFO] ApiDb:669 - CubeFinder database Configuration version=3.0.42
2026-06-03 17:37:47,506 [INFO] ApiDb:670 - CubeFinder database generation date=2026-05-06 (1778060171)
2026-06-03 17:37:47,506 [INFO] ApiDb:671 - CubeFinder database FW Pack versions=[FP-ATR-ASTRA1_V2.0.0, FP-SNS-FLIGHT1_V5.1.0, FP-SNS-MOTENV1_V5.1.0, FP-SNS-MOTENVWB1_V1.5.0, FP-SNS-SMARTAG2_V1.2.0, FP-SNS-STBOX1_V2.1.0, STM32Cube_FW_C0_V1.4.0, STM32Cube_FW_F4_V1.28.3, STM32Cube_FW_F7_V1.17.4, STM32Cube_FW_G0_V1.6.3, STM32Cube_FW_G4_V1.6.2, STM32Cube_FW_H5_V1.6.0, STM32Cube_FW_H7RS_V1.3.0, STM32Cube_FW_H7_V1.13.0, STM32Cube_FW_L0_V1.12.2, STM32Cube_FW_L4_V1.18.2, STM32Cube_FW_L5_V1.6.0, STM32Cube_FW_N6_V1.3.0, STM32Cube_FW_U0_V1.3.0, STM32Cube_FW_U3_V1.3.0, STM32Cube_FW_U5_V1.8.0, STM32Cube_FW_WB0_V1.4.0, STM32Cube_FW_WBA_V1.9.0, STM32Cube_FW_WB_V1.24.0, STM32Cube_FW_WL3_V1.4.0, STM32Cube_FW_WL_V1.5.0, X-CUBE-ALGOBUILD_V1.4.0, X-CUBE-ALS_V1.0.2, X-CUBE-AZRTOS-F4_V1.1.0, X-CUBE-AZRTOS-F7_V1.1.0, X-CUBE-AZRTOS-G0_V1.1.0, X-CUBE-AZRTOS-G4_V2.0.0, X-CUBE-AZRTOS-H7RS_V1.1.0, X-CUBE-AZRTOS-H7_V3.5.0, X-CUBE-AZRTOS-L4_V2.0.0, X-CUBE-AZRTOS-L5_V2.0.0, X-CUBE-AZRTOS-WB_V2.0.0, X-CUBE-AZRTOS-WL_V2.0.0, X-CUBE-BLE1_V7.1.0, X-CUBE-BLE2_V3.3.0, X-CUBE-BLEMGR_V4.1.0, X-CUBE-EEPRMA1_V5.2.0, X-CUBE-FREERTOS_V1.5.0, X-CUBE-GNSS1_V6.0.0, X-CUBE-MEMS1_V12.0.0, X-CUBE-NFC4_V3.0.0, X-CUBE-NFC7_V2.0.0, X-CUBE-SFXS2LP1_V4.0.0, X-CUBE-ST67W61_V1.2.0, X-CUBE-SUBG2_V5.0.0, X-CUBE-TOF1_V3.4.3]
2026-06-03 17:37:51,118 [INFO] ApiDb:240 - Found 895 in-development CPN: [B-G473E-ZEST1S, B-WB1M-WPAN1, B-WBA5M-WPAN, B-WL5M-SUBG1, NUCLEO-C031C6, NUCLEO-C051C8, NUCLEO-C071RB, NUCLEO-C092RC, NUCLEO-H503RB, NUCLEO-H533RE, NUCLEO-H563ZI, NUCLEO-H7S3L8, NUCLEO-N657X0-Q, NUCLEO-U031R8, NUCLEO-U083RC, NUCLEO-U385RG-Q, NUCLEO-U545RE-Q, NUCLEO-U5A5ZJ-Q, NUCLEO-WB05KZ, NUCLEO-WB07CC, NUCLEO-WB09KE, NUCLEO-WBA52CG, NUCLEO-WBA55CG, NUCLEO-WBA65RI, NUCLEO-WL33CC1, NUCLEO-WL33CC2, STEVAL-PROTEUS1, STEVAL-SMARTAG2, STEVAL-STWINBX1, STM320518-EVAL, STM32C0116-DK, STM32C011D6Y3TR, STM32C011D6Y6TR, STM32C011F4P3, STM32C011F4P6, STM32C011F4U3, STM32C011F4U6TR, STM32C011F6P3, STM32C011F6P6, STM32C011F6U3, STM32C011F6U6TR, STM32C011J4M3, STM32C011J4M6, STM32C011J6M3, STM32C011J6M6, STM32C0316-DK, STM32C031C4T3, STM32C031C4T6, STM32C031C4U3, STM32C031C4U6, STM32C031C6T3, STM32C031C6T6, STM32C031C6U3, STM32C031C6U6, STM32C031F4P3, STM32C031F4P6, STM32C031F6P3, STM32C031F6P6, STM32C031G4U3, STM32C031G4U6, STM32C031G6U3, STM32C031G6U6, STM32C031K4T3, STM32C031K4T6, STM32C031K4U3, STM32C031K4U6, STM32C031K6T3, STM32C031K6T6, STM32C031K6U3, STM32C031K6U6, STM32C051C6T6, STM32C051C6U6, STM32C051C8T6, STM32C051C8U6, STM32C051D8Y6TR, STM32C051F6P6, STM32C051F8P6, STM32C051G6U6, STM32C051G8U6, STM32C051K6T6, STM32C051K6U6, STM32C051K8T6, STM32C071C8T6, STM32C071C8T6N, STM32C071C8U6, STM32C071C8U6N, STM32C071CBT6, STM32C071CBT6N, STM32C071CBU6, STM32C071CBU6N, STM32C071F8P6, STM32C071F8P6N, STM32C071FBP6, STM32C071FBP6N, STM32C071FBY6TR, STM32C071G8U6, STM32C071G8U6N, STM32C071GBU6, STM32C071GBU6N, STM32C071K8T6, STM32C071K8T6N, STM32C071K8U6, STM32C071K8U6N, STM32C071KBT6, STM32C071KBT6N, STM32C071KBU6, STM32C071KBU6N, STM32C071R8T6, STM32C071R8T6N, STM32C071RBI6N, STM32C071RBT6, STM32C071RBT6N, STM32C091CBT6, STM32C091CBU6, STM32C091CCT6, STM32C091CCU6, STM32C091ECY6TR, STM32C091FBP6, STM32C091FCP6, STM32C091GBU6, STM32C091GCU6, STM32C091KBT6, STM32C091KBU6, STM32C091KCT6, STM32C091KCU6, STM32C091RBT6, STM32C091RCI6, STM32C091RCT6, STM32C092CBT6, STM32C092CBU6, STM32C092CCT6, STM32C092CCU6, STM32C092ECY6TR, STM32C092FBP6, STM32C092FCP6, STM32C092GBU6, STM32C092GCU6, STM32C092KBT6, STM32C092KBU6, STM32C092KCT6, STM32C092KCU6, STM32C092RBT6, STM32C092RCI6, STM32C092RCT6, STM32G071K8TXN, STM32G071K8UXN, STM32G081GBU6N, STM32G081KBT6N, STM32G081KBUXN, STM32G0B1CCT6N, STM32G0B1KCT6, STM32G0B1NEY6TR, STM32G0B1RCT6N, STM32G0C1CCT6, STM32G0C1CCT6N, STM32G0C1CCU6N, STM32G0C1CET6N, STM32G0C1CEU6N, STM32G0C1KCT6, STM32G0C1NEY6TR, STM32G0C1RCI6N, STM32G0C1RCT6N, STM32G0C1REI6N, STM32G0C1RET6N, STM32G0C1VCI6, STM32G0C1VEI6, STM32G411C6T3, STM32G411C6T6, STM32G411C6U3, STM32G411C6U6, STM32G411C8T3, STM32G411C8T6, STM32G411C8U3, STM32G411C8U6, STM32G411CBT3, STM32G411CBT6, STM32G411CBU3, STM32G411CBU6, STM32G411CCT3, STM32G411CCT6, STM32G411CCU3, STM32G411CCU6, STM32G411K6T3, STM32G411K6T6, STM32G411K6U3, STM32G411K6U6, STM32G411K8T3, STM32G411K8T6, STM32G411K8U3, STM32G411K8U6, STM32G411KBT3, STM32G411KBT6, STM32G411KBU3, STM32G411KBU6, STM32G411M6T3, STM32G411M6T6, STM32G411M8T3, STM32G411M8T6, STM32G411MBT3, STM32G411MBT6, STM32G411MCT3, STM32G411MCT6, STM32G411R6T3, STM32G411R6T6, STM32G411R8T3, STM32G411R8T6, STM32G411RBT3, STM32G411RBT6, STM32G411RCT3, STM32G411RCT6, STM32G414CBT3, STM32G414CBT6, STM32G414CBU3, STM32G414CBU6, STM32G414CCT3, STM32G414CCT6, STM32G414CCU3, STM32G414CCU6, STM32G414MBT3, STM32G414MBT6, STM32G414MCT3, STM32G414MCT6, STM32G414RBT3, STM32G414RBT6, STM32G414RCT3, STM32G414RCT6, STM32G414VBT3, STM32G414VBT6, STM32G414VCT3, STM32G414VCT6, STM32G431CBT3Z, STM32G431RBT3Z, STM32G471CCT6, STM32G471CCU6, STM32G471CET3, STM32G471CET6, STM32G471CEU3, STM32G471CEU6, STM32G471MCT6, STM32G471MET3, STM32G471MET6, STM32G471MEY6TR, STM32G471QCT6, STM32G471QET3, STM32G471RCT6, STM32G471RET3, STM32G471RET6, STM32G471VCH6, STM32G471VCI6, STM32G471VCT6, STM32G471VEH3, STM32G471VEH6, STM32G471VEI3, STM32G471VEI6, STM32G471VET3, STM32G471VET6, STM32G473QET3Z, STM32G473RET3Z, STM32G474CCT6, STM32G491RET3Z, STM32H503CBT6, STM32H503CBU6, STM32H503EBY6TR, STM32H503KBU6, STM32H503RBT6, STM32H523CCT6, STM32H523CCU6, STM32H523CET6, STM32H523CEU6, STM32H523HEY6TR, STM32H523RCT6, STM32H523RET6, STM32H523VCI6, STM32H523VCT6, STM32H523VEI6, STM32H523VET6, STM32H523ZCJ6, STM32H523ZCT6, STM32H523ZEJ6, STM32H523ZET6, STM32H533CET6, STM32H533CEU6, STM32H533HEY6TR, STM32H533RET6, STM32H533VEI6, STM32H533VET6, STM32H533ZEJ6, STM32H533ZET6, STM32H562AGI6, STM32H562AII6, STM32H562IGK6, STM32H562IGT6, STM32H562IIK6, STM32H562IIT6, STM32H562RGT6, STM32H562RGV6, STM32H562RIT6, STM32H562RIV6, STM32H562VGT6, STM32H562VIT6, STM32H562ZGT6, STM32H562ZIT6, STM32H563AGI6, STM32H563AII3Q, STM32H563AII6, STM32H563IGK6, STM32H563IGT6, STM32H563IIK3Q, STM32H563IIK6, STM32H563IIT3Q, STM32H563IIT6, STM32H563MIY3QTR, STM32H563RGT6, STM32H563RGV6, STM32H563RIT6, STM32H563RIV6, STM32H563VGT6, STM32H563VIT3Q, STM32H563VIT6, STM32H563ZGT6, STM32H563ZIT3Q, STM32H563ZIT6, STM32H573AII3Q, STM32H573AII6, STM32H573I-DK, STM32H573IIK3Q, STM32H573IIK6, STM32H573IIT3Q, STM32H573IIT6, STM32H573MIY3QTR, STM32H573RIT6, STM32H573RIV6, STM32H573VIT3Q, STM32H573VIT6, STM32H573ZIT3Q, STM32H573ZIT6, STM32H7R3A8I6, STM32H7R3I8K6, STM32H7R3I8T6, STM32H7R3L8H6, STM32H7R3L8H6H, STM32H7R3R8V6, STM32H7R3V8H6, STM32H7R3V8T6, STM32H7R3V8Y6TR, STM32H7R3Z8J6, STM32H7R3Z8T6, STM32H7R7A8I6, STM32H7R7I8K6, STM32H7R7I8T6, STM32H7R7L8H6, STM32H7R7L8H6H, STM32H7R7Z8J6, STM32H7S3A8I6, STM32H7S3I8K6, STM32H7S3I8T6, STM32H7S3L8H6, STM32H7S3L8H6H, STM32H7S3R8V6, STM32H7S3V8H6, STM32H7S3V8T6, STM32H7S3V8Y6TR, STM32H7S3Z8J6, STM32H7S3Z8T6, STM32H7S78-DK, STM32H7S7A8I6, STM32H7S7I8K6, STM32H7S7I8T6, STM32H7S7L8H6, STM32H7S7L8H6H, STM32H7S7Z8J6, STM32L4R5QGI6STR, STM32MP131AAE3, STM32MP131AAF3, STM32MP131AAG3, STM32MP131CAE3, STM32MP131CAF3, STM32MP131CAG3, STM32MP131DAE7, STM32MP131DAF7, STM32MP131DAG7, STM32MP131FAE7, STM32MP131FAF7, STM32MP131FAG7, STM32MP133AAE3, STM32MP133AAF3, STM32MP133AAG3, STM32MP133CAE3, STM32MP133CAF3, STM32MP133CAG3, STM32MP133DAE7, STM32MP133DAF7, STM32MP133DAG7, STM32MP133FAE7, STM32MP133FAF7, STM32MP133FAG7, STM32MP135AAE3, STM32MP135AAF3, STM32MP135AAG3, STM32MP135CAE3, STM32MP135CAF3, STM32MP135CAG3, STM32MP135DAE7, STM32MP135DAF7, STM32MP135DAG7, STM32MP135F-DK, STM32MP135FAE7, STM32MP135FAF7, STM32MP135FAF7T, STM32MP135FAF7U, STM32MP135FAG7, STM32MP231AAJ3, STM32MP231AAK3, STM32MP231AAL3, STM32MP231CAJ3, STM32MP231CAK3, STM32MP231CAL3, STM32MP231DAJ3, STM32MP231DAK3, STM32MP231DAL3, STM32MP231FAJ3, STM32MP231FAK3, STM32MP231FAL3, STM32MP233AAJ3, STM32MP233AAK3, STM32MP233AAL3, STM32MP233CAJ3, STM32MP233CAK3, STM32MP233CAL3, STM32MP233DAJ3, STM32MP233DAK3, STM32MP233DAL3, STM32MP233FAJ3, STM32MP233FAK3, STM32MP233FAL3, STM32MP235AAJ3, STM32MP235AAK3, STM32MP235AAL3, STM32MP235CAJ3, STM32MP235CAK3, STM32MP235CAL3, STM32MP235DAJ3, STM32MP235DAK3, STM32MP235DAL3, STM32MP235FAJ3, STM32MP235FAK3, STM32MP235FAL3, STM32MP251AAI3, STM32MP251AAJ3, STM32MP251AAK3, STM32MP251AAL3, STM32MP251CAI3, STM32MP251CAJ3, STM32MP251CAK3, STM32MP251CAL3, STM32MP251DAI3, STM32MP251DAJ3, STM32MP251DAK3, STM32MP251DAL3, STM32MP251FAI3, STM32MP251FAJ3, STM32MP251FAK3, STM32MP251FAL3, STM32MP253AAI3, STM32MP253AAJ3, STM32MP253AAK3, STM32MP253AAL3, STM32MP253CAI3, STM32MP253CAJ3, STM32MP253CAK3, STM32MP253CAL3, STM32MP253DAI3, STM32MP253DAJ3, STM32MP253DAK3, STM32MP253DAL3, STM32MP253FAI3, STM32MP253FAJ3, STM32MP253FAK3, STM32MP253FAL3, STM32MP255AAI3, STM32MP255AAJ3, STM32MP255AAK3, STM32MP255AAL3, STM32MP255CAI3, STM32MP255CAJ3, STM32MP255CAK3, STM32MP255CAL3, STM32MP255DAI3, STM32MP255DAJ3, STM32MP255DAK3, STM32MP255DAL3, STM32MP255FAI3, STM32MP255FAJ3, STM32MP255FAK3, STM32MP255FAL3, STM32MP257AAI3, STM32MP257AAJ3, STM32MP257AAK3, STM32MP257AAL3, STM32MP257CAI3, STM32MP257CAJ3, STM32MP257CAK3, STM32MP257CAL3, STM32MP257DAI3, STM32MP257DAJ3, STM32MP257DAK3, STM32MP257DAL3, STM32MP257F-DK, STM32MP257F-EV1, STM32MP257FAI3, STM32MP257FAJ3, STM32MP257FAK3, STM32MP257FAL3, STM32N645A0H3Q, STM32N645B0H3Q, STM32N645I0H3Q, STM32N645L0H3Q, STM32N645X0H3Q, STM32N645Z0H3Q, STM32N647A0H3Q, STM32N647B0H3Q, STM32N647I0H3Q, STM32N647L0H3Q, STM32N647X0H3Q, STM32N647Z0H3Q, STM32N655A0H3Q, STM32N655B0H3Q, STM32N655I0H3Q, STM32N655L0H3Q, STM32N655X0H3Q, STM32N655Z0H3Q, STM32N6570-DK, STM32N657A0H3Q, STM32N657B0H3Q, STM32N657I0H3Q, STM32N657L0H3Q, STM32N657X0H3Q, STM32N657Z0H3Q, STM32U031C6T6, STM32U031C6U6, STM32U031C8T6, STM32U031C8U6, STM32U031F4P6, STM32U031F6P6, STM32U031F8P6, STM32U031G6Y6TR, STM32U031G8Y6TR, STM32U031K4U6, STM32U031K6U6, STM32U031K8U6, STM32U031R6I6, STM32U031R6T6, STM32U031R8I6, STM32U031R8T6, STM32U073C8T6, STM32U073C8U6, STM32U073CBT6, STM32U073CBU6, STM32U073CCT6, STM32U073CCU6, STM32U073H8Y6TR, STM32U073HBY6TR, STM32U073HCY6TR, STM32U073K8U6, STM32U073KBU6, STM32U073KCU6, STM32U073M8I6, STM32U073M8T6, STM32U073MBI6, STM32U073MBT6, STM32U073MCI6, STM32U073MCT6, STM32U073R8I6, STM32U073R8T6, STM32U073RBI6, STM32U073RBT6, STM32U073RCI6, STM32U073RCT6, STM32U083C-DK, STM32U083CCT6, STM32U083CCU6, STM32U083HCY6TR, STM32U083KCU6, STM32U083MCI6, STM32U083MCT6, STM32U083RCI6, STM32U083RCT6, STM32U375CET6, STM32U375CET6Q, STM32U375CEU6, STM32U375CEU6Q, STM32U375CEY6QTR, STM32U375CGT6, STM32U375CGT6Q, STM32U375CGU6, STM32U375CGU6Q, STM32U375CGY6QTR, STM32U375KEU6, STM32U375KGU6, STM32U375REI6, STM32U375REI6Q, STM32U375RET6, STM32U375RET6Q, STM32U375REY6GTR, STM32U375REY6QTR, STM32U375RGI6, STM32U375RGI6Q, STM32U375RGT6, STM32U375RGT6Q, STM32U375RGY6GTR, STM32U375RGY6QTR, STM32U375VEI6, STM32U375VEI6Q, STM32U375VET6, STM32U375VET6Q, STM32U375VGI6, STM32U375VGI6Q, STM32U375VGT6, STM32U375VGT6Q, STM32U385CGT6, STM32U385CGT6Q, STM32U385CGU6, STM32U385CGU6Q, STM32U385CGY6QTR, STM32U385KGU6, STM32U385RGI6, STM32U385RGI6Q, STM32U385RGT6, STM32U385RGT6Q, STM32U385RGY6GTR, STM32U385RGY6QTR, STM32U385VGI6, STM32U385VGI6Q, STM32U385VGT6, STM32U385VGT6Q, STM32U535CBT6, STM32U535CBT6Q, STM32U535CBU6, STM32U535CBU6Q, STM32U535CCT6, STM32U535CCT6Q, STM32U535CCU6, STM32U535CCU6Q, STM32U535CET6, STM32U535CET6Q, STM32U535CEU6, STM32U535CEU6Q, STM32U535JEY6QTR, STM32U535NCY6QTR, STM32U535NEY6QTR, STM32U535RBI6, STM32U535RBI6Q, STM32U535RBT6, STM32U535RBT6Q, STM32U535RCI6, STM32U535RCI6Q, STM32U535RCT6, STM32U535RCT6Q, STM32U535REI6, STM32U535REI6Q, STM32U535RET6, STM32U535RET6Q, STM32U535VCI6, STM32U535VCI6Q, STM32U535VCT6, STM32U535VCT6Q, STM32U535VEI6, STM32U535VEI6Q, STM32U535VET6, STM32U535VET6Q, STM32U545CET6, STM32U545CET6Q, STM32U545CEU6, STM32U545CEU6Q, STM32U545JEY6QTR, STM32U545NEY6QTR, STM32U545REI6, STM32U545REI6Q, STM32U545RET6, STM32U545RET6Q, STM32U545VEI6, STM32U545VEI6Q, STM32U545VET6, STM32U545VET6Q, STM32U595AIH6, STM32U595AIH6Q, STM32U595AJH6, STM32U595AJH6Q, STM32U595QII6, STM32U595QII6Q, STM32U595QJI6, STM32U595QJI6Q, STM32U595RIT6, STM32U595RIT6Q, STM32U595RJT6, STM32U595RJT6Q, STM32U595VIT6, STM32U595VIT6Q, STM32U595VJT6, STM32U595VJT6Q, STM32U595ZIT6, STM32U595ZIT6Q, STM32U595ZIY6QTR, STM32U595ZJT6, STM32U595ZJT6Q, STM32U595ZJY6QTR, STM32U599BJY6QTR, STM32U599NIH6Q, STM32U599NJH6Q, STM32U599VIT6Q, STM32U599VJT6, STM32U599VJT6Q, STM32U599ZIT6Q, STM32U599ZIY6QTR, STM32U599ZJT6Q, STM32U599ZJY6QTR, STM32U5A5AJH6, STM32U5A5AJH6Q, STM32U5A5QII3Q , STM32U5A5QJI6, STM32U5A5QJI6Q, STM32U5A5RJT6, STM32U5A5RJT6Q, STM32U5A5VJT6, STM32U5A5VJT6Q, STM32U5A5ZJT6, STM32U5A5ZJT6Q, STM32U5A5ZJY6QTR, STM32U5A9BJY6QTR, STM32U5A9J-DK, STM32U5A9NJH6Q, STM32U5A9VJT6Q, STM32U5A9ZJT6Q, STM32U5A9ZJY6QTR, STM32U5F7VIT6, STM32U5F7VIT6Q, STM32U5F7VJT6, STM32U5F7VJT6Q, STM32U5F9BJY6QTR, STM32U5F9NJH6Q, STM32U5F9VIT6Q, STM32U5F9VJT6Q, STM32U5F9ZIJ6QTR, STM32U5F9ZIT6Q, STM32U5F9ZJJ6QTR, STM32U5F9ZJT6Q, STM32U5G7VJT6, STM32U5G7VJT6Q, STM32U5G9BJY6QTR, STM32U5G9J-DK1, STM32U5G9J-DK2, STM32U5G9NJH6Q, STM32U5G9VJT6Q, STM32U5G9ZJJ6QTR, STM32U5G9ZJT6Q, STM32WB05KZV6TR, STM32WB05KZV7TR, STM32WB05TZF6TR, STM32WB05TZF7TR, STM32WB06CCF6TR, STM32WB06CCF7TR, STM32WB06CCV6TR, STM32WB06CCV7TR, STM32WB06KCV6TR, STM32WB06KCV7TR, STM32WB07CCF6TR, STM32WB07CCF7TR, STM32WB07CCV6TR, STM32WB07CCV7TR, STM32WB07KCV6TR, STM32WB07KCV7TR, STM32WB09KEV6TR, STM32WB09KEV7TR, STM32WB09TEF6TR, STM32WB09TEF7TR, STM32WB1MMCH6, STM32WBA50KGU6, STM32WBA50KGU6TR, STM32WBA52CEU6, STM32WBA52CEU6TR, STM32WBA52CEU7, STM32WBA52CEU7TR, STM32WBA52CGU6, STM32WBA52CGU6TR, STM32WBA52CGU6U, STM32WBA52CGU7, STM32WBA52CGU7TR, STM32WBA52KEU6, STM32WBA52KEU6TR, STM32WBA52KGU6, STM32WBA52KGU6TR, STM32WBA54CEU6, STM32WBA54CEU6TR, STM32WBA54CEU7, STM32WBA54CEU7TR, STM32WBA54CGU6, STM32WBA54CGU6TR, STM32WBA54CGU7, STM32WBA54CGU7TR, STM32WBA54KEU6, STM32WBA54KEU6TR, STM32WBA54KEU7, STM32WBA54KEU7TR, STM32WBA54KGU6, STM32WBA54KGU6TR, STM32WBA54KGU7, STM32WBA54KGU7TR, STM32WBA55CEU6, STM32WBA55CEU6TR, STM32WBA55CEU7, STM32WBA55CEU7TR, STM32WBA55CGU6, STM32WBA55CGU6TR, STM32WBA55CGU6U, STM32WBA55CGU7, STM32WBA55CGU7TR, STM32WBA55G-DK1, STM32WBA55HEF6, STM32WBA55HEF7, STM32WBA55HGF6, STM32WBA55HGF7, STM32WBA55UEI6, STM32WBA55UEI6TR, STM32WBA55UEI7, STM32WBA55UEI7TR, STM32WBA55UGI6, STM32WBA55UGI6TR, STM32WBA55UGI7, STM32WBA55UGI7TR, STM32WBA5MJGH6TR, STM32WBA62CGU6, STM32WBA62CIU6, STM32WBA62MGF6, STM32WBA62MIF6, STM32WBA62PGI6, STM32WBA62PII6, STM32WBA63CGU6, STM32WBA63CGU7, STM32WBA63CIU6, STM32WBA63CIU7, STM32WBA64CGU6, STM32WBA64CGU7, STM32WBA64CIU6, STM32WBA64CIU7, STM32WBA65CGU6, STM32WBA65CGU7, STM32WBA65CIU6, STM32WBA65CIU7, STM32WBA65I-DK1, STM32WBA65MGF6, STM32WBA65MGF7, STM32WBA65MIF6, STM32WBA65MIF7, STM32WBA65PGI6, STM32WBA65PGI7, STM32WBA65PII6, STM32WBA65PII7, STM32WBA65RGV6, STM32WBA65RGV7, STM32WBA65RIV6, STM32WBA65RIV7, STM32WL30K8V6, STM32WL30KBV6, STM32WL31C8V6, STM32WL31CBV6, STM32WL31K8V6, STM32WL31KBV6, STM32WL33C8V6, STM32WL33C8V6TR, STM32WL33C8V7, STM32WL33C8V7TR, STM32WL33CBV6, STM32WL33CBV6TR, STM32WL33CBV7, STM32WL33CBV7TR, STM32WL33CCV6, STM32WL33CCV6TR, STM32WL33CCV7, STM32WL33CCV7A, STM32WL33CCV7ATR, STM32WL33CCV7TR, STM32WL33K8V6, STM32WL33K8V6TR, STM32WL33K8V7, STM32WL33K8V7TR, STM32WL33KBV6, STM32WL33KBV6TR, STM32WL33KBV7, STM32WL33KBV7TR, STM32WL33KCV6, STM32WL33KCV6TR, STM32WL33KCV7, STM32WL33KCV7TR, STM32WL5MOCH6, STM32WL5MOCH6TR]
2026-06-03 17:37:51,126 [INFO] DbMcus:218 - Found 5082 MCUs, 4964 are supported
2026-06-03 17:37:51,126 [INFO] ApiDb:423 - Load user favorites file C:\Users\hp/.stm32cubeide/favorites.mcus.txt: 0 item(s)
2026-06-03 17:37:51,127 [INFO] ApiDb:427 - User favorites MCUs=[]
2026-06-03 17:37:51,127 [INFO] DbMcus:224 - Set 0 / 0 favorites MCUs
2026-06-03 17:37:52,332 [INFO] ApiDb:448 - Save user favorites file C:\Users\hp/.stm32cubeide/favorites.boards.txt: 1 item(s)
2026-06-03 17:37:52,332 [INFO] ApiDb:452 - User favorites Boards=[STM32F407G-DISC1]
2026-06-03 17:37:52,332 [INFO] ApiDb:581 - Connected to CubeFinder SQLite database (C:\Users\hp\.stmcufinder\plugins\mcufinder\mcu\cube-finder-db.db)
2026-06-03 17:37:52,429 [INFO] ApiDb:668 - CubeFinder database Data Model version=2.1
2026-06-03 17:37:52,429 [INFO] ApiDb:669 - CubeFinder database Configuration version=3.0.42
2026-06-03 17:37:52,429 [INFO] ApiDb:670 - CubeFinder database generation date=2026-05-06 (1778060171)
2026-06-03 17:37:52,429 [INFO] ApiDb:671 - CubeFinder database FW Pack versions=[FP-ATR-ASTRA1_V2.0.0, FP-SNS-FLIGHT1_V5.1.0, FP-SNS-MOTENV1_V5.1.0, FP-SNS-MOTENVWB1_V1.5.0, FP-SNS-SMARTAG2_V1.2.0, FP-SNS-STBOX1_V2.1.0, STM32Cube_FW_C0_V1.4.0, STM32Cube_FW_F4_V1.28.3, STM32Cube_FW_F7_V1.17.4, STM32Cube_FW_G0_V1.6.3, STM32Cube_FW_G4_V1.6.2, STM32Cube_FW_H5_V1.6.0, STM32Cube_FW_H7RS_V1.3.0, STM32Cube_FW_H7_V1.13.0, STM32Cube_FW_L0_V1.12.2, STM32Cube_FW_L4_V1.18.2, STM32Cube_FW_L5_V1.6.0, STM32Cube_FW_N6_V1.3.0, STM32Cube_FW_U0_V1.3.0, STM32Cube_FW_U3_V1.3.0, STM32Cube_FW_U5_V1.8.0, STM32Cube_FW_WB0_V1.4.0, STM32Cube_FW_WBA_V1.9.0, STM32Cube_FW_WB_V1.24.0, STM32Cube_FW_WL3_V1.4.0, STM32Cube_FW_WL_V1.5.0, X-CUBE-ALGOBUILD_V1.4.0, X-CUBE-ALS_V1.0.2, X-CUBE-AZRTOS-F4_V1.1.0, X-CUBE-AZRTOS-F7_V1.1.0, X-CUBE-AZRTOS-G0_V1.1.0, X-CUBE-AZRTOS-G4_V2.0.0, X-CUBE-AZRTOS-H7RS_V1.1.0, X-CUBE-AZRTOS-H7_V3.5.0, X-CUBE-AZRTOS-L4_V2.0.0, X-CUBE-AZRTOS-L5_V2.0.0, X-CUBE-AZRTOS-WB_V2.0.0, X-CUBE-AZRTOS-WL_V2.0.0, X-CUBE-BLE1_V7.1.0, X-CUBE-BLE2_V3.3.0, X-CUBE-BLEMGR_V4.1.0, X-CUBE-EEPRMA1_V5.2.0, X-CUBE-FREERTOS_V1.5.0, X-CUBE-GNSS1_V6.0.0, X-CUBE-MEMS1_V12.0.0, X-CUBE-NFC4_V3.0.0, X-CUBE-NFC7_V2.0.0, X-CUBE-SFXS2LP1_V4.0.0, X-CUBE-ST67W61_V1.2.0, X-CUBE-SUBG2_V5.0.0, X-CUBE-TOF1_V3.4.3]
2026-06-03 17:37:52,526 [INFO] DbBoardsSqlite:226 - include board P-NUCLEO-WB55-NUCLEO as a kit item of type 'Nucleo-64'
2026-06-03 17:37:52,526 [INFO] DbBoardsSqlite:226 - include board P-NUCLEO-WB55-USBDONGLE as a kit item of type 'Nucleo USB Dongle'
2026-06-03 17:37:52,526 [INFO] DbBoardsSqlite:226 - include board STEVAL-IDP005V1 as a kit item of type 'Evaluation Board'
2026-06-03 17:37:52,526 [INFO] DbBoardsSqlite:226 - include board STEVAL-IDP005V2 as a kit item of type 'Evaluation Board'
2026-06-03 17:37:52,641 [INFO] ApiDb:240 - Found 895 in-development CPN: [B-G473E-ZEST1S, B-WB1M-WPAN1, B-WBA5M-WPAN, B-WL5M-SUBG1, NUCLEO-C031C6, NUCLEO-C051C8, NUCLEO-C071RB, NUCLEO-C092RC, NUCLEO-H503RB, NUCLEO-H533RE, NUCLEO-H563ZI, NUCLEO-H7S3L8, NUCLEO-N657X0-Q, NUCLEO-U031R8, NUCLEO-U083RC, NUCLEO-U385RG-Q, NUCLEO-U545RE-Q, NUCLEO-U5A5ZJ-Q, NUCLEO-WB05KZ, NUCLEO-WB07CC, NUCLEO-WB09KE, NUCLEO-WBA52CG, NUCLEO-WBA55CG, NUCLEO-WBA65RI, NUCLEO-WL33CC1, NUCLEO-WL33CC2, STEVAL-PROTEUS1, STEVAL-SMARTAG2, STEVAL-STWINBX1, STM320518-EVAL, STM32C0116-DK, STM32C011D6Y3TR, STM32C011D6Y6TR, STM32C011F4P3, STM32C011F4P6, STM32C011F4U3, STM32C011F4U6TR, STM32C011F6P3, STM32C011F6P6, STM32C011F6U3, STM32C011F6U6TR, STM32C011J4M3, STM32C011J4M6, STM32C011J6M3, STM32C011J6M6, STM32C0316-DK, STM32C031C4T3, STM32C031C4T6, STM32C031C4U3, STM32C031C4U6, STM32C031C6T3, STM32C031C6T6, STM32C031C6U3, STM32C031C6U6, STM32C031F4P3, STM32C031F4P6, STM32C031F6P3, STM32C031F6P6, STM32C031G4U3, STM32C031G4U6, STM32C031G6U3, STM32C031G6U6, STM32C031K4T3, STM32C031K4T6, STM32C031K4U3, STM32C031K4U6, STM32C031K6T3, STM32C031K6T6, STM32C031K6U3, STM32C031K6U6, STM32C051C6T6, STM32C051C6U6, STM32C051C8T6, STM32C051C8U6, STM32C051D8Y6TR, STM32C051F6P6, STM32C051F8P6, STM32C051G6U6, STM32C051G8U6, STM32C051K6T6, STM32C051K6U6, STM32C051K8T6, STM32C071C8T6, STM32C071C8T6N, STM32C071C8U6, STM32C071C8U6N, STM32C071CBT6, STM32C071CBT6N, STM32C071CBU6, STM32C071CBU6N, STM32C071F8P6, STM32C071F8P6N, STM32C071FBP6, STM32C071FBP6N, STM32C071FBY6TR, STM32C071G8U6, STM32C071G8U6N, STM32C071GBU6, STM32C071GBU6N, STM32C071K8T6, STM32C071K8T6N, STM32C071K8U6, STM32C071K8U6N, STM32C071KBT6, STM32C071KBT6N, STM32C071KBU6, STM32C071KBU6N, STM32C071R8T6, STM32C071R8T6N, STM32C071RBI6N, STM32C071RBT6, STM32C071RBT6N, STM32C091CBT6, STM32C091CBU6, STM32C091CCT6, STM32C091CCU6, STM32C091ECY6TR, STM32C091FBP6, STM32C091FCP6, STM32C091GBU6, STM32C091GCU6, STM32C091KBT6, STM32C091KBU6, STM32C091KCT6, STM32C091KCU6, STM32C091RBT6, STM32C091RCI6, STM32C091RCT6, STM32C092CBT6, STM32C092CBU6, STM32C092CCT6, STM32C092CCU6, STM32C092ECY6TR, STM32C092FBP6, STM32C092FCP6, STM32C092GBU6, STM32C092GCU6, STM32C092KBT6, STM32C092KBU6, STM32C092KCT6, STM32C092KCU6, STM32C092RBT6, STM32C092RCI6, STM32C092RCT6, STM32G071K8TXN, STM32G071K8UXN, STM32G081GBU6N, STM32G081KBT6N, STM32G081KBUXN, STM32G0B1CCT6N, STM32G0B1KCT6, STM32G0B1NEY6TR, STM32G0B1RCT6N, STM32G0C1CCT6, STM32G0C1CCT6N, STM32G0C1CCU6N, STM32G0C1CET6N, STM32G0C1CEU6N, STM32G0C1KCT6, STM32G0C1NEY6TR, STM32G0C1RCI6N, STM32G0C1RCT6N, STM32G0C1REI6N, STM32G0C1RET6N, STM32G0C1VCI6, STM32G0C1VEI6, STM32G411C6T3, STM32G411C6T6, STM32G411C6U3, STM32G411C6U6, STM32G411C8T3, STM32G411C8T6, STM32G411C8U3, STM32G411C8U6, STM32G411CBT3, STM32G411CBT6, STM32G411CBU3, STM32G411CBU6, STM32G411CCT3, STM32G411CCT6, STM32G411CCU3, STM32G411CCU6, STM32G411K6T3, STM32G411K6T6, STM32G411K6U3, STM32G411K6U6, STM32G411K8T3, STM32G411K8T6, STM32G411K8U3, STM32G411K8U6, STM32G411KBT3, STM32G411KBT6, STM32G411KBU3, STM32G411KBU6, STM32G411M6T3, STM32G411M6T6, STM32G411M8T3, STM32G411M8T6, STM32G411MBT3, STM32G411MBT6, STM32G411MCT3, STM32G411MCT6, STM32G411R6T3, STM32G411R6T6, STM32G411R8T3, STM32G411R8T6, STM32G411RBT3, STM32G411RBT6, STM32G411RCT3, STM32G411RCT6, STM32G414CBT3, STM32G414CBT6, STM32G414CBU3, STM32G414CBU6, STM32G414CCT3, STM32G414CCT6, STM32G414CCU3, STM32G414CCU6, STM32G414MBT3, STM32G414MBT6, STM32G414MCT3, STM32G414MCT6, STM32G414RBT3, STM32G414RBT6, STM32G414RCT3, STM32G414RCT6, STM32G414VBT3, STM32G414VBT6, STM32G414VCT3, STM32G414VCT6, STM32G431CBT3Z, STM32G431RBT3Z, STM32G471CCT6, STM32G471CCU6, STM32G471CET3, STM32G471CET6, STM32G471CEU3, STM32G471CEU6, STM32G471MCT6, STM32G471MET3, STM32G471MET6, STM32G471MEY6TR, STM32G471QCT6, STM32G471QET3, STM32G471RCT6, STM32G471RET3, STM32G471RET6, STM32G471VCH6, STM32G471VCI6, STM32G471VCT6, STM32G471VEH3, STM32G471VEH6, STM32G471VEI3, STM32G471VEI6, STM32G471VET3, STM32G471VET6, STM32G473QET3Z, STM32G473RET3Z, STM32G474CCT6, STM32G491RET3Z, STM32H503CBT6, STM32H503CBU6, STM32H503EBY6TR, STM32H503KBU6, STM32H503RBT6, STM32H523CCT6, STM32H523CCU6, STM32H523CET6, STM32H523CEU6, STM32H523HEY6TR, STM32H523RCT6, STM32H523RET6, STM32H523VCI6, STM32H523VCT6, STM32H523VEI6, STM32H523VET6, STM32H523ZCJ6, STM32H523ZCT6, STM32H523ZEJ6, STM32H523ZET6, STM32H533CET6, STM32H533CEU6, STM32H533HEY6TR, STM32H533RET6, STM32H533VEI6, STM32H533VET6, STM32H533ZEJ6, STM32H533ZET6, STM32H562AGI6, STM32H562AII6, STM32H562IGK6, STM32H562IGT6, STM32H562IIK6, STM32H562IIT6, STM32H562RGT6, STM32H562RGV6, STM32H562RIT6, STM32H562RIV6, STM32H562VGT6, STM32H562VIT6, STM32H562ZGT6, STM32H562ZIT6, STM32H563AGI6, STM32H563AII3Q, STM32H563AII6, STM32H563IGK6, STM32H563IGT6, STM32H563IIK3Q, STM32H563IIK6, STM32H563IIT3Q, STM32H563IIT6, STM32H563MIY3QTR, STM32H563RGT6, STM32H563RGV6, STM32H563RIT6, STM32H563RIV6, STM32H563VGT6, STM32H563VIT3Q, STM32H563VIT6, STM32H563ZGT6, STM32H563ZIT3Q, STM32H563ZIT6, STM32H573AII3Q, STM32H573AII6, STM32H573I-DK, STM32H573IIK3Q, STM32H573IIK6, STM32H573IIT3Q, STM32H573IIT6, STM32H573MIY3QTR, STM32H573RIT6, STM32H573RIV6, STM32H573VIT3Q, STM32H573VIT6, STM32H573ZIT3Q, STM32H573ZIT6, STM32H7R3A8I6, STM32H7R3I8K6, STM32H7R3I8T6, STM32H7R3L8H6, STM32H7R3L8H6H, STM32H7R3R8V6, STM32H7R3V8H6, STM32H7R3V8T6, STM32H7R3V8Y6TR, STM32H7R3Z8J6, STM32H7R3Z8T6, STM32H7R7A8I6, STM32H7R7I8K6, STM32H7R7I8T6, STM32H7R7L8H6, STM32H7R7L8H6H, STM32H7R7Z8J6, STM32H7S3A8I6, STM32H7S3I8K6, STM32H7S3I8T6, STM32H7S3L8H6, STM32H7S3L8H6H, STM32H7S3R8V6, STM32H7S3V8H6, STM32H7S3V8T6, STM32H7S3V8Y6TR, STM32H7S3Z8J6, STM32H7S3Z8T6, STM32H7S78-DK, STM32H7S7A8I6, STM32H7S7I8K6, STM32H7S7I8T6, STM32H7S7L8H6, STM32H7S7L8H6H, STM32H7S7Z8J6, STM32L4R5QGI6STR, STM32MP131AAE3, STM32MP131AAF3, STM32MP131AAG3, STM32MP131CAE3, STM32MP131CAF3, STM32MP131CAG3, STM32MP131DAE7, STM32MP131DAF7, STM32MP131DAG7, STM32MP131FAE7, STM32MP131FAF7, STM32MP131FAG7, STM32MP133AAE3, STM32MP133AAF3, STM32MP133AAG3, STM32MP133CAE3, STM32MP133CAF3, STM32MP133CAG3, STM32MP133DAE7, STM32MP133DAF7, STM32MP133DAG7, STM32MP133FAE7, STM32MP133FAF7, STM32MP133FAG7, STM32MP135AAE3, STM32MP135AAF3, STM32MP135AAG3, STM32MP135CAE3, STM32MP135CAF3, STM32MP135CAG3, STM32MP135DAE7, STM32MP135DAF7, STM32MP135DAG7, STM32MP135F-DK, STM32MP135FAE7, STM32MP135FAF7, STM32MP135FAF7T, STM32MP135FAF7U, STM32MP135FAG7, STM32MP231AAJ3, STM32MP231AAK3, STM32MP231AAL3, STM32MP231CAJ3, STM32MP231CAK3, STM32MP231CAL3, STM32MP231DAJ3, STM32MP231DAK3, STM32MP231DAL3, STM32MP231FAJ3, STM32MP231FAK3, STM32MP231FAL3, STM32MP233AAJ3, STM32MP233AAK3, STM32MP233AAL3, STM32MP233CAJ3, STM32MP233CAK3, STM32MP233CAL3, STM32MP233DAJ3, STM32MP233DAK3, STM32MP233DAL3, STM32MP233FAJ3, STM32MP233FAK3, STM32MP233FAL3, STM32MP235AAJ3, STM32MP235AAK3, STM32MP235AAL3, STM32MP235CAJ3, STM32MP235CAK3, STM32MP235CAL3, STM32MP235DAJ3, STM32MP235DAK3, STM32MP235DAL3, STM32MP235FAJ3, STM32MP235FAK3, STM32MP235FAL3, STM32MP251AAI3, STM32MP251AAJ3, STM32MP251AAK3, STM32MP251AAL3, STM32MP251CAI3, STM32MP251CAJ3, STM32MP251CAK3, STM32MP251CAL3, STM32MP251DAI3, STM32MP251DAJ3, STM32MP251DAK3, STM32MP251DAL3, STM32MP251FAI3, STM32MP251FAJ3, STM32MP251FAK3, STM32MP251FAL3, STM32MP253AAI3, STM32MP253AAJ3, STM32MP253AAK3, STM32MP253AAL3, STM32MP253CAI3, STM32MP253CAJ3, STM32MP253CAK3, STM32MP253CAL3, STM32MP253DAI3, STM32MP253DAJ3, STM32MP253DAK3, STM32MP253DAL3, STM32MP253FAI3, STM32MP253FAJ3, STM32MP253FAK3, STM32MP253FAL3, STM32MP255AAI3, STM32MP255AAJ3, STM32MP255AAK3, STM32MP255AAL3, STM32MP255CAI3, STM32MP255CAJ3, STM32MP255CAK3, STM32MP255CAL3, STM32MP255DAI3, STM32MP255DAJ3, STM32MP255DAK3, STM32MP255DAL3, STM32MP255FAI3, STM32MP255FAJ3, STM32MP255FAK3, STM32MP255FAL3, STM32MP257AAI3, STM32MP257AAJ3, STM32MP257AAK3, STM32MP257AAL3, STM32MP257CAI3, STM32MP257CAJ3, STM32MP257CAK3, STM32MP257CAL3, STM32MP257DAI3, STM32MP257DAJ3, STM32MP257DAK3, STM32MP257DAL3, STM32MP257F-DK, STM32MP257F-EV1, STM32MP257FAI3, STM32MP257FAJ3, STM32MP257FAK3, STM32MP257FAL3, STM32N645A0H3Q, STM32N645B0H3Q, STM32N645I0H3Q, STM32N645L0H3Q, STM32N645X0H3Q, STM32N645Z0H3Q, STM32N647A0H3Q, STM32N647B0H3Q, STM32N647I0H3Q, STM32N647L0H3Q, STM32N647X0H3Q, STM32N647Z0H3Q, STM32N655A0H3Q, STM32N655B0H3Q, STM32N655I0H3Q, STM32N655L0H3Q, STM32N655X0H3Q, STM32N655Z0H3Q, STM32N6570-DK, STM32N657A0H3Q, STM32N657B0H3Q, STM32N657I0H3Q, STM32N657L0H3Q, STM32N657X0H3Q, STM32N657Z0H3Q, STM32U031C6T6, STM32U031C6U6, STM32U031C8T6, STM32U031C8U6, STM32U031F4P6, STM32U031F6P6, STM32U031F8P6, STM32U031G6Y6TR, STM32U031G8Y6TR, STM32U031K4U6, STM32U031K6U6, STM32U031K8U6, STM32U031R6I6, STM32U031R6T6, STM32U031R8I6, STM32U031R8T6, STM32U073C8T6, STM32U073C8U6, STM32U073CBT6, STM32U073CBU6, STM32U073CCT6, STM32U073CCU6, STM32U073H8Y6TR, STM32U073HBY6TR, STM32U073HCY6TR, STM32U073K8U6, STM32U073KBU6, STM32U073KCU6, STM32U073M8I6, STM32U073M8T6, STM32U073MBI6, STM32U073MBT6, STM32U073MCI6, STM32U073MCT6, STM32U073R8I6, STM32U073R8T6, STM32U073RBI6, STM32U073RBT6, STM32U073RCI6, STM32U073RCT6, STM32U083C-DK, STM32U083CCT6, STM32U083CCU6, STM32U083HCY6TR, STM32U083KCU6, STM32U083MCI6, STM32U083MCT6, STM32U083RCI6, STM32U083RCT6, STM32U375CET6, STM32U375CET6Q, STM32U375CEU6, STM32U375CEU6Q, STM32U375CEY6QTR, STM32U375CGT6, STM32U375CGT6Q, STM32U375CGU6, STM32U375CGU6Q, STM32U375CGY6QTR, STM32U375KEU6, STM32U375KGU6, STM32U375REI6, STM32U375REI6Q, STM32U375RET6, STM32U375RET6Q, STM32U375REY6GTR, STM32U375REY6QTR, STM32U375RGI6, STM32U375RGI6Q, STM32U375RGT6, STM32U375RGT6Q, STM32U375RGY6GTR, STM32U375RGY6QTR, STM32U375VEI6, STM32U375VEI6Q, STM32U375VET6, STM32U375VET6Q, STM32U375VGI6, STM32U375VGI6Q, STM32U375VGT6, STM32U375VGT6Q, STM32U385CGT6, STM32U385CGT6Q, STM32U385CGU6, STM32U385CGU6Q, STM32U385CGY6QTR, STM32U385KGU6, STM32U385RGI6, STM32U385RGI6Q, STM32U385RGT6, STM32U385RGT6Q, STM32U385RGY6GTR, STM32U385RGY6QTR, STM32U385VGI6, STM32U385VGI6Q, STM32U385VGT6, STM32U385VGT6Q, STM32U535CBT6, STM32U535CBT6Q, STM32U535CBU6, STM32U535CBU6Q, STM32U535CCT6, STM32U535CCT6Q, STM32U535CCU6, STM32U535CCU6Q, STM32U535CET6, STM32U535CET6Q, STM32U535CEU6, STM32U535CEU6Q, STM32U535JEY6QTR, STM32U535NCY6QTR, STM32U535NEY6QTR, STM32U535RBI6, STM32U535RBI6Q, STM32U535RBT6, STM32U535RBT6Q, STM32U535RCI6, STM32U535RCI6Q, STM32U535RCT6, STM32U535RCT6Q, STM32U535REI6, STM32U535REI6Q, STM32U535RET6, STM32U535RET6Q, STM32U535VCI6, STM32U535VCI6Q, STM32U535VCT6, STM32U535VCT6Q, STM32U535VEI6, STM32U535VEI6Q, STM32U535VET6, STM32U535VET6Q, STM32U545CET6, STM32U545CET6Q, STM32U545CEU6, STM32U545CEU6Q, STM32U545JEY6QTR, STM32U545NEY6QTR, STM32U545REI6, STM32U545REI6Q, STM32U545RET6, STM32U545RET6Q, STM32U545VEI6, STM32U545VEI6Q, STM32U545VET6, STM32U545VET6Q, STM32U595AIH6, STM32U595AIH6Q, STM32U595AJH6, STM32U595AJH6Q, STM32U595QII6, STM32U595QII6Q, STM32U595QJI6, STM32U595QJI6Q, STM32U595RIT6, STM32U595RIT6Q, STM32U595RJT6, STM32U595RJT6Q, STM32U595VIT6, STM32U595VIT6Q, STM32U595VJT6, STM32U595VJT6Q, STM32U595ZIT6, STM32U595ZIT6Q, STM32U595ZIY6QTR, STM32U595ZJT6, STM32U595ZJT6Q, STM32U595ZJY6QTR, STM32U599BJY6QTR, STM32U599NIH6Q, STM32U599NJH6Q, STM32U599VIT6Q, STM32U599VJT6, STM32U599VJT6Q, STM32U599ZIT6Q, STM32U599ZIY6QTR, STM32U599ZJT6Q, STM32U599ZJY6QTR, STM32U5A5AJH6, STM32U5A5AJH6Q, STM32U5A5QII3Q , STM32U5A5QJI6, STM32U5A5QJI6Q, STM32U5A5RJT6, STM32U5A5RJT6Q, STM32U5A5VJT6, STM32U5A5VJT6Q, STM32U5A5ZJT6, STM32U5A5ZJT6Q, STM32U5A5ZJY6QTR, STM32U5A9BJY6QTR, STM32U5A9J-DK, STM32U5A9NJH6Q, STM32U5A9VJT6Q, STM32U5A9ZJT6Q, STM32U5A9ZJY6QTR, STM32U5F7VIT6, STM32U5F7VIT6Q, STM32U5F7VJT6, STM32U5F7VJT6Q, STM32U5F9BJY6QTR, STM32U5F9NJH6Q, STM32U5F9VIT6Q, STM32U5F9VJT6Q, STM32U5F9ZIJ6QTR, STM32U5F9ZIT6Q, STM32U5F9ZJJ6QTR, STM32U5F9ZJT6Q, STM32U5G7VJT6, STM32U5G7VJT6Q, STM32U5G9BJY6QTR, STM32U5G9J-DK1, STM32U5G9J-DK2, STM32U5G9NJH6Q, STM32U5G9VJT6Q, STM32U5G9ZJJ6QTR, STM32U5G9ZJT6Q, STM32WB05KZV6TR, STM32WB05KZV7TR, STM32WB05TZF6TR, STM32WB05TZF7TR, STM32WB06CCF6TR, STM32WB06CCF7TR, STM32WB06CCV6TR, STM32WB06CCV7TR, STM32WB06KCV6TR, STM32WB06KCV7TR, STM32WB07CCF6TR, STM32WB07CCF7TR, STM32WB07CCV6TR, STM32WB07CCV7TR, STM32WB07KCV6TR, STM32WB07KCV7TR, STM32WB09KEV6TR, STM32WB09KEV7TR, STM32WB09TEF6TR, STM32WB09TEF7TR, STM32WB1MMCH6, STM32WBA50KGU6, STM32WBA50KGU6TR, STM32WBA52CEU6, STM32WBA52CEU6TR, STM32WBA52CEU7, STM32WBA52CEU7TR, STM32WBA52CGU6, STM32WBA52CGU6TR, STM32WBA52CGU6U, STM32WBA52CGU7, STM32WBA52CGU7TR, STM32WBA52KEU6, STM32WBA52KEU6TR, STM32WBA52KGU6, STM32WBA52KGU6TR, STM32WBA54CEU6, STM32WBA54CEU6TR, STM32WBA54CEU7, STM32WBA54CEU7TR, STM32WBA54CGU6, STM32WBA54CGU6TR, STM32WBA54CGU7, STM32WBA54CGU7TR, STM32WBA54KEU6, STM32WBA54KEU6TR, STM32WBA54KEU7, STM32WBA54KEU7TR, STM32WBA54KGU6, STM32WBA54KGU6TR, STM32WBA54KGU7, STM32WBA54KGU7TR, STM32WBA55CEU6, STM32WBA55CEU6TR, STM32WBA55CEU7, STM32WBA55CEU7TR, STM32WBA55CGU6, STM32WBA55CGU6TR, STM32WBA55CGU6U, STM32WBA55CGU7, STM32WBA55CGU7TR, STM32WBA55G-DK1, STM32WBA55HEF6, STM32WBA55HEF7, STM32WBA55HGF6, STM32WBA55HGF7, STM32WBA55UEI6, STM32WBA55UEI6TR, STM32WBA55UEI7, STM32WBA55UEI7TR, STM32WBA55UGI6, STM32WBA55UGI6TR, STM32WBA55UGI7, STM32WBA55UGI7TR, STM32WBA5MJGH6TR, STM32WBA62CGU6, STM32WBA62CIU6, STM32WBA62MGF6, STM32WBA62MIF6, STM32WBA62PGI6, STM32WBA62PII6, STM32WBA63CGU6, STM32WBA63CGU7, STM32WBA63CIU6, STM32WBA63CIU7, STM32WBA64CGU6, STM32WBA64CGU7, STM32WBA64CIU6, STM32WBA64CIU7, STM32WBA65CGU6, STM32WBA65CGU7, STM32WBA65CIU6, STM32WBA65CIU7, STM32WBA65I-DK1, STM32WBA65MGF6, STM32WBA65MGF7, STM32WBA65MIF6, STM32WBA65MIF7, STM32WBA65PGI6, STM32WBA65PGI7, STM32WBA65PII6, STM32WBA65PII7, STM32WBA65RGV6, STM32WBA65RGV7, STM32WBA65RIV6, STM32WBA65RIV7, STM32WL30K8V6, STM32WL30KBV6, STM32WL31C8V6, STM32WL31CBV6, STM32WL31K8V6, STM32WL31KBV6, STM32WL33C8V6, STM32WL33C8V6TR, STM32WL33C8V7, STM32WL33C8V7TR, STM32WL33CBV6, STM32WL33CBV6TR, STM32WL33CBV7, STM32WL33CBV7TR, STM32WL33CCV6, STM32WL33CCV6TR, STM32WL33CCV7, STM32WL33CCV7A, STM32WL33CCV7ATR, STM32WL33CCV7TR, STM32WL33K8V6, STM32WL33K8V6TR, STM32WL33K8V7, STM32WL33K8V7TR, STM32WL33KBV6, STM32WL33KBV6TR, STM32WL33KBV7, STM32WL33KBV7TR, STM32WL33KCV6, STM32WL33KCV6TR, STM32WL33KCV7, STM32WL33KCV7TR, STM32WL5MOCH6, STM32WL5MOCH6TR]
2026-06-03 17:37:52,976 [INFO] BoardInfo:889 - No configuration file found for board NUCLEO-H5E5ZJ
2026-06-03 17:37:52,978 [INFO] DbBoards:161 - Board is not supported: NUCLEO-H5E5ZJ
2026-06-03 17:37:53,161 [INFO] BoardInfo:889 - No configuration file found for board NUCLEO-U3C5ZI-Q
2026-06-03 17:37:53,164 [INFO] DbBoards:161 - Board is not supported: NUCLEO-U3C5ZI-Q
2026-06-03 17:37:53,210 [INFO] BoardInfo:889 - No configuration file found for board NUCLEO-WBA25CE1
2026-06-03 17:37:53,213 [INFO] DbBoards:161 - Board is not supported: NUCLEO-WBA25CE1
2026-06-03 17:37:53,241 [INFO] BoardInfo:889 - No configuration file found for board NUCLEO-WL3RKB1
2026-06-03 17:37:53,243 [INFO] DbBoards:161 - Board is not supported: NUCLEO-WL3RKB1
2026-06-03 17:37:53,246 [INFO] BoardInfo:889 - No configuration file found for board NUCLEO-WL3RKB2
2026-06-03 17:37:53,249 [INFO] DbBoards:161 - Board is not supported: NUCLEO-WL3RKB2
2026-06-03 17:37:53,268 [INFO] BoardInfo:889 - No configuration file found for board P-NUCLEO-WB55
2026-06-03 17:37:53,270 [INFO] DbBoards:161 - Kit is not supported: P-NUCLEO-WB55
2026-06-03 17:37:53,287 [INFO] BoardInfo:889 - No configuration file found for board STEVAL-BFA001V1B
2026-06-03 17:37:53,289 [INFO] DbBoards:161 - Kit is not supported: STEVAL-BFA001V1B
2026-06-03 17:37:53,291 [INFO] BoardInfo:889 - No configuration file found for board STEVAL-BFA001V2B
2026-06-03 17:37:53,294 [INFO] DbBoards:161 - Kit is not supported: STEVAL-BFA001V2B
2026-06-03 17:37:53,591 [INFO] BoardInfo:889 - No configuration file found for board STM32H5F5J-DK
2026-06-03 17:37:53,593 [INFO] DbBoards:161 - Board is not supported: STM32H5F5J-DK
2026-06-03 17:37:53,764 [INFO] BoardInfo:889 - No configuration file found for board STM32MP215F-DK
2026-06-03 17:37:53,767 [INFO] DbBoards:161 - Board is not supported: STM32MP215F-DK
2026-06-03 17:37:53,833 [INFO] DbBoards:168 - Found 218 boards, 208 are supported
2026-06-03 17:37:53,833 [INFO] DbBoards:169 - Found 218 boards, 43 of them is supported for  Bsp
2026-06-03 17:37:53,838 [INFO] ApiDb:423 - Load user favorites file C:\Users\hp/.stm32cubeide/favorites.boards.txt: 1 item(s)
2026-06-03 17:37:53,838 [INFO] ApiDb:427 - User favorites Boards=[STM32F407G-DISC1]
2026-06-03 17:37:53,838 [INFO] DbBoards:198 - Set 1 / 1 favorites Boards
2026-06-03 17:37:53,930 [ERROR] TargetSelectorAdapter:267 - Unable to refresh data
2026-06-03 17:37:54,047 [INFO] McuFinderGlobals:76 - Set McuFinderConnectedMode to true
2026-06-03 17:37:54,052 [INFO] MultiScanPanel:200 - Auto-refresh data requested => check proxy status ongoing
2026-06-03 17:37:54,054 [INFO] FinderPluginLoader:95 - Searching for filters in installed packs
2026-06-03 17:37:57,375 [INFO] LoadUrlFilesThread:185 - End of LoadServerUrlFiles without Thread
2026-06-03 17:37:57,376 [INFO] DetailPanel:341 - Set advertising image to C:/Users/hp/STM32Cube/Repository/\en.prom-stm32wl3r-0526.jpg
2026-06-03 17:38:03,552 [INFO] MultiScanPanel:200 - Auto-refresh data requested => check proxy status ongoing
2026-06-03 17:38:03,660 [INFO] LoadUrlFilesThread:185 - End of LoadServerUrlFiles without Thread
2026-06-03 17:38:03,660 [INFO] DetailPanel:341 - Set advertising image to C:/Users/hp/STM32Cube/Repository/\en.prom-stm32wl3r-0526.jpg
2026-06-03 17:38:03,675 [INFO] DbBoards:642 - Loading board mini-images...
2026-06-03 17:38:07,731 [INFO] DbBoards:665 - Loaded 218 board mini-images
2026-06-03 17:38:27,306 [INFO] MainUpdater:2872 - connection check result : 10
2026-06-03 17:38:27,307 [INFO] MainUpdater:2872 - connection check result : 10
2026-06-03 17:38:27,548 [INFO] MicroXplorer:468 - Change Database Path : 
2026-06-03 17:38:27,550 [INFO] MicroXplorer:498 - Change Database Version : DB.6.0.140
2026-06-03 17:38:27,606 [ERROR] ProjectManagerView:394 - 
java.lang.NullPointerException: Cannot invoke "javax.swing.JTextField.getText()" because the return value of "java.util.List.get(int)" is null
	at com.st.microxplorer.plugins.projectmanager.gui.ProjectChoiceTab$9.caretUpdate(ProjectChoiceTab.java:2678) ~[filemanager.jar:?]
	at javax.swing.text.JTextComponent.fireCaretUpdate(JTextComponent.java:408) ~[?:?]
	at javax.swing.text.JTextComponent$MutableCaretEvent.fire(JTextComponent.java:4484) ~[?:?]
	at javax.swing.text.JTextComponent$MutableCaretEvent.stateChanged(JTextComponent.java:4506) ~[?:?]
	at javax.swing.text.DefaultCaret.fireStateChanged(DefaultCaret.java:857) ~[?:?]
	at javax.swing.text.DefaultCaret.changeCaretPosition(DefaultCaret.java:1343) ~[?:?]
	at javax.swing.text.DefaultCaret.handleSetDot(DefaultCaret.java:1242) ~[?:?]
	at javax.swing.text.DefaultCaret.setDot(DefaultCaret.java:1223) ~[?:?]
	at javax.swing.text.DefaultCaret$Handler.insertUpdate(DefaultCaret.java:1819) ~[?:?]
	at javax.swing.text.AbstractDocument.fireInsertUpdate(AbstractDocument.java:227) ~[?:?]
	at javax.swing.text.AbstractDocument.handleInsertString(AbstractDocument.java:781) ~[?:?]
	at javax.swing.text.AbstractDocument.insertString(AbstractDocument.java:740) ~[?:?]
	at javax.swing.text.PlainDocument.insertString(PlainDocument.java:131) ~[?:?]
	at javax.swing.text.AbstractDocument.replace(AbstractDocument.java:699) ~[?:?]
	at javax.swing.text.JTextComponent.setText(JTextComponent.java:1725) ~[?:?]
	at com.st.microxplorer.plugins.projectmanager.gui.ProjectChoiceTab.createHeapStackFields(ProjectChoiceTab.java:979) ~[filemanager.jar:?]
	at com.st.microxplorer.plugins.projectmanager.gui.ProjectChoiceTab.buildLinkSettingsPanel(ProjectChoiceTab.java:3766) ~[filemanager.jar:?]
	at com.st.microxplorer.plugins.projectmanager.gui.ProjectChoiceTab.defineWindowsFields(ProjectChoiceTab.java:1962) ~[filemanager.jar:?]
	at com.st.microxplorer.plugins.projectmanager.gui.ProjectChoiceTab.updateSettings(ProjectChoiceTab.java:555) ~[filemanager.jar:?]
	at com.st.microxplorer.plugins.projectmanager.gui.ProjectSettingsPanel.UpdateDialog(ProjectSettingsPanel.java:245) ~[filemanager.jar:?]
	at com.st.microxplorer.plugins.projectmanager.ProjectManagerView.propertyChange(ProjectManagerView.java:391) ~[filemanager.jar:?]
	at java.beans.PropertyChangeSupport.fire(PropertyChangeSupport.java:343) ~[?:?]
	at java.beans.PropertyChangeSupport.firePropertyChange(PropertyChangeSupport.java:335) ~[?:?]
	at java.beans.PropertyChangeSupport.firePropertyChange(PropertyChangeSupport.java:268) ~[?:?]
	at com.st.microxplorer.util.MXPropertyChangeSupport.firePropertyChange(MXPropertyChangeSupport.java:54) ~[STM32CubeMX.jar:?]
	at com.st.microxplorer.mxsystem.MxSystem.closeConfig(MxSystem.java:899) ~[STM32CubeMX.jar:?]
	at com.st.microxplorer.maingui.MainPanel.closeConfig(MainPanel.java:789) ~[STM32CubeMX.jar:?]
	at com.st.microxplorer.plugins.filemanager.engine.OpenFileManager.loadConfigurationFile(OpenFileManager.java:287) ~[filemanager.jar:?]
	at com.st.microxplorer.plugins.filemanager.engine.MainFileManager.userLoadConfig(MainFileManager.java:341) ~[filemanager.jar:?]
	at com.st.microxplorer.plugins.filemanager.FileManagerView.getSpecificTask(FileManagerView.java:250) ~[filemanager.jar:?]
	at com.st.stm32cube.common.mx.editor.CubeMxEditor.getMxTabbedPaneInstance(CubeMxEditor.java:1191) ~[com.st.stm32cube.common.mx_6.14.0.202502271554/:?]
	at com.st.stm32cube.common.mx.editor.CubeMxEditor$12$1.createSwingComponent(CubeMxEditor.java:1068) ~[com.st.stm32cube.common.mx_6.14.0.202502271554/:?]
	at com.st.stm32cube.common.mx.oss.core.awtswtbridge.EmbeddedSwingComposite.doComponentCreation(EmbeddedSwingComposite.java:492) ~[com.st.stm32cube.common.mx.oss_6.14.0.202502271554/:?]
	at com.st.stm32cube.common.mx.oss.core.awtswtbridge.EmbeddedSwingComposite$4.run(EmbeddedSwingComposite.java:291) ~[com.st.stm32cube.common.mx.oss_6.14.0.202502271554/:?]
	at com.st.stm32cube.common.mx.oss.core.awtswtbridge.AwtEnvironment$2.run(AwtEnvironment.java:166) ~[com.st.stm32cube.common.mx.oss_6.14.0.202502271554/:?]
	at java.awt.event.InvocationEvent.dispatch(InvocationEvent.java:318) ~[?:?]
	at java.awt.EventQueue.dispatchEventImpl(EventQueue.java:773) ~[?:?]
	at java.awt.EventQueue$4.run(EventQueue.java:720) ~[?:?]
	at java.awt.EventQueue$4.run(EventQueue.java:714) ~[?:?]
	at java.security.AccessController.doPrivileged(AccessController.java:400) ~[?:?]
	at java.security.ProtectionDomain$JavaSecurityAccessImpl.doIntersectionPrivilege(ProtectionDomain.java:87) ~[?:?]
	at java.awt.EventQueue.dispatchEvent(EventQueue.java:742) ~[?:?]
	at java.awt.EventDispatchThread.pumpOneEventForFilters(EventDispatchThread.java:203) ~[?:?]
	at java.awt.EventDispatchThread.pumpEventsForFilter(EventDispatchThread.java:124) ~[?:?]
	at java.awt.EventDispatchThread.pumpEventsForHierarchy(EventDispatchThread.java:113) ~[?:?]
	at java.awt.EventDispatchThread.pumpEvents(EventDispatchThread.java:109) ~[?:?]
	at java.awt.EventDispatchThread.pumpEvents(EventDispatchThread.java:101) ~[?:?]
	at java.awt.EventDispatchThread.run(EventDispatchThread.java:90) ~[?:?]
2026-06-03 17:38:27,610 [WARN] ThirdParty:871 - waiting for thirdparty lock release [close project]
2026-06-03 17:38:27,610 [INFO] ThirdParty:873 - entering critical section [close project]
2026-06-03 17:38:27,610 [INFO] ThirdParty:883 - exiting critical section [close project]
2026-06-03 17:38:27,616 [INFO] PinOutPanel:1589 - setPackage(No Configuration,No Configuration)
2026-06-03 17:38:27,632 [WARN] IpParametersView:155 - Warning: This peripheral hasn't parameters
2026-06-03 17:38:27,650 [WARN] MainPanel:289 - <html><b><center>Warning: This peripheral has no parameters to be configured<br></b></html>
2026-06-03 17:38:27,658 [INFO] UtilMem:75 - Begin LoadConfig() Used Memory: 1051999488 Bytes (1073741824)
2026-06-03 17:38:27,661 [INFO] OpenFileManager:354 - Change cursor
2026-06-03 17:38:27,728 [INFO] RulesReader:64 - Compatibility file has been processed (301 Rules)
2026-06-03 17:38:27,745 [INFO] ProjectFactory:442 - No CPN specified for board STM32F407G-DISC1 => set CPN to STM32F407VGT6
2026-06-03 17:38:27,746 [INFO] Mcu:2011 - Initializing MCU STM32F407V(E-G)Tx STM32F407VGTx STM32F407VGT6
2026-06-03 17:38:31,499 [INFO] Context:756 - Trying to add GPIOservice into a context  which must be forbidden
2026-06-03 17:38:32,577 [INFO] Rule:224 - rule 117617 - U5Cobra4M][GTZC] default value MPCBB3 and MPCBB5 - Not Secured memory - MPCBB1 is applicable
2026-06-03 17:38:32,578 [INFO] Rule:224 - rule 117617 - U5Cobra4M][GTZC] default value MPCBB3 and MPCBB5 - Not Secured memory - MPCBB1 is applicable
2026-06-03 17:38:32,578 [INFO] Rule:224 - rule 117617 - U5Cobra4M][GTZC] default value MPCBB3 and MPCBB5 - Not Secured memory - MPCBB2 is applicable
2026-06-03 17:38:32,578 [INFO] Rule:224 - rule 117617 - U5Cobra4M][GTZC] default value MPCBB3 and MPCBB5 - Not Secured memory - MPCBB2 is applicable
2026-06-03 17:38:32,578 [INFO] Rule:224 - rule 117617 - U5Cobra4M][GTZC] default value MPCBB3 and MPCBB5 - Not Secured memory - MPCBB3 is applicable
2026-06-03 17:38:32,578 [INFO] Rule:224 - rule 117617 - U5Cobra4M][GTZC] default value MPCBB3 and MPCBB5 - Not Secured memory - MPCBB3 is applicable
2026-06-03 17:38:32,579 [INFO] Rule:224 - rule 117617 - U5Cobra4M][GTZC] default value MPCBB3 and MPCBB5 - Not Secured memory - MPCBB4 is applicable
2026-06-03 17:38:32,579 [INFO] Rule:224 - rule 117617 - U5Cobra4M][GTZC] default value MPCBB3 and MPCBB5 - Not Secured memory - MPCBB4 is applicable
2026-06-03 17:38:32,579 [INFO] Rule:224 - rule 117617 - U5Cobra4M][GTZC] default value MPCBB3 and MPCBB5 - Secured memory - MPCBB1 is applicable
2026-06-03 17:38:32,579 [INFO] Rule:224 - rule 117617 - U5Cobra4M][GTZC] default value MPCBB3 and MPCBB5 - Secured memory - MPCBB2 is applicable
2026-06-03 17:38:32,579 [INFO] Rule:224 - rule 117617 - U5Cobra4M][GTZC] default value MPCBB3 and MPCBB5 - Secured memory - MPCBB3 is applicable
2026-06-03 17:38:32,579 [INFO] Rule:224 - rule 117617 - U5Cobra4M][GTZC] default value MPCBB3 and MPCBB5 - Secured memory - MPCBB4 is applicable
2026-06-03 17:38:32,579 [INFO] Rule:224 - rule 117617 - U5Cobra4M][GTZC] default value MPCBB3 and MPCBB5 - Privileged memory - MPCBB1 is applicable
2026-06-03 17:38:32,579 [INFO] Rule:224 - rule 117617 - U5Cobra4M][GTZC] default value MPCBB3 and MPCBB5 - Privileged memory - MPCBB2 is applicable
2026-06-03 17:38:32,580 [INFO] Rule:224 - rule 117617 - U5Cobra4M][GTZC] default value MPCBB3 and MPCBB5 - Privileged memory - MPCBB3 is applicable
2026-06-03 17:38:32,580 [INFO] Rule:224 - rule 117617 - U5Cobra4M][GTZC] default value MPCBB3 and MPCBB5 - Privileged memory - MPCBB4 is applicable
2026-06-03 17:38:32,580 [INFO] Rule:224 - rule 117617 - U5Cobra4M][GTZC] default value MPCBB3 and MPCBB5 - Not Privileged memory - MPCBB1 is applicable
2026-06-03 17:38:32,580 [INFO] Rule:224 - rule 117617 - U5Cobra4M][GTZC] default value MPCBB3 and MPCBB5 - Not Privileged memory - MPCBB2 is applicable
2026-06-03 17:38:32,580 [INFO] Rule:224 - rule 117617 - U5Cobra4M][GTZC] default value MPCBB3 and MPCBB5 - Not Privileged memory - MPCBB3 is applicable
2026-06-03 17:38:32,580 [INFO] Rule:224 - rule 117617 - U5Cobra4M][GTZC] default value MPCBB3 and MPCBB5 - Not Privileged memory - MPCBB4 is applicable
2026-06-03 17:38:32,580 [INFO] Rule:224 - rule 117617 - U5Cobra4M][GTZC] default value MPCBB3 and MPCBB5 - Privileged memory - MPCBB1 is applicable
2026-06-03 17:38:32,580 [INFO] Rule:224 - rule 117617 - U5Cobra4M][GTZC] default value MPCBB3 and MPCBB5 - Privileged memory - MPCBB2 is applicable
2026-06-03 17:38:32,580 [INFO] Rule:224 - rule 117617 - U5Cobra4M][GTZC] default value MPCBB3 and MPCBB5 - Privileged memory - MPCBB3 is applicable
2026-06-03 17:38:32,581 [INFO] Rule:224 - rule 117617 - U5Cobra4M][GTZC] default value MPCBB3 and MPCBB5 - Privileged memory - MPCBB4 is applicable
2026-06-03 17:38:32,581 [INFO] Rule:224 - rule 117617 - U5Cobra4M][GTZC] default value MPCBB3 and MPCBB5 - Privileged memory - MPCBB1 is applicable
2026-06-03 17:38:32,581 [INFO] Rule:224 - rule 117617 - U5Cobra4M][GTZC] default value MPCBB3 and MPCBB5 - Privileged memory - MPCBB2 is applicable
2026-06-03 17:38:32,581 [INFO] Rule:224 - rule 117617 - U5Cobra4M][GTZC] default value MPCBB3 and MPCBB5 - Privileged memory - MPCBB3 is applicable
2026-06-03 17:38:32,581 [INFO] Rule:224 - rule 117617 - U5Cobra4M][GTZC] default value MPCBB3 and MPCBB5 - Privileged memory - MPCBB4 is applicable
2026-06-03 17:38:32,581 [INFO] Rule:224 - rule 117617 - U5Cobra4M][GTZC] default value MPCBB3 and MPCBB5 - Not Privileged memory - MPCBB1 is applicable
2026-06-03 17:38:32,581 [INFO] Rule:224 - rule 117617 - U5Cobra4M][GTZC] default value MPCBB3 and MPCBB5 - Not Privileged memory - MPCBB2 is applicable
2026-06-03 17:38:32,581 [INFO] Rule:224 - rule 117617 - U5Cobra4M][GTZC] default value MPCBB3 and MPCBB5 - Not Privileged memory - MPCBB3 is applicable
2026-06-03 17:38:32,581 [INFO] Rule:224 - rule 117617 - U5Cobra4M][GTZC] default value MPCBB3 and MPCBB5 - Not Privileged memory - MPCBB4 is applicable
2026-06-03 17:38:32,581 [INFO] Rule:224 - rule 117617 - U5Cobra4M][GTZC] default value MPCBB3 and MPCBB5 - Privileged memory - MPCBB1 is applicable
2026-06-03 17:38:32,582 [INFO] Rule:224 - rule 117617 - U5Cobra4M][GTZC] default value MPCBB3 and MPCBB5 - Privileged memory - MPCBB2 is applicable
2026-06-03 17:38:32,582 [INFO] Rule:224 - rule 117617 - U5Cobra4M][GTZC] default value MPCBB3 and MPCBB5 - Privileged memory - MPCBB3 is applicable
2026-06-03 17:38:32,582 [INFO] Rule:224 - rule 117617 - U5Cobra4M][GTZC] default value MPCBB3 and MPCBB5 - Privileged memory - MPCBB4 is applicable
2026-06-03 17:38:32,582 [INFO] Rule:224 - rule Rename SubGHz_Phy SUBGHZ_APPLICATION SUBGHZ_PINGPONG to SUBGHZ_ADV_APPLICATION is applicable
2026-06-03 17:38:32,582 [INFO] Rule:224 - rule Rename Enabled to IBEACON is applicable
2026-06-03 17:38:32,582 [INFO] Rule:224 - rule GTZC_S instance for project manager is applicable
2026-06-03 17:38:32,582 [INFO] Rule:224 - rule GTZC_S instance for context M33S is applicable
2026-06-03 17:38:32,582 [INFO] Rule:224 - rule GTZC_S instance value for IP GTZC is applicable
2026-06-03 17:38:32,583 [INFO] Rule:224 - rule GTZC_S instance for mcu.IP is applicable
2026-06-03 17:38:32,583 [INFO] Rule:224 - rule GTZC_S instance for VP is applicable
2026-06-03 17:38:32,583 [INFO] Rule:224 - rule GTZC_S instance for signal is applicable
2026-06-03 17:38:32,583 [INFO] Rule:224 - rule GTZC_S instance for mcu.Pin is applicable
2026-06-03 17:38:32,583 [INFO] Rule:224 - rule GTZC_S instance for VP is applicable
2026-06-03 17:38:32,583 [INFO] Rule:224 - rule GTZC_S instance for signal is applicable
2026-06-03 17:38:32,583 [INFO] Rule:224 - rule GTZC_S instance for mcu is applicable
2026-06-03 17:38:32,583 [INFO] Rule:224 - rule GTZC_S instance for mcu.Pin is applicable
2026-06-03 17:38:32,583 [INFO] Rule:224 - rule GTZC_S instance value for IP GTZC is applicable
2026-06-03 17:38:32,583 [INFO] Rule:224 - rule GTZC_S instance for project manager is applicable
2026-06-03 17:38:32,583 [INFO] Rule:224 - rule GTZC_S instance for context M33S is applicable
2026-06-03 17:38:32,584 [INFO] Rule:224 - rule GTZC_S instance for VP is applicable
2026-06-03 17:38:32,584 [INFO] Rule:224 - rule GTZC_S instance for signal is applicable
2026-06-03 17:38:32,584 [INFO] Rule:224 - rule SPDIFRX instance for mcu is applicable
2026-06-03 17:38:32,584 [INFO] Rule:224 - rule Rename Tracer Mode is applicable
2026-06-03 17:38:32,584 [INFO] Rule:224 - rule SPDIFRX instance value for IP SPDIFRX is applicable
2026-06-03 17:38:32,584 [INFO] Rule:224 - rule SPDIFRX instance for signal is applicable
2026-06-03 17:38:32,584 [INFO] Rule:224 - rule SPDIFRX instance for project manager is applicable
2026-06-03 17:38:32,584 [INFO] Rule:224 - rule SPDIFRX instance for project manager is applicable
2026-06-03 17:38:32,584 [INFO] Rule:224 - rule ADC Scan  fix with FW F7 is applicable
2026-06-03 17:38:32,584 [INFO] Rule:224 - rule ADC Scan  fix with FW F7 is applicable
2026-06-03 17:38:32,584 [INFO] Rule:224 - rule WakeUp0 Mode is applicable
2026-06-03 17:38:32,584 [INFO] Rule:224 - rule WakeUp0 SIGNAL is applicable
2026-06-03 17:38:32,584 [INFO] Rule:224 - rule WakeUp1 Mode is applicable
2026-06-03 17:38:32,584 [INFO] Rule:224 - rule WakeUp1 SIGNAL is applicable
2026-06-03 17:38:32,584 [INFO] Rule:224 - rule WakeUp2 Mode is applicable
2026-06-03 17:38:32,584 [INFO] Rule:224 - rule WakeUp2 SIGNAL is applicable
2026-06-03 17:38:32,584 [INFO] Rule:224 - rule WakeUp4 Mode is applicable
2026-06-03 17:38:32,585 [INFO] Rule:224 - rule WakeUp4 SIGNAL is applicable
2026-06-03 17:38:32,585 [INFO] Rule:224 - rule WakeUp5 Mode is applicable
2026-06-03 17:38:32,585 [INFO] Rule:224 - rule WakeUp5 SIGNAL is applicable
2026-06-03 17:38:32,585 [INFO] Rule:224 - rule Add RTC Activate Clock Source is applicable
2026-06-03 17:38:32,585 [INFO] Rule:224 - rule Add RTC Activate Calendar 1 is applicable
2026-06-03 17:38:32,585 [INFO] Rule:224 - rule Add RTC Activate Calendar 2 is applicable
2026-06-03 17:38:32,585 [INFO] Rule:224 - rule Add RTC Activate Calendar 3 is applicable
2026-06-03 17:38:32,585 [INFO] Rule:224 - rule UART/USART TX Mode is applicable
2026-06-03 17:38:32,585 [INFO] Rule:224 - rule UART/USART RX Mode is applicable
2026-06-03 17:38:32,585 [INFO] Rule:224 - rule UART/USART RX TX Mode is applicable
2026-06-03 17:38:32,585 [INFO] Rule:224 - rule UART/USART PARITY NONE is applicable
2026-06-03 17:38:32,585 [INFO] Rule:224 - rule UART/USART PARITY EVEN is applicable
2026-06-03 17:38:32,585 [INFO] Rule:224 - rule UART/USART PARITY ODD is applicable
2026-06-03 17:38:32,585 [INFO] Rule:224 - rule USART StopBits 1 is applicable
2026-06-03 17:38:32,585 [INFO] Rule:224 - rule USART StopBits 2 is applicable
2026-06-03 17:38:32,585 [INFO] Rule:224 - rule USART StopBits 1.5 is applicable
2026-06-03 17:38:32,585 [INFO] Rule:224 - rule USART StopBits 0.5 is applicable
2026-06-03 17:38:32,585 [INFO] Rule:224 - rule UART/USART WORD LENGTH 7 is applicable
2026-06-03 17:38:32,586 [INFO] Rule:224 - rule UART/USART WORD LENGTH 8 is applicable
2026-06-03 17:38:32,586 [INFO] Rule:224 - rule UART/USART WORD LENGTH 9 is applicable
2026-06-03 17:38:32,586 [INFO] Rule:224 - rule Rename FMC NAND NCE signal is applicable
2026-06-03 17:38:32,586 [INFO] Rule:224 - rule Rename FMC NAND INT signal is applicable
2026-06-03 17:38:32,586 [INFO] Rule:224 - rule Change Default Value for LSE Drive Capability for WB family is applicable
2026-06-03 17:38:32,586 [INFO] Rule:224 - rule Change Default Value for ADC Clock Prescaler G0 family is applicable
2026-06-03 17:38:32,586 [INFO] Rule:224 - rule Change Default Value for ADC ExternalTrigConv L4 family is applicable
2026-06-03 17:38:32,586 [INFO] Rule:224 - rule Change Default Value for ADC ExternalTrigInjecConv L4 family is applicable
2026-06-03 17:38:32,586 [INFO] Rule:224 - rule Change Default Value for ADC ExternalTrigConv F3 family is applicable
2026-06-03 17:38:32,586 [INFO] Rule:224 - rule Change Default Value for ADC ExternalTrigInjecConv F3 family is applicable
2026-06-03 17:38:32,586 [INFO] Rule:224 - rule Change Default Value for ADC ExternalTrigConv Goldfish serie is applicable
2026-06-03 17:38:32,586 [INFO] Rule:224 - rule Change Default Value for ADC ExternalTrigInjecConv Goldfish serie is applicable
2026-06-03 17:38:32,586 [INFO] Rule:224 - rule Change Default Value for ADC ExternalTrigConv L0 family is applicable
2026-06-03 17:38:32,586 [INFO] Rule:224 - rule Change Default Value for ADC ExternalTrigConv F0 family is applicable
2026-06-03 17:38:32,586 [INFO] Rule:224 - rule Change Default Value for ADC ExternalTrigConvn L1 family is applicable
2026-06-03 17:38:32,586 [INFO] Rule:224 - rule Change Default Value for ADC ExternalTrigInjecConv L1 family is applicable
2026-06-03 17:38:32,586 [INFO] Rule:224 - rule Change Default Value for ADC ExternalTrigConv F1 family is applicable
2026-06-03 17:38:32,587 [INFO] Rule:224 - rule Change Default Value for ADC ExternalTrigInjecConv F1 family is applicable
2026-06-03 17:38:32,587 [INFO] Rule:224 - rule Change Default Value for ADC ExternalTrigConv F7 family is applicable
2026-06-03 17:38:32,587 [INFO] Rule:224 - rule Change Default Value for ADC ExternalTrigInjecConv F7 family is applicable
2026-06-03 17:38:32,587 [INFO] Rule:224 - rule Change Default Value for ADC ExternalTrigConv F4 and F2 family is applicable
2026-06-03 17:38:32,587 [INFO] Rule:224 - rule Change Default Value for ADC ExternalTrigInjecConv F4 and F2 family is applicable
2026-06-03 17:38:32,587 [INFO] Rule:224 - rule ADC SamplingTime fix with FW L0  is applicable
2026-06-03 17:38:32,587 [INFO] Rule:224 - rule ADC SamplingTime fix with FW L0  is applicable
2026-06-03 17:38:32,587 [INFO] Rule:224 - rule ADC SamplingTime fix with FW L0 is applicable
2026-06-03 17:38:32,587 [INFO] Rule:224 - rule ADC SamplingTime fix with FW L0 is applicable
2026-06-03 17:38:32,587 [INFO] Rule:224 - rule ADC SamplingTime fix with FW L0  is applicable
2026-06-03 17:38:32,587 [INFO] Rule:224 - rule ADC SamplingTime fix with FW L0 is applicable
2026-06-03 17:38:32,587 [INFO] Rule:224 - rule Rename USB_OE Signal is applicable
2026-06-03 17:38:32,587 [INFO] Rule:224 - rule Rename Activate_OE Mode is applicable
2026-06-03 17:38:32,587 [INFO] Rule:224 - rule Rename DIE462/DIE415 pin PC14/OSC32_IN -> PC14-OSC32_IN (PC14) is applicable
2026-06-03 17:38:32,588 [INFO] Rule:224 - rule Rename DIE462/DIE415 pin PC15/OSC32_OUT -> PC15-OSC32_OUT (PC15) is applicable
2026-06-03 17:38:32,588 [INFO] Rule:224 - rule Rename DIE462/DIE415 pin PH0/OSC_IN -> PH0-OSC_IN (PH0) is applicable
2026-06-03 17:38:32,588 [INFO] Rule:224 - rule Rename DIE462/DIE415 pin PH1/OSC_OUT -> PH1-OSC_OUT (PH1) is applicable
2026-06-03 17:38:32,588 [INFO] Rule:224 - rule Rename DIE462 pin PA13 -> PA13 (JTMS/SWDIO) is applicable
2026-06-03 17:38:32,588 [INFO] Rule:224 - rule Rename DIE415 pin PA13 -> PA13 (JTMS/SWDIO) is applicable
2026-06-03 17:38:32,588 [INFO] Rule:224 - rule Rename DIE462 pin PA14 -> PA14 (JTCK/SWCLK) is applicable
2026-06-03 17:38:32,588 [INFO] Rule:224 - rule Rename DIE415 pin PA14 -> PA14 (JTCK/SWCLK) is applicable
2026-06-03 17:38:32,588 [INFO] Rule:224 - rule Rename DIE462/DIE415 pin PA15 -> PA15 (JTDI) is applicable
2026-06-03 17:38:32,588 [INFO] Rule:224 - rule Rename DIE462 pin PB3 -> PB3 (JTD0/TRACESWO) is applicable
2026-06-03 17:38:32,588 [INFO] Rule:224 - rule Rename DIE415 pin PB3 -> PB3 (JTD0-TRACESWO) is applicable
2026-06-03 17:38:32,588 [INFO] Rule:224 - rule Rename DIE462/DIE415 pin PB4 -> PB4 (NJTRST) is applicable
2026-06-03 17:38:32,588 [INFO] Rule:224 - rule Rename DIE462 pin PH3/BOOT0 -> PH3-BOOT0 (BOOT0) is applicable
2026-06-03 17:38:32,588 [INFO] Rule:224 - rule Rename CRYP DataEncryptionTypesList to Algorithm is applicable
2026-06-03 17:38:32,588 [INFO] Rule:224 - rule Rename AES DataEncryptionTypesList to Algorithm is applicable
2026-06-03 17:38:32,588 [INFO] Rule:224 - rule Rename TDESECB to CRYP_TDES_ECB is applicable
2026-06-03 17:38:32,588 [INFO] Rule:224 - rule Rename TDESCBC to CRYP_TDES_CBC is applicable
2026-06-03 17:38:32,589 [INFO] Rule:224 - rule Rename DESECB to CRYP_DES_ECB is applicable
2026-06-03 17:38:32,589 [INFO] Rule:224 - rule Rename DESCBC to CRYP_DES_CBC is applicable
2026-06-03 17:38:32,589 [INFO] Rule:224 - rule Rename AESECB to CRYP_AES_ECB is applicable
2026-06-03 17:38:32,589 [INFO] Rule:224 - rule Rename AESCBC to CRYP_AES_CBC is applicable
2026-06-03 17:38:32,589 [INFO] Rule:224 - rule Rename AESCTR to CRYP_AES_CTR is applicable
2026-06-03 17:38:32,589 [INFO] Rule:224 - rule Rename AESGCM to CRYP_AES_GCM is applicable
2026-06-03 17:38:32,589 [INFO] Rule:224 - rule Rename AESCCM to CRYP_AES_CCM is applicable
2026-06-03 17:38:32,589 [INFO] Rule:224 - rule Rename CAN TimeSeg1 to BS1 is applicable
2026-06-03 17:38:32,589 [INFO] Rule:224 - rule Rename CAN TimeSeg2 to BS2 is applicable
2026-06-03 17:38:32,589 [INFO] Rule:224 - rule Rename CAN SyncJumpWidth to SJW is applicable
2026-06-03 17:38:32,589 [INFO] Rule:224 - rule TimeTriggeredMode to TTCM is applicable
2026-06-03 17:38:32,589 [INFO] Rule:224 - rule Rename CAN AutoBusOff to ABOM is applicable
2026-06-03 17:38:32,589 [INFO] Rule:224 - rule Rename CAN AutoWakeUp to AWUM is applicable
2026-06-03 17:38:32,589 [INFO] Rule:224 - rule Rename CAN AutoRetransmission to NART is applicable
2026-06-03 17:38:32,589 [INFO] Rule:224 - rule Rename CAN ReceiveFifoLocked to RFLM is applicable
2026-06-03 17:38:32,589 [INFO] Rule:224 - rule Rename CAN TransmitFifoPriority to TXFP is applicable
2026-06-03 17:38:32,589 [INFO] Rule:224 - rule Rename HRTIMER HRTIM_OUTPUTFAULTLEVEL_HIGH in HRTIMER HRTIM_OUTPUTFAULTLEVEL_HIGHZ is applicable
2026-06-03 17:38:32,589 [INFO] Rule:224 - rule Rename TIMER TIM_CLEARINPUTSOURCE_OCREFCLR in  TIMER TIM_CLEARINPUTSOURCE_NONE for F7 family is applicable
2026-06-03 17:38:32,590 [INFO] Rule:224 - rule FDCAN_R1 - Rename FDCAN mode Master into Classic is applicable
2026-06-03 17:38:32,590 [INFO] Rule:224 - rule FDCAN_R2 - Rename FDCAN mode Slave into Classic is applicable
2026-06-03 17:38:32,590 [INFO] Rule:224 - rule FDCAN1_R3 - if PA10.Mode=FullDuplex, add Pin PA12 is applicable
2026-06-03 17:38:32,590 [INFO] Rule:224 - rule FDCAN1_R3 - if PA9.Mode=FullDuplex, add Pin PA11 is applicable
2026-06-03 17:38:32,590 [INFO] Rule:224 - rule FDCAN1_R3 - Alternatepin_1 - if PE1.Mode=FullDuplex, add Pin PB9 is applicable
2026-06-03 17:38:32,590 [INFO] Rule:224 - rule FDCAN1_R3 - Alternatepin_1 - if PE0.Mode=FullDuplex, add Pin PB8 is applicable
2026-06-03 17:38:32,590 [INFO] Rule:224 - rule FDCAN1_R3 - Alternatepin_2 - if PD5.Mode=FullDuplex, add Pin PD1 is applicable
2026-06-03 17:38:32,590 [INFO] Rule:224 - rule FDCAN1_R3 - Alternatepin_2 - if PD4.Mode=FullDuplex, add Pin PD0 is applicable
2026-06-03 17:38:32,590 [INFO] Rule:224 - rule FDCAN1_R4 - Rename Mode FullDuplex into Enable FDCAN_TXFD for pin PA10 is applicable
2026-06-03 17:38:32,590 [INFO] Rule:224 - rule FDCAN1_R4 - Rename Mode FullDuplex into Enable FDCAN_TXFD for pin PA9 is applicable
2026-06-03 17:38:32,590 [INFO] Rule:224 - rule FDCAN1_R4 - Alternatepin_1 - Rename Mode FullDuplex into Enable FDCAN_TXFD for pin PE1 is applicable
2026-06-03 17:38:32,590 [INFO] Rule:224 - rule FDCAN1_R4 - Alternatepin_1 - Rename Mode FullDuplex into Enable FDCAN_TXFD for pin PE0 is applicable
2026-06-03 17:38:32,590 [INFO] Rule:224 - rule FDCAN1_R4 - Alternatepin_2 - Rename Mode FullDuplex into Enable FDCAN_TXFD for pin PD5 is applicable
2026-06-03 17:38:32,590 [INFO] Rule:224 - rule FDCAN1_R4 - Alternatepin_2 - Rename Mode FullDuplex into Enable FDCAN_TXFD for pin PD4 is applicable
2026-06-03 17:38:32,590 [INFO] Rule:224 - rule FDCAN2_R3 - if PD10.Mode=FullDuplex, add Pin PB13 is applicable
2026-06-03 17:38:32,590 [INFO] Rule:224 - rule FDCAN2_R3 - if PD9.Mode=FullDuplex, add Pin PB12 is applicable
2026-06-03 17:38:32,590 [INFO] Rule:224 - rule FDCAN2_R3 - Alternatepin_1 - if PB7.Mode=FullDuplex, add Pin PB6 is applicable
2026-06-03 17:38:32,590 [INFO] Rule:224 - rule FDCAN2_R3 - Alternatepin_1 - if PD9.Mode=FullDuplex, add Pin PB12 is applicable
2026-06-03 17:38:32,590 [INFO] Rule:224 - rule FDCAN2_R4 - Rename Mode FullDuplex into Enable FDCAN_TXFD for pin PD10 is applicable
2026-06-03 17:38:32,591 [INFO] Rule:224 - rule FDCAN2_R4 - Rename Mode FullDuplex into Enable FDCAN_TXFD for pin PD9 is applicable
2026-06-03 17:38:32,591 [INFO] Rule:224 - rule FDCAN2_R4 - Alternatepin_1 - Rename Mode FullDuplex into Enable FDCAN_TXFD for pin PB7 is applicable
2026-06-03 17:38:32,591 [INFO] Rule:224 - rule FDCAN2_R4 - Alternatepin_1 - Rename Mode FullDuplex into Enable FDCAN_TXFD for pin PD6 is applicable
2026-06-03 17:38:32,591 [INFO] Rule:224 - rule USART TxPinLevelInvertParam Mode is applicable
2026-06-03 17:38:32,591 [INFO] Rule:224 - rule USART RxPinLevelInvertParam Mode is applicable
2026-06-03 17:38:32,591 [INFO] Rule:224 - rule USART DataInvertParam Mode is applicable
2026-06-03 17:38:32,591 [INFO] Rule:224 - rule USART SwapParam Mode is applicable
2026-06-03 17:38:32,591 [INFO] Rule:224 - rule USART OverrunDisableParam Mode is applicable
2026-06-03 17:38:32,591 [INFO] Rule:224 - rule USART DMADisableonRxErrorParam Mode is applicable
2026-06-03 17:38:32,591 [INFO] Rule:224 - rule USART MSBFirstParam Mode is applicable
2026-06-03 17:38:32,591 [INFO] Rule:224 - rule Update MwName for USB_DEVICE is applicable
2026-06-03 17:38:32,591 [INFO] Rule:224 - rule Change PWR_Regulator_Voltage_Scale Default Value for RCC  H7 family is applicable
2026-06-03 17:38:32,591 [INFO] Rule:224 - rule UART/USART IPParameter rename Prescaler parameter to ClockPrescaler is applicable
2026-06-03 17:38:32,591 [INFO] Rule:224 - rule UART/USART Prescaler rename Prescaler parameter to ClockPrescaler is applicable
2026-06-03 17:38:32,591 [INFO] Rule:224 - rule TIM1CLockSelection is applicable
2026-06-03 17:38:32,591 [INFO] Rule:224 - rule TIM15CLockSelection is applicable
2026-06-03 17:38:32,591 [INFO] Rule:224 - rule align RCC SDMMC3CLockSelection default value on MP1 is applicable
2026-06-03 17:38:32,591 [INFO] Rule:224 - rule align RCC SDMMC12CLockSelection default value on MP1 is applicable
2026-06-03 17:38:32,592 [INFO] Rule:224 - rule align RCC QSPICLockSelection default value on MP1 is applicable
2026-06-03 17:38:32,592 [INFO] Rule:224 - rule align RCC QSPICLockSelection default value on MP1 is applicable
2026-06-03 17:38:32,592 [INFO] Rule:224 - rule align RCC SPI6CLockSelection default value on MP1 is applicable
2026-06-03 17:38:32,592 [INFO] Rule:224 - rule align RCC LPTIM23CLockSelection default value on MP1 is applicable
2026-06-03 17:38:32,592 [INFO] Rule:224 - rule align RCC LPTIM1CLockSelection default value on MP1 is applicable
2026-06-03 17:38:32,592 [INFO] Rule:224 - rule align RCC USART1CLockSelection default value on MP1 is applicable
2026-06-03 17:38:32,592 [INFO] Rule:224 - rule align RCC USART24CLockSelection default value on MP1 is applicable
2026-06-03 17:38:32,592 [INFO] Rule:224 - rule align RCC USART6CLockSelection default value on MP1 is applicable
2026-06-03 17:38:32,592 [INFO] Rule:224 - rule align RCC UART78CLockSelection default value on MP1 is applicable
2026-06-03 17:38:32,592 [INFO] Rule:224 - rule align RCC USART35CLockSelection default value on MP1 is applicable
2026-06-03 17:38:32,592 [INFO] Rule:224 - rule align RCC SPI45CLockSelection default value on MP1 is applicable
2026-06-03 17:38:32,593 [INFO] Rule:224 - rule align RCC I2C46CLockSelection BCLK value on MP1 is applicable
2026-06-03 17:38:32,593 [INFO] Rule:224 - rule align RCC SPI45CLockSelection default value on MP1 is applicable
2026-06-03 17:38:32,593 [INFO] Rule:224 - rule align RCC I2C12CLockSelection default value on MP1 is applicable
2026-06-03 17:38:32,593 [INFO] Rule:224 - rule align RCC I2C35CLockSelection default value on MP1 is applicable
2026-06-03 17:38:32,593 [INFO] Rule:224 - rule align RCC LPTIM45CLockSelection default value on MP1 is applicable
2026-06-03 17:38:32,593 [INFO] Rule:224 - rule Rename DCMI PIXCK signal is applicable
2026-06-03 17:38:32,593 [INFO] Rule:224 - rule Change Default Value for I2C46CLockSelection MP1 family is applicable
2026-06-03 17:38:32,593 [INFO] Rule:224 - rule Change Default Value for UART for G4, G0 and WB families is applicable
2026-06-03 17:38:32,594 [INFO] Rule:224 - rule Change Default Value for USART for G4, G0 and WB families is applicable
2026-06-03 17:38:32,594 [INFO] Rule:224 - rule Change Default Value for USART for G4 family is applicable
2026-06-03 17:38:32,594 [INFO] Rule:224 - rule Change USART1CLockSelection refparam name for MP1 is applicable
2026-06-03 17:38:32,594 [INFO] Rule:224 - rule Change USART2CLockSelection refparam name for MP1 is applicable
2026-06-03 17:38:32,594 [INFO] Rule:224 - rule Change USART3CLockSelection refparam name for MP1 is applicable
2026-06-03 17:38:32,594 [INFO] Rule:224 - rule Change UART4CLockSelection refparam name for MP1 is applicable
2026-06-03 17:38:32,594 [INFO] Rule:224 - rule Change UART5CLockSelection refparam name for MP1 is applicable
2026-06-03 17:38:32,594 [INFO] Rule:224 - rule Change LPUART1CLockSelection refparam name for MP1 is applicable
2026-06-03 17:38:32,594 [INFO] Rule:224 - rule Change LPTIM1CLockSelection refparam name for MP1 is applicable
2026-06-03 17:38:32,594 [INFO] Rule:224 - rule Change LPTIM2CLockSelection refparam name for MP1 is applicable
2026-06-03 17:38:32,594 [INFO] Rule:224 - rule Change RCC_MCO1Source refparam name for MP1 is applicable
2026-06-03 17:38:32,595 [INFO] Rule:224 - rule Change LSCOSource1 refparam name for MP1 is applicable
2026-06-03 17:38:32,595 [INFO] Rule:224 - rule Change SMPSCLockSelection refparam name for MP1 is applicable
2026-06-03 17:38:32,595 [INFO] Rule:224 - rule Change LPTIM3CLockSelection refparam name for MP1 is applicable
2026-06-03 17:38:32,595 [INFO] Rule:224 - rule Change MPCBB* Default Template Mode to Parameters is applicable
2026-06-03 17:38:32,595 [INFO] Rule:224 - rule Change MPCWM* or MPCBB* Secure Mode to Parameters is applicable
2026-06-03 17:38:32,595 [INFO] Rule:224 - rule Change MPCWM* or MPCBB* No Secure Mode to Parameters is applicable
2026-06-03 17:38:32,595 [INFO] Rule:224 - rule Change TZSC IP Secure Mode to Parameters is applicable
2026-06-03 17:38:32,595 [INFO] Rule:224 - rule Change TZSC IP No Secure Mode to Parameters is applicable
2026-06-03 17:38:32,595 [INFO] Rule:224 - rule Change TZSC IP Privilege Mode to Parameters is applicable
2026-06-03 17:38:32,595 [INFO] Rule:224 - rule Change TZSC IP No Privilege Mode to Parameters is applicable
2026-06-03 17:38:32,595 [INFO] Rule:224 - rule Change TZIC IT Secure Mode to Parameters is applicable
2026-06-03 17:38:32,595 [INFO] Rule:224 - rule Change TZIC IT No Secure Mode to Parameters is applicable
2026-06-03 17:38:32,595 [INFO] Rule:224 - rule Add MPCBB1_NonSecureArea_Start_Address value with referenced to MPCBB1_NonSecureArea_Start value is applicable
2026-06-03 17:38:32,595 [INFO] Rule:224 - rule Add MPCBB2_NonSecureArea_Start_Address value with referenced to MPCBB2_NonSecureArea_Start value is applicable
2026-06-03 17:38:32,595 [INFO] Rule:224 - rule Add MPCWM1_NonSecureArea*_Start_Address value with referenced to MPCWM1_NonSecureArea*_Start value is applicable
2026-06-03 17:38:32,595 [INFO] Rule:224 - rule Add MPCWM2_NonSecureArea*_Start_Address value with referenced to MPCWM2_NonSecureArea*_Start value is applicable
2026-06-03 17:38:32,595 [INFO] Rule:224 - rule Add MPCWM3_NonSecureArea_Start_Address value with referenced to MPCWM3_NonSecureArea_Start value is applicable
2026-06-03 17:38:32,595 [INFO] Rule:224 - rule Change Default Value for PLL1UserDefinedConfig is applicable
2026-06-03 17:38:32,596 [INFO] Rule:224 - rule Change GPIO_PuPd Default Value for USART in async mode is applicable
2026-06-03 17:38:32,596 [INFO] Rule:224 - rule Change SMPSDivider Default Value is applicable
2026-06-03 17:38:32,596 [INFO] Rule:224 - rule OPAMP is applicable
2026-06-03 17:38:32,596 [INFO] Rule:224 - rule LPUART IPParameter rename Prescaler parameter to ClockPrescaler for STM32H7 is applicable
2026-06-03 17:38:32,596 [INFO] Rule:224 - rule LPUART IPParameter rename Prescaler parameter to ClockPrescaler for STM32H7 is applicable
2026-06-03 17:38:32,596 [INFO] Rule:224 - rule LPUART IPParameter rename Prescaler parameter to ClockPrescaler for STM32WB is applicable
2026-06-03 17:38:32,596 [INFO] Rule:224 - rule LPUART IPParameter rename Prescaler parameter to ClockPrescaler for STM32WB is applicable
2026-06-03 17:38:32,596 [INFO] Rule:224 - rule LPUART IPParameter rename Prescaler parameter to ClockPrescaler for STM32G4 is applicable
2026-06-03 17:38:32,596 [INFO] Rule:224 - rule LPUART IPParameter rename Prescaler parameter to ClockPrescaler for STM32G4 is applicable
2026-06-03 17:38:32,596 [INFO] Rule:224 - rule LPUART IPParameter rename Prescaler parameter to ClockPrescaler for STM32L5 is applicable
2026-06-03 17:38:32,596 [INFO] Rule:224 - rule LPUART IPParameter rename Prescaler parameter to ClockPrescaler for STM32L5 is applicable
2026-06-03 17:38:32,596 [INFO] Rule:224 - rule LPUART IPParameter rename Prescaler parameter to ClockPrescaler for STM32G4 is applicable
2026-06-03 17:38:32,596 [INFO] Rule:224 - rule LPUART IPParameter rename Prescaler parameter to ClockPrescaler for STM32G4 is applicable
2026-06-03 17:38:32,596 [INFO] Rule:224 - rule USB device lib V2.5.3 for L0 rename USBD_SUPPORT_USER_STRING parameter to USBD_SUPPORT_USER_STRING_DESC4 is applicable
2026-06-03 17:38:32,596 [INFO] Rule:224 - rule I2SCLockSelection clock entry align is applicable
2026-06-03 17:38:32,596 [INFO] Rule:224 - rule Assign TIMx context if used as SYS timebase is applicable
2026-06-03 17:38:32,596 [INFO] Rule:224 - rule Change GPIO_Pu Default Value for I2C is applicable
2026-06-03 17:38:32,596 [INFO] Rule:224 - rule Change GPIO_Pu Default Value for SMBus is applicable
2026-06-03 17:38:32,596 [INFO] Rule:224 - rule change FDCAN default value is applicable
2026-06-03 17:38:32,596 [INFO] Rule:224 - rule Change mode sai is applicable
2026-06-03 17:38:32,596 [INFO] Rule:224 - rule **Change sai mode is applicable
2026-06-03 17:38:32,596 [INFO] Rule:224 - rule Rename STM32WPAN CFG_BLE_IRK to CFG_BLE_IR is applicable
2026-06-03 17:38:32,596 [INFO] Rule:224 - rule Rename STM32WPAN CFG_BLE_ERK to CFG_BLE_ER is applicable
2026-06-03 17:38:32,597 [INFO] Rule:224 - rule Rename STM32WPAN CFG_BLE_IRK_HEX to CFG_BLE_IR_HEX is applicable
2026-06-03 17:38:32,597 [INFO] Rule:224 - rule Rename STM32WPAN CFG_BLE_ERK_HEX to CFG_BLE_ER_HEX is applicable
2026-06-03 17:38:32,597 [INFO] Rule:224 - rule Adapt Old IOC before rework replace old CORTEX_M33/CORTEX_M55 attributes by the new one. is applicable
2026-06-03 17:38:32,597 [INFO] Rule:224 - rule Rename parametre of RCC RCC_APBDBG_DIV2 to RCC_TIMPRES_DIV2 is applicable
2026-06-03 17:38:32,597 [INFO] Rule:224 - rule Rename DIE493 pin PA10 [PA12] -> PA10 is applicable
2026-06-03 17:38:32,597 [INFO] Rule:224 - rule Rename DIE493 pin PA9 [PA11] -> PA9 is applicable
2026-06-03 17:38:32,634 [INFO] DbConfProperties:307 - Apply Compatibility (50/266 Rules)
2026-06-03 17:38:32,669 [INFO] ImportTextPane:218 - (OptionalMessage_ERROR) Unable to find key (Mcu.ThirdPartyNb) in loaded IOC file
2026-06-03 17:38:32,673 [INFO] ImportTextPane:218 - (OptionalMessage_ERROR) Pin35 (VP_RIF_VS_RIF1) cannot be retrieved for this MCU
2026-06-03 17:38:33,055 [INFO] RtosManager:558 - Registered RTOS mode: class=CMSIS, group=RTOS, mode=CMSIS_V1, owner=FREERTOS
2026-06-03 17:38:33,055 [INFO] RtosManager:558 - Registered RTOS mode: class=CMSIS, group=RTOS2, mode=CMSIS_V2, owner=FREERTOS
2026-06-03 17:38:33,056 [INFO] RtosManager:558 - Registered RTOS mode: class=RTOS, group=Core, mode=CMSIS_V1, owner=FREERTOS
2026-06-03 17:38:33,056 [INFO] RtosManager:558 - Registered RTOS mode: class=RTOS, group=Core, mode=CMSIS_V2, owner=FREERTOS
2026-06-03 17:38:33,056 [WARN] ModelIntegratedComponent:184 - Missing modes for component STMicroelectronics:FreeRTOS:0.0.1:STMicroelectronics:RTOS:FreeRTOS:Core:::10.2.0:
2026-06-03 17:38:33,072 [WARN] ModelIntegratedComponent:63 - No mode defined for component null
2026-06-03 17:38:33,072 [WARN] ModelIntegratedComponent:63 - No mode defined for component null
2026-06-03 17:38:33,072 [WARN] ModelIntegratedComponent:63 - No mode defined for component null
2026-06-03 17:38:33,072 [WARN] ModelIntegratedComponent:63 - No mode defined for component null
2026-06-03 17:38:33,072 [WARN] ModelIntegratedComponent:63 - No mode defined for component null
2026-06-03 17:38:33,072 [WARN] ModelIntegratedComponent:63 - No mode defined for component null
2026-06-03 17:38:33,072 [WARN] ModelIntegratedComponent:63 - No mode defined for component null
2026-06-03 17:38:33,072 [WARN] ModelIntegratedComponent:63 - No mode defined for component null
2026-06-03 17:38:33,072 [WARN] ModelIntegratedComponent:63 - No mode defined for component null
2026-06-03 17:38:33,073 [WARN] ModelIntegratedComponent:63 - No mode defined for component null
2026-06-03 17:38:33,073 [WARN] ModelIntegratedComponent:63 - No mode defined for component null
2026-06-03 17:38:33,073 [WARN] ModelIntegratedComponent:63 - No mode defined for component null
2026-06-03 17:38:33,073 [WARN] ModelIntegratedComponent:63 - No mode defined for component null
2026-06-03 17:38:33,073 [WARN] ModelIntegratedComponent:63 - No mode defined for component null
2026-06-03 17:38:33,073 [WARN] ModelIntegratedComponent:63 - No mode defined for component null
2026-06-03 17:38:33,073 [WARN] ModelIntegratedComponent:63 - No mode defined for component null
2026-06-03 17:38:33,073 [WARN] ModelIntegratedComponent:63 - No mode defined for component null
2026-06-03 17:38:33,073 [WARN] ModelIntegratedComponent:63 - No mode defined for component null
2026-06-03 17:38:33,073 [WARN] ModelIntegratedComponent:63 - No mode defined for component null
2026-06-03 17:38:33,073 [WARN] ModelIntegratedComponent:63 - No mode defined for component null
2026-06-03 17:38:33,073 [WARN] ModelIntegratedComponent:63 - No mode defined for component null
2026-06-03 17:38:33,073 [WARN] ModelIntegratedComponent:63 - No mode defined for component null
2026-06-03 17:38:33,073 [WARN] ModelIntegratedComponent:63 - No mode defined for component null
2026-06-03 17:38:33,074 [WARN] ModelIntegratedComponent:63 - No mode defined for component null
2026-06-03 17:38:33,074 [WARN] ModelIntegratedComponent:63 - No mode defined for component null
2026-06-03 17:38:33,074 [WARN] ModelIntegratedComponent:63 - No mode defined for component null
2026-06-03 17:38:33,074 [WARN] ModelIntegratedComponent:63 - No mode defined for component null
2026-06-03 17:38:33,074 [WARN] ModelIntegratedComponent:63 - No mode defined for component null
2026-06-03 17:38:33,074 [WARN] ModelIntegratedComponent:63 - No mode defined for component null
2026-06-03 17:38:33,074 [WARN] ModelIntegratedComponent:63 - No mode defined for component null
2026-06-03 17:38:33,074 [WARN] ModelIntegratedComponent:63 - No mode defined for component null
2026-06-03 17:38:33,074 [WARN] ModelIntegratedComponent:63 - No mode defined for component null
2026-06-03 17:38:33,074 [WARN] ModelIntegratedComponent:63 - No mode defined for component null
2026-06-03 17:38:33,074 [WARN] ModelIntegratedComponent:63 - No mode defined for component null
2026-06-03 17:38:33,074 [WARN] ModelIntegratedComponent:63 - No mode defined for component null
2026-06-03 17:38:33,075 [WARN] ModelPack:524 - Component already loaded: STMicroelectronics:HAL Drivers:0.0.0:STMicroelectronics:Device:STMicro_Driver:XSPI:HAL::0.0.1:HAL_XSPI
2026-06-03 17:38:33,421 [INFO] ThirdPartyModel:298 - Start build external matchings
2026-06-03 17:38:34,620 [INFO] ThirdPartyModel:316 - End build external matchings
2026-06-03 17:38:34,654 [INFO] ImportTextPane:218 - (OptionalMessage_ERROR) IP (RCC) : Parameter (RTCHSEDivFreq_Value) has invalid value (4000000)
2026-06-03 17:38:35,268 [INFO] UtilMem:75 - End LoadConfig() Used Memory: 915803176 Bytes (1073741824)
2026-06-03 17:38:35,514 [WARN] ThirdParty:833 - waiting for thirdparty lock release [change project]
2026-06-03 17:38:35,514 [INFO] ThirdParty:835 - entering critical section [change project]
2026-06-03 17:38:35,514 [INFO] ThirdParty:1030 - CMSIS Pack Vendor :STMicroelectronics X-CUBE-AZRTOS-H7 3.5.0
2026-06-03 17:38:35,514 [INFO] ThirdParty:1030 - CMSIS Pack Vendor :STMicroelectronics X-CUBE-PM33A1 1.0.0
2026-06-03 17:38:35,514 [INFO] ThirdParty:1030 - CMSIS Pack Vendor :STMicroelectronics USBPD 4.1
2026-06-03 17:38:35,514 [INFO] ThirdParty:1030 - CMSIS Pack Vendor :STMicroelectronics X-CUBE-NFC9 1.0.0
2026-06-03 17:38:35,514 [INFO] ThirdParty:1030 - CMSIS Pack Vendor :STMicroelectronics USB_HOST 2.0.0
2026-06-03 17:38:35,514 [INFO] ThirdParty:1030 - CMSIS Pack Vendor :STMicroelectronics X-CUBE-AZRTOS-F4 1.1.0
2026-06-03 17:38:35,514 [INFO] ThirdParty:1030 - CMSIS Pack Vendor :STMicroelectronics LIBJPEG 8.0.0
2026-06-03 17:38:35,514 [INFO] ThirdParty:1030 - CMSIS Pack Vendor :STMicroelectronics FP-ATR-ASTRA1 2.0.2
2026-06-03 17:38:35,514 [INFO] ThirdParty:1030 - CMSIS Pack Vendor :STMicroelectronics X-CUBE-BLE1 7.1.0
2026-06-03 17:38:35,514 [INFO] ThirdParty:1030 - CMSIS Pack Vendor :STMicroelectronics X-CUBE-SMBUS 2.1.0
2026-06-03 17:38:35,514 [INFO] ThirdParty:1030 - CMSIS Pack Vendor :wolfSSL I-CUBE-wolfMQTT 1.19.2
2026-06-03 17:38:35,514 [INFO] ThirdParty:1030 - CMSIS Pack Vendor :STMicroelectronics USB_DEVICE 3.0.0
2026-06-03 17:38:35,514 [INFO] ThirdParty:1030 - CMSIS Pack Vendor :STMicroelectronics X-CUBE-ISPU 2.1.0
2026-06-03 17:38:35,515 [INFO] ThirdParty:1030 - CMSIS Pack Vendor :STMicroelectronics X-CUBE-EEPRMA1 5.2.0
2026-06-03 17:38:35,515 [INFO] ThirdParty:1030 - CMSIS Pack Vendor :STMicroelectronics X-CUBE-BLEMGR 4.1.0
2026-06-03 17:38:35,515 [INFO] ThirdParty:1030 - CMSIS Pack Vendor :STMicroelectronics eDS-WB_DPC_TT-BIDIR 2.1.1
2026-06-03 17:38:35,515 [INFO] ThirdParty:1030 - CMSIS Pack Vendor :STMicroelectronics X-CUBE-AZRTOS-WB 2.0.0
2026-06-03 17:38:35,515 [INFO] ThirdParty:1030 - CMSIS Pack Vendor :wolfSSL I-CUBE-wolfSSL 5.8.4
2026-06-03 17:38:35,515 [INFO] ThirdParty:1030 - CMSIS Pack Vendor :STMicroelectronics X-CUBE-NFC12 1.0.0
2026-06-03 17:38:35,515 [INFO] ThirdParty:1030 - CMSIS Pack Vendor :STMicroelectronics X-CUBE-AZRTOS-F7 1.1.0
2026-06-03 17:38:35,515 [INFO] ThirdParty:1030 - CMSIS Pack Vendor :STMicroelectronics X-CUBE-AZRTOS-L5 2.0.0
2026-06-03 17:38:35,515 [INFO] ThirdParty:1030 - CMSIS Pack Vendor :STMicroelectronics USB_DEVICE 2.0.0
2026-06-03 17:38:35,515 [INFO] ThirdParty:1030 - CMSIS Pack Vendor :quantropi X-CUBE-qispace-sdk-base 2.1.0
2026-06-03 17:38:35,515 [INFO] ThirdParty:1030 - CMSIS Pack Vendor :STMicroelectronics X-CUBE-MEMS1 12.0.0
2026-06-03 17:38:35,515 [INFO] ThirdParty:1030 - CMSIS Pack Vendor :STMicroelectronics X-CUBE-STSE01 2.0.0
2026-06-03 17:38:35,515 [INFO] ThirdParty:1030 - CMSIS Pack Vendor :STMicroelectronics X-CUBE-ALGOBUILD 1.5.0
2026-06-03 17:38:35,515 [INFO] ThirdParty:1030 - CMSIS Pack Vendor :STMicroelectronics FreeRTOS 0.0.1
2026-06-03 17:38:35,515 [INFO] ThirdParty:1030 - CMSIS Pack Vendor :STMicroelectronics X-CUBE-AZRTOS-G0 1.1.0
2026-06-03 17:38:35,515 [INFO] ThirdParty:1030 - CMSIS Pack Vendor :STMicroelectronics X-CUBE-NFC4 3.0.0
2026-06-03 17:38:35,515 [INFO] ThirdParty:1030 - CMSIS Pack Vendor :STMicroelectronics X-CUBE-SUBG2 5.0.0
2026-06-03 17:38:35,515 [INFO] ThirdParty:1030 - CMSIS Pack Vendor :STMicroelectronics STM32_WPAN 1.0.0
2026-06-03 17:38:35,515 [INFO] ThirdParty:1030 - CMSIS Pack Vendor :STMicroelectronics eDS-WB_DPC_VIENNA 1.2.0
2026-06-03 17:38:35,515 [INFO] ThirdParty:1030 - CMSIS Pack Vendor :EmbeddedOffice I-CUBE-FS-RTOS 1.0.1
2026-06-03 17:38:35,515 [INFO] ThirdParty:1030 - CMSIS Pack Vendor :STMicroelectronics lwIP 2.0.3
2026-06-03 17:38:35,515 [INFO] ThirdParty:1030 - CMSIS Pack Vendor :STMicroelectronics eDS-WB_DPC_3PH2L-BIDIR 1.1.1
2026-06-03 17:38:35,515 [INFO] ThirdParty:1030 - CMSIS Pack Vendor :STMicroelectronics USB_HOST 1.0.0
2026-06-03 17:38:35,515 [INFO] ThirdParty:1030 - CMSIS Pack Vendor :STMicroelectronics X-CUBE-AZRTOS-G4 2.0.0
2026-06-03 17:38:35,515 [INFO] ThirdParty:1030 - CMSIS Pack Vendor :STMicroelectronics PDM2PCM 3.1.0
2026-06-03 17:38:35,515 [INFO] ThirdParty:1030 - CMSIS Pack Vendor :STMicroelectronics PDM2PCM 3.3.0
2026-06-03 17:38:35,516 [INFO] ThirdParty:1030 - CMSIS Pack Vendor :wolfSSL I-CUBE-wolfTPM 3.8.0
2026-06-03 17:38:35,516 [INFO] ThirdParty:1030 - CMSIS Pack Vendor :STMicroelectronics X-CUBE-DISPLAY 3.0.0
2026-06-03 17:38:35,516 [INFO] ThirdParty:1030 - CMSIS Pack Vendor :wolfSSL I-CUBE-wolfSSH 1.4.20
2026-06-03 17:38:35,516 [INFO] ThirdParty:1030 - CMSIS Pack Vendor :STMicroelectronics X-CUBE-NFC7 2.0.0
2026-06-03 17:38:35,516 [INFO] ThirdParty:1030 - CMSIS Pack Vendor :STMicroelectronics X-CUBE-GNSS1 7.1.1
2026-06-03 17:38:35,516 [INFO] ThirdParty:1030 - CMSIS Pack Vendor :STMicroelectronics X-CUBE-TCPP 4.2.0
2026-06-03 17:38:35,516 [INFO] ThirdParty:1030 - CMSIS Pack Vendor :RealThread X-CUBE-RT-Thread_Nano 4.1.1
2026-06-03 17:38:35,516 [INFO] ThirdParty:1030 - CMSIS Pack Vendor :STMicroelectronics FP-ATR-SIGFOX1 3.2.0
2026-06-03 17:38:35,516 [INFO] ThirdParty:1030 - CMSIS Pack Vendor :STMicroelectronics X-CUBE-NFC10 1.0.0
2026-06-03 17:38:35,516 [INFO] ThirdParty:1030 - CMSIS Pack Vendor :STMicroelectronics HAL Drivers 0.0.0
2026-06-03 17:38:35,516 [INFO] ThirdParty:1030 - CMSIS Pack Vendor :STMicroelectronics MBEDTLS 2.16.2
2026-06-03 17:38:35,516 [INFO] ThirdParty:1030 - CMSIS Pack Vendor :STMicroelectronics X-CUBE-ST60 1.1.0
2026-06-03 17:38:35,516 [INFO] ThirdParty:1030 - CMSIS Pack Vendor :STMicroelectronics X-CUBE-ALS 1.0.2
2026-06-03 17:38:35,516 [INFO] ThirdParty:1030 - CMSIS Pack Vendor :emotas I-CUBE-CANOPEN 1.3.0
2026-06-03 17:38:35,516 [INFO] ThirdParty:1030 - CMSIS Pack Vendor :STMicroelectronics MBEDTLS 2.14.1
2026-06-03 17:38:35,517 [INFO] ThirdParty:1030 - CMSIS Pack Vendor :STMicroelectronics X-CUBE-GNSS1 7.1.0
2026-06-03 17:38:35,517 [INFO] ThirdParty:1030 - CMSIS Pack Vendor :ITTIA_DB I-CUBE-ITTIADB 8.9.0
2026-06-03 17:38:35,517 [INFO] ThirdParty:1030 - CMSIS Pack Vendor :Cesanta I-CUBE-Mongoose 7.21.0
2026-06-03 17:38:35,517 [INFO] ThirdParty:1030 - CMSIS Pack Vendor :STMicroelectronics X-CUBE-TOUCHGFX 4.26.1
2026-06-03 17:38:35,517 [INFO] ThirdParty:1030 - CMSIS Pack Vendor :STMicroelectronics X-CUBE-NFC6 3.2.0
2026-06-03 17:38:35,517 [INFO] ThirdParty:1030 - CMSIS Pack Vendor :STMicroelectronics X-CUBE-AI 10.2.0
2026-06-03 17:38:35,517 [INFO] ThirdParty:1030 - CMSIS Pack Vendor :STMicroelectronics FP-SNS-STAIOTCFT 1.0.0
2026-06-03 17:38:35,517 [INFO] ThirdParty:1030 - CMSIS Pack Vendor :STMicroelectronics ThreadX 1.0.0
2026-06-03 17:38:35,517 [INFO] ThirdParty:1030 - CMSIS Pack Vendor :STMicroelectronics FP-SNS-SMARTAG2 1.2.0
2026-06-03 17:38:35,517 [INFO] ThirdParty:1030 - CMSIS Pack Vendor :STMicroelectronics X-CUBE-MEMS1 12.1.0
2026-06-03 17:38:35,518 [INFO] ThirdParty:1030 - CMSIS Pack Vendor :STMicroelectronics FP-SNS-FLIGHT1 5.1.0
2026-06-03 17:38:35,518 [INFO] ThirdParty:1030 - CMSIS Pack Vendor :STMicroelectronics X-CUBE-AZRTOS-WL 2.0.0
2026-06-03 17:38:35,518 [INFO] ThirdParty:1030 - CMSIS Pack Vendor :SEGGER I-CUBE-embOS 1.3.1
2026-06-03 17:38:35,518 [INFO] ThirdParty:1030 - CMSIS Pack Vendor :STMicroelectronics X-CUBE-ALGOBUILD 1.4.0
2026-06-03 17:38:35,518 [INFO] ThirdParty:1030 - CMSIS Pack Vendor :STMicroelectronics X-CUBE-DPower 1.3.0
2026-06-03 17:38:35,518 [INFO] ThirdParty:1030 - CMSIS Pack Vendor :STMicroelectronics USB_DEVICE 1.0.0
2026-06-03 17:38:35,518 [INFO] ThirdParty:1030 - CMSIS Pack Vendor :STMicroelectronics X-CUBE-AZRTOS-H7RS 1.2.0
2026-06-03 17:38:35,518 [INFO] ThirdParty:1030 - CMSIS Pack Vendor :STMicroelectronics X-CUBE-AZRTOS-L4 2.0.0
2026-06-03 17:38:35,518 [INFO] ThirdParty:1030 - CMSIS Pack Vendor :STMicroelectronics ThreadX 0.0.2
2026-06-03 17:38:35,518 [INFO] ThirdParty:1030 - CMSIS Pack Vendor :STMicroelectronics lwIP 2.1.2
2026-06-03 17:38:35,518 [INFO] ThirdParty:1030 - CMSIS Pack Vendor :STMicroelectronics X-CUBE-SFXS2LP1 4.0.0
2026-06-03 17:38:35,518 [INFO] ThirdParty:1030 - CMSIS Pack Vendor :STMicroelectronics X-CUBE-BLE2 3.3.0
2026-06-03 17:38:35,518 [INFO] ThirdParty:1030 - CMSIS Pack Vendor :Avnet-IOTCONNECT X-CUBE-iotc-st67-sdk 1.0.0
2026-06-03 17:38:35,518 [INFO] ThirdParty:1030 - CMSIS Pack Vendor :STMicroelectronics X-CUBE-TOF1 3.4.3
2026-06-03 17:38:35,518 [INFO] ThirdParty:1030 - CMSIS Pack Vendor :Infineon AIROC-Wi-Fi-Bluetooth-STM32 1.8.0
2026-06-03 17:38:35,518 [INFO] ThirdParty:1030 - CMSIS Pack Vendor :STMicroelectronics PDM2PCM 3.2.0
2026-06-03 17:38:35,518 [INFO] ThirdParty:1030 - CMSIS Pack Vendor :STMicroelectronics X-CUBE-WB05N 2.1.0
2026-06-03 17:38:35,519 [INFO] ThirdParty:841 - exiting critical section [change project]
2026-06-03 17:38:36,015 [INFO] PinOutPanel:1589 - setPackage(No Configuration,No Configuration)
2026-06-03 17:38:36,017 [INFO] PinOutPanel:1589 - setPackage(STM32F407VGTx,LQFP100)
2026-06-03 17:38:36,443 [INFO] UtilMem:75 - Before build in PCC Used Memory: 851168424 Bytes (1073741824)
2026-06-03 17:38:36,877 [INFO] UtilMem:75 - After build in PCC Used Memory: 899402920 Bytes (1073741824)
2026-06-03 17:38:36,890 [INFO] ApiDbMcu:508 - Load IP Config File for USB_HOST
2026-06-03 17:38:36,891 [WARN] BspModel:444 - BSP dependency skipped because of component: name='IOExpander', api='Unknown'
2026-06-03 17:38:36,931 [INFO] IPUIPlugin:80 - create IPUIPlugin
2026-06-03 17:38:36,931 [INFO] IPUIPlugin:80 - create IPUIPlugin
2026-06-03 17:38:36,932 [INFO] IPUIPlugin:80 - create IPUIPlugin
2026-06-03 17:38:36,932 [INFO] IPUIPlugin:80 - create IPUIPlugin
2026-06-03 17:38:36,932 [INFO] IPUIPlugin:80 - create IPUIPlugin
2026-06-03 17:38:36,932 [INFO] IPUIPlugin:80 - create IPUIPlugin
2026-06-03 17:38:36,933 [INFO] IPUIPlugin:80 - create IPUIPlugin
2026-06-03 17:38:36,933 [INFO] IPUIPlugin:80 - create IPUIPlugin
2026-06-03 17:38:36,933 [INFO] IPUIPlugin:80 - create IPUIPlugin
2026-06-03 17:38:36,933 [INFO] IPUIPlugin:80 - create IPUIPlugin
2026-06-03 17:38:36,934 [INFO] IPUIPlugin:80 - create IPUIPlugin
2026-06-03 17:38:36,934 [INFO] IPUIPlugin:80 - create IPUIPlugin
2026-06-03 17:38:36,935 [INFO] IPUIPlugin:80 - create IPUIPlugin
2026-06-03 17:38:36,935 [INFO] IPUIPlugin:80 - create IPUIPlugin
2026-06-03 17:38:36,935 [INFO] IPUIPlugin:80 - create IPUIPlugin
2026-06-03 17:38:36,936 [INFO] IPUIPlugin:80 - create IPUIPlugin
2026-06-03 17:38:36,936 [INFO] IPUIPlugin:80 - create IPUIPlugin
2026-06-03 17:38:36,936 [INFO] IPUIPlugin:80 - create IPUIPlugin
2026-06-03 17:38:36,936 [INFO] IPUIPlugin:80 - create IPUIPlugin
2026-06-03 17:38:36,937 [INFO] IPUIPlugin:80 - create IPUIPlugin
2026-06-03 17:38:36,937 [INFO] IPUIPlugin:80 - create IPUIPlugin
2026-06-03 17:38:36,938 [INFO] IPUIPlugin:80 - create IPUIPlugin
2026-06-03 17:38:36,939 [INFO] IPUIPlugin:80 - create IPUIPlugin
2026-06-03 17:38:36,939 [INFO] IPUIPlugin:80 - create IPUIPlugin
2026-06-03 17:38:36,940 [INFO] IPUIPlugin:80 - create IPUIPlugin
2026-06-03 17:38:36,940 [INFO] IPUIPlugin:80 - create IPUIPlugin
2026-06-03 17:38:36,940 [INFO] IPUIPlugin:80 - create IPUIPlugin
2026-06-03 17:38:36,941 [INFO] IPUIPlugin:80 - create IPUIPlugin
2026-06-03 17:38:36,941 [INFO] IPUIPlugin:80 - create IPUIPlugin
2026-06-03 17:38:36,941 [INFO] IPUIPlugin:80 - create IPUIPlugin
2026-06-03 17:38:36,941 [INFO] IPUIPlugin:80 - create IPUIPlugin
2026-06-03 17:38:36,942 [INFO] IPUIPlugin:80 - create IPUIPlugin
2026-06-03 17:38:36,942 [INFO] IPUIPlugin:80 - create IPUIPlugin
2026-06-03 17:38:36,942 [INFO] IPUIPlugin:80 - create IPUIPlugin
2026-06-03 17:38:36,943 [INFO] IPUIPlugin:80 - create IPUIPlugin
2026-06-03 17:38:36,943 [INFO] IPUIPlugin:80 - create IPUIPlugin
2026-06-03 17:38:36,943 [INFO] IPUIPlugin:80 - create IPUIPlugin
2026-06-03 17:38:36,943 [INFO] IPUIPlugin:80 - create IPUIPlugin
2026-06-03 17:38:36,944 [INFO] IPUIPlugin:80 - create IPUIPlugin
2026-06-03 17:38:36,944 [INFO] IPUIPlugin:80 - create IPUIPlugin
2026-06-03 17:38:36,944 [INFO] IPUIPlugin:80 - create IPUIPlugin
2026-06-03 17:38:36,945 [INFO] IPUIPlugin:80 - create IPUIPlugin
2026-06-03 17:38:36,945 [INFO] IPUIPlugin:80 - create IPUIPlugin
2026-06-03 17:38:36,945 [INFO] IPUIPlugin:80 - create IPUIPlugin
2026-06-03 17:38:36,945 [INFO] IPUIPlugin:80 - create IPUIPlugin
2026-06-03 17:38:36,946 [INFO] IPUIPlugin:80 - create IPUIPlugin
2026-06-03 17:38:36,946 [INFO] IPUIPlugin:80 - create IPUIPlugin
2026-06-03 17:38:36,947 [INFO] IPUIPlugin:80 - create IPUIPlugin
2026-06-03 17:38:36,947 [INFO] IPUIPlugin:80 - create IPUIPlugin
2026-06-03 17:38:36,947 [INFO] IPUIPlugin:80 - create IPUIPlugin
2026-06-03 17:38:36,948 [INFO] IPUIPlugin:80 - create IPUIPlugin
2026-06-03 17:38:36,948 [INFO] IPUIPlugin:80 - create IPUIPlugin
2026-06-03 17:38:36,949 [INFO] IPUIPlugin:80 - create IPUIPlugin
2026-06-03 17:38:36,950 [INFO] IPUIPlugin:80 - create IPUIPlugin
2026-06-03 17:38:36,950 [INFO] IPUIPlugin:80 - create IPUIPlugin
2026-06-03 17:38:36,951 [INFO] IPUIPlugin:80 - create IPUIPlugin
2026-06-03 17:38:36,951 [INFO] IPUIPlugin:80 - create IPUIPlugin
2026-06-03 17:38:36,952 [INFO] IPUIPlugin:80 - create IPUIPlugin
2026-06-03 17:38:36,960 [INFO] ApiDbMcu:508 - Load IP Config File for PDM2PCM
2026-06-03 17:38:36,961 [WARN] IP:2250 - I2C_Coeff_DF not found: check if there is a RefParameter without a condition.
2026-06-03 17:38:36,961 [WARN] IP:2250 - Analog_Filter not found: check if there is a RefParameter without a condition.
2026-06-03 17:38:36,965 [INFO] I2sManager:658 - 9.6E7
2026-06-03 17:38:36,965 [INFO] I2sManager:195 - I2S Clock Value : 9.6E7
2026-06-03 17:38:36,966 [INFO] I2sManager:553 - AudioClock : 93750Divider : 2Odd : 0
2026-06-03 17:38:37,070 [INFO] CADModel:165 - CPN selected for project levelSTM32F407VGT6
2026-06-03 17:38:37,070 [INFO] CADModel:114 - Register for checkConnection events
2026-06-03 17:38:37,133 [INFO] OpenFileManager:385 - Restore cursor
2026-06-03 17:38:37,445 [WARN] IP:2250 - I2C_Coeff_DF not found: check if there is a RefParameter without a condition.
2026-06-03 17:38:37,445 [WARN] IP:2250 - Analog_Filter not found: check if there is a RefParameter without a condition.
2026-06-03 17:38:37,446 [WARN] IP:2250 - I2C_Coeff_DF not found: check if there is a RefParameter without a condition.
2026-06-03 17:38:37,446 [WARN] IP:2250 - Analog_Filter not found: check if there is a RefParameter without a condition.
2026-06-03 17:38:37,922 [INFO] UtilMem:75 - End SaveConfig() Used Memory: 771959848 Bytes (1073741824)
2026-06-03 17:38:38,086 [INFO] UtilMem:75 - End SaveConfig() Used Memory: 794001480 Bytes (1073741824)
2026-06-03 17:38:38,910 [INFO] BlockDiagram:2775 - set Specific Code input for plugin: SPI
2026-06-03 17:38:38,910 [INFO] BlockDiagram:2775 - set Specific Code input for plugin: I2S
2026-06-03 17:38:38,910 [INFO] BlockDiagram:2775 - set Specific Code input for plugin: SYS
2026-06-03 17:38:38,910 [INFO] BlockDiagram:2775 - set Specific Code input for plugin: RCC
2026-06-03 17:38:38,910 [INFO] BlockDiagram:2775 - set Specific Code input for plugin: I2C
2026-06-03 17:38:38,911 [INFO] BlockDiagram:2775 - set Specific Code input for plugin: USB_OTG_FS
2026-06-03 17:38:38,911 [INFO] BlockDiagram:2775 - set Specific Code input for plugin: NVIC
2026-06-03 17:38:38,911 [INFO] BlockDiagram:2775 - set Specific Code input for plugin: USB_HOST
2026-06-03 17:38:38,911 [INFO] BlockDiagram:2775 - set Specific Code input for plugin: GPIO
2026-06-03 17:38:38,913 [INFO] CodeGenerator:882 - code generatio: config db path: C:\ST\STM32CubeIDE_1.18.0\STM32CubeIDE\plugins\com.st.stm32cube.common.mx_6.14.0.202502271554\\db\
2026-06-03 17:38:38,918 [WARN] IP:2250 - I2C_Coeff_DF not found: check if there is a RefParameter without a condition.
2026-06-03 17:38:38,919 [WARN] IP:2250 - Analog_Filter not found: check if there is a RefParameter without a condition.
2026-06-03 17:38:39,171 [INFO] CodeEngine:263 - oldGeneratedFile, C:\Users\hp\STM32CubeIDE\workspace_1.18.0\26_16x2I_LCD\MXTmpFiles\license.tmp_save
2026-06-03 17:38:39,692 [INFO] CodeEngine:287 - Generated code: C:\Users\hp\STM32CubeIDE\workspace_1.18.0\26_16x2I_LCD\MXTmpFiles\license.tmp
2026-06-03 17:38:39,833 [INFO] CodeEngine:263 - oldGeneratedFile, C:\Users\hp\STM32CubeIDE\workspace_1.18.0\26_16x2I_LCD\MXTmpFiles\gpio.tmp_save
2026-06-03 17:38:40,098 [INFO] CodeEngine:287 - Generated code: C:\Users\hp\STM32CubeIDE\workspace_1.18.0\26_16x2I_LCD\MXTmpFiles\gpio.tmp
2026-06-03 17:38:40,205 [WARN] IPConfigManager:3174 - Warning: the RefConfig PWREx_EnableUSBVoltageDetector is not available in your config.xml file
2026-06-03 17:38:40,222 [INFO] CodeEngine:263 - oldGeneratedFile, C:\Users\hp\STM32CubeIDE\workspace_1.18.0\26_16x2I_LCD\MXTmpFiles\usb_otg_fs_vars.tmp_save
2026-06-03 17:38:40,447 [INFO] CodeEngine:287 - Generated code: C:\Users\hp\STM32CubeIDE\workspace_1.18.0\26_16x2I_LCD\MXTmpFiles\usb_otg_fs_vars.tmp
2026-06-03 17:38:40,465 [INFO] CodeEngine:263 - oldGeneratedFile, C:\Users\hp\STM32CubeIDE\workspace_1.18.0\26_16x2I_LCD\MXTmpFiles\usb_otg_fs_inc.tmp_save
2026-06-03 17:38:40,619 [INFO] CodeEngine:287 - Generated code: C:\Users\hp\STM32CubeIDE\workspace_1.18.0\26_16x2I_LCD\MXTmpFiles\usb_otg_fs_inc.tmp
2026-06-03 17:38:40,633 [INFO] CodeEngine:263 - oldGeneratedFile, C:\Users\hp\STM32CubeIDE\workspace_1.18.0\26_16x2I_LCD\MXTmpFiles\usb_otg_fs_HalInit.tmp_save
2026-06-03 17:38:40,855 [INFO] CodeEngine:287 - Generated code: C:\Users\hp\STM32CubeIDE\workspace_1.18.0\26_16x2I_LCD\MXTmpFiles\usb_otg_fs_HalInit.tmp
2026-06-03 17:38:40,871 [INFO] CodeEngine:263 - oldGeneratedFile, C:\Users\hp\STM32CubeIDE\workspace_1.18.0\26_16x2I_LCD\MXTmpFiles\usb_otg_fs_Msp.tmp_save
2026-06-03 17:38:41,103 [INFO] CodeEngine:287 - Generated code: C:\Users\hp\STM32CubeIDE\workspace_1.18.0\26_16x2I_LCD\MXTmpFiles\usb_otg_fs_Msp.tmp
2026-06-03 17:38:41,450 [INFO] CodeEngine:263 - oldGeneratedFile, C:\Users\hp\STM32CubeIDE\workspace_1.18.0\26_16x2I_LCD\USB_HOST\App\usb_host.c_save
2026-06-03 17:38:41,665 [INFO] CodeEngine:287 - Generated code: C:\Users\hp\STM32CubeIDE\workspace_1.18.0\26_16x2I_LCD\USB_HOST\App\usb_host.c
2026-06-03 17:38:41,674 [INFO] CodeEngine:263 - oldGeneratedFile, C:\Users\hp\STM32CubeIDE\workspace_1.18.0\26_16x2I_LCD\USB_HOST\App\usb_host.h_save
2026-06-03 17:38:41,840 [INFO] CodeEngine:287 - Generated code: C:\Users\hp\STM32CubeIDE\workspace_1.18.0\26_16x2I_LCD\USB_HOST\App\usb_host.h
2026-06-03 17:38:41,848 [INFO] CodeEngine:263 - oldGeneratedFile, C:\Users\hp\STM32CubeIDE\workspace_1.18.0\26_16x2I_LCD\USB_HOST\Target\usbh_conf.h_save
2026-06-03 17:38:42,032 [INFO] CodeEngine:287 - Generated code: C:\Users\hp\STM32CubeIDE\workspace_1.18.0\26_16x2I_LCD\USB_HOST\Target\usbh_conf.h
2026-06-03 17:38:42,041 [INFO] CodeEngine:263 - oldGeneratedFile, C:\Users\hp\STM32CubeIDE\workspace_1.18.0\26_16x2I_LCD\USB_HOST\Target\usbh_conf.c_save
2026-06-03 17:38:42,277 [INFO] CodeEngine:287 - Generated code: C:\Users\hp\STM32CubeIDE\workspace_1.18.0\26_16x2I_LCD\USB_HOST\Target\usbh_conf.c
2026-06-03 17:38:42,305 [INFO] CodeEngine:263 - oldGeneratedFile, C:\Users\hp\STM32CubeIDE\workspace_1.18.0\26_16x2I_LCD\USB_HOST\Target\usbh_platform.c_save
2026-06-03 17:38:42,459 [INFO] CodeEngine:287 - Generated code: C:\Users\hp\STM32CubeIDE\workspace_1.18.0\26_16x2I_LCD\USB_HOST\Target\usbh_platform.c
2026-06-03 17:38:42,467 [INFO] CodeEngine:263 - oldGeneratedFile, C:\Users\hp\STM32CubeIDE\workspace_1.18.0\26_16x2I_LCD\USB_HOST\Target\usbh_platform.h_save
2026-06-03 17:38:42,592 [INFO] CodeEngine:287 - Generated code: C:\Users\hp\STM32CubeIDE\workspace_1.18.0\26_16x2I_LCD\USB_HOST\Target\usbh_platform.h
2026-06-03 17:38:42,619 [INFO] CodeEngine:263 - oldGeneratedFile, C:\Users\hp\STM32CubeIDE\workspace_1.18.0\26_16x2I_LCD\Core\Src\stm32f4xx_it.c_save
2026-06-03 17:38:42,941 [INFO] CodeEngine:287 - Generated code: C:\Users\hp\STM32CubeIDE\workspace_1.18.0\26_16x2I_LCD\Core\Src\stm32f4xx_it.c
2026-06-03 17:38:42,949 [INFO] CodeEngine:263 - oldGeneratedFile, C:\Users\hp\STM32CubeIDE\workspace_1.18.0\26_16x2I_LCD\Core\Inc\stm32f4xx_it.h_save
2026-06-03 17:38:43,052 [INFO] CodeEngine:287 - Generated code: C:\Users\hp\STM32CubeIDE\workspace_1.18.0\26_16x2I_LCD\Core\Inc\stm32f4xx_it.h
2026-06-03 17:38:43,085 [INFO] CodeEngine:263 - oldGeneratedFile, C:\Users\hp\STM32CubeIDE\workspace_1.18.0\26_16x2I_LCD\Core\Src\stm32f4xx_hal_msp.c_save
2026-06-03 17:38:43,298 [INFO] CodeEngine:287 - Generated code: C:\Users\hp\STM32CubeIDE\workspace_1.18.0\26_16x2I_LCD\Core\Src\stm32f4xx_hal_msp.c
2026-06-03 17:38:43,321 [INFO] CodeEngine:263 - oldGeneratedFile, C:\Users\hp\STM32CubeIDE\workspace_1.18.0\26_16x2I_LCD\MXTmpFiles\system.tmp_save
2026-06-03 17:38:43,418 [INFO] CodeEngine:287 - Generated code: C:\Users\hp\STM32CubeIDE\workspace_1.18.0\26_16x2I_LCD\MXTmpFiles\system.tmp
2026-06-03 17:38:43,439 [INFO] CodeEngine:319 - oldGeneratedFile, C:\Users\hp\STM32CubeIDE\workspace_1.18.0\26_16x2I_LCD\Core\Inc\stm32f4xx_hal_conf.h_save
2026-06-03 17:38:43,625 [INFO] CodeEngine:343 - Generated code: C:\Users\hp\STM32CubeIDE\workspace_1.18.0\26_16x2I_LCD\Core\Inc\stm32f4xx_hal_conf.h
2026-06-03 17:38:43,683 [INFO] ApiDbMcu:508 - Load IP Config File for I2C1
2026-06-03 17:38:43,688 [INFO] ApiDbMcu:508 - Load IP Config File for I2S3
2026-06-03 17:38:43,692 [INFO] ApiDbMcu:508 - Load IP Config File for SPI1
2026-06-03 17:38:43,697 [INFO] ApiDbMcu:508 - Load IP Config File for RCC
2026-06-03 17:38:43,722 [INFO] CodeEngine:263 - oldGeneratedFile, C:\Users\hp\STM32CubeIDE\workspace_1.18.0\26_16x2I_LCD\Core\Inc\main.h_save
2026-06-03 17:38:43,906 [INFO] CodeEngine:287 - Generated code: C:\Users\hp\STM32CubeIDE\workspace_1.18.0\26_16x2I_LCD\Core\Inc\main.h
2026-06-03 17:38:43,914 [INFO] CodeEngine:263 - oldGeneratedFile, C:\Users\hp\STM32CubeIDE\workspace_1.18.0\26_16x2I_LCD\Core\Src\main.c_save
2026-06-03 17:38:44,123 [INFO] CodeEngine:287 - Generated code: C:\Users\hp\STM32CubeIDE\workspace_1.18.0\26_16x2I_LCD\Core\Src\main.c
2026-06-03 17:38:45,122 [INFO] ProjectBuilder:3324 - Time for Copy HAL[1] : 559mS.
2026-06-03 17:38:45,139 [INFO] ProjectBuilder:4912 - Project Generator version: 4.6.0-B36
2026-06-03 17:38:45,364 [INFO] ConfigFileManager:1590 - The Die is : DIE413
2026-06-03 17:38:45,372 [INFO] ApiDbMcu:508 - Load IP Config File for FATFS
2026-06-03 17:38:45,383 [INFO] ApiDbMcu:508 - Load IP Config File for FREERTOS
2026-06-03 17:38:45,388 [INFO] ApiDbMcu:508 - Load IP Config File for LIBJPEG
2026-06-03 17:38:45,402 [INFO] ApiDbMcu:508 - Load IP Config File for LWIP
2026-06-03 17:38:45,417 [INFO] ApiDbMcu:508 - Load IP Config File for MBEDTLS
2026-06-03 17:38:45,431 [INFO] ApiDbMcu:508 - Load IP Config File for USB_DEVICE
2026-06-03 17:38:49,313 [INFO] ProjectBuilder:5191 - Time for Generating toolchain IDE Files: 4174mS.
2026-06-03 17:38:49,315 [INFO] ProjectBuilder:3181 - Time for Copy CMSIS : 1mS.
2026-06-03 17:38:49,323 [INFO] ProjectBuilder:3181 - Time for Copy CMSIS : 0mS.
2026-06-03 17:38:50,412 [INFO] McuFinderGlobals:76 - Set McuFinderConnectedMode to true
2026-06-03 17:38:50,418 [INFO] ApiDb:448 - Save user favorites file C:\Users\hp/.stm32cubeide/favorites.mcus.txt: 0 item(s)
2026-06-03 17:38:50,418 [INFO] ApiDb:452 - User favorites MCUs=[]
2026-06-03 17:38:50,420 [INFO] ApiDb:448 - Save user favorites file C:\Users\hp/.stm32cubeide/favorites.boards.txt: 1 item(s)
2026-06-03 17:38:50,421 [INFO] ApiDb:452 - User favorites Boards=[STM32F407G-DISC1]
2026-06-03 17:45:18,528 [INFO] UtilMem:75 - End SaveConfig() Used Memory: 1014603584 Bytes (1073741824)
2026-06-03 17:45:20,545 [INFO] UtilMem:75 - End SaveConfig() Used Memory: 748873056 Bytes (1073741824)
2026-06-03 17:45:23,601 [INFO] UtilMem:75 - End SaveConfig() Used Memory: 849536352 Bytes (1073741824)
2026-06-03 17:45:24,680 [INFO] BlockDiagram:2775 - set Specific Code input for plugin: SYS
2026-06-03 17:45:24,683 [INFO] BlockDiagram:2775 - set Specific Code input for plugin: RCC
2026-06-03 17:45:24,686 [INFO] BlockDiagram:2775 - set Specific Code input for plugin: NVIC
2026-06-03 17:45:24,688 [INFO] BlockDiagram:2775 - set Specific Code input for plugin: GPIO
2026-06-03 17:45:24,693 [INFO] CodeGenerator:882 - code generatio: config db path: C:\ST\STM32CubeIDE_1.18.0\STM32CubeIDE\plugins\com.st.stm32cube.common.mx_6.14.0.202502271554\\db\
2026-06-03 17:45:24,903 [INFO] CodeEngine:263 - oldGeneratedFile, C:\Users\hp\STM32CubeIDE\workspace_1.18.0\26_16x2I_LCD\MXTmpFiles\license.tmp_save
2026-06-03 17:45:25,568 [INFO] CodeEngine:287 - Generated code: C:\Users\hp\STM32CubeIDE\workspace_1.18.0\26_16x2I_LCD\MXTmpFiles\license.tmp
2026-06-03 17:45:25,640 [INFO] CodeEngine:263 - oldGeneratedFile, C:\Users\hp\STM32CubeIDE\workspace_1.18.0\26_16x2I_LCD\MXTmpFiles\gpio.tmp_save
2026-06-03 17:45:25,973 [INFO] CodeEngine:287 - Generated code: C:\Users\hp\STM32CubeIDE\workspace_1.18.0\26_16x2I_LCD\MXTmpFiles\gpio.tmp
2026-06-03 17:45:26,059 [INFO] CodeEngine:263 - oldGeneratedFile, C:\Users\hp\STM32CubeIDE\workspace_1.18.0\26_16x2I_LCD\Core\Src\stm32f4xx_it.c_save
2026-06-03 17:45:26,637 [INFO] CodeEngine:287 - Generated code: C:\Users\hp\STM32CubeIDE\workspace_1.18.0\26_16x2I_LCD\Core\Src\stm32f4xx_it.c
2026-06-03 17:45:26,655 [INFO] CodeEngine:263 - oldGeneratedFile, C:\Users\hp\STM32CubeIDE\workspace_1.18.0\26_16x2I_LCD\Core\Inc\stm32f4xx_it.h_save
2026-06-03 17:45:26,853 [INFO] CodeEngine:287 - Generated code: C:\Users\hp\STM32CubeIDE\workspace_1.18.0\26_16x2I_LCD\Core\Inc\stm32f4xx_it.h
2026-06-03 17:45:26,918 [INFO] CodeEngine:263 - oldGeneratedFile, C:\Users\hp\STM32CubeIDE\workspace_1.18.0\26_16x2I_LCD\Core\Src\stm32f4xx_hal_msp.c_save
2026-06-03 17:45:27,271 [INFO] CodeEngine:287 - Generated code: C:\Users\hp\STM32CubeIDE\workspace_1.18.0\26_16x2I_LCD\Core\Src\stm32f4xx_hal_msp.c
2026-06-03 17:45:27,284 [INFO] CodeEngine:263 - oldGeneratedFile, C:\Users\hp\STM32CubeIDE\workspace_1.18.0\26_16x2I_LCD\MXTmpFiles\system.tmp_save
2026-06-03 17:45:27,454 [INFO] CodeEngine:287 - Generated code: C:\Users\hp\STM32CubeIDE\workspace_1.18.0\26_16x2I_LCD\MXTmpFiles\system.tmp
2026-06-03 17:45:27,507 [INFO] CodeEngine:319 - oldGeneratedFile, C:\Users\hp\STM32CubeIDE\workspace_1.18.0\26_16x2I_LCD\Core\Inc\stm32f4xx_hal_conf.h_save
2026-06-03 17:45:27,758 [INFO] CodeEngine:343 - Generated code: C:\Users\hp\STM32CubeIDE\workspace_1.18.0\26_16x2I_LCD\Core\Inc\stm32f4xx_hal_conf.h
2026-06-03 17:45:27,919 [INFO] CodeEngine:263 - oldGeneratedFile, C:\Users\hp\STM32CubeIDE\workspace_1.18.0\26_16x2I_LCD\Core\Inc\main.h_save
2026-06-03 17:45:28,159 [INFO] CodeEngine:287 - Generated code: C:\Users\hp\STM32CubeIDE\workspace_1.18.0\26_16x2I_LCD\Core\Inc\main.h
2026-06-03 17:45:28,206 [INFO] CodeEngine:263 - oldGeneratedFile, C:\Users\hp\STM32CubeIDE\workspace_1.18.0\26_16x2I_LCD\Core\Src\main.c_save
2026-06-03 17:45:28,508 [INFO] CodeEngine:287 - Generated code: C:\Users\hp\STM32CubeIDE\workspace_1.18.0\26_16x2I_LCD\Core\Src\main.c
2026-06-03 17:45:29,309 [INFO] ProjectBuilder:3324 - Time for Copy HAL[1] : 485mS.
2026-06-03 17:45:29,316 [INFO] ProjectBuilder:4912 - Project Generator version: 4.6.0-B36
2026-06-03 17:45:29,471 [INFO] ConfigFileManager:1590 - The Die is : DIE413
2026-06-03 17:45:32,575 [INFO] ProjectBuilder:5191 - Time for Generating toolchain IDE Files: 3259mS.
2026-06-03 17:45:32,578 [INFO] ProjectBuilder:3181 - Time for Copy CMSIS : 2mS.
2026-06-03 17:45:32,588 [INFO] ProjectBuilder:3181 - Time for Copy CMSIS : 0mS.
2026-06-03 17:55:36,349 [ERROR] LogOutputStream:75 - [STDERR_REDIRECT] 
