2026-05-28 09:26:12,292 [INFO] Activator:176 - 


2026-05-28 09:26:12,300 [INFO] Activator:177 - !SESSION log4j initialized
2026-05-28 09:26:17,482 [INFO] LogOutputStream:77 - [STDOUT_REDIRECT] 
2026-05-28 09:26:20,960 [INFO] ApplicationProperties:184 - Using Application install path: C:\ST\STM32CubeIDE_1.18.0\STM32CubeIDE\plugins\com.st.stm32cube.common.mx_6.14.0.202502271554
2026-05-28 09:26:20,989 [INFO] DbMcusXml:78 - Set database path to: C:\ST\STM32CubeIDE_1.18.0\STM32CubeIDE\plugins\com.st.stm32cube.common.mx_6.14.0.202502271554\\db\/mcu/
2026-05-28 09:26:20,990 [INFO] ApiDb:274 - Set plugin database path to: C:\ST\STM32CubeIDE_1.18.0\STM32CubeIDE\plugins\com.st.stm32cube.common.mx_6.14.0.202502271554\\db\/plugins/boardmanager/
2026-05-28 09:26:20,991 [WARN] ApiDb:259 - Overriding images path with different value:  => C:\ST\STM32CubeIDE_1.18.0\STM32CubeIDE\plugins\com.st.stm32cube.common.mx_6.14.0.202502271554\\db\/plugins/mcufinder/images/
2026-05-28 09:26:21,005 [INFO] ApiDb:250 - Set database path to: C:\Users\hp\.stmcufinder\plugins\mcufinder//mcu/
2026-05-28 09:26:21,007 [INFO] DbMcusAds:125 - Set database path to: C:\Users\hp\.stmcufinder\plugins\mcufinder//mcu/
2026-05-28 09:26:21,011 [INFO] CrossReferenceDbSqlite:203 - Set database path to: C:\Users\hp\.stmcufinder\plugins\mcufinder//mcu/cs/
2026-05-28 09:26:21,166 [INFO] RulesReader:64 - Compatibility file has been processed (301 Rules)
2026-05-28 09:26:21,283 [INFO] DbMcusXml:78 - Set database path to: C:\ST\STM32CubeIDE_1.18.0\STM32CubeIDE\plugins\com.st.stm32cube.common.mx_6.14.0.202502271554\\db\/mcu/
2026-05-28 09:26:21,283 [INFO] ApiDb:274 - Set plugin database path to: C:\ST\STM32CubeIDE_1.18.0\STM32CubeIDE\plugins\com.st.stm32cube.common.mx_6.14.0.202502271554\\db\/plugins/boardmanager/
2026-05-28 09:26:21,284 [INFO] ApiDb:261 - Set plugin images path to: C:\ST\STM32CubeIDE_1.18.0\STM32CubeIDE\plugins\com.st.stm32cube.common.mx_6.14.0.202502271554\\db\/plugins/mcufinder/images/
2026-05-28 09:26:21,284 [WARN] DbFile:41 - Overriding database path with different value: C:\Users\hp\.stmcufinder\plugins\mcufinder/ => C:\Users\hp\.stmcufinder\plugins\mcufinder
2026-05-28 09:26:21,284 [INFO] ApiDb:250 - Set database path to: C:\Users\hp\.stmcufinder\plugins\mcufinder//mcu/
2026-05-28 09:26:21,284 [WARN] DbFile:41 - Overriding database path with different value: C:\Users\hp\.stmcufinder\plugins\mcufinder/ => C:\Users\hp\.stmcufinder\plugins\mcufinder
2026-05-28 09:26:21,284 [INFO] DbMcusAds:125 - Set database path to: C:\Users\hp\.stmcufinder\plugins\mcufinder//mcu/
2026-05-28 09:26:21,285 [WARN] DbFile:41 - Overriding database path with different value: C:\Users\hp\.stmcufinder\plugins\mcufinder/ => C:\Users\hp\.stmcufinder\plugins\mcufinder
2026-05-28 09:26:21,285 [WARN] DbFile:41 - Overriding database path with different value: C:\Users\hp\.stmcufinder\plugins\mcufinder/ => C:\Users\hp\.stmcufinder\plugins\mcufinder
2026-05-28 09:26:21,285 [INFO] CrossReferenceDbSqlite:203 - Set database path to: C:\Users\hp\.stmcufinder\plugins\mcufinder//mcu/cs/
2026-05-28 09:26:21,391 [INFO] MainPanel:272 - HeapMemory: 268435456
2026-05-28 09:26:21,633 [INFO] DbMcusXml:78 - Set database path to: C:\ST\STM32CubeIDE_1.18.0\STM32CubeIDE\plugins\com.st.stm32cube.common.mx_6.14.0.202502271554\\db\/mcu/
2026-05-28 09:26:21,634 [INFO] ApiDb:274 - Set plugin database path to: C:\ST\STM32CubeIDE_1.18.0\STM32CubeIDE\plugins\com.st.stm32cube.common.mx_6.14.0.202502271554\\db\/plugins/boardmanager/
2026-05-28 09:26:21,634 [INFO] ApiDb:261 - Set plugin images path to: C:\ST\STM32CubeIDE_1.18.0\STM32CubeIDE\plugins\com.st.stm32cube.common.mx_6.14.0.202502271554\\db\/plugins/mcufinder/images/
2026-05-28 09:26:21,634 [WARN] DbFile:41 - Overriding database path with different value: C:\Users\hp\.stmcufinder\plugins\mcufinder/ => C:\Users\hp\.stmcufinder\plugins\mcufinder
2026-05-28 09:26:21,635 [INFO] ApiDb:250 - Set database path to: C:\Users\hp\.stmcufinder\plugins\mcufinder//mcu/
2026-05-28 09:26:21,635 [WARN] DbFile:41 - Overriding database path with different value: C:\Users\hp\.stmcufinder\plugins\mcufinder/ => C:\Users\hp\.stmcufinder\plugins\mcufinder
2026-05-28 09:26:21,635 [INFO] DbMcusAds:125 - Set database path to: C:\Users\hp\.stmcufinder\plugins\mcufinder//mcu/
2026-05-28 09:26:21,635 [WARN] DbFile:41 - Overriding database path with different value: C:\Users\hp\.stmcufinder\plugins\mcufinder/ => C:\Users\hp\.stmcufinder\plugins\mcufinder
2026-05-28 09:26:21,635 [WARN] DbFile:41 - Overriding database path with different value: C:\Users\hp\.stmcufinder\plugins\mcufinder/ => C:\Users\hp\.stmcufinder\plugins\mcufinder
2026-05-28 09:26:21,635 [INFO] CrossReferenceDbSqlite:203 - Set database path to: C:\Users\hp\.stmcufinder\plugins\mcufinder//mcu/cs/
2026-05-28 09:26:21,661 [INFO] ApplicationProperties:184 - Using Application install path: C:\ST\STM32CubeIDE_1.18.0\STM32CubeIDE\plugins\com.st.stm32cube.common.mx_6.14.0.202502271554
2026-05-28 09:26:21,662 [INFO] PluginManage:196 - Search for loadable plugins [exclusion list=, ]
2026-05-28 09:26:21,665 [INFO] PluginManage:310 - Check plugin analytics
2026-05-28 09:26:21,944 [INFO] AnalyticsPlugin:253 - Accepted Software Licenses: 
2026-05-28 09:26:21,945 [INFO] AnalyticsPlugin:255 - Accepted CMSIS Pack Licenses: 
2026-05-28 09:26:21,946 [INFO] AnalyticsPlugin:257 - Accepted Firmware Licenses: FW.F4.1.28.0,FW.L4.1.18.0
2026-05-28 09:26:21,951 [INFO] PluginManage:359 - Loaded plugin analytics (category:tool,tabindex:-1)
2026-05-28 09:26:21,951 [INFO] PluginManage:310 - Check plugin cadmodel
2026-05-28 09:26:21,962 [INFO] CADModel:105 - Init CAD model plugin
2026-05-28 09:26:21,962 [INFO] PluginManage:359 - Loaded plugin cadmodel (category:power,tabindex:5)
2026-05-28 09:26:21,963 [INFO] PluginManage:310 - Check plugin clock
2026-05-28 09:26:21,983 [INFO] PluginManage:359 - Loaded plugin clock (category:base,tabindex:2)
2026-05-28 09:26:21,984 [INFO] PluginManage:310 - Check plugin ddr
2026-05-28 09:26:21,989 [INFO] PluginManage:359 - Loaded plugin ddr (category:tool,tabindex:6)
2026-05-28 09:26:21,990 [INFO] PluginManage:310 - Check plugin filemanager
2026-05-28 09:26:22,183 [INFO] PluginManage:359 - Loaded plugin filemanager (category:base,tabindex:10)
2026-05-28 09:26:22,183 [INFO] PluginManage:310 - Check plugin ipmanager
2026-05-28 09:26:22,193 [INFO] PluginManage:359 - Loaded plugin ipmanager (category:base,tabindex:5)
2026-05-28 09:26:22,194 [INFO] PluginManage:310 - Check plugin lpbam
2026-05-28 09:26:22,206 [INFO] PluginManage:359 - Loaded plugin lpbam (category:base,tabindex:0)
2026-05-28 09:26:22,207 [INFO] PluginManage:310 - Check plugin memorymap
2026-05-28 09:26:22,228 [INFO] PluginManage:359 - Loaded plugin memorymap (category:base,tabindex:4)
2026-05-28 09:26:22,228 [INFO] PluginManage:310 - Check plugin pinoutandconfiguration
2026-05-28 09:26:22,240 [INFO] PluginManage:359 - Loaded plugin pinoutandconfiguration (category:base,tabindex:1)
2026-05-28 09:26:22,240 [INFO] PluginManage:310 - Check plugin pinoutconfig
2026-05-28 09:26:22,366 [WARN] SupportedApi:132 - Cannot load RTOS API schema: s4s-elt-must-match.1: The content of 'definitions' must match (annotation?, (simpleType | complexType)?, (unique | key | keyref)*)). A problem was found starting at: attribute.
2026-05-28 09:26:22,634 [INFO] PluginManage:359 - Loaded plugin pinoutconfig (category:base,tabindex:0)
2026-05-28 09:26:22,635 [INFO] PluginManage:310 - Check plugin power
2026-05-28 09:26:22,651 [INFO] PluginManage:359 - Loaded plugin power (category:power,tabindex:4)
2026-05-28 09:26:22,652 [INFO] PluginManage:310 - Check plugin projectmanager
2026-05-28 09:26:22,678 [INFO] PluginManage:359 - Loaded plugin projectmanager (category:projectmanager,tabindex:4)
2026-05-28 09:26:22,678 [INFO] PluginManage:310 - Check plugin rif
2026-05-28 09:26:22,691 [INFO] PluginManage:359 - Loaded plugin rif (category:base,tabindex:3)
2026-05-28 09:26:22,691 [INFO] PluginManage:310 - Check plugin thirdparty
2026-05-28 09:26:22,921 [INFO] PluginManage:359 - Loaded plugin thirdparty (category:base,tabindex:-1)
2026-05-28 09:26:22,921 [WARN] IntegrityCheckThread:84 - waiting for thirdparty lock release [integrity check]
2026-05-28 09:26:22,922 [INFO] PluginManage:310 - Check plugin tools
2026-05-28 09:26:22,922 [INFO] IntegrityCheckThread:86 - entering critical section [integrity check]
2026-05-28 09:26:22,923 [INFO] ThirdPartyUpdaterWithRetryManager:70 - Updater plugin not ready yet. [1/15]
2026-05-28 09:26:22,926 [INFO] PluginManage:359 - Loaded plugin tools (category:base,tabindex:7)
2026-05-28 09:26:22,926 [INFO] PluginManage:310 - Check plugin tutovideos
2026-05-28 09:26:23,180 [INFO] PluginManage:359 - Loaded plugin tutovideos (category:base,tabindex:-1)
2026-05-28 09:26:23,180 [INFO] PluginManage:310 - Check plugin updater
2026-05-28 09:26:23,212 [INFO] PluginManage:359 - Loaded plugin updater (category:base,tabindex:12)
2026-05-28 09:26:23,213 [INFO] PluginManage:310 - Check plugin userauth
2026-05-28 09:26:23,219 [INFO] UserAuth:118 - Init User Auth plugin
2026-05-28 09:26:23,220 [INFO] PluginManage:359 - Loaded plugin userauth (category:base,tabindex:14)
2026-05-28 09:26:23,221 [INFO] PluginManage:283 - PluginManage : Loaded plugins [18]
2026-05-28 09:26:23,529 [INFO] PinOutPanel:1589 - setPackage(No Configuration,No Configuration)
2026-05-28 09:26:23,658 [INFO] CADModel:165 - CPN selected for project level
2026-05-28 09:26:23,659 [INFO] CADModel:114 - Register for checkConnection events
2026-05-28 09:26:23,684 [INFO] IPUIPlugin:80 - create IPUIPlugin
2026-05-28 09:26:23,684 [INFO] PluginManager:220 - loadIPPluginJar : add adc
2026-05-28 09:26:23,688 [INFO] IPUIPlugin:80 - create IPUIPlugin
2026-05-28 09:26:23,688 [INFO] PluginManager:220 - loadIPPluginJar : add aes
2026-05-28 09:26:23,693 [INFO] IPUIPlugin:80 - create IPUIPlugin
2026-05-28 09:26:23,693 [INFO] PluginManager:220 - loadIPPluginJar : add can
2026-05-28 09:26:23,697 [INFO] IPUIPlugin:80 - create IPUIPlugin
2026-05-28 09:26:23,697 [INFO] PluginManager:220 - loadIPPluginJar : add comp
2026-05-28 09:26:23,701 [INFO] IPUIPlugin:80 - create IPUIPlugin
2026-05-28 09:26:23,701 [INFO] PluginManager:220 - loadIPPluginJar : add cryp
2026-05-28 09:26:23,706 [INFO] IPUIPlugin:80 - create IPUIPlugin
2026-05-28 09:26:23,707 [INFO] PluginManager:220 - loadIPPluginJar : add ddr_ctrl_phy
2026-05-28 09:26:23,712 [INFO] IPUIPlugin:80 - create IPUIPlugin
2026-05-28 09:26:23,712 [INFO] PluginManager:220 - loadIPPluginJar : add dfsdm
2026-05-28 09:26:23,718 [INFO] IPUIPlugin:80 - create IPUIPlugin
2026-05-28 09:26:23,719 [INFO] PluginManager:220 - loadIPPluginJar : add dma
2026-05-28 09:26:23,723 [INFO] IPUIPlugin:80 - create IPUIPlugin
2026-05-28 09:26:23,723 [INFO] PluginManager:220 - loadIPPluginJar : add dma3
2026-05-28 09:26:23,728 [INFO] IPUIPlugin:80 - create IPUIPlugin
2026-05-28 09:26:23,728 [INFO] PluginManager:220 - loadIPPluginJar : add extmemmanager
2026-05-28 09:26:23,730 [INFO] IPUIPlugin:80 - create IPUIPlugin
2026-05-28 09:26:23,730 [INFO] PluginManager:220 - loadIPPluginJar : add fatfs
2026-05-28 09:26:23,737 [INFO] IPUIPlugin:80 - create IPUIPlugin
2026-05-28 09:26:23,737 [INFO] PluginManager:220 - loadIPPluginJar : add fmc
2026-05-28 09:26:23,745 [INFO] IPUIPlugin:80 - create IPUIPlugin
2026-05-28 09:26:23,745 [INFO] PluginManager:220 - loadIPPluginJar : add freertos
2026-05-28 09:26:23,748 [INFO] IPUIPlugin:80 - create IPUIPlugin
2026-05-28 09:26:23,749 [INFO] PluginManager:220 - loadIPPluginJar : add genericplugin
2026-05-28 09:26:23,753 [INFO] IPUIPlugin:80 - create IPUIPlugin
2026-05-28 09:26:23,753 [INFO] PluginManager:220 - loadIPPluginJar : add gfxmmu
2026-05-28 09:26:23,760 [INFO] IPUIPlugin:80 - create IPUIPlugin
2026-05-28 09:26:23,760 [INFO] PluginManager:220 - loadIPPluginJar : add gic
2026-05-28 09:26:23,766 [INFO] IPUIPlugin:80 - create IPUIPlugin
2026-05-28 09:26:23,766 [INFO] PluginManager:220 - loadIPPluginJar : add gpio
2026-05-28 09:26:23,771 [INFO] IPUIPlugin:80 - create IPUIPlugin
2026-05-28 09:26:23,771 [INFO] PluginManager:220 - loadIPPluginJar : add gtzc
2026-05-28 09:26:23,776 [INFO] IPUIPlugin:80 - create IPUIPlugin
2026-05-28 09:26:23,776 [INFO] PluginManager:220 - loadIPPluginJar : add hash
2026-05-28 09:26:23,781 [INFO] IPUIPlugin:80 - create IPUIPlugin
2026-05-28 09:26:23,782 [INFO] PluginManager:220 - loadIPPluginJar : add i2c
2026-05-28 09:26:23,786 [INFO] IPUIPlugin:80 - create IPUIPlugin
2026-05-28 09:26:23,786 [INFO] PluginManager:220 - loadIPPluginJar : add i2s
2026-05-28 09:26:23,791 [INFO] IPUIPlugin:80 - create IPUIPlugin
2026-05-28 09:26:23,791 [INFO] PluginManager:220 - loadIPPluginJar : add i3c
2026-05-28 09:26:23,797 [INFO] IPUIPlugin:80 - create IPUIPlugin
2026-05-28 09:26:23,797 [INFO] PluginManager:220 - loadIPPluginJar : add ipddr
2026-05-28 09:26:23,808 [INFO] IPUIPlugin:80 - create IPUIPlugin
2026-05-28 09:26:23,808 [INFO] PluginManager:220 - loadIPPluginJar : add linkedlist
2026-05-28 09:26:23,814 [INFO] IPUIPlugin:80 - create IPUIPlugin
2026-05-28 09:26:23,815 [INFO] PluginManager:220 - loadIPPluginJar : add lorawan
2026-05-28 09:26:23,817 [INFO] IPUIPlugin:80 - create IPUIPlugin
2026-05-28 09:26:23,818 [INFO] PluginManager:220 - loadIPPluginJar : add ltdc
2026-05-28 09:26:23,825 [INFO] IPUIPlugin:80 - create IPUIPlugin
2026-05-28 09:26:23,825 [INFO] PluginManager:220 - loadIPPluginJar : add mdma
2026-05-28 09:26:23,830 [INFO] IPUIPlugin:80 - create IPUIPlugin
2026-05-28 09:26:23,830 [INFO] PluginManager:220 - loadIPPluginJar : add nvic
2026-05-28 09:26:23,835 [INFO] IPUIPlugin:80 - create IPUIPlugin
2026-05-28 09:26:23,835 [INFO] PluginManager:220 - loadIPPluginJar : add opamp
2026-05-28 09:26:23,841 [INFO] IPUIPlugin:80 - create IPUIPlugin
2026-05-28 09:26:23,841 [INFO] PluginManager:220 - loadIPPluginJar : add openamp
2026-05-28 09:26:23,847 [INFO] IPUIPlugin:80 - create IPUIPlugin
2026-05-28 09:26:23,848 [INFO] PluginManager:220 - loadIPPluginJar : add pdm2pcm
2026-05-28 09:26:23,856 [INFO] IPUIPlugin:80 - create IPUIPlugin
2026-05-28 09:26:23,859 [INFO] PluginManager:220 - loadIPPluginJar : add plateformsettings
2026-05-28 09:26:23,862 [INFO] IPUIPlugin:80 - create IPUIPlugin
2026-05-28 09:26:23,862 [INFO] PluginManager:220 - loadIPPluginJar : add quadspi
2026-05-28 09:26:23,865 [INFO] IPUIPlugin:80 - create IPUIPlugin
2026-05-28 09:26:23,865 [INFO] PluginManager:220 - loadIPPluginJar : add radio
2026-05-28 09:26:23,870 [INFO] IPUIPlugin:80 - create IPUIPlugin
2026-05-28 09:26:23,870 [INFO] PluginManager:220 - loadIPPluginJar : add resmgrutility
2026-05-28 09:26:23,874 [INFO] IPUIPlugin:80 - create IPUIPlugin
2026-05-28 09:26:23,874 [INFO] PluginManager:220 - loadIPPluginJar : add sai
2026-05-28 09:26:23,878 [INFO] IPUIPlugin:80 - create IPUIPlugin
2026-05-28 09:26:23,878 [INFO] PluginManager:220 - loadIPPluginJar : add spi
2026-05-28 09:26:23,885 [INFO] IPUIPlugin:80 - create IPUIPlugin
2026-05-28 09:26:23,886 [INFO] PluginManager:220 - loadIPPluginJar : add stm32_wpan
2026-05-28 09:26:23,889 [INFO] IPUIPlugin:80 - create IPUIPlugin
2026-05-28 09:26:23,889 [INFO] PluginManager:220 - loadIPPluginJar : add tim
2026-05-28 09:26:23,893 [INFO] IPUIPlugin:80 - create IPUIPlugin
2026-05-28 09:26:23,893 [INFO] PluginManager:220 - loadIPPluginJar : add touchsensing
2026-05-28 09:26:23,896 [INFO] IPUIPlugin:80 - create IPUIPlugin
2026-05-28 09:26:23,897 [INFO] PluginManager:220 - loadIPPluginJar : add tracer_emb
2026-05-28 09:26:23,899 [INFO] IPUIPlugin:80 - create IPUIPlugin
2026-05-28 09:26:23,900 [INFO] PluginManager:220 - loadIPPluginJar : add ts
2026-05-28 09:26:23,902 [INFO] IPUIPlugin:80 - create IPUIPlugin
2026-05-28 09:26:23,902 [INFO] PluginManager:220 - loadIPPluginJar : add tsc
2026-05-28 09:26:23,905 [INFO] IPUIPlugin:80 - create IPUIPlugin
2026-05-28 09:26:23,905 [INFO] PluginManager:220 - loadIPPluginJar : add ucpd
2026-05-28 09:26:23,908 [INFO] IPUIPlugin:80 - create IPUIPlugin
2026-05-28 09:26:23,908 [INFO] PluginManager:220 - loadIPPluginJar : add usart
2026-05-28 09:26:23,913 [INFO] IPUIPlugin:80 - create IPUIPlugin
2026-05-28 09:26:23,913 [INFO] PluginManager:220 - loadIPPluginJar : add usbx
2026-05-28 09:26:24,070 [FATAL] Updater:351 - Updater called before beeing initialized
2026-05-28 09:26:24,120 [INFO] RulesReader:64 - Compatibility file has been processed (301 Rules)
2026-05-28 09:26:24,138 [INFO] RulesReader:64 - Compatibility file has been processed (301 Rules)
2026-05-28 09:26:24,154 [INFO] CADModel:165 - CPN selected for project level
2026-05-28 09:26:24,154 [INFO] CADModel:114 - Register for checkConnection events
2026-05-28 09:26:24,154 [FATAL] Updater:351 - Updater called before beeing initialized
2026-05-28 09:26:24,154 [ERROR] CADModel:125 - Updater not yet initialized, retry later 
2026-05-28 09:26:24,391 [FATAL] Updater:351 - Updater called before beeing initialized
2026-05-28 09:26:24,394 [INFO] CADModel:165 - CPN selected for project level
2026-05-28 09:26:24,395 [INFO] CADModel:114 - Register for checkConnection events
2026-05-28 09:26:24,395 [FATAL] Updater:351 - Updater called before beeing initialized
2026-05-28 09:26:24,395 [ERROR] CADModel:125 - Updater not yet initialized, retry later 
2026-05-28 09:26:24,399 [FATAL] Updater:351 - Updater called before beeing initialized
2026-05-28 09:26:24,560 [FATAL] Updater:351 - Updater called before beeing initialized
2026-05-28 09:26:24,566 [INFO] DbMcusAds:53 - JSON generation date=Mon Apr 27 13:44:29 IST 2026 (1777277669924)
2026-05-28 09:26:24,566 [FATAL] Updater:351 - Updater called before beeing initialized
2026-05-28 09:26:24,610 [WARN] DetailPanel:346 - Failed to get advertising image, set to default
2026-05-28 09:26:24,934 [FATAL] Updater:351 - Updater called before beeing initialized
2026-05-28 09:26:24,936 [FATAL] Updater:351 - Updater called before beeing initialized
2026-05-28 09:26:24,936 [FATAL] Updater:351 - Updater called before beeing initialized
2026-05-28 09:26:24,936 [WARN] DetailPanel:346 - Failed to get advertising image, set to default
2026-05-28 09:26:24,938 [FATAL] Updater:351 - Updater called before beeing initialized
2026-05-28 09:26:25,026 [ERROR] Updater:1198 - MainUpdater not yet initialized. External WinMGr cannot be set.
2026-05-28 09:26:25,030 [INFO] Updater:1134 - Updater Version found : 6.14.0
2026-05-28 09:26:25,062 [INFO] ApplicationProperties:184 - Using Application install path: C:\ST\STM32CubeIDE_1.18.0\STM32CubeIDE\plugins\com.st.stm32cube.common.mx_6.14.0.202502271554
2026-05-28 09:26:25,587 [INFO] MainUpdater:2872 - connection check result : 10
2026-05-28 09:26:25,589 [INFO] MainUpdater:289 - Updater Check For Update Now.
2026-05-28 09:26:25,589 [INFO] MicroXplorer:498 - Change Database Version : DB.6.0.140
2026-05-28 09:26:25,608 [INFO] McuFinderGlobals:63 - Set McuFinder mode to 2 (CubeIDE integrated)
2026-05-28 09:26:25,608 [INFO] UserAuth:171 - activating auth plugin
2026-05-28 09:26:25,613 [INFO] UserAuth:486 - Internet connection configuration mode: 1
2026-05-28 09:26:25,654 [INFO] JxBrowserEngine:152 - Initiate JxBrowser Engine with user profile folder
2026-05-28 09:26:25,874 [INFO] CheckServerUpdateThread:120 - End of CheckServer Thread
2026-05-28 09:26:26,801 [WARN] PackLoader:240 - Cannot read IP mode file for STMicroelectronics.X-CUBE-AZRTOS-H7.3.5.0
2026-05-28 09:26:26,863 [WARN] PackLoader:240 - Cannot read IP mode file for STMicroelectronics.FP-ATR-ASTRA1.2.0.2
2026-05-28 09:26:26,885 [WARN] PackLoader:240 - Cannot read IP mode file for STMicroelectronics.X-CUBE-SMBUS.2.1.0
2026-05-28 09:26:26,952 [WARN] PackLoader:240 - Cannot read IP mode file for STMicroelectronics.X-CUBE-AZRTOS-F7.1.1.0
2026-05-28 09:26:26,980 [ERROR] Engine:466 - C:\Users\hp\.stm32cubemx\thirdparties\pdsc\STMicroelectronics.FP-SNS-MOTENV1.5.1.0.pdsc: PDSC version is not supported
2026-05-28 09:26:26,997 [ERROR] Engine:466 - C:\Users\hp\.stm32cubemx\thirdparties\pdsc\WES.I-CUBE-Cesium.1.4.0.pdsc: PDSC version is not supported
2026-05-28 09:26:27,022 [WARN] PackLoader:240 - Cannot read IP mode file for STMicroelectronics.X-CUBE-DISPLAY.3.0.0
2026-05-28 09:26:27,054 [WARN] PackLoader:240 - Cannot read IP mode file for STMicroelectronics.X-CUBE-GNSS1.7.1.1
2026-05-28 09:26:27,061 [ERROR] Engine:466 - C:\Users\hp\.stm32cubemx\thirdparties\pdsc\STMicroelectronics.FP-SNS-MOTENVWB1.1.5.0.pdsc: PDSC version is not supported
2026-05-28 09:26:27,077 [WARN] PackLoader:240 - Cannot read IP mode file for STMicroelectronics.X-CUBE-NFC10.1.0.0
2026-05-28 09:26:27,097 [WARN] PackLoader:240 - Cannot read IP mode file for STMicroelectronics.X-CUBE-ST60.1.1.0
2026-05-28 09:26:27,115 [WARN] PackLoader:240 - Cannot read IP mode file for emotas.I-CUBE-CANOPEN.1.3.0
2026-05-28 09:26:27,128 [WARN] PackLoader:240 - Cannot read IP mode file for STMicroelectronics.X-CUBE-GNSS1.7.1.0
2026-05-28 09:26:27,138 [ERROR] Engine:466 - C:\Users\hp\.stm32cubemx\thirdparties\pdsc\STMicroelectronics.FP-SNS-STBOX1.2.1.0.pdsc: PDSC version is not supported
2026-05-28 09:26:27,146 [WARN] PackLoader:240 - Cannot read IP mode file for STMicroelectronics.FP-SNS-SMARTAG2.1.2.0
2026-05-28 09:26:27,157 [WARN] PackLoader:240 - Cannot read IP mode file for STMicroelectronics.FP-SNS-FLIGHT1.5.1.0
2026-05-28 09:26:27,180 [INFO] LogOutputStream:77 - [STDOUT_REDIRECT] 1 : Invalid condition id : UX_CORESTACK_Condition cause : null
2026-05-28 09:26:27,182 [INFO] LogOutputStream:77 - [STDOUT_REDIRECT] 1 : Invalid condition id : UX_CORESTACK_Condition cause : null
2026-05-28 09:26:27,184 [INFO] LogOutputStream:77 - [STDOUT_REDIRECT] 1 : Invalid condition id : UX_CORESTACK_Condition cause : null
2026-05-28 09:26:27,187 [INFO] LogOutputStream:77 - [STDOUT_REDIRECT] 1 : Invalid condition id : UX_CORESTACK_Condition cause : null
2026-05-28 09:26:27,190 [INFO] LogOutputStream:77 - [STDOUT_REDIRECT] 1 : Invalid condition id : UX_CORESTACK_Condition cause : null
2026-05-28 09:26:27,198 [WARN] PackLoader:240 - Cannot read IP mode file for STMicroelectronics.X-CUBE-AZRTOS-WL.2.0.0
2026-05-28 09:26:27,243 [WARN] PackLoader:240 - Cannot read IP mode file for STMicroelectronics.X-CUBE-AZRTOS-H7RS.1.2.0
2026-05-28 09:26:27,263 [WARN] PackLoader:240 - Cannot read IP mode file for STMicroelectronics.X-CUBE-BLE2.3.3.0
2026-05-28 09:26:27,329 [INFO] WebApp:169 - Instantiating new browser for Auth
2026-05-28 09:26:27,351 [WARN] PackLoader:240 - Cannot read IP mode file for Infineon.AIROC-Wi-Fi-Bluetooth-STM32.1.8.0
2026-05-28 09:26:27,412 [WARN] PackLoader:240 - Cannot read IP mode file for STMicroelectronics.X-CUBE-NFC9.1.0.0
2026-05-28 09:26:27,424 [WARN] PackLoader:240 - Cannot read IP mode file for STMicroelectronics.X-CUBE-BLE1.7.1.0
2026-05-28 09:26:27,437 [WARN] PackLoader:240 - Cannot read IP mode file for wolfSSL.I-CUBE-wolfMQTT.1.19.2
2026-05-28 09:26:27,451 [WARN] PackLoader:240 - Cannot read IP mode file for STMicroelectronics.X-CUBE-EEPRMA1.5.2.0
2026-05-28 09:26:27,464 [WARN] PackLoader:240 - Cannot read IP mode file for wolfSSL.I-CUBE-wolfSSL.5.8.4
2026-05-28 09:26:27,470 [ERROR] Engine:466 - C:\Users\hp\.stm32cubemx\thirdparties\pdsc\STMicroelectronics.FP-SNS-STAIOTCFT.1.1.0.pdsc: PDSC version is not supported
2026-05-28 09:26:27,571 [WARN] PackLoader:240 - Cannot read IP mode file for STMicroelectronics.X-CUBE-MEMS1.12.0.0
2026-05-28 09:26:27,805 [WARN] PackLoader:240 - Cannot read IP mode file for STMicroelectronics.X-CUBE-AZRTOS-G0.1.1.0
2026-05-28 09:26:27,824 [WARN] PackLoader:240 - Cannot read IP mode file for STMicroelectronics.X-CUBE-NFC4.3.0.0
2026-05-28 09:26:27,844 [WARN] PackLoader:240 - Cannot read IP mode file for EmbeddedOffice.I-CUBE-FS-RTOS.1.0.1
2026-05-28 09:26:27,853 [WARN] PackLoader:240 - Cannot read IP mode file for wolfSSL.I-CUBE-wolfTPM.3.8.0
2026-05-28 09:26:27,864 [WARN] PackLoader:240 - Cannot read IP mode file for STMicroelectronics.X-CUBE-TCPP.4.2.0
2026-05-28 09:26:27,877 [WARN] PackLoader:240 - Cannot read IP mode file for RealThread.X-CUBE-RT-Thread_Nano.4.1.1
2026-05-28 09:26:27,884 [WARN] PackLoader:240 - Cannot read IP mode file for STMicroelectronics.FP-ATR-SIGFOX1.3.2.0
2026-05-28 09:26:27,889 [ERROR] Engine:466 - C:\Users\hp\.stm32cubemx\thirdparties\pdsc\STMicroelectronics.X-CUBE-FREERTOS.1.5.0.pdsc: PDSC version is not supported
2026-05-28 09:26:27,900 [WARN] PackLoader:240 - Cannot read IP mode file for ITTIA_DB.I-CUBE-ITTIADB.8.9.0
2026-05-28 09:26:27,907 [WARN] PackLoader:240 - Cannot read IP mode file for Cesanta.I-CUBE-Mongoose.7.21.0
2026-05-28 09:26:27,918 [WARN] PackLoader:240 - Cannot read IP mode file for STMicroelectronics.X-CUBE-NFC6.3.2.0
2026-05-28 09:26:27,928 [WARN] PackLoader:240 - Cannot read IP mode file for STMicroelectronics.X-CUBE-AI.10.2.0
2026-05-28 09:26:28,005 [WARN] PackLoader:240 - Cannot read IP mode file for STMicroelectronics.X-CUBE-MEMS1.12.1.0
2026-05-28 09:26:28,230 [WARN] PackLoader:240 - Cannot read IP mode file for SEGGER.I-CUBE-embOS.1.3.1
2026-05-28 09:26:28,308 [WARN] PackLoader:240 - Cannot read IP mode file for STMicroelectronics.X-CUBE-ALGOBUILD.1.4.0
2026-05-28 09:26:28,316 [WARN] PackLoader:240 - Cannot read IP mode file for STMicroelectronics.X-CUBE-PM33A1.1.0.0
2026-05-28 09:26:28,350 [WARN] PackLoader:240 - Cannot read IP mode file for STMicroelectronics.X-CUBE-AZRTOS-F4.1.1.0
2026-05-28 09:26:28,361 [WARN] PackLoader:240 - Cannot read IP mode file for STMicroelectronics.X-CUBE-ISPU.2.1.0
2026-05-28 09:26:28,369 [ERROR] Engine:466 - C:\Users\hp\.stm32cubemx\thirdparties\pdsc\STMicroelectronics.X-CUBE-IPS.3.2.0.pdsc: PDSC version is not supported
2026-05-28 09:26:28,375 [WARN] PackLoader:240 - Cannot read IP mode file for STMicroelectronics.eDS-WB_DPC_TT-BIDIR.2.1.1
2026-05-28 09:26:28,385 [WARN] PackLoader:240 - Cannot read IP mode file for STMicroelectronics.X-CUBE-NFC12.1.0.0
2026-05-28 09:26:28,416 [WARN] PackLoader:240 - Cannot read IP mode file for STMicroelectronics.X-CUBE-AZRTOS-L5.2.0.0
2026-05-28 09:26:28,431 [WARN] PackLoader:240 - Cannot read IP mode file for STMicroelectronics.X-CUBE-ALGOBUILD.1.5.0
2026-05-28 09:26:28,440 [WARN] PackLoader:240 - Cannot read IP mode file for STMicroelectronics.eDS-WB_DPC_VIENNA.1.2.0
2026-05-28 09:26:28,449 [WARN] PackLoader:240 - Cannot read IP mode file for STMicroelectronics.eDS-WB_DPC_3PH2L-BIDIR.1.1.1
2026-05-28 09:26:28,455 [ERROR] Engine:466 - C:\Users\hp\.stm32cubemx\thirdparties\pdsc\STMicroelectronics.X-CUBE-ST67W61.1.3.0.pdsc: PDSC version is not supported
2026-05-28 09:26:28,462 [WARN] PackLoader:240 - Cannot read IP mode file for STMicroelectronics.X-CUBE-TOUCHGFX.4.26.1
2026-05-28 09:26:28,470 [WARN] PackLoader:240 - Cannot read IP mode file for STMicroelectronics.FP-SNS-STAIOTCFT.1.0.0
2026-05-28 09:26:28,478 [WARN] PackLoader:240 - Cannot read IP mode file for STMicroelectronics.X-CUBE-DPower.1.3.0
2026-05-28 09:26:28,501 [WARN] ConditionMgr:438 - getConditionDescription Invalid condition id : LAN8742 Phy interface Condition cause : null
2026-05-28 09:26:28,502 [WARN] PackLoader:240 - Cannot read IP mode file for STMicroelectronics.X-CUBE-AZRTOS-L4.2.0.0
2026-05-28 09:26:28,503 [WARN] ConditionMgr:1044 - genDependencies : Invalid condition id : LAN8742 Phy interface Condition cause : null
2026-05-28 09:26:28,504 [WARN] ConditionMgr:1044 - genDependencies : Invalid condition id : LAN8742 Phy interface Condition cause : null
2026-05-28 09:26:28,505 [WARN] ConditionMgr:1044 - genDependencies : Invalid condition id : LAN8742 Phy interface Condition cause : null
2026-05-28 09:26:28,516 [WARN] PackLoader:240 - Cannot read IP mode file for STMicroelectronics.X-CUBE-SFXS2LP1.4.0.0
2026-05-28 09:26:28,527 [WARN] PackLoader:240 - Cannot read IP mode file for STMicroelectronics.X-CUBE-WB05N.2.1.0
2026-05-28 09:26:28,534 [ERROR] Engine:466 - C:\Users\hp\.stm32cubemx\thirdparties\pdsc\STMicroelectronics.X-CUBE-ST67W61.1.2.0.pdsc: PDSC version is not supported
2026-05-28 09:26:28,545 [WARN] PackLoader:240 - Cannot read IP mode file for STMicroelectronics.X-CUBE-BLEMGR.4.1.0
2026-05-28 09:26:28,563 [WARN] ConditionMgr:438 - getConditionDescription Invalid condition id : UX DEVICE CLASS RTOS Condition cause : null
2026-05-28 09:26:28,564 [WARN] ConditionMgr:438 - getConditionDescription Invalid condition id : UX DEVICE CLASS RTOS Condition cause : null
2026-05-28 09:26:28,566 [WARN] PackLoader:240 - Cannot read IP mode file for STMicroelectronics.X-CUBE-AZRTOS-WB.2.0.0
2026-05-28 09:26:28,567 [WARN] ConditionMgr:1044 - genDependencies : Invalid condition id : UX DEVICE CLASS RTOS Condition cause : null
2026-05-28 09:26:28,567 [WARN] ConditionMgr:1044 - genDependencies : Invalid condition id : UX DEVICE CLASS RTOS Condition cause : null
2026-05-28 09:26:28,568 [WARN] ConditionMgr:1044 - genDependencies : Invalid condition id : UX DEVICE CLASS RTOS Condition cause : null
2026-05-28 09:26:28,568 [WARN] ConditionMgr:1044 - genDependencies : Invalid condition id : UX DEVICE CLASS RTOS Condition cause : null
2026-05-28 09:26:28,569 [WARN] ConditionMgr:1044 - genDependencies : Invalid condition id : UX DEVICE CLASS RTOS Condition cause : null
2026-05-28 09:26:28,577 [WARN] ConditionMgr:438 - getConditionDescription Invalid condition id : Cortex-A Device cause : null
2026-05-28 09:26:28,592 [WARN] ConditionMgr:1044 - genDependencies : Invalid condition id : Cortex-A Device cause : null
2026-05-28 09:26:28,593 [WARN] ConditionMgr:1044 - genDependencies : Invalid condition id : Cortex-A Device cause : null
2026-05-28 09:26:28,593 [WARN] ConditionMgr:1044 - genDependencies : Invalid condition id : Cortex-A Device cause : null
2026-05-28 09:26:28,603 [WARN] PackLoader:240 - Cannot read IP mode file for STMicroelectronics.X-CUBE-STSE01.2.0.0
2026-05-28 09:26:28,616 [WARN] PackLoader:240 - Cannot read IP mode file for STMicroelectronics.X-CUBE-SUBG2.5.0.0
2026-05-28 09:26:28,640 [WARN] PackLoader:240 - Cannot read IP mode file for STMicroelectronics.X-CUBE-AZRTOS-G4.2.0.0
2026-05-28 09:26:28,648 [WARN] PackLoader:240 - Cannot read IP mode file for wolfSSL.I-CUBE-wolfSSH.1.4.20
2026-05-28 09:26:28,655 [WARN] PackLoader:240 - Cannot read IP mode file for STMicroelectronics.X-CUBE-NFC7.2.0.0
2026-05-28 09:26:28,663 [WARN] PackLoader:240 - Cannot read IP mode file for STMicroelectronics.X-CUBE-ALS.1.0.2
2026-05-28 09:26:28,678 [WARN] PackLoader:240 - Cannot read IP mode file for STMicroelectronics.X-CUBE-TOF1.3.4.3
2026-05-28 09:26:28,691 [INFO] ThirdParty:978 - Integrity check success = true
2026-05-28 09:26:28,691 [INFO] IntegrityCheckThread:100 - exiting critical section [integrity check]
2026-05-28 09:26:28,691 [INFO] IntegrityCheckThread:103 - End integrity checks thread
2026-05-28 09:26:29,098 [INFO] WebApp:463 - Apply proxy settings
2026-05-28 09:26:29,098 [INFO] WebApp:548 - Chromium requires no authentication
2026-05-28 09:26:29,113 [INFO] WebApp:491 - Direct internet connection detected
2026-05-28 09:26:29,156 [INFO] WebApp:894 - Register for checkConnection events
2026-05-28 09:26:29,156 [INFO] WebApp:463 - Apply proxy settings
2026-05-28 09:26:29,156 [INFO] WebApp:548 - Chromium requires no authentication
2026-05-28 09:26:29,157 [INFO] WebApp:491 - Direct internet connection detected
2026-05-28 09:26:29,398 [INFO] WebApp:191 - Connection restablished
2026-05-28 09:26:29,472 [INFO] WebApp:225 - Starting web application
2026-05-28 09:26:29,472 [INFO] WebApp:593 - Web application path used C:\ST\STM32CubeIDE_1.18.0\STM32CubeIDE\plugins\com.st.stm32cube.common.mx_6.14.0.202502271554\db\plugins\mcufinder\reactClient1\index.html
2026-05-28 10:23:22,745 [INFO] WebApp:194 - Connection lost
2026-05-28 10:23:23,053 [INFO] WebApp:191 - Connection restablished
2026-05-28 11:23:24,714 [INFO] WebApp:194 - Connection lost
2026-05-28 11:23:25,061 [INFO] WebApp:191 - Connection restablished
2026-05-28 12:23:32,219 [INFO] WebApp:194 - Connection lost
2026-05-28 12:23:32,693 [INFO] WebApp:191 - Connection restablished
2026-05-28 13:14:07,355 [INFO] WebApp:194 - Connection lost
2026-05-28 13:14:15,720 [INFO] WebApp:191 - Connection restablished
2026-05-28 14:14:19,929 [INFO] WebApp:194 - Connection lost
2026-05-28 14:14:20,337 [INFO] WebApp:191 - Connection restablished
2026-05-28 14:43:38,616 [INFO] McuFinderGlobals:63 - Set McuFinder mode to 2 (CubeIDE integrated)
2026-05-28 14:43:38,652 [INFO] MainUpdater:2872 - connection check result : 10
2026-05-28 14:43:38,681 [INFO] McuFinderGlobals:76 - Set McuFinderConnectedMode to true
2026-05-28 14:43:39,448 [INFO] ServerAccessManage:473 - Download File mcusAds.json._tmp_
2026-05-28 14:43:39,569 [INFO] LoadUrlFilesThread:156 - End of LoadUrlFiles Thread
2026-05-28 14:43:39,798 [INFO] ServerAccessManage:473 - Download File cube-finder-db.zip
2026-05-28 14:43:47,284 [INFO] FileExtend:242 - Unzip File : cube-finder-db.zip
2026-05-28 14:43:47,284 [INFO] FileExtend:257 - Standard Zip Deflate
2026-05-28 14:43:49,010 [INFO] LoadUrlFilesThread:156 - End of LoadUrlFiles Thread
2026-05-28 14:43:49,787 [INFO] ServerAccessManage:473 - Download File crdb.zip
2026-05-28 14:43:50,686 [INFO] FileExtend:242 - Unzip File : crdb.zip
2026-05-28 14:43:50,687 [INFO] FileExtend:257 - Standard Zip Deflate
2026-05-28 14:43:50,822 [INFO] LoadUrlFilesThread:156 - End of LoadUrlFiles Thread
2026-05-28 14:43:50,952 [INFO] ServerAccessManage:473 - Download File tutoVideoDB.zip
2026-05-28 14:43:50,985 [INFO] FileExtend:242 - Unzip File : tutoVideoDB.zip
2026-05-28 14:43:50,986 [INFO] FileExtend:257 - Standard Zip Deflate
2026-05-28 14:43:51,095 [INFO] LoadUrlFilesThread:156 - End of LoadUrlFiles Thread
2026-05-28 14:43:51,107 [WARN] DbFile:41 - Overriding database path with different value: C:\Users\hp\.stmcufinder\plugins\mcufinder/ => C:\Users\hp\.stmcufinder\plugins\mcufinder
2026-05-28 14:43:51,477 [ERROR] ServerAccessManage:1089 - Problem, file not found on Server
2026-05-28 14:43:51,495 [ERROR] ServerAccessManage:651 - Problem, file not found on Server : api_config.json.
2026-05-28 14:43:57,961 [INFO] LoadUrlFilesThread:156 - End of LoadUrlFiles Thread
2026-05-28 14:43:59,478 [INFO] DbMcusAds:53 - JSON generation date=Mon Apr 27 13:44:29 IST 2026 (1777277669924)
2026-05-28 14:43:59,574 [ERROR] TargetSelectorAdapter:267 - Unable to refresh data
2026-05-28 14:44:00,162 [INFO] ApiDb:581 - Connected to CubeFinder SQLite database (C:\Users\hp\.stmcufinder\plugins\mcufinder\mcu\cube-finder-db.db)
2026-05-28 14:44:00,342 [INFO] ApiDb:668 - CubeFinder database Data Model version=2.1
2026-05-28 14:44:00,343 [INFO] ApiDb:669 - CubeFinder database Configuration version=3.0.42
2026-05-28 14:44:00,347 [INFO] ApiDb:670 - CubeFinder database generation date=2026-05-06 (1778060171)
2026-05-28 14:44:00,347 [INFO] ApiDb:671 - CubeFinder database FW Pack versions=[FP-ATR-ASTRA1_V2.0.0, FP-SNS-FLIGHT1_V5.1.0, FP-SNS-MOTENV1_V5.1.0, FP-SNS-MOTENVWB1_V1.5.0, FP-SNS-SMARTAG2_V1.2.0, FP-SNS-STBOX1_V2.1.0, STM32Cube_FW_C0_V1.4.0, STM32Cube_FW_F4_V1.28.3, STM32Cube_FW_F7_V1.17.4, STM32Cube_FW_G0_V1.6.3, STM32Cube_FW_G4_V1.6.2, STM32Cube_FW_H5_V1.6.0, STM32Cube_FW_H7RS_V1.3.0, STM32Cube_FW_H7_V1.13.0, STM32Cube_FW_L0_V1.12.2, STM32Cube_FW_L4_V1.18.2, STM32Cube_FW_L5_V1.6.0, STM32Cube_FW_N6_V1.3.0, STM32Cube_FW_U0_V1.3.0, STM32Cube_FW_U3_V1.3.0, STM32Cube_FW_U5_V1.8.0, STM32Cube_FW_WB0_V1.4.0, STM32Cube_FW_WBA_V1.9.0, STM32Cube_FW_WB_V1.24.0, STM32Cube_FW_WL3_V1.4.0, STM32Cube_FW_WL_V1.5.0, X-CUBE-ALGOBUILD_V1.4.0, X-CUBE-ALS_V1.0.2, X-CUBE-AZRTOS-F4_V1.1.0, X-CUBE-AZRTOS-F7_V1.1.0, X-CUBE-AZRTOS-G0_V1.1.0, X-CUBE-AZRTOS-G4_V2.0.0, X-CUBE-AZRTOS-H7RS_V1.1.0, X-CUBE-AZRTOS-H7_V3.5.0, X-CUBE-AZRTOS-L4_V2.0.0, X-CUBE-AZRTOS-L5_V2.0.0, X-CUBE-AZRTOS-WB_V2.0.0, X-CUBE-AZRTOS-WL_V2.0.0, X-CUBE-BLE1_V7.1.0, X-CUBE-BLE2_V3.3.0, X-CUBE-BLEMGR_V4.1.0, X-CUBE-EEPRMA1_V5.2.0, X-CUBE-FREERTOS_V1.5.0, X-CUBE-GNSS1_V6.0.0, X-CUBE-MEMS1_V12.0.0, X-CUBE-NFC4_V3.0.0, X-CUBE-NFC7_V2.0.0, X-CUBE-SFXS2LP1_V4.0.0, X-CUBE-ST67W61_V1.2.0, X-CUBE-SUBG2_V5.0.0, X-CUBE-TOF1_V3.4.3]
2026-05-28 14:44:00,516 [INFO] DbBoardsSqlite:226 - include board P-NUCLEO-WB55-NUCLEO as a kit item of type 'Nucleo-64'
2026-05-28 14:44:00,517 [INFO] DbBoardsSqlite:226 - include board P-NUCLEO-WB55-USBDONGLE as a kit item of type 'Nucleo USB Dongle'
2026-05-28 14:44:00,518 [INFO] DbBoardsSqlite:226 - include board STEVAL-IDP005V1 as a kit item of type 'Evaluation Board'
2026-05-28 14:44:00,519 [INFO] DbBoardsSqlite:226 - include board STEVAL-IDP005V2 as a kit item of type 'Evaluation Board'
2026-05-28 14:44:00,675 [INFO] ApiDb:240 - Found 895 in-development CPN: [B-G473E-ZEST1S, B-WB1M-WPAN1, B-WBA5M-WPAN, B-WL5M-SUBG1, NUCLEO-C031C6, NUCLEO-C051C8, NUCLEO-C071RB, NUCLEO-C092RC, NUCLEO-H503RB, NUCLEO-H533RE, NUCLEO-H563ZI, NUCLEO-H7S3L8, NUCLEO-N657X0-Q, NUCLEO-U031R8, NUCLEO-U083RC, NUCLEO-U385RG-Q, NUCLEO-U545RE-Q, NUCLEO-U5A5ZJ-Q, NUCLEO-WB05KZ, NUCLEO-WB07CC, NUCLEO-WB09KE, NUCLEO-WBA52CG, NUCLEO-WBA55CG, NUCLEO-WBA65RI, NUCLEO-WL33CC1, NUCLEO-WL33CC2, STEVAL-PROTEUS1, STEVAL-SMARTAG2, STEVAL-STWINBX1, STM320518-EVAL, STM32C0116-DK, STM32C011D6Y3TR, STM32C011D6Y6TR, STM32C011F4P3, STM32C011F4P6, STM32C011F4U3, STM32C011F4U6TR, STM32C011F6P3, STM32C011F6P6, STM32C011F6U3, STM32C011F6U6TR, STM32C011J4M3, STM32C011J4M6, STM32C011J6M3, STM32C011J6M6, STM32C0316-DK, STM32C031C4T3, STM32C031C4T6, STM32C031C4U3, STM32C031C4U6, STM32C031C6T3, STM32C031C6T6, STM32C031C6U3, STM32C031C6U6, STM32C031F4P3, STM32C031F4P6, STM32C031F6P3, STM32C031F6P6, STM32C031G4U3, STM32C031G4U6, STM32C031G6U3, STM32C031G6U6, STM32C031K4T3, STM32C031K4T6, STM32C031K4U3, STM32C031K4U6, STM32C031K6T3, STM32C031K6T6, STM32C031K6U3, STM32C031K6U6, STM32C051C6T6, STM32C051C6U6, STM32C051C8T6, STM32C051C8U6, STM32C051D8Y6TR, STM32C051F6P6, STM32C051F8P6, STM32C051G6U6, STM32C051G8U6, STM32C051K6T6, STM32C051K6U6, STM32C051K8T6, STM32C071C8T6, STM32C071C8T6N, STM32C071C8U6, STM32C071C8U6N, STM32C071CBT6, STM32C071CBT6N, STM32C071CBU6, STM32C071CBU6N, STM32C071F8P6, STM32C071F8P6N, STM32C071FBP6, STM32C071FBP6N, STM32C071FBY6TR, STM32C071G8U6, STM32C071G8U6N, STM32C071GBU6, STM32C071GBU6N, STM32C071K8T6, STM32C071K8T6N, STM32C071K8U6, STM32C071K8U6N, STM32C071KBT6, STM32C071KBT6N, STM32C071KBU6, STM32C071KBU6N, STM32C071R8T6, STM32C071R8T6N, STM32C071RBI6N, STM32C071RBT6, STM32C071RBT6N, STM32C091CBT6, STM32C091CBU6, STM32C091CCT6, STM32C091CCU6, STM32C091ECY6TR, STM32C091FBP6, STM32C091FCP6, STM32C091GBU6, STM32C091GCU6, STM32C091KBT6, STM32C091KBU6, STM32C091KCT6, STM32C091KCU6, STM32C091RBT6, STM32C091RCI6, STM32C091RCT6, STM32C092CBT6, STM32C092CBU6, STM32C092CCT6, STM32C092CCU6, STM32C092ECY6TR, STM32C092FBP6, STM32C092FCP6, STM32C092GBU6, STM32C092GCU6, STM32C092KBT6, STM32C092KBU6, STM32C092KCT6, STM32C092KCU6, STM32C092RBT6, STM32C092RCI6, STM32C092RCT6, STM32G071K8TXN, STM32G071K8UXN, STM32G081GBU6N, STM32G081KBT6N, STM32G081KBUXN, STM32G0B1CCT6N, STM32G0B1KCT6, STM32G0B1NEY6TR, STM32G0B1RCT6N, STM32G0C1CCT6, STM32G0C1CCT6N, STM32G0C1CCU6N, STM32G0C1CET6N, STM32G0C1CEU6N, STM32G0C1KCT6, STM32G0C1NEY6TR, STM32G0C1RCI6N, STM32G0C1RCT6N, STM32G0C1REI6N, STM32G0C1RET6N, STM32G0C1VCI6, STM32G0C1VEI6, STM32G411C6T3, STM32G411C6T6, STM32G411C6U3, STM32G411C6U6, STM32G411C8T3, STM32G411C8T6, STM32G411C8U3, STM32G411C8U6, STM32G411CBT3, STM32G411CBT6, STM32G411CBU3, STM32G411CBU6, STM32G411CCT3, STM32G411CCT6, STM32G411CCU3, STM32G411CCU6, STM32G411K6T3, STM32G411K6T6, STM32G411K6U3, STM32G411K6U6, STM32G411K8T3, STM32G411K8T6, STM32G411K8U3, STM32G411K8U6, STM32G411KBT3, STM32G411KBT6, STM32G411KBU3, STM32G411KBU6, STM32G411M6T3, STM32G411M6T6, STM32G411M8T3, STM32G411M8T6, STM32G411MBT3, STM32G411MBT6, STM32G411MCT3, STM32G411MCT6, STM32G411R6T3, STM32G411R6T6, STM32G411R8T3, STM32G411R8T6, STM32G411RBT3, STM32G411RBT6, STM32G411RCT3, STM32G411RCT6, STM32G414CBT3, STM32G414CBT6, STM32G414CBU3, STM32G414CBU6, STM32G414CCT3, STM32G414CCT6, STM32G414CCU3, STM32G414CCU6, STM32G414MBT3, STM32G414MBT6, STM32G414MCT3, STM32G414MCT6, STM32G414RBT3, STM32G414RBT6, STM32G414RCT3, STM32G414RCT6, STM32G414VBT3, STM32G414VBT6, STM32G414VCT3, STM32G414VCT6, STM32G431CBT3Z, STM32G431RBT3Z, STM32G471CCT6, STM32G471CCU6, STM32G471CET3, STM32G471CET6, STM32G471CEU3, STM32G471CEU6, STM32G471MCT6, STM32G471MET3, STM32G471MET6, STM32G471MEY6TR, STM32G471QCT6, STM32G471QET3, STM32G471RCT6, STM32G471RET3, STM32G471RET6, STM32G471VCH6, STM32G471VCI6, STM32G471VCT6, STM32G471VEH3, STM32G471VEH6, STM32G471VEI3, STM32G471VEI6, STM32G471VET3, STM32G471VET6, STM32G473QET3Z, STM32G473RET3Z, STM32G474CCT6, STM32G491RET3Z, STM32H503CBT6, STM32H503CBU6, STM32H503EBY6TR, STM32H503KBU6, STM32H503RBT6, STM32H523CCT6, STM32H523CCU6, STM32H523CET6, STM32H523CEU6, STM32H523HEY6TR, STM32H523RCT6, STM32H523RET6, STM32H523VCI6, STM32H523VCT6, STM32H523VEI6, STM32H523VET6, STM32H523ZCJ6, STM32H523ZCT6, STM32H523ZEJ6, STM32H523ZET6, STM32H533CET6, STM32H533CEU6, STM32H533HEY6TR, STM32H533RET6, STM32H533VEI6, STM32H533VET6, STM32H533ZEJ6, STM32H533ZET6, STM32H562AGI6, STM32H562AII6, STM32H562IGK6, STM32H562IGT6, STM32H562IIK6, STM32H562IIT6, STM32H562RGT6, STM32H562RGV6, STM32H562RIT6, STM32H562RIV6, STM32H562VGT6, STM32H562VIT6, STM32H562ZGT6, STM32H562ZIT6, STM32H563AGI6, STM32H563AII3Q, STM32H563AII6, STM32H563IGK6, STM32H563IGT6, STM32H563IIK3Q, STM32H563IIK6, STM32H563IIT3Q, STM32H563IIT6, STM32H563MIY3QTR, STM32H563RGT6, STM32H563RGV6, STM32H563RIT6, STM32H563RIV6, STM32H563VGT6, STM32H563VIT3Q, STM32H563VIT6, STM32H563ZGT6, STM32H563ZIT3Q, STM32H563ZIT6, STM32H573AII3Q, STM32H573AII6, STM32H573I-DK, STM32H573IIK3Q, STM32H573IIK6, STM32H573IIT3Q, STM32H573IIT6, STM32H573MIY3QTR, STM32H573RIT6, STM32H573RIV6, STM32H573VIT3Q, STM32H573VIT6, STM32H573ZIT3Q, STM32H573ZIT6, STM32H7R3A8I6, STM32H7R3I8K6, STM32H7R3I8T6, STM32H7R3L8H6, STM32H7R3L8H6H, STM32H7R3R8V6, STM32H7R3V8H6, STM32H7R3V8T6, STM32H7R3V8Y6TR, STM32H7R3Z8J6, STM32H7R3Z8T6, STM32H7R7A8I6, STM32H7R7I8K6, STM32H7R7I8T6, STM32H7R7L8H6, STM32H7R7L8H6H, STM32H7R7Z8J6, STM32H7S3A8I6, STM32H7S3I8K6, STM32H7S3I8T6, STM32H7S3L8H6, STM32H7S3L8H6H, STM32H7S3R8V6, STM32H7S3V8H6, STM32H7S3V8T6, STM32H7S3V8Y6TR, STM32H7S3Z8J6, STM32H7S3Z8T6, STM32H7S78-DK, STM32H7S7A8I6, STM32H7S7I8K6, STM32H7S7I8T6, STM32H7S7L8H6, STM32H7S7L8H6H, STM32H7S7Z8J6, STM32L4R5QGI6STR, STM32MP131AAE3, STM32MP131AAF3, STM32MP131AAG3, STM32MP131CAE3, STM32MP131CAF3, STM32MP131CAG3, STM32MP131DAE7, STM32MP131DAF7, STM32MP131DAG7, STM32MP131FAE7, STM32MP131FAF7, STM32MP131FAG7, STM32MP133AAE3, STM32MP133AAF3, STM32MP133AAG3, STM32MP133CAE3, STM32MP133CAF3, STM32MP133CAG3, STM32MP133DAE7, STM32MP133DAF7, STM32MP133DAG7, STM32MP133FAE7, STM32MP133FAF7, STM32MP133FAG7, STM32MP135AAE3, STM32MP135AAF3, STM32MP135AAG3, STM32MP135CAE3, STM32MP135CAF3, STM32MP135CAG3, STM32MP135DAE7, STM32MP135DAF7, STM32MP135DAG7, STM32MP135F-DK, STM32MP135FAE7, STM32MP135FAF7, STM32MP135FAF7T, STM32MP135FAF7U, STM32MP135FAG7, STM32MP231AAJ3, STM32MP231AAK3, STM32MP231AAL3, STM32MP231CAJ3, STM32MP231CAK3, STM32MP231CAL3, STM32MP231DAJ3, STM32MP231DAK3, STM32MP231DAL3, STM32MP231FAJ3, STM32MP231FAK3, STM32MP231FAL3, STM32MP233AAJ3, STM32MP233AAK3, STM32MP233AAL3, STM32MP233CAJ3, STM32MP233CAK3, STM32MP233CAL3, STM32MP233DAJ3, STM32MP233DAK3, STM32MP233DAL3, STM32MP233FAJ3, STM32MP233FAK3, STM32MP233FAL3, STM32MP235AAJ3, STM32MP235AAK3, STM32MP235AAL3, STM32MP235CAJ3, STM32MP235CAK3, STM32MP235CAL3, STM32MP235DAJ3, STM32MP235DAK3, STM32MP235DAL3, STM32MP235FAJ3, STM32MP235FAK3, STM32MP235FAL3, STM32MP251AAI3, STM32MP251AAJ3, STM32MP251AAK3, STM32MP251AAL3, STM32MP251CAI3, STM32MP251CAJ3, STM32MP251CAK3, STM32MP251CAL3, STM32MP251DAI3, STM32MP251DAJ3, STM32MP251DAK3, STM32MP251DAL3, STM32MP251FAI3, STM32MP251FAJ3, STM32MP251FAK3, STM32MP251FAL3, STM32MP253AAI3, STM32MP253AAJ3, STM32MP253AAK3, STM32MP253AAL3, STM32MP253CAI3, STM32MP253CAJ3, STM32MP253CAK3, STM32MP253CAL3, STM32MP253DAI3, STM32MP253DAJ3, STM32MP253DAK3, STM32MP253DAL3, STM32MP253FAI3, STM32MP253FAJ3, STM32MP253FAK3, STM32MP253FAL3, STM32MP255AAI3, STM32MP255AAJ3, STM32MP255AAK3, STM32MP255AAL3, STM32MP255CAI3, STM32MP255CAJ3, STM32MP255CAK3, STM32MP255CAL3, STM32MP255DAI3, STM32MP255DAJ3, STM32MP255DAK3, STM32MP255DAL3, STM32MP255FAI3, STM32MP255FAJ3, STM32MP255FAK3, STM32MP255FAL3, STM32MP257AAI3, STM32MP257AAJ3, STM32MP257AAK3, STM32MP257AAL3, STM32MP257CAI3, STM32MP257CAJ3, STM32MP257CAK3, STM32MP257CAL3, STM32MP257DAI3, STM32MP257DAJ3, STM32MP257DAK3, STM32MP257DAL3, STM32MP257F-DK, STM32MP257F-EV1, STM32MP257FAI3, STM32MP257FAJ3, STM32MP257FAK3, STM32MP257FAL3, STM32N645A0H3Q, STM32N645B0H3Q, STM32N645I0H3Q, STM32N645L0H3Q, STM32N645X0H3Q, STM32N645Z0H3Q, STM32N647A0H3Q, STM32N647B0H3Q, STM32N647I0H3Q, STM32N647L0H3Q, STM32N647X0H3Q, STM32N647Z0H3Q, STM32N655A0H3Q, STM32N655B0H3Q, STM32N655I0H3Q, STM32N655L0H3Q, STM32N655X0H3Q, STM32N655Z0H3Q, STM32N6570-DK, STM32N657A0H3Q, STM32N657B0H3Q, STM32N657I0H3Q, STM32N657L0H3Q, STM32N657X0H3Q, STM32N657Z0H3Q, STM32U031C6T6, STM32U031C6U6, STM32U031C8T6, STM32U031C8U6, STM32U031F4P6, STM32U031F6P6, STM32U031F8P6, STM32U031G6Y6TR, STM32U031G8Y6TR, STM32U031K4U6, STM32U031K6U6, STM32U031K8U6, STM32U031R6I6, STM32U031R6T6, STM32U031R8I6, STM32U031R8T6, STM32U073C8T6, STM32U073C8U6, STM32U073CBT6, STM32U073CBU6, STM32U073CCT6, STM32U073CCU6, STM32U073H8Y6TR, STM32U073HBY6TR, STM32U073HCY6TR, STM32U073K8U6, STM32U073KBU6, STM32U073KCU6, STM32U073M8I6, STM32U073M8T6, STM32U073MBI6, STM32U073MBT6, STM32U073MCI6, STM32U073MCT6, STM32U073R8I6, STM32U073R8T6, STM32U073RBI6, STM32U073RBT6, STM32U073RCI6, STM32U073RCT6, STM32U083C-DK, STM32U083CCT6, STM32U083CCU6, STM32U083HCY6TR, STM32U083KCU6, STM32U083MCI6, STM32U083MCT6, STM32U083RCI6, STM32U083RCT6, STM32U375CET6, STM32U375CET6Q, STM32U375CEU6, STM32U375CEU6Q, STM32U375CEY6QTR, STM32U375CGT6, STM32U375CGT6Q, STM32U375CGU6, STM32U375CGU6Q, STM32U375CGY6QTR, STM32U375KEU6, STM32U375KGU6, STM32U375REI6, STM32U375REI6Q, STM32U375RET6, STM32U375RET6Q, STM32U375REY6GTR, STM32U375REY6QTR, STM32U375RGI6, STM32U375RGI6Q, STM32U375RGT6, STM32U375RGT6Q, STM32U375RGY6GTR, STM32U375RGY6QTR, STM32U375VEI6, STM32U375VEI6Q, STM32U375VET6, STM32U375VET6Q, STM32U375VGI6, STM32U375VGI6Q, STM32U375VGT6, STM32U375VGT6Q, STM32U385CGT6, STM32U385CGT6Q, STM32U385CGU6, STM32U385CGU6Q, STM32U385CGY6QTR, STM32U385KGU6, STM32U385RGI6, STM32U385RGI6Q, STM32U385RGT6, STM32U385RGT6Q, STM32U385RGY6GTR, STM32U385RGY6QTR, STM32U385VGI6, STM32U385VGI6Q, STM32U385VGT6, STM32U385VGT6Q, STM32U535CBT6, STM32U535CBT6Q, STM32U535CBU6, STM32U535CBU6Q, STM32U535CCT6, STM32U535CCT6Q, STM32U535CCU6, STM32U535CCU6Q, STM32U535CET6, STM32U535CET6Q, STM32U535CEU6, STM32U535CEU6Q, STM32U535JEY6QTR, STM32U535NCY6QTR, STM32U535NEY6QTR, STM32U535RBI6, STM32U535RBI6Q, STM32U535RBT6, STM32U535RBT6Q, STM32U535RCI6, STM32U535RCI6Q, STM32U535RCT6, STM32U535RCT6Q, STM32U535REI6, STM32U535REI6Q, STM32U535RET6, STM32U535RET6Q, STM32U535VCI6, STM32U535VCI6Q, STM32U535VCT6, STM32U535VCT6Q, STM32U535VEI6, STM32U535VEI6Q, STM32U535VET6, STM32U535VET6Q, STM32U545CET6, STM32U545CET6Q, STM32U545CEU6, STM32U545CEU6Q, STM32U545JEY6QTR, STM32U545NEY6QTR, STM32U545REI6, STM32U545REI6Q, STM32U545RET6, STM32U545RET6Q, STM32U545VEI6, STM32U545VEI6Q, STM32U545VET6, STM32U545VET6Q, STM32U595AIH6, STM32U595AIH6Q, STM32U595AJH6, STM32U595AJH6Q, STM32U595QII6, STM32U595QII6Q, STM32U595QJI6, STM32U595QJI6Q, STM32U595RIT6, STM32U595RIT6Q, STM32U595RJT6, STM32U595RJT6Q, STM32U595VIT6, STM32U595VIT6Q, STM32U595VJT6, STM32U595VJT6Q, STM32U595ZIT6, STM32U595ZIT6Q, STM32U595ZIY6QTR, STM32U595ZJT6, STM32U595ZJT6Q, STM32U595ZJY6QTR, STM32U599BJY6QTR, STM32U599NIH6Q, STM32U599NJH6Q, STM32U599VIT6Q, STM32U599VJT6, STM32U599VJT6Q, STM32U599ZIT6Q, STM32U599ZIY6QTR, STM32U599ZJT6Q, STM32U599ZJY6QTR, STM32U5A5AJH6, STM32U5A5AJH6Q, STM32U5A5QII3Q , STM32U5A5QJI6, STM32U5A5QJI6Q, STM32U5A5RJT6, STM32U5A5RJT6Q, STM32U5A5VJT6, STM32U5A5VJT6Q, STM32U5A5ZJT6, STM32U5A5ZJT6Q, STM32U5A5ZJY6QTR, STM32U5A9BJY6QTR, STM32U5A9J-DK, STM32U5A9NJH6Q, STM32U5A9VJT6Q, STM32U5A9ZJT6Q, STM32U5A9ZJY6QTR, STM32U5F7VIT6, STM32U5F7VIT6Q, STM32U5F7VJT6, STM32U5F7VJT6Q, STM32U5F9BJY6QTR, STM32U5F9NJH6Q, STM32U5F9VIT6Q, STM32U5F9VJT6Q, STM32U5F9ZIJ6QTR, STM32U5F9ZIT6Q, STM32U5F9ZJJ6QTR, STM32U5F9ZJT6Q, STM32U5G7VJT6, STM32U5G7VJT6Q, STM32U5G9BJY6QTR, STM32U5G9J-DK1, STM32U5G9J-DK2, STM32U5G9NJH6Q, STM32U5G9VJT6Q, STM32U5G9ZJJ6QTR, STM32U5G9ZJT6Q, STM32WB05KZV6TR, STM32WB05KZV7TR, STM32WB05TZF6TR, STM32WB05TZF7TR, STM32WB06CCF6TR, STM32WB06CCF7TR, STM32WB06CCV6TR, STM32WB06CCV7TR, STM32WB06KCV6TR, STM32WB06KCV7TR, STM32WB07CCF6TR, STM32WB07CCF7TR, STM32WB07CCV6TR, STM32WB07CCV7TR, STM32WB07KCV6TR, STM32WB07KCV7TR, STM32WB09KEV6TR, STM32WB09KEV7TR, STM32WB09TEF6TR, STM32WB09TEF7TR, STM32WB1MMCH6, STM32WBA50KGU6, STM32WBA50KGU6TR, STM32WBA52CEU6, STM32WBA52CEU6TR, STM32WBA52CEU7, STM32WBA52CEU7TR, STM32WBA52CGU6, STM32WBA52CGU6TR, STM32WBA52CGU6U, STM32WBA52CGU7, STM32WBA52CGU7TR, STM32WBA52KEU6, STM32WBA52KEU6TR, STM32WBA52KGU6, STM32WBA52KGU6TR, STM32WBA54CEU6, STM32WBA54CEU6TR, STM32WBA54CEU7, STM32WBA54CEU7TR, STM32WBA54CGU6, STM32WBA54CGU6TR, STM32WBA54CGU7, STM32WBA54CGU7TR, STM32WBA54KEU6, STM32WBA54KEU6TR, STM32WBA54KEU7, STM32WBA54KEU7TR, STM32WBA54KGU6, STM32WBA54KGU6TR, STM32WBA54KGU7, STM32WBA54KGU7TR, STM32WBA55CEU6, STM32WBA55CEU6TR, STM32WBA55CEU7, STM32WBA55CEU7TR, STM32WBA55CGU6, STM32WBA55CGU6TR, STM32WBA55CGU6U, STM32WBA55CGU7, STM32WBA55CGU7TR, STM32WBA55G-DK1, STM32WBA55HEF6, STM32WBA55HEF7, STM32WBA55HGF6, STM32WBA55HGF7, STM32WBA55UEI6, STM32WBA55UEI6TR, STM32WBA55UEI7, STM32WBA55UEI7TR, STM32WBA55UGI6, STM32WBA55UGI6TR, STM32WBA55UGI7, STM32WBA55UGI7TR, STM32WBA5MJGH6TR, STM32WBA62CGU6, STM32WBA62CIU6, STM32WBA62MGF6, STM32WBA62MIF6, STM32WBA62PGI6, STM32WBA62PII6, STM32WBA63CGU6, STM32WBA63CGU7, STM32WBA63CIU6, STM32WBA63CIU7, STM32WBA64CGU6, STM32WBA64CGU7, STM32WBA64CIU6, STM32WBA64CIU7, STM32WBA65CGU6, STM32WBA65CGU7, STM32WBA65CIU6, STM32WBA65CIU7, STM32WBA65I-DK1, STM32WBA65MGF6, STM32WBA65MGF7, STM32WBA65MIF6, STM32WBA65MIF7, STM32WBA65PGI6, STM32WBA65PGI7, STM32WBA65PII6, STM32WBA65PII7, STM32WBA65RGV6, STM32WBA65RGV7, STM32WBA65RIV6, STM32WBA65RIV7, STM32WL30K8V6, STM32WL30KBV6, STM32WL31C8V6, STM32WL31CBV6, STM32WL31K8V6, STM32WL31KBV6, STM32WL33C8V6, STM32WL33C8V6TR, STM32WL33C8V7, STM32WL33C8V7TR, STM32WL33CBV6, STM32WL33CBV6TR, STM32WL33CBV7, STM32WL33CBV7TR, STM32WL33CCV6, STM32WL33CCV6TR, STM32WL33CCV7, STM32WL33CCV7A, STM32WL33CCV7ATR, STM32WL33CCV7TR, STM32WL33K8V6, STM32WL33K8V6TR, STM32WL33K8V7, STM32WL33K8V7TR, STM32WL33KBV6, STM32WL33KBV6TR, STM32WL33KBV7, STM32WL33KBV7TR, STM32WL33KCV6, STM32WL33KCV6TR, STM32WL33KCV7, STM32WL33KCV7TR, STM32WL5MOCH6, STM32WL5MOCH6TR]
2026-05-28 14:44:00,686 [INFO] ApiDb:668 - CubeFinder database Data Model version=2.1
2026-05-28 14:44:00,686 [INFO] ApiDb:669 - CubeFinder database Configuration version=3.0.42
2026-05-28 14:44:00,686 [INFO] ApiDb:670 - CubeFinder database generation date=2026-05-06 (1778060171)
2026-05-28 14:44:00,686 [INFO] ApiDb:671 - CubeFinder database FW Pack versions=[FP-ATR-ASTRA1_V2.0.0, FP-SNS-FLIGHT1_V5.1.0, FP-SNS-MOTENV1_V5.1.0, FP-SNS-MOTENVWB1_V1.5.0, FP-SNS-SMARTAG2_V1.2.0, FP-SNS-STBOX1_V2.1.0, STM32Cube_FW_C0_V1.4.0, STM32Cube_FW_F4_V1.28.3, STM32Cube_FW_F7_V1.17.4, STM32Cube_FW_G0_V1.6.3, STM32Cube_FW_G4_V1.6.2, STM32Cube_FW_H5_V1.6.0, STM32Cube_FW_H7RS_V1.3.0, STM32Cube_FW_H7_V1.13.0, STM32Cube_FW_L0_V1.12.2, STM32Cube_FW_L4_V1.18.2, STM32Cube_FW_L5_V1.6.0, STM32Cube_FW_N6_V1.3.0, STM32Cube_FW_U0_V1.3.0, STM32Cube_FW_U3_V1.3.0, STM32Cube_FW_U5_V1.8.0, STM32Cube_FW_WB0_V1.4.0, STM32Cube_FW_WBA_V1.9.0, STM32Cube_FW_WB_V1.24.0, STM32Cube_FW_WL3_V1.4.0, STM32Cube_FW_WL_V1.5.0, X-CUBE-ALGOBUILD_V1.4.0, X-CUBE-ALS_V1.0.2, X-CUBE-AZRTOS-F4_V1.1.0, X-CUBE-AZRTOS-F7_V1.1.0, X-CUBE-AZRTOS-G0_V1.1.0, X-CUBE-AZRTOS-G4_V2.0.0, X-CUBE-AZRTOS-H7RS_V1.1.0, X-CUBE-AZRTOS-H7_V3.5.0, X-CUBE-AZRTOS-L4_V2.0.0, X-CUBE-AZRTOS-L5_V2.0.0, X-CUBE-AZRTOS-WB_V2.0.0, X-CUBE-AZRTOS-WL_V2.0.0, X-CUBE-BLE1_V7.1.0, X-CUBE-BLE2_V3.3.0, X-CUBE-BLEMGR_V4.1.0, X-CUBE-EEPRMA1_V5.2.0, X-CUBE-FREERTOS_V1.5.0, X-CUBE-GNSS1_V6.0.0, X-CUBE-MEMS1_V12.0.0, X-CUBE-NFC4_V3.0.0, X-CUBE-NFC7_V2.0.0, X-CUBE-SFXS2LP1_V4.0.0, X-CUBE-ST67W61_V1.2.0, X-CUBE-SUBG2_V5.0.0, X-CUBE-TOF1_V3.4.3]
2026-05-28 14:44:04,241 [INFO] ApiDb:240 - Found 895 in-development CPN: [B-G473E-ZEST1S, B-WB1M-WPAN1, B-WBA5M-WPAN, B-WL5M-SUBG1, NUCLEO-C031C6, NUCLEO-C051C8, NUCLEO-C071RB, NUCLEO-C092RC, NUCLEO-H503RB, NUCLEO-H533RE, NUCLEO-H563ZI, NUCLEO-H7S3L8, NUCLEO-N657X0-Q, NUCLEO-U031R8, NUCLEO-U083RC, NUCLEO-U385RG-Q, NUCLEO-U545RE-Q, NUCLEO-U5A5ZJ-Q, NUCLEO-WB05KZ, NUCLEO-WB07CC, NUCLEO-WB09KE, NUCLEO-WBA52CG, NUCLEO-WBA55CG, NUCLEO-WBA65RI, NUCLEO-WL33CC1, NUCLEO-WL33CC2, STEVAL-PROTEUS1, STEVAL-SMARTAG2, STEVAL-STWINBX1, STM320518-EVAL, STM32C0116-DK, STM32C011D6Y3TR, STM32C011D6Y6TR, STM32C011F4P3, STM32C011F4P6, STM32C011F4U3, STM32C011F4U6TR, STM32C011F6P3, STM32C011F6P6, STM32C011F6U3, STM32C011F6U6TR, STM32C011J4M3, STM32C011J4M6, STM32C011J6M3, STM32C011J6M6, STM32C0316-DK, STM32C031C4T3, STM32C031C4T6, STM32C031C4U3, STM32C031C4U6, STM32C031C6T3, STM32C031C6T6, STM32C031C6U3, STM32C031C6U6, STM32C031F4P3, STM32C031F4P6, STM32C031F6P3, STM32C031F6P6, STM32C031G4U3, STM32C031G4U6, STM32C031G6U3, STM32C031G6U6, STM32C031K4T3, STM32C031K4T6, STM32C031K4U3, STM32C031K4U6, STM32C031K6T3, STM32C031K6T6, STM32C031K6U3, STM32C031K6U6, STM32C051C6T6, STM32C051C6U6, STM32C051C8T6, STM32C051C8U6, STM32C051D8Y6TR, STM32C051F6P6, STM32C051F8P6, STM32C051G6U6, STM32C051G8U6, STM32C051K6T6, STM32C051K6U6, STM32C051K8T6, STM32C071C8T6, STM32C071C8T6N, STM32C071C8U6, STM32C071C8U6N, STM32C071CBT6, STM32C071CBT6N, STM32C071CBU6, STM32C071CBU6N, STM32C071F8P6, STM32C071F8P6N, STM32C071FBP6, STM32C071FBP6N, STM32C071FBY6TR, STM32C071G8U6, STM32C071G8U6N, STM32C071GBU6, STM32C071GBU6N, STM32C071K8T6, STM32C071K8T6N, STM32C071K8U6, STM32C071K8U6N, STM32C071KBT6, STM32C071KBT6N, STM32C071KBU6, STM32C071KBU6N, STM32C071R8T6, STM32C071R8T6N, STM32C071RBI6N, STM32C071RBT6, STM32C071RBT6N, STM32C091CBT6, STM32C091CBU6, STM32C091CCT6, STM32C091CCU6, STM32C091ECY6TR, STM32C091FBP6, STM32C091FCP6, STM32C091GBU6, STM32C091GCU6, STM32C091KBT6, STM32C091KBU6, STM32C091KCT6, STM32C091KCU6, STM32C091RBT6, STM32C091RCI6, STM32C091RCT6, STM32C092CBT6, STM32C092CBU6, STM32C092CCT6, STM32C092CCU6, STM32C092ECY6TR, STM32C092FBP6, STM32C092FCP6, STM32C092GBU6, STM32C092GCU6, STM32C092KBT6, STM32C092KBU6, STM32C092KCT6, STM32C092KCU6, STM32C092RBT6, STM32C092RCI6, STM32C092RCT6, STM32G071K8TXN, STM32G071K8UXN, STM32G081GBU6N, STM32G081KBT6N, STM32G081KBUXN, STM32G0B1CCT6N, STM32G0B1KCT6, STM32G0B1NEY6TR, STM32G0B1RCT6N, STM32G0C1CCT6, STM32G0C1CCT6N, STM32G0C1CCU6N, STM32G0C1CET6N, STM32G0C1CEU6N, STM32G0C1KCT6, STM32G0C1NEY6TR, STM32G0C1RCI6N, STM32G0C1RCT6N, STM32G0C1REI6N, STM32G0C1RET6N, STM32G0C1VCI6, STM32G0C1VEI6, STM32G411C6T3, STM32G411C6T6, STM32G411C6U3, STM32G411C6U6, STM32G411C8T3, STM32G411C8T6, STM32G411C8U3, STM32G411C8U6, STM32G411CBT3, STM32G411CBT6, STM32G411CBU3, STM32G411CBU6, STM32G411CCT3, STM32G411CCT6, STM32G411CCU3, STM32G411CCU6, STM32G411K6T3, STM32G411K6T6, STM32G411K6U3, STM32G411K6U6, STM32G411K8T3, STM32G411K8T6, STM32G411K8U3, STM32G411K8U6, STM32G411KBT3, STM32G411KBT6, STM32G411KBU3, STM32G411KBU6, STM32G411M6T3, STM32G411M6T6, STM32G411M8T3, STM32G411M8T6, STM32G411MBT3, STM32G411MBT6, STM32G411MCT3, STM32G411MCT6, STM32G411R6T3, STM32G411R6T6, STM32G411R8T3, STM32G411R8T6, STM32G411RBT3, STM32G411RBT6, STM32G411RCT3, STM32G411RCT6, STM32G414CBT3, STM32G414CBT6, STM32G414CBU3, STM32G414CBU6, STM32G414CCT3, STM32G414CCT6, STM32G414CCU3, STM32G414CCU6, STM32G414MBT3, STM32G414MBT6, STM32G414MCT3, STM32G414MCT6, STM32G414RBT3, STM32G414RBT6, STM32G414RCT3, STM32G414RCT6, STM32G414VBT3, STM32G414VBT6, STM32G414VCT3, STM32G414VCT6, STM32G431CBT3Z, STM32G431RBT3Z, STM32G471CCT6, STM32G471CCU6, STM32G471CET3, STM32G471CET6, STM32G471CEU3, STM32G471CEU6, STM32G471MCT6, STM32G471MET3, STM32G471MET6, STM32G471MEY6TR, STM32G471QCT6, STM32G471QET3, STM32G471RCT6, STM32G471RET3, STM32G471RET6, STM32G471VCH6, STM32G471VCI6, STM32G471VCT6, STM32G471VEH3, STM32G471VEH6, STM32G471VEI3, STM32G471VEI6, STM32G471VET3, STM32G471VET6, STM32G473QET3Z, STM32G473RET3Z, STM32G474CCT6, STM32G491RET3Z, STM32H503CBT6, STM32H503CBU6, STM32H503EBY6TR, STM32H503KBU6, STM32H503RBT6, STM32H523CCT6, STM32H523CCU6, STM32H523CET6, STM32H523CEU6, STM32H523HEY6TR, STM32H523RCT6, STM32H523RET6, STM32H523VCI6, STM32H523VCT6, STM32H523VEI6, STM32H523VET6, STM32H523ZCJ6, STM32H523ZCT6, STM32H523ZEJ6, STM32H523ZET6, STM32H533CET6, STM32H533CEU6, STM32H533HEY6TR, STM32H533RET6, STM32H533VEI6, STM32H533VET6, STM32H533ZEJ6, STM32H533ZET6, STM32H562AGI6, STM32H562AII6, STM32H562IGK6, STM32H562IGT6, STM32H562IIK6, STM32H562IIT6, STM32H562RGT6, STM32H562RGV6, STM32H562RIT6, STM32H562RIV6, STM32H562VGT6, STM32H562VIT6, STM32H562ZGT6, STM32H562ZIT6, STM32H563AGI6, STM32H563AII3Q, STM32H563AII6, STM32H563IGK6, STM32H563IGT6, STM32H563IIK3Q, STM32H563IIK6, STM32H563IIT3Q, STM32H563IIT6, STM32H563MIY3QTR, STM32H563RGT6, STM32H563RGV6, STM32H563RIT6, STM32H563RIV6, STM32H563VGT6, STM32H563VIT3Q, STM32H563VIT6, STM32H563ZGT6, STM32H563ZIT3Q, STM32H563ZIT6, STM32H573AII3Q, STM32H573AII6, STM32H573I-DK, STM32H573IIK3Q, STM32H573IIK6, STM32H573IIT3Q, STM32H573IIT6, STM32H573MIY3QTR, STM32H573RIT6, STM32H573RIV6, STM32H573VIT3Q, STM32H573VIT6, STM32H573ZIT3Q, STM32H573ZIT6, STM32H7R3A8I6, STM32H7R3I8K6, STM32H7R3I8T6, STM32H7R3L8H6, STM32H7R3L8H6H, STM32H7R3R8V6, STM32H7R3V8H6, STM32H7R3V8T6, STM32H7R3V8Y6TR, STM32H7R3Z8J6, STM32H7R3Z8T6, STM32H7R7A8I6, STM32H7R7I8K6, STM32H7R7I8T6, STM32H7R7L8H6, STM32H7R7L8H6H, STM32H7R7Z8J6, STM32H7S3A8I6, STM32H7S3I8K6, STM32H7S3I8T6, STM32H7S3L8H6, STM32H7S3L8H6H, STM32H7S3R8V6, STM32H7S3V8H6, STM32H7S3V8T6, STM32H7S3V8Y6TR, STM32H7S3Z8J6, STM32H7S3Z8T6, STM32H7S78-DK, STM32H7S7A8I6, STM32H7S7I8K6, STM32H7S7I8T6, STM32H7S7L8H6, STM32H7S7L8H6H, STM32H7S7Z8J6, STM32L4R5QGI6STR, STM32MP131AAE3, STM32MP131AAF3, STM32MP131AAG3, STM32MP131CAE3, STM32MP131CAF3, STM32MP131CAG3, STM32MP131DAE7, STM32MP131DAF7, STM32MP131DAG7, STM32MP131FAE7, STM32MP131FAF7, STM32MP131FAG7, STM32MP133AAE3, STM32MP133AAF3, STM32MP133AAG3, STM32MP133CAE3, STM32MP133CAF3, STM32MP133CAG3, STM32MP133DAE7, STM32MP133DAF7, STM32MP133DAG7, STM32MP133FAE7, STM32MP133FAF7, STM32MP133FAG7, STM32MP135AAE3, STM32MP135AAF3, STM32MP135AAG3, STM32MP135CAE3, STM32MP135CAF3, STM32MP135CAG3, STM32MP135DAE7, STM32MP135DAF7, STM32MP135DAG7, STM32MP135F-DK, STM32MP135FAE7, STM32MP135FAF7, STM32MP135FAF7T, STM32MP135FAF7U, STM32MP135FAG7, STM32MP231AAJ3, STM32MP231AAK3, STM32MP231AAL3, STM32MP231CAJ3, STM32MP231CAK3, STM32MP231CAL3, STM32MP231DAJ3, STM32MP231DAK3, STM32MP231DAL3, STM32MP231FAJ3, STM32MP231FAK3, STM32MP231FAL3, STM32MP233AAJ3, STM32MP233AAK3, STM32MP233AAL3, STM32MP233CAJ3, STM32MP233CAK3, STM32MP233CAL3, STM32MP233DAJ3, STM32MP233DAK3, STM32MP233DAL3, STM32MP233FAJ3, STM32MP233FAK3, STM32MP233FAL3, STM32MP235AAJ3, STM32MP235AAK3, STM32MP235AAL3, STM32MP235CAJ3, STM32MP235CAK3, STM32MP235CAL3, STM32MP235DAJ3, STM32MP235DAK3, STM32MP235DAL3, STM32MP235FAJ3, STM32MP235FAK3, STM32MP235FAL3, STM32MP251AAI3, STM32MP251AAJ3, STM32MP251AAK3, STM32MP251AAL3, STM32MP251CAI3, STM32MP251CAJ3, STM32MP251CAK3, STM32MP251CAL3, STM32MP251DAI3, STM32MP251DAJ3, STM32MP251DAK3, STM32MP251DAL3, STM32MP251FAI3, STM32MP251FAJ3, STM32MP251FAK3, STM32MP251FAL3, STM32MP253AAI3, STM32MP253AAJ3, STM32MP253AAK3, STM32MP253AAL3, STM32MP253CAI3, STM32MP253CAJ3, STM32MP253CAK3, STM32MP253CAL3, STM32MP253DAI3, STM32MP253DAJ3, STM32MP253DAK3, STM32MP253DAL3, STM32MP253FAI3, STM32MP253FAJ3, STM32MP253FAK3, STM32MP253FAL3, STM32MP255AAI3, STM32MP255AAJ3, STM32MP255AAK3, STM32MP255AAL3, STM32MP255CAI3, STM32MP255CAJ3, STM32MP255CAK3, STM32MP255CAL3, STM32MP255DAI3, STM32MP255DAJ3, STM32MP255DAK3, STM32MP255DAL3, STM32MP255FAI3, STM32MP255FAJ3, STM32MP255FAK3, STM32MP255FAL3, STM32MP257AAI3, STM32MP257AAJ3, STM32MP257AAK3, STM32MP257AAL3, STM32MP257CAI3, STM32MP257CAJ3, STM32MP257CAK3, STM32MP257CAL3, STM32MP257DAI3, STM32MP257DAJ3, STM32MP257DAK3, STM32MP257DAL3, STM32MP257F-DK, STM32MP257F-EV1, STM32MP257FAI3, STM32MP257FAJ3, STM32MP257FAK3, STM32MP257FAL3, STM32N645A0H3Q, STM32N645B0H3Q, STM32N645I0H3Q, STM32N645L0H3Q, STM32N645X0H3Q, STM32N645Z0H3Q, STM32N647A0H3Q, STM32N647B0H3Q, STM32N647I0H3Q, STM32N647L0H3Q, STM32N647X0H3Q, STM32N647Z0H3Q, STM32N655A0H3Q, STM32N655B0H3Q, STM32N655I0H3Q, STM32N655L0H3Q, STM32N655X0H3Q, STM32N655Z0H3Q, STM32N6570-DK, STM32N657A0H3Q, STM32N657B0H3Q, STM32N657I0H3Q, STM32N657L0H3Q, STM32N657X0H3Q, STM32N657Z0H3Q, STM32U031C6T6, STM32U031C6U6, STM32U031C8T6, STM32U031C8U6, STM32U031F4P6, STM32U031F6P6, STM32U031F8P6, STM32U031G6Y6TR, STM32U031G8Y6TR, STM32U031K4U6, STM32U031K6U6, STM32U031K8U6, STM32U031R6I6, STM32U031R6T6, STM32U031R8I6, STM32U031R8T6, STM32U073C8T6, STM32U073C8U6, STM32U073CBT6, STM32U073CBU6, STM32U073CCT6, STM32U073CCU6, STM32U073H8Y6TR, STM32U073HBY6TR, STM32U073HCY6TR, STM32U073K8U6, STM32U073KBU6, STM32U073KCU6, STM32U073M8I6, STM32U073M8T6, STM32U073MBI6, STM32U073MBT6, STM32U073MCI6, STM32U073MCT6, STM32U073R8I6, STM32U073R8T6, STM32U073RBI6, STM32U073RBT6, STM32U073RCI6, STM32U073RCT6, STM32U083C-DK, STM32U083CCT6, STM32U083CCU6, STM32U083HCY6TR, STM32U083KCU6, STM32U083MCI6, STM32U083MCT6, STM32U083RCI6, STM32U083RCT6, STM32U375CET6, STM32U375CET6Q, STM32U375CEU6, STM32U375CEU6Q, STM32U375CEY6QTR, STM32U375CGT6, STM32U375CGT6Q, STM32U375CGU6, STM32U375CGU6Q, STM32U375CGY6QTR, STM32U375KEU6, STM32U375KGU6, STM32U375REI6, STM32U375REI6Q, STM32U375RET6, STM32U375RET6Q, STM32U375REY6GTR, STM32U375REY6QTR, STM32U375RGI6, STM32U375RGI6Q, STM32U375RGT6, STM32U375RGT6Q, STM32U375RGY6GTR, STM32U375RGY6QTR, STM32U375VEI6, STM32U375VEI6Q, STM32U375VET6, STM32U375VET6Q, STM32U375VGI6, STM32U375VGI6Q, STM32U375VGT6, STM32U375VGT6Q, STM32U385CGT6, STM32U385CGT6Q, STM32U385CGU6, STM32U385CGU6Q, STM32U385CGY6QTR, STM32U385KGU6, STM32U385RGI6, STM32U385RGI6Q, STM32U385RGT6, STM32U385RGT6Q, STM32U385RGY6GTR, STM32U385RGY6QTR, STM32U385VGI6, STM32U385VGI6Q, STM32U385VGT6, STM32U385VGT6Q, STM32U535CBT6, STM32U535CBT6Q, STM32U535CBU6, STM32U535CBU6Q, STM32U535CCT6, STM32U535CCT6Q, STM32U535CCU6, STM32U535CCU6Q, STM32U535CET6, STM32U535CET6Q, STM32U535CEU6, STM32U535CEU6Q, STM32U535JEY6QTR, STM32U535NCY6QTR, STM32U535NEY6QTR, STM32U535RBI6, STM32U535RBI6Q, STM32U535RBT6, STM32U535RBT6Q, STM32U535RCI6, STM32U535RCI6Q, STM32U535RCT6, STM32U535RCT6Q, STM32U535REI6, STM32U535REI6Q, STM32U535RET6, STM32U535RET6Q, STM32U535VCI6, STM32U535VCI6Q, STM32U535VCT6, STM32U535VCT6Q, STM32U535VEI6, STM32U535VEI6Q, STM32U535VET6, STM32U535VET6Q, STM32U545CET6, STM32U545CET6Q, STM32U545CEU6, STM32U545CEU6Q, STM32U545JEY6QTR, STM32U545NEY6QTR, STM32U545REI6, STM32U545REI6Q, STM32U545RET6, STM32U545RET6Q, STM32U545VEI6, STM32U545VEI6Q, STM32U545VET6, STM32U545VET6Q, STM32U595AIH6, STM32U595AIH6Q, STM32U595AJH6, STM32U595AJH6Q, STM32U595QII6, STM32U595QII6Q, STM32U595QJI6, STM32U595QJI6Q, STM32U595RIT6, STM32U595RIT6Q, STM32U595RJT6, STM32U595RJT6Q, STM32U595VIT6, STM32U595VIT6Q, STM32U595VJT6, STM32U595VJT6Q, STM32U595ZIT6, STM32U595ZIT6Q, STM32U595ZIY6QTR, STM32U595ZJT6, STM32U595ZJT6Q, STM32U595ZJY6QTR, STM32U599BJY6QTR, STM32U599NIH6Q, STM32U599NJH6Q, STM32U599VIT6Q, STM32U599VJT6, STM32U599VJT6Q, STM32U599ZIT6Q, STM32U599ZIY6QTR, STM32U599ZJT6Q, STM32U599ZJY6QTR, STM32U5A5AJH6, STM32U5A5AJH6Q, STM32U5A5QII3Q , STM32U5A5QJI6, STM32U5A5QJI6Q, STM32U5A5RJT6, STM32U5A5RJT6Q, STM32U5A5VJT6, STM32U5A5VJT6Q, STM32U5A5ZJT6, STM32U5A5ZJT6Q, STM32U5A5ZJY6QTR, STM32U5A9BJY6QTR, STM32U5A9J-DK, STM32U5A9NJH6Q, STM32U5A9VJT6Q, STM32U5A9ZJT6Q, STM32U5A9ZJY6QTR, STM32U5F7VIT6, STM32U5F7VIT6Q, STM32U5F7VJT6, STM32U5F7VJT6Q, STM32U5F9BJY6QTR, STM32U5F9NJH6Q, STM32U5F9VIT6Q, STM32U5F9VJT6Q, STM32U5F9ZIJ6QTR, STM32U5F9ZIT6Q, STM32U5F9ZJJ6QTR, STM32U5F9ZJT6Q, STM32U5G7VJT6, STM32U5G7VJT6Q, STM32U5G9BJY6QTR, STM32U5G9J-DK1, STM32U5G9J-DK2, STM32U5G9NJH6Q, STM32U5G9VJT6Q, STM32U5G9ZJJ6QTR, STM32U5G9ZJT6Q, STM32WB05KZV6TR, STM32WB05KZV7TR, STM32WB05TZF6TR, STM32WB05TZF7TR, STM32WB06CCF6TR, STM32WB06CCF7TR, STM32WB06CCV6TR, STM32WB06CCV7TR, STM32WB06KCV6TR, STM32WB06KCV7TR, STM32WB07CCF6TR, STM32WB07CCF7TR, STM32WB07CCV6TR, STM32WB07CCV7TR, STM32WB07KCV6TR, STM32WB07KCV7TR, STM32WB09KEV6TR, STM32WB09KEV7TR, STM32WB09TEF6TR, STM32WB09TEF7TR, STM32WB1MMCH6, STM32WBA50KGU6, STM32WBA50KGU6TR, STM32WBA52CEU6, STM32WBA52CEU6TR, STM32WBA52CEU7, STM32WBA52CEU7TR, STM32WBA52CGU6, STM32WBA52CGU6TR, STM32WBA52CGU6U, STM32WBA52CGU7, STM32WBA52CGU7TR, STM32WBA52KEU6, STM32WBA52KEU6TR, STM32WBA52KGU6, STM32WBA52KGU6TR, STM32WBA54CEU6, STM32WBA54CEU6TR, STM32WBA54CEU7, STM32WBA54CEU7TR, STM32WBA54CGU6, STM32WBA54CGU6TR, STM32WBA54CGU7, STM32WBA54CGU7TR, STM32WBA54KEU6, STM32WBA54KEU6TR, STM32WBA54KEU7, STM32WBA54KEU7TR, STM32WBA54KGU6, STM32WBA54KGU6TR, STM32WBA54KGU7, STM32WBA54KGU7TR, STM32WBA55CEU6, STM32WBA55CEU6TR, STM32WBA55CEU7, STM32WBA55CEU7TR, STM32WBA55CGU6, STM32WBA55CGU6TR, STM32WBA55CGU6U, STM32WBA55CGU7, STM32WBA55CGU7TR, STM32WBA55G-DK1, STM32WBA55HEF6, STM32WBA55HEF7, STM32WBA55HGF6, STM32WBA55HGF7, STM32WBA55UEI6, STM32WBA55UEI6TR, STM32WBA55UEI7, STM32WBA55UEI7TR, STM32WBA55UGI6, STM32WBA55UGI6TR, STM32WBA55UGI7, STM32WBA55UGI7TR, STM32WBA5MJGH6TR, STM32WBA62CGU6, STM32WBA62CIU6, STM32WBA62MGF6, STM32WBA62MIF6, STM32WBA62PGI6, STM32WBA62PII6, STM32WBA63CGU6, STM32WBA63CGU7, STM32WBA63CIU6, STM32WBA63CIU7, STM32WBA64CGU6, STM32WBA64CGU7, STM32WBA64CIU6, STM32WBA64CIU7, STM32WBA65CGU6, STM32WBA65CGU7, STM32WBA65CIU6, STM32WBA65CIU7, STM32WBA65I-DK1, STM32WBA65MGF6, STM32WBA65MGF7, STM32WBA65MIF6, STM32WBA65MIF7, STM32WBA65PGI6, STM32WBA65PGI7, STM32WBA65PII6, STM32WBA65PII7, STM32WBA65RGV6, STM32WBA65RGV7, STM32WBA65RIV6, STM32WBA65RIV7, STM32WL30K8V6, STM32WL30KBV6, STM32WL31C8V6, STM32WL31CBV6, STM32WL31K8V6, STM32WL31KBV6, STM32WL33C8V6, STM32WL33C8V6TR, STM32WL33C8V7, STM32WL33C8V7TR, STM32WL33CBV6, STM32WL33CBV6TR, STM32WL33CBV7, STM32WL33CBV7TR, STM32WL33CCV6, STM32WL33CCV6TR, STM32WL33CCV7, STM32WL33CCV7A, STM32WL33CCV7ATR, STM32WL33CCV7TR, STM32WL33K8V6, STM32WL33K8V6TR, STM32WL33K8V7, STM32WL33K8V7TR, STM32WL33KBV6, STM32WL33KBV6TR, STM32WL33KBV7, STM32WL33KBV7TR, STM32WL33KCV6, STM32WL33KCV6TR, STM32WL33KCV7, STM32WL33KCV7TR, STM32WL5MOCH6, STM32WL5MOCH6TR]
2026-05-28 14:44:04,259 [INFO] DbMcus:218 - Found 5082 MCUs, 4964 are supported
2026-05-28 14:44:04,260 [INFO] ApiDb:423 - Load user favorites file C:\Users\hp/.stm32cubeide/favorites.mcus.txt: 0 item(s)
2026-05-28 14:44:04,261 [INFO] ApiDb:427 - User favorites MCUs=[]
2026-05-28 14:44:04,261 [INFO] DbMcus:224 - Set 0 / 0 favorites MCUs
2026-05-28 14:44:05,956 [INFO] BoardInfo:889 - No configuration file found for board NUCLEO-H5E5ZJ
2026-05-28 14:44:05,959 [INFO] DbBoards:161 - Board is not supported: NUCLEO-H5E5ZJ
2026-05-28 14:44:06,209 [INFO] BoardInfo:889 - No configuration file found for board NUCLEO-U3C5ZI-Q
2026-05-28 14:44:06,213 [INFO] DbBoards:161 - Board is not supported: NUCLEO-U3C5ZI-Q
2026-05-28 14:44:06,282 [INFO] BoardInfo:889 - No configuration file found for board NUCLEO-WBA25CE1
2026-05-28 14:44:06,285 [INFO] DbBoards:161 - Board is not supported: NUCLEO-WBA25CE1
2026-05-28 14:44:06,350 [INFO] BoardInfo:889 - No configuration file found for board NUCLEO-WL3RKB1
2026-05-28 14:44:06,352 [INFO] DbBoards:161 - Board is not supported: NUCLEO-WL3RKB1
2026-05-28 14:44:06,354 [INFO] BoardInfo:889 - No configuration file found for board NUCLEO-WL3RKB2
2026-05-28 14:44:06,357 [INFO] DbBoards:161 - Board is not supported: NUCLEO-WL3RKB2
2026-05-28 14:44:06,378 [INFO] BoardInfo:889 - No configuration file found for board P-NUCLEO-WB55
2026-05-28 14:44:06,381 [INFO] DbBoards:161 - Kit is not supported: P-NUCLEO-WB55
2026-05-28 14:44:06,396 [INFO] BoardInfo:889 - No configuration file found for board STEVAL-BFA001V1B
2026-05-28 14:44:06,398 [INFO] DbBoards:161 - Kit is not supported: STEVAL-BFA001V1B
2026-05-28 14:44:06,400 [INFO] BoardInfo:889 - No configuration file found for board STEVAL-BFA001V2B
2026-05-28 14:44:06,402 [INFO] DbBoards:161 - Kit is not supported: STEVAL-BFA001V2B
2026-05-28 14:44:06,653 [INFO] BoardInfo:889 - No configuration file found for board STM32H5F5J-DK
2026-05-28 14:44:06,655 [INFO] DbBoards:161 - Board is not supported: STM32H5F5J-DK
2026-05-28 14:44:06,834 [INFO] BoardInfo:889 - No configuration file found for board STM32MP215F-DK
2026-05-28 14:44:06,836 [INFO] DbBoards:161 - Board is not supported: STM32MP215F-DK
2026-05-28 14:44:06,887 [INFO] DbBoards:168 - Found 218 boards, 208 are supported
2026-05-28 14:44:06,887 [INFO] DbBoards:169 - Found 218 boards, 43 of them is supported for  Bsp
2026-05-28 14:44:06,893 [INFO] ApiDb:423 - Load user favorites file C:\Users\hp/.stm32cubeide/favorites.boards.txt: 0 item(s)
2026-05-28 14:44:06,894 [INFO] ApiDb:427 - User favorites Boards=[]
2026-05-28 14:44:06,894 [INFO] DbBoards:198 - Set 0 / 0 favorites Boards
2026-05-28 14:44:06,896 [INFO] McuFinderGlobals:76 - Set McuFinderConnectedMode to true
2026-05-28 14:44:06,914 [INFO] MultiScanPanel:200 - Auto-refresh data requested => check proxy status ongoing
2026-05-28 14:44:06,921 [INFO] FinderPluginLoader:95 - Searching for filters in installed packs
2026-05-28 14:44:09,862 [INFO] LoadUrlFilesThread:185 - End of LoadServerUrlFiles without Thread
2026-05-28 14:44:09,884 [INFO] DetailPanel:341 - Set advertising image to C:/Users/hp/STM32Cube/Repository/\en.prom-stm32wba2-stm32-nucleo-board-0426.png
2026-05-28 14:44:14,918 [INFO] MultiScanPanel:200 - Auto-refresh data requested => check proxy status ongoing
2026-05-28 14:44:15,169 [INFO] LoadUrlFilesThread:185 - End of LoadServerUrlFiles without Thread
2026-05-28 14:44:15,170 [INFO] DetailPanel:341 - Set advertising image to C:/Users/hp/STM32Cube/Repository/\en.prom-stm32wba2-stm32-nucleo-board-0426.png
2026-05-28 14:44:15,195 [INFO] DbBoards:642 - Loading board mini-images...
2026-05-28 14:44:18,894 [INFO] DbBoards:665 - Loaded 218 board mini-images
2026-05-28 14:44:36,193 [INFO] MainUpdater:2872 - connection check result : 10
2026-05-28 14:44:36,194 [INFO] MainUpdater:2872 - connection check result : 10
2026-05-28 14:44:36,234 [INFO] MicroXplorer:468 - Change Database Path : 
2026-05-28 14:44:36,235 [INFO] MicroXplorer:498 - Change Database Version : DB.6.0.140
2026-05-28 14:44:36,252 [WARN] ThirdParty:871 - waiting for thirdparty lock release [close project]
2026-05-28 14:44:36,252 [INFO] ThirdParty:873 - entering critical section [close project]
2026-05-28 14:44:36,258 [INFO] ThirdParty:883 - exiting critical section [close project]
2026-05-28 14:44:36,268 [INFO] PinOutPanel:1589 - setPackage(No Configuration,No Configuration)
2026-05-28 14:44:36,287 [INFO] UtilMem:75 - Begin LoadConfig() Used Memory: 800621080 Bytes (1073741824)
2026-05-28 14:44:36,296 [INFO] OpenFileManager:354 - Change cursor
2026-05-28 14:44:36,438 [INFO] ProjectFactory:442 - No CPN specified for board STM32F407G-DISC1 => set CPN to STM32F407VGT6
2026-05-28 14:44:36,440 [INFO] Mcu:2011 - Initializing MCU STM32F407V(E-G)Tx STM32F407VGTx STM32F407VGT6
2026-05-28 14:44:39,921 [INFO] Context:756 - Trying to add GPIOservice into a context  which must be forbidden
2026-05-28 14:44:40,756 [INFO] Rule:224 - rule 117617 - U5Cobra4M][GTZC] default value MPCBB3 and MPCBB5 - Not Secured memory - MPCBB1 is applicable
2026-05-28 14:44:40,757 [INFO] Rule:224 - rule 117617 - U5Cobra4M][GTZC] default value MPCBB3 and MPCBB5 - Not Secured memory - MPCBB1 is applicable
2026-05-28 14:44:40,757 [INFO] Rule:224 - rule 117617 - U5Cobra4M][GTZC] default value MPCBB3 and MPCBB5 - Not Secured memory - MPCBB2 is applicable
2026-05-28 14:44:40,757 [INFO] Rule:224 - rule 117617 - U5Cobra4M][GTZC] default value MPCBB3 and MPCBB5 - Not Secured memory - MPCBB2 is applicable
2026-05-28 14:44:40,757 [INFO] Rule:224 - rule 117617 - U5Cobra4M][GTZC] default value MPCBB3 and MPCBB5 - Not Secured memory - MPCBB3 is applicable
2026-05-28 14:44:40,757 [INFO] Rule:224 - rule 117617 - U5Cobra4M][GTZC] default value MPCBB3 and MPCBB5 - Not Secured memory - MPCBB3 is applicable
2026-05-28 14:44:40,758 [INFO] Rule:224 - rule 117617 - U5Cobra4M][GTZC] default value MPCBB3 and MPCBB5 - Not Secured memory - MPCBB4 is applicable
2026-05-28 14:44:40,758 [INFO] Rule:224 - rule 117617 - U5Cobra4M][GTZC] default value MPCBB3 and MPCBB5 - Not Secured memory - MPCBB4 is applicable
2026-05-28 14:44:40,758 [INFO] Rule:224 - rule 117617 - U5Cobra4M][GTZC] default value MPCBB3 and MPCBB5 - Secured memory - MPCBB1 is applicable
2026-05-28 14:44:40,758 [INFO] Rule:224 - rule 117617 - U5Cobra4M][GTZC] default value MPCBB3 and MPCBB5 - Secured memory - MPCBB2 is applicable
2026-05-28 14:44:40,758 [INFO] Rule:224 - rule 117617 - U5Cobra4M][GTZC] default value MPCBB3 and MPCBB5 - Secured memory - MPCBB3 is applicable
2026-05-28 14:44:40,758 [INFO] Rule:224 - rule 117617 - U5Cobra4M][GTZC] default value MPCBB3 and MPCBB5 - Secured memory - MPCBB4 is applicable
2026-05-28 14:44:40,758 [INFO] Rule:224 - rule 117617 - U5Cobra4M][GTZC] default value MPCBB3 and MPCBB5 - Privileged memory - MPCBB1 is applicable
2026-05-28 14:44:40,758 [INFO] Rule:224 - rule 117617 - U5Cobra4M][GTZC] default value MPCBB3 and MPCBB5 - Privileged memory - MPCBB2 is applicable
2026-05-28 14:44:40,758 [INFO] Rule:224 - rule 117617 - U5Cobra4M][GTZC] default value MPCBB3 and MPCBB5 - Privileged memory - MPCBB3 is applicable
2026-05-28 14:44:40,758 [INFO] Rule:224 - rule 117617 - U5Cobra4M][GTZC] default value MPCBB3 and MPCBB5 - Privileged memory - MPCBB4 is applicable
2026-05-28 14:44:40,759 [INFO] Rule:224 - rule 117617 - U5Cobra4M][GTZC] default value MPCBB3 and MPCBB5 - Not Privileged memory - MPCBB1 is applicable
2026-05-28 14:44:40,759 [INFO] Rule:224 - rule 117617 - U5Cobra4M][GTZC] default value MPCBB3 and MPCBB5 - Not Privileged memory - MPCBB2 is applicable
2026-05-28 14:44:40,759 [INFO] Rule:224 - rule 117617 - U5Cobra4M][GTZC] default value MPCBB3 and MPCBB5 - Not Privileged memory - MPCBB3 is applicable
2026-05-28 14:44:40,759 [INFO] Rule:224 - rule 117617 - U5Cobra4M][GTZC] default value MPCBB3 and MPCBB5 - Not Privileged memory - MPCBB4 is applicable
2026-05-28 14:44:40,759 [INFO] Rule:224 - rule 117617 - U5Cobra4M][GTZC] default value MPCBB3 and MPCBB5 - Privileged memory - MPCBB1 is applicable
2026-05-28 14:44:40,759 [INFO] Rule:224 - rule 117617 - U5Cobra4M][GTZC] default value MPCBB3 and MPCBB5 - Privileged memory - MPCBB2 is applicable
2026-05-28 14:44:40,759 [INFO] Rule:224 - rule 117617 - U5Cobra4M][GTZC] default value MPCBB3 and MPCBB5 - Privileged memory - MPCBB3 is applicable
2026-05-28 14:44:40,759 [INFO] Rule:224 - rule 117617 - U5Cobra4M][GTZC] default value MPCBB3 and MPCBB5 - Privileged memory - MPCBB4 is applicable
2026-05-28 14:44:40,759 [INFO] Rule:224 - rule 117617 - U5Cobra4M][GTZC] default value MPCBB3 and MPCBB5 - Privileged memory - MPCBB1 is applicable
2026-05-28 14:44:40,759 [INFO] Rule:224 - rule 117617 - U5Cobra4M][GTZC] default value MPCBB3 and MPCBB5 - Privileged memory - MPCBB2 is applicable
2026-05-28 14:44:40,759 [INFO] Rule:224 - rule 117617 - U5Cobra4M][GTZC] default value MPCBB3 and MPCBB5 - Privileged memory - MPCBB3 is applicable
2026-05-28 14:44:40,759 [INFO] Rule:224 - rule 117617 - U5Cobra4M][GTZC] default value MPCBB3 and MPCBB5 - Privileged memory - MPCBB4 is applicable
2026-05-28 14:44:40,760 [INFO] Rule:224 - rule 117617 - U5Cobra4M][GTZC] default value MPCBB3 and MPCBB5 - Not Privileged memory - MPCBB1 is applicable
2026-05-28 14:44:40,760 [INFO] Rule:224 - rule 117617 - U5Cobra4M][GTZC] default value MPCBB3 and MPCBB5 - Not Privileged memory - MPCBB2 is applicable
2026-05-28 14:44:40,760 [INFO] Rule:224 - rule 117617 - U5Cobra4M][GTZC] default value MPCBB3 and MPCBB5 - Not Privileged memory - MPCBB3 is applicable
2026-05-28 14:44:40,760 [INFO] Rule:224 - rule 117617 - U5Cobra4M][GTZC] default value MPCBB3 and MPCBB5 - Not Privileged memory - MPCBB4 is applicable
2026-05-28 14:44:40,760 [INFO] Rule:224 - rule 117617 - U5Cobra4M][GTZC] default value MPCBB3 and MPCBB5 - Privileged memory - MPCBB1 is applicable
2026-05-28 14:44:40,760 [INFO] Rule:224 - rule 117617 - U5Cobra4M][GTZC] default value MPCBB3 and MPCBB5 - Privileged memory - MPCBB2 is applicable
2026-05-28 14:44:40,760 [INFO] Rule:224 - rule 117617 - U5Cobra4M][GTZC] default value MPCBB3 and MPCBB5 - Privileged memory - MPCBB3 is applicable
2026-05-28 14:44:40,760 [INFO] Rule:224 - rule 117617 - U5Cobra4M][GTZC] default value MPCBB3 and MPCBB5 - Privileged memory - MPCBB4 is applicable
2026-05-28 14:44:40,760 [INFO] Rule:224 - rule Rename SubGHz_Phy SUBGHZ_APPLICATION SUBGHZ_PINGPONG to SUBGHZ_ADV_APPLICATION is applicable
2026-05-28 14:44:40,760 [INFO] Rule:224 - rule Rename Enabled to IBEACON is applicable
2026-05-28 14:44:40,760 [INFO] Rule:224 - rule GTZC_S instance for project manager is applicable
2026-05-28 14:44:40,760 [INFO] Rule:224 - rule GTZC_S instance for context M33S is applicable
2026-05-28 14:44:40,760 [INFO] Rule:224 - rule GTZC_S instance value for IP GTZC is applicable
2026-05-28 14:44:40,760 [INFO] Rule:224 - rule GTZC_S instance for mcu.IP is applicable
2026-05-28 14:44:40,760 [INFO] Rule:224 - rule GTZC_S instance for VP is applicable
2026-05-28 14:44:40,760 [INFO] Rule:224 - rule GTZC_S instance for signal is applicable
2026-05-28 14:44:40,761 [INFO] Rule:224 - rule GTZC_S instance for mcu.Pin is applicable
2026-05-28 14:44:40,761 [INFO] Rule:224 - rule GTZC_S instance for VP is applicable
2026-05-28 14:44:40,761 [INFO] Rule:224 - rule GTZC_S instance for signal is applicable
2026-05-28 14:44:40,761 [INFO] Rule:224 - rule GTZC_S instance for mcu is applicable
2026-05-28 14:44:40,761 [INFO] Rule:224 - rule GTZC_S instance for mcu.Pin is applicable
2026-05-28 14:44:40,761 [INFO] Rule:224 - rule GTZC_S instance value for IP GTZC is applicable
2026-05-28 14:44:40,761 [INFO] Rule:224 - rule GTZC_S instance for project manager is applicable
2026-05-28 14:44:40,761 [INFO] Rule:224 - rule GTZC_S instance for context M33S is applicable
2026-05-28 14:44:40,761 [INFO] Rule:224 - rule GTZC_S instance for VP is applicable
2026-05-28 14:44:40,761 [INFO] Rule:224 - rule GTZC_S instance for signal is applicable
2026-05-28 14:44:40,761 [INFO] Rule:224 - rule SPDIFRX instance for mcu is applicable
2026-05-28 14:44:40,761 [INFO] Rule:224 - rule Rename Tracer Mode is applicable
2026-05-28 14:44:40,761 [INFO] Rule:224 - rule SPDIFRX instance value for IP SPDIFRX is applicable
2026-05-28 14:44:40,762 [INFO] Rule:224 - rule SPDIFRX instance for signal is applicable
2026-05-28 14:44:40,762 [INFO] Rule:224 - rule SPDIFRX instance for project manager is applicable
2026-05-28 14:44:40,762 [INFO] Rule:224 - rule SPDIFRX instance for project manager is applicable
2026-05-28 14:44:40,763 [INFO] Rule:224 - rule ADC Scan  fix with FW F7 is applicable
2026-05-28 14:44:40,763 [INFO] Rule:224 - rule ADC Scan  fix with FW F7 is applicable
2026-05-28 14:44:40,764 [INFO] Rule:224 - rule WakeUp0 Mode is applicable
2026-05-28 14:44:40,764 [INFO] Rule:224 - rule WakeUp0 SIGNAL is applicable
2026-05-28 14:44:40,764 [INFO] Rule:224 - rule WakeUp1 Mode is applicable
2026-05-28 14:44:40,764 [INFO] Rule:224 - rule WakeUp1 SIGNAL is applicable
2026-05-28 14:44:40,764 [INFO] Rule:224 - rule WakeUp2 Mode is applicable
2026-05-28 14:44:40,765 [INFO] Rule:224 - rule WakeUp2 SIGNAL is applicable
2026-05-28 14:44:40,765 [INFO] Rule:224 - rule WakeUp4 Mode is applicable
2026-05-28 14:44:40,765 [INFO] Rule:224 - rule WakeUp4 SIGNAL is applicable
2026-05-28 14:44:40,765 [INFO] Rule:224 - rule WakeUp5 Mode is applicable
2026-05-28 14:44:40,765 [INFO] Rule:224 - rule WakeUp5 SIGNAL is applicable
2026-05-28 14:44:40,765 [INFO] Rule:224 - rule Add RTC Activate Clock Source is applicable
2026-05-28 14:44:40,765 [INFO] Rule:224 - rule Add RTC Activate Calendar 1 is applicable
2026-05-28 14:44:40,765 [INFO] Rule:224 - rule Add RTC Activate Calendar 2 is applicable
2026-05-28 14:44:40,765 [INFO] Rule:224 - rule Add RTC Activate Calendar 3 is applicable
2026-05-28 14:44:40,765 [INFO] Rule:224 - rule UART/USART TX Mode is applicable
2026-05-28 14:44:40,765 [INFO] Rule:224 - rule UART/USART RX Mode is applicable
2026-05-28 14:44:40,765 [INFO] Rule:224 - rule UART/USART RX TX Mode is applicable
2026-05-28 14:44:40,765 [INFO] Rule:224 - rule UART/USART PARITY NONE is applicable
2026-05-28 14:44:40,765 [INFO] Rule:224 - rule UART/USART PARITY EVEN is applicable
2026-05-28 14:44:40,766 [INFO] Rule:224 - rule UART/USART PARITY ODD is applicable
2026-05-28 14:44:40,766 [INFO] Rule:224 - rule USART StopBits 1 is applicable
2026-05-28 14:44:40,766 [INFO] Rule:224 - rule USART StopBits 2 is applicable
2026-05-28 14:44:40,766 [INFO] Rule:224 - rule USART StopBits 1.5 is applicable
2026-05-28 14:44:40,766 [INFO] Rule:224 - rule USART StopBits 0.5 is applicable
2026-05-28 14:44:40,766 [INFO] Rule:224 - rule UART/USART WORD LENGTH 7 is applicable
2026-05-28 14:44:40,766 [INFO] Rule:224 - rule UART/USART WORD LENGTH 8 is applicable
2026-05-28 14:44:40,766 [INFO] Rule:224 - rule UART/USART WORD LENGTH 9 is applicable
2026-05-28 14:44:40,766 [INFO] Rule:224 - rule Rename FMC NAND NCE signal is applicable
2026-05-28 14:44:40,767 [INFO] Rule:224 - rule Rename FMC NAND INT signal is applicable
2026-05-28 14:44:40,767 [INFO] Rule:224 - rule Change Default Value for LSE Drive Capability for WB family is applicable
2026-05-28 14:44:40,767 [INFO] Rule:224 - rule Change Default Value for ADC Clock Prescaler G0 family is applicable
2026-05-28 14:44:40,767 [INFO] Rule:224 - rule Change Default Value for ADC ExternalTrigConv L4 family is applicable
2026-05-28 14:44:40,767 [INFO] Rule:224 - rule Change Default Value for ADC ExternalTrigInjecConv L4 family is applicable
2026-05-28 14:44:40,767 [INFO] Rule:224 - rule Change Default Value for ADC ExternalTrigConv F3 family is applicable
2026-05-28 14:44:40,767 [INFO] Rule:224 - rule Change Default Value for ADC ExternalTrigInjecConv F3 family is applicable
2026-05-28 14:44:40,767 [INFO] Rule:224 - rule Change Default Value for ADC ExternalTrigConv Goldfish serie is applicable
2026-05-28 14:44:40,767 [INFO] Rule:224 - rule Change Default Value for ADC ExternalTrigInjecConv Goldfish serie is applicable
2026-05-28 14:44:40,767 [INFO] Rule:224 - rule Change Default Value for ADC ExternalTrigConv L0 family is applicable
2026-05-28 14:44:40,767 [INFO] Rule:224 - rule Change Default Value for ADC ExternalTrigConv F0 family is applicable
2026-05-28 14:44:40,768 [INFO] Rule:224 - rule Change Default Value for ADC ExternalTrigConvn L1 family is applicable
2026-05-28 14:44:40,768 [INFO] Rule:224 - rule Change Default Value for ADC ExternalTrigInjecConv L1 family is applicable
2026-05-28 14:44:40,768 [INFO] Rule:224 - rule Change Default Value for ADC ExternalTrigConv F1 family is applicable
2026-05-28 14:44:40,768 [INFO] Rule:224 - rule Change Default Value for ADC ExternalTrigInjecConv F1 family is applicable
2026-05-28 14:44:40,768 [INFO] Rule:224 - rule Change Default Value for ADC ExternalTrigConv F7 family is applicable
2026-05-28 14:44:40,768 [INFO] Rule:224 - rule Change Default Value for ADC ExternalTrigInjecConv F7 family is applicable
2026-05-28 14:44:40,768 [INFO] Rule:224 - rule Change Default Value for ADC ExternalTrigConv F4 and F2 family is applicable
2026-05-28 14:44:40,768 [INFO] Rule:224 - rule Change Default Value for ADC ExternalTrigInjecConv F4 and F2 family is applicable
2026-05-28 14:44:40,769 [INFO] Rule:224 - rule ADC SamplingTime fix with FW L0  is applicable
2026-05-28 14:44:40,769 [INFO] Rule:224 - rule ADC SamplingTime fix with FW L0  is applicable
2026-05-28 14:44:40,769 [INFO] Rule:224 - rule ADC SamplingTime fix with FW L0 is applicable
2026-05-28 14:44:40,769 [INFO] Rule:224 - rule ADC SamplingTime fix with FW L0 is applicable
2026-05-28 14:44:40,769 [INFO] Rule:224 - rule ADC SamplingTime fix with FW L0  is applicable
2026-05-28 14:44:40,769 [INFO] Rule:224 - rule ADC SamplingTime fix with FW L0 is applicable
2026-05-28 14:44:40,769 [INFO] Rule:224 - rule Rename USB_OE Signal is applicable
2026-05-28 14:44:40,769 [INFO] Rule:224 - rule Rename Activate_OE Mode is applicable
2026-05-28 14:44:40,769 [INFO] Rule:224 - rule Rename DIE462/DIE415 pin PC14/OSC32_IN -> PC14-OSC32_IN (PC14) is applicable
2026-05-28 14:44:40,769 [INFO] Rule:224 - rule Rename DIE462/DIE415 pin PC15/OSC32_OUT -> PC15-OSC32_OUT (PC15) is applicable
2026-05-28 14:44:40,769 [INFO] Rule:224 - rule Rename DIE462/DIE415 pin PH0/OSC_IN -> PH0-OSC_IN (PH0) is applicable
2026-05-28 14:44:40,769 [INFO] Rule:224 - rule Rename DIE462/DIE415 pin PH1/OSC_OUT -> PH1-OSC_OUT (PH1) is applicable
2026-05-28 14:44:40,770 [INFO] Rule:224 - rule Rename DIE462 pin PA13 -> PA13 (JTMS/SWDIO) is applicable
2026-05-28 14:44:40,770 [INFO] Rule:224 - rule Rename DIE415 pin PA13 -> PA13 (JTMS/SWDIO) is applicable
2026-05-28 14:44:40,770 [INFO] Rule:224 - rule Rename DIE462 pin PA14 -> PA14 (JTCK/SWCLK) is applicable
2026-05-28 14:44:40,770 [INFO] Rule:224 - rule Rename DIE415 pin PA14 -> PA14 (JTCK/SWCLK) is applicable
2026-05-28 14:44:40,770 [INFO] Rule:224 - rule Rename DIE462/DIE415 pin PA15 -> PA15 (JTDI) is applicable
2026-05-28 14:44:40,770 [INFO] Rule:224 - rule Rename DIE462 pin PB3 -> PB3 (JTD0/TRACESWO) is applicable
2026-05-28 14:44:40,770 [INFO] Rule:224 - rule Rename DIE415 pin PB3 -> PB3 (JTD0-TRACESWO) is applicable
2026-05-28 14:44:40,770 [INFO] Rule:224 - rule Rename DIE462/DIE415 pin PB4 -> PB4 (NJTRST) is applicable
2026-05-28 14:44:40,770 [INFO] Rule:224 - rule Rename DIE462 pin PH3/BOOT0 -> PH3-BOOT0 (BOOT0) is applicable
2026-05-28 14:44:40,770 [INFO] Rule:224 - rule Rename CRYP DataEncryptionTypesList to Algorithm is applicable
2026-05-28 14:44:40,770 [INFO] Rule:224 - rule Rename AES DataEncryptionTypesList to Algorithm is applicable
2026-05-28 14:44:40,770 [INFO] Rule:224 - rule Rename TDESECB to CRYP_TDES_ECB is applicable
2026-05-28 14:44:40,770 [INFO] Rule:224 - rule Rename TDESCBC to CRYP_TDES_CBC is applicable
2026-05-28 14:44:40,771 [INFO] Rule:224 - rule Rename DESECB to CRYP_DES_ECB is applicable
2026-05-28 14:44:40,771 [INFO] Rule:224 - rule Rename DESCBC to CRYP_DES_CBC is applicable
2026-05-28 14:44:40,771 [INFO] Rule:224 - rule Rename AESECB to CRYP_AES_ECB is applicable
2026-05-28 14:44:40,771 [INFO] Rule:224 - rule Rename AESCBC to CRYP_AES_CBC is applicable
2026-05-28 14:44:40,771 [INFO] Rule:224 - rule Rename AESCTR to CRYP_AES_CTR is applicable
2026-05-28 14:44:40,771 [INFO] Rule:224 - rule Rename AESGCM to CRYP_AES_GCM is applicable
2026-05-28 14:44:40,772 [INFO] Rule:224 - rule Rename AESCCM to CRYP_AES_CCM is applicable
2026-05-28 14:44:40,772 [INFO] Rule:224 - rule Rename CAN TimeSeg1 to BS1 is applicable
2026-05-28 14:44:40,772 [INFO] Rule:224 - rule Rename CAN TimeSeg2 to BS2 is applicable
2026-05-28 14:44:40,772 [INFO] Rule:224 - rule Rename CAN SyncJumpWidth to SJW is applicable
2026-05-28 14:44:40,772 [INFO] Rule:224 - rule TimeTriggeredMode to TTCM is applicable
2026-05-28 14:44:40,772 [INFO] Rule:224 - rule Rename CAN AutoBusOff to ABOM is applicable
2026-05-28 14:44:40,772 [INFO] Rule:224 - rule Rename CAN AutoWakeUp to AWUM is applicable
2026-05-28 14:44:40,772 [INFO] Rule:224 - rule Rename CAN AutoRetransmission to NART is applicable
2026-05-28 14:44:40,772 [INFO] Rule:224 - rule Rename CAN ReceiveFifoLocked to RFLM is applicable
2026-05-28 14:44:40,773 [INFO] Rule:224 - rule Rename CAN TransmitFifoPriority to TXFP is applicable
2026-05-28 14:44:40,773 [INFO] Rule:224 - rule Rename HRTIMER HRTIM_OUTPUTFAULTLEVEL_HIGH in HRTIMER HRTIM_OUTPUTFAULTLEVEL_HIGHZ is applicable
2026-05-28 14:44:40,773 [INFO] Rule:224 - rule Rename TIMER TIM_CLEARINPUTSOURCE_OCREFCLR in  TIMER TIM_CLEARINPUTSOURCE_NONE for F7 family is applicable
2026-05-28 14:44:40,773 [INFO] Rule:224 - rule FDCAN_R1 - Rename FDCAN mode Master into Classic is applicable
2026-05-28 14:44:40,773 [INFO] Rule:224 - rule FDCAN_R2 - Rename FDCAN mode Slave into Classic is applicable
2026-05-28 14:44:40,773 [INFO] Rule:224 - rule FDCAN1_R3 - if PA10.Mode=FullDuplex, add Pin PA12 is applicable
2026-05-28 14:44:40,773 [INFO] Rule:224 - rule FDCAN1_R3 - if PA9.Mode=FullDuplex, add Pin PA11 is applicable
2026-05-28 14:44:40,773 [INFO] Rule:224 - rule FDCAN1_R3 - Alternatepin_1 - if PE1.Mode=FullDuplex, add Pin PB9 is applicable
2026-05-28 14:44:40,773 [INFO] Rule:224 - rule FDCAN1_R3 - Alternatepin_1 - if PE0.Mode=FullDuplex, add Pin PB8 is applicable
2026-05-28 14:44:40,773 [INFO] Rule:224 - rule FDCAN1_R3 - Alternatepin_2 - if PD5.Mode=FullDuplex, add Pin PD1 is applicable
2026-05-28 14:44:40,774 [INFO] Rule:224 - rule FDCAN1_R3 - Alternatepin_2 - if PD4.Mode=FullDuplex, add Pin PD0 is applicable
2026-05-28 14:44:40,774 [INFO] Rule:224 - rule FDCAN1_R4 - Rename Mode FullDuplex into Enable FDCAN_TXFD for pin PA10 is applicable
2026-05-28 14:44:40,774 [INFO] Rule:224 - rule FDCAN1_R4 - Rename Mode FullDuplex into Enable FDCAN_TXFD for pin PA9 is applicable
2026-05-28 14:44:40,774 [INFO] Rule:224 - rule FDCAN1_R4 - Alternatepin_1 - Rename Mode FullDuplex into Enable FDCAN_TXFD for pin PE1 is applicable
2026-05-28 14:44:40,774 [INFO] Rule:224 - rule FDCAN1_R4 - Alternatepin_1 - Rename Mode FullDuplex into Enable FDCAN_TXFD for pin PE0 is applicable
2026-05-28 14:44:40,774 [INFO] Rule:224 - rule FDCAN1_R4 - Alternatepin_2 - Rename Mode FullDuplex into Enable FDCAN_TXFD for pin PD5 is applicable
2026-05-28 14:44:40,775 [INFO] Rule:224 - rule FDCAN1_R4 - Alternatepin_2 - Rename Mode FullDuplex into Enable FDCAN_TXFD for pin PD4 is applicable
2026-05-28 14:44:40,775 [INFO] Rule:224 - rule FDCAN2_R3 - if PD10.Mode=FullDuplex, add Pin PB13 is applicable
2026-05-28 14:44:40,775 [INFO] Rule:224 - rule FDCAN2_R3 - if PD9.Mode=FullDuplex, add Pin PB12 is applicable
2026-05-28 14:44:40,775 [INFO] Rule:224 - rule FDCAN2_R3 - Alternatepin_1 - if PB7.Mode=FullDuplex, add Pin PB6 is applicable
2026-05-28 14:44:40,775 [INFO] Rule:224 - rule FDCAN2_R3 - Alternatepin_1 - if PD9.Mode=FullDuplex, add Pin PB12 is applicable
2026-05-28 14:44:40,775 [INFO] Rule:224 - rule FDCAN2_R4 - Rename Mode FullDuplex into Enable FDCAN_TXFD for pin PD10 is applicable
2026-05-28 14:44:40,775 [INFO] Rule:224 - rule FDCAN2_R4 - Rename Mode FullDuplex into Enable FDCAN_TXFD for pin PD9 is applicable
2026-05-28 14:44:40,775 [INFO] Rule:224 - rule FDCAN2_R4 - Alternatepin_1 - Rename Mode FullDuplex into Enable FDCAN_TXFD for pin PB7 is applicable
2026-05-28 14:44:40,775 [INFO] Rule:224 - rule FDCAN2_R4 - Alternatepin_1 - Rename Mode FullDuplex into Enable FDCAN_TXFD for pin PD6 is applicable
2026-05-28 14:44:40,775 [INFO] Rule:224 - rule USART TxPinLevelInvertParam Mode is applicable
2026-05-28 14:44:40,776 [INFO] Rule:224 - rule USART RxPinLevelInvertParam Mode is applicable
2026-05-28 14:44:40,776 [INFO] Rule:224 - rule USART DataInvertParam Mode is applicable
2026-05-28 14:44:40,776 [INFO] Rule:224 - rule USART SwapParam Mode is applicable
2026-05-28 14:44:40,776 [INFO] Rule:224 - rule USART OverrunDisableParam Mode is applicable
2026-05-28 14:44:40,776 [INFO] Rule:224 - rule USART DMADisableonRxErrorParam Mode is applicable
2026-05-28 14:44:40,776 [INFO] Rule:224 - rule USART MSBFirstParam Mode is applicable
2026-05-28 14:44:40,776 [INFO] Rule:224 - rule Update MwName for USB_DEVICE is applicable
2026-05-28 14:44:40,776 [INFO] Rule:224 - rule Change PWR_Regulator_Voltage_Scale Default Value for RCC  H7 family is applicable
2026-05-28 14:44:40,776 [INFO] Rule:224 - rule UART/USART IPParameter rename Prescaler parameter to ClockPrescaler is applicable
2026-05-28 14:44:40,776 [INFO] Rule:224 - rule UART/USART Prescaler rename Prescaler parameter to ClockPrescaler is applicable
2026-05-28 14:44:40,776 [INFO] Rule:224 - rule TIM1CLockSelection is applicable
2026-05-28 14:44:40,776 [INFO] Rule:224 - rule TIM15CLockSelection is applicable
2026-05-28 14:44:40,777 [INFO] Rule:224 - rule align RCC SDMMC3CLockSelection default value on MP1 is applicable
2026-05-28 14:44:40,777 [INFO] Rule:224 - rule align RCC SDMMC12CLockSelection default value on MP1 is applicable
2026-05-28 14:44:40,777 [INFO] Rule:224 - rule align RCC QSPICLockSelection default value on MP1 is applicable
2026-05-28 14:44:40,777 [INFO] Rule:224 - rule align RCC QSPICLockSelection default value on MP1 is applicable
2026-05-28 14:44:40,777 [INFO] Rule:224 - rule align RCC SPI6CLockSelection default value on MP1 is applicable
2026-05-28 14:44:40,777 [INFO] Rule:224 - rule align RCC LPTIM23CLockSelection default value on MP1 is applicable
2026-05-28 14:44:40,777 [INFO] Rule:224 - rule align RCC LPTIM1CLockSelection default value on MP1 is applicable
2026-05-28 14:44:40,777 [INFO] Rule:224 - rule align RCC USART1CLockSelection default value on MP1 is applicable
2026-05-28 14:44:40,777 [INFO] Rule:224 - rule align RCC USART24CLockSelection default value on MP1 is applicable
2026-05-28 14:44:40,777 [INFO] Rule:224 - rule align RCC USART6CLockSelection default value on MP1 is applicable
2026-05-28 14:44:40,777 [INFO] Rule:224 - rule align RCC UART78CLockSelection default value on MP1 is applicable
2026-05-28 14:44:40,777 [INFO] Rule:224 - rule align RCC USART35CLockSelection default value on MP1 is applicable
2026-05-28 14:44:40,777 [INFO] Rule:224 - rule align RCC SPI45CLockSelection default value on MP1 is applicable
2026-05-28 14:44:40,777 [INFO] Rule:224 - rule align RCC I2C46CLockSelection BCLK value on MP1 is applicable
2026-05-28 14:44:40,777 [INFO] Rule:224 - rule align RCC SPI45CLockSelection default value on MP1 is applicable
2026-05-28 14:44:40,777 [INFO] Rule:224 - rule align RCC I2C12CLockSelection default value on MP1 is applicable
2026-05-28 14:44:40,777 [INFO] Rule:224 - rule align RCC I2C35CLockSelection default value on MP1 is applicable
2026-05-28 14:44:40,778 [INFO] Rule:224 - rule align RCC LPTIM45CLockSelection default value on MP1 is applicable
2026-05-28 14:44:40,778 [INFO] Rule:224 - rule Rename DCMI PIXCK signal is applicable
2026-05-28 14:44:40,778 [INFO] Rule:224 - rule Change Default Value for I2C46CLockSelection MP1 family is applicable
2026-05-28 14:44:40,778 [INFO] Rule:224 - rule Change Default Value for UART for G4, G0 and WB families is applicable
2026-05-28 14:44:40,778 [INFO] Rule:224 - rule Change Default Value for USART for G4, G0 and WB families is applicable
2026-05-28 14:44:40,778 [INFO] Rule:224 - rule Change Default Value for USART for G4 family is applicable
2026-05-28 14:44:40,778 [INFO] Rule:224 - rule Change USART1CLockSelection refparam name for MP1 is applicable
2026-05-28 14:44:40,778 [INFO] Rule:224 - rule Change USART2CLockSelection refparam name for MP1 is applicable
2026-05-28 14:44:40,778 [INFO] Rule:224 - rule Change USART3CLockSelection refparam name for MP1 is applicable
2026-05-28 14:44:40,778 [INFO] Rule:224 - rule Change UART4CLockSelection refparam name for MP1 is applicable
2026-05-28 14:44:40,778 [INFO] Rule:224 - rule Change UART5CLockSelection refparam name for MP1 is applicable
2026-05-28 14:44:40,778 [INFO] Rule:224 - rule Change LPUART1CLockSelection refparam name for MP1 is applicable
2026-05-28 14:44:40,779 [INFO] Rule:224 - rule Change LPTIM1CLockSelection refparam name for MP1 is applicable
2026-05-28 14:44:40,779 [INFO] Rule:224 - rule Change LPTIM2CLockSelection refparam name for MP1 is applicable
2026-05-28 14:44:40,779 [INFO] Rule:224 - rule Change RCC_MCO1Source refparam name for MP1 is applicable
2026-05-28 14:44:40,779 [INFO] Rule:224 - rule Change LSCOSource1 refparam name for MP1 is applicable
2026-05-28 14:44:40,779 [INFO] Rule:224 - rule Change SMPSCLockSelection refparam name for MP1 is applicable
2026-05-28 14:44:40,780 [INFO] Rule:224 - rule Change LPTIM3CLockSelection refparam name for MP1 is applicable
2026-05-28 14:44:40,780 [INFO] Rule:224 - rule Change MPCBB* Default Template Mode to Parameters is applicable
2026-05-28 14:44:40,781 [INFO] Rule:224 - rule Change MPCWM* or MPCBB* Secure Mode to Parameters is applicable
2026-05-28 14:44:40,781 [INFO] Rule:224 - rule Change MPCWM* or MPCBB* No Secure Mode to Parameters is applicable
2026-05-28 14:44:40,781 [INFO] Rule:224 - rule Change TZSC IP Secure Mode to Parameters is applicable
2026-05-28 14:44:40,781 [INFO] Rule:224 - rule Change TZSC IP No Secure Mode to Parameters is applicable
2026-05-28 14:44:40,781 [INFO] Rule:224 - rule Change TZSC IP Privilege Mode to Parameters is applicable
2026-05-28 14:44:40,781 [INFO] Rule:224 - rule Change TZSC IP No Privilege Mode to Parameters is applicable
2026-05-28 14:44:40,781 [INFO] Rule:224 - rule Change TZIC IT Secure Mode to Parameters is applicable
2026-05-28 14:44:40,781 [INFO] Rule:224 - rule Change TZIC IT No Secure Mode to Parameters is applicable
2026-05-28 14:44:40,781 [INFO] Rule:224 - rule Add MPCBB1_NonSecureArea_Start_Address value with referenced to MPCBB1_NonSecureArea_Start value is applicable
2026-05-28 14:44:40,782 [INFO] Rule:224 - rule Add MPCBB2_NonSecureArea_Start_Address value with referenced to MPCBB2_NonSecureArea_Start value is applicable
2026-05-28 14:44:40,782 [INFO] Rule:224 - rule Add MPCWM1_NonSecureArea*_Start_Address value with referenced to MPCWM1_NonSecureArea*_Start value is applicable
2026-05-28 14:44:40,782 [INFO] Rule:224 - rule Add MPCWM2_NonSecureArea*_Start_Address value with referenced to MPCWM2_NonSecureArea*_Start value is applicable
2026-05-28 14:44:40,782 [INFO] Rule:224 - rule Add MPCWM3_NonSecureArea_Start_Address value with referenced to MPCWM3_NonSecureArea_Start value is applicable
2026-05-28 14:44:40,782 [INFO] Rule:224 - rule Change Default Value for PLL1UserDefinedConfig is applicable
2026-05-28 14:44:40,782 [INFO] Rule:224 - rule Change GPIO_PuPd Default Value for USART in async mode is applicable
2026-05-28 14:44:40,782 [INFO] Rule:224 - rule Change SMPSDivider Default Value is applicable
2026-05-28 14:44:40,782 [INFO] Rule:224 - rule OPAMP is applicable
2026-05-28 14:44:40,782 [INFO] Rule:224 - rule LPUART IPParameter rename Prescaler parameter to ClockPrescaler for STM32H7 is applicable
2026-05-28 14:44:40,782 [INFO] Rule:224 - rule LPUART IPParameter rename Prescaler parameter to ClockPrescaler for STM32H7 is applicable
2026-05-28 14:44:40,782 [INFO] Rule:224 - rule LPUART IPParameter rename Prescaler parameter to ClockPrescaler for STM32WB is applicable
2026-05-28 14:44:40,782 [INFO] Rule:224 - rule LPUART IPParameter rename Prescaler parameter to ClockPrescaler for STM32WB is applicable
2026-05-28 14:44:40,783 [INFO] Rule:224 - rule LPUART IPParameter rename Prescaler parameter to ClockPrescaler for STM32G4 is applicable
2026-05-28 14:44:40,783 [INFO] Rule:224 - rule LPUART IPParameter rename Prescaler parameter to ClockPrescaler for STM32G4 is applicable
2026-05-28 14:44:40,783 [INFO] Rule:224 - rule LPUART IPParameter rename Prescaler parameter to ClockPrescaler for STM32L5 is applicable
2026-05-28 14:44:40,783 [INFO] Rule:224 - rule LPUART IPParameter rename Prescaler parameter to ClockPrescaler for STM32L5 is applicable
2026-05-28 14:44:40,783 [INFO] Rule:224 - rule LPUART IPParameter rename Prescaler parameter to ClockPrescaler for STM32G4 is applicable
2026-05-28 14:44:40,783 [INFO] Rule:224 - rule LPUART IPParameter rename Prescaler parameter to ClockPrescaler for STM32G4 is applicable
2026-05-28 14:44:40,783 [INFO] Rule:224 - rule USB device lib V2.5.3 for L0 rename USBD_SUPPORT_USER_STRING parameter to USBD_SUPPORT_USER_STRING_DESC4 is applicable
2026-05-28 14:44:40,783 [INFO] Rule:224 - rule I2SCLockSelection clock entry align is applicable
2026-05-28 14:44:40,783 [INFO] Rule:224 - rule Assign TIMx context if used as SYS timebase is applicable
2026-05-28 14:44:40,783 [INFO] Rule:224 - rule Change GPIO_Pu Default Value for I2C is applicable
2026-05-28 14:44:40,783 [INFO] Rule:224 - rule Change GPIO_Pu Default Value for SMBus is applicable
2026-05-28 14:44:40,783 [INFO] Rule:224 - rule change FDCAN default value is applicable
2026-05-28 14:44:40,783 [INFO] Rule:224 - rule Change mode sai is applicable
2026-05-28 14:44:40,783 [INFO] Rule:224 - rule **Change sai mode is applicable
2026-05-28 14:44:40,783 [INFO] Rule:224 - rule Rename STM32WPAN CFG_BLE_IRK to CFG_BLE_IR is applicable
2026-05-28 14:44:40,784 [INFO] Rule:224 - rule Rename STM32WPAN CFG_BLE_ERK to CFG_BLE_ER is applicable
2026-05-28 14:44:40,784 [INFO] Rule:224 - rule Rename STM32WPAN CFG_BLE_IRK_HEX to CFG_BLE_IR_HEX is applicable
2026-05-28 14:44:40,784 [INFO] Rule:224 - rule Rename STM32WPAN CFG_BLE_ERK_HEX to CFG_BLE_ER_HEX is applicable
2026-05-28 14:44:40,784 [INFO] Rule:224 - rule Adapt Old IOC before rework replace old CORTEX_M33/CORTEX_M55 attributes by the new one. is applicable
2026-05-28 14:44:40,784 [INFO] Rule:224 - rule Rename parametre of RCC RCC_APBDBG_DIV2 to RCC_TIMPRES_DIV2 is applicable
2026-05-28 14:44:40,784 [INFO] Rule:224 - rule Rename DIE493 pin PA10 [PA12] -> PA10 is applicable
2026-05-28 14:44:40,784 [INFO] Rule:224 - rule Rename DIE493 pin PA9 [PA11] -> PA9 is applicable
2026-05-28 14:44:40,842 [INFO] DbConfProperties:307 - Apply Compatibility (50/266 Rules)
2026-05-28 14:44:40,884 [INFO] ImportTextPane:218 - (OptionalMessage_ERROR) Unable to find key (Mcu.ThirdPartyNb) in loaded IOC file
2026-05-28 14:44:40,894 [INFO] ImportTextPane:218 - (OptionalMessage_ERROR) Pin35 (VP_RIF_VS_RIF1) cannot be retrieved for this MCU
2026-05-28 14:44:41,196 [INFO] RtosManager:558 - Registered RTOS mode: class=CMSIS, group=RTOS, mode=CMSIS_V1, owner=FREERTOS
2026-05-28 14:44:41,196 [INFO] RtosManager:558 - Registered RTOS mode: class=CMSIS, group=RTOS2, mode=CMSIS_V2, owner=FREERTOS
2026-05-28 14:44:41,197 [INFO] RtosManager:558 - Registered RTOS mode: class=RTOS, group=Core, mode=CMSIS_V1, owner=FREERTOS
2026-05-28 14:44:41,197 [INFO] RtosManager:558 - Registered RTOS mode: class=RTOS, group=Core, mode=CMSIS_V2, owner=FREERTOS
2026-05-28 14:44:41,198 [WARN] ModelIntegratedComponent:184 - Missing modes for component STMicroelectronics:FreeRTOS:0.0.1:STMicroelectronics:RTOS:FreeRTOS:Core:::10.2.0:
2026-05-28 14:44:41,233 [WARN] ModelIntegratedComponent:63 - No mode defined for component null
2026-05-28 14:44:41,233 [WARN] ModelIntegratedComponent:63 - No mode defined for component null
2026-05-28 14:44:41,233 [WARN] ModelIntegratedComponent:63 - No mode defined for component null
2026-05-28 14:44:41,233 [WARN] ModelIntegratedComponent:63 - No mode defined for component null
2026-05-28 14:44:41,233 [WARN] ModelIntegratedComponent:63 - No mode defined for component null
2026-05-28 14:44:41,233 [WARN] ModelIntegratedComponent:63 - No mode defined for component null
2026-05-28 14:44:41,234 [WARN] ModelIntegratedComponent:63 - No mode defined for component null
2026-05-28 14:44:41,234 [WARN] ModelIntegratedComponent:63 - No mode defined for component null
2026-05-28 14:44:41,234 [WARN] ModelIntegratedComponent:63 - No mode defined for component null
2026-05-28 14:44:41,234 [WARN] ModelIntegratedComponent:63 - No mode defined for component null
2026-05-28 14:44:41,234 [WARN] ModelIntegratedComponent:63 - No mode defined for component null
2026-05-28 14:44:41,234 [WARN] ModelIntegratedComponent:63 - No mode defined for component null
2026-05-28 14:44:41,234 [WARN] ModelIntegratedComponent:63 - No mode defined for component null
2026-05-28 14:44:41,234 [WARN] ModelIntegratedComponent:63 - No mode defined for component null
2026-05-28 14:44:41,234 [WARN] ModelIntegratedComponent:63 - No mode defined for component null
2026-05-28 14:44:41,234 [WARN] ModelIntegratedComponent:63 - No mode defined for component null
2026-05-28 14:44:41,234 [WARN] ModelIntegratedComponent:63 - No mode defined for component null
2026-05-28 14:44:41,234 [WARN] ModelIntegratedComponent:63 - No mode defined for component null
2026-05-28 14:44:41,234 [WARN] ModelIntegratedComponent:63 - No mode defined for component null
2026-05-28 14:44:41,234 [WARN] ModelIntegratedComponent:63 - No mode defined for component null
2026-05-28 14:44:41,234 [WARN] ModelIntegratedComponent:63 - No mode defined for component null
2026-05-28 14:44:41,234 [WARN] ModelIntegratedComponent:63 - No mode defined for component null
2026-05-28 14:44:41,235 [WARN] ModelIntegratedComponent:63 - No mode defined for component null
2026-05-28 14:44:41,235 [WARN] ModelIntegratedComponent:63 - No mode defined for component null
2026-05-28 14:44:41,235 [WARN] ModelIntegratedComponent:63 - No mode defined for component null
2026-05-28 14:44:41,235 [WARN] ModelIntegratedComponent:63 - No mode defined for component null
2026-05-28 14:44:41,235 [WARN] ModelIntegratedComponent:63 - No mode defined for component null
2026-05-28 14:44:41,235 [WARN] ModelIntegratedComponent:63 - No mode defined for component null
2026-05-28 14:44:41,235 [WARN] ModelIntegratedComponent:63 - No mode defined for component null
2026-05-28 14:44:41,235 [WARN] ModelIntegratedComponent:63 - No mode defined for component null
2026-05-28 14:44:41,235 [WARN] ModelIntegratedComponent:63 - No mode defined for component null
2026-05-28 14:44:41,235 [WARN] ModelIntegratedComponent:63 - No mode defined for component null
2026-05-28 14:44:41,235 [WARN] ModelIntegratedComponent:63 - No mode defined for component null
2026-05-28 14:44:41,235 [WARN] ModelIntegratedComponent:63 - No mode defined for component null
2026-05-28 14:44:41,235 [WARN] ModelIntegratedComponent:63 - No mode defined for component null
2026-05-28 14:44:41,236 [WARN] ModelPack:524 - Component already loaded: STMicroelectronics:HAL Drivers:0.0.0:STMicroelectronics:Device:STMicro_Driver:XSPI:HAL::0.0.1:HAL_XSPI
2026-05-28 14:44:41,364 [INFO] ThirdPartyModel:298 - Start build external matchings
2026-05-28 14:44:42,389 [INFO] ThirdPartyModel:316 - End build external matchings
2026-05-28 14:44:42,425 [INFO] ImportTextPane:218 - (OptionalMessage_ERROR) IP (RCC) : Parameter (RTCHSEDivFreq_Value) has invalid value (4000000)
2026-05-28 14:44:42,970 [INFO] UtilMem:75 - End LoadConfig() Used Memory: 885139032 Bytes (1073741824)
2026-05-28 14:44:43,254 [WARN] ThirdParty:833 - waiting for thirdparty lock release [change project]
2026-05-28 14:44:43,255 [INFO] ThirdParty:835 - entering critical section [change project]
2026-05-28 14:44:43,255 [INFO] ThirdParty:1030 - CMSIS Pack Vendor :STMicroelectronics X-CUBE-AZRTOS-H7 3.5.0
2026-05-28 14:44:43,255 [INFO] ThirdParty:1030 - CMSIS Pack Vendor :STMicroelectronics X-CUBE-PM33A1 1.0.0
2026-05-28 14:44:43,255 [INFO] ThirdParty:1030 - CMSIS Pack Vendor :STMicroelectronics USBPD 4.1
2026-05-28 14:44:43,256 [INFO] ThirdParty:1030 - CMSIS Pack Vendor :STMicroelectronics X-CUBE-NFC9 1.0.0
2026-05-28 14:44:43,256 [INFO] ThirdParty:1030 - CMSIS Pack Vendor :STMicroelectronics USB_HOST 2.0.0
2026-05-28 14:44:43,256 [INFO] ThirdParty:1030 - CMSIS Pack Vendor :STMicroelectronics X-CUBE-AZRTOS-F4 1.1.0
2026-05-28 14:44:43,256 [INFO] ThirdParty:1030 - CMSIS Pack Vendor :STMicroelectronics LIBJPEG 8.0.0
2026-05-28 14:44:43,256 [INFO] ThirdParty:1030 - CMSIS Pack Vendor :STMicroelectronics FP-ATR-ASTRA1 2.0.2
2026-05-28 14:44:43,256 [INFO] ThirdParty:1030 - CMSIS Pack Vendor :STMicroelectronics X-CUBE-BLE1 7.1.0
2026-05-28 14:44:43,256 [INFO] ThirdParty:1030 - CMSIS Pack Vendor :STMicroelectronics X-CUBE-SMBUS 2.1.0
2026-05-28 14:44:43,256 [INFO] ThirdParty:1030 - CMSIS Pack Vendor :wolfSSL I-CUBE-wolfMQTT 1.19.2
2026-05-28 14:44:43,256 [INFO] ThirdParty:1030 - CMSIS Pack Vendor :STMicroelectronics USB_DEVICE 3.0.0
2026-05-28 14:44:43,256 [INFO] ThirdParty:1030 - CMSIS Pack Vendor :STMicroelectronics X-CUBE-ISPU 2.1.0
2026-05-28 14:44:43,256 [INFO] ThirdParty:1030 - CMSIS Pack Vendor :STMicroelectronics X-CUBE-EEPRMA1 5.2.0
2026-05-28 14:44:43,256 [INFO] ThirdParty:1030 - CMSIS Pack Vendor :STMicroelectronics X-CUBE-BLEMGR 4.1.0
2026-05-28 14:44:43,256 [INFO] ThirdParty:1030 - CMSIS Pack Vendor :STMicroelectronics eDS-WB_DPC_TT-BIDIR 2.1.1
2026-05-28 14:44:43,256 [INFO] ThirdParty:1030 - CMSIS Pack Vendor :STMicroelectronics X-CUBE-AZRTOS-WB 2.0.0
2026-05-28 14:44:43,256 [INFO] ThirdParty:1030 - CMSIS Pack Vendor :wolfSSL I-CUBE-wolfSSL 5.8.4
2026-05-28 14:44:43,257 [INFO] ThirdParty:1030 - CMSIS Pack Vendor :STMicroelectronics X-CUBE-NFC12 1.0.0
2026-05-28 14:44:43,257 [INFO] ThirdParty:1030 - CMSIS Pack Vendor :STMicroelectronics X-CUBE-AZRTOS-F7 1.1.0
2026-05-28 14:44:43,257 [INFO] ThirdParty:1030 - CMSIS Pack Vendor :STMicroelectronics X-CUBE-AZRTOS-L5 2.0.0
2026-05-28 14:44:43,257 [INFO] ThirdParty:1030 - CMSIS Pack Vendor :STMicroelectronics USB_DEVICE 2.0.0
2026-05-28 14:44:43,257 [INFO] ThirdParty:1030 - CMSIS Pack Vendor :quantropi X-CUBE-qispace-sdk-base 2.1.0
2026-05-28 14:44:43,257 [INFO] ThirdParty:1030 - CMSIS Pack Vendor :STMicroelectronics X-CUBE-MEMS1 12.0.0
2026-05-28 14:44:43,257 [INFO] ThirdParty:1030 - CMSIS Pack Vendor :STMicroelectronics X-CUBE-STSE01 2.0.0
2026-05-28 14:44:43,257 [INFO] ThirdParty:1030 - CMSIS Pack Vendor :STMicroelectronics X-CUBE-ALGOBUILD 1.5.0
2026-05-28 14:44:43,257 [INFO] ThirdParty:1030 - CMSIS Pack Vendor :STMicroelectronics FreeRTOS 0.0.1
2026-05-28 14:44:43,257 [INFO] ThirdParty:1030 - CMSIS Pack Vendor :STMicroelectronics X-CUBE-AZRTOS-G0 1.1.0
2026-05-28 14:44:43,257 [INFO] ThirdParty:1030 - CMSIS Pack Vendor :STMicroelectronics X-CUBE-NFC4 3.0.0
2026-05-28 14:44:43,257 [INFO] ThirdParty:1030 - CMSIS Pack Vendor :STMicroelectronics X-CUBE-SUBG2 5.0.0
2026-05-28 14:44:43,257 [INFO] ThirdParty:1030 - CMSIS Pack Vendor :STMicroelectronics STM32_WPAN 1.0.0
2026-05-28 14:44:43,257 [INFO] ThirdParty:1030 - CMSIS Pack Vendor :STMicroelectronics eDS-WB_DPC_VIENNA 1.2.0
2026-05-28 14:44:43,257 [INFO] ThirdParty:1030 - CMSIS Pack Vendor :EmbeddedOffice I-CUBE-FS-RTOS 1.0.1
2026-05-28 14:44:43,257 [INFO] ThirdParty:1030 - CMSIS Pack Vendor :STMicroelectronics lwIP 2.0.3
2026-05-28 14:44:43,258 [INFO] ThirdParty:1030 - CMSIS Pack Vendor :STMicroelectronics eDS-WB_DPC_3PH2L-BIDIR 1.1.1
2026-05-28 14:44:43,258 [INFO] ThirdParty:1030 - CMSIS Pack Vendor :STMicroelectronics USB_HOST 1.0.0
2026-05-28 14:44:43,258 [INFO] ThirdParty:1030 - CMSIS Pack Vendor :STMicroelectronics X-CUBE-AZRTOS-G4 2.0.0
2026-05-28 14:44:43,258 [INFO] ThirdParty:1030 - CMSIS Pack Vendor :STMicroelectronics PDM2PCM 3.1.0
2026-05-28 14:44:43,258 [INFO] ThirdParty:1030 - CMSIS Pack Vendor :STMicroelectronics PDM2PCM 3.3.0
2026-05-28 14:44:43,258 [INFO] ThirdParty:1030 - CMSIS Pack Vendor :wolfSSL I-CUBE-wolfTPM 3.8.0
2026-05-28 14:44:43,258 [INFO] ThirdParty:1030 - CMSIS Pack Vendor :STMicroelectronics X-CUBE-DISPLAY 3.0.0
2026-05-28 14:44:43,258 [INFO] ThirdParty:1030 - CMSIS Pack Vendor :wolfSSL I-CUBE-wolfSSH 1.4.20
2026-05-28 14:44:43,258 [INFO] ThirdParty:1030 - CMSIS Pack Vendor :STMicroelectronics X-CUBE-NFC7 2.0.0
2026-05-28 14:44:43,258 [INFO] ThirdParty:1030 - CMSIS Pack Vendor :STMicroelectronics X-CUBE-GNSS1 7.1.1
2026-05-28 14:44:43,258 [INFO] ThirdParty:1030 - CMSIS Pack Vendor :STMicroelectronics X-CUBE-TCPP 4.2.0
2026-05-28 14:44:43,258 [INFO] ThirdParty:1030 - CMSIS Pack Vendor :RealThread X-CUBE-RT-Thread_Nano 4.1.1
2026-05-28 14:44:43,258 [INFO] ThirdParty:1030 - CMSIS Pack Vendor :STMicroelectronics FP-ATR-SIGFOX1 3.2.0
2026-05-28 14:44:43,258 [INFO] ThirdParty:1030 - CMSIS Pack Vendor :STMicroelectronics X-CUBE-NFC10 1.0.0
2026-05-28 14:44:43,258 [INFO] ThirdParty:1030 - CMSIS Pack Vendor :STMicroelectronics HAL Drivers 0.0.0
2026-05-28 14:44:43,259 [INFO] ThirdParty:1030 - CMSIS Pack Vendor :STMicroelectronics MBEDTLS 2.16.2
2026-05-28 14:44:43,259 [INFO] ThirdParty:1030 - CMSIS Pack Vendor :STMicroelectronics X-CUBE-ST60 1.1.0
2026-05-28 14:44:43,259 [INFO] ThirdParty:1030 - CMSIS Pack Vendor :STMicroelectronics X-CUBE-ALS 1.0.2
2026-05-28 14:44:43,259 [INFO] ThirdParty:1030 - CMSIS Pack Vendor :emotas I-CUBE-CANOPEN 1.3.0
2026-05-28 14:44:43,259 [INFO] ThirdParty:1030 - CMSIS Pack Vendor :STMicroelectronics MBEDTLS 2.14.1
2026-05-28 14:44:43,259 [INFO] ThirdParty:1030 - CMSIS Pack Vendor :STMicroelectronics X-CUBE-GNSS1 7.1.0
2026-05-28 14:44:43,259 [INFO] ThirdParty:1030 - CMSIS Pack Vendor :ITTIA_DB I-CUBE-ITTIADB 8.9.0
2026-05-28 14:44:43,259 [INFO] ThirdParty:1030 - CMSIS Pack Vendor :Cesanta I-CUBE-Mongoose 7.21.0
2026-05-28 14:44:43,259 [INFO] ThirdParty:1030 - CMSIS Pack Vendor :STMicroelectronics X-CUBE-TOUCHGFX 4.26.1
2026-05-28 14:44:43,259 [INFO] ThirdParty:1030 - CMSIS Pack Vendor :STMicroelectronics X-CUBE-NFC6 3.2.0
2026-05-28 14:44:43,259 [INFO] ThirdParty:1030 - CMSIS Pack Vendor :STMicroelectronics X-CUBE-AI 10.2.0
2026-05-28 14:44:43,259 [INFO] ThirdParty:1030 - CMSIS Pack Vendor :STMicroelectronics FP-SNS-STAIOTCFT 1.0.0
2026-05-28 14:44:43,259 [INFO] ThirdParty:1030 - CMSIS Pack Vendor :STMicroelectronics ThreadX 1.0.0
2026-05-28 14:44:43,260 [INFO] ThirdParty:1030 - CMSIS Pack Vendor :STMicroelectronics FP-SNS-SMARTAG2 1.2.0
2026-05-28 14:44:43,260 [INFO] ThirdParty:1030 - CMSIS Pack Vendor :STMicroelectronics X-CUBE-MEMS1 12.1.0
2026-05-28 14:44:43,260 [INFO] ThirdParty:1030 - CMSIS Pack Vendor :STMicroelectronics FP-SNS-FLIGHT1 5.1.0
2026-05-28 14:44:43,260 [INFO] ThirdParty:1030 - CMSIS Pack Vendor :STMicroelectronics X-CUBE-AZRTOS-WL 2.0.0
2026-05-28 14:44:43,260 [INFO] ThirdParty:1030 - CMSIS Pack Vendor :SEGGER I-CUBE-embOS 1.3.1
2026-05-28 14:44:43,260 [INFO] ThirdParty:1030 - CMSIS Pack Vendor :STMicroelectronics X-CUBE-ALGOBUILD 1.4.0
2026-05-28 14:44:43,260 [INFO] ThirdParty:1030 - CMSIS Pack Vendor :STMicroelectronics X-CUBE-DPower 1.3.0
2026-05-28 14:44:43,260 [INFO] ThirdParty:1030 - CMSIS Pack Vendor :STMicroelectronics USB_DEVICE 1.0.0
2026-05-28 14:44:43,261 [INFO] ThirdParty:1030 - CMSIS Pack Vendor :STMicroelectronics X-CUBE-AZRTOS-H7RS 1.2.0
2026-05-28 14:44:43,261 [INFO] ThirdParty:1030 - CMSIS Pack Vendor :STMicroelectronics X-CUBE-AZRTOS-L4 2.0.0
2026-05-28 14:44:43,261 [INFO] ThirdParty:1030 - CMSIS Pack Vendor :STMicroelectronics ThreadX 0.0.2
2026-05-28 14:44:43,261 [INFO] ThirdParty:1030 - CMSIS Pack Vendor :STMicroelectronics lwIP 2.1.2
2026-05-28 14:44:43,261 [INFO] ThirdParty:1030 - CMSIS Pack Vendor :STMicroelectronics X-CUBE-SFXS2LP1 4.0.0
2026-05-28 14:44:43,262 [INFO] ThirdParty:1030 - CMSIS Pack Vendor :STMicroelectronics X-CUBE-BLE2 3.3.0
2026-05-28 14:44:43,262 [INFO] ThirdParty:1030 - CMSIS Pack Vendor :Avnet-IOTCONNECT X-CUBE-iotc-st67-sdk 1.0.0
2026-05-28 14:44:43,262 [INFO] ThirdParty:1030 - CMSIS Pack Vendor :STMicroelectronics X-CUBE-TOF1 3.4.3
2026-05-28 14:44:43,262 [INFO] ThirdParty:1030 - CMSIS Pack Vendor :Infineon AIROC-Wi-Fi-Bluetooth-STM32 1.8.0
2026-05-28 14:44:43,263 [INFO] ThirdParty:1030 - CMSIS Pack Vendor :STMicroelectronics PDM2PCM 3.2.0
2026-05-28 14:44:43,263 [INFO] ThirdParty:1030 - CMSIS Pack Vendor :STMicroelectronics X-CUBE-WB05N 2.1.0
2026-05-28 14:44:43,263 [INFO] ThirdParty:841 - exiting critical section [change project]
2026-05-28 14:44:44,077 [INFO] PinOutPanel:1589 - setPackage(No Configuration,No Configuration)
2026-05-28 14:44:44,081 [INFO] PinOutPanel:1589 - setPackage(STM32F407VGTx,LQFP100)
2026-05-28 14:44:45,079 [INFO] UtilMem:75 - Before build in PCC Used Memory: 805719264 Bytes (1073741824)
2026-05-28 14:44:46,530 [INFO] UtilMem:75 - After build in PCC Used Memory: 883260312 Bytes (1073741824)
2026-05-28 14:44:46,747 [INFO] ApiDbMcu:508 - Load IP Config File for USB_HOST
2026-05-28 14:44:46,750 [WARN] BspModel:444 - BSP dependency skipped because of component: name='IOExpander', api='Unknown'
2026-05-28 14:44:46,810 [INFO] IPUIPlugin:80 - create IPUIPlugin
2026-05-28 14:44:46,811 [INFO] IPUIPlugin:80 - create IPUIPlugin
2026-05-28 14:44:46,811 [INFO] IPUIPlugin:80 - create IPUIPlugin
2026-05-28 14:44:46,811 [INFO] IPUIPlugin:80 - create IPUIPlugin
2026-05-28 14:44:46,811 [INFO] IPUIPlugin:80 - create IPUIPlugin
2026-05-28 14:44:46,811 [INFO] IPUIPlugin:80 - create IPUIPlugin
2026-05-28 14:44:46,812 [INFO] IPUIPlugin:80 - create IPUIPlugin
2026-05-28 14:44:46,812 [INFO] IPUIPlugin:80 - create IPUIPlugin
2026-05-28 14:44:46,813 [INFO] IPUIPlugin:80 - create IPUIPlugin
2026-05-28 14:44:46,813 [INFO] IPUIPlugin:80 - create IPUIPlugin
2026-05-28 14:44:46,813 [INFO] IPUIPlugin:80 - create IPUIPlugin
2026-05-28 14:44:46,814 [INFO] IPUIPlugin:80 - create IPUIPlugin
2026-05-28 14:44:46,814 [INFO] IPUIPlugin:80 - create IPUIPlugin
2026-05-28 14:44:46,814 [INFO] IPUIPlugin:80 - create IPUIPlugin
2026-05-28 14:44:46,814 [INFO] IPUIPlugin:80 - create IPUIPlugin
2026-05-28 14:44:46,815 [INFO] IPUIPlugin:80 - create IPUIPlugin
2026-05-28 14:44:46,815 [INFO] IPUIPlugin:80 - create IPUIPlugin
2026-05-28 14:44:46,815 [INFO] IPUIPlugin:80 - create IPUIPlugin
2026-05-28 14:44:46,815 [INFO] IPUIPlugin:80 - create IPUIPlugin
2026-05-28 14:44:46,815 [INFO] IPUIPlugin:80 - create IPUIPlugin
2026-05-28 14:44:46,816 [INFO] IPUIPlugin:80 - create IPUIPlugin
2026-05-28 14:44:46,816 [INFO] IPUIPlugin:80 - create IPUIPlugin
2026-05-28 14:44:46,816 [INFO] IPUIPlugin:80 - create IPUIPlugin
2026-05-28 14:44:46,817 [INFO] IPUIPlugin:80 - create IPUIPlugin
2026-05-28 14:44:46,817 [INFO] IPUIPlugin:80 - create IPUIPlugin
2026-05-28 14:44:46,817 [INFO] IPUIPlugin:80 - create IPUIPlugin
2026-05-28 14:44:46,817 [INFO] IPUIPlugin:80 - create IPUIPlugin
2026-05-28 14:44:46,818 [INFO] IPUIPlugin:80 - create IPUIPlugin
2026-05-28 14:44:46,818 [INFO] IPUIPlugin:80 - create IPUIPlugin
2026-05-28 14:44:46,818 [INFO] IPUIPlugin:80 - create IPUIPlugin
2026-05-28 14:44:46,818 [INFO] IPUIPlugin:80 - create IPUIPlugin
2026-05-28 14:44:46,819 [INFO] IPUIPlugin:80 - create IPUIPlugin
2026-05-28 14:44:46,819 [INFO] IPUIPlugin:80 - create IPUIPlugin
2026-05-28 14:44:46,819 [INFO] IPUIPlugin:80 - create IPUIPlugin
2026-05-28 14:44:46,819 [INFO] IPUIPlugin:80 - create IPUIPlugin
2026-05-28 14:44:46,820 [INFO] IPUIPlugin:80 - create IPUIPlugin
2026-05-28 14:44:46,820 [INFO] IPUIPlugin:80 - create IPUIPlugin
2026-05-28 14:44:46,820 [INFO] IPUIPlugin:80 - create IPUIPlugin
2026-05-28 14:44:46,820 [INFO] IPUIPlugin:80 - create IPUIPlugin
2026-05-28 14:44:46,821 [INFO] IPUIPlugin:80 - create IPUIPlugin
2026-05-28 14:44:46,821 [INFO] IPUIPlugin:80 - create IPUIPlugin
2026-05-28 14:44:46,821 [INFO] IPUIPlugin:80 - create IPUIPlugin
2026-05-28 14:44:46,821 [INFO] IPUIPlugin:80 - create IPUIPlugin
2026-05-28 14:44:46,822 [INFO] IPUIPlugin:80 - create IPUIPlugin
2026-05-28 14:44:46,822 [INFO] IPUIPlugin:80 - create IPUIPlugin
2026-05-28 14:44:46,822 [INFO] IPUIPlugin:80 - create IPUIPlugin
2026-05-28 14:44:46,823 [INFO] IPUIPlugin:80 - create IPUIPlugin
2026-05-28 14:44:46,823 [INFO] IPUIPlugin:80 - create IPUIPlugin
2026-05-28 14:44:46,824 [INFO] IPUIPlugin:80 - create IPUIPlugin
2026-05-28 14:44:46,825 [INFO] IPUIPlugin:80 - create IPUIPlugin
2026-05-28 14:44:46,825 [INFO] IPUIPlugin:80 - create IPUIPlugin
2026-05-28 14:44:46,826 [INFO] IPUIPlugin:80 - create IPUIPlugin
2026-05-28 14:44:46,826 [INFO] IPUIPlugin:80 - create IPUIPlugin
2026-05-28 14:44:46,826 [INFO] IPUIPlugin:80 - create IPUIPlugin
2026-05-28 14:44:46,827 [INFO] IPUIPlugin:80 - create IPUIPlugin
2026-05-28 14:44:46,827 [INFO] IPUIPlugin:80 - create IPUIPlugin
2026-05-28 14:44:46,827 [INFO] IPUIPlugin:80 - create IPUIPlugin
2026-05-28 14:44:46,828 [INFO] IPUIPlugin:80 - create IPUIPlugin
2026-05-28 14:44:46,842 [INFO] ApiDbMcu:508 - Load IP Config File for PDM2PCM
2026-05-28 14:44:46,854 [WARN] IP:2250 - I2C_Coeff_DF not found: check if there is a RefParameter without a condition.
2026-05-28 14:44:46,854 [WARN] IP:2250 - Analog_Filter not found: check if there is a RefParameter without a condition.
2026-05-28 14:44:46,871 [INFO] I2sManager:658 - 9.6E7
2026-05-28 14:44:46,871 [INFO] I2sManager:195 - I2S Clock Value : 9.6E7
2026-05-28 14:44:46,878 [INFO] I2sManager:553 - AudioClock : 93750Divider : 2Odd : 0
2026-05-28 14:44:47,249 [INFO] CADModel:165 - CPN selected for project levelSTM32F407VGT6
2026-05-28 14:44:47,249 [INFO] CADModel:114 - Register for checkConnection events
2026-05-28 14:44:47,309 [INFO] OpenFileManager:385 - Restore cursor
2026-05-28 14:44:47,597 [WARN] IP:2250 - I2C_Coeff_DF not found: check if there is a RefParameter without a condition.
2026-05-28 14:44:47,598 [WARN] IP:2250 - Analog_Filter not found: check if there is a RefParameter without a condition.
2026-05-28 14:44:47,598 [WARN] IP:2250 - I2C_Coeff_DF not found: check if there is a RefParameter without a condition.
2026-05-28 14:44:47,598 [WARN] IP:2250 - Analog_Filter not found: check if there is a RefParameter without a condition.
2026-05-28 14:44:49,016 [INFO] UtilMem:75 - End SaveConfig() Used Memory: 806712216 Bytes (1073741824)
2026-05-28 14:44:49,193 [INFO] UtilMem:75 - End SaveConfig() Used Memory: 828732312 Bytes (1073741824)
2026-05-28 14:44:49,911 [INFO] BlockDiagram:2775 - set Specific Code input for plugin: SPI
2026-05-28 14:44:49,912 [INFO] BlockDiagram:2775 - set Specific Code input for plugin: I2S
2026-05-28 14:44:49,912 [INFO] BlockDiagram:2775 - set Specific Code input for plugin: SYS
2026-05-28 14:44:49,912 [INFO] BlockDiagram:2775 - set Specific Code input for plugin: RCC
2026-05-28 14:44:49,912 [INFO] BlockDiagram:2775 - set Specific Code input for plugin: I2C
2026-05-28 14:44:49,913 [INFO] BlockDiagram:2775 - set Specific Code input for plugin: USB_OTG_FS
2026-05-28 14:44:49,913 [INFO] BlockDiagram:2775 - set Specific Code input for plugin: NVIC
2026-05-28 14:44:49,913 [INFO] BlockDiagram:2775 - set Specific Code input for plugin: USB_HOST
2026-05-28 14:44:49,913 [INFO] BlockDiagram:2775 - set Specific Code input for plugin: GPIO
2026-05-28 14:44:49,918 [INFO] CodeGenerator:882 - code generatio: config db path: C:\ST\STM32CubeIDE_1.18.0\STM32CubeIDE\plugins\com.st.stm32cube.common.mx_6.14.0.202502271554\\db\
2026-05-28 14:44:49,930 [WARN] IP:2250 - I2C_Coeff_DF not found: check if there is a RefParameter without a condition.
2026-05-28 14:44:49,931 [WARN] IP:2250 - Analog_Filter not found: check if there is a RefParameter without a condition.
2026-05-28 14:44:50,224 [INFO] CodeEngine:263 - oldGeneratedFile, C:\Users\hp\STM32CubeIDE\workspace_1.18.0\44_Simple_Tasks_Creation_FreeRTOS\MXTmpFiles\license.tmp_save
2026-05-28 14:44:50,937 [INFO] CodeEngine:287 - Generated code: C:\Users\hp\STM32CubeIDE\workspace_1.18.0\44_Simple_Tasks_Creation_FreeRTOS\MXTmpFiles\license.tmp
2026-05-28 14:44:51,161 [INFO] CodeEngine:263 - oldGeneratedFile, C:\Users\hp\STM32CubeIDE\workspace_1.18.0\44_Simple_Tasks_Creation_FreeRTOS\MXTmpFiles\gpio.tmp_save
2026-05-28 14:44:51,430 [INFO] CodeEngine:287 - Generated code: C:\Users\hp\STM32CubeIDE\workspace_1.18.0\44_Simple_Tasks_Creation_FreeRTOS\MXTmpFiles\gpio.tmp
2026-05-28 14:44:51,626 [WARN] IPConfigManager:3174 - Warning: the RefConfig PWREx_EnableUSBVoltageDetector is not available in your config.xml file
2026-05-28 14:44:51,651 [INFO] CodeEngine:263 - oldGeneratedFile, C:\Users\hp\STM32CubeIDE\workspace_1.18.0\44_Simple_Tasks_Creation_FreeRTOS\MXTmpFiles\usb_otg_fs_vars.tmp_save
2026-05-28 14:44:51,781 [INFO] CodeEngine:287 - Generated code: C:\Users\hp\STM32CubeIDE\workspace_1.18.0\44_Simple_Tasks_Creation_FreeRTOS\MXTmpFiles\usb_otg_fs_vars.tmp
2026-05-28 14:44:51,791 [INFO] CodeEngine:263 - oldGeneratedFile, C:\Users\hp\STM32CubeIDE\workspace_1.18.0\44_Simple_Tasks_Creation_FreeRTOS\MXTmpFiles\usb_otg_fs_inc.tmp_save
2026-05-28 14:44:51,911 [INFO] CodeEngine:287 - Generated code: C:\Users\hp\STM32CubeIDE\workspace_1.18.0\44_Simple_Tasks_Creation_FreeRTOS\MXTmpFiles\usb_otg_fs_inc.tmp
2026-05-28 14:44:51,922 [INFO] CodeEngine:263 - oldGeneratedFile, C:\Users\hp\STM32CubeIDE\workspace_1.18.0\44_Simple_Tasks_Creation_FreeRTOS\MXTmpFiles\usb_otg_fs_HalInit.tmp_save
2026-05-28 14:44:52,079 [INFO] CodeEngine:287 - Generated code: C:\Users\hp\STM32CubeIDE\workspace_1.18.0\44_Simple_Tasks_Creation_FreeRTOS\MXTmpFiles\usb_otg_fs_HalInit.tmp
2026-05-28 14:44:52,088 [INFO] CodeEngine:263 - oldGeneratedFile, C:\Users\hp\STM32CubeIDE\workspace_1.18.0\44_Simple_Tasks_Creation_FreeRTOS\MXTmpFiles\usb_otg_fs_Msp.tmp_save
2026-05-28 14:44:52,245 [INFO] CodeEngine:287 - Generated code: C:\Users\hp\STM32CubeIDE\workspace_1.18.0\44_Simple_Tasks_Creation_FreeRTOS\MXTmpFiles\usb_otg_fs_Msp.tmp
2026-05-28 14:44:52,975 [INFO] CodeEngine:263 - oldGeneratedFile, C:\Users\hp\STM32CubeIDE\workspace_1.18.0\44_Simple_Tasks_Creation_FreeRTOS\USB_HOST\App\usb_host.c_save
2026-05-28 14:44:53,175 [INFO] CodeEngine:287 - Generated code: C:\Users\hp\STM32CubeIDE\workspace_1.18.0\44_Simple_Tasks_Creation_FreeRTOS\USB_HOST\App\usb_host.c
2026-05-28 14:44:53,186 [INFO] CodeEngine:263 - oldGeneratedFile, C:\Users\hp\STM32CubeIDE\workspace_1.18.0\44_Simple_Tasks_Creation_FreeRTOS\USB_HOST\App\usb_host.h_save
2026-05-28 14:44:53,376 [INFO] CodeEngine:287 - Generated code: C:\Users\hp\STM32CubeIDE\workspace_1.18.0\44_Simple_Tasks_Creation_FreeRTOS\USB_HOST\App\usb_host.h
2026-05-28 14:44:53,389 [INFO] CodeEngine:263 - oldGeneratedFile, C:\Users\hp\STM32CubeIDE\workspace_1.18.0\44_Simple_Tasks_Creation_FreeRTOS\USB_HOST\Target\usbh_conf.h_save
2026-05-28 14:44:53,604 [INFO] CodeEngine:287 - Generated code: C:\Users\hp\STM32CubeIDE\workspace_1.18.0\44_Simple_Tasks_Creation_FreeRTOS\USB_HOST\Target\usbh_conf.h
2026-05-28 14:44:53,615 [INFO] CodeEngine:263 - oldGeneratedFile, C:\Users\hp\STM32CubeIDE\workspace_1.18.0\44_Simple_Tasks_Creation_FreeRTOS\USB_HOST\Target\usbh_conf.c_save
2026-05-28 14:44:53,843 [INFO] CodeEngine:287 - Generated code: C:\Users\hp\STM32CubeIDE\workspace_1.18.0\44_Simple_Tasks_Creation_FreeRTOS\USB_HOST\Target\usbh_conf.c
2026-05-28 14:44:53,860 [INFO] CodeEngine:263 - oldGeneratedFile, C:\Users\hp\STM32CubeIDE\workspace_1.18.0\44_Simple_Tasks_Creation_FreeRTOS\USB_HOST\Target\usbh_platform.c_save
2026-05-28 14:44:54,021 [INFO] CodeEngine:287 - Generated code: C:\Users\hp\STM32CubeIDE\workspace_1.18.0\44_Simple_Tasks_Creation_FreeRTOS\USB_HOST\Target\usbh_platform.c
2026-05-28 14:44:54,032 [INFO] CodeEngine:263 - oldGeneratedFile, C:\Users\hp\STM32CubeIDE\workspace_1.18.0\44_Simple_Tasks_Creation_FreeRTOS\USB_HOST\Target\usbh_platform.h_save
2026-05-28 14:44:54,154 [INFO] CodeEngine:287 - Generated code: C:\Users\hp\STM32CubeIDE\workspace_1.18.0\44_Simple_Tasks_Creation_FreeRTOS\USB_HOST\Target\usbh_platform.h
2026-05-28 14:44:54,191 [INFO] CodeEngine:263 - oldGeneratedFile, C:\Users\hp\STM32CubeIDE\workspace_1.18.0\44_Simple_Tasks_Creation_FreeRTOS\Core\Src\stm32f4xx_it.c_save
2026-05-28 14:44:54,353 [INFO] CodeEngine:287 - Generated code: C:\Users\hp\STM32CubeIDE\workspace_1.18.0\44_Simple_Tasks_Creation_FreeRTOS\Core\Src\stm32f4xx_it.c
2026-05-28 14:44:54,363 [INFO] CodeEngine:263 - oldGeneratedFile, C:\Users\hp\STM32CubeIDE\workspace_1.18.0\44_Simple_Tasks_Creation_FreeRTOS\Core\Inc\stm32f4xx_it.h_save
2026-05-28 14:44:54,491 [INFO] CodeEngine:287 - Generated code: C:\Users\hp\STM32CubeIDE\workspace_1.18.0\44_Simple_Tasks_Creation_FreeRTOS\Core\Inc\stm32f4xx_it.h
2026-05-28 14:44:54,534 [INFO] CodeEngine:263 - oldGeneratedFile, C:\Users\hp\STM32CubeIDE\workspace_1.18.0\44_Simple_Tasks_Creation_FreeRTOS\Core\Src\stm32f4xx_hal_msp.c_save
2026-05-28 14:44:54,746 [INFO] CodeEngine:287 - Generated code: C:\Users\hp\STM32CubeIDE\workspace_1.18.0\44_Simple_Tasks_Creation_FreeRTOS\Core\Src\stm32f4xx_hal_msp.c
2026-05-28 14:44:54,755 [INFO] CodeEngine:263 - oldGeneratedFile, C:\Users\hp\STM32CubeIDE\workspace_1.18.0\44_Simple_Tasks_Creation_FreeRTOS\MXTmpFiles\system.tmp_save
2026-05-28 14:44:54,859 [INFO] CodeEngine:287 - Generated code: C:\Users\hp\STM32CubeIDE\workspace_1.18.0\44_Simple_Tasks_Creation_FreeRTOS\MXTmpFiles\system.tmp
2026-05-28 14:44:54,880 [INFO] CodeEngine:319 - oldGeneratedFile, C:\Users\hp\STM32CubeIDE\workspace_1.18.0\44_Simple_Tasks_Creation_FreeRTOS\Core\Inc\stm32f4xx_hal_conf.h_save
2026-05-28 14:44:54,995 [INFO] CodeEngine:343 - Generated code: C:\Users\hp\STM32CubeIDE\workspace_1.18.0\44_Simple_Tasks_Creation_FreeRTOS\Core\Inc\stm32f4xx_hal_conf.h
2026-05-28 14:44:55,091 [INFO] ApiDbMcu:508 - Load IP Config File for I2C1
2026-05-28 14:44:55,101 [INFO] ApiDbMcu:508 - Load IP Config File for I2S3
2026-05-28 14:44:55,108 [INFO] ApiDbMcu:508 - Load IP Config File for SPI1
2026-05-28 14:44:55,124 [INFO] ApiDbMcu:508 - Load IP Config File for RCC
2026-05-28 14:44:55,148 [INFO] CodeEngine:263 - oldGeneratedFile, C:\Users\hp\STM32CubeIDE\workspace_1.18.0\44_Simple_Tasks_Creation_FreeRTOS\Core\Inc\main.h_save
2026-05-28 14:44:55,297 [INFO] CodeEngine:287 - Generated code: C:\Users\hp\STM32CubeIDE\workspace_1.18.0\44_Simple_Tasks_Creation_FreeRTOS\Core\Inc\main.h
2026-05-28 14:44:55,306 [INFO] CodeEngine:263 - oldGeneratedFile, C:\Users\hp\STM32CubeIDE\workspace_1.18.0\44_Simple_Tasks_Creation_FreeRTOS\Core\Src\main.c_save
2026-05-28 14:44:55,525 [INFO] CodeEngine:287 - Generated code: C:\Users\hp\STM32CubeIDE\workspace_1.18.0\44_Simple_Tasks_Creation_FreeRTOS\Core\Src\main.c
2026-05-28 14:44:56,234 [INFO] ProjectBuilder:3324 - Time for Copy HAL[1] : 371mS.
2026-05-28 14:44:56,259 [INFO] ProjectBuilder:4912 - Project Generator version: 4.6.0-B36
2026-05-28 14:44:56,383 [INFO] ConfigFileManager:1590 - The Die is : DIE413
2026-05-28 14:44:56,395 [INFO] ApiDbMcu:508 - Load IP Config File for FATFS
2026-05-28 14:44:56,430 [INFO] ApiDbMcu:508 - Load IP Config File for FREERTOS
2026-05-28 14:44:56,438 [INFO] ApiDbMcu:508 - Load IP Config File for LIBJPEG
2026-05-28 14:44:56,509 [INFO] ApiDbMcu:508 - Load IP Config File for LWIP
2026-05-28 14:44:56,553 [INFO] ApiDbMcu:508 - Load IP Config File for MBEDTLS
2026-05-28 14:44:56,592 [INFO] ApiDbMcu:508 - Load IP Config File for USB_DEVICE
2026-05-28 14:44:57,220 [INFO] LogOutputStream:77 - [STDOUT_REDIRECT] 
2026-05-28 14:45:01,543 [INFO] ProjectBuilder:5191 - Time for Generating toolchain IDE Files: 5283mS.
2026-05-28 14:45:01,546 [INFO] ProjectBuilder:3181 - Time for Copy CMSIS : 2mS.
2026-05-28 14:45:01,566 [INFO] ProjectBuilder:3181 - Time for Copy CMSIS : 0mS.
2026-05-28 14:45:03,197 [INFO] McuFinderGlobals:76 - Set McuFinderConnectedMode to true
2026-05-28 14:45:03,205 [INFO] ApiDb:448 - Save user favorites file C:\Users\hp/.stm32cubeide/favorites.mcus.txt: 0 item(s)
2026-05-28 14:45:03,205 [INFO] ApiDb:452 - User favorites MCUs=[]
2026-05-28 14:45:03,210 [INFO] ApiDb:448 - Save user favorites file C:\Users\hp/.stm32cubeide/favorites.boards.txt: 0 item(s)
2026-05-28 14:45:03,210 [INFO] ApiDb:452 - User favorites Boards=[]
2026-05-28 14:46:03,722 [WARN] BspModel:444 - BSP dependency skipped because of component: name='IOExpander', api='Unknown'
2026-05-28 14:46:08,170 [WARN] BspModel:444 - BSP dependency skipped because of component: name='IOExpander', api='Unknown'
2026-05-28 14:47:56,554 [INFO] RtosManager:967 - Current active RTOS is FREERTOS [Cortex-M4NS]
2026-05-28 14:47:56,907 [WARN] BspModel:444 - BSP dependency skipped because of component: name='IOExpander', api='Unknown'
2026-05-28 14:47:57,052 [WARN] BspModel:444 - BSP dependency skipped because of component: name='IOExpander', api='Unknown'
2026-05-28 14:47:57,247 [WARN] BspModel:444 - BSP dependency skipped because of component: name='IOExpander', api='Unknown'
2026-05-28 14:47:57,495 [ERROR] RtosPanel:558 - Can not restore the selected Tab for FREERTOS(A reason can be that the tab is no more available.)
2026-05-28 14:47:57,625 [ERROR] RtosPanel:558 - Can not restore the selected Tab for FREERTOS(A reason can be that the tab is no more available.)
2026-05-28 14:48:07,589 [INFO] TasksAndQueuesTab:757 - Dynamic
2026-05-28 14:48:07,589 [WARN] TasksAndQueuesTab:763 - 128 128
2026-05-28 14:48:07,590 [WARN] TasksAndQueuesTab:775 - max value is: 3840.0
2026-05-28 14:50:14,105 [INFO] UtilMem:75 - End SaveConfig() Used Memory: 930777448 Bytes (1073741824)
2026-05-28 14:50:36,914 [INFO] I2sManager:658 - 9.6E7
2026-05-28 14:50:36,914 [INFO] I2sManager:195 - I2S Clock Value : 9.6E7
2026-05-28 14:50:36,915 [INFO] I2sManager:553 - AudioClock : 93750Divider : 2Odd : 0
2026-05-28 14:50:53,277 [ERROR] RtosPanel:558 - Can not restore the selected Tab for FREERTOS(A reason can be that the tab is no more available.)
2026-05-28 14:50:53,382 [INFO] I2sManager:658 - 1.92E8
2026-05-28 14:50:53,383 [INFO] I2sManager:195 - I2S Clock Value : 1.92E8
2026-05-28 14:50:53,384 [INFO] I2sManager:553 - AudioClock : 93750Divider : 4Odd : 0
2026-05-28 14:50:53,485 [WARN] IP:2250 - I2C_Coeff_DF not found: check if there is a RefParameter without a condition.
2026-05-28 14:50:53,485 [WARN] IP:2250 - Analog_Filter not found: check if there is a RefParameter without a condition.
2026-05-28 14:50:53,486 [WARN] IP:2250 - I2C_Coeff_DF not found: check if there is a RefParameter without a condition.
2026-05-28 14:50:53,487 [WARN] IP:2250 - Analog_Filter not found: check if there is a RefParameter without a condition.
2026-05-28 14:50:53,699 [ERROR] RtosPanel:558 - Can not restore the selected Tab for FREERTOS(A reason can be that the tab is no more available.)
2026-05-28 14:51:17,379 [INFO] I2sManager:658 - 1.92E8
2026-05-28 14:51:17,383 [INFO] I2sManager:195 - I2S Clock Value : 1.92E8
2026-05-28 14:51:17,383 [INFO] I2sManager:553 - AudioClock : 93750Divider : 4Odd : 0
2026-05-28 14:51:17,511 [WARN] IP:2250 - I2C_Coeff_DF not found: check if there is a RefParameter without a condition.
2026-05-28 14:51:17,511 [WARN] IP:2250 - Analog_Filter not found: check if there is a RefParameter without a condition.
2026-05-28 14:51:17,511 [WARN] IP:2250 - I2C_Coeff_DF not found: check if there is a RefParameter without a condition.
2026-05-28 14:51:17,511 [WARN] IP:2250 - Analog_Filter not found: check if there is a RefParameter without a condition.
2026-05-28 14:51:17,683 [ERROR] RtosPanel:558 - Can not restore the selected Tab for FREERTOS(A reason can be that the tab is no more available.)
2026-05-28 14:51:25,019 [INFO] I2sManager:658 - 1.92E8
2026-05-28 14:51:25,020 [INFO] I2sManager:195 - I2S Clock Value : 1.92E8
2026-05-28 14:51:25,021 [INFO] I2sManager:553 - AudioClock : 93750Divider : 4Odd : 0
2026-05-28 14:51:25,127 [WARN] IP:2250 - I2C_Coeff_DF not found: check if there is a RefParameter without a condition.
2026-05-28 14:51:25,127 [WARN] IP:2250 - Analog_Filter not found: check if there is a RefParameter without a condition.
2026-05-28 14:51:25,128 [WARN] IP:2250 - I2C_Coeff_DF not found: check if there is a RefParameter without a condition.
2026-05-28 14:51:25,128 [WARN] IP:2250 - Analog_Filter not found: check if there is a RefParameter without a condition.
2026-05-28 14:51:25,323 [ERROR] RtosPanel:558 - Can not restore the selected Tab for FREERTOS(A reason can be that the tab is no more available.)
2026-05-28 14:51:41,600 [INFO] UtilMem:75 - End SaveConfig() Used Memory: 654430728 Bytes (1073741824)
2026-05-28 14:51:45,790 [INFO] UtilMem:75 - End SaveConfig() Used Memory: 863872976 Bytes (1073741824)
2026-05-28 14:51:49,789 [INFO] UtilMem:75 - End SaveConfig() Used Memory: 697334056 Bytes (1073741824)
2026-05-28 14:51:50,406 [INFO] ProjectBuilder:2368 - IP not ready for code generation: Clock
2026-05-28 14:51:54,895 [INFO] BlockDiagram:2775 - set Specific Code input for plugin: SPI
2026-05-28 14:51:54,895 [INFO] BlockDiagram:2775 - set Specific Code input for plugin: FREERTOS
2026-05-28 14:51:54,895 [INFO] BlockDiagram:2775 - set Specific Code input for plugin: I2S
2026-05-28 14:51:54,895 [INFO] BlockDiagram:2775 - set Specific Code input for plugin: SYS
2026-05-28 14:51:54,895 [INFO] BlockDiagram:2775 - set Specific Code input for plugin: RCC
2026-05-28 14:51:54,895 [INFO] BlockDiagram:2775 - set Specific Code input for plugin: I2C
2026-05-28 14:51:54,895 [INFO] BlockDiagram:2775 - set Specific Code input for plugin: USB_OTG_FS
2026-05-28 14:51:54,896 [INFO] BlockDiagram:2775 - set Specific Code input for plugin: NVIC
2026-05-28 14:51:54,896 [INFO] BlockDiagram:2775 - set Specific Code input for plugin: USB_HOST
2026-05-28 14:51:54,897 [INFO] BlockDiagram:2775 - set Specific Code input for plugin: GPIO
2026-05-28 14:51:54,900 [INFO] CodeGenerator:882 - code generatio: config db path: C:\ST\STM32CubeIDE_1.18.0\STM32CubeIDE\plugins\com.st.stm32cube.common.mx_6.14.0.202502271554\\db\
2026-05-28 14:51:54,917 [WARN] IP:2250 - I2C_Coeff_DF not found: check if there is a RefParameter without a condition.
2026-05-28 14:51:54,917 [WARN] IP:2250 - Analog_Filter not found: check if there is a RefParameter without a condition.
2026-05-28 14:51:55,138 [INFO] CodeEngine:263 - oldGeneratedFile, C:\Users\hp\STM32CubeIDE\workspace_1.18.0\44_Simple_Tasks_Creation_FreeRTOS\MXTmpFiles\license.tmp_save
2026-05-28 14:51:55,755 [INFO] CodeEngine:287 - Generated code: C:\Users\hp\STM32CubeIDE\workspace_1.18.0\44_Simple_Tasks_Creation_FreeRTOS\MXTmpFiles\license.tmp
2026-05-28 14:51:55,918 [INFO] CodeEngine:263 - oldGeneratedFile, C:\Users\hp\STM32CubeIDE\workspace_1.18.0\44_Simple_Tasks_Creation_FreeRTOS\MXTmpFiles\gpio.tmp_save
2026-05-28 14:51:56,250 [INFO] CodeEngine:287 - Generated code: C:\Users\hp\STM32CubeIDE\workspace_1.18.0\44_Simple_Tasks_Creation_FreeRTOS\MXTmpFiles\gpio.tmp
2026-05-28 14:51:56,411 [WARN] IPConfigManager:3174 - Warning: the RefConfig PWREx_EnableUSBVoltageDetector is not available in your config.xml file
2026-05-28 14:51:56,432 [INFO] CodeEngine:263 - oldGeneratedFile, C:\Users\hp\STM32CubeIDE\workspace_1.18.0\44_Simple_Tasks_Creation_FreeRTOS\MXTmpFiles\usb_otg_fs_vars.tmp_save
2026-05-28 14:51:56,607 [INFO] CodeEngine:287 - Generated code: C:\Users\hp\STM32CubeIDE\workspace_1.18.0\44_Simple_Tasks_Creation_FreeRTOS\MXTmpFiles\usb_otg_fs_vars.tmp
2026-05-28 14:51:56,617 [INFO] CodeEngine:263 - oldGeneratedFile, C:\Users\hp\STM32CubeIDE\workspace_1.18.0\44_Simple_Tasks_Creation_FreeRTOS\MXTmpFiles\usb_otg_fs_inc.tmp_save
2026-05-28 14:51:56,750 [INFO] CodeEngine:287 - Generated code: C:\Users\hp\STM32CubeIDE\workspace_1.18.0\44_Simple_Tasks_Creation_FreeRTOS\MXTmpFiles\usb_otg_fs_inc.tmp
2026-05-28 14:51:56,760 [INFO] CodeEngine:263 - oldGeneratedFile, C:\Users\hp\STM32CubeIDE\workspace_1.18.0\44_Simple_Tasks_Creation_FreeRTOS\MXTmpFiles\usb_otg_fs_HalInit.tmp_save
2026-05-28 14:51:56,932 [INFO] CodeEngine:287 - Generated code: C:\Users\hp\STM32CubeIDE\workspace_1.18.0\44_Simple_Tasks_Creation_FreeRTOS\MXTmpFiles\usb_otg_fs_HalInit.tmp
2026-05-28 14:51:56,940 [INFO] CodeEngine:263 - oldGeneratedFile, C:\Users\hp\STM32CubeIDE\workspace_1.18.0\44_Simple_Tasks_Creation_FreeRTOS\MXTmpFiles\usb_otg_fs_Msp.tmp_save
2026-05-28 14:51:57,120 [INFO] CodeEngine:287 - Generated code: C:\Users\hp\STM32CubeIDE\workspace_1.18.0\44_Simple_Tasks_Creation_FreeRTOS\MXTmpFiles\usb_otg_fs_Msp.tmp
2026-05-28 14:51:57,576 [INFO] Middleware:1452 - No code input for Bsp Dependency
2026-05-28 14:51:57,592 [INFO] CodeEngine:263 - oldGeneratedFile, C:\Users\hp\STM32CubeIDE\workspace_1.18.0\44_Simple_Tasks_Creation_FreeRTOS\MXTmpFiles\rtos_inc.tmp_save
2026-05-28 14:51:57,704 [INFO] CodeEngine:287 - Generated code: C:\Users\hp\STM32CubeIDE\workspace_1.18.0\44_Simple_Tasks_Creation_FreeRTOS\MXTmpFiles\rtos_inc.tmp
2026-05-28 14:51:57,714 [INFO] CodeEngine:263 - oldGeneratedFile, C:\Users\hp\STM32CubeIDE\workspace_1.18.0\44_Simple_Tasks_Creation_FreeRTOS\MXTmpFiles\rtos_vars.tmp_save
2026-05-28 14:51:57,822 [INFO] CodeEngine:287 - Generated code: C:\Users\hp\STM32CubeIDE\workspace_1.18.0\44_Simple_Tasks_Creation_FreeRTOS\MXTmpFiles\rtos_vars.tmp
2026-05-28 14:51:57,832 [INFO] CodeEngine:263 - oldGeneratedFile, C:\Users\hp\STM32CubeIDE\workspace_1.18.0\44_Simple_Tasks_Creation_FreeRTOS\MXTmpFiles\rtos_pfp.tmp_save
2026-05-28 14:51:57,973 [INFO] CodeEngine:287 - Generated code: C:\Users\hp\STM32CubeIDE\workspace_1.18.0\44_Simple_Tasks_Creation_FreeRTOS\MXTmpFiles\rtos_pfp.tmp
2026-05-28 14:51:57,985 [INFO] CodeEngine:263 - oldGeneratedFile, C:\Users\hp\STM32CubeIDE\workspace_1.18.0\44_Simple_Tasks_Creation_FreeRTOS\MXTmpFiles\rtos_obj_creat.tmp_save
2026-05-28 14:51:58,097 [INFO] CodeEngine:287 - Generated code: C:\Users\hp\STM32CubeIDE\workspace_1.18.0\44_Simple_Tasks_Creation_FreeRTOS\MXTmpFiles\rtos_obj_creat.tmp
2026-05-28 14:51:58,105 [INFO] CodeEngine:263 - oldGeneratedFile, C:\Users\hp\STM32CubeIDE\workspace_1.18.0\44_Simple_Tasks_Creation_FreeRTOS\MXTmpFiles\rtos_kernelStart.tmp_save
2026-05-28 14:51:58,208 [INFO] CodeEngine:287 - Generated code: C:\Users\hp\STM32CubeIDE\workspace_1.18.0\44_Simple_Tasks_Creation_FreeRTOS\MXTmpFiles\rtos_kernelStart.tmp
2026-05-28 14:51:58,225 [INFO] CodeEngine:263 - oldGeneratedFile, C:\Users\hp\STM32CubeIDE\workspace_1.18.0\44_Simple_Tasks_Creation_FreeRTOS\MXTmpFiles\rtos_default_thread.tmp_save
2026-05-28 14:51:58,335 [INFO] CodeEngine:287 - Generated code: C:\Users\hp\STM32CubeIDE\workspace_1.18.0\44_Simple_Tasks_Creation_FreeRTOS\MXTmpFiles\rtos_default_thread.tmp
2026-05-28 14:51:58,346 [INFO] CodeEngine:263 - oldGeneratedFile, C:\Users\hp\STM32CubeIDE\workspace_1.18.0\44_Simple_Tasks_Creation_FreeRTOS\MXTmpFiles\rtos_threads.tmp_save
2026-05-28 14:51:58,444 [INFO] CodeEngine:287 - Generated code: C:\Users\hp\STM32CubeIDE\workspace_1.18.0\44_Simple_Tasks_Creation_FreeRTOS\MXTmpFiles\rtos_threads.tmp
2026-05-28 14:51:58,494 [INFO] Middleware:1452 - No code input for Bsp Dependency
2026-05-28 14:51:58,510 [INFO] CodeEngine:263 - oldGeneratedFile, C:\Users\hp\STM32CubeIDE\workspace_1.18.0\44_Simple_Tasks_Creation_FreeRTOS\MXTmpFiles\rtos_inc.tmp_save
2026-05-28 14:51:58,620 [INFO] CodeEngine:287 - Generated code: C:\Users\hp\STM32CubeIDE\workspace_1.18.0\44_Simple_Tasks_Creation_FreeRTOS\MXTmpFiles\rtos_inc.tmp
2026-05-28 14:51:58,632 [INFO] CodeEngine:263 - oldGeneratedFile, C:\Users\hp\STM32CubeIDE\workspace_1.18.0\44_Simple_Tasks_Creation_FreeRTOS\MXTmpFiles\rtos_vars.tmp_save
2026-05-28 14:51:58,740 [INFO] CodeEngine:287 - Generated code: C:\Users\hp\STM32CubeIDE\workspace_1.18.0\44_Simple_Tasks_Creation_FreeRTOS\MXTmpFiles\rtos_vars.tmp
2026-05-28 14:51:58,754 [INFO] CodeEngine:263 - oldGeneratedFile, C:\Users\hp\STM32CubeIDE\workspace_1.18.0\44_Simple_Tasks_Creation_FreeRTOS\MXTmpFiles\rtos_pfp.tmp_save
2026-05-28 14:51:58,851 [INFO] CodeEngine:287 - Generated code: C:\Users\hp\STM32CubeIDE\workspace_1.18.0\44_Simple_Tasks_Creation_FreeRTOS\MXTmpFiles\rtos_pfp.tmp
2026-05-28 14:51:58,863 [INFO] CodeEngine:263 - oldGeneratedFile, C:\Users\hp\STM32CubeIDE\workspace_1.18.0\44_Simple_Tasks_Creation_FreeRTOS\MXTmpFiles\rtos_obj_creat.tmp_save
2026-05-28 14:51:58,964 [INFO] CodeEngine:287 - Generated code: C:\Users\hp\STM32CubeIDE\workspace_1.18.0\44_Simple_Tasks_Creation_FreeRTOS\MXTmpFiles\rtos_obj_creat.tmp
2026-05-28 14:51:58,972 [INFO] CodeEngine:263 - oldGeneratedFile, C:\Users\hp\STM32CubeIDE\workspace_1.18.0\44_Simple_Tasks_Creation_FreeRTOS\MXTmpFiles\rtos_kernelStart.tmp_save
2026-05-28 14:51:59,054 [INFO] CodeEngine:287 - Generated code: C:\Users\hp\STM32CubeIDE\workspace_1.18.0\44_Simple_Tasks_Creation_FreeRTOS\MXTmpFiles\rtos_kernelStart.tmp
2026-05-28 14:51:59,065 [INFO] CodeEngine:263 - oldGeneratedFile, C:\Users\hp\STM32CubeIDE\workspace_1.18.0\44_Simple_Tasks_Creation_FreeRTOS\MXTmpFiles\rtos_default_thread.tmp_save
2026-05-28 14:51:59,150 [INFO] CodeEngine:287 - Generated code: C:\Users\hp\STM32CubeIDE\workspace_1.18.0\44_Simple_Tasks_Creation_FreeRTOS\MXTmpFiles\rtos_default_thread.tmp
2026-05-28 14:51:59,165 [INFO] CodeEngine:263 - oldGeneratedFile, C:\Users\hp\STM32CubeIDE\workspace_1.18.0\44_Simple_Tasks_Creation_FreeRTOS\MXTmpFiles\rtos_threads.tmp_save
2026-05-28 14:51:59,243 [INFO] CodeEngine:287 - Generated code: C:\Users\hp\STM32CubeIDE\workspace_1.18.0\44_Simple_Tasks_Creation_FreeRTOS\MXTmpFiles\rtos_threads.tmp
2026-05-28 14:51:59,258 [INFO] CodeEngine:263 - oldGeneratedFile, C:\Users\hp\STM32CubeIDE\workspace_1.18.0\44_Simple_Tasks_Creation_FreeRTOS\Core\Inc\FreeRTOSConfig.h_save
2026-05-28 14:51:59,374 [INFO] CodeEngine:287 - Generated code: C:\Users\hp\STM32CubeIDE\workspace_1.18.0\44_Simple_Tasks_Creation_FreeRTOS\Core\Inc\FreeRTOSConfig.h
2026-05-28 14:51:59,384 [INFO] CodeEngine:263 - oldGeneratedFile, C:\Users\hp\STM32CubeIDE\workspace_1.18.0\44_Simple_Tasks_Creation_FreeRTOS\Core\Src\freertos.c_save
2026-05-28 14:51:59,495 [INFO] CodeEngine:287 - Generated code: C:\Users\hp\STM32CubeIDE\workspace_1.18.0\44_Simple_Tasks_Creation_FreeRTOS\Core\Src\freertos.c
2026-05-28 14:51:59,537 [INFO] CodeEngine:263 - oldGeneratedFile, C:\Users\hp\STM32CubeIDE\workspace_1.18.0\44_Simple_Tasks_Creation_FreeRTOS\USB_HOST\App\usb_host.c_save
2026-05-28 14:51:59,657 [INFO] CodeEngine:287 - Generated code: C:\Users\hp\STM32CubeIDE\workspace_1.18.0\44_Simple_Tasks_Creation_FreeRTOS\USB_HOST\App\usb_host.c
2026-05-28 14:51:59,667 [INFO] CodeEngine:263 - oldGeneratedFile, C:\Users\hp\STM32CubeIDE\workspace_1.18.0\44_Simple_Tasks_Creation_FreeRTOS\USB_HOST\App\usb_host.h_save
2026-05-28 14:51:59,767 [INFO] CodeEngine:287 - Generated code: C:\Users\hp\STM32CubeIDE\workspace_1.18.0\44_Simple_Tasks_Creation_FreeRTOS\USB_HOST\App\usb_host.h
2026-05-28 14:51:59,783 [INFO] CodeEngine:263 - oldGeneratedFile, C:\Users\hp\STM32CubeIDE\workspace_1.18.0\44_Simple_Tasks_Creation_FreeRTOS\USB_HOST\Target\usbh_conf.h_save
2026-05-28 14:51:59,889 [INFO] CodeEngine:287 - Generated code: C:\Users\hp\STM32CubeIDE\workspace_1.18.0\44_Simple_Tasks_Creation_FreeRTOS\USB_HOST\Target\usbh_conf.h
2026-05-28 14:51:59,902 [INFO] CodeEngine:263 - oldGeneratedFile, C:\Users\hp\STM32CubeIDE\workspace_1.18.0\44_Simple_Tasks_Creation_FreeRTOS\USB_HOST\Target\usbh_conf.c_save
2026-05-28 14:52:00,006 [INFO] CodeEngine:287 - Generated code: C:\Users\hp\STM32CubeIDE\workspace_1.18.0\44_Simple_Tasks_Creation_FreeRTOS\USB_HOST\Target\usbh_conf.c
2026-05-28 14:52:00,029 [INFO] CodeEngine:263 - oldGeneratedFile, C:\Users\hp\STM32CubeIDE\workspace_1.18.0\44_Simple_Tasks_Creation_FreeRTOS\USB_HOST\Target\usbh_platform.c_save
2026-05-28 14:52:00,117 [INFO] CodeEngine:287 - Generated code: C:\Users\hp\STM32CubeIDE\workspace_1.18.0\44_Simple_Tasks_Creation_FreeRTOS\USB_HOST\Target\usbh_platform.c
2026-05-28 14:52:00,125 [INFO] CodeEngine:263 - oldGeneratedFile, C:\Users\hp\STM32CubeIDE\workspace_1.18.0\44_Simple_Tasks_Creation_FreeRTOS\USB_HOST\Target\usbh_platform.h_save
2026-05-28 14:52:00,202 [INFO] CodeEngine:287 - Generated code: C:\Users\hp\STM32CubeIDE\workspace_1.18.0\44_Simple_Tasks_Creation_FreeRTOS\USB_HOST\Target\usbh_platform.h
2026-05-28 14:52:00,226 [INFO] CodeEngine:263 - oldGeneratedFile, C:\Users\hp\STM32CubeIDE\workspace_1.18.0\44_Simple_Tasks_Creation_FreeRTOS\Core\Src\stm32f4xx_it.c_save
2026-05-28 14:52:00,452 [INFO] CodeEngine:287 - Generated code: C:\Users\hp\STM32CubeIDE\workspace_1.18.0\44_Simple_Tasks_Creation_FreeRTOS\Core\Src\stm32f4xx_it.c
2026-05-28 14:52:00,471 [INFO] CodeEngine:263 - oldGeneratedFile, C:\Users\hp\STM32CubeIDE\workspace_1.18.0\44_Simple_Tasks_Creation_FreeRTOS\Core\Inc\stm32f4xx_it.h_save
2026-05-28 14:52:00,563 [INFO] CodeEngine:287 - Generated code: C:\Users\hp\STM32CubeIDE\workspace_1.18.0\44_Simple_Tasks_Creation_FreeRTOS\Core\Inc\stm32f4xx_it.h
2026-05-28 14:52:00,596 [INFO] CodeEngine:263 - oldGeneratedFile, C:\Users\hp\STM32CubeIDE\workspace_1.18.0\44_Simple_Tasks_Creation_FreeRTOS\Core\Src\stm32f4xx_hal_msp.c_save
2026-05-28 14:52:00,750 [INFO] CodeEngine:287 - Generated code: C:\Users\hp\STM32CubeIDE\workspace_1.18.0\44_Simple_Tasks_Creation_FreeRTOS\Core\Src\stm32f4xx_hal_msp.c
2026-05-28 14:52:00,759 [INFO] CodeEngine:263 - oldGeneratedFile, C:\Users\hp\STM32CubeIDE\workspace_1.18.0\44_Simple_Tasks_Creation_FreeRTOS\MXTmpFiles\system.tmp_save
2026-05-28 14:52:00,832 [INFO] CodeEngine:287 - Generated code: C:\Users\hp\STM32CubeIDE\workspace_1.18.0\44_Simple_Tasks_Creation_FreeRTOS\MXTmpFiles\system.tmp
2026-05-28 14:52:00,850 [INFO] CodeEngine:319 - oldGeneratedFile, C:\Users\hp\STM32CubeIDE\workspace_1.18.0\44_Simple_Tasks_Creation_FreeRTOS\Core\Inc\stm32f4xx_hal_conf.h_save
2026-05-28 14:52:00,939 [INFO] CodeEngine:343 - Generated code: C:\Users\hp\STM32CubeIDE\workspace_1.18.0\44_Simple_Tasks_Creation_FreeRTOS\Core\Inc\stm32f4xx_hal_conf.h
2026-05-28 14:52:01,006 [INFO] CodeEngine:263 - oldGeneratedFile, C:\Users\hp\STM32CubeIDE\workspace_1.18.0\44_Simple_Tasks_Creation_FreeRTOS\Core\Inc\main.h_save
2026-05-28 14:52:01,127 [INFO] CodeEngine:287 - Generated code: C:\Users\hp\STM32CubeIDE\workspace_1.18.0\44_Simple_Tasks_Creation_FreeRTOS\Core\Inc\main.h
2026-05-28 14:52:01,137 [INFO] CodeEngine:263 - oldGeneratedFile, C:\Users\hp\STM32CubeIDE\workspace_1.18.0\44_Simple_Tasks_Creation_FreeRTOS\Core\Src\main.c_save
2026-05-28 14:52:01,309 [INFO] CodeEngine:287 - Generated code: C:\Users\hp\STM32CubeIDE\workspace_1.18.0\44_Simple_Tasks_Creation_FreeRTOS\Core\Src\main.c
2026-05-28 14:52:02,252 [INFO] ProjectBuilder:3324 - Time for Copy HAL[1] : 616mS.
2026-05-28 14:52:02,269 [INFO] ProjectBuilder:4912 - Project Generator version: 4.6.0-B36
2026-05-28 14:52:02,396 [INFO] ConfigFileManager:1590 - The Die is : DIE413
2026-05-28 14:52:04,791 [INFO] ProjectBuilder:5191 - Time for Generating toolchain IDE Files: 2522mS.
2026-05-28 14:52:04,793 [INFO] ProjectBuilder:3181 - Time for Copy CMSIS : 2mS.
2026-05-28 14:52:04,813 [INFO] ProjectBuilder:3181 - Time for Copy CMSIS : 1mS.
2026-05-28 15:14:22,433 [INFO] WebApp:194 - Connection lost
2026-05-28 15:14:23,623 [INFO] WebApp:191 - Connection restablished
2026-05-28 15:16:43,808 [INFO] I2sManager:658 - 1.92E8
2026-05-28 15:16:43,809 [INFO] I2sManager:195 - I2S Clock Value : 1.92E8
2026-05-28 15:16:43,809 [INFO] I2sManager:553 - AudioClock : 93750Divider : 4Odd : 0
2026-05-28 16:14:27,329 [INFO] WebApp:194 - Connection lost
2026-05-28 16:14:31,819 [INFO] WebApp:191 - Connection restablished
2026-05-28 17:14:31,024 [INFO] WebApp:194 - Connection lost
2026-05-28 17:14:31,568 [INFO] WebApp:191 - Connection restablished
2026-05-28 18:06:58,047 [INFO] MainUpdater:2872 - connection check result : 10
2026-05-28 18:06:58,051 [INFO] MainUpdater:2872 - connection check result : 10
2026-05-28 18:06:58,281 [INFO] I2sManager:658 - 1.92E8
2026-05-28 18:06:58,282 [INFO] I2sManager:195 - I2S Clock Value : 1.92E8
2026-05-28 18:06:58,283 [INFO] I2sManager:553 - AudioClock : 93750Divider : 4Odd : 0
2026-05-28 18:06:58,311 [INFO] MicroXplorer:468 - Change Database Path : 
2026-05-28 18:06:58,313 [INFO] MicroXplorer:498 - Change Database Version : DB.6.0.140
2026-05-28 18:06:58,491 [ERROR] ProjectManagerView:394 - 
java.lang.NullPointerException: Cannot invoke "javax.swing.JTextField.getText()" because the return value of "java.util.List.get(int)" is null
	at com.st.microxplorer.plugins.projectmanager.gui.ProjectChoiceTab$9.caretUpdate(ProjectChoiceTab.java:2678) ~[filemanager.jar:?]
	at javax.swing.text.JTextComponent.fireCaretUpdate(JTextComponent.java:408) ~[?:?]
	at javax.swing.text.JTextComponent$MutableCaretEvent.fire(JTextComponent.java:4484) ~[?:?]
	at javax.swing.text.JTextComponent$MutableCaretEvent.stateChanged(JTextComponent.java:4506) ~[?:?]
	at javax.swing.text.DefaultCaret.fireStateChanged(DefaultCaret.java:857) ~[?:?]
	at javax.swing.text.DefaultCaret.changeCaretPosition(DefaultCaret.java:1343) ~[?:?]
	at javax.swing.text.DefaultCaret.handleSetDot(DefaultCaret.java:1242) ~[?:?]
	at javax.swing.text.DefaultCaret.setDot(DefaultCaret.java:1223) ~[?:?]
	at javax.swing.text.DefaultCaret$Handler.insertUpdate(DefaultCaret.java:1819) ~[?:?]
	at javax.swing.text.AbstractDocument.fireInsertUpdate(AbstractDocument.java:227) ~[?:?]
	at javax.swing.text.AbstractDocument.handleInsertString(AbstractDocument.java:781) ~[?:?]
	at javax.swing.text.AbstractDocument.insertString(AbstractDocument.java:740) ~[?:?]
	at javax.swing.text.PlainDocument.insertString(PlainDocument.java:131) ~[?:?]
	at javax.swing.text.AbstractDocument.replace(AbstractDocument.java:699) ~[?:?]
	at javax.swing.text.JTextComponent.setText(JTextComponent.java:1725) ~[?:?]
	at com.st.microxplorer.plugins.projectmanager.gui.ProjectChoiceTab.createHeapStackFields(ProjectChoiceTab.java:979) ~[filemanager.jar:?]
	at com.st.microxplorer.plugins.projectmanager.gui.ProjectChoiceTab.buildLinkSettingsPanel(ProjectChoiceTab.java:3766) ~[filemanager.jar:?]
	at com.st.microxplorer.plugins.projectmanager.gui.ProjectChoiceTab.defineWindowsFields(ProjectChoiceTab.java:1962) ~[filemanager.jar:?]
	at com.st.microxplorer.plugins.projectmanager.gui.ProjectChoiceTab.updateSettings(ProjectChoiceTab.java:555) ~[filemanager.jar:?]
	at com.st.microxplorer.plugins.projectmanager.gui.ProjectSettingsPanel.UpdateDialog(ProjectSettingsPanel.java:245) ~[filemanager.jar:?]
	at com.st.microxplorer.plugins.projectmanager.ProjectManagerView.propertyChange(ProjectManagerView.java:391) ~[filemanager.jar:?]
	at java.beans.PropertyChangeSupport.fire(PropertyChangeSupport.java:343) ~[?:?]
	at java.beans.PropertyChangeSupport.firePropertyChange(PropertyChangeSupport.java:335) ~[?:?]
	at java.beans.PropertyChangeSupport.firePropertyChange(PropertyChangeSupport.java:268) ~[?:?]
	at com.st.microxplorer.util.MXPropertyChangeSupport.firePropertyChange(MXPropertyChangeSupport.java:54) ~[STM32CubeMX.jar:?]
	at com.st.microxplorer.mxsystem.MxSystem.closeConfig(MxSystem.java:899) ~[STM32CubeMX.jar:?]
	at com.st.microxplorer.maingui.MainPanel.closeConfig(MainPanel.java:789) ~[STM32CubeMX.jar:?]
	at com.st.microxplorer.plugins.filemanager.engine.OpenFileManager.loadConfigurationFile(OpenFileManager.java:287) ~[filemanager.jar:?]
	at com.st.microxplorer.plugins.filemanager.engine.MainFileManager.userLoadConfig(MainFileManager.java:341) ~[filemanager.jar:?]
	at com.st.microxplorer.plugins.filemanager.engine.MainFileManager.userLoadConfig(MainFileManager.java:319) ~[filemanager.jar:?]
	at com.st.microxplorer.plugins.filemanager.FileManagerView.getSpecificTask(FileManagerView.java:246) ~[filemanager.jar:?]
	at com.st.stm32cube.common.mx.editor.CubeMxEditor.getMxTabbedPaneInstance(CubeMxEditor.java:1198) ~[com.st.stm32cube.common.mx_6.14.0.202502271554/:?]
	at com.st.stm32cube.common.mx.editor.CubeMxEditor$12$1.createSwingComponent(CubeMxEditor.java:1068) ~[com.st.stm32cube.common.mx_6.14.0.202502271554/:?]
	at com.st.stm32cube.common.mx.oss.core.awtswtbridge.EmbeddedSwingComposite.doComponentCreation(EmbeddedSwingComposite.java:492) ~[com.st.stm32cube.common.mx.oss_6.14.0.202502271554/:?]
	at com.st.stm32cube.common.mx.oss.core.awtswtbridge.EmbeddedSwingComposite$4.run(EmbeddedSwingComposite.java:291) ~[com.st.stm32cube.common.mx.oss_6.14.0.202502271554/:?]
	at com.st.stm32cube.common.mx.oss.core.awtswtbridge.AwtEnvironment$2.run(AwtEnvironment.java:166) ~[com.st.stm32cube.common.mx.oss_6.14.0.202502271554/:?]
	at java.awt.event.InvocationEvent.dispatch(InvocationEvent.java:318) ~[?:?]
	at java.awt.EventQueue.dispatchEventImpl(EventQueue.java:773) ~[?:?]
	at java.awt.EventQueue$4.run(EventQueue.java:720) ~[?:?]
	at java.awt.EventQueue$4.run(EventQueue.java:714) ~[?:?]
	at java.security.AccessController.doPrivileged(AccessController.java:400) ~[?:?]
	at java.security.ProtectionDomain$JavaSecurityAccessImpl.doIntersectionPrivilege(ProtectionDomain.java:87) ~[?:?]
	at java.awt.EventQueue.dispatchEvent(EventQueue.java:742) ~[?:?]
	at java.awt.EventDispatchThread.pumpOneEventForFilters(EventDispatchThread.java:203) ~[?:?]
	at java.awt.EventDispatchThread.pumpEventsForFilter(EventDispatchThread.java:124) ~[?:?]
	at java.awt.EventDispatchThread.pumpEventsForHierarchy(EventDispatchThread.java:113) ~[?:?]
	at java.awt.EventDispatchThread.pumpEvents(EventDispatchThread.java:109) ~[?:?]
	at java.awt.EventDispatchThread.pumpEvents(EventDispatchThread.java:101) ~[?:?]
	at java.awt.EventDispatchThread.run(EventDispatchThread.java:90) ~[?:?]
2026-05-28 18:06:58,544 [WARN] ThirdParty:871 - waiting for thirdparty lock release [close project]
2026-05-28 18:06:58,545 [INFO] ThirdParty:873 - entering critical section [close project]
2026-05-28 18:06:58,549 [INFO] ThirdParty:883 - exiting critical section [close project]
2026-05-28 18:06:58,557 [INFO] PinOutPanel:1589 - setPackage(No Configuration,No Configuration)
2026-05-28 18:06:58,628 [WARN] IpParametersView:155 - Warning: This peripheral hasn't parameters
2026-05-28 18:06:58,692 [WARN] MainPanel:289 - <html><b><center>Warning: This peripheral has no parameters to be configured<br></b></html>
2026-05-28 18:06:58,727 [INFO] UtilMem:75 - Begin LoadConfig() Used Memory: 919463944 Bytes (1073741824)
2026-05-28 18:06:58,730 [INFO] MicroXplorer:468 - Change Database Path : 
2026-05-28 18:06:58,731 [INFO] MicroXplorer:498 - Change Database Version : DB.6.0.140
2026-05-28 18:06:58,733 [INFO] OpenFileManager:354 - Change cursor
2026-05-28 18:06:58,829 [INFO] RulesReader:64 - Compatibility file has been processed (301 Rules)
2026-05-28 18:06:58,868 [INFO] Mcu:2011 - Initializing MCU STM32F407V(E-G)Tx STM32F407VGTx STM32F407VGT6
2026-05-28 18:07:04,377 [INFO] Context:756 - Trying to add GPIOservice into a context  which must be forbidden
2026-05-28 18:07:06,283 [INFO] ImportTextPane:218 - (OptionalMessage_ERROR) Pin36 (VP_RIF_VS_RIF1) cannot be retrieved for this MCU
2026-05-28 18:07:06,699 [INFO] RtosManager:558 - Registered RTOS mode: class=CMSIS, group=RTOS, mode=CMSIS_V1, owner=FREERTOS
2026-05-28 18:07:06,700 [INFO] RtosManager:558 - Registered RTOS mode: class=CMSIS, group=RTOS2, mode=CMSIS_V2, owner=FREERTOS
2026-05-28 18:07:06,701 [INFO] RtosManager:558 - Registered RTOS mode: class=RTOS, group=Core, mode=CMSIS_V1, owner=FREERTOS
2026-05-28 18:07:06,701 [INFO] RtosManager:558 - Registered RTOS mode: class=RTOS, group=Core, mode=CMSIS_V2, owner=FREERTOS
2026-05-28 18:07:06,701 [WARN] ModelIntegratedComponent:184 - Missing modes for component STMicroelectronics:FreeRTOS:0.0.1:STMicroelectronics:RTOS:FreeRTOS:Core:::10.2.0:
2026-05-28 18:07:06,727 [WARN] ModelIntegratedComponent:63 - No mode defined for component null
2026-05-28 18:07:06,727 [WARN] ModelIntegratedComponent:63 - No mode defined for component null
2026-05-28 18:07:06,728 [WARN] ModelIntegratedComponent:63 - No mode defined for component null
2026-05-28 18:07:06,728 [WARN] ModelIntegratedComponent:63 - No mode defined for component null
2026-05-28 18:07:06,728 [WARN] ModelIntegratedComponent:63 - No mode defined for component null
2026-05-28 18:07:06,728 [WARN] ModelIntegratedComponent:63 - No mode defined for component null
2026-05-28 18:07:06,728 [WARN] ModelIntegratedComponent:63 - No mode defined for component null
2026-05-28 18:07:06,728 [WARN] ModelIntegratedComponent:63 - No mode defined for component null
2026-05-28 18:07:06,729 [WARN] ModelIntegratedComponent:63 - No mode defined for component null
2026-05-28 18:07:06,729 [WARN] ModelIntegratedComponent:63 - No mode defined for component null
2026-05-28 18:07:06,729 [WARN] ModelIntegratedComponent:63 - No mode defined for component null
2026-05-28 18:07:06,729 [WARN] ModelIntegratedComponent:63 - No mode defined for component null
2026-05-28 18:07:06,729 [WARN] ModelIntegratedComponent:63 - No mode defined for component null
2026-05-28 18:07:06,729 [WARN] ModelIntegratedComponent:63 - No mode defined for component null
2026-05-28 18:07:06,729 [WARN] ModelIntegratedComponent:63 - No mode defined for component null
2026-05-28 18:07:06,730 [WARN] ModelIntegratedComponent:63 - No mode defined for component null
2026-05-28 18:07:06,730 [WARN] ModelIntegratedComponent:63 - No mode defined for component null
2026-05-28 18:07:06,730 [WARN] ModelIntegratedComponent:63 - No mode defined for component null
2026-05-28 18:07:06,730 [WARN] ModelIntegratedComponent:63 - No mode defined for component null
2026-05-28 18:07:06,730 [WARN] ModelIntegratedComponent:63 - No mode defined for component null
2026-05-28 18:07:06,730 [WARN] ModelIntegratedComponent:63 - No mode defined for component null
2026-05-28 18:07:06,730 [WARN] ModelIntegratedComponent:63 - No mode defined for component null
2026-05-28 18:07:06,730 [WARN] ModelIntegratedComponent:63 - No mode defined for component null
2026-05-28 18:07:06,731 [WARN] ModelIntegratedComponent:63 - No mode defined for component null
2026-05-28 18:07:06,731 [WARN] ModelIntegratedComponent:63 - No mode defined for component null
2026-05-28 18:07:06,731 [WARN] ModelIntegratedComponent:63 - No mode defined for component null
2026-05-28 18:07:06,731 [WARN] ModelIntegratedComponent:63 - No mode defined for component null
2026-05-28 18:07:06,732 [WARN] ModelIntegratedComponent:63 - No mode defined for component null
2026-05-28 18:07:06,732 [WARN] ModelIntegratedComponent:63 - No mode defined for component null
2026-05-28 18:07:06,732 [WARN] ModelIntegratedComponent:63 - No mode defined for component null
2026-05-28 18:07:06,733 [WARN] ModelIntegratedComponent:63 - No mode defined for component null
2026-05-28 18:07:06,733 [WARN] ModelIntegratedComponent:63 - No mode defined for component null
2026-05-28 18:07:06,733 [WARN] ModelIntegratedComponent:63 - No mode defined for component null
2026-05-28 18:07:06,733 [WARN] ModelIntegratedComponent:63 - No mode defined for component null
2026-05-28 18:07:06,733 [WARN] ModelIntegratedComponent:63 - No mode defined for component null
2026-05-28 18:07:06,734 [WARN] ModelPack:524 - Component already loaded: STMicroelectronics:HAL Drivers:0.0.0:STMicroelectronics:Device:STMicro_Driver:XSPI:HAL::0.0.1:HAL_XSPI
2026-05-28 18:07:06,976 [INFO] ThirdPartyModel:298 - Start build external matchings
2026-05-28 18:07:08,048 [INFO] ThirdPartyModel:316 - End build external matchings
2026-05-28 18:07:08,078 [INFO] RtosManager:967 - Current active RTOS is FREERTOS [Cortex-M4NS]
2026-05-28 18:07:09,360 [INFO] UtilMem:75 - End LoadConfig() Used Memory: 858862248 Bytes (1073741824)
2026-05-28 18:07:09,591 [WARN] ThirdParty:833 - waiting for thirdparty lock release [change project]
2026-05-28 18:07:09,592 [INFO] ThirdParty:835 - entering critical section [change project]
2026-05-28 18:07:09,593 [INFO] ThirdParty:1030 - CMSIS Pack Vendor :STMicroelectronics X-CUBE-AZRTOS-H7 3.5.0
2026-05-28 18:07:09,593 [INFO] ThirdParty:1030 - CMSIS Pack Vendor :STMicroelectronics X-CUBE-PM33A1 1.0.0
2026-05-28 18:07:09,593 [INFO] ThirdParty:1030 - CMSIS Pack Vendor :STMicroelectronics USBPD 4.1
2026-05-28 18:07:09,593 [INFO] ThirdParty:1030 - CMSIS Pack Vendor :STMicroelectronics X-CUBE-NFC9 1.0.0
2026-05-28 18:07:09,593 [INFO] ThirdParty:1030 - CMSIS Pack Vendor :STMicroelectronics USB_HOST 2.0.0
2026-05-28 18:07:09,593 [INFO] ThirdParty:1030 - CMSIS Pack Vendor :STMicroelectronics X-CUBE-AZRTOS-F4 1.1.0
2026-05-28 18:07:09,594 [INFO] ThirdParty:1030 - CMSIS Pack Vendor :STMicroelectronics LIBJPEG 8.0.0
2026-05-28 18:07:09,595 [INFO] ThirdParty:1030 - CMSIS Pack Vendor :STMicroelectronics FP-ATR-ASTRA1 2.0.2
2026-05-28 18:07:09,597 [INFO] ThirdParty:1030 - CMSIS Pack Vendor :STMicroelectronics X-CUBE-BLE1 7.1.0
2026-05-28 18:07:09,597 [INFO] ThirdParty:1030 - CMSIS Pack Vendor :STMicroelectronics X-CUBE-SMBUS 2.1.0
2026-05-28 18:07:09,597 [INFO] ThirdParty:1030 - CMSIS Pack Vendor :wolfSSL I-CUBE-wolfMQTT 1.19.2
2026-05-28 18:07:09,597 [INFO] ThirdParty:1030 - CMSIS Pack Vendor :STMicroelectronics USB_DEVICE 3.0.0
2026-05-28 18:07:09,600 [INFO] ThirdParty:1030 - CMSIS Pack Vendor :STMicroelectronics X-CUBE-ISPU 2.1.0
2026-05-28 18:07:09,600 [INFO] ThirdParty:1030 - CMSIS Pack Vendor :STMicroelectronics X-CUBE-EEPRMA1 5.2.0
2026-05-28 18:07:09,600 [INFO] ThirdParty:1030 - CMSIS Pack Vendor :STMicroelectronics X-CUBE-BLEMGR 4.1.0
2026-05-28 18:07:09,600 [INFO] ThirdParty:1030 - CMSIS Pack Vendor :STMicroelectronics eDS-WB_DPC_TT-BIDIR 2.1.1
2026-05-28 18:07:09,601 [INFO] ThirdParty:1030 - CMSIS Pack Vendor :STMicroelectronics X-CUBE-AZRTOS-WB 2.0.0
2026-05-28 18:07:09,601 [INFO] ThirdParty:1030 - CMSIS Pack Vendor :wolfSSL I-CUBE-wolfSSL 5.8.4
2026-05-28 18:07:09,601 [INFO] ThirdParty:1030 - CMSIS Pack Vendor :STMicroelectronics X-CUBE-NFC12 1.0.0
2026-05-28 18:07:09,601 [INFO] ThirdParty:1030 - CMSIS Pack Vendor :STMicroelectronics X-CUBE-AZRTOS-F7 1.1.0
2026-05-28 18:07:09,602 [INFO] ThirdParty:1030 - CMSIS Pack Vendor :STMicroelectronics X-CUBE-AZRTOS-L5 2.0.0
2026-05-28 18:07:09,606 [INFO] ThirdParty:1030 - CMSIS Pack Vendor :STMicroelectronics USB_DEVICE 2.0.0
2026-05-28 18:07:09,607 [INFO] ThirdParty:1030 - CMSIS Pack Vendor :quantropi X-CUBE-qispace-sdk-base 2.1.0
2026-05-28 18:07:09,608 [INFO] ThirdParty:1030 - CMSIS Pack Vendor :STMicroelectronics X-CUBE-MEMS1 12.0.0
2026-05-28 18:07:09,608 [INFO] ThirdParty:1030 - CMSIS Pack Vendor :STMicroelectronics X-CUBE-STSE01 2.0.0
2026-05-28 18:07:09,609 [INFO] ThirdParty:1030 - CMSIS Pack Vendor :STMicroelectronics X-CUBE-ALGOBUILD 1.5.0
2026-05-28 18:07:09,609 [INFO] ThirdParty:1030 - CMSIS Pack Vendor :STMicroelectronics FreeRTOS 0.0.1
2026-05-28 18:07:09,609 [INFO] ThirdParty:1030 - CMSIS Pack Vendor :STMicroelectronics X-CUBE-AZRTOS-G0 1.1.0
2026-05-28 18:07:09,609 [INFO] ThirdParty:1030 - CMSIS Pack Vendor :STMicroelectronics X-CUBE-NFC4 3.0.0
2026-05-28 18:07:09,609 [INFO] ThirdParty:1030 - CMSIS Pack Vendor :STMicroelectronics X-CUBE-SUBG2 5.0.0
2026-05-28 18:07:09,609 [INFO] ThirdParty:1030 - CMSIS Pack Vendor :STMicroelectronics STM32_WPAN 1.0.0
2026-05-28 18:07:09,610 [INFO] ThirdParty:1030 - CMSIS Pack Vendor :STMicroelectronics eDS-WB_DPC_VIENNA 1.2.0
2026-05-28 18:07:09,610 [INFO] ThirdParty:1030 - CMSIS Pack Vendor :EmbeddedOffice I-CUBE-FS-RTOS 1.0.1
2026-05-28 18:07:09,610 [INFO] ThirdParty:1030 - CMSIS Pack Vendor :STMicroelectronics lwIP 2.0.3
2026-05-28 18:07:09,610 [INFO] ThirdParty:1030 - CMSIS Pack Vendor :STMicroelectronics eDS-WB_DPC_3PH2L-BIDIR 1.1.1
2026-05-28 18:07:09,610 [INFO] ThirdParty:1030 - CMSIS Pack Vendor :STMicroelectronics USB_HOST 1.0.0
2026-05-28 18:07:09,610 [INFO] ThirdParty:1030 - CMSIS Pack Vendor :STMicroelectronics X-CUBE-AZRTOS-G4 2.0.0
2026-05-28 18:07:09,611 [INFO] ThirdParty:1030 - CMSIS Pack Vendor :STMicroelectronics PDM2PCM 3.1.0
2026-05-28 18:07:09,611 [INFO] ThirdParty:1030 - CMSIS Pack Vendor :STMicroelectronics PDM2PCM 3.3.0
2026-05-28 18:07:09,611 [INFO] ThirdParty:1030 - CMSIS Pack Vendor :wolfSSL I-CUBE-wolfTPM 3.8.0
2026-05-28 18:07:09,611 [INFO] ThirdParty:1030 - CMSIS Pack Vendor :STMicroelectronics X-CUBE-DISPLAY 3.0.0
2026-05-28 18:07:09,612 [INFO] ThirdParty:1030 - CMSIS Pack Vendor :wolfSSL I-CUBE-wolfSSH 1.4.20
2026-05-28 18:07:09,612 [INFO] ThirdParty:1030 - CMSIS Pack Vendor :STMicroelectronics X-CUBE-NFC7 2.0.0
2026-05-28 18:07:09,612 [INFO] ThirdParty:1030 - CMSIS Pack Vendor :STMicroelectronics X-CUBE-GNSS1 7.1.1
2026-05-28 18:07:09,612 [INFO] ThirdParty:1030 - CMSIS Pack Vendor :STMicroelectronics X-CUBE-TCPP 4.2.0
2026-05-28 18:07:09,613 [INFO] ThirdParty:1030 - CMSIS Pack Vendor :RealThread X-CUBE-RT-Thread_Nano 4.1.1
2026-05-28 18:07:09,614 [INFO] ThirdParty:1030 - CMSIS Pack Vendor :STMicroelectronics FP-ATR-SIGFOX1 3.2.0
2026-05-28 18:07:09,614 [INFO] ThirdParty:1030 - CMSIS Pack Vendor :STMicroelectronics X-CUBE-NFC10 1.0.0
2026-05-28 18:07:09,614 [INFO] ThirdParty:1030 - CMSIS Pack Vendor :STMicroelectronics HAL Drivers 0.0.0
2026-05-28 18:07:09,615 [INFO] ThirdParty:1030 - CMSIS Pack Vendor :STMicroelectronics MBEDTLS 2.16.2
2026-05-28 18:07:09,616 [INFO] ThirdParty:1030 - CMSIS Pack Vendor :STMicroelectronics X-CUBE-ST60 1.1.0
2026-05-28 18:07:09,617 [INFO] ThirdParty:1030 - CMSIS Pack Vendor :STMicroelectronics X-CUBE-ALS 1.0.2
2026-05-28 18:07:09,617 [INFO] ThirdParty:1030 - CMSIS Pack Vendor :emotas I-CUBE-CANOPEN 1.3.0
2026-05-28 18:07:09,618 [INFO] ThirdParty:1030 - CMSIS Pack Vendor :STMicroelectronics MBEDTLS 2.14.1
2026-05-28 18:07:09,618 [INFO] ThirdParty:1030 - CMSIS Pack Vendor :STMicroelectronics X-CUBE-GNSS1 7.1.0
2026-05-28 18:07:09,618 [INFO] ThirdParty:1030 - CMSIS Pack Vendor :ITTIA_DB I-CUBE-ITTIADB 8.9.0
2026-05-28 18:07:09,619 [INFO] ThirdParty:1030 - CMSIS Pack Vendor :Cesanta I-CUBE-Mongoose 7.21.0
2026-05-28 18:07:09,619 [INFO] ThirdParty:1030 - CMSIS Pack Vendor :STMicroelectronics X-CUBE-TOUCHGFX 4.26.1
2026-05-28 18:07:09,619 [INFO] ThirdParty:1030 - CMSIS Pack Vendor :STMicroelectronics X-CUBE-NFC6 3.2.0
2026-05-28 18:07:09,619 [INFO] ThirdParty:1030 - CMSIS Pack Vendor :STMicroelectronics X-CUBE-AI 10.2.0
2026-05-28 18:07:09,620 [INFO] ThirdParty:1030 - CMSIS Pack Vendor :STMicroelectronics FP-SNS-STAIOTCFT 1.0.0
2026-05-28 18:07:09,620 [INFO] ThirdParty:1030 - CMSIS Pack Vendor :STMicroelectronics ThreadX 1.0.0
2026-05-28 18:07:09,620 [INFO] ThirdParty:1030 - CMSIS Pack Vendor :STMicroelectronics FP-SNS-SMARTAG2 1.2.0
2026-05-28 18:07:09,620 [INFO] ThirdParty:1030 - CMSIS Pack Vendor :STMicroelectronics X-CUBE-MEMS1 12.1.0
2026-05-28 18:07:09,620 [INFO] ThirdParty:1030 - CMSIS Pack Vendor :STMicroelectronics FP-SNS-FLIGHT1 5.1.0
2026-05-28 18:07:09,621 [INFO] ThirdParty:1030 - CMSIS Pack Vendor :STMicroelectronics X-CUBE-AZRTOS-WL 2.0.0
2026-05-28 18:07:09,621 [INFO] ThirdParty:1030 - CMSIS Pack Vendor :SEGGER I-CUBE-embOS 1.3.1
2026-05-28 18:07:09,621 [INFO] ThirdParty:1030 - CMSIS Pack Vendor :STMicroelectronics X-CUBE-ALGOBUILD 1.4.0
2026-05-28 18:07:09,621 [INFO] ThirdParty:1030 - CMSIS Pack Vendor :STMicroelectronics X-CUBE-DPower 1.3.0
2026-05-28 18:07:09,621 [INFO] ThirdParty:1030 - CMSIS Pack Vendor :STMicroelectronics USB_DEVICE 1.0.0
2026-05-28 18:07:09,622 [INFO] ThirdParty:1030 - CMSIS Pack Vendor :STMicroelectronics X-CUBE-AZRTOS-H7RS 1.2.0
2026-05-28 18:07:09,622 [INFO] ThirdParty:1030 - CMSIS Pack Vendor :STMicroelectronics X-CUBE-AZRTOS-L4 2.0.0
2026-05-28 18:07:09,622 [INFO] ThirdParty:1030 - CMSIS Pack Vendor :STMicroelectronics ThreadX 0.0.2
2026-05-28 18:07:09,622 [INFO] ThirdParty:1030 - CMSIS Pack Vendor :STMicroelectronics lwIP 2.1.2
2026-05-28 18:07:09,622 [INFO] ThirdParty:1030 - CMSIS Pack Vendor :STMicroelectronics X-CUBE-SFXS2LP1 4.0.0
2026-05-28 18:07:09,623 [INFO] ThirdParty:1030 - CMSIS Pack Vendor :STMicroelectronics X-CUBE-BLE2 3.3.0
2026-05-28 18:07:09,623 [INFO] ThirdParty:1030 - CMSIS Pack Vendor :Avnet-IOTCONNECT X-CUBE-iotc-st67-sdk 1.0.0
2026-05-28 18:07:09,624 [INFO] ThirdParty:1030 - CMSIS Pack Vendor :STMicroelectronics X-CUBE-TOF1 3.4.3
2026-05-28 18:07:09,626 [INFO] ThirdParty:1030 - CMSIS Pack Vendor :Infineon AIROC-Wi-Fi-Bluetooth-STM32 1.8.0
2026-05-28 18:07:09,630 [INFO] ThirdParty:1030 - CMSIS Pack Vendor :STMicroelectronics PDM2PCM 3.2.0
2026-05-28 18:07:09,631 [INFO] ThirdParty:1030 - CMSIS Pack Vendor :STMicroelectronics X-CUBE-WB05N 2.1.0
2026-05-28 18:07:09,635 [INFO] ThirdParty:841 - exiting critical section [change project]
2026-05-28 18:07:10,605 [INFO] PinOutPanel:1589 - setPackage(No Configuration,No Configuration)
2026-05-28 18:07:10,608 [INFO] PinOutPanel:1589 - setPackage(STM32F407VGTx,LQFP100)
2026-05-28 18:07:11,440 [INFO] UtilMem:75 - Before build in PCC Used Memory: 772241840 Bytes (1073741824)
2026-05-28 18:07:12,383 [INFO] UtilMem:75 - After build in PCC Used Memory: 819427776 Bytes (1073741824)
2026-05-28 18:07:12,403 [INFO] ApiDbMcu:508 - Load IP Config File for FREERTOS
2026-05-28 18:07:12,415 [INFO] ApiDbMcu:508 - Load IP Config File for USB_HOST
2026-05-28 18:07:12,416 [WARN] BspModel:444 - BSP dependency skipped because of component: name='IOExpander', api='Unknown'
2026-05-28 18:07:12,473 [INFO] IPUIPlugin:80 - create IPUIPlugin
2026-05-28 18:07:12,474 [INFO] IPUIPlugin:80 - create IPUIPlugin
2026-05-28 18:07:12,474 [INFO] IPUIPlugin:80 - create IPUIPlugin
2026-05-28 18:07:12,474 [INFO] IPUIPlugin:80 - create IPUIPlugin
2026-05-28 18:07:12,474 [INFO] IPUIPlugin:80 - create IPUIPlugin
2026-05-28 18:07:12,475 [INFO] IPUIPlugin:80 - create IPUIPlugin
2026-05-28 18:07:12,476 [INFO] IPUIPlugin:80 - create IPUIPlugin
2026-05-28 18:07:12,476 [INFO] IPUIPlugin:80 - create IPUIPlugin
2026-05-28 18:07:12,477 [INFO] IPUIPlugin:80 - create IPUIPlugin
2026-05-28 18:07:12,478 [INFO] IPUIPlugin:80 - create IPUIPlugin
2026-05-28 18:07:12,478 [INFO] IPUIPlugin:80 - create IPUIPlugin
2026-05-28 18:07:12,478 [INFO] IPUIPlugin:80 - create IPUIPlugin
2026-05-28 18:07:12,479 [INFO] IPUIPlugin:80 - create IPUIPlugin
2026-05-28 18:07:12,479 [INFO] IPUIPlugin:80 - create IPUIPlugin
2026-05-28 18:07:12,479 [INFO] IPUIPlugin:80 - create IPUIPlugin
2026-05-28 18:07:12,480 [INFO] IPUIPlugin:80 - create IPUIPlugin
2026-05-28 18:07:12,480 [INFO] IPUIPlugin:80 - create IPUIPlugin
2026-05-28 18:07:12,480 [INFO] IPUIPlugin:80 - create IPUIPlugin
2026-05-28 18:07:12,480 [INFO] IPUIPlugin:80 - create IPUIPlugin
2026-05-28 18:07:12,481 [INFO] IPUIPlugin:80 - create IPUIPlugin
2026-05-28 18:07:12,481 [INFO] IPUIPlugin:80 - create IPUIPlugin
2026-05-28 18:07:12,481 [INFO] IPUIPlugin:80 - create IPUIPlugin
2026-05-28 18:07:12,482 [INFO] IPUIPlugin:80 - create IPUIPlugin
2026-05-28 18:07:12,482 [INFO] IPUIPlugin:80 - create IPUIPlugin
2026-05-28 18:07:12,482 [INFO] IPUIPlugin:80 - create IPUIPlugin
2026-05-28 18:07:12,483 [INFO] IPUIPlugin:80 - create IPUIPlugin
2026-05-28 18:07:12,484 [INFO] IPUIPlugin:80 - create IPUIPlugin
2026-05-28 18:07:12,485 [INFO] IPUIPlugin:80 - create IPUIPlugin
2026-05-28 18:07:12,486 [INFO] IPUIPlugin:80 - create IPUIPlugin
2026-05-28 18:07:12,487 [INFO] IPUIPlugin:80 - create IPUIPlugin
2026-05-28 18:07:12,488 [INFO] IPUIPlugin:80 - create IPUIPlugin
2026-05-28 18:07:12,489 [INFO] IPUIPlugin:80 - create IPUIPlugin
2026-05-28 18:07:12,489 [INFO] IPUIPlugin:80 - create IPUIPlugin
2026-05-28 18:07:12,490 [INFO] IPUIPlugin:80 - create IPUIPlugin
2026-05-28 18:07:12,491 [INFO] IPUIPlugin:80 - create IPUIPlugin
2026-05-28 18:07:12,492 [INFO] IPUIPlugin:80 - create IPUIPlugin
2026-05-28 18:07:12,493 [INFO] IPUIPlugin:80 - create IPUIPlugin
2026-05-28 18:07:12,493 [INFO] IPUIPlugin:80 - create IPUIPlugin
2026-05-28 18:07:12,494 [INFO] IPUIPlugin:80 - create IPUIPlugin
2026-05-28 18:07:12,495 [INFO] IPUIPlugin:80 - create IPUIPlugin
2026-05-28 18:07:12,496 [INFO] IPUIPlugin:80 - create IPUIPlugin
2026-05-28 18:07:12,496 [INFO] IPUIPlugin:80 - create IPUIPlugin
2026-05-28 18:07:12,497 [INFO] IPUIPlugin:80 - create IPUIPlugin
2026-05-28 18:07:12,498 [INFO] IPUIPlugin:80 - create IPUIPlugin
2026-05-28 18:07:12,498 [INFO] IPUIPlugin:80 - create IPUIPlugin
2026-05-28 18:07:12,499 [INFO] IPUIPlugin:80 - create IPUIPlugin
2026-05-28 18:07:12,499 [INFO] IPUIPlugin:80 - create IPUIPlugin
2026-05-28 18:07:12,500 [INFO] IPUIPlugin:80 - create IPUIPlugin
2026-05-28 18:07:12,501 [INFO] IPUIPlugin:80 - create IPUIPlugin
2026-05-28 18:07:12,503 [INFO] IPUIPlugin:80 - create IPUIPlugin
2026-05-28 18:07:12,504 [INFO] IPUIPlugin:80 - create IPUIPlugin
2026-05-28 18:07:12,504 [INFO] IPUIPlugin:80 - create IPUIPlugin
2026-05-28 18:07:12,505 [INFO] IPUIPlugin:80 - create IPUIPlugin
2026-05-28 18:07:12,506 [INFO] IPUIPlugin:80 - create IPUIPlugin
2026-05-28 18:07:12,507 [INFO] IPUIPlugin:80 - create IPUIPlugin
2026-05-28 18:07:12,508 [INFO] IPUIPlugin:80 - create IPUIPlugin
2026-05-28 18:07:12,509 [INFO] IPUIPlugin:80 - create IPUIPlugin
2026-05-28 18:07:12,509 [INFO] IPUIPlugin:80 - create IPUIPlugin
2026-05-28 18:07:12,517 [INFO] ApiDbMcu:508 - Load IP Config File for PDM2PCM
2026-05-28 18:07:12,520 [WARN] IP:2250 - I2C_Coeff_DF not found: check if there is a RefParameter without a condition.
2026-05-28 18:07:12,520 [WARN] IP:2250 - Analog_Filter not found: check if there is a RefParameter without a condition.
2026-05-28 18:07:12,528 [INFO] I2sManager:658 - 1.92E8
2026-05-28 18:07:12,528 [INFO] I2sManager:195 - I2S Clock Value : 1.92E8
2026-05-28 18:07:12,529 [INFO] I2sManager:553 - AudioClock : 93750Divider : 4Odd : 0
2026-05-28 18:07:12,549 [WARN] FreeRTOS:1023 - Null or empty value: should not occur! (nothing added to the table)
2026-05-28 18:07:12,720 [INFO] CADModel:165 - CPN selected for project levelSTM32F407VGT6
2026-05-28 18:07:12,721 [INFO] CADModel:114 - Register for checkConnection events
2026-05-28 18:07:12,726 [INFO] RtosManager:725 - Active RTOS found at IOC load: FREERTOS [Cortex-M4NS]
2026-05-28 18:07:12,827 [INFO] OpenFileManager:385 - Restore cursor
2026-05-28 18:07:13,510 [WARN] IP:2250 - I2C_Coeff_DF not found: check if there is a RefParameter without a condition.
2026-05-28 18:07:13,511 [WARN] IP:2250 - Analog_Filter not found: check if there is a RefParameter without a condition.
2026-05-28 18:07:13,512 [WARN] IP:2250 - I2C_Coeff_DF not found: check if there is a RefParameter without a condition.
2026-05-28 18:07:13,512 [WARN] IP:2250 - Analog_Filter not found: check if there is a RefParameter without a condition.
2026-05-28 18:07:21,349 [ERROR] LogOutputStream:75 - [STDERR_REDIRECT] Exception in thread "AWT-EventQueue-0" java.lang.ClassCastException: class sun.awt.windows.WEmbeddedFrame cannot be cast to class javax.swing.JFrame (sun.awt.windows.WEmbeddedFrame and javax.swing.JFrame are in module java.desktop of loader 'bootstrap')
2026-05-28 18:07:21,356 [ERROR] LogOutputStream:75 - [STDERR_REDIRECT] 	at com.st.microxplorer.plugins.clock.ClockConfigurationView.activatePlugin(ClockConfigurationView.java:425)
2026-05-28 18:07:21,361 [ERROR] LogOutputStream:75 - [STDERR_REDIRECT] 	at com.st.microxplorer.maingui.MainPanel$1.stateChanged(MainPanel.java:382)
2026-05-28 18:07:21,364 [ERROR] LogOutputStream:75 - [STDERR_REDIRECT] 	at java.desktop/javax.swing.JTabbedPane.fireStateChanged(JTabbedPane.java:446)
2026-05-28 18:07:21,369 [ERROR] LogOutputStream:75 - [STDERR_REDIRECT] 	at java.desktop/javax.swing.JTabbedPane$ModelListener.stateChanged(JTabbedPane.java:297)
2026-05-28 18:07:21,372 [ERROR] LogOutputStream:75 - [STDERR_REDIRECT] 	at java.desktop/javax.swing.DefaultSingleSelectionModel.fireStateChanged(DefaultSingleSelectionModel.java:148)
2026-05-28 18:07:21,378 [ERROR] LogOutputStream:75 - [STDERR_REDIRECT] 	at java.desktop/javax.swing.DefaultSingleSelectionModel.setSelectedIndex(DefaultSingleSelectionModel.java:79)
2026-05-28 18:07:21,381 [ERROR] LogOutputStream:75 - [STDERR_REDIRECT] 	at java.desktop/javax.swing.JTabbedPane.setSelectedIndexImpl(JTabbedPane.java:650)
2026-05-28 18:07:21,384 [ERROR] LogOutputStream:75 - [STDERR_REDIRECT] 	at java.desktop/javax.swing.JTabbedPane.setSelectedIndex(JTabbedPane.java:625)
2026-05-28 18:07:21,387 [ERROR] LogOutputStream:75 - [STDERR_REDIRECT] 	at java.desktop/javax.swing.plaf.basic.BasicTabbedPaneUI$Handler.mousePressed(BasicTabbedPaneUI.java:4140)
2026-05-28 18:07:21,389 [ERROR] LogOutputStream:75 - [STDERR_REDIRECT] 	at java.desktop/java.awt.Component.processMouseEvent(Component.java:6618)
2026-05-28 18:07:21,390 [ERROR] LogOutputStream:75 - [STDERR_REDIRECT] 	at java.desktop/javax.swing.JComponent.processMouseEvent(JComponent.java:3398)
2026-05-28 18:07:21,392 [ERROR] LogOutputStream:75 - [STDERR_REDIRECT] 	at java.desktop/java.awt.Component.processEvent(Component.java:6386)
2026-05-28 18:07:21,395 [ERROR] LogOutputStream:75 - [STDERR_REDIRECT] 	at java.desktop/java.awt.Container.processEvent(Container.java:2266)
2026-05-28 18:07:21,397 [ERROR] LogOutputStream:75 - [STDERR_REDIRECT] 	at java.desktop/java.awt.Component.dispatchEventImpl(Component.java:4996)
2026-05-28 18:07:21,399 [ERROR] LogOutputStream:75 - [STDERR_REDIRECT] 	at java.desktop/java.awt.Container.dispatchEventImpl(Container.java:2324)
2026-05-28 18:07:21,401 [ERROR] LogOutputStream:75 - [STDERR_REDIRECT] 	at java.desktop/java.awt.Component.dispatchEvent(Component.java:4828)
2026-05-28 18:07:21,403 [ERROR] LogOutputStream:75 - [STDERR_REDIRECT] 	at java.desktop/java.awt.LightweightDispatcher.retargetMouseEvent(Container.java:4948)
2026-05-28 18:07:21,405 [ERROR] LogOutputStream:75 - [STDERR_REDIRECT] 	at java.desktop/java.awt.LightweightDispatcher.processMouseEvent(Container.java:4572)
2026-05-28 18:07:21,407 [ERROR] LogOutputStream:75 - [STDERR_REDIRECT] 	at java.desktop/java.awt.LightweightDispatcher.dispatchEvent(Container.java:4516)
2026-05-28 18:07:21,410 [ERROR] LogOutputStream:75 - [STDERR_REDIRECT] 	at java.desktop/java.awt.Container.dispatchEventImpl(Container.java:2310)
2026-05-28 18:07:21,413 [ERROR] LogOutputStream:75 - [STDERR_REDIRECT] 	at java.desktop/java.awt.Component.dispatchEvent(Component.java:4828)
2026-05-28 18:07:21,416 [ERROR] LogOutputStream:75 - [STDERR_REDIRECT] 	at java.desktop/java.awt.EventQueue.dispatchEventImpl(EventQueue.java:775)
2026-05-28 18:07:21,419 [ERROR] LogOutputStream:75 - [STDERR_REDIRECT] 	at java.desktop/java.awt.EventQueue$4.run(EventQueue.java:720)
2026-05-28 18:07:21,421 [ERROR] LogOutputStream:75 - [STDERR_REDIRECT] 	at java.desktop/java.awt.EventQueue$4.run(EventQueue.java:714)
2026-05-28 18:07:21,423 [ERROR] LogOutputStream:75 - [STDERR_REDIRECT] 	at java.base/java.security.AccessController.doPrivileged(AccessController.java:400)
2026-05-28 18:07:21,427 [ERROR] LogOutputStream:75 - [STDERR_REDIRECT] 	at java.base/java.security.ProtectionDomain$JavaSecurityAccessImpl.doIntersectionPrivilege(ProtectionDomain.java:87)
2026-05-28 18:07:21,430 [ERROR] LogOutputStream:75 - [STDERR_REDIRECT] 	at java.base/java.security.ProtectionDomain$JavaSecurityAccessImpl.doIntersectionPrivilege(ProtectionDomain.java:98)
2026-05-28 18:07:21,433 [ERROR] LogOutputStream:75 - [STDERR_REDIRECT] 	at java.desktop/java.awt.EventQueue$5.run(EventQueue.java:747)
2026-05-28 18:07:21,435 [ERROR] LogOutputStream:75 - [STDERR_REDIRECT] 	at java.desktop/java.awt.EventQueue$5.run(EventQueue.java:745)
2026-05-28 18:07:21,437 [ERROR] LogOutputStream:75 - [STDERR_REDIRECT] 	at java.base/java.security.AccessController.doPrivileged(AccessController.java:400)
2026-05-28 18:07:21,440 [ERROR] LogOutputStream:75 - [STDERR_REDIRECT] 	at java.base/java.security.ProtectionDomain$JavaSecurityAccessImpl.doIntersectionPrivilege(ProtectionDomain.java:87)
2026-05-28 18:07:21,442 [ERROR] LogOutputStream:75 - [STDERR_REDIRECT] 	at java.desktop/java.awt.EventQueue.dispatchEvent(EventQueue.java:744)
2026-05-28 18:07:21,445 [ERROR] LogOutputStream:75 - [STDERR_REDIRECT] 	at java.desktop/java.awt.EventDispatchThread.pumpOneEventForFilters(EventDispatchThread.java:203)
2026-05-28 18:07:21,449 [ERROR] LogOutputStream:75 - [STDERR_REDIRECT] 	at java.desktop/java.awt.EventDispatchThread.pumpEventsForFilter(EventDispatchThread.java:124)
2026-05-28 18:07:21,452 [ERROR] LogOutputStream:75 - [STDERR_REDIRECT] 	at java.desktop/java.awt.EventDispatchThread.pumpEventsForHierarchy(EventDispatchThread.java:113)
2026-05-28 18:07:21,455 [ERROR] LogOutputStream:75 - [STDERR_REDIRECT] 	at java.desktop/java.awt.EventDispatchThread.pumpEvents(EventDispatchThread.java:109)
2026-05-28 18:07:21,459 [ERROR] LogOutputStream:75 - [STDERR_REDIRECT] 	at java.desktop/java.awt.EventDispatchThread.pumpEvents(EventDispatchThread.java:101)
2026-05-28 18:07:21,462 [ERROR] LogOutputStream:75 - [STDERR_REDIRECT] 	at java.desktop/java.awt.EventDispatchThread.run(EventDispatchThread.java:90)
2026-05-28 18:07:34,341 [INFO] UtilMem:75 - End SaveConfig() Used Memory: 714942784 Bytes (1073741824)
2026-05-28 18:07:51,523 [ERROR] LogOutputStream:75 - [STDERR_REDIRECT] Exception in thread "Thread-7020" java.lang.NullPointerException: Cannot invoke "org.eclipse.core.resources.ResourcesPlugin.getLog()" because the return value of "org.eclipse.core.resources.ResourcesPlugin.getPlugin()" is null
2026-05-28 18:07:51,527 [ERROR] LogOutputStream:75 - [STDERR_REDIRECT] 	at org.eclipse.cdt.managedbuilder.core.ManagedBuilderCorePlugin.log(ManagedBuilderCorePlugin.java:225)
2026-05-28 18:07:51,530 [ERROR] LogOutputStream:75 - [STDERR_REDIRECT] 	at org.eclipse.cdt.managedbuilder.core.ManagedBuilderCorePlugin.log(ManagedBuilderCorePlugin.java:237)
2026-05-28 18:07:51,536 [ERROR] LogOutputStream:75 - [STDERR_REDIRECT] 	at org.eclipse.cdt.managedbuilder.internal.dataprovider.ConfigurationDataProvider.cacheNaturesIdsUsedOnCache(ConfigurationDataProvider.java:387)
2026-05-28 18:07:51,541 [ERROR] LogOutputStream:75 - [STDERR_REDIRECT] 	at org.eclipse.cdt.managedbuilder.internal.dataprovider.ConfigurationDataProvider.loadConfiguration(ConfigurationDataProvider.java:580)
2026-05-28 18:07:51,547 [ERROR] LogOutputStream:75 - [STDERR_REDIRECT] 	at org.eclipse.cdt.internal.core.settings.model.CConfigurationDescriptionCache.loadData(CConfigurationDescriptionCache.java:139)
2026-05-28 18:07:51,556 [ERROR] LogOutputStream:75 - [STDERR_REDIRECT] 	at org.eclipse.cdt.internal.core.settings.model.CProjectDescription.loadDatas(CProjectDescription.java:199)
2026-05-28 18:07:51,559 [ERROR] LogOutputStream:75 - [STDERR_REDIRECT] 	at org.eclipse.cdt.internal.core.settings.model.xml.XmlProjectDescriptionStorage.loadProjectDescription(XmlProjectDescriptionStorage.java:509)
2026-05-28 18:07:51,564 [ERROR] LogOutputStream:75 - [STDERR_REDIRECT] 	at org.eclipse.cdt.internal.core.settings.model.xml.XmlProjectDescriptionStorage.getProjectDescription(XmlProjectDescriptionStorage.java:239)
2026-05-28 18:07:51,577 [ERROR] LogOutputStream:75 - [STDERR_REDIRECT] 	at org.eclipse.cdt.internal.core.settings.model.CProjectDescriptionManager.getProjectDescriptionInternal(CProjectDescriptionManager.java:426)
2026-05-28 18:07:51,581 [ERROR] LogOutputStream:75 - [STDERR_REDIRECT] 	at org.eclipse.cdt.internal.core.settings.model.CProjectDescriptionManager.getProjectDescription(CProjectDescriptionManager.java:408)
2026-05-28 18:07:51,586 [ERROR] LogOutputStream:75 - [STDERR_REDIRECT] 	at org.eclipse.cdt.internal.core.settings.model.CProjectDescriptionManager.getProjectDescription(CProjectDescriptionManager.java:402)
2026-05-28 18:07:51,591 [ERROR] LogOutputStream:75 - [STDERR_REDIRECT] 	at org.eclipse.cdt.internal.core.settings.model.CProjectDescriptionManager.getProjectDescription(CProjectDescriptionManager.java:395)
2026-05-28 18:07:51,593 [ERROR] LogOutputStream:75 - [STDERR_REDIRECT] 	at org.eclipse.cdt.core.model.CoreModel.getProjectDescription(CoreModel.java:1436)
2026-05-28 18:07:51,600 [ERROR] LogOutputStream:75 - [STDERR_REDIRECT] 	at org.eclipse.cdt.managedbuilder.internal.core.ManagedBuildInfo.findExistingDefaultConfiguration(ManagedBuildInfo.java:272)
2026-05-28 18:07:51,609 [ERROR] LogOutputStream:75 - [STDERR_REDIRECT] 	at org.eclipse.cdt.managedbuilder.internal.core.ManagedBuildInfo.getDefaultConfiguration(ManagedBuildInfo.java:258)
2026-05-28 18:07:51,622 [ERROR] LogOutputStream:75 - [STDERR_REDIRECT] 	at com.st.stm32cube.ide.common.services.core.helpers.TargetHelper.getActiveConfiguration(TargetHelper.java:80)
2026-05-28 18:07:51,625 [ERROR] LogOutputStream:75 - [STDERR_REDIRECT] 	at com.st.stm32cube.ide.common.services.core.helpers.TargetHelper.<init>(TargetHelper.java:59)
2026-05-28 18:07:51,629 [ERROR] LogOutputStream:75 - [STDERR_REDIRECT] 	at com.st.stm32cube.ide.mcu.analytics.core.MCUAnalyticsRegister.send(MCUAnalyticsRegister.java:472)
2026-05-28 18:07:51,633 [ERROR] LogOutputStream:75 - [STDERR_REDIRECT] 	at com.st.stm32cube.ide.mcu.analytics.core.MCUAnalyticsRegister.send(MCUAnalyticsRegister.java:350)
2026-05-28 18:07:51,637 [ERROR] LogOutputStream:75 - [STDERR_REDIRECT] 	at com.st.stm32cube.ide.mcu.analytics.core.MCUAnalytics.lambda$1(MCUAnalytics.java:193)
2026-05-28 18:07:51,638 [ERROR] LogOutputStream:75 - [STDERR_REDIRECT] 	at java.base/java.lang.Thread.run(Thread.java:1583)
2026-05-28 18:07:51,708 [ERROR] LogOutputStream:75 - [STDERR_REDIRECT] 
