2026-05-13 13:46:09,900 [INFO] Activator:176 - 


2026-05-13 13:46:09,903 [INFO] Activator:177 - !SESSION log4j initialized
2026-05-13 13:46:24,203 [INFO] LogOutputStream:77 - [STDOUT_REDIRECT] 
2026-05-13 13:46:32,286 [INFO] ApplicationProperties:184 - Using Application install path: C:\ST\STM32CubeIDE_1.18.0\STM32CubeIDE\plugins\com.st.stm32cube.common.mx_6.14.0.202502271554
2026-05-13 13:46:32,345 [INFO] DbMcusXml:78 - Set database path to: C:\ST\STM32CubeIDE_1.18.0\STM32CubeIDE\plugins\com.st.stm32cube.common.mx_6.14.0.202502271554\\db\/mcu/
2026-05-13 13:46:32,346 [INFO] ApiDb:274 - Set plugin database path to: C:\ST\STM32CubeIDE_1.18.0\STM32CubeIDE\plugins\com.st.stm32cube.common.mx_6.14.0.202502271554\\db\/plugins/boardmanager/
2026-05-13 13:46:32,349 [WARN] ApiDb:259 - Overriding images path with different value:  => C:\ST\STM32CubeIDE_1.18.0\STM32CubeIDE\plugins\com.st.stm32cube.common.mx_6.14.0.202502271554\\db\/plugins/mcufinder/images/
2026-05-13 13:46:32,399 [INFO] ApiDb:250 - Set database path to: C:\Users\hp\.stmcufinder\plugins\mcufinder//mcu/
2026-05-13 13:46:32,401 [INFO] DbMcusAds:125 - Set database path to: C:\Users\hp\.stmcufinder\plugins\mcufinder//mcu/
2026-05-13 13:46:32,410 [INFO] CrossReferenceDbSqlite:203 - Set database path to: C:\Users\hp\.stmcufinder\plugins\mcufinder//mcu/cs/
2026-05-13 13:46:32,696 [INFO] RulesReader:64 - Compatibility file has been processed (301 Rules)
2026-05-13 13:46:32,991 [INFO] DbMcusXml:78 - Set database path to: C:\ST\STM32CubeIDE_1.18.0\STM32CubeIDE\plugins\com.st.stm32cube.common.mx_6.14.0.202502271554\\db\/mcu/
2026-05-13 13:46:32,993 [INFO] ApiDb:274 - Set plugin database path to: C:\ST\STM32CubeIDE_1.18.0\STM32CubeIDE\plugins\com.st.stm32cube.common.mx_6.14.0.202502271554\\db\/plugins/boardmanager/
2026-05-13 13:46:32,994 [INFO] ApiDb:261 - Set plugin images path to: C:\ST\STM32CubeIDE_1.18.0\STM32CubeIDE\plugins\com.st.stm32cube.common.mx_6.14.0.202502271554\\db\/plugins/mcufinder/images/
2026-05-13 13:46:32,995 [WARN] DbFile:41 - Overriding database path with different value: C:\Users\hp\.stmcufinder\plugins\mcufinder/ => C:\Users\hp\.stmcufinder\plugins\mcufinder
2026-05-13 13:46:32,996 [INFO] ApiDb:250 - Set database path to: C:\Users\hp\.stmcufinder\plugins\mcufinder//mcu/
2026-05-13 13:46:32,996 [WARN] DbFile:41 - Overriding database path with different value: C:\Users\hp\.stmcufinder\plugins\mcufinder/ => C:\Users\hp\.stmcufinder\plugins\mcufinder
2026-05-13 13:46:32,996 [INFO] DbMcusAds:125 - Set database path to: C:\Users\hp\.stmcufinder\plugins\mcufinder//mcu/
2026-05-13 13:46:32,997 [WARN] DbFile:41 - Overriding database path with different value: C:\Users\hp\.stmcufinder\plugins\mcufinder/ => C:\Users\hp\.stmcufinder\plugins\mcufinder
2026-05-13 13:46:32,997 [WARN] DbFile:41 - Overriding database path with different value: C:\Users\hp\.stmcufinder\plugins\mcufinder/ => C:\Users\hp\.stmcufinder\plugins\mcufinder
2026-05-13 13:46:32,997 [INFO] CrossReferenceDbSqlite:203 - Set database path to: C:\Users\hp\.stmcufinder\plugins\mcufinder//mcu/cs/
2026-05-13 13:46:33,337 [INFO] MainPanel:272 - HeapMemory: 268435456
2026-05-13 13:46:33,851 [INFO] DbMcusXml:78 - Set database path to: C:\ST\STM32CubeIDE_1.18.0\STM32CubeIDE\plugins\com.st.stm32cube.common.mx_6.14.0.202502271554\\db\/mcu/
2026-05-13 13:46:33,852 [INFO] ApiDb:274 - Set plugin database path to: C:\ST\STM32CubeIDE_1.18.0\STM32CubeIDE\plugins\com.st.stm32cube.common.mx_6.14.0.202502271554\\db\/plugins/boardmanager/
2026-05-13 13:46:33,852 [INFO] ApiDb:261 - Set plugin images path to: C:\ST\STM32CubeIDE_1.18.0\STM32CubeIDE\plugins\com.st.stm32cube.common.mx_6.14.0.202502271554\\db\/plugins/mcufinder/images/
2026-05-13 13:46:33,853 [WARN] DbFile:41 - Overriding database path with different value: C:\Users\hp\.stmcufinder\plugins\mcufinder/ => C:\Users\hp\.stmcufinder\plugins\mcufinder
2026-05-13 13:46:33,853 [INFO] ApiDb:250 - Set database path to: C:\Users\hp\.stmcufinder\plugins\mcufinder//mcu/
2026-05-13 13:46:33,853 [WARN] DbFile:41 - Overriding database path with different value: C:\Users\hp\.stmcufinder\plugins\mcufinder/ => C:\Users\hp\.stmcufinder\plugins\mcufinder
2026-05-13 13:46:33,854 [INFO] DbMcusAds:125 - Set database path to: C:\Users\hp\.stmcufinder\plugins\mcufinder//mcu/
2026-05-13 13:46:33,854 [WARN] DbFile:41 - Overriding database path with different value: C:\Users\hp\.stmcufinder\plugins\mcufinder/ => C:\Users\hp\.stmcufinder\plugins\mcufinder
2026-05-13 13:46:33,854 [WARN] DbFile:41 - Overriding database path with different value: C:\Users\hp\.stmcufinder\plugins\mcufinder/ => C:\Users\hp\.stmcufinder\plugins\mcufinder
2026-05-13 13:46:33,854 [INFO] CrossReferenceDbSqlite:203 - Set database path to: C:\Users\hp\.stmcufinder\plugins\mcufinder//mcu/cs/
2026-05-13 13:46:33,954 [INFO] ApplicationProperties:184 - Using Application install path: C:\ST\STM32CubeIDE_1.18.0\STM32CubeIDE\plugins\com.st.stm32cube.common.mx_6.14.0.202502271554
2026-05-13 13:46:33,957 [INFO] PluginManage:196 - Search for loadable plugins [exclusion list=, ]
2026-05-13 13:46:33,964 [INFO] PluginManage:310 - Check plugin analytics
2026-05-13 13:46:34,602 [INFO] AnalyticsPlugin:253 - Accepted Software Licenses: 
2026-05-13 13:46:34,658 [INFO] AnalyticsPlugin:255 - Accepted CMSIS Pack Licenses: 
2026-05-13 13:46:34,659 [INFO] AnalyticsPlugin:257 - Accepted Firmware Licenses: FW.F4.1.28.0,FW.L4.1.18.0
2026-05-13 13:46:34,684 [INFO] PluginManage:359 - Loaded plugin analytics (category:tool,tabindex:-1)
2026-05-13 13:46:34,685 [INFO] PluginManage:310 - Check plugin cadmodel
2026-05-13 13:46:34,719 [INFO] CADModel:105 - Init CAD model plugin
2026-05-13 13:46:34,721 [INFO] PluginManage:359 - Loaded plugin cadmodel (category:power,tabindex:5)
2026-05-13 13:46:34,722 [INFO] PluginManage:310 - Check plugin clock
2026-05-13 13:46:34,761 [INFO] PluginManage:359 - Loaded plugin clock (category:base,tabindex:2)
2026-05-13 13:46:34,762 [INFO] PluginManage:310 - Check plugin ddr
2026-05-13 13:46:34,776 [INFO] PluginManage:359 - Loaded plugin ddr (category:tool,tabindex:6)
2026-05-13 13:46:34,777 [INFO] PluginManage:310 - Check plugin filemanager
2026-05-13 13:46:35,351 [INFO] PluginManage:359 - Loaded plugin filemanager (category:base,tabindex:10)
2026-05-13 13:46:35,352 [INFO] PluginManage:310 - Check plugin ipmanager
2026-05-13 13:46:35,384 [INFO] PluginManage:359 - Loaded plugin ipmanager (category:base,tabindex:5)
2026-05-13 13:46:35,385 [INFO] PluginManage:310 - Check plugin lpbam
2026-05-13 13:46:35,413 [INFO] PluginManage:359 - Loaded plugin lpbam (category:base,tabindex:0)
2026-05-13 13:46:35,414 [INFO] PluginManage:310 - Check plugin memorymap
2026-05-13 13:46:35,470 [INFO] PluginManage:359 - Loaded plugin memorymap (category:base,tabindex:4)
2026-05-13 13:46:35,471 [INFO] PluginManage:310 - Check plugin pinoutandconfiguration
2026-05-13 13:46:35,504 [INFO] PluginManage:359 - Loaded plugin pinoutandconfiguration (category:base,tabindex:1)
2026-05-13 13:46:35,505 [INFO] PluginManage:310 - Check plugin pinoutconfig
2026-05-13 13:46:35,813 [WARN] SupportedApi:132 - Cannot load RTOS API schema: s4s-elt-must-match.1: The content of 'definitions' must match (annotation?, (simpleType | complexType)?, (unique | key | keyref)*)). A problem was found starting at: attribute.
2026-05-13 13:46:36,432 [INFO] PluginManage:359 - Loaded plugin pinoutconfig (category:base,tabindex:0)
2026-05-13 13:46:36,433 [INFO] PluginManage:310 - Check plugin power
2026-05-13 13:46:36,484 [INFO] PluginManage:359 - Loaded plugin power (category:power,tabindex:4)
2026-05-13 13:46:36,485 [INFO] PluginManage:310 - Check plugin projectmanager
2026-05-13 13:46:36,551 [INFO] PluginManage:359 - Loaded plugin projectmanager (category:projectmanager,tabindex:4)
2026-05-13 13:46:36,552 [INFO] PluginManage:310 - Check plugin rif
2026-05-13 13:46:36,581 [INFO] PluginManage:359 - Loaded plugin rif (category:base,tabindex:3)
2026-05-13 13:46:36,582 [INFO] PluginManage:310 - Check plugin thirdparty
2026-05-13 13:46:37,091 [INFO] PluginManage:359 - Loaded plugin thirdparty (category:base,tabindex:-1)
2026-05-13 13:46:37,092 [INFO] PluginManage:310 - Check plugin tools
2026-05-13 13:46:37,091 [WARN] IntegrityCheckThread:84 - waiting for thirdparty lock release [integrity check]
2026-05-13 13:46:37,093 [INFO] IntegrityCheckThread:86 - entering critical section [integrity check]
2026-05-13 13:46:37,095 [INFO] ThirdPartyUpdaterWithRetryManager:70 - Updater plugin not ready yet. [1/15]
2026-05-13 13:46:37,103 [INFO] PluginManage:359 - Loaded plugin tools (category:base,tabindex:7)
2026-05-13 13:46:37,103 [INFO] PluginManage:310 - Check plugin tutovideos
2026-05-13 13:46:37,643 [INFO] PluginManage:359 - Loaded plugin tutovideos (category:base,tabindex:-1)
2026-05-13 13:46:37,644 [INFO] PluginManage:310 - Check plugin updater
2026-05-13 13:46:37,689 [INFO] PluginManage:359 - Loaded plugin updater (category:base,tabindex:12)
2026-05-13 13:46:37,690 [INFO] PluginManage:310 - Check plugin userauth
2026-05-13 13:46:37,702 [INFO] UserAuth:118 - Init User Auth plugin
2026-05-13 13:46:37,705 [INFO] PluginManage:359 - Loaded plugin userauth (category:base,tabindex:14)
2026-05-13 13:46:37,708 [INFO] PluginManage:283 - PluginManage : Loaded plugins [18]
2026-05-13 13:46:38,633 [INFO] PinOutPanel:1589 - setPackage(No Configuration,No Configuration)
2026-05-13 13:46:38,942 [INFO] CADModel:165 - CPN selected for project level
2026-05-13 13:46:38,942 [INFO] CADModel:114 - Register for checkConnection events
2026-05-13 13:46:39,024 [INFO] IPUIPlugin:80 - create IPUIPlugin
2026-05-13 13:46:39,026 [INFO] PluginManager:220 - loadIPPluginJar : add adc
2026-05-13 13:46:39,036 [INFO] IPUIPlugin:80 - create IPUIPlugin
2026-05-13 13:46:39,037 [INFO] PluginManager:220 - loadIPPluginJar : add aes
2026-05-13 13:46:39,047 [INFO] IPUIPlugin:80 - create IPUIPlugin
2026-05-13 13:46:39,048 [INFO] PluginManager:220 - loadIPPluginJar : add can
2026-05-13 13:46:39,058 [INFO] IPUIPlugin:80 - create IPUIPlugin
2026-05-13 13:46:39,059 [INFO] PluginManager:220 - loadIPPluginJar : add comp
2026-05-13 13:46:39,068 [INFO] IPUIPlugin:80 - create IPUIPlugin
2026-05-13 13:46:39,069 [INFO] PluginManager:220 - loadIPPluginJar : add cryp
2026-05-13 13:46:39,084 [INFO] IPUIPlugin:80 - create IPUIPlugin
2026-05-13 13:46:39,084 [INFO] PluginManager:220 - loadIPPluginJar : add ddr_ctrl_phy
2026-05-13 13:46:39,094 [INFO] IPUIPlugin:80 - create IPUIPlugin
2026-05-13 13:46:39,094 [INFO] PluginManager:220 - loadIPPluginJar : add dfsdm
2026-05-13 13:46:39,111 [INFO] IPUIPlugin:80 - create IPUIPlugin
2026-05-13 13:46:39,112 [INFO] PluginManager:220 - loadIPPluginJar : add dma
2026-05-13 13:46:39,123 [INFO] IPUIPlugin:80 - create IPUIPlugin
2026-05-13 13:46:39,124 [INFO] PluginManager:220 - loadIPPluginJar : add dma3
2026-05-13 13:46:39,135 [INFO] IPUIPlugin:80 - create IPUIPlugin
2026-05-13 13:46:39,135 [INFO] PluginManager:220 - loadIPPluginJar : add extmemmanager
2026-05-13 13:46:39,142 [INFO] IPUIPlugin:80 - create IPUIPlugin
2026-05-13 13:46:39,143 [INFO] PluginManager:220 - loadIPPluginJar : add fatfs
2026-05-13 13:46:39,159 [INFO] IPUIPlugin:80 - create IPUIPlugin
2026-05-13 13:46:39,160 [INFO] PluginManager:220 - loadIPPluginJar : add fmc
2026-05-13 13:46:39,181 [INFO] IPUIPlugin:80 - create IPUIPlugin
2026-05-13 13:46:39,182 [INFO] PluginManager:220 - loadIPPluginJar : add freertos
2026-05-13 13:46:39,188 [INFO] IPUIPlugin:80 - create IPUIPlugin
2026-05-13 13:46:39,189 [INFO] PluginManager:220 - loadIPPluginJar : add genericplugin
2026-05-13 13:46:39,200 [INFO] IPUIPlugin:80 - create IPUIPlugin
2026-05-13 13:46:39,201 [INFO] PluginManager:220 - loadIPPluginJar : add gfxmmu
2026-05-13 13:46:39,221 [INFO] IPUIPlugin:80 - create IPUIPlugin
2026-05-13 13:46:39,223 [INFO] PluginManager:220 - loadIPPluginJar : add gic
2026-05-13 13:46:39,243 [INFO] IPUIPlugin:80 - create IPUIPlugin
2026-05-13 13:46:39,244 [INFO] PluginManager:220 - loadIPPluginJar : add gpio
2026-05-13 13:46:39,268 [INFO] IPUIPlugin:80 - create IPUIPlugin
2026-05-13 13:46:39,269 [INFO] PluginManager:220 - loadIPPluginJar : add gtzc
2026-05-13 13:46:39,280 [INFO] IPUIPlugin:80 - create IPUIPlugin
2026-05-13 13:46:39,281 [INFO] PluginManager:220 - loadIPPluginJar : add hash
2026-05-13 13:46:39,311 [INFO] IPUIPlugin:80 - create IPUIPlugin
2026-05-13 13:46:39,311 [INFO] PluginManager:220 - loadIPPluginJar : add i2c
2026-05-13 13:46:39,323 [INFO] IPUIPlugin:80 - create IPUIPlugin
2026-05-13 13:46:39,324 [INFO] PluginManager:220 - loadIPPluginJar : add i2s
2026-05-13 13:46:39,348 [INFO] McuFinderGlobals:63 - Set McuFinder mode to 2 (CubeIDE integrated)
2026-05-13 13:46:39,356 [INFO] IPUIPlugin:80 - create IPUIPlugin
2026-05-13 13:46:39,357 [INFO] PluginManager:220 - loadIPPluginJar : add i3c
2026-05-13 13:46:39,374 [INFO] IPUIPlugin:80 - create IPUIPlugin
2026-05-13 13:46:39,375 [INFO] PluginManager:220 - loadIPPluginJar : add ipddr
2026-05-13 13:46:39,409 [INFO] IPUIPlugin:80 - create IPUIPlugin
2026-05-13 13:46:39,411 [INFO] PluginManager:220 - loadIPPluginJar : add linkedlist
2026-05-13 13:46:39,425 [INFO] IPUIPlugin:80 - create IPUIPlugin
2026-05-13 13:46:39,426 [INFO] PluginManager:220 - loadIPPluginJar : add lorawan
2026-05-13 13:46:39,433 [INFO] IPUIPlugin:80 - create IPUIPlugin
2026-05-13 13:46:39,434 [INFO] PluginManager:220 - loadIPPluginJar : add ltdc
2026-05-13 13:46:39,458 [INFO] IPUIPlugin:80 - create IPUIPlugin
2026-05-13 13:46:39,459 [INFO] PluginManager:220 - loadIPPluginJar : add mdma
2026-05-13 13:46:39,471 [INFO] IPUIPlugin:80 - create IPUIPlugin
2026-05-13 13:46:39,472 [INFO] PluginManager:220 - loadIPPluginJar : add nvic
2026-05-13 13:46:39,483 [INFO] IPUIPlugin:80 - create IPUIPlugin
2026-05-13 13:46:39,484 [INFO] PluginManager:220 - loadIPPluginJar : add opamp
2026-05-13 13:46:39,499 [INFO] IPUIPlugin:80 - create IPUIPlugin
2026-05-13 13:46:39,500 [INFO] PluginManager:220 - loadIPPluginJar : add openamp
2026-05-13 13:46:39,515 [INFO] IPUIPlugin:80 - create IPUIPlugin
2026-05-13 13:46:39,516 [INFO] PluginManager:220 - loadIPPluginJar : add pdm2pcm
2026-05-13 13:46:39,616 [INFO] IPUIPlugin:80 - create IPUIPlugin
2026-05-13 13:46:39,624 [INFO] PluginManager:220 - loadIPPluginJar : add plateformsettings
2026-05-13 13:46:39,630 [INFO] IPUIPlugin:80 - create IPUIPlugin
2026-05-13 13:46:39,630 [INFO] PluginManager:220 - loadIPPluginJar : add quadspi
2026-05-13 13:46:39,636 [INFO] IPUIPlugin:80 - create IPUIPlugin
2026-05-13 13:46:39,639 [INFO] PluginManager:220 - loadIPPluginJar : add radio
2026-05-13 13:46:39,653 [INFO] IPUIPlugin:80 - create IPUIPlugin
2026-05-13 13:46:39,654 [INFO] PluginManager:220 - loadIPPluginJar : add resmgrutility
2026-05-13 13:46:39,667 [INFO] IPUIPlugin:80 - create IPUIPlugin
2026-05-13 13:46:39,667 [INFO] PluginManager:220 - loadIPPluginJar : add sai
2026-05-13 13:46:39,678 [INFO] IPUIPlugin:80 - create IPUIPlugin
2026-05-13 13:46:39,679 [INFO] PluginManager:220 - loadIPPluginJar : add spi
2026-05-13 13:46:39,698 [INFO] IPUIPlugin:80 - create IPUIPlugin
2026-05-13 13:46:39,699 [INFO] PluginManager:220 - loadIPPluginJar : add stm32_wpan
2026-05-13 13:46:39,708 [INFO] IPUIPlugin:80 - create IPUIPlugin
2026-05-13 13:46:39,709 [INFO] PluginManager:220 - loadIPPluginJar : add tim
2026-05-13 13:46:39,722 [INFO] IPUIPlugin:80 - create IPUIPlugin
2026-05-13 13:46:39,723 [INFO] PluginManager:220 - loadIPPluginJar : add touchsensing
2026-05-13 13:46:39,731 [INFO] IPUIPlugin:80 - create IPUIPlugin
2026-05-13 13:46:39,731 [INFO] PluginManager:220 - loadIPPluginJar : add tracer_emb
2026-05-13 13:46:39,737 [INFO] IPUIPlugin:80 - create IPUIPlugin
2026-05-13 13:46:39,738 [INFO] PluginManager:220 - loadIPPluginJar : add ts
2026-05-13 13:46:39,745 [INFO] IPUIPlugin:80 - create IPUIPlugin
2026-05-13 13:46:39,745 [INFO] PluginManager:220 - loadIPPluginJar : add tsc
2026-05-13 13:46:39,751 [INFO] IPUIPlugin:80 - create IPUIPlugin
2026-05-13 13:46:39,752 [INFO] PluginManager:220 - loadIPPluginJar : add ucpd
2026-05-13 13:46:39,763 [INFO] IPUIPlugin:80 - create IPUIPlugin
2026-05-13 13:46:39,763 [INFO] PluginManager:220 - loadIPPluginJar : add usart
2026-05-13 13:46:39,776 [INFO] IPUIPlugin:80 - create IPUIPlugin
2026-05-13 13:46:39,777 [INFO] PluginManager:220 - loadIPPluginJar : add usbx
2026-05-13 13:46:40,097 [INFO] ThirdPartyUpdaterWithRetryManager:70 - Updater plugin not ready yet. [2/15]
2026-05-13 13:46:40,174 [FATAL] Updater:351 - Updater called before beeing initialized
2026-05-13 13:46:40,254 [INFO] RulesReader:64 - Compatibility file has been processed (301 Rules)
2026-05-13 13:46:40,279 [INFO] RulesReader:64 - Compatibility file has been processed (301 Rules)
2026-05-13 13:46:40,306 [INFO] CADModel:165 - CPN selected for project level
2026-05-13 13:46:40,306 [INFO] CADModel:114 - Register for checkConnection events
2026-05-13 13:46:40,306 [FATAL] Updater:351 - Updater called before beeing initialized
2026-05-13 13:46:40,306 [ERROR] CADModel:125 - Updater not yet initialized, retry later 
2026-05-13 13:46:40,914 [FATAL] Updater:351 - Updater called before beeing initialized
2026-05-13 13:46:40,923 [INFO] CADModel:165 - CPN selected for project level
2026-05-13 13:46:40,923 [INFO] CADModel:114 - Register for checkConnection events
2026-05-13 13:46:40,924 [FATAL] Updater:351 - Updater called before beeing initialized
2026-05-13 13:46:40,924 [ERROR] CADModel:125 - Updater not yet initialized, retry later 
2026-05-13 13:46:40,933 [FATAL] Updater:351 - Updater called before beeing initialized
2026-05-13 13:46:41,908 [FATAL] Updater:351 - Updater called before beeing initialized
2026-05-13 13:46:41,922 [INFO] DbMcusAds:53 - JSON generation date=Mon Apr 27 13:44:29 IST 2026 (1777277669577)
2026-05-13 13:46:41,922 [FATAL] Updater:351 - Updater called before beeing initialized
2026-05-13 13:46:42,021 [WARN] DetailPanel:346 - Failed to get advertising image, set to default
2026-05-13 13:46:42,522 [FATAL] Updater:351 - Updater called before beeing initialized
2026-05-13 13:46:42,547 [FATAL] Updater:351 - Updater called before beeing initialized
2026-05-13 13:46:42,548 [FATAL] Updater:351 - Updater called before beeing initialized
2026-05-13 13:46:42,548 [WARN] DetailPanel:346 - Failed to get advertising image, set to default
2026-05-13 13:46:42,553 [FATAL] Updater:351 - Updater called before beeing initialized
2026-05-13 13:46:42,708 [ERROR] Updater:1198 - MainUpdater not yet initialized. External WinMGr cannot be set.
2026-05-13 13:46:42,714 [INFO] Updater:1134 - Updater Version found : 6.14.0
2026-05-13 13:46:42,779 [INFO] ApplicationProperties:184 - Using Application install path: C:\ST\STM32CubeIDE_1.18.0\STM32CubeIDE\plugins\com.st.stm32cube.common.mx_6.14.0.202502271554
2026-05-13 13:46:43,099 [FATAL] Updater:351 - Updater called before beeing initialized
2026-05-13 13:46:43,102 [ERROR] IntegrityCheckThread:130 - Cannot retrieve database content from updater: error 21
2026-05-13 13:46:43,103 [INFO] ThirdParty:978 - Integrity check success = false
2026-05-13 13:46:43,104 [INFO] IntegrityCheckThread:100 - exiting critical section [integrity check]
2026-05-13 13:46:43,104 [INFO] IntegrityCheckThread:103 - End integrity checks thread
2026-05-13 13:46:44,320 [INFO] MainUpdater:2872 - connection check result : 10
2026-05-13 13:46:44,322 [INFO] MainUpdater:289 - Updater Check For Update Now.
2026-05-13 13:46:44,323 [INFO] MicroXplorer:498 - Change Database Version : DB.6.0.140
2026-05-13 13:46:44,355 [INFO] McuFinderGlobals:63 - Set McuFinder mode to 2 (CubeIDE integrated)
2026-05-13 13:46:44,356 [INFO] UserAuth:171 - activating auth plugin
2026-05-13 13:46:44,369 [INFO] UserAuth:486 - Internet connection configuration mode: 1
2026-05-13 13:46:44,453 [INFO] JxBrowserEngine:152 - Initiate JxBrowser Engine with user profile folder
2026-05-13 13:46:44,700 [INFO] CheckServerUpdateThread:120 - End of CheckServer Thread
2026-05-13 13:46:44,768 [INFO] MainUpdater:2872 - connection check result : 10
2026-05-13 13:46:44,810 [INFO] McuFinderGlobals:76 - Set McuFinderConnectedMode to true
2026-05-13 13:46:46,333 [INFO] ServerAccessManage:473 - Download File mcusAds.json._tmp_
2026-05-13 13:46:46,482 [INFO] LoadUrlFilesThread:156 - End of LoadUrlFiles Thread
2026-05-13 13:46:47,232 [INFO] ServerAccessManage:473 - Download File cube-finder-db.zip
2026-05-13 13:46:49,932 [INFO] WebApp:169 - Instantiating new browser for Auth
2026-05-13 13:46:53,121 [INFO] FileExtend:242 - Unzip File : cube-finder-db.zip
2026-05-13 13:46:53,122 [INFO] FileExtend:257 - Standard Zip Deflate
2026-05-13 13:46:53,324 [INFO] WebApp:463 - Apply proxy settings
2026-05-13 13:46:53,326 [INFO] WebApp:548 - Chromium requires no authentication
2026-05-13 13:46:53,376 [INFO] WebApp:491 - Direct internet connection detected
2026-05-13 13:46:53,473 [INFO] WebApp:894 - Register for checkConnection events
2026-05-13 13:46:53,474 [INFO] WebApp:463 - Apply proxy settings
2026-05-13 13:46:53,475 [INFO] WebApp:548 - Chromium requires no authentication
2026-05-13 13:46:53,477 [INFO] WebApp:491 - Direct internet connection detected
2026-05-13 13:46:54,220 [INFO] WebApp:225 - Starting web application
2026-05-13 13:46:54,221 [INFO] WebApp:593 - Web application path used C:\ST\STM32CubeIDE_1.18.0\STM32CubeIDE\plugins\com.st.stm32cube.common.mx_6.14.0.202502271554\db\plugins\mcufinder\reactClient1\index.html
2026-05-13 13:46:55,210 [INFO] WebApp:191 - Connection restablished
2026-05-13 13:47:00,028 [INFO] LoadUrlFilesThread:156 - End of LoadUrlFiles Thread
2026-05-13 13:47:01,970 [INFO] ServerAccessManage:473 - Download File crdb.zip
2026-05-13 13:47:08,769 [INFO] FileExtend:242 - Unzip File : crdb.zip
2026-05-13 13:47:08,770 [INFO] FileExtend:257 - Standard Zip Deflate
2026-05-13 13:47:08,954 [INFO] LoadUrlFilesThread:156 - End of LoadUrlFiles Thread
2026-05-13 13:47:09,128 [INFO] ServerAccessManage:473 - Download File tutoVideoDB.zip
2026-05-13 13:47:09,210 [INFO] FileExtend:242 - Unzip File : tutoVideoDB.zip
2026-05-13 13:47:09,212 [INFO] FileExtend:257 - Standard Zip Deflate
2026-05-13 13:47:09,369 [INFO] LoadUrlFilesThread:156 - End of LoadUrlFiles Thread
2026-05-13 13:47:09,377 [WARN] DbFile:41 - Overriding database path with different value: C:\Users\hp\.stmcufinder\plugins\mcufinder/ => C:\Users\hp\.stmcufinder\plugins\mcufinder
2026-05-13 13:47:10,092 [ERROR] ServerAccessManage:1089 - Problem, file not found on Server
2026-05-13 13:47:10,105 [ERROR] ServerAccessManage:651 - Problem, file not found on Server : api_config.json.
2026-05-13 13:47:13,312 [INFO] LoadUrlFilesThread:156 - End of LoadUrlFiles Thread
2026-05-13 13:47:14,871 [INFO] DbMcusAds:53 - JSON generation date=Mon Apr 27 13:44:29 IST 2026 (1777277669683)
2026-05-13 13:47:14,954 [ERROR] TargetSelectorAdapter:267 - Unable to refresh data
2026-05-13 13:47:15,844 [INFO] ApiDb:581 - Connected to CubeFinder SQLite database (C:\Users\hp\.stmcufinder\plugins\mcufinder\mcu\cube-finder-db.db)
2026-05-13 13:47:16,179 [INFO] ApiDb:668 - CubeFinder database Data Model version=2.1
2026-05-13 13:47:16,179 [INFO] ApiDb:669 - CubeFinder database Configuration version=3.0.42
2026-05-13 13:47:16,181 [INFO] ApiDb:670 - CubeFinder database generation date=2026-05-06 (1778060171)
2026-05-13 13:47:16,181 [INFO] ApiDb:671 - CubeFinder database FW Pack versions=[FP-ATR-ASTRA1_V2.0.0, FP-SNS-FLIGHT1_V5.1.0, FP-SNS-MOTENV1_V5.1.0, FP-SNS-MOTENVWB1_V1.5.0, FP-SNS-SMARTAG2_V1.2.0, FP-SNS-STBOX1_V2.1.0, STM32Cube_FW_C0_V1.4.0, STM32Cube_FW_F4_V1.28.3, STM32Cube_FW_F7_V1.17.4, STM32Cube_FW_G0_V1.6.3, STM32Cube_FW_G4_V1.6.2, STM32Cube_FW_H5_V1.6.0, STM32Cube_FW_H7RS_V1.3.0, STM32Cube_FW_H7_V1.13.0, STM32Cube_FW_L0_V1.12.2, STM32Cube_FW_L4_V1.18.2, STM32Cube_FW_L5_V1.6.0, STM32Cube_FW_N6_V1.3.0, STM32Cube_FW_U0_V1.3.0, STM32Cube_FW_U3_V1.3.0, STM32Cube_FW_U5_V1.8.0, STM32Cube_FW_WB0_V1.4.0, STM32Cube_FW_WBA_V1.9.0, STM32Cube_FW_WB_V1.24.0, STM32Cube_FW_WL3_V1.4.0, STM32Cube_FW_WL_V1.5.0, X-CUBE-ALGOBUILD_V1.4.0, X-CUBE-ALS_V1.0.2, X-CUBE-AZRTOS-F4_V1.1.0, X-CUBE-AZRTOS-F7_V1.1.0, X-CUBE-AZRTOS-G0_V1.1.0, X-CUBE-AZRTOS-G4_V2.0.0, X-CUBE-AZRTOS-H7RS_V1.1.0, X-CUBE-AZRTOS-H7_V3.5.0, X-CUBE-AZRTOS-L4_V2.0.0, X-CUBE-AZRTOS-L5_V2.0.0, X-CUBE-AZRTOS-WB_V2.0.0, X-CUBE-AZRTOS-WL_V2.0.0, X-CUBE-BLE1_V7.1.0, X-CUBE-BLE2_V3.3.0, X-CUBE-BLEMGR_V4.1.0, X-CUBE-EEPRMA1_V5.2.0, X-CUBE-FREERTOS_V1.5.0, X-CUBE-GNSS1_V6.0.0, X-CUBE-MEMS1_V12.0.0, X-CUBE-NFC4_V3.0.0, X-CUBE-NFC7_V2.0.0, X-CUBE-SFXS2LP1_V4.0.0, X-CUBE-ST67W61_V1.2.0, X-CUBE-SUBG2_V5.0.0, X-CUBE-TOF1_V3.4.3]
2026-05-13 13:47:16,862 [INFO] DbBoardsSqlite:226 - include board P-NUCLEO-WB55-NUCLEO as a kit item of type 'Nucleo-64'
2026-05-13 13:47:16,864 [INFO] DbBoardsSqlite:226 - include board P-NUCLEO-WB55-USBDONGLE as a kit item of type 'Nucleo USB Dongle'
2026-05-13 13:47:16,866 [INFO] DbBoardsSqlite:226 - include board STEVAL-IDP005V1 as a kit item of type 'Evaluation Board'
2026-05-13 13:47:16,868 [INFO] DbBoardsSqlite:226 - include board STEVAL-IDP005V2 as a kit item of type 'Evaluation Board'
2026-05-13 13:47:19,204 [INFO] ApiDb:240 - Found 895 in-development CPN: [B-G473E-ZEST1S, B-WB1M-WPAN1, B-WBA5M-WPAN, B-WL5M-SUBG1, NUCLEO-C031C6, NUCLEO-C051C8, NUCLEO-C071RB, NUCLEO-C092RC, NUCLEO-H503RB, NUCLEO-H533RE, NUCLEO-H563ZI, NUCLEO-H7S3L8, NUCLEO-N657X0-Q, NUCLEO-U031R8, NUCLEO-U083RC, NUCLEO-U385RG-Q, NUCLEO-U545RE-Q, NUCLEO-U5A5ZJ-Q, NUCLEO-WB05KZ, NUCLEO-WB07CC, NUCLEO-WB09KE, NUCLEO-WBA52CG, NUCLEO-WBA55CG, NUCLEO-WBA65RI, NUCLEO-WL33CC1, NUCLEO-WL33CC2, STEVAL-PROTEUS1, STEVAL-SMARTAG2, STEVAL-STWINBX1, STM320518-EVAL, STM32C0116-DK, STM32C011D6Y3TR, STM32C011D6Y6TR, STM32C011F4P3, STM32C011F4P6, STM32C011F4U3, STM32C011F4U6TR, STM32C011F6P3, STM32C011F6P6, STM32C011F6U3, STM32C011F6U6TR, STM32C011J4M3, STM32C011J4M6, STM32C011J6M3, STM32C011J6M6, STM32C0316-DK, STM32C031C4T3, STM32C031C4T6, STM32C031C4U3, STM32C031C4U6, STM32C031C6T3, STM32C031C6T6, STM32C031C6U3, STM32C031C6U6, STM32C031F4P3, STM32C031F4P6, STM32C031F6P3, STM32C031F6P6, STM32C031G4U3, STM32C031G4U6, STM32C031G6U3, STM32C031G6U6, STM32C031K4T3, STM32C031K4T6, STM32C031K4U3, STM32C031K4U6, STM32C031K6T3, STM32C031K6T6, STM32C031K6U3, STM32C031K6U6, STM32C051C6T6, STM32C051C6U6, STM32C051C8T6, STM32C051C8U6, STM32C051D8Y6TR, STM32C051F6P6, STM32C051F8P6, STM32C051G6U6, STM32C051G8U6, STM32C051K6T6, STM32C051K6U6, STM32C051K8T6, STM32C071C8T6, STM32C071C8T6N, STM32C071C8U6, STM32C071C8U6N, STM32C071CBT6, STM32C071CBT6N, STM32C071CBU6, STM32C071CBU6N, STM32C071F8P6, STM32C071F8P6N, STM32C071FBP6, STM32C071FBP6N, STM32C071FBY6TR, STM32C071G8U6, STM32C071G8U6N, STM32C071GBU6, STM32C071GBU6N, STM32C071K8T6, STM32C071K8T6N, STM32C071K8U6, STM32C071K8U6N, STM32C071KBT6, STM32C071KBT6N, STM32C071KBU6, STM32C071KBU6N, STM32C071R8T6, STM32C071R8T6N, STM32C071RBI6N, STM32C071RBT6, STM32C071RBT6N, STM32C091CBT6, STM32C091CBU6, STM32C091CCT6, STM32C091CCU6, STM32C091ECY6TR, STM32C091FBP6, STM32C091FCP6, STM32C091GBU6, STM32C091GCU6, STM32C091KBT6, STM32C091KBU6, STM32C091KCT6, STM32C091KCU6, STM32C091RBT6, STM32C091RCI6, STM32C091RCT6, STM32C092CBT6, STM32C092CBU6, STM32C092CCT6, STM32C092CCU6, STM32C092ECY6TR, STM32C092FBP6, STM32C092FCP6, STM32C092GBU6, STM32C092GCU6, STM32C092KBT6, STM32C092KBU6, STM32C092KCT6, STM32C092KCU6, STM32C092RBT6, STM32C092RCI6, STM32C092RCT6, STM32G071K8TXN, STM32G071K8UXN, STM32G081GBU6N, STM32G081KBT6N, STM32G081KBUXN, STM32G0B1CCT6N, STM32G0B1KCT6, STM32G0B1NEY6TR, STM32G0B1RCT6N, STM32G0C1CCT6, STM32G0C1CCT6N, STM32G0C1CCU6N, STM32G0C1CET6N, STM32G0C1CEU6N, STM32G0C1KCT6, STM32G0C1NEY6TR, STM32G0C1RCI6N, STM32G0C1RCT6N, STM32G0C1REI6N, STM32G0C1RET6N, STM32G0C1VCI6, STM32G0C1VEI6, STM32G411C6T3, STM32G411C6T6, STM32G411C6U3, STM32G411C6U6, STM32G411C8T3, STM32G411C8T6, STM32G411C8U3, STM32G411C8U6, STM32G411CBT3, STM32G411CBT6, STM32G411CBU3, STM32G411CBU6, STM32G411CCT3, STM32G411CCT6, STM32G411CCU3, STM32G411CCU6, STM32G411K6T3, STM32G411K6T6, STM32G411K6U3, STM32G411K6U6, STM32G411K8T3, STM32G411K8T6, STM32G411K8U3, STM32G411K8U6, STM32G411KBT3, STM32G411KBT6, STM32G411KBU3, STM32G411KBU6, STM32G411M6T3, STM32G411M6T6, STM32G411M8T3, STM32G411M8T6, STM32G411MBT3, STM32G411MBT6, STM32G411MCT3, STM32G411MCT6, STM32G411R6T3, STM32G411R6T6, STM32G411R8T3, STM32G411R8T6, STM32G411RBT3, STM32G411RBT6, STM32G411RCT3, STM32G411RCT6, STM32G414CBT3, STM32G414CBT6, STM32G414CBU3, STM32G414CBU6, STM32G414CCT3, STM32G414CCT6, STM32G414CCU3, STM32G414CCU6, STM32G414MBT3, STM32G414MBT6, STM32G414MCT3, STM32G414MCT6, STM32G414RBT3, STM32G414RBT6, STM32G414RCT3, STM32G414RCT6, STM32G414VBT3, STM32G414VBT6, STM32G414VCT3, STM32G414VCT6, STM32G431CBT3Z, STM32G431RBT3Z, STM32G471CCT6, STM32G471CCU6, STM32G471CET3, STM32G471CET6, STM32G471CEU3, STM32G471CEU6, STM32G471MCT6, STM32G471MET3, STM32G471MET6, STM32G471MEY6TR, STM32G471QCT6, STM32G471QET3, STM32G471RCT6, STM32G471RET3, STM32G471RET6, STM32G471VCH6, STM32G471VCI6, STM32G471VCT6, STM32G471VEH3, STM32G471VEH6, STM32G471VEI3, STM32G471VEI6, STM32G471VET3, STM32G471VET6, STM32G473QET3Z, STM32G473RET3Z, STM32G474CCT6, STM32G491RET3Z, STM32H503CBT6, STM32H503CBU6, STM32H503EBY6TR, STM32H503KBU6, STM32H503RBT6, STM32H523CCT6, STM32H523CCU6, STM32H523CET6, STM32H523CEU6, STM32H523HEY6TR, STM32H523RCT6, STM32H523RET6, STM32H523VCI6, STM32H523VCT6, STM32H523VEI6, STM32H523VET6, STM32H523ZCJ6, STM32H523ZCT6, STM32H523ZEJ6, STM32H523ZET6, STM32H533CET6, STM32H533CEU6, STM32H533HEY6TR, STM32H533RET6, STM32H533VEI6, STM32H533VET6, STM32H533ZEJ6, STM32H533ZET6, STM32H562AGI6, STM32H562AII6, STM32H562IGK6, STM32H562IGT6, STM32H562IIK6, STM32H562IIT6, STM32H562RGT6, STM32H562RGV6, STM32H562RIT6, STM32H562RIV6, STM32H562VGT6, STM32H562VIT6, STM32H562ZGT6, STM32H562ZIT6, STM32H563AGI6, STM32H563AII3Q, STM32H563AII6, STM32H563IGK6, STM32H563IGT6, STM32H563IIK3Q, STM32H563IIK6, STM32H563IIT3Q, STM32H563IIT6, STM32H563MIY3QTR, STM32H563RGT6, STM32H563RGV6, STM32H563RIT6, STM32H563RIV6, STM32H563VGT6, STM32H563VIT3Q, STM32H563VIT6, STM32H563ZGT6, STM32H563ZIT3Q, STM32H563ZIT6, STM32H573AII3Q, STM32H573AII6, STM32H573I-DK, STM32H573IIK3Q, STM32H573IIK6, STM32H573IIT3Q, STM32H573IIT6, STM32H573MIY3QTR, STM32H573RIT6, STM32H573RIV6, STM32H573VIT3Q, STM32H573VIT6, STM32H573ZIT3Q, STM32H573ZIT6, STM32H7R3A8I6, STM32H7R3I8K6, STM32H7R3I8T6, STM32H7R3L8H6, STM32H7R3L8H6H, STM32H7R3R8V6, STM32H7R3V8H6, STM32H7R3V8T6, STM32H7R3V8Y6TR, STM32H7R3Z8J6, STM32H7R3Z8T6, STM32H7R7A8I6, STM32H7R7I8K6, STM32H7R7I8T6, STM32H7R7L8H6, STM32H7R7L8H6H, STM32H7R7Z8J6, STM32H7S3A8I6, STM32H7S3I8K6, STM32H7S3I8T6, STM32H7S3L8H6, STM32H7S3L8H6H, STM32H7S3R8V6, STM32H7S3V8H6, STM32H7S3V8T6, STM32H7S3V8Y6TR, STM32H7S3Z8J6, STM32H7S3Z8T6, STM32H7S78-DK, STM32H7S7A8I6, STM32H7S7I8K6, STM32H7S7I8T6, STM32H7S7L8H6, STM32H7S7L8H6H, STM32H7S7Z8J6, STM32L4R5QGI6STR, STM32MP131AAE3, STM32MP131AAF3, STM32MP131AAG3, STM32MP131CAE3, STM32MP131CAF3, STM32MP131CAG3, STM32MP131DAE7, STM32MP131DAF7, STM32MP131DAG7, STM32MP131FAE7, STM32MP131FAF7, STM32MP131FAG7, STM32MP133AAE3, STM32MP133AAF3, STM32MP133AAG3, STM32MP133CAE3, STM32MP133CAF3, STM32MP133CAG3, STM32MP133DAE7, STM32MP133DAF7, STM32MP133DAG7, STM32MP133FAE7, STM32MP133FAF7, STM32MP133FAG7, STM32MP135AAE3, STM32MP135AAF3, STM32MP135AAG3, STM32MP135CAE3, STM32MP135CAF3, STM32MP135CAG3, STM32MP135DAE7, STM32MP135DAF7, STM32MP135DAG7, STM32MP135F-DK, STM32MP135FAE7, STM32MP135FAF7, STM32MP135FAF7T, STM32MP135FAF7U, STM32MP135FAG7, STM32MP231AAJ3, STM32MP231AAK3, STM32MP231AAL3, STM32MP231CAJ3, STM32MP231CAK3, STM32MP231CAL3, STM32MP231DAJ3, STM32MP231DAK3, STM32MP231DAL3, STM32MP231FAJ3, STM32MP231FAK3, STM32MP231FAL3, STM32MP233AAJ3, STM32MP233AAK3, STM32MP233AAL3, STM32MP233CAJ3, STM32MP233CAK3, STM32MP233CAL3, STM32MP233DAJ3, STM32MP233DAK3, STM32MP233DAL3, STM32MP233FAJ3, STM32MP233FAK3, STM32MP233FAL3, STM32MP235AAJ3, STM32MP235AAK3, STM32MP235AAL3, STM32MP235CAJ3, STM32MP235CAK3, STM32MP235CAL3, STM32MP235DAJ3, STM32MP235DAK3, STM32MP235DAL3, STM32MP235FAJ3, STM32MP235FAK3, STM32MP235FAL3, STM32MP251AAI3, STM32MP251AAJ3, STM32MP251AAK3, STM32MP251AAL3, STM32MP251CAI3, STM32MP251CAJ3, STM32MP251CAK3, STM32MP251CAL3, STM32MP251DAI3, STM32MP251DAJ3, STM32MP251DAK3, STM32MP251DAL3, STM32MP251FAI3, STM32MP251FAJ3, STM32MP251FAK3, STM32MP251FAL3, STM32MP253AAI3, STM32MP253AAJ3, STM32MP253AAK3, STM32MP253AAL3, STM32MP253CAI3, STM32MP253CAJ3, STM32MP253CAK3, STM32MP253CAL3, STM32MP253DAI3, STM32MP253DAJ3, STM32MP253DAK3, STM32MP253DAL3, STM32MP253FAI3, STM32MP253FAJ3, STM32MP253FAK3, STM32MP253FAL3, STM32MP255AAI3, STM32MP255AAJ3, STM32MP255AAK3, STM32MP255AAL3, STM32MP255CAI3, STM32MP255CAJ3, STM32MP255CAK3, STM32MP255CAL3, STM32MP255DAI3, STM32MP255DAJ3, STM32MP255DAK3, STM32MP255DAL3, STM32MP255FAI3, STM32MP255FAJ3, STM32MP255FAK3, STM32MP255FAL3, STM32MP257AAI3, STM32MP257AAJ3, STM32MP257AAK3, STM32MP257AAL3, STM32MP257CAI3, STM32MP257CAJ3, STM32MP257CAK3, STM32MP257CAL3, STM32MP257DAI3, STM32MP257DAJ3, STM32MP257DAK3, STM32MP257DAL3, STM32MP257F-DK, STM32MP257F-EV1, STM32MP257FAI3, STM32MP257FAJ3, STM32MP257FAK3, STM32MP257FAL3, STM32N645A0H3Q, STM32N645B0H3Q, STM32N645I0H3Q, STM32N645L0H3Q, STM32N645X0H3Q, STM32N645Z0H3Q, STM32N647A0H3Q, STM32N647B0H3Q, STM32N647I0H3Q, STM32N647L0H3Q, STM32N647X0H3Q, STM32N647Z0H3Q, STM32N655A0H3Q, STM32N655B0H3Q, STM32N655I0H3Q, STM32N655L0H3Q, STM32N655X0H3Q, STM32N655Z0H3Q, STM32N6570-DK, STM32N657A0H3Q, STM32N657B0H3Q, STM32N657I0H3Q, STM32N657L0H3Q, STM32N657X0H3Q, STM32N657Z0H3Q, STM32U031C6T6, STM32U031C6U6, STM32U031C8T6, STM32U031C8U6, STM32U031F4P6, STM32U031F6P6, STM32U031F8P6, STM32U031G6Y6TR, STM32U031G8Y6TR, STM32U031K4U6, STM32U031K6U6, STM32U031K8U6, STM32U031R6I6, STM32U031R6T6, STM32U031R8I6, STM32U031R8T6, STM32U073C8T6, STM32U073C8U6, STM32U073CBT6, STM32U073CBU6, STM32U073CCT6, STM32U073CCU6, STM32U073H8Y6TR, STM32U073HBY6TR, STM32U073HCY6TR, STM32U073K8U6, STM32U073KBU6, STM32U073KCU6, STM32U073M8I6, STM32U073M8T6, STM32U073MBI6, STM32U073MBT6, STM32U073MCI6, STM32U073MCT6, STM32U073R8I6, STM32U073R8T6, STM32U073RBI6, STM32U073RBT6, STM32U073RCI6, STM32U073RCT6, STM32U083C-DK, STM32U083CCT6, STM32U083CCU6, STM32U083HCY6TR, STM32U083KCU6, STM32U083MCI6, STM32U083MCT6, STM32U083RCI6, STM32U083RCT6, STM32U375CET6, STM32U375CET6Q, STM32U375CEU6, STM32U375CEU6Q, STM32U375CEY6QTR, STM32U375CGT6, STM32U375CGT6Q, STM32U375CGU6, STM32U375CGU6Q, STM32U375CGY6QTR, STM32U375KEU6, STM32U375KGU6, STM32U375REI6, STM32U375REI6Q, STM32U375RET6, STM32U375RET6Q, STM32U375REY6GTR, STM32U375REY6QTR, STM32U375RGI6, STM32U375RGI6Q, STM32U375RGT6, STM32U375RGT6Q, STM32U375RGY6GTR, STM32U375RGY6QTR, STM32U375VEI6, STM32U375VEI6Q, STM32U375VET6, STM32U375VET6Q, STM32U375VGI6, STM32U375VGI6Q, STM32U375VGT6, STM32U375VGT6Q, STM32U385CGT6, STM32U385CGT6Q, STM32U385CGU6, STM32U385CGU6Q, STM32U385CGY6QTR, STM32U385KGU6, STM32U385RGI6, STM32U385RGI6Q, STM32U385RGT6, STM32U385RGT6Q, STM32U385RGY6GTR, STM32U385RGY6QTR, STM32U385VGI6, STM32U385VGI6Q, STM32U385VGT6, STM32U385VGT6Q, STM32U535CBT6, STM32U535CBT6Q, STM32U535CBU6, STM32U535CBU6Q, STM32U535CCT6, STM32U535CCT6Q, STM32U535CCU6, STM32U535CCU6Q, STM32U535CET6, STM32U535CET6Q, STM32U535CEU6, STM32U535CEU6Q, STM32U535JEY6QTR, STM32U535NCY6QTR, STM32U535NEY6QTR, STM32U535RBI6, STM32U535RBI6Q, STM32U535RBT6, STM32U535RBT6Q, STM32U535RCI6, STM32U535RCI6Q, STM32U535RCT6, STM32U535RCT6Q, STM32U535REI6, STM32U535REI6Q, STM32U535RET6, STM32U535RET6Q, STM32U535VCI6, STM32U535VCI6Q, STM32U535VCT6, STM32U535VCT6Q, STM32U535VEI6, STM32U535VEI6Q, STM32U535VET6, STM32U535VET6Q, STM32U545CET6, STM32U545CET6Q, STM32U545CEU6, STM32U545CEU6Q, STM32U545JEY6QTR, STM32U545NEY6QTR, STM32U545REI6, STM32U545REI6Q, STM32U545RET6, STM32U545RET6Q, STM32U545VEI6, STM32U545VEI6Q, STM32U545VET6, STM32U545VET6Q, STM32U595AIH6, STM32U595AIH6Q, STM32U595AJH6, STM32U595AJH6Q, STM32U595QII6, STM32U595QII6Q, STM32U595QJI6, STM32U595QJI6Q, STM32U595RIT6, STM32U595RIT6Q, STM32U595RJT6, STM32U595RJT6Q, STM32U595VIT6, STM32U595VIT6Q, STM32U595VJT6, STM32U595VJT6Q, STM32U595ZIT6, STM32U595ZIT6Q, STM32U595ZIY6QTR, STM32U595ZJT6, STM32U595ZJT6Q, STM32U595ZJY6QTR, STM32U599BJY6QTR, STM32U599NIH6Q, STM32U599NJH6Q, STM32U599VIT6Q, STM32U599VJT6, STM32U599VJT6Q, STM32U599ZIT6Q, STM32U599ZIY6QTR, STM32U599ZJT6Q, STM32U599ZJY6QTR, STM32U5A5AJH6, STM32U5A5AJH6Q, STM32U5A5QII3Q , STM32U5A5QJI6, STM32U5A5QJI6Q, STM32U5A5RJT6, STM32U5A5RJT6Q, STM32U5A5VJT6, STM32U5A5VJT6Q, STM32U5A5ZJT6, STM32U5A5ZJT6Q, STM32U5A5ZJY6QTR, STM32U5A9BJY6QTR, STM32U5A9J-DK, STM32U5A9NJH6Q, STM32U5A9VJT6Q, STM32U5A9ZJT6Q, STM32U5A9ZJY6QTR, STM32U5F7VIT6, STM32U5F7VIT6Q, STM32U5F7VJT6, STM32U5F7VJT6Q, STM32U5F9BJY6QTR, STM32U5F9NJH6Q, STM32U5F9VIT6Q, STM32U5F9VJT6Q, STM32U5F9ZIJ6QTR, STM32U5F9ZIT6Q, STM32U5F9ZJJ6QTR, STM32U5F9ZJT6Q, STM32U5G7VJT6, STM32U5G7VJT6Q, STM32U5G9BJY6QTR, STM32U5G9J-DK1, STM32U5G9J-DK2, STM32U5G9NJH6Q, STM32U5G9VJT6Q, STM32U5G9ZJJ6QTR, STM32U5G9ZJT6Q, STM32WB05KZV6TR, STM32WB05KZV7TR, STM32WB05TZF6TR, STM32WB05TZF7TR, STM32WB06CCF6TR, STM32WB06CCF7TR, STM32WB06CCV6TR, STM32WB06CCV7TR, STM32WB06KCV6TR, STM32WB06KCV7TR, STM32WB07CCF6TR, STM32WB07CCF7TR, STM32WB07CCV6TR, STM32WB07CCV7TR, STM32WB07KCV6TR, STM32WB07KCV7TR, STM32WB09KEV6TR, STM32WB09KEV7TR, STM32WB09TEF6TR, STM32WB09TEF7TR, STM32WB1MMCH6, STM32WBA50KGU6, STM32WBA50KGU6TR, STM32WBA52CEU6, STM32WBA52CEU6TR, STM32WBA52CEU7, STM32WBA52CEU7TR, STM32WBA52CGU6, STM32WBA52CGU6TR, STM32WBA52CGU6U, STM32WBA52CGU7, STM32WBA52CGU7TR, STM32WBA52KEU6, STM32WBA52KEU6TR, STM32WBA52KGU6, STM32WBA52KGU6TR, STM32WBA54CEU6, STM32WBA54CEU6TR, STM32WBA54CEU7, STM32WBA54CEU7TR, STM32WBA54CGU6, STM32WBA54CGU6TR, STM32WBA54CGU7, STM32WBA54CGU7TR, STM32WBA54KEU6, STM32WBA54KEU6TR, STM32WBA54KEU7, STM32WBA54KEU7TR, STM32WBA54KGU6, STM32WBA54KGU6TR, STM32WBA54KGU7, STM32WBA54KGU7TR, STM32WBA55CEU6, STM32WBA55CEU6TR, STM32WBA55CEU7, STM32WBA55CEU7TR, STM32WBA55CGU6, STM32WBA55CGU6TR, STM32WBA55CGU6U, STM32WBA55CGU7, STM32WBA55CGU7TR, STM32WBA55G-DK1, STM32WBA55HEF6, STM32WBA55HEF7, STM32WBA55HGF6, STM32WBA55HGF7, STM32WBA55UEI6, STM32WBA55UEI6TR, STM32WBA55UEI7, STM32WBA55UEI7TR, STM32WBA55UGI6, STM32WBA55UGI6TR, STM32WBA55UGI7, STM32WBA55UGI7TR, STM32WBA5MJGH6TR, STM32WBA62CGU6, STM32WBA62CIU6, STM32WBA62MGF6, STM32WBA62MIF6, STM32WBA62PGI6, STM32WBA62PII6, STM32WBA63CGU6, STM32WBA63CGU7, STM32WBA63CIU6, STM32WBA63CIU7, STM32WBA64CGU6, STM32WBA64CGU7, STM32WBA64CIU6, STM32WBA64CIU7, STM32WBA65CGU6, STM32WBA65CGU7, STM32WBA65CIU6, STM32WBA65CIU7, STM32WBA65I-DK1, STM32WBA65MGF6, STM32WBA65MGF7, STM32WBA65MIF6, STM32WBA65MIF7, STM32WBA65PGI6, STM32WBA65PGI7, STM32WBA65PII6, STM32WBA65PII7, STM32WBA65RGV6, STM32WBA65RGV7, STM32WBA65RIV6, STM32WBA65RIV7, STM32WL30K8V6, STM32WL30KBV6, STM32WL31C8V6, STM32WL31CBV6, STM32WL31K8V6, STM32WL31KBV6, STM32WL33C8V6, STM32WL33C8V6TR, STM32WL33C8V7, STM32WL33C8V7TR, STM32WL33CBV6, STM32WL33CBV6TR, STM32WL33CBV7, STM32WL33CBV7TR, STM32WL33CCV6, STM32WL33CCV6TR, STM32WL33CCV7, STM32WL33CCV7A, STM32WL33CCV7ATR, STM32WL33CCV7TR, STM32WL33K8V6, STM32WL33K8V6TR, STM32WL33K8V7, STM32WL33K8V7TR, STM32WL33KBV6, STM32WL33KBV6TR, STM32WL33KBV7, STM32WL33KBV7TR, STM32WL33KCV6, STM32WL33KCV6TR, STM32WL33KCV7, STM32WL33KCV7TR, STM32WL5MOCH6, STM32WL5MOCH6TR]
2026-05-13 13:47:19,213 [INFO] ApiDb:668 - CubeFinder database Data Model version=2.1
2026-05-13 13:47:19,214 [INFO] ApiDb:669 - CubeFinder database Configuration version=3.0.42
2026-05-13 13:47:19,214 [INFO] ApiDb:670 - CubeFinder database generation date=2026-05-06 (1778060171)
2026-05-13 13:47:19,214 [INFO] ApiDb:671 - CubeFinder database FW Pack versions=[FP-ATR-ASTRA1_V2.0.0, FP-SNS-FLIGHT1_V5.1.0, FP-SNS-MOTENV1_V5.1.0, FP-SNS-MOTENVWB1_V1.5.0, FP-SNS-SMARTAG2_V1.2.0, FP-SNS-STBOX1_V2.1.0, STM32Cube_FW_C0_V1.4.0, STM32Cube_FW_F4_V1.28.3, STM32Cube_FW_F7_V1.17.4, STM32Cube_FW_G0_V1.6.3, STM32Cube_FW_G4_V1.6.2, STM32Cube_FW_H5_V1.6.0, STM32Cube_FW_H7RS_V1.3.0, STM32Cube_FW_H7_V1.13.0, STM32Cube_FW_L0_V1.12.2, STM32Cube_FW_L4_V1.18.2, STM32Cube_FW_L5_V1.6.0, STM32Cube_FW_N6_V1.3.0, STM32Cube_FW_U0_V1.3.0, STM32Cube_FW_U3_V1.3.0, STM32Cube_FW_U5_V1.8.0, STM32Cube_FW_WB0_V1.4.0, STM32Cube_FW_WBA_V1.9.0, STM32Cube_FW_WB_V1.24.0, STM32Cube_FW_WL3_V1.4.0, STM32Cube_FW_WL_V1.5.0, X-CUBE-ALGOBUILD_V1.4.0, X-CUBE-ALS_V1.0.2, X-CUBE-AZRTOS-F4_V1.1.0, X-CUBE-AZRTOS-F7_V1.1.0, X-CUBE-AZRTOS-G0_V1.1.0, X-CUBE-AZRTOS-G4_V2.0.0, X-CUBE-AZRTOS-H7RS_V1.1.0, X-CUBE-AZRTOS-H7_V3.5.0, X-CUBE-AZRTOS-L4_V2.0.0, X-CUBE-AZRTOS-L5_V2.0.0, X-CUBE-AZRTOS-WB_V2.0.0, X-CUBE-AZRTOS-WL_V2.0.0, X-CUBE-BLE1_V7.1.0, X-CUBE-BLE2_V3.3.0, X-CUBE-BLEMGR_V4.1.0, X-CUBE-EEPRMA1_V5.2.0, X-CUBE-FREERTOS_V1.5.0, X-CUBE-GNSS1_V6.0.0, X-CUBE-MEMS1_V12.0.0, X-CUBE-NFC4_V3.0.0, X-CUBE-NFC7_V2.0.0, X-CUBE-SFXS2LP1_V4.0.0, X-CUBE-ST67W61_V1.2.0, X-CUBE-SUBG2_V5.0.0, X-CUBE-TOF1_V3.4.3]
2026-05-13 13:47:26,687 [INFO] ApiDb:240 - Found 895 in-development CPN: [B-G473E-ZEST1S, B-WB1M-WPAN1, B-WBA5M-WPAN, B-WL5M-SUBG1, NUCLEO-C031C6, NUCLEO-C051C8, NUCLEO-C071RB, NUCLEO-C092RC, NUCLEO-H503RB, NUCLEO-H533RE, NUCLEO-H563ZI, NUCLEO-H7S3L8, NUCLEO-N657X0-Q, NUCLEO-U031R8, NUCLEO-U083RC, NUCLEO-U385RG-Q, NUCLEO-U545RE-Q, NUCLEO-U5A5ZJ-Q, NUCLEO-WB05KZ, NUCLEO-WB07CC, NUCLEO-WB09KE, NUCLEO-WBA52CG, NUCLEO-WBA55CG, NUCLEO-WBA65RI, NUCLEO-WL33CC1, NUCLEO-WL33CC2, STEVAL-PROTEUS1, STEVAL-SMARTAG2, STEVAL-STWINBX1, STM320518-EVAL, STM32C0116-DK, STM32C011D6Y3TR, STM32C011D6Y6TR, STM32C011F4P3, STM32C011F4P6, STM32C011F4U3, STM32C011F4U6TR, STM32C011F6P3, STM32C011F6P6, STM32C011F6U3, STM32C011F6U6TR, STM32C011J4M3, STM32C011J4M6, STM32C011J6M3, STM32C011J6M6, STM32C0316-DK, STM32C031C4T3, STM32C031C4T6, STM32C031C4U3, STM32C031C4U6, STM32C031C6T3, STM32C031C6T6, STM32C031C6U3, STM32C031C6U6, STM32C031F4P3, STM32C031F4P6, STM32C031F6P3, STM32C031F6P6, STM32C031G4U3, STM32C031G4U6, STM32C031G6U3, STM32C031G6U6, STM32C031K4T3, STM32C031K4T6, STM32C031K4U3, STM32C031K4U6, STM32C031K6T3, STM32C031K6T6, STM32C031K6U3, STM32C031K6U6, STM32C051C6T6, STM32C051C6U6, STM32C051C8T6, STM32C051C8U6, STM32C051D8Y6TR, STM32C051F6P6, STM32C051F8P6, STM32C051G6U6, STM32C051G8U6, STM32C051K6T6, STM32C051K6U6, STM32C051K8T6, STM32C071C8T6, STM32C071C8T6N, STM32C071C8U6, STM32C071C8U6N, STM32C071CBT6, STM32C071CBT6N, STM32C071CBU6, STM32C071CBU6N, STM32C071F8P6, STM32C071F8P6N, STM32C071FBP6, STM32C071FBP6N, STM32C071FBY6TR, STM32C071G8U6, STM32C071G8U6N, STM32C071GBU6, STM32C071GBU6N, STM32C071K8T6, STM32C071K8T6N, STM32C071K8U6, STM32C071K8U6N, STM32C071KBT6, STM32C071KBT6N, STM32C071KBU6, STM32C071KBU6N, STM32C071R8T6, STM32C071R8T6N, STM32C071RBI6N, STM32C071RBT6, STM32C071RBT6N, STM32C091CBT6, STM32C091CBU6, STM32C091CCT6, STM32C091CCU6, STM32C091ECY6TR, STM32C091FBP6, STM32C091FCP6, STM32C091GBU6, STM32C091GCU6, STM32C091KBT6, STM32C091KBU6, STM32C091KCT6, STM32C091KCU6, STM32C091RBT6, STM32C091RCI6, STM32C091RCT6, STM32C092CBT6, STM32C092CBU6, STM32C092CCT6, STM32C092CCU6, STM32C092ECY6TR, STM32C092FBP6, STM32C092FCP6, STM32C092GBU6, STM32C092GCU6, STM32C092KBT6, STM32C092KBU6, STM32C092KCT6, STM32C092KCU6, STM32C092RBT6, STM32C092RCI6, STM32C092RCT6, STM32G071K8TXN, STM32G071K8UXN, STM32G081GBU6N, STM32G081KBT6N, STM32G081KBUXN, STM32G0B1CCT6N, STM32G0B1KCT6, STM32G0B1NEY6TR, STM32G0B1RCT6N, STM32G0C1CCT6, STM32G0C1CCT6N, STM32G0C1CCU6N, STM32G0C1CET6N, STM32G0C1CEU6N, STM32G0C1KCT6, STM32G0C1NEY6TR, STM32G0C1RCI6N, STM32G0C1RCT6N, STM32G0C1REI6N, STM32G0C1RET6N, STM32G0C1VCI6, STM32G0C1VEI6, STM32G411C6T3, STM32G411C6T6, STM32G411C6U3, STM32G411C6U6, STM32G411C8T3, STM32G411C8T6, STM32G411C8U3, STM32G411C8U6, STM32G411CBT3, STM32G411CBT6, STM32G411CBU3, STM32G411CBU6, STM32G411CCT3, STM32G411CCT6, STM32G411CCU3, STM32G411CCU6, STM32G411K6T3, STM32G411K6T6, STM32G411K6U3, STM32G411K6U6, STM32G411K8T3, STM32G411K8T6, STM32G411K8U3, STM32G411K8U6, STM32G411KBT3, STM32G411KBT6, STM32G411KBU3, STM32G411KBU6, STM32G411M6T3, STM32G411M6T6, STM32G411M8T3, STM32G411M8T6, STM32G411MBT3, STM32G411MBT6, STM32G411MCT3, STM32G411MCT6, STM32G411R6T3, STM32G411R6T6, STM32G411R8T3, STM32G411R8T6, STM32G411RBT3, STM32G411RBT6, STM32G411RCT3, STM32G411RCT6, STM32G414CBT3, STM32G414CBT6, STM32G414CBU3, STM32G414CBU6, STM32G414CCT3, STM32G414CCT6, STM32G414CCU3, STM32G414CCU6, STM32G414MBT3, STM32G414MBT6, STM32G414MCT3, STM32G414MCT6, STM32G414RBT3, STM32G414RBT6, STM32G414RCT3, STM32G414RCT6, STM32G414VBT3, STM32G414VBT6, STM32G414VCT3, STM32G414VCT6, STM32G431CBT3Z, STM32G431RBT3Z, STM32G471CCT6, STM32G471CCU6, STM32G471CET3, STM32G471CET6, STM32G471CEU3, STM32G471CEU6, STM32G471MCT6, STM32G471MET3, STM32G471MET6, STM32G471MEY6TR, STM32G471QCT6, STM32G471QET3, STM32G471RCT6, STM32G471RET3, STM32G471RET6, STM32G471VCH6, STM32G471VCI6, STM32G471VCT6, STM32G471VEH3, STM32G471VEH6, STM32G471VEI3, STM32G471VEI6, STM32G471VET3, STM32G471VET6, STM32G473QET3Z, STM32G473RET3Z, STM32G474CCT6, STM32G491RET3Z, STM32H503CBT6, STM32H503CBU6, STM32H503EBY6TR, STM32H503KBU6, STM32H503RBT6, STM32H523CCT6, STM32H523CCU6, STM32H523CET6, STM32H523CEU6, STM32H523HEY6TR, STM32H523RCT6, STM32H523RET6, STM32H523VCI6, STM32H523VCT6, STM32H523VEI6, STM32H523VET6, STM32H523ZCJ6, STM32H523ZCT6, STM32H523ZEJ6, STM32H523ZET6, STM32H533CET6, STM32H533CEU6, STM32H533HEY6TR, STM32H533RET6, STM32H533VEI6, STM32H533VET6, STM32H533ZEJ6, STM32H533ZET6, STM32H562AGI6, STM32H562AII6, STM32H562IGK6, STM32H562IGT6, STM32H562IIK6, STM32H562IIT6, STM32H562RGT6, STM32H562RGV6, STM32H562RIT6, STM32H562RIV6, STM32H562VGT6, STM32H562VIT6, STM32H562ZGT6, STM32H562ZIT6, STM32H563AGI6, STM32H563AII3Q, STM32H563AII6, STM32H563IGK6, STM32H563IGT6, STM32H563IIK3Q, STM32H563IIK6, STM32H563IIT3Q, STM32H563IIT6, STM32H563MIY3QTR, STM32H563RGT6, STM32H563RGV6, STM32H563RIT6, STM32H563RIV6, STM32H563VGT6, STM32H563VIT3Q, STM32H563VIT6, STM32H563ZGT6, STM32H563ZIT3Q, STM32H563ZIT6, STM32H573AII3Q, STM32H573AII6, STM32H573I-DK, STM32H573IIK3Q, STM32H573IIK6, STM32H573IIT3Q, STM32H573IIT6, STM32H573MIY3QTR, STM32H573RIT6, STM32H573RIV6, STM32H573VIT3Q, STM32H573VIT6, STM32H573ZIT3Q, STM32H573ZIT6, STM32H7R3A8I6, STM32H7R3I8K6, STM32H7R3I8T6, STM32H7R3L8H6, STM32H7R3L8H6H, STM32H7R3R8V6, STM32H7R3V8H6, STM32H7R3V8T6, STM32H7R3V8Y6TR, STM32H7R3Z8J6, STM32H7R3Z8T6, STM32H7R7A8I6, STM32H7R7I8K6, STM32H7R7I8T6, STM32H7R7L8H6, STM32H7R7L8H6H, STM32H7R7Z8J6, STM32H7S3A8I6, STM32H7S3I8K6, STM32H7S3I8T6, STM32H7S3L8H6, STM32H7S3L8H6H, STM32H7S3R8V6, STM32H7S3V8H6, STM32H7S3V8T6, STM32H7S3V8Y6TR, STM32H7S3Z8J6, STM32H7S3Z8T6, STM32H7S78-DK, STM32H7S7A8I6, STM32H7S7I8K6, STM32H7S7I8T6, STM32H7S7L8H6, STM32H7S7L8H6H, STM32H7S7Z8J6, STM32L4R5QGI6STR, STM32MP131AAE3, STM32MP131AAF3, STM32MP131AAG3, STM32MP131CAE3, STM32MP131CAF3, STM32MP131CAG3, STM32MP131DAE7, STM32MP131DAF7, STM32MP131DAG7, STM32MP131FAE7, STM32MP131FAF7, STM32MP131FAG7, STM32MP133AAE3, STM32MP133AAF3, STM32MP133AAG3, STM32MP133CAE3, STM32MP133CAF3, STM32MP133CAG3, STM32MP133DAE7, STM32MP133DAF7, STM32MP133DAG7, STM32MP133FAE7, STM32MP133FAF7, STM32MP133FAG7, STM32MP135AAE3, STM32MP135AAF3, STM32MP135AAG3, STM32MP135CAE3, STM32MP135CAF3, STM32MP135CAG3, STM32MP135DAE7, STM32MP135DAF7, STM32MP135DAG7, STM32MP135F-DK, STM32MP135FAE7, STM32MP135FAF7, STM32MP135FAF7T, STM32MP135FAF7U, STM32MP135FAG7, STM32MP231AAJ3, STM32MP231AAK3, STM32MP231AAL3, STM32MP231CAJ3, STM32MP231CAK3, STM32MP231CAL3, STM32MP231DAJ3, STM32MP231DAK3, STM32MP231DAL3, STM32MP231FAJ3, STM32MP231FAK3, STM32MP231FAL3, STM32MP233AAJ3, STM32MP233AAK3, STM32MP233AAL3, STM32MP233CAJ3, STM32MP233CAK3, STM32MP233CAL3, STM32MP233DAJ3, STM32MP233DAK3, STM32MP233DAL3, STM32MP233FAJ3, STM32MP233FAK3, STM32MP233FAL3, STM32MP235AAJ3, STM32MP235AAK3, STM32MP235AAL3, STM32MP235CAJ3, STM32MP235CAK3, STM32MP235CAL3, STM32MP235DAJ3, STM32MP235DAK3, STM32MP235DAL3, STM32MP235FAJ3, STM32MP235FAK3, STM32MP235FAL3, STM32MP251AAI3, STM32MP251AAJ3, STM32MP251AAK3, STM32MP251AAL3, STM32MP251CAI3, STM32MP251CAJ3, STM32MP251CAK3, STM32MP251CAL3, STM32MP251DAI3, STM32MP251DAJ3, STM32MP251DAK3, STM32MP251DAL3, STM32MP251FAI3, STM32MP251FAJ3, STM32MP251FAK3, STM32MP251FAL3, STM32MP253AAI3, STM32MP253AAJ3, STM32MP253AAK3, STM32MP253AAL3, STM32MP253CAI3, STM32MP253CAJ3, STM32MP253CAK3, STM32MP253CAL3, STM32MP253DAI3, STM32MP253DAJ3, STM32MP253DAK3, STM32MP253DAL3, STM32MP253FAI3, STM32MP253FAJ3, STM32MP253FAK3, STM32MP253FAL3, STM32MP255AAI3, STM32MP255AAJ3, STM32MP255AAK3, STM32MP255AAL3, STM32MP255CAI3, STM32MP255CAJ3, STM32MP255CAK3, STM32MP255CAL3, STM32MP255DAI3, STM32MP255DAJ3, STM32MP255DAK3, STM32MP255DAL3, STM32MP255FAI3, STM32MP255FAJ3, STM32MP255FAK3, STM32MP255FAL3, STM32MP257AAI3, STM32MP257AAJ3, STM32MP257AAK3, STM32MP257AAL3, STM32MP257CAI3, STM32MP257CAJ3, STM32MP257CAK3, STM32MP257CAL3, STM32MP257DAI3, STM32MP257DAJ3, STM32MP257DAK3, STM32MP257DAL3, STM32MP257F-DK, STM32MP257F-EV1, STM32MP257FAI3, STM32MP257FAJ3, STM32MP257FAK3, STM32MP257FAL3, STM32N645A0H3Q, STM32N645B0H3Q, STM32N645I0H3Q, STM32N645L0H3Q, STM32N645X0H3Q, STM32N645Z0H3Q, STM32N647A0H3Q, STM32N647B0H3Q, STM32N647I0H3Q, STM32N647L0H3Q, STM32N647X0H3Q, STM32N647Z0H3Q, STM32N655A0H3Q, STM32N655B0H3Q, STM32N655I0H3Q, STM32N655L0H3Q, STM32N655X0H3Q, STM32N655Z0H3Q, STM32N6570-DK, STM32N657A0H3Q, STM32N657B0H3Q, STM32N657I0H3Q, STM32N657L0H3Q, STM32N657X0H3Q, STM32N657Z0H3Q, STM32U031C6T6, STM32U031C6U6, STM32U031C8T6, STM32U031C8U6, STM32U031F4P6, STM32U031F6P6, STM32U031F8P6, STM32U031G6Y6TR, STM32U031G8Y6TR, STM32U031K4U6, STM32U031K6U6, STM32U031K8U6, STM32U031R6I6, STM32U031R6T6, STM32U031R8I6, STM32U031R8T6, STM32U073C8T6, STM32U073C8U6, STM32U073CBT6, STM32U073CBU6, STM32U073CCT6, STM32U073CCU6, STM32U073H8Y6TR, STM32U073HBY6TR, STM32U073HCY6TR, STM32U073K8U6, STM32U073KBU6, STM32U073KCU6, STM32U073M8I6, STM32U073M8T6, STM32U073MBI6, STM32U073MBT6, STM32U073MCI6, STM32U073MCT6, STM32U073R8I6, STM32U073R8T6, STM32U073RBI6, STM32U073RBT6, STM32U073RCI6, STM32U073RCT6, STM32U083C-DK, STM32U083CCT6, STM32U083CCU6, STM32U083HCY6TR, STM32U083KCU6, STM32U083MCI6, STM32U083MCT6, STM32U083RCI6, STM32U083RCT6, STM32U375CET6, STM32U375CET6Q, STM32U375CEU6, STM32U375CEU6Q, STM32U375CEY6QTR, STM32U375CGT6, STM32U375CGT6Q, STM32U375CGU6, STM32U375CGU6Q, STM32U375CGY6QTR, STM32U375KEU6, STM32U375KGU6, STM32U375REI6, STM32U375REI6Q, STM32U375RET6, STM32U375RET6Q, STM32U375REY6GTR, STM32U375REY6QTR, STM32U375RGI6, STM32U375RGI6Q, STM32U375RGT6, STM32U375RGT6Q, STM32U375RGY6GTR, STM32U375RGY6QTR, STM32U375VEI6, STM32U375VEI6Q, STM32U375VET6, STM32U375VET6Q, STM32U375VGI6, STM32U375VGI6Q, STM32U375VGT6, STM32U375VGT6Q, STM32U385CGT6, STM32U385CGT6Q, STM32U385CGU6, STM32U385CGU6Q, STM32U385CGY6QTR, STM32U385KGU6, STM32U385RGI6, STM32U385RGI6Q, STM32U385RGT6, STM32U385RGT6Q, STM32U385RGY6GTR, STM32U385RGY6QTR, STM32U385VGI6, STM32U385VGI6Q, STM32U385VGT6, STM32U385VGT6Q, STM32U535CBT6, STM32U535CBT6Q, STM32U535CBU6, STM32U535CBU6Q, STM32U535CCT6, STM32U535CCT6Q, STM32U535CCU6, STM32U535CCU6Q, STM32U535CET6, STM32U535CET6Q, STM32U535CEU6, STM32U535CEU6Q, STM32U535JEY6QTR, STM32U535NCY6QTR, STM32U535NEY6QTR, STM32U535RBI6, STM32U535RBI6Q, STM32U535RBT6, STM32U535RBT6Q, STM32U535RCI6, STM32U535RCI6Q, STM32U535RCT6, STM32U535RCT6Q, STM32U535REI6, STM32U535REI6Q, STM32U535RET6, STM32U535RET6Q, STM32U535VCI6, STM32U535VCI6Q, STM32U535VCT6, STM32U535VCT6Q, STM32U535VEI6, STM32U535VEI6Q, STM32U535VET6, STM32U535VET6Q, STM32U545CET6, STM32U545CET6Q, STM32U545CEU6, STM32U545CEU6Q, STM32U545JEY6QTR, STM32U545NEY6QTR, STM32U545REI6, STM32U545REI6Q, STM32U545RET6, STM32U545RET6Q, STM32U545VEI6, STM32U545VEI6Q, STM32U545VET6, STM32U545VET6Q, STM32U595AIH6, STM32U595AIH6Q, STM32U595AJH6, STM32U595AJH6Q, STM32U595QII6, STM32U595QII6Q, STM32U595QJI6, STM32U595QJI6Q, STM32U595RIT6, STM32U595RIT6Q, STM32U595RJT6, STM32U595RJT6Q, STM32U595VIT6, STM32U595VIT6Q, STM32U595VJT6, STM32U595VJT6Q, STM32U595ZIT6, STM32U595ZIT6Q, STM32U595ZIY6QTR, STM32U595ZJT6, STM32U595ZJT6Q, STM32U595ZJY6QTR, STM32U599BJY6QTR, STM32U599NIH6Q, STM32U599NJH6Q, STM32U599VIT6Q, STM32U599VJT6, STM32U599VJT6Q, STM32U599ZIT6Q, STM32U599ZIY6QTR, STM32U599ZJT6Q, STM32U599ZJY6QTR, STM32U5A5AJH6, STM32U5A5AJH6Q, STM32U5A5QII3Q , STM32U5A5QJI6, STM32U5A5QJI6Q, STM32U5A5RJT6, STM32U5A5RJT6Q, STM32U5A5VJT6, STM32U5A5VJT6Q, STM32U5A5ZJT6, STM32U5A5ZJT6Q, STM32U5A5ZJY6QTR, STM32U5A9BJY6QTR, STM32U5A9J-DK, STM32U5A9NJH6Q, STM32U5A9VJT6Q, STM32U5A9ZJT6Q, STM32U5A9ZJY6QTR, STM32U5F7VIT6, STM32U5F7VIT6Q, STM32U5F7VJT6, STM32U5F7VJT6Q, STM32U5F9BJY6QTR, STM32U5F9NJH6Q, STM32U5F9VIT6Q, STM32U5F9VJT6Q, STM32U5F9ZIJ6QTR, STM32U5F9ZIT6Q, STM32U5F9ZJJ6QTR, STM32U5F9ZJT6Q, STM32U5G7VJT6, STM32U5G7VJT6Q, STM32U5G9BJY6QTR, STM32U5G9J-DK1, STM32U5G9J-DK2, STM32U5G9NJH6Q, STM32U5G9VJT6Q, STM32U5G9ZJJ6QTR, STM32U5G9ZJT6Q, STM32WB05KZV6TR, STM32WB05KZV7TR, STM32WB05TZF6TR, STM32WB05TZF7TR, STM32WB06CCF6TR, STM32WB06CCF7TR, STM32WB06CCV6TR, STM32WB06CCV7TR, STM32WB06KCV6TR, STM32WB06KCV7TR, STM32WB07CCF6TR, STM32WB07CCF7TR, STM32WB07CCV6TR, STM32WB07CCV7TR, STM32WB07KCV6TR, STM32WB07KCV7TR, STM32WB09KEV6TR, STM32WB09KEV7TR, STM32WB09TEF6TR, STM32WB09TEF7TR, STM32WB1MMCH6, STM32WBA50KGU6, STM32WBA50KGU6TR, STM32WBA52CEU6, STM32WBA52CEU6TR, STM32WBA52CEU7, STM32WBA52CEU7TR, STM32WBA52CGU6, STM32WBA52CGU6TR, STM32WBA52CGU6U, STM32WBA52CGU7, STM32WBA52CGU7TR, STM32WBA52KEU6, STM32WBA52KEU6TR, STM32WBA52KGU6, STM32WBA52KGU6TR, STM32WBA54CEU6, STM32WBA54CEU6TR, STM32WBA54CEU7, STM32WBA54CEU7TR, STM32WBA54CGU6, STM32WBA54CGU6TR, STM32WBA54CGU7, STM32WBA54CGU7TR, STM32WBA54KEU6, STM32WBA54KEU6TR, STM32WBA54KEU7, STM32WBA54KEU7TR, STM32WBA54KGU6, STM32WBA54KGU6TR, STM32WBA54KGU7, STM32WBA54KGU7TR, STM32WBA55CEU6, STM32WBA55CEU6TR, STM32WBA55CEU7, STM32WBA55CEU7TR, STM32WBA55CGU6, STM32WBA55CGU6TR, STM32WBA55CGU6U, STM32WBA55CGU7, STM32WBA55CGU7TR, STM32WBA55G-DK1, STM32WBA55HEF6, STM32WBA55HEF7, STM32WBA55HGF6, STM32WBA55HGF7, STM32WBA55UEI6, STM32WBA55UEI6TR, STM32WBA55UEI7, STM32WBA55UEI7TR, STM32WBA55UGI6, STM32WBA55UGI6TR, STM32WBA55UGI7, STM32WBA55UGI7TR, STM32WBA5MJGH6TR, STM32WBA62CGU6, STM32WBA62CIU6, STM32WBA62MGF6, STM32WBA62MIF6, STM32WBA62PGI6, STM32WBA62PII6, STM32WBA63CGU6, STM32WBA63CGU7, STM32WBA63CIU6, STM32WBA63CIU7, STM32WBA64CGU6, STM32WBA64CGU7, STM32WBA64CIU6, STM32WBA64CIU7, STM32WBA65CGU6, STM32WBA65CGU7, STM32WBA65CIU6, STM32WBA65CIU7, STM32WBA65I-DK1, STM32WBA65MGF6, STM32WBA65MGF7, STM32WBA65MIF6, STM32WBA65MIF7, STM32WBA65PGI6, STM32WBA65PGI7, STM32WBA65PII6, STM32WBA65PII7, STM32WBA65RGV6, STM32WBA65RGV7, STM32WBA65RIV6, STM32WBA65RIV7, STM32WL30K8V6, STM32WL30KBV6, STM32WL31C8V6, STM32WL31CBV6, STM32WL31K8V6, STM32WL31KBV6, STM32WL33C8V6, STM32WL33C8V6TR, STM32WL33C8V7, STM32WL33C8V7TR, STM32WL33CBV6, STM32WL33CBV6TR, STM32WL33CBV7, STM32WL33CBV7TR, STM32WL33CCV6, STM32WL33CCV6TR, STM32WL33CCV7, STM32WL33CCV7A, STM32WL33CCV7ATR, STM32WL33CCV7TR, STM32WL33K8V6, STM32WL33K8V6TR, STM32WL33K8V7, STM32WL33K8V7TR, STM32WL33KBV6, STM32WL33KBV6TR, STM32WL33KBV7, STM32WL33KBV7TR, STM32WL33KCV6, STM32WL33KCV6TR, STM32WL33KCV7, STM32WL33KCV7TR, STM32WL5MOCH6, STM32WL5MOCH6TR]
2026-05-13 13:47:26,720 [INFO] DbMcus:218 - Found 5082 MCUs, 4964 are supported
2026-05-13 13:47:26,726 [INFO] ApiDb:423 - Load user favorites file C:\Users\hp/.stm32cubeide/favorites.mcus.txt: 0 item(s)
2026-05-13 13:47:26,728 [INFO] ApiDb:427 - User favorites MCUs=[]
2026-05-13 13:47:26,729 [INFO] DbMcus:224 - Set 0 / 0 favorites MCUs
2026-05-13 13:47:28,854 [INFO] BoardInfo:889 - No configuration file found for board NUCLEO-H5E5ZJ
2026-05-13 13:47:28,858 [INFO] DbBoards:161 - Board is not supported: NUCLEO-H5E5ZJ
2026-05-13 13:47:29,062 [INFO] BoardInfo:889 - No configuration file found for board NUCLEO-U3C5ZI-Q
2026-05-13 13:47:29,066 [INFO] DbBoards:161 - Board is not supported: NUCLEO-U3C5ZI-Q
2026-05-13 13:47:29,126 [INFO] BoardInfo:889 - No configuration file found for board NUCLEO-WBA25CE1
2026-05-13 13:47:29,133 [INFO] DbBoards:161 - Board is not supported: NUCLEO-WBA25CE1
2026-05-13 13:47:29,195 [INFO] BoardInfo:889 - No configuration file found for board NUCLEO-WL3RKB1
2026-05-13 13:47:29,202 [INFO] DbBoards:161 - Board is not supported: NUCLEO-WL3RKB1
2026-05-13 13:47:29,206 [INFO] BoardInfo:889 - No configuration file found for board NUCLEO-WL3RKB2
2026-05-13 13:47:29,211 [INFO] DbBoards:161 - Board is not supported: NUCLEO-WL3RKB2
2026-05-13 13:47:29,243 [INFO] BoardInfo:889 - No configuration file found for board P-NUCLEO-WB55
2026-05-13 13:47:29,247 [INFO] DbBoards:161 - Kit is not supported: P-NUCLEO-WB55
2026-05-13 13:47:29,270 [INFO] BoardInfo:889 - No configuration file found for board STEVAL-BFA001V1B
2026-05-13 13:47:29,273 [INFO] DbBoards:161 - Kit is not supported: STEVAL-BFA001V1B
2026-05-13 13:47:29,277 [INFO] BoardInfo:889 - No configuration file found for board STEVAL-BFA001V2B
2026-05-13 13:47:29,281 [INFO] DbBoards:161 - Kit is not supported: STEVAL-BFA001V2B
2026-05-13 13:47:29,677 [INFO] BoardInfo:889 - No configuration file found for board STM32H5F5J-DK
2026-05-13 13:47:29,681 [INFO] DbBoards:161 - Board is not supported: STM32H5F5J-DK
2026-05-13 13:47:29,864 [INFO] BoardInfo:889 - No configuration file found for board STM32MP215F-DK
2026-05-13 13:47:29,868 [INFO] DbBoards:161 - Board is not supported: STM32MP215F-DK
2026-05-13 13:47:29,933 [INFO] DbBoards:168 - Found 218 boards, 208 are supported
2026-05-13 13:47:29,933 [INFO] DbBoards:169 - Found 218 boards, 43 of them is supported for  Bsp
2026-05-13 13:47:29,948 [INFO] ApiDb:423 - Load user favorites file C:\Users\hp/.stm32cubeide/favorites.boards.txt: 0 item(s)
2026-05-13 13:47:29,949 [INFO] ApiDb:427 - User favorites Boards=[]
2026-05-13 13:47:29,949 [INFO] DbBoards:198 - Set 0 / 0 favorites Boards
2026-05-13 13:47:29,950 [INFO] McuFinderGlobals:76 - Set McuFinderConnectedMode to true
2026-05-13 13:47:29,969 [INFO] MultiScanPanel:200 - Auto-refresh data requested => check proxy status ongoing
2026-05-13 13:47:29,979 [INFO] FinderPluginLoader:95 - Searching for filters in installed packs
2026-05-13 13:47:34,909 [INFO] LoadUrlFilesThread:185 - End of LoadServerUrlFiles without Thread
2026-05-13 13:47:34,940 [INFO] DetailPanel:341 - Set advertising image to C:/Users/hp/STM32Cube/Repository/\en.prom-stm32wba2-stm32-nucleo-board-0426.png
2026-05-13 13:47:44,449 [INFO] MultiScanPanel:200 - Auto-refresh data requested => check proxy status ongoing
2026-05-13 13:47:44,812 [INFO] LoadUrlFilesThread:185 - End of LoadServerUrlFiles without Thread
2026-05-13 13:47:44,813 [INFO] DetailPanel:341 - Set advertising image to C:/Users/hp/STM32Cube/Repository/\en.prom-stm32wba2-stm32-nucleo-board-0426.png
2026-05-13 13:47:44,846 [INFO] DbBoards:642 - Loading board mini-images...
2026-05-13 13:47:50,335 [INFO] DbBoards:665 - Loaded 218 board mini-images
2026-05-13 13:49:45,646 [INFO] MainUpdater:2872 - connection check result : 10
2026-05-13 13:49:45,648 [INFO] MainUpdater:2872 - connection check result : 10
2026-05-13 13:49:45,755 [INFO] MicroXplorer:468 - Change Database Path : 
2026-05-13 13:49:45,756 [INFO] MicroXplorer:498 - Change Database Version : DB.6.0.140
2026-05-13 13:49:45,795 [WARN] ThirdParty:871 - waiting for thirdparty lock release [close project]
2026-05-13 13:49:45,796 [INFO] ThirdParty:873 - entering critical section [close project]
2026-05-13 13:49:45,815 [INFO] ThirdParty:883 - exiting critical section [close project]
2026-05-13 13:49:45,839 [INFO] PinOutPanel:1589 - setPackage(No Configuration,No Configuration)
2026-05-13 13:49:45,866 [INFO] UtilMem:75 - Begin LoadConfig() Used Memory: 983039152 Bytes (1073741824)
2026-05-13 13:49:45,916 [INFO] OpenFileManager:354 - Change cursor
2026-05-13 13:49:46,023 [WARN] IntegrityCheckThread:84 - waiting for thirdparty lock release [integrity check]
2026-05-13 13:49:46,024 [INFO] IntegrityCheckThread:86 - entering critical section [integrity check]
2026-05-13 13:49:51,658 [WARN] PackLoader:240 - Cannot read IP mode file for STMicroelectronics.X-CUBE-AZRTOS-H7.3.5.0
2026-05-13 13:49:51,702 [WARN] PackLoader:240 - Cannot read IP mode file for STMicroelectronics.FP-ATR-ASTRA1.2.0.2
2026-05-13 13:49:51,746 [WARN] PackLoader:240 - Cannot read IP mode file for STMicroelectronics.X-CUBE-SMBUS.2.1.0
2026-05-13 13:49:51,816 [WARN] PackLoader:240 - Cannot read IP mode file for STMicroelectronics.X-CUBE-AZRTOS-F7.1.1.0
2026-05-13 13:49:51,843 [ERROR] Engine:466 - C:\Users\hp\.stm32cubemx\thirdparties\pdsc\STMicroelectronics.FP-SNS-MOTENV1.5.1.0.pdsc: PDSC version is not supported
2026-05-13 13:49:51,858 [ERROR] Engine:466 - C:\Users\hp\.stm32cubemx\thirdparties\pdsc\WES.I-CUBE-Cesium.1.4.0.pdsc: PDSC version is not supported
2026-05-13 13:49:51,894 [WARN] PackLoader:240 - Cannot read IP mode file for STMicroelectronics.X-CUBE-DISPLAY.3.0.0
2026-05-13 13:49:51,942 [WARN] PackLoader:240 - Cannot read IP mode file for STMicroelectronics.X-CUBE-GNSS1.7.1.1
2026-05-13 13:49:51,963 [ERROR] Engine:466 - C:\Users\hp\.stm32cubemx\thirdparties\pdsc\STMicroelectronics.FP-SNS-MOTENVWB1.1.5.0.pdsc: PDSC version is not supported
2026-05-13 13:49:51,987 [WARN] PackLoader:240 - Cannot read IP mode file for STMicroelectronics.X-CUBE-NFC10.1.0.0
2026-05-13 13:49:52,018 [WARN] PackLoader:240 - Cannot read IP mode file for STMicroelectronics.X-CUBE-ST60.1.1.0
2026-05-13 13:49:52,049 [WARN] PackLoader:240 - Cannot read IP mode file for emotas.I-CUBE-CANOPEN.1.3.0
2026-05-13 13:49:52,070 [WARN] PackLoader:240 - Cannot read IP mode file for STMicroelectronics.X-CUBE-GNSS1.7.1.0
2026-05-13 13:49:52,089 [ERROR] Engine:466 - C:\Users\hp\.stm32cubemx\thirdparties\pdsc\STMicroelectronics.FP-SNS-STBOX1.2.1.0.pdsc: PDSC version is not supported
2026-05-13 13:49:52,110 [WARN] PackLoader:240 - Cannot read IP mode file for STMicroelectronics.FP-SNS-SMARTAG2.1.2.0
2026-05-13 13:49:52,141 [WARN] PackLoader:240 - Cannot read IP mode file for STMicroelectronics.FP-SNS-FLIGHT1.5.1.0
2026-05-13 13:49:52,183 [INFO] LogOutputStream:77 - [STDOUT_REDIRECT] 1 : Invalid condition id : UX_CORESTACK_Condition cause : null
2026-05-13 13:49:52,189 [INFO] LogOutputStream:77 - [STDOUT_REDIRECT] 1 : Invalid condition id : UX_CORESTACK_Condition cause : null
2026-05-13 13:49:52,192 [INFO] LogOutputStream:77 - [STDOUT_REDIRECT] 1 : Invalid condition id : UX_CORESTACK_Condition cause : null
2026-05-13 13:49:52,199 [INFO] LogOutputStream:77 - [STDOUT_REDIRECT] 1 : Invalid condition id : UX_CORESTACK_Condition cause : null
2026-05-13 13:49:52,203 [INFO] LogOutputStream:77 - [STDOUT_REDIRECT] 1 : Invalid condition id : UX_CORESTACK_Condition cause : null
2026-05-13 13:49:52,213 [WARN] PackLoader:240 - Cannot read IP mode file for STMicroelectronics.X-CUBE-AZRTOS-WL.2.0.0
2026-05-13 13:49:52,274 [WARN] PackLoader:240 - Cannot read IP mode file for STMicroelectronics.X-CUBE-AZRTOS-H7RS.1.2.0
2026-05-13 13:49:52,301 [WARN] PackLoader:240 - Cannot read IP mode file for STMicroelectronics.X-CUBE-BLE2.3.3.0
2026-05-13 13:49:52,425 [WARN] PackLoader:240 - Cannot read IP mode file for Infineon.AIROC-Wi-Fi-Bluetooth-STM32.1.8.0
2026-05-13 13:49:52,463 [WARN] PackLoader:240 - Cannot read IP mode file for STMicroelectronics.X-CUBE-NFC9.1.0.0
2026-05-13 13:49:52,483 [WARN] PackLoader:240 - Cannot read IP mode file for STMicroelectronics.X-CUBE-BLE1.7.1.0
2026-05-13 13:49:52,505 [WARN] PackLoader:240 - Cannot read IP mode file for wolfSSL.I-CUBE-wolfMQTT.1.19.2
2026-05-13 13:49:52,525 [WARN] PackLoader:240 - Cannot read IP mode file for STMicroelectronics.X-CUBE-EEPRMA1.5.2.0
2026-05-13 13:49:52,543 [WARN] PackLoader:240 - Cannot read IP mode file for wolfSSL.I-CUBE-wolfSSL.5.8.4
2026-05-13 13:49:52,554 [ERROR] Engine:466 - C:\Users\hp\.stm32cubemx\thirdparties\pdsc\STMicroelectronics.FP-SNS-STAIOTCFT.1.1.0.pdsc: PDSC version is not supported
2026-05-13 13:49:52,703 [WARN] PackLoader:240 - Cannot read IP mode file for STMicroelectronics.X-CUBE-MEMS1.12.0.0
2026-05-13 13:49:52,895 [WARN] PackLoader:240 - Cannot read IP mode file for STMicroelectronics.X-CUBE-AZRTOS-G0.1.1.0
2026-05-13 13:49:52,911 [WARN] PackLoader:240 - Cannot read IP mode file for STMicroelectronics.X-CUBE-NFC4.3.0.0
2026-05-13 13:49:52,929 [WARN] PackLoader:240 - Cannot read IP mode file for EmbeddedOffice.I-CUBE-FS-RTOS.1.0.1
2026-05-13 13:49:52,939 [WARN] PackLoader:240 - Cannot read IP mode file for wolfSSL.I-CUBE-wolfTPM.3.8.0
2026-05-13 13:49:52,951 [WARN] PackLoader:240 - Cannot read IP mode file for STMicroelectronics.X-CUBE-TCPP.4.2.0
2026-05-13 13:49:52,965 [WARN] PackLoader:240 - Cannot read IP mode file for RealThread.X-CUBE-RT-Thread_Nano.4.1.1
2026-05-13 13:49:52,973 [WARN] PackLoader:240 - Cannot read IP mode file for STMicroelectronics.FP-ATR-SIGFOX1.3.2.0
2026-05-13 13:49:52,980 [ERROR] Engine:466 - C:\Users\hp\.stm32cubemx\thirdparties\pdsc\STMicroelectronics.X-CUBE-FREERTOS.1.5.0.pdsc: PDSC version is not supported
2026-05-13 13:49:52,992 [WARN] PackLoader:240 - Cannot read IP mode file for ITTIA_DB.I-CUBE-ITTIADB.8.9.0
2026-05-13 13:49:53,004 [WARN] PackLoader:240 - Cannot read IP mode file for Cesanta.I-CUBE-Mongoose.7.21.0
2026-05-13 13:49:53,017 [WARN] PackLoader:240 - Cannot read IP mode file for STMicroelectronics.X-CUBE-NFC6.3.2.0
2026-05-13 13:49:53,032 [WARN] PackLoader:240 - Cannot read IP mode file for STMicroelectronics.X-CUBE-AI.10.2.0
2026-05-13 13:49:53,108 [WARN] PackLoader:240 - Cannot read IP mode file for STMicroelectronics.X-CUBE-MEMS1.12.1.0
2026-05-13 13:49:53,268 [WARN] PackLoader:240 - Cannot read IP mode file for SEGGER.I-CUBE-embOS.1.3.1
2026-05-13 13:49:53,389 [WARN] PackLoader:240 - Cannot read IP mode file for STMicroelectronics.X-CUBE-ALGOBUILD.1.4.0
2026-05-13 13:49:53,399 [WARN] PackLoader:240 - Cannot read IP mode file for STMicroelectronics.X-CUBE-PM33A1.1.0.0
2026-05-13 13:49:53,422 [WARN] PackLoader:240 - Cannot read IP mode file for STMicroelectronics.X-CUBE-AZRTOS-F4.1.1.0
2026-05-13 13:49:53,438 [WARN] PackLoader:240 - Cannot read IP mode file for STMicroelectronics.X-CUBE-ISPU.2.1.0
2026-05-13 13:49:53,447 [ERROR] Engine:466 - C:\Users\hp\.stm32cubemx\thirdparties\pdsc\STMicroelectronics.X-CUBE-IPS.3.2.0.pdsc: PDSC version is not supported
2026-05-13 13:49:53,456 [WARN] PackLoader:240 - Cannot read IP mode file for STMicroelectronics.eDS-WB_DPC_TT-BIDIR.2.1.1
2026-05-13 13:49:53,472 [WARN] PackLoader:240 - Cannot read IP mode file for STMicroelectronics.X-CUBE-NFC12.1.0.0
2026-05-13 13:49:53,505 [WARN] PackLoader:240 - Cannot read IP mode file for STMicroelectronics.X-CUBE-AZRTOS-L5.2.0.0
2026-05-13 13:49:53,519 [WARN] PackLoader:240 - Cannot read IP mode file for STMicroelectronics.eDS-WB_DPC_VIENNA.1.2.0
2026-05-13 13:49:53,531 [WARN] PackLoader:240 - Cannot read IP mode file for STMicroelectronics.eDS-WB_DPC_3PH2L-BIDIR.1.1.1
2026-05-13 13:49:53,538 [ERROR] Engine:466 - C:\Users\hp\.stm32cubemx\thirdparties\pdsc\STMicroelectronics.X-CUBE-ST67W61.1.3.0.pdsc: PDSC version is not supported
2026-05-13 13:49:53,551 [WARN] PackLoader:240 - Cannot read IP mode file for STMicroelectronics.X-CUBE-TOUCHGFX.4.26.1
2026-05-13 13:49:53,563 [WARN] PackLoader:240 - Cannot read IP mode file for STMicroelectronics.FP-SNS-STAIOTCFT.1.0.0
2026-05-13 13:49:53,575 [WARN] PackLoader:240 - Cannot read IP mode file for STMicroelectronics.X-CUBE-DPower.1.3.0
2026-05-13 13:49:53,601 [WARN] ConditionMgr:438 - getConditionDescription Invalid condition id : LAN8742 Phy interface Condition cause : null
2026-05-13 13:49:53,602 [WARN] PackLoader:240 - Cannot read IP mode file for STMicroelectronics.X-CUBE-AZRTOS-L4.2.0.0
2026-05-13 13:49:53,604 [WARN] ConditionMgr:1044 - genDependencies : Invalid condition id : LAN8742 Phy interface Condition cause : null
2026-05-13 13:49:53,605 [WARN] ConditionMgr:1044 - genDependencies : Invalid condition id : LAN8742 Phy interface Condition cause : null
2026-05-13 13:49:53,606 [WARN] ConditionMgr:1044 - genDependencies : Invalid condition id : LAN8742 Phy interface Condition cause : null
2026-05-13 13:49:53,622 [WARN] PackLoader:240 - Cannot read IP mode file for STMicroelectronics.X-CUBE-SFXS2LP1.4.0.0
2026-05-13 13:49:53,635 [WARN] PackLoader:240 - Cannot read IP mode file for STMicroelectronics.X-CUBE-WB05N.2.1.0
2026-05-13 13:49:53,646 [ERROR] Engine:466 - C:\Users\hp\.stm32cubemx\thirdparties\pdsc\STMicroelectronics.X-CUBE-ST67W61.1.2.0.pdsc: PDSC version is not supported
2026-05-13 13:49:53,667 [WARN] PackLoader:240 - Cannot read IP mode file for STMicroelectronics.X-CUBE-BLEMGR.4.1.0
2026-05-13 13:49:53,693 [WARN] ConditionMgr:438 - getConditionDescription Invalid condition id : UX DEVICE CLASS RTOS Condition cause : null
2026-05-13 13:49:53,694 [WARN] ConditionMgr:438 - getConditionDescription Invalid condition id : UX DEVICE CLASS RTOS Condition cause : null
2026-05-13 13:49:53,699 [WARN] PackLoader:240 - Cannot read IP mode file for STMicroelectronics.X-CUBE-AZRTOS-WB.2.0.0
2026-05-13 13:49:53,700 [WARN] ConditionMgr:1044 - genDependencies : Invalid condition id : UX DEVICE CLASS RTOS Condition cause : null
2026-05-13 13:49:53,701 [WARN] ConditionMgr:1044 - genDependencies : Invalid condition id : UX DEVICE CLASS RTOS Condition cause : null
2026-05-13 13:49:53,702 [WARN] ConditionMgr:1044 - genDependencies : Invalid condition id : UX DEVICE CLASS RTOS Condition cause : null
2026-05-13 13:49:53,703 [WARN] ConditionMgr:1044 - genDependencies : Invalid condition id : UX DEVICE CLASS RTOS Condition cause : null
2026-05-13 13:49:53,703 [WARN] ConditionMgr:1044 - genDependencies : Invalid condition id : UX DEVICE CLASS RTOS Condition cause : null
2026-05-13 13:49:53,715 [WARN] ConditionMgr:438 - getConditionDescription Invalid condition id : Cortex-A Device cause : null
2026-05-13 13:49:53,738 [WARN] ConditionMgr:1044 - genDependencies : Invalid condition id : Cortex-A Device cause : null
2026-05-13 13:49:53,739 [WARN] ConditionMgr:1044 - genDependencies : Invalid condition id : Cortex-A Device cause : null
2026-05-13 13:49:53,739 [WARN] ConditionMgr:1044 - genDependencies : Invalid condition id : Cortex-A Device cause : null
2026-05-13 13:49:53,756 [WARN] PackLoader:240 - Cannot read IP mode file for STMicroelectronics.X-CUBE-STSE01.2.0.0
2026-05-13 13:49:53,782 [WARN] PackLoader:240 - Cannot read IP mode file for STMicroelectronics.X-CUBE-SUBG2.5.0.0
2026-05-13 13:49:53,814 [WARN] PackLoader:240 - Cannot read IP mode file for STMicroelectronics.X-CUBE-AZRTOS-G4.2.0.0
2026-05-13 13:49:53,834 [WARN] PackLoader:240 - Cannot read IP mode file for wolfSSL.I-CUBE-wolfSSH.1.4.20
2026-05-13 13:49:53,851 [WARN] PackLoader:240 - Cannot read IP mode file for STMicroelectronics.X-CUBE-NFC7.2.0.0
2026-05-13 13:49:53,868 [WARN] PackLoader:240 - Cannot read IP mode file for STMicroelectronics.X-CUBE-ALS.1.0.2
2026-05-13 13:49:54,082 [WARN] PackLoader:240 - Cannot read IP mode file for STMicroelectronics.X-CUBE-TOF1.3.4.3
2026-05-13 13:49:54,104 [INFO] ThirdParty:978 - Integrity check success = true
2026-05-13 13:49:54,104 [INFO] IntegrityCheckThread:100 - exiting critical section [integrity check]
2026-05-13 13:49:54,104 [INFO] IntegrityCheckThread:103 - End integrity checks thread
2026-05-13 13:49:54,163 [INFO] ProjectFactory:442 - No CPN specified for board STM32F407G-DISC1 => set CPN to STM32F407VGT6
2026-05-13 13:49:54,166 [INFO] Mcu:2011 - Initializing MCU STM32F407V(E-G)Tx STM32F407VGTx STM32F407VGT6
2026-05-13 13:49:59,943 [INFO] Context:756 - Trying to add GPIOservice into a context  which must be forbidden
2026-05-13 13:50:01,274 [INFO] Rule:224 - rule 117617 - U5Cobra4M][GTZC] default value MPCBB3 and MPCBB5 - Not Secured memory - MPCBB1 is applicable
2026-05-13 13:50:01,275 [INFO] Rule:224 - rule 117617 - U5Cobra4M][GTZC] default value MPCBB3 and MPCBB5 - Not Secured memory - MPCBB1 is applicable
2026-05-13 13:50:01,275 [INFO] Rule:224 - rule 117617 - U5Cobra4M][GTZC] default value MPCBB3 and MPCBB5 - Not Secured memory - MPCBB2 is applicable
2026-05-13 13:50:01,275 [INFO] Rule:224 - rule 117617 - U5Cobra4M][GTZC] default value MPCBB3 and MPCBB5 - Not Secured memory - MPCBB2 is applicable
2026-05-13 13:50:01,275 [INFO] Rule:224 - rule 117617 - U5Cobra4M][GTZC] default value MPCBB3 and MPCBB5 - Not Secured memory - MPCBB3 is applicable
2026-05-13 13:50:01,275 [INFO] Rule:224 - rule 117617 - U5Cobra4M][GTZC] default value MPCBB3 and MPCBB5 - Not Secured memory - MPCBB3 is applicable
2026-05-13 13:50:01,276 [INFO] Rule:224 - rule 117617 - U5Cobra4M][GTZC] default value MPCBB3 and MPCBB5 - Not Secured memory - MPCBB4 is applicable
2026-05-13 13:50:01,276 [INFO] Rule:224 - rule 117617 - U5Cobra4M][GTZC] default value MPCBB3 and MPCBB5 - Not Secured memory - MPCBB4 is applicable
2026-05-13 13:50:01,276 [INFO] Rule:224 - rule 117617 - U5Cobra4M][GTZC] default value MPCBB3 and MPCBB5 - Secured memory - MPCBB1 is applicable
2026-05-13 13:50:01,276 [INFO] Rule:224 - rule 117617 - U5Cobra4M][GTZC] default value MPCBB3 and MPCBB5 - Secured memory - MPCBB2 is applicable
2026-05-13 13:50:01,276 [INFO] Rule:224 - rule 117617 - U5Cobra4M][GTZC] default value MPCBB3 and MPCBB5 - Secured memory - MPCBB3 is applicable
2026-05-13 13:50:01,276 [INFO] Rule:224 - rule 117617 - U5Cobra4M][GTZC] default value MPCBB3 and MPCBB5 - Secured memory - MPCBB4 is applicable
2026-05-13 13:50:01,276 [INFO] Rule:224 - rule 117617 - U5Cobra4M][GTZC] default value MPCBB3 and MPCBB5 - Privileged memory - MPCBB1 is applicable
2026-05-13 13:50:01,276 [INFO] Rule:224 - rule 117617 - U5Cobra4M][GTZC] default value MPCBB3 and MPCBB5 - Privileged memory - MPCBB2 is applicable
2026-05-13 13:50:01,276 [INFO] Rule:224 - rule 117617 - U5Cobra4M][GTZC] default value MPCBB3 and MPCBB5 - Privileged memory - MPCBB3 is applicable
2026-05-13 13:50:01,276 [INFO] Rule:224 - rule 117617 - U5Cobra4M][GTZC] default value MPCBB3 and MPCBB5 - Privileged memory - MPCBB4 is applicable
2026-05-13 13:50:01,277 [INFO] Rule:224 - rule 117617 - U5Cobra4M][GTZC] default value MPCBB3 and MPCBB5 - Not Privileged memory - MPCBB1 is applicable
2026-05-13 13:50:01,277 [INFO] Rule:224 - rule 117617 - U5Cobra4M][GTZC] default value MPCBB3 and MPCBB5 - Not Privileged memory - MPCBB2 is applicable
2026-05-13 13:50:01,277 [INFO] Rule:224 - rule 117617 - U5Cobra4M][GTZC] default value MPCBB3 and MPCBB5 - Not Privileged memory - MPCBB3 is applicable
2026-05-13 13:50:01,277 [INFO] Rule:224 - rule 117617 - U5Cobra4M][GTZC] default value MPCBB3 and MPCBB5 - Not Privileged memory - MPCBB4 is applicable
2026-05-13 13:50:01,277 [INFO] Rule:224 - rule 117617 - U5Cobra4M][GTZC] default value MPCBB3 and MPCBB5 - Privileged memory - MPCBB1 is applicable
2026-05-13 13:50:01,277 [INFO] Rule:224 - rule 117617 - U5Cobra4M][GTZC] default value MPCBB3 and MPCBB5 - Privileged memory - MPCBB2 is applicable
2026-05-13 13:50:01,277 [INFO] Rule:224 - rule 117617 - U5Cobra4M][GTZC] default value MPCBB3 and MPCBB5 - Privileged memory - MPCBB3 is applicable
2026-05-13 13:50:01,277 [INFO] Rule:224 - rule 117617 - U5Cobra4M][GTZC] default value MPCBB3 and MPCBB5 - Privileged memory - MPCBB4 is applicable
2026-05-13 13:50:01,277 [INFO] Rule:224 - rule 117617 - U5Cobra4M][GTZC] default value MPCBB3 and MPCBB5 - Privileged memory - MPCBB1 is applicable
2026-05-13 13:50:01,277 [INFO] Rule:224 - rule 117617 - U5Cobra4M][GTZC] default value MPCBB3 and MPCBB5 - Privileged memory - MPCBB2 is applicable
2026-05-13 13:50:01,277 [INFO] Rule:224 - rule 117617 - U5Cobra4M][GTZC] default value MPCBB3 and MPCBB5 - Privileged memory - MPCBB3 is applicable
2026-05-13 13:50:01,278 [INFO] Rule:224 - rule 117617 - U5Cobra4M][GTZC] default value MPCBB3 and MPCBB5 - Privileged memory - MPCBB4 is applicable
2026-05-13 13:50:01,278 [INFO] Rule:224 - rule 117617 - U5Cobra4M][GTZC] default value MPCBB3 and MPCBB5 - Not Privileged memory - MPCBB1 is applicable
2026-05-13 13:50:01,278 [INFO] Rule:224 - rule 117617 - U5Cobra4M][GTZC] default value MPCBB3 and MPCBB5 - Not Privileged memory - MPCBB2 is applicable
2026-05-13 13:50:01,278 [INFO] Rule:224 - rule 117617 - U5Cobra4M][GTZC] default value MPCBB3 and MPCBB5 - Not Privileged memory - MPCBB3 is applicable
2026-05-13 13:50:01,278 [INFO] Rule:224 - rule 117617 - U5Cobra4M][GTZC] default value MPCBB3 and MPCBB5 - Not Privileged memory - MPCBB4 is applicable
2026-05-13 13:50:01,278 [INFO] Rule:224 - rule 117617 - U5Cobra4M][GTZC] default value MPCBB3 and MPCBB5 - Privileged memory - MPCBB1 is applicable
2026-05-13 13:50:01,278 [INFO] Rule:224 - rule 117617 - U5Cobra4M][GTZC] default value MPCBB3 and MPCBB5 - Privileged memory - MPCBB2 is applicable
2026-05-13 13:50:01,278 [INFO] Rule:224 - rule 117617 - U5Cobra4M][GTZC] default value MPCBB3 and MPCBB5 - Privileged memory - MPCBB3 is applicable
2026-05-13 13:50:01,278 [INFO] Rule:224 - rule 117617 - U5Cobra4M][GTZC] default value MPCBB3 and MPCBB5 - Privileged memory - MPCBB4 is applicable
2026-05-13 13:50:01,278 [INFO] Rule:224 - rule Rename SubGHz_Phy SUBGHZ_APPLICATION SUBGHZ_PINGPONG to SUBGHZ_ADV_APPLICATION is applicable
2026-05-13 13:50:01,278 [INFO] Rule:224 - rule Rename Enabled to IBEACON is applicable
2026-05-13 13:50:01,279 [INFO] Rule:224 - rule GTZC_S instance for project manager is applicable
2026-05-13 13:50:01,279 [INFO] Rule:224 - rule GTZC_S instance for context M33S is applicable
2026-05-13 13:50:01,279 [INFO] Rule:224 - rule GTZC_S instance value for IP GTZC is applicable
2026-05-13 13:50:01,279 [INFO] Rule:224 - rule GTZC_S instance for mcu.IP is applicable
2026-05-13 13:50:01,280 [INFO] Rule:224 - rule GTZC_S instance for VP is applicable
2026-05-13 13:50:01,280 [INFO] Rule:224 - rule GTZC_S instance for signal is applicable
2026-05-13 13:50:01,280 [INFO] Rule:224 - rule GTZC_S instance for mcu.Pin is applicable
2026-05-13 13:50:01,280 [INFO] Rule:224 - rule GTZC_S instance for VP is applicable
2026-05-13 13:50:01,280 [INFO] Rule:224 - rule GTZC_S instance for signal is applicable
2026-05-13 13:50:01,281 [INFO] Rule:224 - rule GTZC_S instance for mcu is applicable
2026-05-13 13:50:01,281 [INFO] Rule:224 - rule GTZC_S instance for mcu.Pin is applicable
2026-05-13 13:50:01,282 [INFO] Rule:224 - rule GTZC_S instance value for IP GTZC is applicable
2026-05-13 13:50:01,282 [INFO] Rule:224 - rule GTZC_S instance for project manager is applicable
2026-05-13 13:50:01,282 [INFO] Rule:224 - rule GTZC_S instance for context M33S is applicable
2026-05-13 13:50:01,282 [INFO] Rule:224 - rule GTZC_S instance for VP is applicable
2026-05-13 13:50:01,282 [INFO] Rule:224 - rule GTZC_S instance for signal is applicable
2026-05-13 13:50:01,282 [INFO] Rule:224 - rule SPDIFRX instance for mcu is applicable
2026-05-13 13:50:01,282 [INFO] Rule:224 - rule Rename Tracer Mode is applicable
2026-05-13 13:50:01,282 [INFO] Rule:224 - rule SPDIFRX instance value for IP SPDIFRX is applicable
2026-05-13 13:50:01,282 [INFO] Rule:224 - rule SPDIFRX instance for signal is applicable
2026-05-13 13:50:01,282 [INFO] Rule:224 - rule SPDIFRX instance for project manager is applicable
2026-05-13 13:50:01,282 [INFO] Rule:224 - rule SPDIFRX instance for project manager is applicable
2026-05-13 13:50:01,283 [INFO] Rule:224 - rule ADC Scan  fix with FW F7 is applicable
2026-05-13 13:50:01,283 [INFO] Rule:224 - rule ADC Scan  fix with FW F7 is applicable
2026-05-13 13:50:01,285 [INFO] Rule:224 - rule WakeUp0 Mode is applicable
2026-05-13 13:50:01,285 [INFO] Rule:224 - rule WakeUp0 SIGNAL is applicable
2026-05-13 13:50:01,286 [INFO] Rule:224 - rule WakeUp1 Mode is applicable
2026-05-13 13:50:01,286 [INFO] Rule:224 - rule WakeUp1 SIGNAL is applicable
2026-05-13 13:50:01,286 [INFO] Rule:224 - rule WakeUp2 Mode is applicable
2026-05-13 13:50:01,286 [INFO] Rule:224 - rule WakeUp2 SIGNAL is applicable
2026-05-13 13:50:01,286 [INFO] Rule:224 - rule WakeUp4 Mode is applicable
2026-05-13 13:50:01,287 [INFO] Rule:224 - rule WakeUp4 SIGNAL is applicable
2026-05-13 13:50:01,287 [INFO] Rule:224 - rule WakeUp5 Mode is applicable
2026-05-13 13:50:01,287 [INFO] Rule:224 - rule WakeUp5 SIGNAL is applicable
2026-05-13 13:50:01,287 [INFO] Rule:224 - rule Add RTC Activate Clock Source is applicable
2026-05-13 13:50:01,287 [INFO] Rule:224 - rule Add RTC Activate Calendar 1 is applicable
2026-05-13 13:50:01,287 [INFO] Rule:224 - rule Add RTC Activate Calendar 2 is applicable
2026-05-13 13:50:01,287 [INFO] Rule:224 - rule Add RTC Activate Calendar 3 is applicable
2026-05-13 13:50:01,288 [INFO] Rule:224 - rule UART/USART TX Mode is applicable
2026-05-13 13:50:01,288 [INFO] Rule:224 - rule UART/USART RX Mode is applicable
2026-05-13 13:50:01,288 [INFO] Rule:224 - rule UART/USART RX TX Mode is applicable
2026-05-13 13:50:01,288 [INFO] Rule:224 - rule UART/USART PARITY NONE is applicable
2026-05-13 13:50:01,288 [INFO] Rule:224 - rule UART/USART PARITY EVEN is applicable
2026-05-13 13:50:01,288 [INFO] Rule:224 - rule UART/USART PARITY ODD is applicable
2026-05-13 13:50:01,288 [INFO] Rule:224 - rule USART StopBits 1 is applicable
2026-05-13 13:50:01,289 [INFO] Rule:224 - rule USART StopBits 2 is applicable
2026-05-13 13:50:01,289 [INFO] Rule:224 - rule USART StopBits 1.5 is applicable
2026-05-13 13:50:01,289 [INFO] Rule:224 - rule USART StopBits 0.5 is applicable
2026-05-13 13:50:01,289 [INFO] Rule:224 - rule UART/USART WORD LENGTH 7 is applicable
2026-05-13 13:50:01,289 [INFO] Rule:224 - rule UART/USART WORD LENGTH 8 is applicable
2026-05-13 13:50:01,289 [INFO] Rule:224 - rule UART/USART WORD LENGTH 9 is applicable
2026-05-13 13:50:01,289 [INFO] Rule:224 - rule Rename FMC NAND NCE signal is applicable
2026-05-13 13:50:01,290 [INFO] Rule:224 - rule Rename FMC NAND INT signal is applicable
2026-05-13 13:50:01,290 [INFO] Rule:224 - rule Change Default Value for LSE Drive Capability for WB family is applicable
2026-05-13 13:50:01,290 [INFO] Rule:224 - rule Change Default Value for ADC Clock Prescaler G0 family is applicable
2026-05-13 13:50:01,290 [INFO] Rule:224 - rule Change Default Value for ADC ExternalTrigConv L4 family is applicable
2026-05-13 13:50:01,290 [INFO] Rule:224 - rule Change Default Value for ADC ExternalTrigInjecConv L4 family is applicable
2026-05-13 13:50:01,290 [INFO] Rule:224 - rule Change Default Value for ADC ExternalTrigConv F3 family is applicable
2026-05-13 13:50:01,290 [INFO] Rule:224 - rule Change Default Value for ADC ExternalTrigInjecConv F3 family is applicable
2026-05-13 13:50:01,291 [INFO] Rule:224 - rule Change Default Value for ADC ExternalTrigConv Goldfish serie is applicable
2026-05-13 13:50:01,291 [INFO] Rule:224 - rule Change Default Value for ADC ExternalTrigInjecConv Goldfish serie is applicable
2026-05-13 13:50:01,291 [INFO] Rule:224 - rule Change Default Value for ADC ExternalTrigConv L0 family is applicable
2026-05-13 13:50:01,291 [INFO] Rule:224 - rule Change Default Value for ADC ExternalTrigConv F0 family is applicable
2026-05-13 13:50:01,291 [INFO] Rule:224 - rule Change Default Value for ADC ExternalTrigConvn L1 family is applicable
2026-05-13 13:50:01,291 [INFO] Rule:224 - rule Change Default Value for ADC ExternalTrigInjecConv L1 family is applicable
2026-05-13 13:50:01,291 [INFO] Rule:224 - rule Change Default Value for ADC ExternalTrigConv F1 family is applicable
2026-05-13 13:50:01,291 [INFO] Rule:224 - rule Change Default Value for ADC ExternalTrigInjecConv F1 family is applicable
2026-05-13 13:50:01,292 [INFO] Rule:224 - rule Change Default Value for ADC ExternalTrigConv F7 family is applicable
2026-05-13 13:50:01,292 [INFO] Rule:224 - rule Change Default Value for ADC ExternalTrigInjecConv F7 family is applicable
2026-05-13 13:50:01,292 [INFO] Rule:224 - rule Change Default Value for ADC ExternalTrigConv F4 and F2 family is applicable
2026-05-13 13:50:01,292 [INFO] Rule:224 - rule Change Default Value for ADC ExternalTrigInjecConv F4 and F2 family is applicable
2026-05-13 13:50:01,292 [INFO] Rule:224 - rule ADC SamplingTime fix with FW L0  is applicable
2026-05-13 13:50:01,292 [INFO] Rule:224 - rule ADC SamplingTime fix with FW L0  is applicable
2026-05-13 13:50:01,293 [INFO] Rule:224 - rule ADC SamplingTime fix with FW L0 is applicable
2026-05-13 13:50:01,293 [INFO] Rule:224 - rule ADC SamplingTime fix with FW L0 is applicable
2026-05-13 13:50:01,293 [INFO] Rule:224 - rule ADC SamplingTime fix with FW L0  is applicable
2026-05-13 13:50:01,294 [INFO] Rule:224 - rule ADC SamplingTime fix with FW L0 is applicable
2026-05-13 13:50:01,294 [INFO] Rule:224 - rule Rename USB_OE Signal is applicable
2026-05-13 13:50:01,294 [INFO] Rule:224 - rule Rename Activate_OE Mode is applicable
2026-05-13 13:50:01,294 [INFO] Rule:224 - rule Rename DIE462/DIE415 pin PC14/OSC32_IN -> PC14-OSC32_IN (PC14) is applicable
2026-05-13 13:50:01,294 [INFO] Rule:224 - rule Rename DIE462/DIE415 pin PC15/OSC32_OUT -> PC15-OSC32_OUT (PC15) is applicable
2026-05-13 13:50:01,294 [INFO] Rule:224 - rule Rename DIE462/DIE415 pin PH0/OSC_IN -> PH0-OSC_IN (PH0) is applicable
2026-05-13 13:50:01,295 [INFO] Rule:224 - rule Rename DIE462/DIE415 pin PH1/OSC_OUT -> PH1-OSC_OUT (PH1) is applicable
2026-05-13 13:50:01,295 [INFO] Rule:224 - rule Rename DIE462 pin PA13 -> PA13 (JTMS/SWDIO) is applicable
2026-05-13 13:50:01,295 [INFO] Rule:224 - rule Rename DIE415 pin PA13 -> PA13 (JTMS/SWDIO) is applicable
2026-05-13 13:50:01,295 [INFO] Rule:224 - rule Rename DIE462 pin PA14 -> PA14 (JTCK/SWCLK) is applicable
2026-05-13 13:50:01,295 [INFO] Rule:224 - rule Rename DIE415 pin PA14 -> PA14 (JTCK/SWCLK) is applicable
2026-05-13 13:50:01,295 [INFO] Rule:224 - rule Rename DIE462/DIE415 pin PA15 -> PA15 (JTDI) is applicable
2026-05-13 13:50:01,296 [INFO] Rule:224 - rule Rename DIE462 pin PB3 -> PB3 (JTD0/TRACESWO) is applicable
2026-05-13 13:50:01,296 [INFO] Rule:224 - rule Rename DIE415 pin PB3 -> PB3 (JTD0-TRACESWO) is applicable
2026-05-13 13:50:01,296 [INFO] Rule:224 - rule Rename DIE462/DIE415 pin PB4 -> PB4 (NJTRST) is applicable
2026-05-13 13:50:01,296 [INFO] Rule:224 - rule Rename DIE462 pin PH3/BOOT0 -> PH3-BOOT0 (BOOT0) is applicable
2026-05-13 13:50:01,296 [INFO] Rule:224 - rule Rename CRYP DataEncryptionTypesList to Algorithm is applicable
2026-05-13 13:50:01,296 [INFO] Rule:224 - rule Rename AES DataEncryptionTypesList to Algorithm is applicable
2026-05-13 13:50:01,297 [INFO] Rule:224 - rule Rename TDESECB to CRYP_TDES_ECB is applicable
2026-05-13 13:50:01,297 [INFO] Rule:224 - rule Rename TDESCBC to CRYP_TDES_CBC is applicable
2026-05-13 13:50:01,297 [INFO] Rule:224 - rule Rename DESECB to CRYP_DES_ECB is applicable
2026-05-13 13:50:01,297 [INFO] Rule:224 - rule Rename DESCBC to CRYP_DES_CBC is applicable
2026-05-13 13:50:01,297 [INFO] Rule:224 - rule Rename AESECB to CRYP_AES_ECB is applicable
2026-05-13 13:50:01,297 [INFO] Rule:224 - rule Rename AESCBC to CRYP_AES_CBC is applicable
2026-05-13 13:50:01,297 [INFO] Rule:224 - rule Rename AESCTR to CRYP_AES_CTR is applicable
2026-05-13 13:50:01,298 [INFO] Rule:224 - rule Rename AESGCM to CRYP_AES_GCM is applicable
2026-05-13 13:50:01,298 [INFO] Rule:224 - rule Rename AESCCM to CRYP_AES_CCM is applicable
2026-05-13 13:50:01,298 [INFO] Rule:224 - rule Rename CAN TimeSeg1 to BS1 is applicable
2026-05-13 13:50:01,298 [INFO] Rule:224 - rule Rename CAN TimeSeg2 to BS2 is applicable
2026-05-13 13:50:01,298 [INFO] Rule:224 - rule Rename CAN SyncJumpWidth to SJW is applicable
2026-05-13 13:50:01,298 [INFO] Rule:224 - rule TimeTriggeredMode to TTCM is applicable
2026-05-13 13:50:01,299 [INFO] Rule:224 - rule Rename CAN AutoBusOff to ABOM is applicable
2026-05-13 13:50:01,299 [INFO] Rule:224 - rule Rename CAN AutoWakeUp to AWUM is applicable
2026-05-13 13:50:01,299 [INFO] Rule:224 - rule Rename CAN AutoRetransmission to NART is applicable
2026-05-13 13:50:01,299 [INFO] Rule:224 - rule Rename CAN ReceiveFifoLocked to RFLM is applicable
2026-05-13 13:50:01,299 [INFO] Rule:224 - rule Rename CAN TransmitFifoPriority to TXFP is applicable
2026-05-13 13:50:01,299 [INFO] Rule:224 - rule Rename HRTIMER HRTIM_OUTPUTFAULTLEVEL_HIGH in HRTIMER HRTIM_OUTPUTFAULTLEVEL_HIGHZ is applicable
2026-05-13 13:50:01,299 [INFO] Rule:224 - rule Rename TIMER TIM_CLEARINPUTSOURCE_OCREFCLR in  TIMER TIM_CLEARINPUTSOURCE_NONE for F7 family is applicable
2026-05-13 13:50:01,300 [INFO] Rule:224 - rule FDCAN_R1 - Rename FDCAN mode Master into Classic is applicable
2026-05-13 13:50:01,300 [INFO] Rule:224 - rule FDCAN_R2 - Rename FDCAN mode Slave into Classic is applicable
2026-05-13 13:50:01,302 [INFO] Rule:224 - rule FDCAN1_R3 - if PA10.Mode=FullDuplex, add Pin PA12 is applicable
2026-05-13 13:50:01,302 [INFO] Rule:224 - rule FDCAN1_R3 - if PA9.Mode=FullDuplex, add Pin PA11 is applicable
2026-05-13 13:50:01,303 [INFO] Rule:224 - rule FDCAN1_R3 - Alternatepin_1 - if PE1.Mode=FullDuplex, add Pin PB9 is applicable
2026-05-13 13:50:01,303 [INFO] Rule:224 - rule FDCAN1_R3 - Alternatepin_1 - if PE0.Mode=FullDuplex, add Pin PB8 is applicable
2026-05-13 13:50:01,304 [INFO] Rule:224 - rule FDCAN1_R3 - Alternatepin_2 - if PD5.Mode=FullDuplex, add Pin PD1 is applicable
2026-05-13 13:50:01,304 [INFO] Rule:224 - rule FDCAN1_R3 - Alternatepin_2 - if PD4.Mode=FullDuplex, add Pin PD0 is applicable
2026-05-13 13:50:01,304 [INFO] Rule:224 - rule FDCAN1_R4 - Rename Mode FullDuplex into Enable FDCAN_TXFD for pin PA10 is applicable
2026-05-13 13:50:01,304 [INFO] Rule:224 - rule FDCAN1_R4 - Rename Mode FullDuplex into Enable FDCAN_TXFD for pin PA9 is applicable
2026-05-13 13:50:01,304 [INFO] Rule:224 - rule FDCAN1_R4 - Alternatepin_1 - Rename Mode FullDuplex into Enable FDCAN_TXFD for pin PE1 is applicable
2026-05-13 13:50:01,304 [INFO] Rule:224 - rule FDCAN1_R4 - Alternatepin_1 - Rename Mode FullDuplex into Enable FDCAN_TXFD for pin PE0 is applicable
2026-05-13 13:50:01,305 [INFO] Rule:224 - rule FDCAN1_R4 - Alternatepin_2 - Rename Mode FullDuplex into Enable FDCAN_TXFD for pin PD5 is applicable
2026-05-13 13:50:01,305 [INFO] Rule:224 - rule FDCAN1_R4 - Alternatepin_2 - Rename Mode FullDuplex into Enable FDCAN_TXFD for pin PD4 is applicable
2026-05-13 13:50:01,305 [INFO] Rule:224 - rule FDCAN2_R3 - if PD10.Mode=FullDuplex, add Pin PB13 is applicable
2026-05-13 13:50:01,305 [INFO] Rule:224 - rule FDCAN2_R3 - if PD9.Mode=FullDuplex, add Pin PB12 is applicable
2026-05-13 13:50:01,305 [INFO] Rule:224 - rule FDCAN2_R3 - Alternatepin_1 - if PB7.Mode=FullDuplex, add Pin PB6 is applicable
2026-05-13 13:50:01,305 [INFO] Rule:224 - rule FDCAN2_R3 - Alternatepin_1 - if PD9.Mode=FullDuplex, add Pin PB12 is applicable
2026-05-13 13:50:01,306 [INFO] Rule:224 - rule FDCAN2_R4 - Rename Mode FullDuplex into Enable FDCAN_TXFD for pin PD10 is applicable
2026-05-13 13:50:01,306 [INFO] Rule:224 - rule FDCAN2_R4 - Rename Mode FullDuplex into Enable FDCAN_TXFD for pin PD9 is applicable
2026-05-13 13:50:01,306 [INFO] Rule:224 - rule FDCAN2_R4 - Alternatepin_1 - Rename Mode FullDuplex into Enable FDCAN_TXFD for pin PB7 is applicable
2026-05-13 13:50:01,306 [INFO] Rule:224 - rule FDCAN2_R4 - Alternatepin_1 - Rename Mode FullDuplex into Enable FDCAN_TXFD for pin PD6 is applicable
2026-05-13 13:50:01,306 [INFO] Rule:224 - rule USART TxPinLevelInvertParam Mode is applicable
2026-05-13 13:50:01,306 [INFO] Rule:224 - rule USART RxPinLevelInvertParam Mode is applicable
2026-05-13 13:50:01,306 [INFO] Rule:224 - rule USART DataInvertParam Mode is applicable
2026-05-13 13:50:01,307 [INFO] Rule:224 - rule USART SwapParam Mode is applicable
2026-05-13 13:50:01,307 [INFO] Rule:224 - rule USART OverrunDisableParam Mode is applicable
2026-05-13 13:50:01,307 [INFO] Rule:224 - rule USART DMADisableonRxErrorParam Mode is applicable
2026-05-13 13:50:01,307 [INFO] Rule:224 - rule USART MSBFirstParam Mode is applicable
2026-05-13 13:50:01,307 [INFO] Rule:224 - rule Update MwName for USB_DEVICE is applicable
2026-05-13 13:50:01,307 [INFO] Rule:224 - rule Change PWR_Regulator_Voltage_Scale Default Value for RCC  H7 family is applicable
2026-05-13 13:50:01,307 [INFO] Rule:224 - rule UART/USART IPParameter rename Prescaler parameter to ClockPrescaler is applicable
2026-05-13 13:50:01,307 [INFO] Rule:224 - rule UART/USART Prescaler rename Prescaler parameter to ClockPrescaler is applicable
2026-05-13 13:50:01,307 [INFO] Rule:224 - rule TIM1CLockSelection is applicable
2026-05-13 13:50:01,308 [INFO] Rule:224 - rule TIM15CLockSelection is applicable
2026-05-13 13:50:01,308 [INFO] Rule:224 - rule align RCC SDMMC3CLockSelection default value on MP1 is applicable
2026-05-13 13:50:01,308 [INFO] Rule:224 - rule align RCC SDMMC12CLockSelection default value on MP1 is applicable
2026-05-13 13:50:01,308 [INFO] Rule:224 - rule align RCC QSPICLockSelection default value on MP1 is applicable
2026-05-13 13:50:01,308 [INFO] Rule:224 - rule align RCC QSPICLockSelection default value on MP1 is applicable
2026-05-13 13:50:01,308 [INFO] Rule:224 - rule align RCC SPI6CLockSelection default value on MP1 is applicable
2026-05-13 13:50:01,308 [INFO] Rule:224 - rule align RCC LPTIM23CLockSelection default value on MP1 is applicable
2026-05-13 13:50:01,308 [INFO] Rule:224 - rule align RCC LPTIM1CLockSelection default value on MP1 is applicable
2026-05-13 13:50:01,309 [INFO] Rule:224 - rule align RCC USART1CLockSelection default value on MP1 is applicable
2026-05-13 13:50:01,309 [INFO] Rule:224 - rule align RCC USART24CLockSelection default value on MP1 is applicable
2026-05-13 13:50:01,309 [INFO] Rule:224 - rule align RCC USART6CLockSelection default value on MP1 is applicable
2026-05-13 13:50:01,309 [INFO] Rule:224 - rule align RCC UART78CLockSelection default value on MP1 is applicable
2026-05-13 13:50:01,309 [INFO] Rule:224 - rule align RCC USART35CLockSelection default value on MP1 is applicable
2026-05-13 13:50:01,309 [INFO] Rule:224 - rule align RCC SPI45CLockSelection default value on MP1 is applicable
2026-05-13 13:50:01,309 [INFO] Rule:224 - rule align RCC I2C46CLockSelection BCLK value on MP1 is applicable
2026-05-13 13:50:01,309 [INFO] Rule:224 - rule align RCC SPI45CLockSelection default value on MP1 is applicable
2026-05-13 13:50:01,309 [INFO] Rule:224 - rule align RCC I2C12CLockSelection default value on MP1 is applicable
2026-05-13 13:50:01,310 [INFO] Rule:224 - rule align RCC I2C35CLockSelection default value on MP1 is applicable
2026-05-13 13:50:01,310 [INFO] Rule:224 - rule align RCC LPTIM45CLockSelection default value on MP1 is applicable
2026-05-13 13:50:01,310 [INFO] Rule:224 - rule Rename DCMI PIXCK signal is applicable
2026-05-13 13:50:01,310 [INFO] Rule:224 - rule Change Default Value for I2C46CLockSelection MP1 family is applicable
2026-05-13 13:50:01,310 [INFO] Rule:224 - rule Change Default Value for UART for G4, G0 and WB families is applicable
2026-05-13 13:50:01,310 [INFO] Rule:224 - rule Change Default Value for USART for G4, G0 and WB families is applicable
2026-05-13 13:50:01,310 [INFO] Rule:224 - rule Change Default Value for USART for G4 family is applicable
2026-05-13 13:50:01,310 [INFO] Rule:224 - rule Change USART1CLockSelection refparam name for MP1 is applicable
2026-05-13 13:50:01,311 [INFO] Rule:224 - rule Change USART2CLockSelection refparam name for MP1 is applicable
2026-05-13 13:50:01,311 [INFO] Rule:224 - rule Change USART3CLockSelection refparam name for MP1 is applicable
2026-05-13 13:50:01,311 [INFO] Rule:224 - rule Change UART4CLockSelection refparam name for MP1 is applicable
2026-05-13 13:50:01,311 [INFO] Rule:224 - rule Change UART5CLockSelection refparam name for MP1 is applicable
2026-05-13 13:50:01,311 [INFO] Rule:224 - rule Change LPUART1CLockSelection refparam name for MP1 is applicable
2026-05-13 13:50:01,311 [INFO] Rule:224 - rule Change LPTIM1CLockSelection refparam name for MP1 is applicable
2026-05-13 13:50:01,311 [INFO] Rule:224 - rule Change LPTIM2CLockSelection refparam name for MP1 is applicable
2026-05-13 13:50:01,311 [INFO] Rule:224 - rule Change RCC_MCO1Source refparam name for MP1 is applicable
2026-05-13 13:50:01,311 [INFO] Rule:224 - rule Change LSCOSource1 refparam name for MP1 is applicable
2026-05-13 13:50:01,312 [INFO] Rule:224 - rule Change SMPSCLockSelection refparam name for MP1 is applicable
2026-05-13 13:50:01,312 [INFO] Rule:224 - rule Change LPTIM3CLockSelection refparam name for MP1 is applicable
2026-05-13 13:50:01,312 [INFO] Rule:224 - rule Change MPCBB* Default Template Mode to Parameters is applicable
2026-05-13 13:50:01,312 [INFO] Rule:224 - rule Change MPCWM* or MPCBB* Secure Mode to Parameters is applicable
2026-05-13 13:50:01,312 [INFO] Rule:224 - rule Change MPCWM* or MPCBB* No Secure Mode to Parameters is applicable
2026-05-13 13:50:01,312 [INFO] Rule:224 - rule Change TZSC IP Secure Mode to Parameters is applicable
2026-05-13 13:50:01,312 [INFO] Rule:224 - rule Change TZSC IP No Secure Mode to Parameters is applicable
2026-05-13 13:50:01,312 [INFO] Rule:224 - rule Change TZSC IP Privilege Mode to Parameters is applicable
2026-05-13 13:50:01,312 [INFO] Rule:224 - rule Change TZSC IP No Privilege Mode to Parameters is applicable
2026-05-13 13:50:01,312 [INFO] Rule:224 - rule Change TZIC IT Secure Mode to Parameters is applicable
2026-05-13 13:50:01,312 [INFO] Rule:224 - rule Change TZIC IT No Secure Mode to Parameters is applicable
2026-05-13 13:50:01,313 [INFO] Rule:224 - rule Add MPCBB1_NonSecureArea_Start_Address value with referenced to MPCBB1_NonSecureArea_Start value is applicable
2026-05-13 13:50:01,313 [INFO] Rule:224 - rule Add MPCBB2_NonSecureArea_Start_Address value with referenced to MPCBB2_NonSecureArea_Start value is applicable
2026-05-13 13:50:01,313 [INFO] Rule:224 - rule Add MPCWM1_NonSecureArea*_Start_Address value with referenced to MPCWM1_NonSecureArea*_Start value is applicable
2026-05-13 13:50:01,313 [INFO] Rule:224 - rule Add MPCWM2_NonSecureArea*_Start_Address value with referenced to MPCWM2_NonSecureArea*_Start value is applicable
2026-05-13 13:50:01,313 [INFO] Rule:224 - rule Add MPCWM3_NonSecureArea_Start_Address value with referenced to MPCWM3_NonSecureArea_Start value is applicable
2026-05-13 13:50:01,313 [INFO] Rule:224 - rule Change Default Value for PLL1UserDefinedConfig is applicable
2026-05-13 13:50:01,313 [INFO] Rule:224 - rule Change GPIO_PuPd Default Value for USART in async mode is applicable
2026-05-13 13:50:01,313 [INFO] Rule:224 - rule Change SMPSDivider Default Value is applicable
2026-05-13 13:50:01,313 [INFO] Rule:224 - rule OPAMP is applicable
2026-05-13 13:50:01,314 [INFO] Rule:224 - rule LPUART IPParameter rename Prescaler parameter to ClockPrescaler for STM32H7 is applicable
2026-05-13 13:50:01,314 [INFO] Rule:224 - rule LPUART IPParameter rename Prescaler parameter to ClockPrescaler for STM32H7 is applicable
2026-05-13 13:50:01,314 [INFO] Rule:224 - rule LPUART IPParameter rename Prescaler parameter to ClockPrescaler for STM32WB is applicable
2026-05-13 13:50:01,314 [INFO] Rule:224 - rule LPUART IPParameter rename Prescaler parameter to ClockPrescaler for STM32WB is applicable
2026-05-13 13:50:01,314 [INFO] Rule:224 - rule LPUART IPParameter rename Prescaler parameter to ClockPrescaler for STM32G4 is applicable
2026-05-13 13:50:01,315 [INFO] Rule:224 - rule LPUART IPParameter rename Prescaler parameter to ClockPrescaler for STM32G4 is applicable
2026-05-13 13:50:01,315 [INFO] Rule:224 - rule LPUART IPParameter rename Prescaler parameter to ClockPrescaler for STM32L5 is applicable
2026-05-13 13:50:01,315 [INFO] Rule:224 - rule LPUART IPParameter rename Prescaler parameter to ClockPrescaler for STM32L5 is applicable
2026-05-13 13:50:01,315 [INFO] Rule:224 - rule LPUART IPParameter rename Prescaler parameter to ClockPrescaler for STM32G4 is applicable
2026-05-13 13:50:01,315 [INFO] Rule:224 - rule LPUART IPParameter rename Prescaler parameter to ClockPrescaler for STM32G4 is applicable
2026-05-13 13:50:01,315 [INFO] Rule:224 - rule USB device lib V2.5.3 for L0 rename USBD_SUPPORT_USER_STRING parameter to USBD_SUPPORT_USER_STRING_DESC4 is applicable
2026-05-13 13:50:01,316 [INFO] Rule:224 - rule I2SCLockSelection clock entry align is applicable
2026-05-13 13:50:01,316 [INFO] Rule:224 - rule Assign TIMx context if used as SYS timebase is applicable
2026-05-13 13:50:01,316 [INFO] Rule:224 - rule Change GPIO_Pu Default Value for I2C is applicable
2026-05-13 13:50:01,316 [INFO] Rule:224 - rule Change GPIO_Pu Default Value for SMBus is applicable
2026-05-13 13:50:01,316 [INFO] Rule:224 - rule change FDCAN default value is applicable
2026-05-13 13:50:01,317 [INFO] Rule:224 - rule Change mode sai is applicable
2026-05-13 13:50:01,318 [INFO] Rule:224 - rule **Change sai mode is applicable
2026-05-13 13:50:01,319 [INFO] Rule:224 - rule Rename STM32WPAN CFG_BLE_IRK to CFG_BLE_IR is applicable
2026-05-13 13:50:01,319 [INFO] Rule:224 - rule Rename STM32WPAN CFG_BLE_ERK to CFG_BLE_ER is applicable
2026-05-13 13:50:01,320 [INFO] Rule:224 - rule Rename STM32WPAN CFG_BLE_IRK_HEX to CFG_BLE_IR_HEX is applicable
2026-05-13 13:50:01,320 [INFO] Rule:224 - rule Rename STM32WPAN CFG_BLE_ERK_HEX to CFG_BLE_ER_HEX is applicable
2026-05-13 13:50:01,320 [INFO] Rule:224 - rule Adapt Old IOC before rework replace old CORTEX_M33/CORTEX_M55 attributes by the new one. is applicable
2026-05-13 13:50:01,320 [INFO] Rule:224 - rule Rename parametre of RCC RCC_APBDBG_DIV2 to RCC_TIMPRES_DIV2 is applicable
2026-05-13 13:50:01,321 [INFO] Rule:224 - rule Rename DIE493 pin PA10 [PA12] -> PA10 is applicable
2026-05-13 13:50:01,321 [INFO] Rule:224 - rule Rename DIE493 pin PA9 [PA11] -> PA9 is applicable
2026-05-13 13:50:01,433 [INFO] DbConfProperties:307 - Apply Compatibility (50/266 Rules)
2026-05-13 13:50:01,509 [INFO] ImportTextPane:218 - (OptionalMessage_ERROR) Unable to find key (Mcu.ThirdPartyNb) in loaded IOC file
2026-05-13 13:50:01,524 [INFO] ImportTextPane:218 - (OptionalMessage_ERROR) Pin35 (VP_RIF_VS_RIF1) cannot be retrieved for this MCU
2026-05-13 13:50:02,203 [INFO] RtosManager:558 - Registered RTOS mode: class=CMSIS, group=RTOS, mode=CMSIS_V1, owner=FREERTOS
2026-05-13 13:50:02,204 [INFO] RtosManager:558 - Registered RTOS mode: class=CMSIS, group=RTOS2, mode=CMSIS_V2, owner=FREERTOS
2026-05-13 13:50:02,205 [INFO] RtosManager:558 - Registered RTOS mode: class=RTOS, group=Core, mode=CMSIS_V1, owner=FREERTOS
2026-05-13 13:50:02,205 [INFO] RtosManager:558 - Registered RTOS mode: class=RTOS, group=Core, mode=CMSIS_V2, owner=FREERTOS
2026-05-13 13:50:02,205 [WARN] ModelIntegratedComponent:184 - Missing modes for component STMicroelectronics:FreeRTOS:0.0.1:STMicroelectronics:RTOS:FreeRTOS:Core:::10.2.0:
2026-05-13 13:50:02,252 [WARN] ModelIntegratedComponent:63 - No mode defined for component null
2026-05-13 13:50:02,253 [WARN] ModelIntegratedComponent:63 - No mode defined for component null
2026-05-13 13:50:02,254 [WARN] ModelIntegratedComponent:63 - No mode defined for component null
2026-05-13 13:50:02,254 [WARN] ModelIntegratedComponent:63 - No mode defined for component null
2026-05-13 13:50:02,254 [WARN] ModelIntegratedComponent:63 - No mode defined for component null
2026-05-13 13:50:02,254 [WARN] ModelIntegratedComponent:63 - No mode defined for component null
2026-05-13 13:50:02,255 [WARN] ModelIntegratedComponent:63 - No mode defined for component null
2026-05-13 13:50:02,255 [WARN] ModelIntegratedComponent:63 - No mode defined for component null
2026-05-13 13:50:02,255 [WARN] ModelIntegratedComponent:63 - No mode defined for component null
2026-05-13 13:50:02,255 [WARN] ModelIntegratedComponent:63 - No mode defined for component null
2026-05-13 13:50:02,255 [WARN] ModelIntegratedComponent:63 - No mode defined for component null
2026-05-13 13:50:02,255 [WARN] ModelIntegratedComponent:63 - No mode defined for component null
2026-05-13 13:50:02,255 [WARN] ModelIntegratedComponent:63 - No mode defined for component null
2026-05-13 13:50:02,255 [WARN] ModelIntegratedComponent:63 - No mode defined for component null
2026-05-13 13:50:02,255 [WARN] ModelIntegratedComponent:63 - No mode defined for component null
2026-05-13 13:50:02,255 [WARN] ModelIntegratedComponent:63 - No mode defined for component null
2026-05-13 13:50:02,255 [WARN] ModelIntegratedComponent:63 - No mode defined for component null
2026-05-13 13:50:02,256 [WARN] ModelIntegratedComponent:63 - No mode defined for component null
2026-05-13 13:50:02,256 [WARN] ModelIntegratedComponent:63 - No mode defined for component null
2026-05-13 13:50:02,256 [WARN] ModelIntegratedComponent:63 - No mode defined for component null
2026-05-13 13:50:02,256 [WARN] ModelIntegratedComponent:63 - No mode defined for component null
2026-05-13 13:50:02,256 [WARN] ModelIntegratedComponent:63 - No mode defined for component null
2026-05-13 13:50:02,256 [WARN] ModelIntegratedComponent:63 - No mode defined for component null
2026-05-13 13:50:02,256 [WARN] ModelIntegratedComponent:63 - No mode defined for component null
2026-05-13 13:50:02,256 [WARN] ModelIntegratedComponent:63 - No mode defined for component null
2026-05-13 13:50:02,256 [WARN] ModelIntegratedComponent:63 - No mode defined for component null
2026-05-13 13:50:02,257 [WARN] ModelIntegratedComponent:63 - No mode defined for component null
2026-05-13 13:50:02,257 [WARN] ModelIntegratedComponent:63 - No mode defined for component null
2026-05-13 13:50:02,257 [WARN] ModelIntegratedComponent:63 - No mode defined for component null
2026-05-13 13:50:02,257 [WARN] ModelIntegratedComponent:63 - No mode defined for component null
2026-05-13 13:50:02,257 [WARN] ModelIntegratedComponent:63 - No mode defined for component null
2026-05-13 13:50:02,257 [WARN] ModelIntegratedComponent:63 - No mode defined for component null
2026-05-13 13:50:02,257 [WARN] ModelIntegratedComponent:63 - No mode defined for component null
2026-05-13 13:50:02,257 [WARN] ModelIntegratedComponent:63 - No mode defined for component null
2026-05-13 13:50:02,257 [WARN] ModelIntegratedComponent:63 - No mode defined for component null
2026-05-13 13:50:02,258 [WARN] ModelPack:524 - Component already loaded: STMicroelectronics:HAL Drivers:0.0.0:STMicroelectronics:Device:STMicro_Driver:XSPI:HAL::0.0.1:HAL_XSPI
2026-05-13 13:50:02,715 [INFO] ThirdPartyModel:298 - Start build external matchings
2026-05-13 13:50:05,023 [INFO] ThirdPartyModel:316 - End build external matchings
2026-05-13 13:50:05,095 [INFO] ImportTextPane:218 - (OptionalMessage_ERROR) IP (RCC) : Parameter (RTCHSEDivFreq_Value) has invalid value (4000000)
2026-05-13 13:50:06,355 [INFO] UtilMem:75 - End LoadConfig() Used Memory: 930930904 Bytes (1073741824)
2026-05-13 13:50:07,530 [WARN] ThirdParty:833 - waiting for thirdparty lock release [change project]
2026-05-13 13:50:07,532 [INFO] ThirdParty:835 - entering critical section [change project]
2026-05-13 13:50:07,533 [INFO] ThirdParty:1030 - CMSIS Pack Vendor :STMicroelectronics X-CUBE-AZRTOS-H7 3.5.0
2026-05-13 13:50:07,533 [INFO] ThirdParty:1030 - CMSIS Pack Vendor :STMicroelectronics X-CUBE-PM33A1 1.0.0
2026-05-13 13:50:07,533 [INFO] ThirdParty:1030 - CMSIS Pack Vendor :STMicroelectronics USBPD 4.1
2026-05-13 13:50:07,533 [INFO] ThirdParty:1030 - CMSIS Pack Vendor :STMicroelectronics X-CUBE-NFC9 1.0.0
2026-05-13 13:50:07,533 [INFO] ThirdParty:1030 - CMSIS Pack Vendor :STMicroelectronics USB_HOST 2.0.0
2026-05-13 13:50:07,533 [INFO] ThirdParty:1030 - CMSIS Pack Vendor :STMicroelectronics X-CUBE-AZRTOS-F4 1.1.0
2026-05-13 13:50:07,533 [INFO] ThirdParty:1030 - CMSIS Pack Vendor :STMicroelectronics LIBJPEG 8.0.0
2026-05-13 13:50:07,533 [INFO] ThirdParty:1030 - CMSIS Pack Vendor :STMicroelectronics FP-ATR-ASTRA1 2.0.2
2026-05-13 13:50:07,533 [INFO] ThirdParty:1030 - CMSIS Pack Vendor :STMicroelectronics X-CUBE-BLE1 7.1.0
2026-05-13 13:50:07,533 [INFO] ThirdParty:1030 - CMSIS Pack Vendor :STMicroelectronics X-CUBE-SMBUS 2.1.0
2026-05-13 13:50:07,533 [INFO] ThirdParty:1030 - CMSIS Pack Vendor :wolfSSL I-CUBE-wolfMQTT 1.19.2
2026-05-13 13:50:07,534 [INFO] ThirdParty:1030 - CMSIS Pack Vendor :STMicroelectronics USB_DEVICE 3.0.0
2026-05-13 13:50:07,534 [INFO] ThirdParty:1030 - CMSIS Pack Vendor :STMicroelectronics X-CUBE-ISPU 2.1.0
2026-05-13 13:50:07,534 [INFO] ThirdParty:1030 - CMSIS Pack Vendor :STMicroelectronics X-CUBE-EEPRMA1 5.2.0
2026-05-13 13:50:07,534 [INFO] ThirdParty:1030 - CMSIS Pack Vendor :STMicroelectronics X-CUBE-BLEMGR 4.1.0
2026-05-13 13:50:07,534 [INFO] ThirdParty:1030 - CMSIS Pack Vendor :STMicroelectronics eDS-WB_DPC_TT-BIDIR 2.1.1
2026-05-13 13:50:07,534 [INFO] ThirdParty:1030 - CMSIS Pack Vendor :STMicroelectronics X-CUBE-AZRTOS-WB 2.0.0
2026-05-13 13:50:07,534 [INFO] ThirdParty:1030 - CMSIS Pack Vendor :wolfSSL I-CUBE-wolfSSL 5.8.4
2026-05-13 13:50:07,534 [INFO] ThirdParty:1030 - CMSIS Pack Vendor :STMicroelectronics X-CUBE-NFC12 1.0.0
2026-05-13 13:50:07,534 [INFO] ThirdParty:1030 - CMSIS Pack Vendor :STMicroelectronics X-CUBE-AZRTOS-F7 1.1.0
2026-05-13 13:50:07,534 [INFO] ThirdParty:1030 - CMSIS Pack Vendor :STMicroelectronics X-CUBE-AZRTOS-L5 2.0.0
2026-05-13 13:50:07,534 [INFO] ThirdParty:1030 - CMSIS Pack Vendor :STMicroelectronics USB_DEVICE 2.0.0
2026-05-13 13:50:07,534 [INFO] ThirdParty:1030 - CMSIS Pack Vendor :quantropi X-CUBE-qispace-sdk-base 2.1.0
2026-05-13 13:50:07,535 [INFO] ThirdParty:1030 - CMSIS Pack Vendor :STMicroelectronics X-CUBE-MEMS1 12.0.0
2026-05-13 13:50:07,535 [INFO] ThirdParty:1030 - CMSIS Pack Vendor :STMicroelectronics X-CUBE-STSE01 2.0.0
2026-05-13 13:50:07,535 [INFO] ThirdParty:1030 - CMSIS Pack Vendor :STMicroelectronics FreeRTOS 0.0.1
2026-05-13 13:50:07,535 [INFO] ThirdParty:1030 - CMSIS Pack Vendor :STMicroelectronics X-CUBE-AZRTOS-G0 1.1.0
2026-05-13 13:50:07,535 [INFO] ThirdParty:1030 - CMSIS Pack Vendor :STMicroelectronics X-CUBE-NFC4 3.0.0
2026-05-13 13:50:07,535 [INFO] ThirdParty:1030 - CMSIS Pack Vendor :STMicroelectronics X-CUBE-SUBG2 5.0.0
2026-05-13 13:50:07,535 [INFO] ThirdParty:1030 - CMSIS Pack Vendor :STMicroelectronics STM32_WPAN 1.0.0
2026-05-13 13:50:07,535 [INFO] ThirdParty:1030 - CMSIS Pack Vendor :STMicroelectronics eDS-WB_DPC_VIENNA 1.2.0
2026-05-13 13:50:07,535 [INFO] ThirdParty:1030 - CMSIS Pack Vendor :EmbeddedOffice I-CUBE-FS-RTOS 1.0.1
2026-05-13 13:50:07,535 [INFO] ThirdParty:1030 - CMSIS Pack Vendor :STMicroelectronics lwIP 2.0.3
2026-05-13 13:50:07,535 [INFO] ThirdParty:1030 - CMSIS Pack Vendor :STMicroelectronics eDS-WB_DPC_3PH2L-BIDIR 1.1.1
2026-05-13 13:50:07,535 [INFO] ThirdParty:1030 - CMSIS Pack Vendor :STMicroelectronics USB_HOST 1.0.0
2026-05-13 13:50:07,536 [INFO] ThirdParty:1030 - CMSIS Pack Vendor :STMicroelectronics X-CUBE-AZRTOS-G4 2.0.0
2026-05-13 13:50:07,536 [INFO] ThirdParty:1030 - CMSIS Pack Vendor :STMicroelectronics PDM2PCM 3.1.0
2026-05-13 13:50:07,536 [INFO] ThirdParty:1030 - CMSIS Pack Vendor :STMicroelectronics PDM2PCM 3.3.0
2026-05-13 13:50:07,536 [INFO] ThirdParty:1030 - CMSIS Pack Vendor :wolfSSL I-CUBE-wolfTPM 3.8.0
2026-05-13 13:50:07,536 [INFO] ThirdParty:1030 - CMSIS Pack Vendor :STMicroelectronics X-CUBE-DISPLAY 3.0.0
2026-05-13 13:50:07,536 [INFO] ThirdParty:1030 - CMSIS Pack Vendor :wolfSSL I-CUBE-wolfSSH 1.4.20
2026-05-13 13:50:07,536 [INFO] ThirdParty:1030 - CMSIS Pack Vendor :STMicroelectronics X-CUBE-NFC7 2.0.0
2026-05-13 13:50:07,536 [INFO] ThirdParty:1030 - CMSIS Pack Vendor :STMicroelectronics X-CUBE-GNSS1 7.1.1
2026-05-13 13:50:07,537 [INFO] ThirdParty:1030 - CMSIS Pack Vendor :STMicroelectronics X-CUBE-TCPP 4.2.0
2026-05-13 13:50:07,537 [INFO] ThirdParty:1030 - CMSIS Pack Vendor :RealThread X-CUBE-RT-Thread_Nano 4.1.1
2026-05-13 13:50:07,537 [INFO] ThirdParty:1030 - CMSIS Pack Vendor :STMicroelectronics FP-ATR-SIGFOX1 3.2.0
2026-05-13 13:50:07,537 [INFO] ThirdParty:1030 - CMSIS Pack Vendor :STMicroelectronics X-CUBE-NFC10 1.0.0
2026-05-13 13:50:07,537 [INFO] ThirdParty:1030 - CMSIS Pack Vendor :STMicroelectronics HAL Drivers 0.0.0
2026-05-13 13:50:07,537 [INFO] ThirdParty:1030 - CMSIS Pack Vendor :STMicroelectronics MBEDTLS 2.16.2
2026-05-13 13:50:07,537 [INFO] ThirdParty:1030 - CMSIS Pack Vendor :STMicroelectronics X-CUBE-ST60 1.1.0
2026-05-13 13:50:07,537 [INFO] ThirdParty:1030 - CMSIS Pack Vendor :STMicroelectronics X-CUBE-ALS 1.0.2
2026-05-13 13:50:07,537 [INFO] ThirdParty:1030 - CMSIS Pack Vendor :emotas I-CUBE-CANOPEN 1.3.0
2026-05-13 13:50:07,537 [INFO] ThirdParty:1030 - CMSIS Pack Vendor :STMicroelectronics MBEDTLS 2.14.1
2026-05-13 13:50:07,538 [INFO] ThirdParty:1030 - CMSIS Pack Vendor :STMicroelectronics X-CUBE-GNSS1 7.1.0
2026-05-13 13:50:07,538 [INFO] ThirdParty:1030 - CMSIS Pack Vendor :ITTIA_DB I-CUBE-ITTIADB 8.9.0
2026-05-13 13:50:07,538 [INFO] ThirdParty:1030 - CMSIS Pack Vendor :Cesanta I-CUBE-Mongoose 7.21.0
2026-05-13 13:50:07,538 [INFO] ThirdParty:1030 - CMSIS Pack Vendor :STMicroelectronics X-CUBE-TOUCHGFX 4.26.1
2026-05-13 13:50:07,538 [INFO] ThirdParty:1030 - CMSIS Pack Vendor :STMicroelectronics X-CUBE-NFC6 3.2.0
2026-05-13 13:50:07,538 [INFO] ThirdParty:1030 - CMSIS Pack Vendor :STMicroelectronics X-CUBE-AI 10.2.0
2026-05-13 13:50:07,538 [INFO] ThirdParty:1030 - CMSIS Pack Vendor :STMicroelectronics FP-SNS-STAIOTCFT 1.0.0
2026-05-13 13:50:07,538 [INFO] ThirdParty:1030 - CMSIS Pack Vendor :STMicroelectronics ThreadX 1.0.0
2026-05-13 13:50:07,538 [INFO] ThirdParty:1030 - CMSIS Pack Vendor :STMicroelectronics FP-SNS-SMARTAG2 1.2.0
2026-05-13 13:50:07,538 [INFO] ThirdParty:1030 - CMSIS Pack Vendor :STMicroelectronics X-CUBE-MEMS1 12.1.0
2026-05-13 13:50:07,538 [INFO] ThirdParty:1030 - CMSIS Pack Vendor :STMicroelectronics FP-SNS-FLIGHT1 5.1.0
2026-05-13 13:50:07,539 [INFO] ThirdParty:1030 - CMSIS Pack Vendor :STMicroelectronics X-CUBE-AZRTOS-WL 2.0.0
2026-05-13 13:50:07,539 [INFO] ThirdParty:1030 - CMSIS Pack Vendor :SEGGER I-CUBE-embOS 1.3.1
2026-05-13 13:50:07,539 [INFO] ThirdParty:1030 - CMSIS Pack Vendor :STMicroelectronics X-CUBE-ALGOBUILD 1.4.0
2026-05-13 13:50:07,539 [INFO] ThirdParty:1030 - CMSIS Pack Vendor :STMicroelectronics X-CUBE-DPower 1.3.0
2026-05-13 13:50:07,539 [INFO] ThirdParty:1030 - CMSIS Pack Vendor :STMicroelectronics USB_DEVICE 1.0.0
2026-05-13 13:50:07,539 [INFO] ThirdParty:1030 - CMSIS Pack Vendor :STMicroelectronics X-CUBE-AZRTOS-H7RS 1.2.0
2026-05-13 13:50:07,539 [INFO] ThirdParty:1030 - CMSIS Pack Vendor :STMicroelectronics X-CUBE-AZRTOS-L4 2.0.0
2026-05-13 13:50:07,539 [INFO] ThirdParty:1030 - CMSIS Pack Vendor :STMicroelectronics ThreadX 0.0.2
2026-05-13 13:50:07,539 [INFO] ThirdParty:1030 - CMSIS Pack Vendor :STMicroelectronics lwIP 2.1.2
2026-05-13 13:50:07,539 [INFO] ThirdParty:1030 - CMSIS Pack Vendor :STMicroelectronics X-CUBE-SFXS2LP1 4.0.0
2026-05-13 13:50:07,540 [INFO] ThirdParty:1030 - CMSIS Pack Vendor :STMicroelectronics X-CUBE-BLE2 3.3.0
2026-05-13 13:50:07,540 [INFO] ThirdParty:1030 - CMSIS Pack Vendor :Avnet-IOTCONNECT X-CUBE-iotc-st67-sdk 1.0.0
2026-05-13 13:50:07,540 [INFO] ThirdParty:1030 - CMSIS Pack Vendor :STMicroelectronics X-CUBE-TOF1 3.4.3
2026-05-13 13:50:07,540 [INFO] ThirdParty:1030 - CMSIS Pack Vendor :Infineon AIROC-Wi-Fi-Bluetooth-STM32 1.8.0
2026-05-13 13:50:07,540 [INFO] ThirdParty:1030 - CMSIS Pack Vendor :STMicroelectronics PDM2PCM 3.2.0
2026-05-13 13:50:07,540 [INFO] ThirdParty:1030 - CMSIS Pack Vendor :STMicroelectronics X-CUBE-WB05N 2.1.0
2026-05-13 13:50:07,541 [INFO] ThirdParty:841 - exiting critical section [change project]
2026-05-13 13:50:12,592 [INFO] PinOutPanel:1589 - setPackage(No Configuration,No Configuration)
2026-05-13 13:50:12,597 [INFO] PinOutPanel:1589 - setPackage(STM32F407VGTx,LQFP100)
2026-05-13 13:50:15,387 [INFO] UtilMem:75 - Before build in PCC Used Memory: 938103016 Bytes (1073741824)
2026-05-13 13:50:17,679 [INFO] UtilMem:75 - After build in PCC Used Memory: 716619632 Bytes (1073741824)
2026-05-13 13:50:17,976 [INFO] ApiDbMcu:508 - Load IP Config File for USB_HOST
2026-05-13 13:50:17,982 [WARN] BspModel:444 - BSP dependency skipped because of component: name='IOExpander', api='Unknown'
2026-05-13 13:50:18,089 [INFO] IPUIPlugin:80 - create IPUIPlugin
2026-05-13 13:50:18,090 [INFO] IPUIPlugin:80 - create IPUIPlugin
2026-05-13 13:50:18,090 [INFO] IPUIPlugin:80 - create IPUIPlugin
2026-05-13 13:50:18,091 [INFO] IPUIPlugin:80 - create IPUIPlugin
2026-05-13 13:50:18,091 [INFO] IPUIPlugin:80 - create IPUIPlugin
2026-05-13 13:50:18,092 [INFO] IPUIPlugin:80 - create IPUIPlugin
2026-05-13 13:50:18,092 [INFO] IPUIPlugin:80 - create IPUIPlugin
2026-05-13 13:50:18,093 [INFO] IPUIPlugin:80 - create IPUIPlugin
2026-05-13 13:50:18,093 [INFO] IPUIPlugin:80 - create IPUIPlugin
2026-05-13 13:50:18,095 [INFO] IPUIPlugin:80 - create IPUIPlugin
2026-05-13 13:50:18,095 [INFO] IPUIPlugin:80 - create IPUIPlugin
2026-05-13 13:50:18,096 [INFO] IPUIPlugin:80 - create IPUIPlugin
2026-05-13 13:50:18,096 [INFO] IPUIPlugin:80 - create IPUIPlugin
2026-05-13 13:50:18,096 [INFO] IPUIPlugin:80 - create IPUIPlugin
2026-05-13 13:50:18,096 [INFO] IPUIPlugin:80 - create IPUIPlugin
2026-05-13 13:50:18,096 [INFO] IPUIPlugin:80 - create IPUIPlugin
2026-05-13 13:50:18,097 [INFO] IPUIPlugin:80 - create IPUIPlugin
2026-05-13 13:50:18,097 [INFO] IPUIPlugin:80 - create IPUIPlugin
2026-05-13 13:50:18,097 [INFO] IPUIPlugin:80 - create IPUIPlugin
2026-05-13 13:50:18,098 [INFO] IPUIPlugin:80 - create IPUIPlugin
2026-05-13 13:50:18,099 [INFO] IPUIPlugin:80 - create IPUIPlugin
2026-05-13 13:50:18,100 [INFO] IPUIPlugin:80 - create IPUIPlugin
2026-05-13 13:50:18,102 [INFO] IPUIPlugin:80 - create IPUIPlugin
2026-05-13 13:50:18,105 [INFO] IPUIPlugin:80 - create IPUIPlugin
2026-05-13 13:50:18,106 [INFO] IPUIPlugin:80 - create IPUIPlugin
2026-05-13 13:50:18,107 [INFO] IPUIPlugin:80 - create IPUIPlugin
2026-05-13 13:50:18,108 [INFO] IPUIPlugin:80 - create IPUIPlugin
2026-05-13 13:50:18,109 [INFO] IPUIPlugin:80 - create IPUIPlugin
2026-05-13 13:50:18,109 [INFO] IPUIPlugin:80 - create IPUIPlugin
2026-05-13 13:50:18,110 [INFO] IPUIPlugin:80 - create IPUIPlugin
2026-05-13 13:50:18,110 [INFO] IPUIPlugin:80 - create IPUIPlugin
2026-05-13 13:50:18,110 [INFO] IPUIPlugin:80 - create IPUIPlugin
2026-05-13 13:50:18,111 [INFO] IPUIPlugin:80 - create IPUIPlugin
2026-05-13 13:50:18,111 [INFO] IPUIPlugin:80 - create IPUIPlugin
2026-05-13 13:50:18,112 [INFO] IPUIPlugin:80 - create IPUIPlugin
2026-05-13 13:50:18,112 [INFO] IPUIPlugin:80 - create IPUIPlugin
2026-05-13 13:50:18,113 [INFO] IPUIPlugin:80 - create IPUIPlugin
2026-05-13 13:50:18,114 [INFO] IPUIPlugin:80 - create IPUIPlugin
2026-05-13 13:50:18,115 [INFO] IPUIPlugin:80 - create IPUIPlugin
2026-05-13 13:50:18,115 [INFO] IPUIPlugin:80 - create IPUIPlugin
2026-05-13 13:50:18,116 [INFO] IPUIPlugin:80 - create IPUIPlugin
2026-05-13 13:50:18,116 [INFO] IPUIPlugin:80 - create IPUIPlugin
2026-05-13 13:50:18,117 [INFO] IPUIPlugin:80 - create IPUIPlugin
2026-05-13 13:50:18,118 [INFO] IPUIPlugin:80 - create IPUIPlugin
2026-05-13 13:50:18,120 [INFO] IPUIPlugin:80 - create IPUIPlugin
2026-05-13 13:50:18,122 [INFO] IPUIPlugin:80 - create IPUIPlugin
2026-05-13 13:50:18,123 [INFO] IPUIPlugin:80 - create IPUIPlugin
2026-05-13 13:50:18,124 [INFO] IPUIPlugin:80 - create IPUIPlugin
2026-05-13 13:50:18,126 [INFO] IPUIPlugin:80 - create IPUIPlugin
2026-05-13 13:50:18,127 [INFO] IPUIPlugin:80 - create IPUIPlugin
2026-05-13 13:50:18,127 [INFO] IPUIPlugin:80 - create IPUIPlugin
2026-05-13 13:50:18,128 [INFO] IPUIPlugin:80 - create IPUIPlugin
2026-05-13 13:50:18,129 [INFO] IPUIPlugin:80 - create IPUIPlugin
2026-05-13 13:50:18,129 [INFO] IPUIPlugin:80 - create IPUIPlugin
2026-05-13 13:50:18,130 [INFO] IPUIPlugin:80 - create IPUIPlugin
2026-05-13 13:50:18,131 [INFO] IPUIPlugin:80 - create IPUIPlugin
2026-05-13 13:50:18,132 [INFO] IPUIPlugin:80 - create IPUIPlugin
2026-05-13 13:50:18,133 [INFO] IPUIPlugin:80 - create IPUIPlugin
2026-05-13 13:50:18,183 [INFO] ApiDbMcu:508 - Load IP Config File for PDM2PCM
2026-05-13 13:50:18,210 [WARN] IP:2250 - I2C_Coeff_DF not found: check if there is a RefParameter without a condition.
2026-05-13 13:50:18,210 [WARN] IP:2250 - Analog_Filter not found: check if there is a RefParameter without a condition.
2026-05-13 13:50:18,248 [INFO] I2sManager:658 - 9.6E7
2026-05-13 13:50:18,249 [INFO] I2sManager:195 - I2S Clock Value : 9.6E7
2026-05-13 13:50:18,261 [INFO] I2sManager:553 - AudioClock : 93750Divider : 2Odd : 0
2026-05-13 13:50:18,947 [INFO] CADModel:165 - CPN selected for project levelSTM32F407VGT6
2026-05-13 13:50:18,947 [INFO] CADModel:114 - Register for checkConnection events
2026-05-13 13:50:19,027 [INFO] OpenFileManager:385 - Restore cursor
2026-05-13 13:50:19,510 [WARN] IP:2250 - I2C_Coeff_DF not found: check if there is a RefParameter without a condition.
2026-05-13 13:50:19,510 [WARN] IP:2250 - Analog_Filter not found: check if there is a RefParameter without a condition.
2026-05-13 13:50:19,511 [WARN] IP:2250 - I2C_Coeff_DF not found: check if there is a RefParameter without a condition.
2026-05-13 13:50:19,512 [WARN] IP:2250 - Analog_Filter not found: check if there is a RefParameter without a condition.
2026-05-13 13:50:36,861 [INFO] UtilMem:75 - End SaveConfig() Used Memory: 900662736 Bytes (1073741824)
2026-05-13 13:50:37,173 [INFO] UtilMem:75 - End SaveConfig() Used Memory: 922140528 Bytes (1073741824)
2026-05-13 13:50:38,992 [INFO] BlockDiagram:2775 - set Specific Code input for plugin: SPI
2026-05-13 13:50:38,993 [INFO] BlockDiagram:2775 - set Specific Code input for plugin: I2S
2026-05-13 13:50:38,994 [INFO] BlockDiagram:2775 - set Specific Code input for plugin: SYS
2026-05-13 13:50:38,994 [INFO] BlockDiagram:2775 - set Specific Code input for plugin: RCC
2026-05-13 13:50:38,994 [INFO] BlockDiagram:2775 - set Specific Code input for plugin: I2C
2026-05-13 13:50:38,994 [INFO] BlockDiagram:2775 - set Specific Code input for plugin: USB_OTG_FS
2026-05-13 13:50:38,995 [INFO] BlockDiagram:2775 - set Specific Code input for plugin: NVIC
2026-05-13 13:50:38,995 [INFO] BlockDiagram:2775 - set Specific Code input for plugin: USB_HOST
2026-05-13 13:50:38,997 [INFO] BlockDiagram:2775 - set Specific Code input for plugin: GPIO
2026-05-13 13:50:43,868 [INFO] CodeGenerator:882 - code generatio: config db path: C:\ST\STM32CubeIDE_1.18.0\STM32CubeIDE\plugins\com.st.stm32cube.common.mx_6.14.0.202502271554\\db\
2026-05-13 13:50:44,490 [WARN] IP:2250 - I2C_Coeff_DF not found: check if there is a RefParameter without a condition.
2026-05-13 13:50:44,491 [WARN] IP:2250 - Analog_Filter not found: check if there is a RefParameter without a condition.
2026-05-13 13:50:44,960 [INFO] CodeEngine:263 - oldGeneratedFile, C:\Users\hp\STM32CubeIDE\workspace_1.18.0\15_HAL_ADC\16_HAL_DAC\MXTmpFiles\license.tmp_save
2026-05-13 13:50:46,079 [INFO] CodeEngine:287 - Generated code: C:\Users\hp\STM32CubeIDE\workspace_1.18.0\15_HAL_ADC\16_HAL_DAC\MXTmpFiles\license.tmp
2026-05-13 13:50:47,035 [INFO] CodeEngine:263 - oldGeneratedFile, C:\Users\hp\STM32CubeIDE\workspace_1.18.0\15_HAL_ADC\16_HAL_DAC\MXTmpFiles\gpio.tmp_save
2026-05-13 13:50:47,446 [INFO] CodeEngine:287 - Generated code: C:\Users\hp\STM32CubeIDE\workspace_1.18.0\15_HAL_ADC\16_HAL_DAC\MXTmpFiles\gpio.tmp
2026-05-13 13:50:47,763 [WARN] IPConfigManager:3174 - Warning: the RefConfig PWREx_EnableUSBVoltageDetector is not available in your config.xml file
2026-05-13 13:50:47,813 [INFO] CodeEngine:263 - oldGeneratedFile, C:\Users\hp\STM32CubeIDE\workspace_1.18.0\15_HAL_ADC\16_HAL_DAC\MXTmpFiles\usb_otg_fs_vars.tmp_save
2026-05-13 13:50:48,071 [INFO] CodeEngine:287 - Generated code: C:\Users\hp\STM32CubeIDE\workspace_1.18.0\15_HAL_ADC\16_HAL_DAC\MXTmpFiles\usb_otg_fs_vars.tmp
2026-05-13 13:50:48,091 [INFO] CodeEngine:263 - oldGeneratedFile, C:\Users\hp\STM32CubeIDE\workspace_1.18.0\15_HAL_ADC\16_HAL_DAC\MXTmpFiles\usb_otg_fs_inc.tmp_save
2026-05-13 13:50:48,285 [INFO] CodeEngine:287 - Generated code: C:\Users\hp\STM32CubeIDE\workspace_1.18.0\15_HAL_ADC\16_HAL_DAC\MXTmpFiles\usb_otg_fs_inc.tmp
2026-05-13 13:50:48,331 [INFO] CodeEngine:263 - oldGeneratedFile, C:\Users\hp\STM32CubeIDE\workspace_1.18.0\15_HAL_ADC\16_HAL_DAC\MXTmpFiles\usb_otg_fs_HalInit.tmp_save
2026-05-13 13:50:48,597 [INFO] CodeEngine:287 - Generated code: C:\Users\hp\STM32CubeIDE\workspace_1.18.0\15_HAL_ADC\16_HAL_DAC\MXTmpFiles\usb_otg_fs_HalInit.tmp
2026-05-13 13:50:48,622 [INFO] CodeEngine:263 - oldGeneratedFile, C:\Users\hp\STM32CubeIDE\workspace_1.18.0\15_HAL_ADC\16_HAL_DAC\MXTmpFiles\usb_otg_fs_Msp.tmp_save
2026-05-13 13:50:48,952 [INFO] CodeEngine:287 - Generated code: C:\Users\hp\STM32CubeIDE\workspace_1.18.0\15_HAL_ADC\16_HAL_DAC\MXTmpFiles\usb_otg_fs_Msp.tmp
2026-05-13 13:50:49,968 [INFO] CodeEngine:263 - oldGeneratedFile, C:\Users\hp\STM32CubeIDE\workspace_1.18.0\15_HAL_ADC\16_HAL_DAC\USB_HOST\App\usb_host.c_save
2026-05-13 13:50:50,236 [INFO] CodeEngine:287 - Generated code: C:\Users\hp\STM32CubeIDE\workspace_1.18.0\15_HAL_ADC\16_HAL_DAC\USB_HOST\App\usb_host.c
2026-05-13 13:50:50,264 [INFO] CodeEngine:263 - oldGeneratedFile, C:\Users\hp\STM32CubeIDE\workspace_1.18.0\15_HAL_ADC\16_HAL_DAC\USB_HOST\App\usb_host.h_save
2026-05-13 13:50:50,498 [INFO] CodeEngine:287 - Generated code: C:\Users\hp\STM32CubeIDE\workspace_1.18.0\15_HAL_ADC\16_HAL_DAC\USB_HOST\App\usb_host.h
2026-05-13 13:50:50,527 [INFO] CodeEngine:263 - oldGeneratedFile, C:\Users\hp\STM32CubeIDE\workspace_1.18.0\15_HAL_ADC\16_HAL_DAC\USB_HOST\Target\usbh_conf.h_save
2026-05-13 13:50:50,809 [INFO] CodeEngine:287 - Generated code: C:\Users\hp\STM32CubeIDE\workspace_1.18.0\15_HAL_ADC\16_HAL_DAC\USB_HOST\Target\usbh_conf.h
2026-05-13 13:50:50,833 [INFO] CodeEngine:263 - oldGeneratedFile, C:\Users\hp\STM32CubeIDE\workspace_1.18.0\15_HAL_ADC\16_HAL_DAC\USB_HOST\Target\usbh_conf.c_save
2026-05-13 13:50:51,164 [INFO] CodeEngine:287 - Generated code: C:\Users\hp\STM32CubeIDE\workspace_1.18.0\15_HAL_ADC\16_HAL_DAC\USB_HOST\Target\usbh_conf.c
2026-05-13 13:50:51,191 [INFO] CodeEngine:263 - oldGeneratedFile, C:\Users\hp\STM32CubeIDE\workspace_1.18.0\15_HAL_ADC\16_HAL_DAC\USB_HOST\Target\usbh_platform.c_save
2026-05-13 13:50:51,479 [INFO] CodeEngine:287 - Generated code: C:\Users\hp\STM32CubeIDE\workspace_1.18.0\15_HAL_ADC\16_HAL_DAC\USB_HOST\Target\usbh_platform.c
2026-05-13 13:50:51,506 [INFO] CodeEngine:263 - oldGeneratedFile, C:\Users\hp\STM32CubeIDE\workspace_1.18.0\15_HAL_ADC\16_HAL_DAC\USB_HOST\Target\usbh_platform.h_save
2026-05-13 13:50:51,699 [INFO] CodeEngine:287 - Generated code: C:\Users\hp\STM32CubeIDE\workspace_1.18.0\15_HAL_ADC\16_HAL_DAC\USB_HOST\Target\usbh_platform.h
2026-05-13 13:50:51,752 [INFO] CodeEngine:263 - oldGeneratedFile, C:\Users\hp\STM32CubeIDE\workspace_1.18.0\15_HAL_ADC\16_HAL_DAC\Core\Src\stm32f4xx_it.c_save
2026-05-13 13:50:52,075 [INFO] CodeEngine:287 - Generated code: C:\Users\hp\STM32CubeIDE\workspace_1.18.0\15_HAL_ADC\16_HAL_DAC\Core\Src\stm32f4xx_it.c
2026-05-13 13:50:52,095 [INFO] CodeEngine:263 - oldGeneratedFile, C:\Users\hp\STM32CubeIDE\workspace_1.18.0\15_HAL_ADC\16_HAL_DAC\Core\Inc\stm32f4xx_it.h_save
2026-05-13 13:50:52,382 [INFO] CodeEngine:287 - Generated code: C:\Users\hp\STM32CubeIDE\workspace_1.18.0\15_HAL_ADC\16_HAL_DAC\Core\Inc\stm32f4xx_it.h
2026-05-13 13:50:52,514 [INFO] CodeEngine:263 - oldGeneratedFile, C:\Users\hp\STM32CubeIDE\workspace_1.18.0\15_HAL_ADC\16_HAL_DAC\Core\Src\stm32f4xx_hal_msp.c_save
2026-05-13 13:50:52,832 [INFO] CodeEngine:287 - Generated code: C:\Users\hp\STM32CubeIDE\workspace_1.18.0\15_HAL_ADC\16_HAL_DAC\Core\Src\stm32f4xx_hal_msp.c
2026-05-13 13:50:52,848 [INFO] CodeEngine:263 - oldGeneratedFile, C:\Users\hp\STM32CubeIDE\workspace_1.18.0\15_HAL_ADC\16_HAL_DAC\MXTmpFiles\system.tmp_save
2026-05-13 13:50:52,968 [INFO] CodeEngine:287 - Generated code: C:\Users\hp\STM32CubeIDE\workspace_1.18.0\15_HAL_ADC\16_HAL_DAC\MXTmpFiles\system.tmp
2026-05-13 13:50:53,027 [INFO] CodeEngine:319 - oldGeneratedFile, C:\Users\hp\STM32CubeIDE\workspace_1.18.0\15_HAL_ADC\16_HAL_DAC\Core\Inc\stm32f4xx_hal_conf.h_save
2026-05-13 13:50:53,209 [INFO] CodeEngine:343 - Generated code: C:\Users\hp\STM32CubeIDE\workspace_1.18.0\15_HAL_ADC\16_HAL_DAC\Core\Inc\stm32f4xx_hal_conf.h
2026-05-13 13:50:53,315 [INFO] ApiDbMcu:508 - Load IP Config File for I2C1
2026-05-13 13:50:53,411 [INFO] ApiDbMcu:508 - Load IP Config File for I2S3
2026-05-13 13:50:53,417 [INFO] ApiDbMcu:508 - Load IP Config File for SPI1
2026-05-13 13:50:53,429 [INFO] ApiDbMcu:508 - Load IP Config File for RCC
2026-05-13 13:50:53,480 [INFO] CodeEngine:263 - oldGeneratedFile, C:\Users\hp\STM32CubeIDE\workspace_1.18.0\15_HAL_ADC\16_HAL_DAC\Core\Inc\main.h_save
2026-05-13 13:50:53,727 [INFO] CodeEngine:287 - Generated code: C:\Users\hp\STM32CubeIDE\workspace_1.18.0\15_HAL_ADC\16_HAL_DAC\Core\Inc\main.h
2026-05-13 13:50:53,747 [INFO] CodeEngine:263 - oldGeneratedFile, C:\Users\hp\STM32CubeIDE\workspace_1.18.0\15_HAL_ADC\16_HAL_DAC\Core\Src\main.c_save
2026-05-13 13:50:54,240 [INFO] CodeEngine:287 - Generated code: C:\Users\hp\STM32CubeIDE\workspace_1.18.0\15_HAL_ADC\16_HAL_DAC\Core\Src\main.c
2026-05-13 13:51:18,773 [ERROR] ProjectBuilder:7054 - Problem during Copy of File LICENSE.txt
2026-05-13 13:51:23,712 [ERROR] ProjectBuilder:7054 - Problem during Copy of File LICENSE.txt
2026-05-13 13:51:24,073 [ERROR] ProjectBuilder:7054 - Problem during Copy of File LICENSE.txt
2026-05-13 13:51:24,170 [ERROR] ProjectBuilder:7054 - Problem during Copy of File LICENSE.txt
2026-05-13 13:51:24,448 [ERROR] ProjectBuilder:7054 - Problem during Copy of File LICENSE.txt
2026-05-13 13:51:24,517 [ERROR] ProjectBuilder:7054 - Problem during Copy of File LICENSE.txt
2026-05-13 13:51:25,563 [INFO] ProjectBuilder:3324 - Time for Copy HAL[1] : 30659mS.
2026-05-13 13:51:25,607 [INFO] ProjectBuilder:4912 - Project Generator version: 4.6.0-B36
2026-05-13 13:51:25,986 [INFO] ConfigFileManager:1590 - The Die is : DIE413
2026-05-13 13:51:26,002 [INFO] ApiDbMcu:508 - Load IP Config File for FATFS
2026-05-13 13:51:26,016 [INFO] ApiDbMcu:508 - Load IP Config File for FREERTOS
2026-05-13 13:51:26,028 [INFO] ApiDbMcu:508 - Load IP Config File for LIBJPEG
2026-05-13 13:51:26,055 [INFO] ApiDbMcu:508 - Load IP Config File for LWIP
2026-05-13 13:51:26,096 [INFO] ApiDbMcu:508 - Load IP Config File for MBEDTLS
2026-05-13 13:51:26,129 [INFO] ApiDbMcu:508 - Load IP Config File for USB_DEVICE
2026-05-13 13:51:28,185 [INFO] LogOutputStream:77 - [STDOUT_REDIRECT] 
2026-05-13 13:51:50,626 [INFO] ProjectBuilder:5191 - Time for Generating toolchain IDE Files: 25019mS.
2026-05-13 13:51:50,633 [INFO] ProjectBuilder:3181 - Time for Copy CMSIS : 5mS.
2026-05-13 13:51:50,661 [INFO] ProjectBuilder:3181 - Time for Copy CMSIS : 0mS.
2026-05-13 13:51:55,455 [INFO] McuFinderGlobals:76 - Set McuFinderConnectedMode to true
2026-05-13 13:51:55,468 [INFO] ApiDb:448 - Save user favorites file C:\Users\hp/.stm32cubeide/favorites.mcus.txt: 0 item(s)
2026-05-13 13:51:55,469 [INFO] ApiDb:452 - User favorites MCUs=[]
2026-05-13 13:51:55,474 [INFO] ApiDb:448 - Save user favorites file C:\Users\hp/.stm32cubeide/favorites.boards.txt: 0 item(s)
2026-05-13 13:51:55,474 [INFO] ApiDb:452 - User favorites Boards=[]
2026-05-13 13:55:04,089 [INFO] NvicIntPanel:101 - NVIC parent = com.st.microxplorer.plugins.ip.nvic.MultiNvicIntPanel[,0,0,450x161,layout=javax.swing.BoxLayout,alignmentX=0.0,alignmentY=0.0,border=,flags=9,maximumSize=,minimumSize=,preferredSize=]
2026-05-13 13:55:17,316 [INFO] UtilMem:75 - End SaveConfig() Used Memory: 786824712 Bytes (1073741824)
2026-05-13 13:55:20,732 [INFO] UtilMem:75 - End SaveConfig() Used Memory: 848690696 Bytes (1073741824)
2026-05-13 13:55:34,951 [INFO] UtilMem:75 - End SaveConfig() Used Memory: 680916488 Bytes (1073741824)
2026-05-13 13:55:35,854 [INFO] BlockDiagram:2775 - set Specific Code input for plugin: SYS
2026-05-13 13:55:35,854 [INFO] BlockDiagram:2775 - set Specific Code input for plugin: RCC
2026-05-13 13:55:35,854 [INFO] BlockDiagram:2775 - set Specific Code input for plugin: NVIC
2026-05-13 13:55:35,854 [INFO] BlockDiagram:2775 - set Specific Code input for plugin: DAC
2026-05-13 13:55:35,856 [INFO] BlockDiagram:2775 - set Specific Code input for plugin: GPIO
2026-05-13 13:55:35,865 [INFO] CodeGenerator:882 - code generatio: config db path: C:\ST\STM32CubeIDE_1.18.0\STM32CubeIDE\plugins\com.st.stm32cube.common.mx_6.14.0.202502271554\\db\
2026-05-13 13:55:36,105 [INFO] CodeEngine:263 - oldGeneratedFile, C:\Users\hp\STM32CubeIDE\workspace_1.18.0\15_HAL_ADC\16_HAL_DAC\MXTmpFiles\license.tmp_save
2026-05-13 13:55:36,309 [INFO] CodeEngine:287 - Generated code: C:\Users\hp\STM32CubeIDE\workspace_1.18.0\15_HAL_ADC\16_HAL_DAC\MXTmpFiles\license.tmp
2026-05-13 13:55:36,373 [INFO] CodeEngine:263 - oldGeneratedFile, C:\Users\hp\STM32CubeIDE\workspace_1.18.0\15_HAL_ADC\16_HAL_DAC\MXTmpFiles\gpio.tmp_save
2026-05-13 13:55:36,513 [INFO] CodeEngine:287 - Generated code: C:\Users\hp\STM32CubeIDE\workspace_1.18.0\15_HAL_ADC\16_HAL_DAC\MXTmpFiles\gpio.tmp
2026-05-13 13:55:36,605 [INFO] CodeEngine:263 - oldGeneratedFile, C:\Users\hp\STM32CubeIDE\workspace_1.18.0\15_HAL_ADC\16_HAL_DAC\Core\Src\stm32f4xx_it.c_save
2026-05-13 13:55:36,815 [INFO] CodeEngine:287 - Generated code: C:\Users\hp\STM32CubeIDE\workspace_1.18.0\15_HAL_ADC\16_HAL_DAC\Core\Src\stm32f4xx_it.c
2026-05-13 13:55:36,840 [INFO] CodeEngine:263 - oldGeneratedFile, C:\Users\hp\STM32CubeIDE\workspace_1.18.0\15_HAL_ADC\16_HAL_DAC\Core\Inc\stm32f4xx_it.h_save
2026-05-13 13:55:37,022 [INFO] CodeEngine:287 - Generated code: C:\Users\hp\STM32CubeIDE\workspace_1.18.0\15_HAL_ADC\16_HAL_DAC\Core\Inc\stm32f4xx_it.h
2026-05-13 13:55:37,081 [INFO] CodeEngine:263 - oldGeneratedFile, C:\Users\hp\STM32CubeIDE\workspace_1.18.0\15_HAL_ADC\16_HAL_DAC\Core\Src\stm32f4xx_hal_msp.c_save
2026-05-13 13:55:37,365 [INFO] CodeEngine:287 - Generated code: C:\Users\hp\STM32CubeIDE\workspace_1.18.0\15_HAL_ADC\16_HAL_DAC\Core\Src\stm32f4xx_hal_msp.c
2026-05-13 13:55:37,393 [INFO] CodeEngine:263 - oldGeneratedFile, C:\Users\hp\STM32CubeIDE\workspace_1.18.0\15_HAL_ADC\16_HAL_DAC\MXTmpFiles\system.tmp_save
2026-05-13 13:55:37,582 [INFO] CodeEngine:287 - Generated code: C:\Users\hp\STM32CubeIDE\workspace_1.18.0\15_HAL_ADC\16_HAL_DAC\MXTmpFiles\system.tmp
2026-05-13 13:55:37,668 [INFO] CodeEngine:319 - oldGeneratedFile, C:\Users\hp\STM32CubeIDE\workspace_1.18.0\15_HAL_ADC\16_HAL_DAC\Core\Inc\stm32f4xx_hal_conf.h_save
2026-05-13 13:55:37,856 [INFO] CodeEngine:343 - Generated code: C:\Users\hp\STM32CubeIDE\workspace_1.18.0\15_HAL_ADC\16_HAL_DAC\Core\Inc\stm32f4xx_hal_conf.h
2026-05-13 13:55:37,957 [INFO] ApiDbMcu:508 - Load IP Config File for DAC
2026-05-13 13:55:38,000 [INFO] CodeEngine:263 - oldGeneratedFile, C:\Users\hp\STM32CubeIDE\workspace_1.18.0\15_HAL_ADC\16_HAL_DAC\Core\Inc\main.h_save
2026-05-13 13:55:38,212 [INFO] CodeEngine:287 - Generated code: C:\Users\hp\STM32CubeIDE\workspace_1.18.0\15_HAL_ADC\16_HAL_DAC\Core\Inc\main.h
2026-05-13 13:55:38,259 [INFO] CodeEngine:263 - oldGeneratedFile, C:\Users\hp\STM32CubeIDE\workspace_1.18.0\15_HAL_ADC\16_HAL_DAC\Core\Src\main.c_save
2026-05-13 13:55:38,595 [INFO] CodeEngine:287 - Generated code: C:\Users\hp\STM32CubeIDE\workspace_1.18.0\15_HAL_ADC\16_HAL_DAC\Core\Src\main.c
2026-05-13 13:55:39,765 [ERROR] ProjectBuilder:7054 - Problem during Copy of File LICENSE.txt
2026-05-13 13:55:40,580 [ERROR] ProjectBuilder:7054 - Problem during Copy of File LICENSE.txt
2026-05-13 13:55:40,934 [ERROR] ProjectBuilder:7054 - Problem during Copy of File LICENSE.txt
2026-05-13 13:55:40,995 [ERROR] ProjectBuilder:7054 - Problem during Copy of File LICENSE.txt
2026-05-13 13:55:41,030 [ERROR] ProjectBuilder:7054 - Problem during Copy of File LICENSE.txt
2026-05-13 13:55:41,875 [INFO] ProjectBuilder:3324 - Time for Copy HAL[1] : 2640mS.
2026-05-13 13:55:41,884 [INFO] ProjectBuilder:4912 - Project Generator version: 4.6.0-B36
2026-05-13 13:55:42,083 [INFO] ConfigFileManager:1590 - The Die is : DIE413
2026-05-13 13:55:49,437 [INFO] ProjectBuilder:5191 - Time for Generating toolchain IDE Files: 7553mS.
2026-05-13 13:55:49,442 [INFO] ProjectBuilder:3181 - Time for Copy CMSIS : 4mS.
2026-05-13 13:55:49,479 [INFO] ProjectBuilder:3181 - Time for Copy CMSIS : 0mS.
2026-05-13 14:10:55,883 [INFO] Activator:176 - 


2026-05-13 14:10:55,886 [INFO] Activator:177 - !SESSION log4j initialized
2026-05-13 14:11:13,942 [INFO] LogOutputStream:77 - [STDOUT_REDIRECT] 
2026-05-13 14:11:15,969 [INFO] ApplicationProperties:184 - Using Application install path: C:\ST\STM32CubeIDE_1.18.0\STM32CubeIDE\plugins\com.st.stm32cube.common.mx_6.14.0.202502271554
2026-05-13 14:11:16,006 [INFO] DbMcusXml:78 - Set database path to: C:\ST\STM32CubeIDE_1.18.0\STM32CubeIDE\plugins\com.st.stm32cube.common.mx_6.14.0.202502271554\\db\/mcu/
2026-05-13 14:11:16,007 [INFO] ApiDb:274 - Set plugin database path to: C:\ST\STM32CubeIDE_1.18.0\STM32CubeIDE\plugins\com.st.stm32cube.common.mx_6.14.0.202502271554\\db\/plugins/boardmanager/
2026-05-13 14:11:16,008 [WARN] ApiDb:259 - Overriding images path with different value:  => C:\ST\STM32CubeIDE_1.18.0\STM32CubeIDE\plugins\com.st.stm32cube.common.mx_6.14.0.202502271554\\db\/plugins/mcufinder/images/
2026-05-13 14:11:16,023 [INFO] ApiDb:250 - Set database path to: C:\Users\hp\.stmcufinder\plugins\mcufinder//mcu/
2026-05-13 14:11:16,024 [INFO] DbMcusAds:125 - Set database path to: C:\Users\hp\.stmcufinder\plugins\mcufinder//mcu/
2026-05-13 14:11:16,028 [INFO] CrossReferenceDbSqlite:203 - Set database path to: C:\Users\hp\.stmcufinder\plugins\mcufinder//mcu/cs/
2026-05-13 14:11:16,296 [INFO] RulesReader:64 - Compatibility file has been processed (301 Rules)
2026-05-13 14:11:16,690 [INFO] DbMcusXml:78 - Set database path to: C:\ST\STM32CubeIDE_1.18.0\STM32CubeIDE\plugins\com.st.stm32cube.common.mx_6.14.0.202502271554\\db\/mcu/
2026-05-13 14:11:16,695 [INFO] ApiDb:274 - Set plugin database path to: C:\ST\STM32CubeIDE_1.18.0\STM32CubeIDE\plugins\com.st.stm32cube.common.mx_6.14.0.202502271554\\db\/plugins/boardmanager/
2026-05-13 14:11:16,695 [INFO] ApiDb:261 - Set plugin images path to: C:\ST\STM32CubeIDE_1.18.0\STM32CubeIDE\plugins\com.st.stm32cube.common.mx_6.14.0.202502271554\\db\/plugins/mcufinder/images/
2026-05-13 14:11:16,695 [WARN] DbFile:41 - Overriding database path with different value: C:\Users\hp\.stmcufinder\plugins\mcufinder/ => C:\Users\hp\.stmcufinder\plugins\mcufinder
2026-05-13 14:11:16,695 [INFO] ApiDb:250 - Set database path to: C:\Users\hp\.stmcufinder\plugins\mcufinder//mcu/
2026-05-13 14:11:16,695 [WARN] DbFile:41 - Overriding database path with different value: C:\Users\hp\.stmcufinder\plugins\mcufinder/ => C:\Users\hp\.stmcufinder\plugins\mcufinder
2026-05-13 14:11:16,695 [INFO] DbMcusAds:125 - Set database path to: C:\Users\hp\.stmcufinder\plugins\mcufinder//mcu/
2026-05-13 14:11:16,701 [WARN] DbFile:41 - Overriding database path with different value: C:\Users\hp\.stmcufinder\plugins\mcufinder/ => C:\Users\hp\.stmcufinder\plugins\mcufinder
2026-05-13 14:11:16,701 [WARN] DbFile:41 - Overriding database path with different value: C:\Users\hp\.stmcufinder\plugins\mcufinder/ => C:\Users\hp\.stmcufinder\plugins\mcufinder
2026-05-13 14:11:16,701 [INFO] CrossReferenceDbSqlite:203 - Set database path to: C:\Users\hp\.stmcufinder\plugins\mcufinder//mcu/cs/
2026-05-13 14:11:17,039 [INFO] MainPanel:272 - HeapMemory: 268435456
2026-05-13 14:11:17,336 [INFO] DbMcusXml:78 - Set database path to: C:\ST\STM32CubeIDE_1.18.0\STM32CubeIDE\plugins\com.st.stm32cube.common.mx_6.14.0.202502271554\\db\/mcu/
2026-05-13 14:11:17,338 [INFO] ApiDb:274 - Set plugin database path to: C:\ST\STM32CubeIDE_1.18.0\STM32CubeIDE\plugins\com.st.stm32cube.common.mx_6.14.0.202502271554\\db\/plugins/boardmanager/
2026-05-13 14:11:17,338 [INFO] ApiDb:261 - Set plugin images path to: C:\ST\STM32CubeIDE_1.18.0\STM32CubeIDE\plugins\com.st.stm32cube.common.mx_6.14.0.202502271554\\db\/plugins/mcufinder/images/
2026-05-13 14:11:17,338 [WARN] DbFile:41 - Overriding database path with different value: C:\Users\hp\.stmcufinder\plugins\mcufinder/ => C:\Users\hp\.stmcufinder\plugins\mcufinder
2026-05-13 14:11:17,338 [INFO] ApiDb:250 - Set database path to: C:\Users\hp\.stmcufinder\plugins\mcufinder//mcu/
2026-05-13 14:11:17,338 [WARN] DbFile:41 - Overriding database path with different value: C:\Users\hp\.stmcufinder\plugins\mcufinder/ => C:\Users\hp\.stmcufinder\plugins\mcufinder
2026-05-13 14:11:17,340 [INFO] DbMcusAds:125 - Set database path to: C:\Users\hp\.stmcufinder\plugins\mcufinder//mcu/
2026-05-13 14:11:17,340 [WARN] DbFile:41 - Overriding database path with different value: C:\Users\hp\.stmcufinder\plugins\mcufinder/ => C:\Users\hp\.stmcufinder\plugins\mcufinder
2026-05-13 14:11:17,340 [WARN] DbFile:41 - Overriding database path with different value: C:\Users\hp\.stmcufinder\plugins\mcufinder/ => C:\Users\hp\.stmcufinder\plugins\mcufinder
2026-05-13 14:11:17,340 [INFO] CrossReferenceDbSqlite:203 - Set database path to: C:\Users\hp\.stmcufinder\plugins\mcufinder//mcu/cs/
2026-05-13 14:11:17,380 [INFO] ApplicationProperties:184 - Using Application install path: C:\ST\STM32CubeIDE_1.18.0\STM32CubeIDE\plugins\com.st.stm32cube.common.mx_6.14.0.202502271554
2026-05-13 14:11:17,383 [INFO] PluginManage:196 - Search for loadable plugins [exclusion list=, ]
2026-05-13 14:11:17,385 [INFO] PluginManage:310 - Check plugin analytics
2026-05-13 14:11:17,679 [INFO] AnalyticsPlugin:253 - Accepted Software Licenses: 
2026-05-13 14:11:17,679 [INFO] AnalyticsPlugin:255 - Accepted CMSIS Pack Licenses: 
2026-05-13 14:11:17,682 [INFO] AnalyticsPlugin:257 - Accepted Firmware Licenses: FW.F4.1.28.0,FW.L4.1.18.0
2026-05-13 14:11:17,687 [INFO] PluginManage:359 - Loaded plugin analytics (category:tool,tabindex:-1)
2026-05-13 14:11:17,687 [INFO] PluginManage:310 - Check plugin cadmodel
2026-05-13 14:11:17,699 [INFO] CADModel:105 - Init CAD model plugin
2026-05-13 14:11:17,699 [INFO] PluginManage:359 - Loaded plugin cadmodel (category:power,tabindex:5)
2026-05-13 14:11:17,701 [INFO] PluginManage:310 - Check plugin clock
2026-05-13 14:11:17,720 [INFO] PluginManage:359 - Loaded plugin clock (category:base,tabindex:2)
2026-05-13 14:11:17,720 [INFO] PluginManage:310 - Check plugin ddr
2026-05-13 14:11:17,723 [INFO] PluginManage:359 - Loaded plugin ddr (category:tool,tabindex:6)
2026-05-13 14:11:17,728 [INFO] PluginManage:310 - Check plugin filemanager
2026-05-13 14:11:18,120 [INFO] PluginManage:359 - Loaded plugin filemanager (category:base,tabindex:10)
2026-05-13 14:11:18,120 [INFO] PluginManage:310 - Check plugin ipmanager
2026-05-13 14:11:18,147 [INFO] PluginManage:359 - Loaded plugin ipmanager (category:base,tabindex:5)
2026-05-13 14:11:18,147 [INFO] PluginManage:310 - Check plugin lpbam
2026-05-13 14:11:18,173 [INFO] PluginManage:359 - Loaded plugin lpbam (category:base,tabindex:0)
2026-05-13 14:11:18,173 [INFO] PluginManage:310 - Check plugin memorymap
2026-05-13 14:11:18,215 [INFO] PluginManage:359 - Loaded plugin memorymap (category:base,tabindex:4)
2026-05-13 14:11:18,215 [INFO] PluginManage:310 - Check plugin pinoutandconfiguration
2026-05-13 14:11:18,247 [INFO] PluginManage:359 - Loaded plugin pinoutandconfiguration (category:base,tabindex:1)
2026-05-13 14:11:18,247 [INFO] PluginManage:310 - Check plugin pinoutconfig
2026-05-13 14:11:18,684 [WARN] SupportedApi:132 - Cannot load RTOS API schema: s4s-elt-must-match.1: The content of 'definitions' must match (annotation?, (simpleType | complexType)?, (unique | key | keyref)*)). A problem was found starting at: attribute.
2026-05-13 14:11:19,500 [INFO] PluginManage:359 - Loaded plugin pinoutconfig (category:base,tabindex:0)
2026-05-13 14:11:19,500 [INFO] PluginManage:310 - Check plugin power
2026-05-13 14:11:19,529 [INFO] PluginManage:359 - Loaded plugin power (category:power,tabindex:4)
2026-05-13 14:11:19,529 [INFO] PluginManage:310 - Check plugin projectmanager
2026-05-13 14:11:19,606 [INFO] PluginManage:359 - Loaded plugin projectmanager (category:projectmanager,tabindex:4)
2026-05-13 14:11:19,609 [INFO] PluginManage:310 - Check plugin rif
2026-05-13 14:11:19,637 [INFO] PluginManage:359 - Loaded plugin rif (category:base,tabindex:3)
2026-05-13 14:11:19,637 [INFO] PluginManage:310 - Check plugin thirdparty
2026-05-13 14:11:20,227 [INFO] PluginManage:359 - Loaded plugin thirdparty (category:base,tabindex:-1)
2026-05-13 14:11:20,227 [WARN] IntegrityCheckThread:84 - waiting for thirdparty lock release [integrity check]
2026-05-13 14:11:20,227 [INFO] PluginManage:310 - Check plugin tools
2026-05-13 14:11:20,227 [INFO] IntegrityCheckThread:86 - entering critical section [integrity check]
2026-05-13 14:11:20,232 [INFO] ThirdPartyUpdaterWithRetryManager:70 - Updater plugin not ready yet. [1/15]
2026-05-13 14:11:20,237 [INFO] PluginManage:359 - Loaded plugin tools (category:base,tabindex:7)
2026-05-13 14:11:20,237 [INFO] PluginManage:310 - Check plugin tutovideos
2026-05-13 14:11:20,972 [INFO] PluginManage:359 - Loaded plugin tutovideos (category:base,tabindex:-1)
2026-05-13 14:11:20,974 [INFO] PluginManage:310 - Check plugin updater
2026-05-13 14:11:21,036 [INFO] PluginManage:359 - Loaded plugin updater (category:base,tabindex:12)
2026-05-13 14:11:21,036 [INFO] PluginManage:310 - Check plugin userauth
2026-05-13 14:11:21,053 [INFO] UserAuth:118 - Init User Auth plugin
2026-05-13 14:11:21,058 [INFO] PluginManage:359 - Loaded plugin userauth (category:base,tabindex:14)
2026-05-13 14:11:21,060 [INFO] PluginManage:283 - PluginManage : Loaded plugins [18]
2026-05-13 14:11:21,866 [INFO] PinOutPanel:1589 - setPackage(No Configuration,No Configuration)
2026-05-13 14:11:22,135 [INFO] CADModel:165 - CPN selected for project level
2026-05-13 14:11:22,135 [INFO] CADModel:114 - Register for checkConnection events
2026-05-13 14:11:22,197 [INFO] IPUIPlugin:80 - create IPUIPlugin
2026-05-13 14:11:22,197 [INFO] PluginManager:220 - loadIPPluginJar : add adc
2026-05-13 14:11:22,207 [INFO] IPUIPlugin:80 - create IPUIPlugin
2026-05-13 14:11:22,207 [INFO] PluginManager:220 - loadIPPluginJar : add aes
2026-05-13 14:11:22,213 [INFO] IPUIPlugin:80 - create IPUIPlugin
2026-05-13 14:11:22,213 [INFO] PluginManager:220 - loadIPPluginJar : add can
2026-05-13 14:11:22,223 [INFO] IPUIPlugin:80 - create IPUIPlugin
2026-05-13 14:11:22,223 [INFO] PluginManager:220 - loadIPPluginJar : add comp
2026-05-13 14:11:22,232 [INFO] IPUIPlugin:80 - create IPUIPlugin
2026-05-13 14:11:22,234 [INFO] PluginManager:220 - loadIPPluginJar : add cryp
2026-05-13 14:11:22,244 [INFO] IPUIPlugin:80 - create IPUIPlugin
2026-05-13 14:11:22,244 [INFO] PluginManager:220 - loadIPPluginJar : add ddr_ctrl_phy
2026-05-13 14:11:22,253 [INFO] IPUIPlugin:80 - create IPUIPlugin
2026-05-13 14:11:22,253 [INFO] PluginManager:220 - loadIPPluginJar : add dfsdm
2026-05-13 14:11:22,270 [INFO] IPUIPlugin:80 - create IPUIPlugin
2026-05-13 14:11:22,270 [INFO] PluginManager:220 - loadIPPluginJar : add dma
2026-05-13 14:11:22,275 [INFO] IPUIPlugin:80 - create IPUIPlugin
2026-05-13 14:11:22,280 [INFO] PluginManager:220 - loadIPPluginJar : add dma3
2026-05-13 14:11:22,291 [INFO] IPUIPlugin:80 - create IPUIPlugin
2026-05-13 14:11:22,291 [INFO] PluginManager:220 - loadIPPluginJar : add extmemmanager
2026-05-13 14:11:22,297 [INFO] IPUIPlugin:80 - create IPUIPlugin
2026-05-13 14:11:22,297 [INFO] PluginManager:220 - loadIPPluginJar : add fatfs
2026-05-13 14:11:22,319 [INFO] IPUIPlugin:80 - create IPUIPlugin
2026-05-13 14:11:22,321 [INFO] PluginManager:220 - loadIPPluginJar : add fmc
2026-05-13 14:11:22,337 [INFO] IPUIPlugin:80 - create IPUIPlugin
2026-05-13 14:11:22,337 [INFO] PluginManager:220 - loadIPPluginJar : add freertos
2026-05-13 14:11:22,342 [INFO] IPUIPlugin:80 - create IPUIPlugin
2026-05-13 14:11:22,342 [INFO] PluginManager:220 - loadIPPluginJar : add genericplugin
2026-05-13 14:11:22,353 [INFO] IPUIPlugin:80 - create IPUIPlugin
2026-05-13 14:11:22,353 [INFO] PluginManager:220 - loadIPPluginJar : add gfxmmu
2026-05-13 14:11:22,369 [INFO] IPUIPlugin:80 - create IPUIPlugin
2026-05-13 14:11:22,369 [INFO] PluginManager:220 - loadIPPluginJar : add gic
2026-05-13 14:11:22,379 [INFO] IPUIPlugin:80 - create IPUIPlugin
2026-05-13 14:11:22,384 [INFO] PluginManager:220 - loadIPPluginJar : add gpio
2026-05-13 14:11:22,392 [INFO] IPUIPlugin:80 - create IPUIPlugin
2026-05-13 14:11:22,392 [INFO] PluginManager:220 - loadIPPluginJar : add gtzc
2026-05-13 14:11:22,400 [INFO] IPUIPlugin:80 - create IPUIPlugin
2026-05-13 14:11:22,400 [INFO] PluginManager:220 - loadIPPluginJar : add hash
2026-05-13 14:11:22,411 [INFO] IPUIPlugin:80 - create IPUIPlugin
2026-05-13 14:11:22,411 [INFO] PluginManager:220 - loadIPPluginJar : add i2c
2026-05-13 14:11:22,422 [INFO] IPUIPlugin:80 - create IPUIPlugin
2026-05-13 14:11:22,422 [INFO] PluginManager:220 - loadIPPluginJar : add i2s
2026-05-13 14:11:22,427 [INFO] IPUIPlugin:80 - create IPUIPlugin
2026-05-13 14:11:22,432 [INFO] PluginManager:220 - loadIPPluginJar : add i3c
2026-05-13 14:11:22,437 [INFO] IPUIPlugin:80 - create IPUIPlugin
2026-05-13 14:11:22,437 [INFO] PluginManager:220 - loadIPPluginJar : add ipddr
2026-05-13 14:11:22,465 [INFO] IPUIPlugin:80 - create IPUIPlugin
2026-05-13 14:11:22,465 [INFO] PluginManager:220 - loadIPPluginJar : add linkedlist
2026-05-13 14:11:22,473 [INFO] IPUIPlugin:80 - create IPUIPlugin
2026-05-13 14:11:22,478 [INFO] PluginManager:220 - loadIPPluginJar : add lorawan
2026-05-13 14:11:22,483 [INFO] IPUIPlugin:80 - create IPUIPlugin
2026-05-13 14:11:22,483 [INFO] PluginManager:220 - loadIPPluginJar : add ltdc
2026-05-13 14:11:22,504 [INFO] IPUIPlugin:80 - create IPUIPlugin
2026-05-13 14:11:22,504 [INFO] PluginManager:220 - loadIPPluginJar : add mdma
2026-05-13 14:11:22,519 [INFO] IPUIPlugin:80 - create IPUIPlugin
2026-05-13 14:11:22,519 [INFO] PluginManager:220 - loadIPPluginJar : add nvic
2026-05-13 14:11:22,530 [INFO] IPUIPlugin:80 - create IPUIPlugin
2026-05-13 14:11:22,530 [INFO] PluginManager:220 - loadIPPluginJar : add opamp
2026-05-13 14:11:22,540 [INFO] IPUIPlugin:80 - create IPUIPlugin
2026-05-13 14:11:22,540 [INFO] PluginManager:220 - loadIPPluginJar : add openamp
2026-05-13 14:11:22,550 [INFO] IPUIPlugin:80 - create IPUIPlugin
2026-05-13 14:11:22,550 [INFO] PluginManager:220 - loadIPPluginJar : add pdm2pcm
2026-05-13 14:11:22,571 [INFO] IPUIPlugin:80 - create IPUIPlugin
2026-05-13 14:11:22,582 [INFO] PluginManager:220 - loadIPPluginJar : add plateformsettings
2026-05-13 14:11:22,587 [INFO] IPUIPlugin:80 - create IPUIPlugin
2026-05-13 14:11:22,587 [INFO] PluginManager:220 - loadIPPluginJar : add quadspi
2026-05-13 14:11:22,592 [INFO] IPUIPlugin:80 - create IPUIPlugin
2026-05-13 14:11:22,598 [INFO] PluginManager:220 - loadIPPluginJar : add radio
2026-05-13 14:11:22,608 [INFO] IPUIPlugin:80 - create IPUIPlugin
2026-05-13 14:11:22,608 [INFO] PluginManager:220 - loadIPPluginJar : add resmgrutility
2026-05-13 14:11:22,618 [INFO] IPUIPlugin:80 - create IPUIPlugin
2026-05-13 14:11:22,622 [INFO] PluginManager:220 - loadIPPluginJar : add sai
2026-05-13 14:11:22,629 [INFO] IPUIPlugin:80 - create IPUIPlugin
2026-05-13 14:11:22,629 [INFO] PluginManager:220 - loadIPPluginJar : add spi
2026-05-13 14:11:22,656 [INFO] IPUIPlugin:80 - create IPUIPlugin
2026-05-13 14:11:22,656 [INFO] PluginManager:220 - loadIPPluginJar : add stm32_wpan
2026-05-13 14:11:22,666 [INFO] IPUIPlugin:80 - create IPUIPlugin
2026-05-13 14:11:22,668 [INFO] PluginManager:220 - loadIPPluginJar : add tim
2026-05-13 14:11:22,676 [INFO] IPUIPlugin:80 - create IPUIPlugin
2026-05-13 14:11:22,676 [INFO] PluginManager:220 - loadIPPluginJar : add touchsensing
2026-05-13 14:11:22,686 [INFO] IPUIPlugin:80 - create IPUIPlugin
2026-05-13 14:11:22,686 [INFO] PluginManager:220 - loadIPPluginJar : add tracer_emb
2026-05-13 14:11:22,691 [INFO] IPUIPlugin:80 - create IPUIPlugin
2026-05-13 14:11:22,696 [INFO] PluginManager:220 - loadIPPluginJar : add ts
2026-05-13 14:11:22,703 [INFO] IPUIPlugin:80 - create IPUIPlugin
2026-05-13 14:11:22,705 [INFO] PluginManager:220 - loadIPPluginJar : add tsc
2026-05-13 14:11:22,716 [INFO] IPUIPlugin:80 - create IPUIPlugin
2026-05-13 14:11:22,716 [INFO] PluginManager:220 - loadIPPluginJar : add ucpd
2026-05-13 14:11:22,731 [INFO] IPUIPlugin:80 - create IPUIPlugin
2026-05-13 14:11:22,731 [INFO] PluginManager:220 - loadIPPluginJar : add usart
2026-05-13 14:11:22,751 [INFO] IPUIPlugin:80 - create IPUIPlugin
2026-05-13 14:11:22,752 [INFO] PluginManager:220 - loadIPPluginJar : add usbx
2026-05-13 14:11:23,019 [FATAL] Updater:351 - Updater called before beeing initialized
2026-05-13 14:11:23,167 [INFO] RulesReader:64 - Compatibility file has been processed (301 Rules)
2026-05-13 14:11:23,198 [INFO] RulesReader:64 - Compatibility file has been processed (301 Rules)
2026-05-13 14:11:23,220 [INFO] CADModel:165 - CPN selected for project level
2026-05-13 14:11:23,220 [INFO] CADModel:114 - Register for checkConnection events
2026-05-13 14:11:23,222 [FATAL] Updater:351 - Updater called before beeing initialized
2026-05-13 14:11:23,222 [ERROR] CADModel:125 - Updater not yet initialized, retry later 
2026-05-13 14:11:23,240 [INFO] ThirdPartyUpdaterWithRetryManager:70 - Updater plugin not ready yet. [2/15]
2026-05-13 14:11:23,843 [FATAL] Updater:351 - Updater called before beeing initialized
2026-05-13 14:11:23,850 [INFO] CADModel:165 - CPN selected for project level
2026-05-13 14:11:23,851 [INFO] CADModel:114 - Register for checkConnection events
2026-05-13 14:11:23,851 [FATAL] Updater:351 - Updater called before beeing initialized
2026-05-13 14:11:23,851 [ERROR] CADModel:125 - Updater not yet initialized, retry later 
2026-05-13 14:11:23,860 [FATAL] Updater:351 - Updater called before beeing initialized
2026-05-13 14:11:24,243 [FATAL] Updater:351 - Updater called before beeing initialized
2026-05-13 14:11:24,262 [INFO] DbMcusAds:53 - JSON generation date=Mon Apr 27 13:44:29 IST 2026 (1777277669683)
2026-05-13 14:11:24,264 [FATAL] Updater:351 - Updater called before beeing initialized
2026-05-13 14:11:24,392 [WARN] DetailPanel:346 - Failed to get advertising image, set to default
2026-05-13 14:11:25,366 [FATAL] Updater:351 - Updater called before beeing initialized
2026-05-13 14:11:25,371 [FATAL] Updater:351 - Updater called before beeing initialized
2026-05-13 14:11:25,371 [FATAL] Updater:351 - Updater called before beeing initialized
2026-05-13 14:11:25,371 [WARN] DetailPanel:346 - Failed to get advertising image, set to default
2026-05-13 14:11:25,373 [FATAL] Updater:351 - Updater called before beeing initialized
2026-05-13 14:11:25,498 [ERROR] Updater:1198 - MainUpdater not yet initialized. External WinMGr cannot be set.
2026-05-13 14:11:25,502 [INFO] Updater:1134 - Updater Version found : 6.14.0
2026-05-13 14:11:25,541 [INFO] ApplicationProperties:184 - Using Application install path: C:\ST\STM32CubeIDE_1.18.0\STM32CubeIDE\plugins\com.st.stm32cube.common.mx_6.14.0.202502271554
2026-05-13 14:11:26,245 [FATAL] Updater:351 - Updater called before beeing initialized
2026-05-13 14:11:26,246 [ERROR] IntegrityCheckThread:130 - Cannot retrieve database content from updater: error 21
2026-05-13 14:11:26,246 [INFO] ThirdParty:978 - Integrity check success = false
2026-05-13 14:11:26,246 [INFO] IntegrityCheckThread:100 - exiting critical section [integrity check]
2026-05-13 14:11:26,247 [INFO] IntegrityCheckThread:103 - End integrity checks thread
2026-05-13 14:11:26,872 [INFO] MainUpdater:2872 - connection check result : 10
2026-05-13 14:11:26,875 [INFO] MainUpdater:289 - Updater Check For Update Now.
2026-05-13 14:11:26,876 [INFO] MicroXplorer:498 - Change Database Version : DB.6.0.140
2026-05-13 14:11:26,900 [INFO] McuFinderGlobals:63 - Set McuFinder mode to 2 (CubeIDE integrated)
2026-05-13 14:11:26,902 [INFO] UserAuth:171 - activating auth plugin
2026-05-13 14:11:26,916 [INFO] UserAuth:486 - Internet connection configuration mode: 1
2026-05-13 14:11:26,996 [INFO] JxBrowserEngine:152 - Initiate JxBrowser Engine with user profile folder
2026-05-13 14:11:27,299 [INFO] CheckServerUpdateThread:120 - End of CheckServer Thread
2026-05-13 14:11:31,745 [INFO] WebApp:169 - Instantiating new browser for Auth
2026-05-13 14:11:36,211 [INFO] WebApp:463 - Apply proxy settings
2026-05-13 14:11:36,212 [INFO] WebApp:548 - Chromium requires no authentication
2026-05-13 14:11:36,238 [INFO] WebApp:491 - Direct internet connection detected
2026-05-13 14:11:36,311 [INFO] WebApp:894 - Register for checkConnection events
2026-05-13 14:11:36,311 [INFO] WebApp:463 - Apply proxy settings
2026-05-13 14:11:36,312 [INFO] WebApp:548 - Chromium requires no authentication
2026-05-13 14:11:36,314 [INFO] WebApp:491 - Direct internet connection detected
2026-05-13 14:11:37,015 [INFO] WebApp:225 - Starting web application
2026-05-13 14:11:37,016 [INFO] WebApp:593 - Web application path used C:\ST\STM32CubeIDE_1.18.0\STM32CubeIDE\plugins\com.st.stm32cube.common.mx_6.14.0.202502271554\db\plugins\mcufinder\reactClient1\index.html
2026-05-13 14:11:37,124 [INFO] WebApp:191 - Connection restablished
2026-05-13 14:17:17,866 [INFO] WebApp:194 - Connection lost
2026-05-13 14:17:18,629 [INFO] WebApp:191 - Connection restablished
2026-05-13 14:19:37,192 [INFO] WebApp:194 - Connection lost
2026-05-13 14:19:37,534 [INFO] WebApp:191 - Connection restablished
2026-05-13 14:20:07,668 [INFO] WebApp:194 - Connection lost
2026-05-13 14:20:09,100 [INFO] WebApp:191 - Connection restablished
2026-05-13 15:12:40,527 [INFO] WebApp:194 - Connection lost
2026-05-13 17:31:28,015 [ERROR] ConfigurationRetriever:142 - IOException on connection: sw-center.st.com
2026-05-13 17:31:28,305 [ERROR] ConfigurationRetriever:142 - IOException on connection: sw-center.st.com
2026-05-13 17:31:28,307 [ERROR] ConfigurationRetriever:142 - IOException on connection: sw-center.st.com
2026-05-13 17:31:56,531 [ERROR] LogOutputStream:75 - [STDERR_REDIRECT] 
2026-05-13 17:32:13,867 [INFO] Activator:176 - 


2026-05-13 17:32:13,873 [INFO] Activator:177 - !SESSION log4j initialized
2026-05-13 17:32:28,630 [INFO] LogOutputStream:77 - [STDOUT_REDIRECT] 
2026-05-13 17:32:29,812 [ERROR] ConfigurationRetriever:142 - IOException on connection: sw-center.st.com
2026-05-13 17:32:29,826 [ERROR] ConfigurationRetriever:142 - IOException on connection: sw-center.st.com
2026-05-13 17:32:29,838 [ERROR] ConfigurationRetriever:142 - IOException on connection: sw-center.st.com
2026-05-13 17:32:32,264 [INFO] ApplicationProperties:184 - Using Application install path: C:\ST\STM32CubeIDE_1.18.0\STM32CubeIDE\plugins\com.st.stm32cube.common.mx_6.14.0.202502271554
2026-05-13 17:32:32,314 [INFO] DbMcusXml:78 - Set database path to: C:\ST\STM32CubeIDE_1.18.0\STM32CubeIDE\plugins\com.st.stm32cube.common.mx_6.14.0.202502271554\\db\/mcu/
2026-05-13 17:32:32,315 [INFO] ApiDb:274 - Set plugin database path to: C:\ST\STM32CubeIDE_1.18.0\STM32CubeIDE\plugins\com.st.stm32cube.common.mx_6.14.0.202502271554\\db\/plugins/boardmanager/
2026-05-13 17:32:32,315 [WARN] ApiDb:259 - Overriding images path with different value:  => C:\ST\STM32CubeIDE_1.18.0\STM32CubeIDE\plugins\com.st.stm32cube.common.mx_6.14.0.202502271554\\db\/plugins/mcufinder/images/
2026-05-13 17:32:32,349 [INFO] ApiDb:250 - Set database path to: C:\Users\hp\.stmcufinder\plugins\mcufinder//mcu/
2026-05-13 17:32:32,351 [INFO] DbMcusAds:125 - Set database path to: C:\Users\hp\.stmcufinder\plugins\mcufinder//mcu/
2026-05-13 17:32:32,360 [INFO] CrossReferenceDbSqlite:203 - Set database path to: C:\Users\hp\.stmcufinder\plugins\mcufinder//mcu/cs/
2026-05-13 17:32:32,671 [INFO] RulesReader:64 - Compatibility file has been processed (301 Rules)
2026-05-13 17:32:32,952 [INFO] DbMcusXml:78 - Set database path to: C:\ST\STM32CubeIDE_1.18.0\STM32CubeIDE\plugins\com.st.stm32cube.common.mx_6.14.0.202502271554\\db\/mcu/
2026-05-13 17:32:32,953 [INFO] ApiDb:274 - Set plugin database path to: C:\ST\STM32CubeIDE_1.18.0\STM32CubeIDE\plugins\com.st.stm32cube.common.mx_6.14.0.202502271554\\db\/plugins/boardmanager/
2026-05-13 17:32:32,954 [INFO] ApiDb:261 - Set plugin images path to: C:\ST\STM32CubeIDE_1.18.0\STM32CubeIDE\plugins\com.st.stm32cube.common.mx_6.14.0.202502271554\\db\/plugins/mcufinder/images/
2026-05-13 17:32:32,954 [WARN] DbFile:41 - Overriding database path with different value: C:\Users\hp\.stmcufinder\plugins\mcufinder/ => C:\Users\hp\.stmcufinder\plugins\mcufinder
2026-05-13 17:32:32,955 [INFO] ApiDb:250 - Set database path to: C:\Users\hp\.stmcufinder\plugins\mcufinder//mcu/
2026-05-13 17:32:32,955 [WARN] DbFile:41 - Overriding database path with different value: C:\Users\hp\.stmcufinder\plugins\mcufinder/ => C:\Users\hp\.stmcufinder\plugins\mcufinder
2026-05-13 17:32:32,955 [INFO] DbMcusAds:125 - Set database path to: C:\Users\hp\.stmcufinder\plugins\mcufinder//mcu/
2026-05-13 17:32:32,955 [WARN] DbFile:41 - Overriding database path with different value: C:\Users\hp\.stmcufinder\plugins\mcufinder/ => C:\Users\hp\.stmcufinder\plugins\mcufinder
2026-05-13 17:32:32,955 [WARN] DbFile:41 - Overriding database path with different value: C:\Users\hp\.stmcufinder\plugins\mcufinder/ => C:\Users\hp\.stmcufinder\plugins\mcufinder
2026-05-13 17:32:32,956 [INFO] CrossReferenceDbSqlite:203 - Set database path to: C:\Users\hp\.stmcufinder\plugins\mcufinder//mcu/cs/
2026-05-13 17:32:33,225 [INFO] MainPanel:272 - HeapMemory: 268435456
2026-05-13 17:32:33,811 [INFO] DbMcusXml:78 - Set database path to: C:\ST\STM32CubeIDE_1.18.0\STM32CubeIDE\plugins\com.st.stm32cube.common.mx_6.14.0.202502271554\\db\/mcu/
2026-05-13 17:32:33,811 [INFO] ApiDb:274 - Set plugin database path to: C:\ST\STM32CubeIDE_1.18.0\STM32CubeIDE\plugins\com.st.stm32cube.common.mx_6.14.0.202502271554\\db\/plugins/boardmanager/
2026-05-13 17:32:33,812 [INFO] ApiDb:261 - Set plugin images path to: C:\ST\STM32CubeIDE_1.18.0\STM32CubeIDE\plugins\com.st.stm32cube.common.mx_6.14.0.202502271554\\db\/plugins/mcufinder/images/
2026-05-13 17:32:33,814 [WARN] DbFile:41 - Overriding database path with different value: C:\Users\hp\.stmcufinder\plugins\mcufinder/ => C:\Users\hp\.stmcufinder\plugins\mcufinder
2026-05-13 17:32:33,815 [INFO] ApiDb:250 - Set database path to: C:\Users\hp\.stmcufinder\plugins\mcufinder//mcu/
2026-05-13 17:32:33,816 [WARN] DbFile:41 - Overriding database path with different value: C:\Users\hp\.stmcufinder\plugins\mcufinder/ => C:\Users\hp\.stmcufinder\plugins\mcufinder
2026-05-13 17:32:33,817 [INFO] DbMcusAds:125 - Set database path to: C:\Users\hp\.stmcufinder\plugins\mcufinder//mcu/
2026-05-13 17:32:33,817 [WARN] DbFile:41 - Overriding database path with different value: C:\Users\hp\.stmcufinder\plugins\mcufinder/ => C:\Users\hp\.stmcufinder\plugins\mcufinder
2026-05-13 17:32:33,818 [WARN] DbFile:41 - Overriding database path with different value: C:\Users\hp\.stmcufinder\plugins\mcufinder/ => C:\Users\hp\.stmcufinder\plugins\mcufinder
2026-05-13 17:32:33,819 [INFO] CrossReferenceDbSqlite:203 - Set database path to: C:\Users\hp\.stmcufinder\plugins\mcufinder//mcu/cs/
2026-05-13 17:32:33,874 [INFO] ApplicationProperties:184 - Using Application install path: C:\ST\STM32CubeIDE_1.18.0\STM32CubeIDE\plugins\com.st.stm32cube.common.mx_6.14.0.202502271554
2026-05-13 17:32:33,876 [INFO] PluginManage:196 - Search for loadable plugins [exclusion list=, ]
2026-05-13 17:32:33,880 [INFO] PluginManage:310 - Check plugin analytics
2026-05-13 17:32:34,364 [INFO] AnalyticsPlugin:253 - Accepted Software Licenses: 
2026-05-13 17:32:34,365 [INFO] AnalyticsPlugin:255 - Accepted CMSIS Pack Licenses: 
2026-05-13 17:32:34,366 [INFO] AnalyticsPlugin:257 - Accepted Firmware Licenses: FW.F4.1.28.0,FW.L4.1.18.0
2026-05-13 17:32:34,372 [ERROR] ConfigurationRetriever:142 - IOException on connection: sw-center.st.com
2026-05-13 17:32:34,373 [INFO] PluginManage:359 - Loaded plugin analytics (category:tool,tabindex:-1)
2026-05-13 17:32:34,374 [ERROR] ConfigurationRetriever:142 - IOException on connection: sw-center.st.com
2026-05-13 17:32:34,374 [INFO] PluginManage:310 - Check plugin cadmodel
2026-05-13 17:32:34,375 [ERROR] ConfigurationRetriever:142 - IOException on connection: sw-center.st.com
2026-05-13 17:32:34,393 [INFO] CADModel:105 - Init CAD model plugin
2026-05-13 17:32:34,394 [INFO] PluginManage:359 - Loaded plugin cadmodel (category:power,tabindex:5)
2026-05-13 17:32:34,394 [INFO] PluginManage:310 - Check plugin clock
2026-05-13 17:32:34,429 [INFO] PluginManage:359 - Loaded plugin clock (category:base,tabindex:2)
2026-05-13 17:32:34,429 [INFO] PluginManage:310 - Check plugin ddr
2026-05-13 17:32:34,438 [INFO] PluginManage:359 - Loaded plugin ddr (category:tool,tabindex:6)
2026-05-13 17:32:34,438 [INFO] PluginManage:310 - Check plugin filemanager
2026-05-13 17:32:34,902 [INFO] PluginManage:359 - Loaded plugin filemanager (category:base,tabindex:10)
2026-05-13 17:32:34,903 [INFO] PluginManage:310 - Check plugin ipmanager
2026-05-13 17:32:34,932 [INFO] PluginManage:359 - Loaded plugin ipmanager (category:base,tabindex:5)
2026-05-13 17:32:34,933 [INFO] PluginManage:310 - Check plugin lpbam
2026-05-13 17:32:34,964 [INFO] PluginManage:359 - Loaded plugin lpbam (category:base,tabindex:0)
2026-05-13 17:32:34,965 [INFO] PluginManage:310 - Check plugin memorymap
2026-05-13 17:32:35,021 [INFO] PluginManage:359 - Loaded plugin memorymap (category:base,tabindex:4)
2026-05-13 17:32:35,021 [INFO] PluginManage:310 - Check plugin pinoutandconfiguration
2026-05-13 17:32:35,040 [INFO] PluginManage:359 - Loaded plugin pinoutandconfiguration (category:base,tabindex:1)
2026-05-13 17:32:35,042 [INFO] PluginManage:310 - Check plugin pinoutconfig
2026-05-13 17:32:35,234 [WARN] SupportedApi:132 - Cannot load RTOS API schema: s4s-elt-must-match.1: The content of 'definitions' must match (annotation?, (simpleType | complexType)?, (unique | key | keyref)*)). A problem was found starting at: attribute.
2026-05-13 17:32:35,728 [INFO] PluginManage:359 - Loaded plugin pinoutconfig (category:base,tabindex:0)
2026-05-13 17:32:35,729 [INFO] PluginManage:310 - Check plugin power
2026-05-13 17:32:35,760 [INFO] PluginManage:359 - Loaded plugin power (category:power,tabindex:4)
2026-05-13 17:32:35,760 [INFO] PluginManage:310 - Check plugin projectmanager
2026-05-13 17:32:35,800 [INFO] PluginManage:359 - Loaded plugin projectmanager (category:projectmanager,tabindex:4)
2026-05-13 17:32:35,801 [INFO] PluginManage:310 - Check plugin rif
2026-05-13 17:32:35,826 [INFO] PluginManage:359 - Loaded plugin rif (category:base,tabindex:3)
2026-05-13 17:32:35,827 [INFO] PluginManage:310 - Check plugin thirdparty
2026-05-13 17:32:36,208 [WARN] IntegrityCheckThread:84 - waiting for thirdparty lock release [integrity check]
2026-05-13 17:32:36,209 [INFO] PluginManage:359 - Loaded plugin thirdparty (category:base,tabindex:-1)
2026-05-13 17:32:36,209 [INFO] PluginManage:310 - Check plugin tools
2026-05-13 17:32:36,209 [INFO] IntegrityCheckThread:86 - entering critical section [integrity check]
2026-05-13 17:32:36,211 [INFO] ThirdPartyUpdaterWithRetryManager:70 - Updater plugin not ready yet. [1/15]
2026-05-13 17:32:36,221 [INFO] PluginManage:359 - Loaded plugin tools (category:base,tabindex:7)
2026-05-13 17:32:36,221 [INFO] PluginManage:310 - Check plugin tutovideos
2026-05-13 17:32:36,778 [INFO] PluginManage:359 - Loaded plugin tutovideos (category:base,tabindex:-1)
2026-05-13 17:32:36,778 [INFO] PluginManage:310 - Check plugin updater
2026-05-13 17:32:36,845 [INFO] PluginManage:359 - Loaded plugin updater (category:base,tabindex:12)
2026-05-13 17:32:36,846 [INFO] PluginManage:310 - Check plugin userauth
2026-05-13 17:32:36,860 [INFO] UserAuth:118 - Init User Auth plugin
2026-05-13 17:32:36,862 [INFO] PluginManage:359 - Loaded plugin userauth (category:base,tabindex:14)
2026-05-13 17:32:36,863 [INFO] PluginManage:283 - PluginManage : Loaded plugins [18]
2026-05-13 17:32:37,674 [INFO] PinOutPanel:1589 - setPackage(No Configuration,No Configuration)
2026-05-13 17:32:37,927 [INFO] CADModel:165 - CPN selected for project level
2026-05-13 17:32:37,928 [INFO] CADModel:114 - Register for checkConnection events
2026-05-13 17:32:37,975 [INFO] IPUIPlugin:80 - create IPUIPlugin
2026-05-13 17:32:37,975 [INFO] PluginManager:220 - loadIPPluginJar : add adc
2026-05-13 17:32:37,981 [INFO] IPUIPlugin:80 - create IPUIPlugin
2026-05-13 17:32:37,981 [INFO] PluginManager:220 - loadIPPluginJar : add aes
2026-05-13 17:32:37,989 [INFO] IPUIPlugin:80 - create IPUIPlugin
2026-05-13 17:32:37,989 [INFO] PluginManager:220 - loadIPPluginJar : add can
2026-05-13 17:32:37,994 [INFO] IPUIPlugin:80 - create IPUIPlugin
2026-05-13 17:32:37,995 [INFO] PluginManager:220 - loadIPPluginJar : add comp
2026-05-13 17:32:38,003 [INFO] IPUIPlugin:80 - create IPUIPlugin
2026-05-13 17:32:38,004 [INFO] PluginManager:220 - loadIPPluginJar : add cryp
2026-05-13 17:32:38,015 [INFO] IPUIPlugin:80 - create IPUIPlugin
2026-05-13 17:32:38,015 [INFO] PluginManager:220 - loadIPPluginJar : add ddr_ctrl_phy
2026-05-13 17:32:38,024 [INFO] IPUIPlugin:80 - create IPUIPlugin
2026-05-13 17:32:38,024 [INFO] PluginManager:220 - loadIPPluginJar : add dfsdm
2026-05-13 17:32:38,039 [INFO] IPUIPlugin:80 - create IPUIPlugin
2026-05-13 17:32:38,040 [INFO] PluginManager:220 - loadIPPluginJar : add dma
2026-05-13 17:32:38,049 [INFO] IPUIPlugin:80 - create IPUIPlugin
2026-05-13 17:32:38,049 [INFO] PluginManager:220 - loadIPPluginJar : add dma3
2026-05-13 17:32:38,058 [INFO] IPUIPlugin:80 - create IPUIPlugin
2026-05-13 17:32:38,058 [INFO] PluginManager:220 - loadIPPluginJar : add extmemmanager
2026-05-13 17:32:38,063 [INFO] IPUIPlugin:80 - create IPUIPlugin
2026-05-13 17:32:38,064 [INFO] PluginManager:220 - loadIPPluginJar : add fatfs
2026-05-13 17:32:38,075 [INFO] IPUIPlugin:80 - create IPUIPlugin
2026-05-13 17:32:38,076 [INFO] PluginManager:220 - loadIPPluginJar : add fmc
2026-05-13 17:32:38,088 [INFO] IPUIPlugin:80 - create IPUIPlugin
2026-05-13 17:32:38,089 [INFO] PluginManager:220 - loadIPPluginJar : add freertos
2026-05-13 17:32:38,092 [INFO] IPUIPlugin:80 - create IPUIPlugin
2026-05-13 17:32:38,093 [INFO] PluginManager:220 - loadIPPluginJar : add genericplugin
2026-05-13 17:32:38,099 [INFO] IPUIPlugin:80 - create IPUIPlugin
2026-05-13 17:32:38,099 [INFO] PluginManager:220 - loadIPPluginJar : add gfxmmu
2026-05-13 17:32:38,113 [INFO] IPUIPlugin:80 - create IPUIPlugin
2026-05-13 17:32:38,113 [INFO] PluginManager:220 - loadIPPluginJar : add gic
2026-05-13 17:32:38,124 [INFO] IPUIPlugin:80 - create IPUIPlugin
2026-05-13 17:32:38,124 [INFO] PluginManager:220 - loadIPPluginJar : add gpio
2026-05-13 17:32:38,134 [INFO] IPUIPlugin:80 - create IPUIPlugin
2026-05-13 17:32:38,134 [INFO] PluginManager:220 - loadIPPluginJar : add gtzc
2026-05-13 17:32:38,141 [INFO] IPUIPlugin:80 - create IPUIPlugin
2026-05-13 17:32:38,142 [INFO] PluginManager:220 - loadIPPluginJar : add hash
2026-05-13 17:32:38,153 [INFO] IPUIPlugin:80 - create IPUIPlugin
2026-05-13 17:32:38,153 [INFO] PluginManager:220 - loadIPPluginJar : add i2c
2026-05-13 17:32:38,161 [INFO] IPUIPlugin:80 - create IPUIPlugin
2026-05-13 17:32:38,162 [INFO] PluginManager:220 - loadIPPluginJar : add i2s
2026-05-13 17:32:38,171 [INFO] IPUIPlugin:80 - create IPUIPlugin
2026-05-13 17:32:38,172 [INFO] PluginManager:220 - loadIPPluginJar : add i3c
2026-05-13 17:32:38,179 [INFO] IPUIPlugin:80 - create IPUIPlugin
2026-05-13 17:32:38,180 [INFO] PluginManager:220 - loadIPPluginJar : add ipddr
2026-05-13 17:32:38,200 [INFO] IPUIPlugin:80 - create IPUIPlugin
2026-05-13 17:32:38,200 [INFO] PluginManager:220 - loadIPPluginJar : add linkedlist
2026-05-13 17:32:38,208 [INFO] IPUIPlugin:80 - create IPUIPlugin
2026-05-13 17:32:38,209 [INFO] PluginManager:220 - loadIPPluginJar : add lorawan
2026-05-13 17:32:38,215 [INFO] IPUIPlugin:80 - create IPUIPlugin
2026-05-13 17:32:38,216 [INFO] PluginManager:220 - loadIPPluginJar : add ltdc
2026-05-13 17:32:38,232 [INFO] IPUIPlugin:80 - create IPUIPlugin
2026-05-13 17:32:38,233 [INFO] PluginManager:220 - loadIPPluginJar : add mdma
2026-05-13 17:32:38,242 [INFO] IPUIPlugin:80 - create IPUIPlugin
2026-05-13 17:32:38,243 [INFO] PluginManager:220 - loadIPPluginJar : add nvic
2026-05-13 17:32:38,250 [INFO] IPUIPlugin:80 - create IPUIPlugin
2026-05-13 17:32:38,250 [INFO] PluginManager:220 - loadIPPluginJar : add opamp
2026-05-13 17:32:38,258 [INFO] IPUIPlugin:80 - create IPUIPlugin
2026-05-13 17:32:38,258 [INFO] PluginManager:220 - loadIPPluginJar : add openamp
2026-05-13 17:32:38,268 [INFO] IPUIPlugin:80 - create IPUIPlugin
2026-05-13 17:32:38,268 [INFO] PluginManager:220 - loadIPPluginJar : add pdm2pcm
2026-05-13 17:32:38,286 [INFO] IPUIPlugin:80 - create IPUIPlugin
2026-05-13 17:32:38,292 [INFO] PluginManager:220 - loadIPPluginJar : add plateformsettings
2026-05-13 17:32:38,296 [INFO] IPUIPlugin:80 - create IPUIPlugin
2026-05-13 17:32:38,296 [INFO] PluginManager:220 - loadIPPluginJar : add quadspi
2026-05-13 17:32:38,302 [INFO] IPUIPlugin:80 - create IPUIPlugin
2026-05-13 17:32:38,304 [INFO] PluginManager:220 - loadIPPluginJar : add radio
2026-05-13 17:32:38,315 [INFO] IPUIPlugin:80 - create IPUIPlugin
2026-05-13 17:32:38,316 [INFO] PluginManager:220 - loadIPPluginJar : add resmgrutility
2026-05-13 17:32:38,326 [INFO] IPUIPlugin:80 - create IPUIPlugin
2026-05-13 17:32:38,326 [INFO] PluginManager:220 - loadIPPluginJar : add sai
2026-05-13 17:32:38,336 [INFO] IPUIPlugin:80 - create IPUIPlugin
2026-05-13 17:32:38,336 [INFO] PluginManager:220 - loadIPPluginJar : add spi
2026-05-13 17:32:38,353 [INFO] IPUIPlugin:80 - create IPUIPlugin
2026-05-13 17:32:38,354 [INFO] PluginManager:220 - loadIPPluginJar : add stm32_wpan
2026-05-13 17:32:38,360 [INFO] IPUIPlugin:80 - create IPUIPlugin
2026-05-13 17:32:38,360 [INFO] PluginManager:220 - loadIPPluginJar : add tim
2026-05-13 17:32:38,369 [INFO] IPUIPlugin:80 - create IPUIPlugin
2026-05-13 17:32:38,370 [INFO] PluginManager:220 - loadIPPluginJar : add touchsensing
2026-05-13 17:32:38,377 [INFO] IPUIPlugin:80 - create IPUIPlugin
2026-05-13 17:32:38,378 [INFO] PluginManager:220 - loadIPPluginJar : add tracer_emb
2026-05-13 17:32:38,384 [INFO] IPUIPlugin:80 - create IPUIPlugin
2026-05-13 17:32:38,385 [INFO] PluginManager:220 - loadIPPluginJar : add ts
2026-05-13 17:32:38,389 [INFO] IPUIPlugin:80 - create IPUIPlugin
2026-05-13 17:32:38,389 [INFO] PluginManager:220 - loadIPPluginJar : add tsc
2026-05-13 17:32:38,393 [INFO] IPUIPlugin:80 - create IPUIPlugin
2026-05-13 17:32:38,393 [INFO] PluginManager:220 - loadIPPluginJar : add ucpd
2026-05-13 17:32:38,402 [INFO] IPUIPlugin:80 - create IPUIPlugin
2026-05-13 17:32:38,402 [INFO] PluginManager:220 - loadIPPluginJar : add usart
2026-05-13 17:32:38,413 [INFO] IPUIPlugin:80 - create IPUIPlugin
2026-05-13 17:32:38,414 [INFO] PluginManager:220 - loadIPPluginJar : add usbx
2026-05-13 17:32:38,951 [FATAL] Updater:351 - Updater called before beeing initialized
2026-05-13 17:32:39,067 [INFO] RulesReader:64 - Compatibility file has been processed (301 Rules)
2026-05-13 17:32:39,102 [INFO] RulesReader:64 - Compatibility file has been processed (301 Rules)
2026-05-13 17:32:39,134 [INFO] CADModel:165 - CPN selected for project level
2026-05-13 17:32:39,135 [INFO] CADModel:114 - Register for checkConnection events
2026-05-13 17:32:39,136 [FATAL] Updater:351 - Updater called before beeing initialized
2026-05-13 17:32:39,137 [ERROR] CADModel:125 - Updater not yet initialized, retry later 
2026-05-13 17:32:39,213 [INFO] ThirdPartyUpdaterWithRetryManager:70 - Updater plugin not ready yet. [2/15]
2026-05-13 17:32:39,685 [FATAL] Updater:351 - Updater called before beeing initialized
2026-05-13 17:32:39,692 [INFO] CADModel:165 - CPN selected for project level
2026-05-13 17:32:39,693 [INFO] CADModel:114 - Register for checkConnection events
2026-05-13 17:32:39,693 [FATAL] Updater:351 - Updater called before beeing initialized
2026-05-13 17:32:39,694 [ERROR] CADModel:125 - Updater not yet initialized, retry later 
2026-05-13 17:32:39,703 [FATAL] Updater:351 - Updater called before beeing initialized
2026-05-13 17:32:40,153 [FATAL] Updater:351 - Updater called before beeing initialized
2026-05-13 17:32:40,165 [INFO] DbMcusAds:53 - JSON generation date=Mon Apr 27 13:44:29 IST 2026 (1777277669683)
2026-05-13 17:32:40,166 [FATAL] Updater:351 - Updater called before beeing initialized
2026-05-13 17:32:40,317 [WARN] DetailPanel:346 - Failed to get advertising image, set to default
2026-05-13 17:32:40,944 [FATAL] Updater:351 - Updater called before beeing initialized
2026-05-13 17:32:40,949 [FATAL] Updater:351 - Updater called before beeing initialized
2026-05-13 17:32:40,951 [FATAL] Updater:351 - Updater called before beeing initialized
2026-05-13 17:32:40,951 [WARN] DetailPanel:346 - Failed to get advertising image, set to default
2026-05-13 17:32:40,955 [FATAL] Updater:351 - Updater called before beeing initialized
2026-05-13 17:32:41,162 [ERROR] Updater:1198 - MainUpdater not yet initialized. External WinMGr cannot be set.
2026-05-13 17:32:41,169 [INFO] Updater:1134 - Updater Version found : 6.14.0
2026-05-13 17:32:41,247 [INFO] ApplicationProperties:184 - Using Application install path: C:\ST\STM32CubeIDE_1.18.0\STM32CubeIDE\plugins\com.st.stm32cube.common.mx_6.14.0.202502271554
2026-05-13 17:32:42,145 [INFO] MainUpdater:2872 - connection check result : 22
2026-05-13 17:32:42,148 [INFO] MainUpdater:289 - Updater Check For Update Now.
2026-05-13 17:32:42,149 [INFO] MicroXplorer:498 - Change Database Version : DB.6.0.140
2026-05-13 17:32:42,176 [INFO] McuFinderGlobals:63 - Set McuFinder mode to 2 (CubeIDE integrated)
2026-05-13 17:32:42,216 [WARN] MainUpdater:1193 - Updater busy. Cannot search thirdparties
2026-05-13 17:32:42,229 [INFO] UserAuth:171 - activating auth plugin
2026-05-13 17:32:42,231 [INFO] ThirdPartyUpdaterWithRetryManager:96 - Updater plugin is busy. [1/15]
2026-05-13 17:32:42,243 [INFO] UserAuth:486 - Internet connection configuration mode: 2
2026-05-13 17:32:42,385 [INFO] UserAuth:486 - Internet connection configuration mode: 2
2026-05-13 17:32:42,496 [INFO] CheckServerUpdateThread:120 - End of CheckServer Thread
2026-05-13 17:32:46,385 [WARN] PackLoader:240 - Cannot read IP mode file for STMicroelectronics.X-CUBE-AZRTOS-H7.3.5.0
2026-05-13 17:32:46,429 [WARN] PackLoader:240 - Cannot read IP mode file for STMicroelectronics.FP-ATR-ASTRA1.2.0.2
2026-05-13 17:32:46,457 [WARN] PackLoader:240 - Cannot read IP mode file for STMicroelectronics.X-CUBE-SMBUS.2.1.0
2026-05-13 17:32:46,506 [WARN] PackLoader:240 - Cannot read IP mode file for STMicroelectronics.X-CUBE-AZRTOS-F7.1.1.0
2026-05-13 17:32:46,524 [ERROR] Engine:466 - C:\Users\hp\.stm32cubemx\thirdparties\pdsc\STMicroelectronics.FP-SNS-MOTENV1.5.1.0.pdsc: PDSC version is not supported
2026-05-13 17:32:46,540 [ERROR] Engine:466 - C:\Users\hp\.stm32cubemx\thirdparties\pdsc\WES.I-CUBE-Cesium.1.4.0.pdsc: PDSC version is not supported
2026-05-13 17:32:46,568 [WARN] PackLoader:240 - Cannot read IP mode file for STMicroelectronics.X-CUBE-DISPLAY.3.0.0
2026-05-13 17:32:46,599 [WARN] PackLoader:240 - Cannot read IP mode file for STMicroelectronics.X-CUBE-GNSS1.7.1.1
2026-05-13 17:32:46,612 [ERROR] Engine:466 - C:\Users\hp\.stm32cubemx\thirdparties\pdsc\STMicroelectronics.FP-SNS-MOTENVWB1.1.5.0.pdsc: PDSC version is not supported
2026-05-13 17:32:46,633 [WARN] PackLoader:240 - Cannot read IP mode file for STMicroelectronics.X-CUBE-NFC10.1.0.0
2026-05-13 17:32:46,655 [WARN] PackLoader:240 - Cannot read IP mode file for STMicroelectronics.X-CUBE-ST60.1.1.0
2026-05-13 17:32:46,676 [WARN] PackLoader:240 - Cannot read IP mode file for emotas.I-CUBE-CANOPEN.1.3.0
2026-05-13 17:32:46,694 [WARN] PackLoader:240 - Cannot read IP mode file for STMicroelectronics.X-CUBE-GNSS1.7.1.0
2026-05-13 17:32:46,723 [ERROR] Engine:466 - C:\Users\hp\.stm32cubemx\thirdparties\pdsc\STMicroelectronics.FP-SNS-STBOX1.2.1.0.pdsc: PDSC version is not supported
2026-05-13 17:32:46,738 [WARN] PackLoader:240 - Cannot read IP mode file for STMicroelectronics.FP-SNS-SMARTAG2.1.2.0
2026-05-13 17:32:46,754 [WARN] PackLoader:240 - Cannot read IP mode file for STMicroelectronics.FP-SNS-FLIGHT1.5.1.0
2026-05-13 17:32:46,784 [INFO] LogOutputStream:77 - [STDOUT_REDIRECT] 1 : Invalid condition id : UX_CORESTACK_Condition cause : null
2026-05-13 17:32:46,786 [INFO] LogOutputStream:77 - [STDOUT_REDIRECT] 1 : Invalid condition id : UX_CORESTACK_Condition cause : null
2026-05-13 17:32:46,790 [INFO] LogOutputStream:77 - [STDOUT_REDIRECT] 1 : Invalid condition id : UX_CORESTACK_Condition cause : null
2026-05-13 17:32:46,793 [INFO] LogOutputStream:77 - [STDOUT_REDIRECT] 1 : Invalid condition id : UX_CORESTACK_Condition cause : null
2026-05-13 17:32:46,796 [INFO] LogOutputStream:77 - [STDOUT_REDIRECT] 1 : Invalid condition id : UX_CORESTACK_Condition cause : null
2026-05-13 17:32:46,805 [WARN] PackLoader:240 - Cannot read IP mode file for STMicroelectronics.X-CUBE-AZRTOS-WL.2.0.0
2026-05-13 17:32:46,866 [WARN] PackLoader:240 - Cannot read IP mode file for STMicroelectronics.X-CUBE-AZRTOS-H7RS.1.2.0
2026-05-13 17:32:46,889 [WARN] PackLoader:240 - Cannot read IP mode file for STMicroelectronics.X-CUBE-BLE2.3.3.0
2026-05-13 17:32:46,981 [WARN] PackLoader:240 - Cannot read IP mode file for Infineon.AIROC-Wi-Fi-Bluetooth-STM32.1.8.0
2026-05-13 17:32:47,011 [WARN] PackLoader:240 - Cannot read IP mode file for STMicroelectronics.X-CUBE-NFC9.1.0.0
2026-05-13 17:32:47,031 [WARN] PackLoader:240 - Cannot read IP mode file for STMicroelectronics.X-CUBE-BLE1.7.1.0
2026-05-13 17:32:47,045 [WARN] PackLoader:240 - Cannot read IP mode file for wolfSSL.I-CUBE-wolfMQTT.1.19.2
2026-05-13 17:32:47,062 [WARN] PackLoader:240 - Cannot read IP mode file for STMicroelectronics.X-CUBE-EEPRMA1.5.2.0
2026-05-13 17:32:47,077 [WARN] PackLoader:240 - Cannot read IP mode file for wolfSSL.I-CUBE-wolfSSL.5.8.4
2026-05-13 17:32:47,086 [ERROR] Engine:466 - C:\Users\hp\.stm32cubemx\thirdparties\pdsc\STMicroelectronics.FP-SNS-STAIOTCFT.1.1.0.pdsc: PDSC version is not supported
2026-05-13 17:32:47,167 [WARN] PackLoader:240 - Cannot read IP mode file for STMicroelectronics.X-CUBE-MEMS1.12.0.0
2026-05-13 17:32:47,424 [WARN] PackLoader:240 - Cannot read IP mode file for STMicroelectronics.X-CUBE-AZRTOS-G0.1.1.0
2026-05-13 17:32:47,446 [WARN] PackLoader:240 - Cannot read IP mode file for STMicroelectronics.X-CUBE-NFC4.3.0.0
2026-05-13 17:32:47,477 [WARN] PackLoader:240 - Cannot read IP mode file for EmbeddedOffice.I-CUBE-FS-RTOS.1.0.1
2026-05-13 17:32:47,492 [WARN] PackLoader:240 - Cannot read IP mode file for wolfSSL.I-CUBE-wolfTPM.3.8.0
2026-05-13 17:32:47,511 [WARN] PackLoader:240 - Cannot read IP mode file for STMicroelectronics.X-CUBE-TCPP.4.2.0
2026-05-13 17:32:47,530 [WARN] PackLoader:240 - Cannot read IP mode file for RealThread.X-CUBE-RT-Thread_Nano.4.1.1
2026-05-13 17:32:47,546 [WARN] PackLoader:240 - Cannot read IP mode file for STMicroelectronics.FP-ATR-SIGFOX1.3.2.0
2026-05-13 17:32:47,557 [ERROR] Engine:466 - C:\Users\hp\.stm32cubemx\thirdparties\pdsc\STMicroelectronics.X-CUBE-FREERTOS.1.5.0.pdsc: PDSC version is not supported
2026-05-13 17:32:47,577 [WARN] PackLoader:240 - Cannot read IP mode file for ITTIA_DB.I-CUBE-ITTIADB.8.9.0
2026-05-13 17:32:47,626 [WARN] PackLoader:240 - Cannot read IP mode file for Cesanta.I-CUBE-Mongoose.7.21.0
2026-05-13 17:32:47,649 [WARN] PackLoader:240 - Cannot read IP mode file for STMicroelectronics.X-CUBE-NFC6.3.2.0
2026-05-13 17:32:47,670 [WARN] PackLoader:240 - Cannot read IP mode file for STMicroelectronics.X-CUBE-AI.10.2.0
2026-05-13 17:32:47,790 [WARN] PackLoader:240 - Cannot read IP mode file for STMicroelectronics.X-CUBE-MEMS1.12.1.0
2026-05-13 17:32:48,007 [WARN] PackLoader:240 - Cannot read IP mode file for SEGGER.I-CUBE-embOS.1.3.1
2026-05-13 17:32:48,073 [WARN] PackLoader:240 - Cannot read IP mode file for STMicroelectronics.X-CUBE-ALGOBUILD.1.4.0
2026-05-13 17:32:48,081 [WARN] PackLoader:240 - Cannot read IP mode file for STMicroelectronics.X-CUBE-PM33A1.1.0.0
2026-05-13 17:32:48,111 [WARN] PackLoader:240 - Cannot read IP mode file for STMicroelectronics.X-CUBE-AZRTOS-F4.1.1.0
2026-05-13 17:32:48,124 [WARN] PackLoader:240 - Cannot read IP mode file for STMicroelectronics.X-CUBE-ISPU.2.1.0
2026-05-13 17:32:48,137 [ERROR] Engine:466 - C:\Users\hp\.stm32cubemx\thirdparties\pdsc\STMicroelectronics.X-CUBE-IPS.3.2.0.pdsc: PDSC version is not supported
2026-05-13 17:32:48,145 [WARN] PackLoader:240 - Cannot read IP mode file for STMicroelectronics.eDS-WB_DPC_TT-BIDIR.2.1.1
2026-05-13 17:32:48,158 [WARN] PackLoader:240 - Cannot read IP mode file for STMicroelectronics.X-CUBE-NFC12.1.0.0
2026-05-13 17:32:48,188 [WARN] PackLoader:240 - Cannot read IP mode file for STMicroelectronics.X-CUBE-AZRTOS-L5.2.0.0
2026-05-13 17:32:48,202 [WARN] PackLoader:240 - Cannot read IP mode file for STMicroelectronics.eDS-WB_DPC_VIENNA.1.2.0
2026-05-13 17:32:48,211 [WARN] PackLoader:240 - Cannot read IP mode file for STMicroelectronics.eDS-WB_DPC_3PH2L-BIDIR.1.1.1
2026-05-13 17:32:48,218 [ERROR] Engine:466 - C:\Users\hp\.stm32cubemx\thirdparties\pdsc\STMicroelectronics.X-CUBE-ST67W61.1.3.0.pdsc: PDSC version is not supported
2026-05-13 17:32:48,229 [WARN] PackLoader:240 - Cannot read IP mode file for STMicroelectronics.X-CUBE-TOUCHGFX.4.26.1
2026-05-13 17:32:48,240 [WARN] PackLoader:240 - Cannot read IP mode file for STMicroelectronics.FP-SNS-STAIOTCFT.1.0.0
2026-05-13 17:32:48,253 [WARN] PackLoader:240 - Cannot read IP mode file for STMicroelectronics.X-CUBE-DPower.1.3.0
2026-05-13 17:32:48,284 [WARN] ConditionMgr:438 - getConditionDescription Invalid condition id : LAN8742 Phy interface Condition cause : null
2026-05-13 17:32:48,286 [WARN] PackLoader:240 - Cannot read IP mode file for STMicroelectronics.X-CUBE-AZRTOS-L4.2.0.0
2026-05-13 17:32:48,288 [WARN] ConditionMgr:1044 - genDependencies : Invalid condition id : LAN8742 Phy interface Condition cause : null
2026-05-13 17:32:48,289 [WARN] ConditionMgr:1044 - genDependencies : Invalid condition id : LAN8742 Phy interface Condition cause : null
2026-05-13 17:32:48,290 [WARN] ConditionMgr:1044 - genDependencies : Invalid condition id : LAN8742 Phy interface Condition cause : null
2026-05-13 17:32:48,306 [WARN] PackLoader:240 - Cannot read IP mode file for STMicroelectronics.X-CUBE-SFXS2LP1.4.0.0
2026-05-13 17:32:48,321 [WARN] PackLoader:240 - Cannot read IP mode file for STMicroelectronics.X-CUBE-WB05N.2.1.0
2026-05-13 17:32:48,328 [ERROR] Engine:466 - C:\Users\hp\.stm32cubemx\thirdparties\pdsc\STMicroelectronics.X-CUBE-ST67W61.1.2.0.pdsc: PDSC version is not supported
2026-05-13 17:32:48,354 [WARN] PackLoader:240 - Cannot read IP mode file for STMicroelectronics.X-CUBE-BLEMGR.4.1.0
2026-05-13 17:32:48,381 [WARN] ConditionMgr:438 - getConditionDescription Invalid condition id : UX DEVICE CLASS RTOS Condition cause : null
2026-05-13 17:32:48,381 [WARN] ConditionMgr:438 - getConditionDescription Invalid condition id : UX DEVICE CLASS RTOS Condition cause : null
2026-05-13 17:32:48,385 [WARN] PackLoader:240 - Cannot read IP mode file for STMicroelectronics.X-CUBE-AZRTOS-WB.2.0.0
2026-05-13 17:32:48,386 [WARN] ConditionMgr:1044 - genDependencies : Invalid condition id : UX DEVICE CLASS RTOS Condition cause : null
2026-05-13 17:32:48,387 [WARN] ConditionMgr:1044 - genDependencies : Invalid condition id : UX DEVICE CLASS RTOS Condition cause : null
2026-05-13 17:32:48,388 [WARN] ConditionMgr:1044 - genDependencies : Invalid condition id : UX DEVICE CLASS RTOS Condition cause : null
2026-05-13 17:32:48,389 [WARN] ConditionMgr:1044 - genDependencies : Invalid condition id : UX DEVICE CLASS RTOS Condition cause : null
2026-05-13 17:32:48,389 [WARN] ConditionMgr:1044 - genDependencies : Invalid condition id : UX DEVICE CLASS RTOS Condition cause : null
2026-05-13 17:32:48,400 [WARN] ConditionMgr:438 - getConditionDescription Invalid condition id : Cortex-A Device cause : null
2026-05-13 17:32:48,415 [WARN] ConditionMgr:1044 - genDependencies : Invalid condition id : Cortex-A Device cause : null
2026-05-13 17:32:48,415 [WARN] ConditionMgr:1044 - genDependencies : Invalid condition id : Cortex-A Device cause : null
2026-05-13 17:32:48,415 [WARN] ConditionMgr:1044 - genDependencies : Invalid condition id : Cortex-A Device cause : null
2026-05-13 17:32:48,428 [WARN] PackLoader:240 - Cannot read IP mode file for STMicroelectronics.X-CUBE-STSE01.2.0.0
2026-05-13 17:32:48,451 [WARN] PackLoader:240 - Cannot read IP mode file for STMicroelectronics.X-CUBE-SUBG2.5.0.0
2026-05-13 17:32:48,477 [WARN] PackLoader:240 - Cannot read IP mode file for STMicroelectronics.X-CUBE-AZRTOS-G4.2.0.0
2026-05-13 17:32:48,489 [WARN] PackLoader:240 - Cannot read IP mode file for wolfSSL.I-CUBE-wolfSSH.1.4.20
2026-05-13 17:32:48,499 [WARN] PackLoader:240 - Cannot read IP mode file for STMicroelectronics.X-CUBE-NFC7.2.0.0
2026-05-13 17:32:48,510 [WARN] PackLoader:240 - Cannot read IP mode file for STMicroelectronics.X-CUBE-ALS.1.0.2
2026-05-13 17:32:48,527 [WARN] PackLoader:240 - Cannot read IP mode file for STMicroelectronics.X-CUBE-TOF1.3.4.3
2026-05-13 17:32:48,540 [INFO] ThirdParty:978 - Integrity check success = true
2026-05-13 17:32:48,540 [INFO] IntegrityCheckThread:100 - exiting critical section [integrity check]
2026-05-13 17:32:48,541 [INFO] IntegrityCheckThread:103 - End integrity checks thread
2026-05-13 17:45:09,763 [ERROR] ConfigurationRetriever:142 - IOException on connection: sw-center.st.com
2026-05-13 17:45:09,765 [ERROR] ConfigurationRetriever:142 - IOException on connection: sw-center.st.com
2026-05-13 17:45:09,767 [ERROR] ConfigurationRetriever:142 - IOException on connection: sw-center.st.com
